Time,Open,High,Low,Close,TickVolume,Spread,RealVolume
2026.02.28 23:45:00,92017.96,92017.96,91999.98,91999.98,900,45,0
2026.02.28 23:30:00,92008.09,92031.62,92003.77,92017.98,900,45,0
2026.02.28 23:15:00,92007.52,92020.71,92002.16,92008.11,900,45,0
2026.02.28 23:00:00,92025.52,92025.52,92007.54,92007.54,900,45,0
2026.02.28 22:45:00,92043.46,92043.46,92025.54,92025.54,874,45,0
2026.02.28 22:30:00,92044.08,92054.68,92037.32,92043.48,900,45,0
2026.02.28 22:15:00,92062.08,92062.08,92044.10,92044.10,900,45,0
2026.02.28 22:00:00,92080.08,92080.08,92062.10,92062.10,900,45,0
2026.02.28 21:45:00,92085.81,92085.81,92069.73,92080.10,900,45,0
2026.02.28 21:30:00,92059.98,92087.03,92052.24,92085.83,901,45,0
2026.02.28 21:15:00,92035.82,92065.78,92028.08,92060.00,900,45,0
2026.02.28 21:00:00,92053.82,92053.82,92035.84,92035.84,900,45,0
2026.02.28 20:45:00,92071.82,92071.82,92053.84,92053.84,900,45,0
2026.02.28 20:30:00,92056.75,92085.88,92052.83,92071.84,900,45,0
2026.02.28 20:15:00,92074.75,92074.75,92056.77,92056.77,900,45,0
2026.02.28 20:00:00,92092.75,92092.75,92074.77,92074.77,900,45,0
2026.02.28 19:45:00,92110.75,92110.75,92092.77,92092.77,900,45,0
2026.02.28 19:30:00,92108.02,92114.15,92093.44,92110.77,900,45,0
2026.02.28 19:15:00,92099.72,92110.86,92086.72,92108.04,775,45,0
2026.02.28 19:00:00,92071.34,92103.44,92065.26,92099.74,900,45,0
2026.02.28 18:45:00,92068.26,92080.86,92059.80,92071.36,900,45,0
2026.02.28 18:30:00,92023.66,92083.04,92022.52,92068.28,900,45,0
2026.02.28 18:15:00,92041.66,92041.66,92023.68,92023.68,900,45,0
2026.02.28 18:00:00,92041.67,92046.18,92028.21,92041.68,900,45,0
2026.02.28 17:45:00,92059.67,92059.67,92041.69,92041.69,900,45,0
2026.02.28 17:30:00,92077.67,92077.67,92059.69,92059.69,900,45,0
2026.02.28 17:15:00,92095.67,92095.67,92077.69,92077.69,900,45,0
2026.02.28 17:00:00,92041.80,92097.15,92026.08,92095.69,901,45,0
2026.02.28 16:45:00,92035.30,92054.30,92029.82,92041.82,900,45,0
2026.02.28 16:30:00,92025.24,92040.92,92012.88,92035.32,900,45,0
2026.02.28 16:15:00,92043.24,92043.24,92025.26,92025.26,900,45,0
2026.02.28 16:00:00,92061.24,92061.24,92043.26,92043.26,900,45,0
2026.02.28 15:45:00,92079.24,92079.24,92061.26,92061.26,900,45,0
2026.02.28 15:30:00,92097.24,92097.24,92079.26,92079.26,900,45,0
2026.02.28 15:15:00,92115.24,92115.24,92097.26,92097.26,900,45,0
2026.02.28 15:00:00,92133.24,92133.24,92115.26,92115.26,900,45,0
2026.02.28 14:45:00,92151.24,92151.24,92133.26,92133.26,900,45,0
2026.02.28 14:30:00,92169.24,92169.24,92151.26,92151.26,900,45,0
2026.02.28 14:15:00,92187.24,92187.24,92169.26,92169.26,900,45,0
2026.02.28 14:00:00,92161.00,92194.68,92153.08,92187.26,900,45,0
2026.02.28 13:45:00,92179.00,92179.00,92161.02,92161.02,900,45,0
2026.02.28 13:30:00,92197.00,92197.00,92179.02,92179.02,900,45,0
2026.02.28 13:15:00,92215.00,92215.00,92197.02,92197.02,900,45,0
2026.02.28 13:00:00,92162.67,92216.94,92159.51,92215.02,900,45,0
2026.02.28 12:45:00,92126.59,92171.49,92117.47,92162.69,900,45,0
2026.02.28 12:30:00,92144.59,92144.59,92126.61,92126.61,900,45,0
2026.02.28 12:15:00,92162.59,92162.59,92144.61,92144.61,900,45,0
2026.02.28 12:00:00,92165.45,92175.47,92160.35,92162.61,900,45,0
2026.02.28 11:45:00,92163.31,92167.61,92147.49,92165.47,900,45,0
2026.02.28 11:30:00,92181.31,92181.31,92163.33,92163.33,900,45,0
2026.02.28 11:15:00,92182.35,92190.81,92173.87,92181.33,900,45,0
2026.02.28 11:00:00,92200.35,92200.35,92182.37,92182.37,900,45,0
2026.02.28 10:45:00,92218.35,92218.35,92200.37,92200.37,900,45,0
2026.02.28 10:30:00,92206.22,92228.89,92198.78,92218.37,900,45,0
2026.02.28 10:15:00,92224.22,92224.22,92206.24,92206.24,900,45,0
2026.02.28 10:00:00,92242.22,92242.22,92224.24,92224.24,900,45,0
2026.02.28 09:45:00,92214.11,92246.42,92206.93,92242.24,900,45,0
2026.02.28 09:30:00,92219.30,92224.57,92211.78,92214.13,900,45,0
2026.02.28 09:15:00,92220.02,92236.30,92219.04,92219.32,900,45,0
2026.02.28 09:00:00,92189.35,92235.98,92187.33,92220.04,900,45,0
2026.02.28 08:45:00,92207.35,92207.35,92189.37,92189.37,900,45,0
2026.02.28 08:30:00,92207.80,92211.63,92194.10,92207.37,900,45,0
2026.02.28 08:15:00,92225.80,92225.80,92207.82,92207.82,900,45,0
2026.02.28 08:00:00,92243.80,92243.80,92225.82,92225.82,900,45,0
2026.02.28 07:45:00,92261.82,92261.82,92243.82,92243.82,901,45,0
2026.02.28 07:30:00,92258.26,92261.90,92240.36,92261.84,900,45,0
2026.02.28 07:15:00,92276.26,92276.26,92258.28,92258.28,900,45,0
2026.02.28 07:00:00,92269.02,92281.56,92256.34,92276.28,900,45,0
2026.02.28 06:45:00,92251.88,92274.54,92246.16,92269.04,900,45,0
2026.02.28 06:30:00,92255.86,92259.70,92245.70,92251.90,900,45,0
2026.02.28 06:15:00,92245.83,92259.95,92244.97,92255.88,900,45,0
2026.02.28 06:00:00,92263.83,92263.83,92245.85,92245.85,900,45,0
2026.02.28 05:45:00,92281.83,92281.83,92263.85,92263.85,900,45,0
2026.02.28 05:30:00,92299.83,92299.83,92281.85,92281.85,900,45,0
2026.02.28 05:15:00,92317.83,92317.83,92299.85,92299.85,900,45,0
2026.02.28 05:00:00,92302.89,92330.23,92297.31,92317.85,900,45,0
2026.02.28 04:45:00,92262.71,92305.85,92254.35,92302.91,900,45,0
2026.02.28 04:30:00,92266.46,92266.46,92249.18,92262.73,900,45,0
2026.02.28 04:15:00,92263.96,92273.32,92252.84,92266.48,900,45,0
2026.02.28 04:00:00,92281.96,92281.96,92263.98,92263.98,900,45,0
2026.02.28 03:45:00,92299.96,92299.96,92281.98,92281.98,900,45,0
2026.02.28 03:30:00,92317.96,92317.96,92299.98,92299.98,900,45,0
2026.02.28 03:15:00,92335.96,92335.96,92317.98,92317.98,900,45,0
2026.02.28 03:00:00,92327.35,92350.08,92323.49,92335.98,900,45,0
2026.02.28 02:45:00,92345.35,92345.35,92327.37,92327.37,900,45,0
2026.02.28 02:30:00,92363.35,92363.35,92345.37,92345.37,900,45,0
2026.02.28 02:15:00,92353.97,92366.09,92338.73,92363.37,900,45,0
2026.02.28 02:00:00,92371.97,92371.97,92353.99,92353.99,900,45,0
2026.02.28 01:45:00,92377.25,92377.25,92363.61,92371.99,900,45,0
2026.02.28 01:30:00,92364.99,92384.07,92353.83,92377.27,900,45,0
2026.02.28 01:15:00,92382.99,92382.99,92365.01,92365.01,900,45,0
2026.02.28 01:00:00,92315.83,92387.25,92311.25,92383.01,900,45,0
2026.02.28 00:45:00,92333.83,92333.83,92315.85,92315.85,900,45,0
2026.02.28 00:30:00,92351.83,92351.83,92333.85,92333.85,900,45,0
2026.02.28 00:15:00,92343.98,92356.01,92330.18,92351.85,900,45,0
2026.02.28 00:00:00,92361.98,92361.98,92344.00,92344.00,900,45,0
2026.02.27 23:45:00,92379.98,92379.98,92362.00,92362.00,900,45,0
2026.02.27 23:30:00,92339.68,92366.80,92323.72,92364.80,900,45,0
2026.02.27 23:15:00,92357.68,92357.68,92339.70,92339.70,900,45,0
2026.02.27 23:00:00,92375.68,92375.68,92357.70,92357.70,900,45,0
2026.02.27 22:45:00,92393.70,92393.70,92375.70,92375.70,901,45,0
2026.02.27 22:30:00,92377.79,92410.58,92376.69,92393.72,900,45,0
2026.02.27 22:15:00,92362.86,92392.09,92359.18,92377.81,900,45,0
2026.02.27 22:00:00,92367.04,92370.80,92357.00,92362.88,900,45,0
2026.02.27 21:45:00,92385.04,92385.04,92367.06,92367.06,900,45,0
2026.02.27 21:30:00,92371.34,92385.72,92368.31,92385.06,900,45,0
2026.02.27 21:15:00,92389.34,92389.34,92371.36,92371.36,900,45,0
2026.02.27 21:00:00,92407.34,92407.34,92389.36,92389.36,900,45,0
2026.02.27 20:45:00,92370.31,92421.76,92370.07,92407.36,900,45,0
2026.02.27 20:30:00,92360.26,92386.25,92358.22,92370.33,900,45,0
2026.02.27 20:15:00,92378.26,92378.26,92360.28,92360.28,900,45,0
2026.02.27 20:00:00,92375.08,92386.76,92365.60,92378.28,900,45,0
2026.02.27 19:45:00,92393.08,92393.08,92375.10,92375.10,900,45,0
2026.02.27 19:30:00,92411.08,92411.08,92393.10,92393.10,900,45,0
2026.02.27 19:15:00,92378.27,92423.64,92373.41,92411.10,900,45,0
2026.02.27 19:00:00,92396.27,92396.27,92378.29,92378.29,900,45,0
2026.02.27 18:45:00,92390.09,92409.65,92385.49,92396.29,900,45,0
2026.02.27 18:30:00,92408.09,92408.09,92390.11,92390.11,900,45,0
2026.02.27 18:15:00,92401.83,92411.95,92387.71,92408.11,900,45,0
2026.02.27 18:00:00,92388.12,92406.19,92374.50,92401.85,900,45,0
2026.02.27 17:45:00,92406.12,92406.12,92388.14,92388.14,900,45,0
2026.02.27 17:30:00,92390.70,92410.08,92376.68,92406.14,900,45,0
2026.02.27 17:15:00,92408.70,92408.70,92390.72,92390.72,900,45,0
2026.02.27 17:00:00,92426.70,92426.70,92408.72,92408.72,900,45,0
2026.02.27 16:45:00,92418.98,92429.14,92403.44,92426.72,900,45,0
2026.02.27 16:30:00,92436.98,92436.98,92419.00,92419.00,900,45,0
2026.02.27 16:15:00,92402.23,92440.10,92390.91,92437.00,900,45,0
2026.02.27 16:00:00,92400.08,92414.49,92394.36,92402.25,900,45,0
2026.02.27 15:45:00,92403.78,92404.44,92390.16,92400.10,900,45,0
2026.02.27 15:30:00,92421.78,92421.78,92403.80,92403.80,900,45,0
2026.02.27 15:15:00,92439.78,92439.78,92421.80,92421.80,900,45,0
2026.02.27 15:00:00,92457.78,92457.78,92439.80,92439.80,900,45,0
2026.02.27 14:45:00,92452.57,92463.68,92440.49,92457.80,900,45,0
2026.02.27 14:30:00,92470.57,92470.57,92452.59,92452.59,900,45,0
2026.02.27 14:15:00,92488.57,92488.57,92470.59,92470.59,900,45,0
2026.02.27 14:00:00,92506.57,92506.57,92488.59,92488.59,900,45,0
2026.02.27 13:45:00,92524.57,92524.57,92506.59,92506.59,900,45,0
2026.02.27 13:30:00,92542.57,92542.57,92524.59,92524.59,900,45,0
2026.02.27 13:15:00,92560.57,92560.57,92542.59,92542.59,900,45,0
2026.02.27 13:00:00,92547.66,92567.39,92536.50,92560.59,900,45,0
2026.02.27 12:45:00,92539.16,92563.32,92536.84,92547.68,900,45,0
2026.02.27 12:30:00,92531.92,92544.20,92518.98,92539.18,900,45,0
2026.02.27 12:15:00,92522.20,92537.64,92509.94,92531.94,900,45,0
2026.02.27 12:00:00,92540.20,92540.20,92522.22,92522.22,900,45,0
2026.02.27 11:45:00,92558.20,92558.20,92540.22,92540.22,900,45,0
2026.02.27 11:30:00,92576.20,92576.20,92558.22,92558.22,900,45,0
2026.02.27 11:15:00,92594.20,92594.20,92576.22,92576.22,900,45,0
2026.02.27 11:00:00,92565.50,92605.30,92558.62,92594.22,900,45,0
2026.02.27 10:45:00,92556.96,92575.48,92548.96,92565.52,900,45,0
2026.02.27 10:30:00,92559.19,92567.12,92551.37,92556.98,900,45,0
2026.02.27 10:15:00,92577.19,92577.19,92559.21,92559.21,900,45,0
2026.02.27 10:00:00,92595.19,92595.19,92577.21,92577.21,900,45,0
2026.02.27 09:45:00,92613.19,92613.19,92595.21,92595.21,900,45,0
2026.02.27 09:30:00,92631.19,92631.19,92613.21,92613.21,900,45,0
2026.02.27 09:15:00,92649.19,92649.19,92631.21,92631.21,900,45,0
2026.02.27 09:00:00,92608.70,92653.69,92607.62,92649.21,900,45,0
2026.02.27 08:45:00,92626.70,92626.70,92608.72,92608.72,900,45,0
2026.02.27 08:30:00,92614.21,92644.36,92613.89,92626.72,900,45,0
2026.02.27 08:15:00,92619.02,92625.09,92611.92,92614.23,900,45,0
2026.02.27 08:00:00,92637.02,92637.02,92619.04,92619.04,900,45,0
2026.02.27 07:45:00,92655.02,92655.02,92637.04,92637.04,900,45,0
2026.02.27 07:30:00,92673.04,92673.04,92655.04,92655.04,901,45,0
2026.02.27 07:15:00,92691.02,92691.02,92673.06,92673.06,899,45,0
2026.02.27 07:00:00,92685.88,92702.84,92679.72,92691.04,900,45,0
2026.02.27 06:45:00,92668.82,92689.12,92654.08,92685.90,900,45,0
2026.02.27 06:30:00,92686.82,92686.82,92668.84,92668.84,900,45,0
2026.02.27 06:15:00,92674.84,92688.14,92658.18,92686.84,900,45,0
2026.02.27 06:00:00,92692.84,92692.84,92674.86,92674.86,900,45,0
2026.02.27 05:45:00,92710.84,92710.84,92692.86,92692.86,900,45,0
2026.02.27 05:30:00,92728.84,92728.84,92710.86,92710.86,900,45,0
2026.02.27 05:15:00,92746.84,92746.84,92728.86,92728.86,900,45,0
2026.02.27 05:00:00,92737.92,92747.90,92721.00,92746.86,900,45,0
2026.02.27 04:45:00,92707.26,92739.74,92700.60,92737.94,900,45,0
2026.02.27 04:30:00,92693.04,92718.72,92686.52,92707.28,900,45,0
2026.02.27 04:15:00,92673.57,92699.26,92661.81,92693.06,900,45,0
2026.02.27 04:00:00,92691.57,92691.57,92673.59,92673.59,900,45,0
2026.02.27 03:45:00,92709.57,92709.57,92691.59,92691.59,900,45,0
2026.02.27 03:30:00,92727.57,92727.57,92709.59,92709.59,900,45,0
2026.02.27 03:15:00,92745.57,92745.57,92727.59,92727.59,900,45,0
2026.02.27 03:00:00,92738.10,92760.43,92734.98,92745.59,900,45,0
2026.02.27 02:45:00,92734.56,92752.26,92730.74,92738.12,900,45,0
2026.02.27 02:30:00,92752.56,92752.56,92734.58,92734.58,900,45,0
2026.02.27 02:15:00,92744.72,92754.78,92728.96,92752.58,900,45,0
2026.02.27 02:00:00,92734.37,92751.26,92722.93,92744.74,900,45,0
2026.02.27 01:45:00,92722.44,92747.33,92718.16,92734.39,900,45,0
2026.02.27 01:30:00,92649.29,92722.98,92648.13,92722.46,900,45,0
2026.02.27 01:15:00,92587.97,92652.51,92586.05,92649.31,900,45,0
2026.02.27 01:00:00,92566.18,92598.71,92563.22,92587.99,900,45,0
2026.02.27 00:45:00,92568.73,92580.96,92565.53,92566.20,900,45,0
2026.02.27 00:30:00,92560.57,92584.57,92558.43,92568.75,900,45,0
2026.02.27 00:15:00,92550.83,92563.11,92535.39,92560.59,900,45,0
2026.02.27 00:00:00,92568.83,92568.83,92550.85,92550.85,900,45,0
2026.02.26 23:45:00,92566.75,92582.95,92562.89,92568.85,900,45,0
2026.02.26 23:30:00,92541.46,92567.63,92541.00,92566.77,900,45,0
2026.02.26 23:15:00,92537.21,92549.32,92527.09,92541.48,900,45,0
2026.02.26 23:00:00,92513.37,92546.73,92509.71,92537.23,900,45,0
2026.02.26 22:45:00,92531.37,92531.37,92513.39,92513.39,900,45,0
2026.02.26 22:30:00,92549.37,92549.37,92531.39,92531.39,900,45,0
2026.02.26 22:15:00,92551.26,92559.41,92543.32,92549.39,900,45,0
2026.02.26 22:00:00,92542.14,92566.06,92538.96,92551.28,900,45,0
2026.02.26 21:45:00,92501.05,92551.10,92493.03,92542.16,900,45,0
2026.02.26 21:30:00,92468.73,92510.75,92460.45,92501.07,900,45,0
2026.02.26 21:15:00,92486.73,92486.73,92468.75,92468.75,900,45,0
2026.02.26 21:00:00,92504.73,92504.73,92486.75,92486.75,900,45,0
2026.02.26 20:45:00,92474.57,92512.89,92474.47,92504.75,900,45,0
2026.02.26 20:30:00,92492.57,92492.57,92474.59,92474.59,900,45,0
2026.02.26 20:15:00,92495.36,92495.36,92479.52,92492.59,900,45,0
2026.02.26 20:00:00,92513.36,92513.36,92495.38,92495.38,900,45,0
2026.02.26 19:45:00,92494.30,92521.48,92488.74,92513.38,900,45,0
2026.02.26 19:30:00,92512.30,92512.30,92494.32,92494.32,900,45,0
2026.02.26 19:15:00,92530.30,92530.30,92512.32,92512.32,900,45,0
2026.02.26 19:00:00,92496.54,92542.90,92493.84,92530.32,900,45,0
2026.02.26 18:45:00,92498.42,92513.72,92496.56,92496.56,900,45,0
2026.02.26 18:30:00,92516.42,92516.42,92498.44,92498.44,900,45,0
2026.02.26 18:15:00,92534.42,92534.42,92516.44,92516.44,900,45,0
2026.02.26 18:00:00,92536.65,92551.84,92534.44,92534.44,900,45,0
2026.02.26 17:45:00,92535.48,92542.99,92523.84,92536.67,900,45,0
2026.02.26 17:30:00,92541.15,92546.26,92533.95,92535.50,900,45,0
2026.02.26 17:15:00,92523.06,92552.19,92516.12,92541.17,900,45,0
2026.02.26 17:00:00,92541.06,92541.06,92523.08,92523.08,900,45,0
2026.02.26 16:45:00,92559.06,92559.06,92541.08,92541.08,900,45,0
2026.02.26 16:30:00,92554.50,92574.96,92552.42,92559.08,900,45,0
2026.02.26 16:15:00,92572.50,92572.50,92554.52,92554.52,900,45,0
2026.02.26 16:00:00,92590.50,92590.50,92572.52,92572.52,900,45,0
2026.02.26 15:45:00,92596.03,92596.03,92581.35,92590.52,900,45,0
2026.02.26 15:30:00,92614.03,92614.03,92596.05,92596.05,900,45,0
2026.02.26 15:15:00,92597.76,92625.25,92591.00,92614.05,900,45,0
2026.02.26 15:00:00,92582.32,92598.12,92564.70,92597.78,900,45,0
2026.02.26 14:45:00,92578.88,92597.30,92575.88,92582.34,900,45,0
2026.02.26 14:30:00,92543.18,92580.94,92538.86,92578.90,900,45,0
2026.02.26 14:15:00,92561.18,92561.18,92543.20,92543.20,900,45,0
2026.02.26 14:00:00,92484.22,92567.74,92480.66,92561.20,900,45,0
2026.02.26 13:45:00,92488.22,92491.84,92477.86,92484.24,900,45,0
2026.02.26 13:30:00,92506.22,92506.22,92488.24,92488.24,900,45,0
2026.02.26 13:15:00,92511.54,92511.74,92499.08,92506.24,900,45,0
2026.02.26 13:00:00,92529.54,92529.54,92511.56,92511.56,900,45,0
2026.02.26 12:45:00,92502.58,92538.42,92497.20,92529.56,900,45,0
2026.02.26 12:30:00,92520.58,92520.58,92502.60,92502.60,900,45,0
2026.02.26 12:15:00,92538.58,92538.58,92520.60,92520.60,900,45,0
2026.02.26 12:00:00,92516.92,92548.78,92510.64,92538.60,900,45,0
2026.02.26 11:45:00,92503.47,92526.86,92495.43,92516.94,900,45,0
2026.02.26 11:30:00,92521.47,92521.47,92503.49,92503.49,900,45,0
2026.02.26 11:15:00,92512.17,92537.61,92510.33,92521.49,900,45,0
2026.02.26 11:00:00,92516.71,92530.01,92512.19,92512.19,900,45,0
2026.02.26 10:45:00,92534.71,92534.71,92516.73,92516.73,900,45,0
2026.02.26 10:30:00,92552.71,92552.71,92534.73,92534.73,900,45,0
2026.02.26 10:15:00,92570.71,92570.71,92552.73,92552.73,900,45,0
2026.02.26 10:00:00,92471.61,92572.87,92457.79,92570.73,900,45,0
2026.02.26 09:45:00,92473.46,92486.51,92470.38,92471.63,900,45,0
2026.02.26 09:30:00,92462.43,92482.14,92453.25,92473.48,894,45,0
2026.02.26 09:15:00,92480.43,92480.43,92462.45,92462.45,900,45,0
2026.02.26 09:00:00,92498.43,92498.43,92480.45,92480.45,900,45,0
2026.02.26 08:45:00,92468.61,92508.49,92460.69,92498.45,900,45,0
2026.02.26 08:30:00,92486.63,92486.63,92468.63,92468.63,901,45,0
2026.02.26 08:15:00,92504.63,92504.63,92486.65,92486.65,900,45,0
2026.02.26 08:00:00,92500.17,92521.19,92498.75,92504.65,900,45,0
2026.02.26 07:45:00,92484.00,92507.15,92473.00,92500.19,900,45,0
2026.02.26 07:30:00,92502.00,92502.00,92484.02,92484.02,900,45,0
2026.02.26 07:15:00,92520.00,92520.00,92502.02,92502.02,900,45,0
2026.02.26 07:00:00,92516.01,92529.12,92507.15,92520.02,900,45,0
2026.02.26 06:45:00,92534.01,92534.01,92516.03,92516.03,900,45,0
2026.02.26 06:30:00,92528.91,92544.69,92521.61,92534.03,900,45,0
2026.02.26 06:15:00,92530.37,92530.37,92512.53,92528.93,900,45,0
2026.02.26 06:00:00,92482.93,92532.47,92475.35,92530.39,900,45,0
2026.02.26 05:45:00,92500.93,92500.93,92482.95,92482.95,900,45,0
2026.02.26 05:30:00,92518.93,92518.93,92500.95,92500.95,900,45,0
2026.02.26 05:15:00,92536.93,92536.93,92518.95,92518.95,900,45,0
2026.02.26 05:00:00,92529.72,92545.13,92519.94,92536.95,900,45,0
2026.02.26 04:45:00,92547.72,92547.72,92529.74,92529.74,900,45,0
2026.02.26 04:30:00,92552.29,92553.98,92540.57,92547.74,900,45,0
2026.02.26 04:15:00,92570.29,92570.29,92552.31,92552.31,900,45,0
2026.02.26 04:00:00,92588.29,92588.29,92570.31,92570.31,900,45,0
2026.02.26 03:45:00,92606.29,92606.29,92588.31,92588.31,900,45,0
2026.02.26 03:30:00,92600.43,92607.49,92583.65,92606.31,900,45,0
2026.02.26 03:15:00,92502.87,92600.55,92498.39,92600.45,900,45,0
2026.02.26 03:00:00,92520.87,92520.87,92502.89,92502.89,900,45,0
2026.02.26 02:45:00,92504.35,92533.35,92498.85,92520.89,900,45,0
2026.02.26 02:30:00,92522.35,92522.35,92504.37,92504.37,900,45,0
2026.02.26 02:15:00,92540.35,92540.35,92522.37,92522.37,900,45,0
2026.02.26 02:00:00,92501.41,92543.51,92499.69,92540.37,900,45,0
2026.02.26 01:45:00,92501.04,92502.97,92484.62,92501.43,900,45,0
2026.02.26 01:30:00,92519.04,92519.04,92501.06,92501.06,900,45,0
2026.02.26 01:15:00,92537.04,92537.04,92519.06,92519.06,900,45,0
2026.02.26 01:00:00,92555.04,92555.04,92537.06,92537.06,900,45,0
2026.02.26 00:45:00,92560.32,92567.76,92555.06,92555.06,900,45,0
2026.02.26 00:30:00,92503.69,92560.94,92498.55,92560.34,900,45,0
2026.02.26 00:15:00,92521.69,92521.69,92503.71,92503.71,900,45,0
2026.02.26 00:00:00,92539.69,92539.69,92521.71,92521.71,900,45,0
2026.02.25 23:45:00,92480.91,92547.47,92471.01,92539.71,900,45,0
2026.02.25 23:30:00,92498.91,92498.91,92480.93,92480.93,900,45,0
2026.02.25 23:15:00,92516.93,92516.93,92498.93,92498.93,901,45,0
2026.02.25 23:00:00,92519.27,92519.27,92503.23,92516.95,900,45,0
2026.02.25 22:45:00,92476.10,92519.89,92467.52,92519.29,900,45,0
2026.02.25 22:30:00,92450.07,92487.88,92443.87,92476.12,900,45,0
2026.02.25 22:15:00,92468.07,92468.07,92450.09,92450.09,900,45,0
2026.02.25 22:00:00,92429.61,92471.07,92428.73,92468.09,900,45,0
2026.02.25 21:45:00,92447.61,92447.61,92429.63,92429.63,900,45,0
2026.02.25 21:30:00,92418.30,92451.45,92411.22,92447.63,900,45,0
2026.02.25 21:15:00,92436.30,92436.30,92418.32,92418.32,900,45,0
2026.02.25 21:00:00,92425.25,92437.53,92422.11,92436.32,900,45,0
2026.02.25 20:45:00,92443.25,92443.25,92425.27,92425.27,900,45,0
2026.02.25 20:30:00,92441.85,92443.55,92424.17,92443.27,900,45,0
2026.02.25 20:15:00,92422.89,92447.93,92412.25,92441.87,900,45,0
2026.02.25 20:00:00,92394.39,92433.39,92389.99,92422.91,900,45,0
2026.02.25 19:45:00,92358.43,92402.47,92353.51,92394.41,900,45,0
2026.02.25 19:30:00,92353.83,92364.29,92341.71,92358.45,900,45,0
2026.02.25 19:15:00,92371.83,92371.83,92353.85,92353.85,900,45,0
2026.02.25 19:00:00,92389.83,92389.83,92371.85,92371.85,900,45,0
2026.02.25 18:45:00,92407.83,92407.83,92389.85,92389.85,900,45,0
2026.02.25 18:30:00,92425.83,92425.83,92407.85,92407.85,900,45,0
2026.02.25 18:15:00,92443.83,92443.83,92425.85,92425.85,900,45,0
2026.02.25 18:00:00,92461.83,92461.83,92443.85,92443.85,900,45,0
2026.02.25 17:45:00,92479.83,92479.83,92461.85,92461.85,900,45,0
2026.02.25 17:30:00,92497.83,92497.83,92479.85,92479.85,900,45,0
2026.02.25 17:15:00,92515.83,92515.83,92497.85,92497.85,900,45,0
2026.02.25 17:00:00,92533.83,92533.83,92515.85,92515.85,900,45,0
2026.02.25 16:45:00,92506.96,92536.01,92491.16,92533.85,900,45,0
2026.02.25 16:30:00,92504.76,92513.10,92492.92,92506.98,900,45,0
2026.02.25 16:15:00,92522.76,92522.76,92504.78,92504.78,900,45,0
2026.02.25 16:00:00,92527.19,92540.02,92522.78,92522.78,900,45,0
2026.02.25 15:45:00,92531.10,92536.63,92522.56,92527.21,900,45,0
2026.02.25 15:30:00,92517.64,92536.92,92505.48,92531.12,900,45,0
2026.02.25 15:15:00,92523.45,92523.45,92509.63,92517.66,900,45,0
2026.02.25 15:00:00,92497.60,92531.69,92494.74,92523.47,900,45,0
2026.02.25 14:45:00,92467.86,92499.94,92463.84,92497.62,900,45,0
2026.02.25 14:30:00,92485.86,92485.86,92467.88,92467.88,900,45,0
2026.02.25 14:15:00,92503.86,92503.86,92485.88,92485.88,900,45,0
2026.02.25 14:00:00,92503.76,92517.36,92499.26,92503.88,901,45,0
2026.02.25 13:45:00,92521.76,92521.76,92503.78,92503.78,900,45,0
2026.02.25 13:30:00,92523.06,92526.18,92509.50,92521.78,900,45,0
2026.02.25 13:15:00,92541.06,92541.06,92523.08,92523.08,900,45,0
2026.02.25 13:00:00,92559.06,92559.06,92541.08,92541.08,900,45,0
2026.02.25 12:45:00,92577.06,92577.06,92559.08,92559.08,900,45,0
2026.02.25 12:30:00,92595.06,92595.06,92577.08,92577.08,900,45,0
2026.02.25 12:15:00,92613.06,92613.06,92595.08,92595.08,900,45,0
2026.02.25 12:00:00,92606.55,92615.94,92591.45,92613.08,900,45,0
2026.02.25 11:45:00,92624.55,92624.55,92606.57,92606.57,900,45,0
2026.02.25 11:30:00,92604.31,92626.57,92593.35,92624.57,900,45,0
2026.02.25 11:15:00,92573.49,92612.67,92567.63,92604.33,900,45,0
2026.02.25 11:00:00,92591.49,92591.49,92573.51,92573.51,900,45,0
2026.02.25 10:45:00,92609.49,92609.49,92591.51,92591.51,900,45,0
2026.02.25 10:30:00,92627.49,92627.49,92609.51,92609.51,900,45,0
2026.02.25 10:15:00,92645.49,92645.49,92627.51,92627.51,900,45,0
2026.02.25 10:00:00,92631.51,92656.05,92624.09,92645.51,900,45,0
2026.02.25 09:45:00,92649.51,92649.51,92631.53,92631.53,900,45,0
2026.02.25 09:30:00,92667.51,92667.51,92649.53,92649.53,900,45,0
2026.02.25 09:15:00,92685.51,92685.51,92667.53,92667.53,900,45,0
2026.02.25 09:00:00,92684.99,92697.61,92679.11,92685.53,900,45,0
2026.02.25 08:45:00,92702.99,92702.99,92685.01,92685.01,900,45,0
2026.02.25 08:30:00,92720.99,92720.99,92703.01,92703.01,900,45,0
2026.02.25 08:15:00,92738.99,92738.99,92721.01,92721.01,900,45,0
2026.02.25 08:00:00,92756.99,92756.99,92739.01,92739.01,900,45,0
2026.02.25 07:45:00,92774.99,92774.99,92757.01,92757.01,900,45,0
2026.02.25 07:30:00,92760.20,92778.03,92745.82,92775.01,900,45,0
2026.02.25 07:15:00,92735.53,92771.48,92730.15,92760.22,900,45,0
2026.02.25 07:00:00,92706.32,92740.27,92706.16,92735.55,900,45,0
2026.02.25 06:45:00,92679.40,92719.78,92674.88,92706.34,900,45,0
2026.02.25 06:30:00,92630.31,92691.50,92628.17,92679.42,900,45,0
2026.02.25 06:15:00,92608.39,92633.73,92600.75,92630.33,900,45,0
2026.02.25 06:00:00,92626.39,92626.39,92608.41,92608.41,900,45,0
2026.02.25 05:45:00,92644.39,92644.39,92626.41,92626.41,900,45,0
2026.02.25 05:30:00,92635.56,92646.69,92624.22,92644.41,900,45,0
2026.02.25 05:15:00,92653.56,92653.56,92635.58,92635.58,900,45,0
2026.02.25 05:00:00,92651.89,92670.52,92650.85,92653.58,901,45,0
2026.02.25 04:45:00,92669.89,92669.89,92651.91,92651.91,900,45,0
2026.02.25 04:30:00,92687.89,92687.89,92669.91,92669.91,900,45,0
2026.02.25 04:15:00,92705.89,92705.89,92687.91,92687.91,900,45,0
2026.02.25 04:00:00,92685.73,92707.15,92669.01,92705.91,900,45,0
2026.02.25 03:45:00,92703.73,92703.73,92685.75,92685.75,900,45,0
2026.02.25 03:30:00,92672.15,92710.23,92661.35,92703.75,900,45,0
2026.02.25 03:15:00,92690.15,92690.15,92672.17,92672.17,900,45,0
2026.02.25 03:00:00,92708.15,92708.15,92690.17,92690.17,900,45,0
2026.02.25 02:45:00,92710.99,92725.93,92708.17,92708.17,900,45,0
2026.02.25 02:30:00,92658.91,92712.43,92648.29,92711.01,900,45,0
2026.02.25 02:15:00,92676.91,92676.91,92658.93,92658.93,900,45,0
2026.02.25 02:00:00,92694.91,92694.91,92676.93,92676.93,900,45,0
2026.02.25 01:45:00,92668.02,92700.55,92666.08,92694.93,900,45,0
2026.02.25 01:30:00,92686.02,92686.02,92668.04,92668.04,900,45,0
2026.02.25 01:15:00,92704.02,92704.02,92686.04,92686.04,900,45,0
2026.02.25 01:00:00,92722.02,92722.02,92704.04,92704.04,900,45,0
2026.02.25 00:45:00,92726.01,92728.62,92714.63,92722.04,900,45,0
2026.02.25 00:30:00,92721.10,92742.21,92719.32,92726.03,900,45,0
2026.02.25 00:15:00,92718.32,92726.12,92705.36,92721.12,900,45,0
2026.02.25 00:00:00,92736.32,92736.32,92718.34,92718.34,900,45,0
2026.02.24 23:45:00,92731.19,92752.06,92728.95,92736.34,900,45,0
2026.02.24 23:30:00,92728.44,92736.01,92715.28,92731.21,900,45,0
2026.02.24 23:15:00,92746.44,92746.44,92728.46,92728.46,900,45,0
2026.02.24 23:00:00,92764.44,92764.44,92746.46,92746.46,900,45,0
2026.02.24 22:45:00,92766.75,92768.96,92753.29,92764.46,900,45,0
2026.02.24 22:30:00,92784.75,92784.75,92766.77,92766.77,900,45,0
2026.02.24 22:15:00,92783.12,92799.33,92779.72,92784.77,900,45,0
2026.02.24 22:00:00,92737.09,92783.18,92732.23,92783.14,900,45,0
2026.02.24 21:45:00,92755.09,92755.09,92737.11,92737.11,900,45,0
2026.02.24 21:30:00,92773.09,92773.09,92755.11,92755.11,900,45,0
2026.02.24 21:15:00,92765.06,92780.43,92754.42,92773.11,900,45,0
2026.02.24 21:00:00,92748.63,92782.66,92748.25,92765.08,900,45,0
2026.02.24 20:45:00,92766.63,92766.63,92748.65,92748.65,900,45,0
2026.02.24 20:30:00,92784.63,92784.63,92766.65,92766.65,900,45,0
2026.02.24 20:15:00,92757.88,92796.17,92754.60,92784.65,900,45,0
2026.02.24 20:00:00,92736.63,92774.60,92735.35,92757.90,901,45,0
2026.02.24 19:45:00,92754.63,92754.63,92736.65,92736.65,900,45,0
2026.02.24 19:30:00,92748.87,92758.81,92735.07,92754.65,900,45,0
2026.02.24 19:15:00,92766.87,92766.87,92748.89,92748.89,900,45,0
2026.02.24 19:00:00,92784.87,92784.87,92766.89,92766.89,900,45,0
2026.02.24 18:45:00,92754.73,92795.53,92747.41,92784.89,900,45,0
2026.02.24 18:30:00,92725.02,92769.57,92721.88,92754.75,900,45,0
2026.02.24 18:15:00,92743.02,92743.02,92725.04,92725.04,900,45,0
2026.02.24 18:00:00,92761.02,92761.02,92743.04,92743.04,900,45,0
2026.02.24 17:45:00,92670.34,92763.98,92668.02,92761.04,900,45,0
2026.02.24 17:30:00,92688.34,92688.34,92670.36,92670.36,900,45,0
2026.02.24 17:15:00,92706.34,92706.34,92688.36,92688.36,900,45,0
2026.02.24 17:00:00,92724.34,92724.34,92706.36,92706.36,900,45,0
2026.02.24 16:45:00,92742.34,92742.34,92724.36,92724.36,900,45,0
2026.02.24 16:30:00,92760.34,92760.34,92742.36,92742.36,900,45,0
2026.02.24 16:15:00,92699.79,92763.34,92696.15,92760.36,900,45,0
2026.02.24 16:00:00,92688.49,92714.55,92685.27,92699.81,900,45,0
2026.02.24 15:45:00,92706.49,92706.49,92688.51,92688.51,900,45,0
2026.02.24 15:30:00,92600.04,92712.13,92597.92,92706.51,900,45,0
2026.02.24 15:15:00,92618.04,92618.04,92600.06,92600.06,900,45,0
2026.02.24 15:00:00,92612.01,92633.72,92609.71,92618.06,900,45,0
2026.02.24 14:45:00,92630.01,92630.01,92612.03,92612.03,900,45,0
2026.02.24 14:30:00,92607.46,92630.41,92599.40,92630.03,900,45,0
2026.02.24 14:15:00,92577.76,92609.46,92571.16,92607.48,900,45,0
2026.02.24 14:00:00,92582.17,92582.17,92565.23,92577.78,900,45,0
2026.02.24 13:45:00,92600.17,92600.17,92582.19,92582.19,900,45,0
2026.02.24 13:30:00,92597.54,92606.61,92586.00,92600.19,900,45,0
2026.02.24 13:15:00,92615.54,92615.54,92597.56,92597.56,900,45,0
2026.02.24 13:00:00,92616.22,92628.04,92610.74,92615.56,900,45,0
2026.02.24 12:45:00,92619.34,92619.34,92602.78,92616.24,900,45,0
2026.02.24 12:30:00,92582.57,92628.18,92574.87,92619.36,900,45,0
2026.02.24 12:15:00,92600.57,92600.57,92582.59,92582.59,900,45,0
2026.02.24 12:00:00,92618.57,92618.57,92600.59,92600.59,900,45,0
2026.02.24 11:45:00,92610.40,92633.09,92606.94,92618.59,900,45,0
2026.02.24 11:30:00,92628.40,92628.40,92610.42,92610.42,900,45,0
2026.02.24 11:15:00,92625.74,92631.54,92610.90,92628.42,900,45,0
2026.02.24 11:00:00,92643.74,92643.74,92625.76,92625.76,900,45,0
2026.02.24 10:45:00,92645.36,92652.92,92636.54,92643.76,901,45,0
2026.02.24 10:30:00,92663.36,92663.36,92645.38,92645.38,900,45,0
2026.02.24 10:15:00,92681.36,92681.36,92663.38,92663.38,900,45,0
2026.02.24 10:00:00,92699.36,92699.36,92681.38,92681.38,900,45,0
2026.02.24 09:45:00,92667.88,92700.82,92664.66,92699.38,900,45,0
2026.02.24 09:30:00,92666.64,92670.22,92651.00,92667.90,900,45,0
2026.02.24 09:15:00,92645.41,92675.92,92636.71,92666.66,900,45,0
2026.02.24 09:00:00,92644.64,92649.93,92631.18,92645.43,900,45,0
2026.02.24 08:45:00,92647.21,92655.94,92640.53,92644.66,900,45,0
2026.02.24 08:30:00,92611.31,92647.97,92603.29,92647.23,900,45,0
2026.02.24 08:15:00,92558.00,92623.93,92554.90,92611.33,900,45,0
2026.02.24 08:00:00,92543.02,92571.80,92538.84,92558.02,900,45,0
2026.02.24 07:45:00,92561.02,92561.02,92543.04,92543.04,900,45,0
2026.02.24 07:30:00,92579.02,92579.02,92561.04,92561.04,900,45,0
2026.02.24 07:15:00,92577.21,92593.74,92573.95,92579.04,900,45,0
2026.02.24 07:00:00,92595.21,92595.21,92577.23,92577.23,900,45,0
2026.02.24 06:45:00,92613.21,92613.21,92595.23,92595.23,900,45,0
2026.02.24 06:30:00,92631.21,92631.21,92613.23,92613.23,900,45,0
2026.02.24 06:15:00,92649.21,92649.21,92631.23,92631.23,900,45,0
2026.02.24 06:00:00,92667.21,92667.21,92649.23,92649.23,900,45,0
2026.02.24 05:45:00,92685.21,92685.21,92667.23,92667.23,900,45,0
2026.02.24 05:30:00,92703.21,92703.21,92685.23,92685.23,900,45,0
2026.02.24 05:15:00,92691.78,92716.03,92686.62,92703.23,900,45,0
2026.02.24 05:00:00,92709.78,92709.78,92691.80,92691.80,900,45,0
2026.02.24 04:45:00,92727.78,92727.78,92709.80,92709.80,900,45,0
2026.02.24 04:30:00,92745.78,92745.78,92727.80,92727.80,900,45,0
2026.02.24 04:15:00,92717.19,92747.38,92708.31,92745.80,900,45,0
2026.02.24 04:00:00,92735.19,92735.19,92717.21,92717.21,900,45,0
2026.02.24 03:45:00,92707.80,92740.79,92695.42,92735.21,900,45,0
2026.02.24 03:30:00,92669.43,92713.20,92666.07,92707.82,900,45,0
2026.02.24 03:15:00,92671.43,92680.43,92664.45,92669.45,900,45,0
2026.02.24 03:00:00,92689.43,92689.43,92671.45,92671.45,900,45,0
2026.02.24 02:45:00,92707.43,92707.43,92689.45,92689.45,900,45,0
2026.02.24 02:30:00,92697.51,92722.99,92695.09,92707.45,900,45,0
2026.02.24 02:15:00,92667.05,92704.61,92659.39,92697.53,900,45,0
2026.02.24 02:00:00,92685.05,92685.05,92667.07,92667.07,900,45,0
2026.02.24 01:45:00,92681.03,92701.83,92679.83,92685.07,900,45,0
2026.02.24 01:30:00,92686.01,92687.65,92674.65,92681.05,900,45,0
2026.02.24 01:15:00,92704.01,92704.01,92686.03,92686.03,900,45,0
2026.02.24 01:00:00,92722.01,92722.01,92704.03,92704.03,900,45,0
2026.02.24 00:45:00,92740.01,92740.01,92722.03,92722.03,900,45,0
2026.02.24 00:30:00,92736.30,92748.65,92726.96,92740.03,900,45,0
2026.02.24 00:15:00,92754.30,92754.30,92736.32,92736.32,900,45,0
2026.02.24 00:00:00,92772.30,92772.30,92754.32,92754.32,900,45,0
2026.02.23 23:45:00,92763.54,92789.20,92762.46,92772.32,900,45,0
2026.02.23 23:30:00,92781.54,92781.54,92763.56,92763.56,900,45,0
2026.02.23 23:15:00,92799.54,92799.54,92781.56,92781.56,900,45,0
2026.02.23 23:00:00,92817.54,92817.54,92799.56,92799.56,900,45,0
2026.02.23 22:45:00,92835.54,92835.54,92817.56,92817.56,900,45,0
2026.02.23 22:30:00,92816.97,92848.62,92816.25,92835.56,900,45,0
2026.02.23 22:15:00,92802.96,92834.15,92802.14,92816.99,901,45,0
2026.02.23 22:00:00,92754.59,92805.32,92752.67,92802.98,899,45,0
2026.02.23 21:45:00,92772.61,92772.61,92754.61,92754.61,901,45,0
2026.02.23 21:30:00,92790.59,92790.59,92772.63,92772.63,899,45,0
2026.02.23 21:15:00,92752.51,92794.59,92743.59,92790.61,901,45,0
2026.02.23 21:00:00,92754.20,92756.33,92740.04,92752.53,900,45,0
2026.02.23 20:45:00,92745.41,92767.38,92740.61,92754.22,900,45,0
2026.02.23 20:30:00,92763.41,92763.41,92745.43,92745.43,900,45,0
2026.02.23 20:15:00,92758.47,92767.71,92744.79,92763.43,900,45,0
2026.02.23 20:00:00,92753.94,92768.81,92746.30,92758.49,900,45,0
2026.02.23 19:45:00,92771.94,92771.94,92753.96,92753.96,900,45,0
2026.02.23 19:30:00,92751.50,92776.88,92738.46,92771.96,900,45,0
2026.02.23 19:15:00,92733.90,92752.62,92726.94,92751.52,900,45,0
2026.02.23 19:00:00,92732.68,92736.76,92717.56,92733.92,900,45,0
2026.02.23 18:45:00,92750.68,92750.68,92732.70,92732.70,900,45,0
2026.02.23 18:30:00,92755.36,92755.36,92740.66,92750.70,900,45,0
2026.02.23 18:15:00,92773.36,92773.36,92755.38,92755.38,900,45,0
2026.02.23 18:00:00,92779.02,92784.06,92771.74,92773.38,900,45,0
2026.02.23 17:45:00,92797.02,92797.02,92779.04,92779.04,900,45,0
2026.02.23 17:30:00,92815.02,92815.02,92797.04,92797.04,900,45,0
2026.02.23 17:15:00,92818.04,92820.30,92805.34,92815.04,900,45,0
2026.02.23 17:00:00,92817.72,92831.24,92812.94,92818.06,900,45,0
2026.02.23 16:45:00,92835.72,92835.72,92817.74,92817.74,900,45,0
2026.02.23 16:30:00,92828.90,92836.84,92812.04,92835.74,900,45,0
2026.02.23 16:15:00,92832.53,92844.16,92828.92,92828.92,900,45,0
2026.02.23 16:00:00,92850.53,92850.53,92832.55,92832.55,900,45,0
2026.02.23 15:45:00,92868.53,92868.53,92850.55,92850.55,900,45,0
2026.02.23 15:30:00,92886.53,92886.53,92868.55,92868.55,900,45,0
2026.02.23 15:15:00,92846.64,92890.61,92839.20,92886.55,900,45,0
2026.02.23 15:00:00,92823.53,92851.82,92817.75,92846.66,900,45,0
2026.02.23 14:45:00,92820.16,92824.09,92802.74,92823.55,900,45,0
2026.02.23 14:30:00,92811.48,92825.04,92798.38,92820.18,900,45,0
2026.02.23 14:15:00,92814.38,92819.36,92804.28,92811.50,900,45,0
2026.02.23 14:00:00,92810.08,92823.14,92800.86,92814.40,900,45,0
2026.02.23 13:45:00,92828.08,92828.08,92810.10,92810.10,900,45,0
2026.02.23 13:30:00,92797.85,92829.32,92789.51,92828.10,900,45,0
2026.02.23 13:15:00,92801.80,92801.80,92785.74,92797.87,900,45,0
2026.02.23 13:00:00,92819.80,92819.80,92801.82,92801.82,900,45,0
2026.02.23 12:45:00,92837.80,92837.80,92819.82,92819.82,900,45,0
2026.02.23 12:30:00,92855.80,92855.80,92837.82,92837.82,900,45,0
2026.02.23 12:15:00,92827.68,92858.40,92812.30,92855.82,900,45,0
2026.02.23 12:00:00,92845.68,92845.68,92827.70,92827.70,900,45,0
2026.02.23 11:45:00,92863.68,92863.68,92845.70,92845.70,900,45,0
2026.02.23 11:30:00,92853.54,92875.00,92846.88,92863.70,900,45,0
2026.02.23 11:15:00,92871.54,92871.54,92853.56,92853.56,899,45,0
2026.02.23 11:00:00,92887.82,92887.82,92871.56,92871.56,815,45,0
2026.02.23 10:45:00,92905.82,92905.82,92887.84,92887.84,900,45,0
2026.02.23 10:30:00,92903.88,92922.72,92902.80,92905.84,900,45,0
2026.02.23 10:15:00,92897.54,92909.44,92885.12,92903.90,900,45,0
2026.02.23 10:00:00,92894.89,92909.50,92888.87,92897.56,900,45,0
2026.02.23 09:45:00,92912.89,92912.89,92894.91,92894.91,900,45,0
2026.02.23 09:30:00,92930.55,92930.55,92912.91,92912.91,883,45,0
2026.02.23 09:15:00,92896.31,92934.97,92886.57,92930.57,900,45,0
2026.02.23 09:00:00,92914.31,92914.31,92896.33,92896.33,900,45,0
2026.02.23 08:45:00,92914.17,92923.67,92905.55,92914.33,900,45,0
2026.02.23 08:30:00,92909.89,92931.67,92909.41,92914.19,900,45,0
2026.02.23 08:15:00,92911.77,92911.77,92895.35,92909.91,900,45,0
2026.02.23 08:00:00,92906.51,92915.79,92892.55,92911.79,900,45,0
2026.02.23 07:45:00,92924.51,92924.51,92906.53,92906.53,900,45,0
2026.02.23 07:30:00,92942.51,92942.51,92924.53,92924.53,900,45,0
2026.02.23 07:15:00,92960.51,92960.51,92942.53,92942.53,900,45,0
2026.02.23 07:00:00,92932.58,92965.59,92925.16,92960.53,900,45,0
2026.02.23 06:45:00,92950.58,92950.58,92932.60,92932.60,900,45,0
2026.02.23 06:30:00,92953.62,92954.96,92940.02,92950.60,900,45,0
2026.02.23 06:15:00,92971.62,92971.62,92953.64,92953.64,900,45,0
2026.02.23 06:00:00,92989.62,92989.62,92971.64,92971.64,900,45,0
2026.02.23 05:45:00,92967.20,92997.46,92959.46,92989.64,900,45,0
2026.02.23 05:30:00,92972.73,92975.86,92963.41,92967.22,900,45,0
2026.02.23 05:15:00,92990.75,92990.75,92972.75,92972.75,901,45,0
2026.02.23 05:00:00,93008.75,93008.75,92990.77,92990.77,900,45,0
2026.02.23 04:45:00,92993.82,93024.53,92991.62,93008.77,900,45,0
2026.02.23 04:30:00,92858.38,92995.66,92851.36,92993.84,900,45,0
2026.02.23 04:15:00,92852.32,92873.46,92849.42,92858.40,900,45,0
2026.02.23 04:00:00,92870.32,92870.32,92852.34,92852.34,900,45,0
2026.02.23 03:45:00,92888.32,92888.32,92870.34,92870.34,900,45,0
2026.02.23 03:30:00,92860.33,92892.86,92847.65,92888.34,900,45,0
2026.02.23 03:15:00,92878.33,92878.33,92860.35,92860.35,900,45,0
2026.02.23 03:00:00,92896.33,92896.33,92878.35,92878.35,900,45,0
2026.02.23 02:45:00,92894.85,92901.47,92882.01,92896.35,900,45,0
2026.02.23 02:30:00,92847.13,92907.89,92843.21,92894.87,900,45,0
2026.02.23 02:15:00,92842.28,92851.05,92828.22,92847.15,900,45,0
2026.02.23 02:00:00,92860.28,92860.28,92842.30,92842.30,900,45,0
2026.02.23 01:45:00,92878.28,92878.28,92860.30,92860.30,900,45,0
2026.02.23 01:30:00,92896.28,92896.28,92878.30,92878.30,900,45,0
2026.02.23 01:15:00,92914.28,92914.28,92896.30,92896.30,900,45,0
2026.02.23 01:00:00,92916.33,92920.04,92904.11,92914.30,900,45,0
2026.02.23 00:45:00,92892.00,92929.33,92890.54,92916.35,900,45,0
2026.02.23 00:30:00,92888.75,92893.90,92872.67,92892.02,900,45,0
2026.02.23 00:15:00,92906.75,92906.75,92888.77,92888.77,900,45,0
2026.02.23 00:00:00,92924.75,92924.75,92906.77,92906.77,900,45,0
2026.02.22 23:45:00,92915.87,92927.29,92900.43,92924.77,900,45,0
2026.02.22 23:30:00,92895.86,92924.27,92889.28,92915.89,900,45,0
2026.02.22 23:15:00,92838.82,92904.96,92836.46,92895.88,900,45,0
2026.02.22 23:00:00,92856.82,92856.82,92838.84,92838.84,900,45,0
2026.02.22 22:45:00,92874.82,92874.82,92856.84,92856.84,900,45,0
2026.02.22 22:30:00,92877.80,92890.58,92874.84,92874.84,900,45,0
2026.02.22 22:15:00,92876.14,92889.28,92869.64,92877.82,900,45,0
2026.02.22 22:00:00,92880.01,92882.70,92868.59,92876.16,900,45,0
2026.02.22 21:45:00,92898.01,92898.01,92880.03,92880.03,900,45,0
2026.02.22 21:30:00,92916.01,92916.01,92898.03,92898.03,900,45,0
2026.02.22 21:15:00,92889.29,92921.89,92877.19,92916.03,900,45,0
2026.02.22 21:00:00,92880.38,92899.99,92873.10,92889.31,900,45,0
2026.02.22 20:45:00,92879.10,92884.58,92865.32,92880.40,900,45,0
2026.02.22 20:30:00,92897.10,92897.10,92879.12,92879.12,900,45,0
2026.02.22 20:15:00,92915.12,92915.12,92897.12,92897.12,901,45,0
2026.02.22 20:00:00,92933.12,92933.12,92915.14,92915.14,900,45,0
2026.02.22 19:45:00,92951.12,92951.12,92933.14,92933.14,900,45,0
2026.02.22 19:30:00,92966.38,92966.38,92951.14,92951.14,764,45,0
2026.02.22 19:15:00,92963.05,92983.90,92962.59,92966.40,900,45,0
2026.02.22 19:00:00,92981.05,92981.05,92963.07,92963.07,899,45,0
2026.02.22 18:45:00,92968.70,92981.95,92951.62,92981.07,900,45,0
2026.02.22 18:30:00,92983.02,92983.02,92968.72,92968.72,716,45,0
2026.02.22 18:15:00,92999.50,92999.50,92983.02,92983.02,825,45,0
2026.02.22 18:00:00,93017.50,93017.50,92999.52,92999.52,900,45,0
2026.02.22 17:45:00,93017.26,93033.72,93015.50,93017.52,900,45,0
2026.02.22 17:30:00,93035.26,93035.26,93017.28,93017.28,900,45,0
2026.02.22 17:15:00,93053.26,93053.26,93035.28,93035.28,900,45,0
2026.02.22 17:00:00,93071.26,93071.26,93053.28,93053.28,900,45,0
2026.02.22 16:45:00,93075.38,93088.04,93071.28,93071.28,900,45,0
2026.02.22 16:30:00,93093.38,93093.38,93075.40,93075.40,900,45,0
2026.02.22 16:15:00,93084.78,93109.00,93082.40,93093.40,901,45,0
2026.02.22 16:00:00,93102.78,93102.78,93084.80,93084.80,900,45,0
2026.02.22 15:45:00,93087.38,93114.04,93087.36,93102.80,900,45,0
2026.02.22 15:30:00,93105.38,93105.38,93087.40,93087.40,900,45,0
2026.02.22 15:15:00,93081.90,93106.34,93079.76,93105.40,900,45,0
2026.02.22 15:00:00,93072.63,93098.92,93071.67,93081.92,900,45,0
2026.02.22 14:45:00,93090.63,93090.63,93072.65,93072.65,900,45,0
2026.02.22 14:30:00,93108.63,93108.63,93090.65,93090.65,900,45,0
2026.02.22 14:15:00,93126.63,93126.63,93108.65,93108.65,900,45,0
2026.02.22 14:00:00,93104.44,93138.57,93098.40,93126.65,900,45,0
2026.02.22 13:45:00,93122.44,93122.44,93104.46,93104.46,900,45,0
2026.02.22 13:30:00,93140.44,93140.44,93122.46,93122.46,900,45,0
2026.02.22 13:15:00,93158.44,93158.44,93140.46,93140.46,900,45,0
2026.02.22 13:00:00,93176.44,93176.44,93158.46,93158.46,900,45,0
2026.02.22 12:45:00,93170.50,93191.50,93167.58,93176.46,900,45,0
2026.02.22 12:30:00,93129.51,93178.14,93119.69,93170.52,900,45,0
2026.02.22 12:15:00,93147.51,93147.51,93129.53,93129.53,900,45,0
2026.02.22 12:00:00,93148.44,93160.79,93143.74,93147.53,900,45,0
2026.02.22 11:45:00,93146.17,93158.48,93138.23,93148.46,900,45,0
2026.02.22 11:30:00,93164.17,93164.17,93146.19,93146.19,900,45,0
2026.02.22 11:15:00,93121.34,93169.45,93111.66,93164.19,900,45,0
2026.02.22 11:00:00,93104.53,93131.90,93097.11,93121.36,900,45,0
2026.02.22 10:45:00,93104.52,93121.51,93103.52,93104.55,900,45,0
2026.02.22 10:30:00,93122.52,93122.52,93104.54,93104.54,900,45,0
2026.02.22 10:15:00,93113.48,93138.54,93111.52,93122.54,900,45,0
2026.02.22 10:00:00,93102.09,93114.60,93085.23,93113.50,900,45,0
2026.02.22 09:45:00,93120.09,93120.09,93102.11,93102.11,900,45,0
2026.02.22 09:30:00,93091.07,93124.99,93084.83,93120.11,900,45,0
2026.02.22 09:15:00,93109.07,93109.07,93091.09,93091.09,900,45,0
2026.02.22 09:00:00,93110.03,93121.77,93104.75,93109.09,900,45,0
2026.02.22 08:45:00,93107.51,93120.19,93099.69,93110.05,900,45,0
2026.02.22 08:30:00,93125.51,93125.51,93107.53,93107.53,900,45,0
2026.02.22 08:15:00,93143.51,93143.51,93125.53,93125.53,900,45,0
2026.02.22 08:00:00,93161.51,93161.51,93143.53,93143.53,900,45,0
2026.02.22 07:45:00,93155.31,93177.53,93153.35,93161.53,900,45,0
2026.02.22 07:30:00,93173.31,93173.31,93155.33,93155.33,900,45,0
2026.02.22 07:15:00,93191.33,93191.33,93173.33,93173.33,901,45,0
2026.02.22 07:00:00,93209.33,93209.33,93191.35,93191.35,900,45,0
2026.02.22 06:45:00,93215.33,93215.33,93209.35,93209.35,300,45,0
2026.02.22 06:30:00,93233.33,93233.33,93215.35,93215.35,900,45,0
2026.02.22 06:15:00,93224.86,93250.91,93224.46,93233.35,900,45,0
2026.02.22 06:00:00,93227.14,93235.60,93219.90,93224.88,900,45,0
2026.02.22 05:45:00,93245.14,93245.14,93227.16,93227.16,900,45,0
2026.02.22 05:30:00,93232.11,93263.10,93232.09,93245.16,900,45,0
2026.02.22 05:15:00,93211.88,93237.31,93199.10,93232.13,900,45,0
2026.02.22 05:00:00,93197.49,93224.92,93192.55,93211.90,900,45,0
2026.02.22 04:45:00,93197.10,93202.19,93183.82,93197.51,900,45,0
2026.02.22 04:30:00,93155.08,93201.32,93152.20,93197.12,900,45,0
2026.02.22 04:15:00,93173.08,93173.08,93155.10,93155.10,900,45,0
2026.02.22 04:00:00,93171.25,93181.06,93161.25,93173.10,900,45,0
2026.02.22 03:45:00,93189.25,93189.25,93171.27,93171.27,900,45,0
2026.02.22 03:30:00,93149.87,93195.61,93144.85,93189.27,900,45,0
2026.02.22 03:15:00,93167.87,93167.87,93149.89,93149.89,900,45,0
2026.02.22 03:00:00,93171.37,93179.05,93164.57,93167.89,900,45,0
2026.02.22 02:45:00,93144.41,93173.69,93131.13,93171.39,900,45,0
2026.02.22 02:30:00,93115.42,93158.97,93112.00,93144.43,900,45,0
2026.02.22 02:15:00,93133.42,93133.42,93115.44,93115.44,900,45,0
2026.02.22 02:00:00,93151.42,93151.42,93133.44,93133.44,900,45,0
2026.02.22 01:45:00,93129.90,93156.44,93121.18,93151.44,900,45,0
2026.02.22 01:30:00,93147.90,93147.90,93129.92,93129.92,900,45,0
2026.02.22 01:15:00,93135.26,93157.56,93126.94,93147.92,900,45,0
2026.02.22 01:00:00,93122.73,93145.42,93114.91,93135.28,900,45,0
2026.02.22 00:45:00,93140.73,93140.73,93122.75,93122.75,900,45,0
2026.02.22 00:30:00,93145.18,93153.47,93139.94,93140.75,900,45,0
2026.02.22 00:15:00,93132.15,93149.36,93131.53,93145.20,900,45,0
2026.02.22 00:00:00,93133.10,93134.29,93117.26,93132.17,900,45,0
2026.02.21 23:45:00,93123.89,93143.12,93115.93,93133.12,900,45,0
2026.02.21 23:30:00,93121.33,93127.93,93107.39,93123.91,900,45,0
2026.02.21 23:15:00,93121.67,93132.83,93115.19,93121.35,900,45,0
2026.02.21 23:00:00,93139.67,93139.67,93121.69,93121.69,900,45,0
2026.02.21 22:45:00,93157.67,93157.67,93139.69,93139.69,900,45,0
2026.02.21 22:30:00,93123.43,93160.87,93114.87,93157.69,900,45,0
2026.02.21 22:15:00,93141.45,93141.45,93123.45,93123.45,901,45,0
2026.02.21 22:00:00,93140.38,93154.67,93135.62,93141.47,900,45,0
2026.02.21 21:45:00,93136.12,93151.72,93129.48,93140.40,900,45,0
2026.02.21 21:30:00,93154.12,93154.12,93136.14,93136.14,900,45,0
2026.02.21 21:15:00,93167.72,93167.72,93154.14,93154.14,680,45,0
2026.02.21 21:00:00,93175.42,93175.42,93167.72,93167.72,386,45,0
2026.02.21 20:45:00,93193.42,93193.42,93175.44,93175.44,900,45,0
2026.02.21 20:30:00,93190.67,93196.44,93175.71,93193.44,900,45,0
2026.02.21 20:15:00,93170.65,93193.47,93155.47,93190.69,900,45,0
2026.02.21 20:00:00,93172.41,93179.21,93162.99,93170.67,900,45,0
2026.02.21 19:45:00,93156.01,93177.79,93145.73,93172.43,900,45,0
2026.02.21 19:30:00,93087.82,93162.17,93085.78,93156.03,900,45,0
2026.02.21 19:15:00,93105.84,93105.84,93087.84,93087.84,901,45,0
2026.02.21 19:00:00,93123.84,93123.84,93105.86,93105.86,900,45,0
2026.02.21 18:45:00,93141.84,93141.84,93123.86,93123.86,900,45,0
2026.02.21 18:30:00,93145.88,93157.52,93141.86,93141.86,900,45,0
2026.02.21 18:15:00,93148.12,93158.20,93142.46,93145.90,900,45,0
2026.02.21 18:00:00,93166.12,93166.12,93148.14,93148.14,900,45,0
2026.02.21 17:45:00,93184.12,93184.12,93166.14,93166.14,900,45,0
2026.02.21 17:30:00,93188.69,93198.82,93184.14,93184.14,900,45,0
2026.02.21 17:15:00,93190.57,93203.45,93187.35,93188.71,900,45,0
2026.02.21 17:00:00,93208.57,93208.57,93190.59,93190.59,900,45,0
2026.02.21 16:45:00,93180.49,93213.69,93167.85,93208.59,900,45,0
2026.02.21 16:30:00,93198.49,93198.49,93180.51,93180.51,900,45,0
2026.02.21 16:15:00,93216.49,93216.49,93198.51,93198.51,900,45,0
2026.02.21 16:00:00,93234.49,93234.49,93216.51,93216.51,900,45,0
2026.02.21 15:45:00,93252.49,93252.49,93234.51,93234.51,900,45,0
2026.02.21 15:30:00,93256.77,93269.23,93252.51,93252.51,900,45,0
2026.02.21 15:15:00,93223.99,93260.57,93220.21,93256.79,900,45,0
2026.02.21 15:00:00,93229.65,93237.75,93224.01,93224.01,900,45,0
2026.02.21 14:45:00,93247.65,93247.65,93229.67,93229.67,900,45,0
2026.02.21 14:30:00,93245.89,93258.33,93238.59,93247.67,900,45,0
2026.02.21 14:15:00,93263.89,93263.89,93245.91,93245.91,900,45,0
2026.02.21 14:00:00,93281.89,93281.89,93263.91,93263.91,900,45,0
2026.02.21 13:45:00,93247.47,93284.87,93232.47,93281.91,900,45,0
2026.02.21 13:30:00,93209.89,93248.07,93208.95,93247.49,900,45,0
2026.02.21 13:15:00,93209.38,93217.47,93198.98,93209.91,900,45,0
2026.02.21 13:00:00,93227.38,93227.38,93209.40,93209.40,900,45,0
2026.02.21 12:45:00,93225.99,93230.16,93210.79,93227.40,900,45,0
2026.02.21 12:30:00,93229.87,93229.87,93213.11,93226.01,900,45,0
2026.02.21 12:15:00,93200.64,93237.79,93199.50,93229.89,900,45,0
2026.02.21 12:00:00,93218.64,93218.64,93200.66,93200.66,900,45,0
2026.02.21 11:45:00,93236.64,93236.64,93218.66,93218.66,900,45,0
2026.02.21 11:30:00,93219.25,93240.28,93204.91,93236.66,900,45,0
2026.02.21 11:15:00,93176.78,93225.59,93171.40,93219.27,900,45,0
2026.02.21 11:00:00,93194.78,93194.78,93176.80,93176.80,900,45,0
2026.02.21 10:45:00,93163.91,93209.20,93160.35,93194.80,900,45,0
2026.02.21 10:30:00,93181.91,93181.91,93163.93,93163.93,900,45,0
2026.02.21 10:15:00,93199.93,93199.93,93181.93,93181.93,901,45,0
2026.02.21 10:00:00,93196.73,93201.79,93180.61,93199.95,900,45,0
2026.02.21 09:45:00,93187.89,93208.17,93181.35,93196.75,900,45,0
2026.02.21 09:30:00,93168.47,93193.65,93160.97,93187.91,900,45,0
2026.02.21 09:15:00,93186.47,93186.47,93168.49,93168.49,900,45,0
2026.02.21 09:00:00,93187.12,93192.07,93174.74,93186.49,900,45,0
2026.02.21 08:45:00,93156.39,93188.60,93145.69,93187.14,900,45,0
2026.02.21 08:30:00,93150.35,93161.19,93137.17,93156.41,900,45,0
2026.02.21 08:15:00,93112.28,93158.91,93107.22,93150.37,900,45,0
2026.02.21 08:00:00,93130.28,93130.28,93112.30,93112.30,900,45,0
2026.02.21 07:45:00,93114.89,93146.88,93113.51,93130.30,900,45,0
2026.02.21 07:30:00,93110.35,93124.87,93102.35,93114.91,900,45,0
2026.02.21 07:15:00,93110.39,93125.63,93107.69,93110.37,900,45,0
2026.02.21 07:00:00,93104.41,93111.15,93087.19,93110.41,900,45,0
2026.02.21 06:45:00,93081.47,93109.37,93081.03,93104.43,900,45,0
2026.02.21 06:30:00,93081.67,93084.69,93066.91,93081.49,900,45,0
2026.02.21 06:15:00,93099.67,93099.67,93081.69,93081.69,900,45,0
2026.02.21 06:00:00,93117.67,93117.67,93099.69,93099.69,900,45,0
2026.02.21 05:45:00,93121.34,93134.79,93117.69,93117.69,900,45,0
2026.02.21 05:30:00,93139.34,93139.34,93121.36,93121.36,900,45,0
2026.02.21 05:15:00,93157.34,93157.34,93139.36,93139.36,900,45,0
2026.02.21 05:00:00,93175.34,93175.34,93157.36,93157.36,900,45,0
2026.02.21 04:45:00,93178.40,93181.78,93166.86,93175.36,900,45,0
2026.02.21 04:30:00,93196.40,93196.40,93178.42,93178.42,900,45,0
2026.02.21 04:15:00,93214.40,93214.40,93196.42,93196.42,900,45,0
2026.02.21 04:00:00,93232.40,93232.40,93214.42,93214.42,900,45,0
2026.02.21 03:45:00,93250.40,93250.40,93232.42,93232.42,900,45,0
2026.02.21 03:30:00,93247.73,93257.96,93237.31,93250.42,900,45,0
2026.02.21 03:15:00,93265.73,93265.73,93247.75,93247.75,900,45,0
2026.02.21 03:00:00,93283.73,93283.73,93265.75,93265.75,900,45,0
2026.02.21 02:45:00,93260.52,93285.87,93250.78,93283.75,900,45,0
2026.02.21 02:30:00,93255.03,93262.06,93238.59,93260.54,900,45,0
2026.02.21 02:15:00,93273.03,93273.03,93255.05,93255.05,900,45,0
2026.02.21 02:00:00,93277.19,93290.69,93273.05,93273.05,900,45,0
2026.02.21 01:45:00,93295.19,93295.19,93277.21,93277.21,900,45,0
2026.02.21 01:30:00,93267.04,93298.73,93255.38,93295.21,900,45,0
2026.02.21 01:15:00,93285.06,93285.06,93267.06,93267.06,901,45,0
2026.02.21 01:00:00,93303.06,93303.06,93285.08,93285.08,900,45,0
2026.02.21 00:45:00,93291.62,93304.30,93274.88,93303.08,900,45,0
2026.02.21 00:30:00,93219.91,93297.30,93217.19,93291.64,900,45,0
2026.02.21 00:15:00,93222.21,93222.21,93205.39,93219.93,900,45,0
2026.02.21 00:00:00,93211.13,93223.09,93194.03,93222.23,900,45,0
2026.02.20 23:45:00,93195.55,93216.49,93183.93,93211.15,900,45,0
2026.02.20 23:30:00,93213.55,93213.55,93195.57,93195.57,900,45,0
2026.02.20 23:15:00,93231.55,93231.55,93213.57,93213.57,900,45,0
2026.02.20 23:00:00,93249.55,93249.55,93231.57,93231.57,900,45,0
2026.02.20 22:45:00,93243.77,93253.55,93229.79,93249.57,900,45,0
2026.02.20 22:30:00,93247.43,93250.15,93235.83,93243.79,900,45,0
2026.02.20 22:15:00,93265.43,93265.43,93247.45,93247.45,900,45,0
2026.02.20 22:00:00,93283.43,93283.43,93265.45,93265.45,900,45,0
2026.02.20 21:45:00,93301.43,93301.43,93283.45,93283.45,900,45,0
2026.02.20 21:30:00,93319.43,93319.43,93301.45,93301.45,900,45,0
2026.02.20 21:15:00,93309.73,93329.41,93301.73,93319.45,900,45,0
2026.02.20 21:00:00,93286.92,93310.57,93281.02,93309.75,900,45,0
2026.02.20 20:45:00,93304.92,93304.92,93286.94,93286.94,900,45,0
2026.02.20 20:30:00,93322.92,93322.92,93304.94,93304.94,900,45,0
2026.02.20 20:15:00,93340.92,93340.92,93322.94,93322.94,900,45,0
2026.02.20 20:00:00,93358.92,93358.92,93340.94,93340.94,900,45,0
2026.02.20 19:45:00,93284.70,93360.66,93282.14,93358.94,900,45,0
2026.02.20 19:30:00,93290.28,93295.60,93283.20,93284.72,900,45,0
2026.02.20 19:15:00,93308.28,93308.28,93290.30,93290.30,900,45,0
2026.02.20 19:00:00,93293.88,93322.96,93290.58,93308.30,900,45,0
2026.02.20 18:45:00,93311.88,93311.88,93293.90,93293.90,900,45,0
2026.02.20 18:30:00,93329.88,93329.88,93311.90,93311.90,900,45,0
2026.02.20 18:15:00,93347.88,93347.88,93329.90,93329.90,900,45,0
2026.02.20 18:00:00,93365.88,93365.88,93347.90,93347.90,900,45,0
2026.02.20 17:45:00,93353.69,93368.96,93338.79,93365.90,900,45,0
2026.02.20 17:30:00,93371.69,93371.69,93353.71,93353.71,900,45,0
2026.02.20 17:15:00,93316.20,93377.73,93311.24,93371.71,900,45,0
2026.02.20 17:00:00,93318.96,93318.96,93302.82,93316.22,900,45,0
2026.02.20 16:45:00,93286.44,93326.90,93278.82,93318.98,900,45,0
2026.02.20 16:30:00,93282.28,93288.40,93266.26,93286.46,900,45,0
2026.02.20 16:15:00,93243.58,93288.00,93238.24,93282.30,901,45,0
2026.02.20 16:00:00,93245.01,93252.24,93235.69,93243.60,900,45,0
2026.02.20 15:45:00,93245.31,93258.13,93240.45,93245.03,900,45,0
2026.02.20 15:30:00,93263.31,93263.31,93245.33,93245.33,900,45,0
2026.02.20 15:15:00,93195.69,93268.67,93195.29,93263.33,900,45,0
2026.02.20 15:00:00,93213.69,93213.69,93195.71,93195.71,900,45,0
2026.02.20 14:45:00,93231.69,93231.69,93213.71,93213.71,900,45,0
2026.02.20 14:30:00,93249.69,93249.69,93231.71,93231.71,900,45,0
2026.02.20 14:15:00,93267.69,93267.69,93249.71,93249.71,900,45,0
2026.02.20 14:00:00,93243.35,93272.15,93241.53,93267.71,900,45,0
2026.02.20 13:45:00,93261.35,93261.35,93243.37,93243.37,900,45,0
2026.02.20 13:30:00,93279.35,93279.35,93261.37,93261.37,900,45,0
2026.02.20 13:15:00,93297.35,93297.35,93279.37,93279.37,900,45,0
2026.02.20 13:00:00,93292.62,93304.89,93282.18,93297.37,900,45,0
2026.02.20 12:45:00,93310.62,93310.62,93292.64,93292.64,900,45,0
2026.02.20 12:30:00,93273.27,93313.34,93267.27,93310.64,900,45,0
2026.02.20 12:15:00,93291.27,93291.27,93273.29,93273.29,900,45,0
2026.02.20 12:00:00,93259.77,93292.29,93256.03,93291.29,900,45,0
2026.02.20 11:45:00,93277.77,93277.77,93259.79,93259.79,900,45,0
2026.02.20 11:30:00,93295.77,93295.77,93277.79,93277.79,900,45,0
2026.02.20 11:15:00,93260.55,93299.51,93246.31,93295.79,900,45,0
2026.02.20 11:00:00,93278.55,93278.55,93260.57,93260.57,900,45,0
2026.02.20 10:45:00,93239.29,93289.33,93233.23,93278.57,900,45,0
2026.02.20 10:30:00,93257.29,93257.29,93239.31,93239.31,900,45,0
2026.02.20 10:15:00,93275.29,93275.29,93257.31,93257.31,898,45,0
2026.02.20 10:00:00,93293.29,93293.29,93275.31,93275.31,900,45,0
2026.02.20 09:45:00,93279.92,93309.31,93277.96,93293.31,900,45,0
2026.02.20 09:30:00,93269.43,93297.30,93268.83,93279.94,900,45,0
2026.02.20 09:15:00,93269.18,93278.15,93259.92,93269.45,900,45,0
2026.02.20 09:00:00,93287.18,93287.18,93269.20,93269.20,900,45,0
2026.02.20 08:45:00,93239.09,93290.74,93234.03,93287.20,900,45,0
2026.02.20 08:30:00,93230.54,93250.55,93224.00,93239.11,901,45,0
2026.02.20 08:15:00,93221.05,93233.06,93205.59,93230.56,900,45,0
2026.02.20 08:00:00,93239.05,93239.05,93221.07,93221.07,900,45,0
2026.02.20 07:45:00,93220.74,93241.25,93212.86,93239.07,900,45,0
2026.02.20 07:30:00,93205.23,93228.98,93199.91,93220.76,900,45,0
2026.02.20 07:15:00,93210.65,93215.41,93202.85,93205.25,900,45,0
2026.02.20 07:00:00,93200.02,93212.11,93183.50,93210.67,900,45,0
2026.02.20 06:45:00,93119.21,93204.96,93118.43,93200.04,900,45,0
2026.02.20 06:30:00,93137.21,93137.21,93119.23,93119.23,900,45,0
2026.02.20 06:15:00,93155.21,93155.21,93137.23,93137.23,900,45,0
2026.02.20 06:00:00,93146.93,93155.75,93129.49,93155.23,900,45,0
2026.02.20 05:45:00,93164.93,93164.93,93146.95,93146.95,900,45,0
2026.02.20 05:30:00,93165.32,93176.65,93159.06,93164.95,900,45,0
2026.02.20 05:15:00,93183.32,93183.32,93165.34,93165.34,900,45,0
2026.02.20 05:00:00,93201.32,93201.32,93183.34,93183.34,900,45,0
2026.02.20 04:45:00,93186.01,93209.34,93185.87,93201.34,900,45,0
2026.02.20 04:30:00,93204.01,93204.01,93186.03,93186.03,900,45,0
2026.02.20 04:15:00,93194.35,93206.73,93179.09,93204.03,900,45,0
2026.02.20 04:00:00,93193.47,93201.95,93183.09,93194.37,900,45,0
2026.02.20 03:45:00,93211.47,93211.47,93193.49,93193.49,900,45,0
2026.02.20 03:30:00,93205.06,93212.85,93188.46,93211.49,900,45,0
2026.02.20 03:15:00,93178.63,93208.58,93169.83,93205.08,900,45,0
2026.02.20 03:00:00,93196.63,93196.63,93178.65,93178.65,900,45,0
2026.02.20 02:45:00,93214.63,93214.63,93196.65,93196.65,900,45,0
2026.02.20 02:30:00,93201.73,93224.19,93197.89,93214.65,900,45,0
2026.02.20 02:15:00,93219.73,93219.73,93201.75,93201.75,900,45,0
2026.02.20 02:00:00,93237.73,93237.73,93219.75,93219.75,900,45,0
2026.02.20 01:45:00,93255.73,93255.73,93237.75,93237.75,900,45,0
2026.02.20 01:30:00,93273.73,93273.73,93255.75,93255.75,900,45,0
2026.02.20 01:15:00,93291.73,93291.73,93273.75,93273.75,900,45,0
2026.02.20 01:00:00,93282.96,93305.23,93278.48,93291.75,900,45,0
2026.02.20 00:45:00,93300.96,93300.96,93282.98,93282.98,900,45,0
2026.02.20 00:30:00,93303.37,93303.37,93285.51,93300.98,900,45,0
2026.02.20 00:15:00,93299.49,93320.53,93298.67,93303.39,900,45,0
2026.02.20 00:00:00,93297.75,93299.57,93279.85,93299.51,900,45,0
2026.02.19 23:45:00,93291.78,93314.71,93290.76,93297.77,900,45,0
2026.02.19 23:30:00,93309.80,93309.80,93291.80,93291.80,901,45,0
2026.02.19 23:15:00,93327.80,93327.80,93309.82,93309.82,900,45,0
2026.02.19 23:00:00,93345.80,93345.80,93327.82,93327.82,900,45,0
2026.02.19 22:45:00,93363.80,93363.80,93345.82,93345.82,900,45,0
2026.02.19 22:30:00,93365.88,93373.94,93358.04,93363.82,900,45,0
2026.02.19 22:15:00,93383.88,93383.88,93365.90,93365.90,900,45,0
2026.02.19 22:00:00,93389.69,93399.36,93383.90,93383.90,900,45,0
2026.02.19 21:45:00,93327.39,93392.19,93320.09,93389.71,900,45,0
2026.02.19 21:30:00,93330.74,93331.67,93317.04,93327.41,900,45,0
2026.02.19 21:15:00,93348.74,93348.74,93330.76,93330.76,900,45,0
2026.02.19 21:00:00,93344.87,93358.62,93336.77,93348.76,900,45,0
2026.02.19 20:45:00,93362.87,93362.87,93344.89,93344.89,900,45,0
2026.02.19 20:30:00,93349.64,93365.61,93334.40,93362.89,900,45,0
2026.02.19 20:15:00,93354.96,93354.96,93341.26,93349.66,900,45,0
2026.02.19 20:00:00,93372.96,93372.96,93354.98,93354.98,900,45,0
2026.02.19 19:45:00,93390.96,93390.96,93372.98,93372.98,900,45,0
2026.02.19 19:30:00,93408.96,93408.96,93390.98,93390.98,900,45,0
2026.02.19 19:15:00,93412.41,93412.41,93396.45,93408.98,900,45,0
2026.02.19 19:00:00,93430.41,93430.41,93412.43,93412.43,900,45,0
2026.02.19 18:45:00,93448.41,93448.41,93430.43,93430.43,900,45,0
2026.02.19 18:30:00,93466.41,93466.41,93448.43,93448.43,900,45,0
2026.02.19 18:15:00,93484.41,93484.41,93466.43,93466.43,900,45,0
2026.02.19 18:00:00,93502.41,93502.41,93484.43,93484.43,900,45,0
2026.02.19 17:45:00,93505.93,93513.41,93498.95,93502.43,900,45,0
2026.02.19 17:30:00,93523.93,93523.93,93505.95,93505.95,900,45,0
2026.02.19 17:15:00,93516.53,93539.95,93514.57,93523.95,900,45,0
2026.02.19 17:00:00,93503.39,93519.19,93488.07,93516.55,900,45,0
2026.02.19 16:45:00,93521.39,93521.39,93503.41,93503.41,900,45,0
2026.02.19 16:30:00,93520.72,93530.41,93511.76,93521.41,900,45,0
2026.02.19 16:15:00,93513.49,93522.40,93497.19,93520.74,900,45,0
2026.02.19 16:00:00,93531.49,93531.49,93513.51,93513.51,900,45,0
2026.02.19 15:45:00,93527.50,93548.95,93526.98,93531.51,900,45,0
2026.02.19 15:30:00,93526.04,93529.16,93509.72,93527.52,900,45,0
2026.02.19 15:15:00,93531.11,93532.28,93519.37,93526.06,900,45,0
2026.02.19 15:00:00,93549.11,93549.11,93531.13,93531.13,900,45,0
2026.02.19 14:45:00,93520.84,93557.41,93511.16,93549.13,900,45,0
2026.02.19 14:30:00,93510.51,93532.44,93504.13,93520.86,900,45,0
2026.02.19 14:15:00,93528.53,93528.53,93510.53,93510.53,901,45,0
2026.02.19 14:00:00,93546.53,93546.53,93528.55,93528.55,900,45,0
2026.02.19 13:45:00,93522.37,93564.31,93522.17,93546.55,900,45,0
2026.02.19 13:30:00,93525.85,93537.07,93522.39,93522.39,900,45,0
2026.02.19 13:15:00,93543.85,93543.85,93525.87,93525.87,900,45,0
2026.02.19 13:00:00,93561.85,93561.85,93543.87,93543.87,900,45,0
2026.02.19 12:45:00,93579.85,93579.85,93561.87,93561.87,900,45,0
2026.02.19 12:30:00,93575.31,93585.61,93563.09,93579.87,900,45,0
2026.02.19 12:15:00,93593.31,93593.31,93575.33,93575.33,900,45,0
2026.02.19 12:00:00,93593.40,93604.17,93586.28,93593.33,900,45,0
2026.02.19 11:45:00,93611.40,93611.40,93593.42,93593.42,900,45,0
2026.02.19 11:30:00,93629.40,93629.40,93611.42,93611.42,900,45,0
2026.02.19 11:15:00,93602.36,93632.20,93600.14,93629.42,900,45,0
2026.02.19 11:00:00,93579.71,93608.36,93570.55,93602.38,900,45,0
2026.02.19 10:45:00,93597.71,93597.71,93579.73,93579.73,900,45,0
2026.02.19 10:30:00,93615.71,93615.71,93597.73,93597.73,900,45,0
2026.02.19 10:15:00,93607.53,93632.67,93606.51,93615.73,900,45,0
2026.02.19 10:00:00,93625.53,93625.53,93607.55,93607.55,900,45,0
2026.02.19 09:45:00,93643.53,93643.53,93625.55,93625.55,900,45,0
2026.02.19 09:30:00,93661.53,93661.53,93643.55,93643.55,900,45,0
2026.02.19 09:15:00,93679.53,93679.53,93661.55,93661.55,900,45,0
2026.02.19 09:00:00,93697.53,93697.53,93679.55,93679.55,900,45,0
2026.02.19 08:45:00,93691.35,93700.41,93676.25,93697.55,900,45,0
2026.02.19 08:30:00,93693.65,93703.57,93687.89,93691.37,900,45,0
2026.02.19 08:15:00,93699.40,93700.91,93688.68,93693.67,900,45,0
2026.02.19 08:00:00,93678.49,93701.80,93662.91,93699.42,900,45,0
2026.02.19 07:45:00,93678.17,93691.41,93673.11,93678.51,900,45,0
2026.02.19 07:30:00,93660.09,93690.41,93654.35,93678.19,900,45,0
2026.02.19 07:15:00,93660.15,93676.91,93658.99,93660.11,900,45,0
2026.02.19 07:00:00,93649.04,93672.25,93643.16,93660.17,900,45,0
2026.02.19 06:45:00,93641.70,93657.64,93632.32,93649.06,900,45,0
2026.02.19 06:30:00,93643.54,93643.54,93626.78,93641.72,900,45,0
2026.02.19 06:15:00,93618.87,93660.98,93618.37,93643.56,900,45,0
2026.02.19 06:00:00,93578.68,93620.91,93569.64,93618.89,900,45,0
2026.02.19 05:45:00,93563.43,93584.20,93561.75,93578.70,900,45,0
2026.02.19 05:30:00,93547.04,93563.69,93537.62,93563.45,900,45,0
2026.02.19 05:15:00,93506.62,93547.30,93503.00,93547.06,901,45,0
2026.02.19 05:00:00,93524.62,93524.62,93506.64,93506.64,900,45,0
2026.02.19 04:45:00,93542.62,93542.62,93524.64,93524.64,900,45,0
2026.02.19 04:30:00,93560.62,93560.62,93542.64,93542.64,900,45,0
2026.02.19 04:15:00,93578.62,93578.62,93560.64,93560.64,900,45,0
2026.02.19 04:00:00,93596.62,93596.62,93578.64,93578.64,900,45,0
2026.02.19 03:45:00,93591.41,93604.88,93581.69,93596.64,900,45,0
2026.02.19 03:30:00,93609.41,93609.41,93591.43,93591.43,900,45,0
2026.02.19 03:15:00,93597.45,93617.21,93587.27,93609.43,900,45,0
2026.02.19 03:00:00,93615.45,93615.45,93597.47,93597.47,900,45,0
2026.02.19 02:45:00,93633.45,93633.45,93615.47,93615.47,900,45,0
2026.02.19 02:30:00,93601.41,93637.83,93595.69,93633.47,900,45,0
2026.02.19 02:15:00,93619.41,93619.41,93601.43,93601.43,900,45,0
2026.02.19 02:00:00,93637.41,93637.41,93619.43,93619.43,900,45,0
2026.02.19 01:45:00,93655.41,93655.41,93637.43,93637.43,900,45,0
2026.02.19 01:30:00,93673.41,93673.41,93655.43,93655.43,900,45,0
2026.02.19 01:15:00,93667.54,93683.57,93659.72,93673.43,900,45,0
2026.02.19 01:00:00,93685.54,93685.54,93667.56,93667.56,900,45,0
2026.02.19 00:45:00,93681.01,93694.94,93672.43,93685.56,900,45,0
2026.02.19 00:30:00,93676.94,93696.51,93674.46,93681.03,900,45,0
2026.02.19 00:15:00,93676.94,93692.30,93674.32,93676.96,900,45,0
2026.02.19 00:00:00,93694.94,93694.94,93676.96,93676.96,900,45,0
2026.02.18 23:45:00,93676.66,93695.48,93659.22,93694.96,900,45,0
2026.02.18 23:30:00,93621.85,93679.66,93612.23,93676.68,900,45,0
2026.02.18 23:15:00,93624.90,93632.51,93617.58,93621.87,900,45,0
2026.02.18 23:00:00,93626.46,93639.52,93623.10,93624.92,900,45,0
2026.02.18 22:45:00,93644.46,93644.46,93626.48,93626.48,900,45,0
2026.02.18 22:30:00,93644.23,93644.78,93626.57,93644.48,900,45,0
2026.02.18 22:15:00,93662.23,93662.23,93644.25,93644.25,900,45,0
2026.02.18 22:00:00,93658.55,93665.17,93643.51,93662.25,900,45,0
2026.02.18 21:45:00,93617.32,93673.77,93614.96,93658.57,900,45,0
2026.02.18 21:30:00,93635.32,93635.32,93617.34,93617.34,900,45,0
2026.02.18 21:15:00,93653.32,93653.32,93635.34,93635.34,900,45,0
2026.02.18 21:00:00,93671.32,93671.32,93653.34,93653.34,900,45,0
2026.02.18 20:45:00,93689.32,93689.32,93671.34,93671.34,900,45,0
2026.02.18 20:30:00,93657.56,93698.12,93657.10,93689.34,900,45,0
2026.02.18 20:15:00,93602.34,93661.24,93602.06,93657.58,901,45,0
2026.02.18 20:00:00,93620.34,93620.34,93602.36,93602.36,900,45,0
2026.02.18 19:45:00,93621.15,93625.70,93608.53,93620.36,900,45,0
2026.02.18 19:30:00,93639.15,93639.15,93621.17,93621.17,900,45,0
2026.02.18 19:15:00,93633.77,93648.17,93624.81,93639.17,900,45,0
2026.02.18 19:00:00,93651.77,93651.77,93633.79,93633.79,900,45,0
2026.02.18 18:45:00,93647.17,93666.71,93644.13,93651.79,900,45,0
2026.02.18 18:30:00,93665.17,93665.17,93647.19,93647.19,900,45,0
2026.02.18 18:15:00,93683.17,93683.17,93665.19,93665.19,900,45,0
2026.02.18 18:00:00,93675.60,93688.33,93662.78,93683.19,900,45,0
2026.02.18 17:45:00,93693.60,93693.60,93675.62,93675.62,900,45,0
2026.02.18 17:30:00,93685.82,93699.96,93674.20,93693.62,900,45,0
2026.02.18 17:15:00,93703.82,93703.82,93685.84,93685.84,900,45,0
2026.02.18 17:00:00,93678.70,93716.78,93673.68,93703.84,900,45,0
2026.02.18 16:45:00,93638.07,93689.52,93636.95,93678.72,900,45,0
2026.02.18 16:30:00,93656.07,93656.07,93638.09,93638.09,900,45,0
2026.02.18 16:15:00,93674.07,93674.07,93656.09,93656.09,900,45,0
2026.02.18 16:00:00,93674.66,93685.23,93667.84,93674.09,900,45,0
2026.02.18 15:45:00,93641.29,93681.28,93635.45,93674.68,900,45,0
2026.02.18 15:30:00,93601.22,93651.01,93593.56,93641.31,900,45,0
2026.02.18 15:15:00,93619.22,93619.22,93601.24,93601.24,900,45,0
2026.02.18 15:00:00,93624.19,93630.78,93617.77,93619.24,900,45,0
2026.02.18 14:45:00,93642.19,93642.19,93624.21,93624.21,900,45,0
2026.02.18 14:30:00,93642.86,93658.71,93641.40,93642.21,900,45,0
2026.02.18 14:15:00,93627.45,93646.84,93626.87,93642.88,900,45,0
2026.02.18 14:00:00,93614.98,93637.93,93607.48,93627.47,900,45,0
2026.02.18 13:45:00,93593.53,93630.94,93591.51,93615.00,900,45,0
2026.02.18 13:30:00,93585.96,93597.11,93571.56,93593.55,900,45,0
2026.02.18 13:15:00,93603.96,93603.96,93585.98,93585.98,900,45,0
2026.02.18 13:00:00,93593.29,93608.54,93579.89,93603.98,900,45,0
2026.02.18 12:45:00,93611.29,93611.29,93593.31,93593.31,900,45,0
2026.02.18 12:30:00,93596.81,93627.19,93594.73,93611.31,900,45,0
2026.02.18 12:15:00,93589.87,93611.07,93586.15,93596.83,900,45,0
2026.02.18 12:00:00,93553.89,93591.23,93544.43,93589.89,900,45,0
2026.02.18 11:45:00,93571.89,93571.89,93553.91,93553.91,900,45,0
2026.02.18 11:30:00,93589.89,93589.89,93571.91,93571.91,900,45,0
2026.02.18 11:15:00,93572.13,93603.69,93567.95,93589.91,900,45,0
2026.02.18 11:00:00,93547.62,93582.25,93546.28,93572.15,901,45,0
2026.02.18 10:45:00,93565.62,93565.62,93547.64,93547.64,900,45,0
2026.02.18 10:30:00,93519.65,93575.06,93515.91,93565.64,900,45,0
2026.02.18 10:15:00,93537.65,93537.65,93519.67,93519.67,900,45,0
2026.02.18 10:00:00,93555.65,93555.65,93537.67,93537.67,900,45,0
2026.02.18 09:45:00,93573.65,93573.65,93555.67,93555.67,900,45,0
2026.02.18 09:30:00,93563.66,93584.23,93556.26,93573.67,900,45,0
2026.02.18 09:15:00,93567.44,93569.34,93555.14,93563.68,900,45,0
2026.02.18 09:00:00,93524.47,93575.94,93518.57,93567.46,900,45,0
2026.02.18 08:45:00,93542.47,93542.47,93524.49,93524.49,900,45,0
2026.02.18 08:30:00,93544.47,93550.03,93534.05,93542.49,900,45,0
2026.02.18 08:15:00,93540.65,93549.29,93527.49,93544.49,900,45,0
2026.02.18 08:00:00,93558.65,93558.65,93540.67,93540.67,900,45,0
2026.02.18 07:45:00,93543.21,93561.61,93528.19,93558.67,900,45,0
2026.02.18 07:30:00,93537.29,93557.57,93533.67,93543.23,900,45,0
2026.02.18 07:15:00,93555.29,93555.29,93537.31,93537.31,900,45,0
2026.02.18 07:00:00,93573.29,93573.29,93555.31,93555.31,900,45,0
2026.02.18 06:45:00,93591.29,93591.29,93573.31,93573.31,900,45,0
2026.02.18 06:30:00,93573.25,93594.79,93558.77,93591.31,900,45,0
2026.02.18 06:15:00,93591.25,93591.25,93573.27,93573.27,900,45,0
2026.02.18 06:00:00,93609.25,93609.25,93591.27,93591.27,900,45,0
2026.02.18 05:45:00,93627.25,93627.25,93609.27,93609.27,900,45,0
2026.02.18 05:30:00,93645.25,93645.25,93627.27,93627.27,900,45,0
2026.02.18 05:15:00,93663.25,93663.25,93645.27,93645.27,900,45,0
2026.02.18 05:00:00,93681.25,93681.25,93663.27,93663.27,900,45,0
2026.02.18 04:45:00,93699.25,93699.25,93681.27,93681.27,900,45,0
2026.02.18 04:30:00,93675.60,93705.53,93663.90,93699.27,900,45,0
2026.02.18 04:15:00,93693.60,93693.60,93675.62,93675.62,900,45,0
2026.02.18 04:00:00,93711.60,93711.60,93693.62,93693.62,900,45,0
2026.02.18 03:45:00,93729.60,93729.60,93711.62,93711.62,900,45,0
2026.02.18 03:30:00,93747.60,93747.60,93729.62,93729.62,900,45,0
2026.02.18 03:15:00,93765.60,93765.60,93747.62,93747.62,900,45,0
2026.02.18 03:00:00,93783.60,93783.60,93765.62,93765.62,900,45,0
2026.02.18 02:45:00,93801.60,93801.60,93783.62,93783.62,900,45,0
2026.02.18 02:30:00,93819.60,93819.60,93801.62,93801.62,900,45,0
2026.02.18 02:15:00,93768.84,93820.88,93757.68,93819.62,900,45,0
2026.02.18 02:00:00,93786.86,93786.86,93768.86,93768.86,901,45,0
2026.02.18 01:45:00,93779.15,93800.64,93774.95,93786.88,900,45,0
2026.02.18 01:30:00,93777.52,93790.67,93771.06,93779.17,900,45,0
2026.02.18 01:15:00,93768.54,93780.60,93756.02,93777.54,900,45,0
2026.02.18 01:00:00,93747.75,93783.80,93745.03,93768.56,900,45,0
2026.02.18 00:45:00,93765.75,93765.75,93747.77,93747.77,900,45,0
2026.02.18 00:30:00,93783.75,93783.75,93765.77,93765.77,900,45,0
2026.02.18 00:15:00,93771.53,93791.37,93761.17,93783.77,900,45,0
2026.02.18 00:00:00,93700.16,93773.43,93693.44,93771.55,900,45,0
2026.02.17 23:45:00,93698.19,93716.54,93696.59,93700.18,900,45,0
2026.02.17 23:30:00,93716.19,93716.19,93698.21,93698.21,900,45,0
2026.02.17 23:15:00,93734.19,93734.19,93716.21,93716.21,900,45,0
2026.02.17 23:00:00,93702.87,93739.33,93690.11,93734.21,900,45,0
2026.02.17 22:45:00,93698.33,93709.05,93686.53,93702.89,900,45,0
2026.02.17 22:30:00,93716.33,93716.33,93698.35,93698.35,900,45,0
2026.02.17 22:15:00,93690.23,93717.01,93690.15,93716.35,900,45,0
2026.02.17 22:00:00,93653.24,93701.67,93651.24,93690.25,900,45,0
2026.02.17 21:45:00,93671.24,93671.24,93653.26,93653.26,900,45,0
2026.02.17 21:30:00,93649.27,93675.24,93635.29,93671.26,900,45,0
2026.02.17 21:15:00,93576.39,93649.59,93569.71,93649.29,900,45,0
2026.02.17 21:00:00,93547.00,93589.55,93542.30,93576.41,900,45,0
2026.02.17 20:45:00,93511.10,93548.90,93496.24,93547.02,900,45,0
2026.02.17 20:30:00,93529.10,93529.10,93511.12,93511.12,900,45,0
2026.02.17 20:15:00,93547.10,93547.10,93529.12,93529.12,900,45,0
2026.02.17 20:00:00,93517.06,93551.70,93511.66,93547.12,900,45,0
2026.02.17 19:45:00,93509.47,93518.98,93493.41,93517.08,900,45,0
2026.02.17 19:30:00,93527.47,93527.47,93509.49,93509.49,900,45,0
2026.02.17 19:15:00,93474.04,93532.11,93473.88,93527.49,900,45,0
2026.02.17 19:00:00,93395.54,93479.46,93388.66,93474.06,900,45,0
2026.02.17 18:45:00,93391.30,93411.32,93389.10,93395.56,900,45,0
2026.02.17 18:30:00,93395.01,93408.68,93391.32,93391.32,900,45,0
2026.02.17 18:15:00,93341.17,93400.35,93334.47,93395.03,900,45,0
2026.02.17 18:00:00,93359.17,93359.17,93341.19,93341.19,900,45,0
2026.02.17 17:45:00,93361.32,93375.71,93359.19,93359.19,900,45,0
2026.02.17 17:30:00,93294.95,93365.76,93294.43,93361.34,900,45,0
2026.02.17 17:15:00,93293.40,93300.83,93281.30,93294.97,900,45,0
2026.02.17 17:00:00,93311.42,93311.42,93293.42,93293.42,901,45,0
2026.02.17 16:45:00,93329.42,93329.42,93311.44,93311.44,900,45,0
2026.02.17 16:30:00,93347.42,93347.42,93329.44,93329.44,900,45,0
2026.02.17 16:15:00,93365.42,93365.42,93347.44,93347.44,900,45,0
2026.02.17 16:00:00,93320.36,93365.68,93307.18,93365.44,900,45,0
2026.02.17 15:45:00,93338.36,93338.36,93320.38,93320.38,900,45,0
2026.02.17 15:30:00,93356.36,93356.36,93338.38,93338.38,900,45,0
2026.02.17 15:15:00,93374.36,93374.36,93356.38,93356.38,900,45,0
2026.02.17 15:00:00,93359.76,93383.40,93357.70,93374.38,900,45,0
2026.02.17 14:45:00,93377.76,93377.76,93359.78,93359.78,900,45,0
2026.02.17 14:30:00,93374.45,93391.96,93370.67,93377.78,900,45,0
2026.02.17 14:15:00,93392.45,93392.45,93374.47,93374.47,900,45,0
2026.02.17 14:00:00,93410.45,93410.45,93392.47,93392.47,900,45,0
2026.02.17 13:45:00,93398.62,93415.53,93385.72,93410.47,900,45,0
2026.02.17 13:30:00,93416.62,93416.62,93398.64,93398.64,900,45,0
2026.02.17 13:15:00,93434.62,93434.62,93416.64,93416.64,900,45,0
2026.02.17 13:00:00,93452.62,93452.62,93434.64,93434.64,900,45,0
2026.02.17 12:45:00,93436.01,93470.38,93435.79,93452.64,900,45,0
2026.02.17 12:30:00,93454.01,93454.01,93436.03,93436.03,900,45,0
2026.02.17 12:15:00,93472.01,93472.01,93454.03,93454.03,900,45,0
2026.02.17 12:00:00,93393.17,93473.13,93382.05,93472.03,900,45,0
2026.02.17 11:45:00,93411.17,93411.17,93393.19,93393.19,900,45,0
2026.02.17 11:30:00,93429.17,93429.17,93411.19,93411.19,900,45,0
2026.02.17 11:15:00,93447.17,93447.17,93429.19,93429.19,900,45,0
2026.02.17 11:00:00,93421.42,93455.81,93416.76,93447.19,900,45,0
2026.02.17 10:45:00,93361.85,93423.14,93351.91,93421.44,900,45,0
2026.02.17 10:30:00,93366.29,93377.35,93361.87,93361.87,900,45,0
2026.02.17 10:15:00,93384.29,93384.29,93366.31,93366.31,900,45,0
2026.02.17 10:00:00,93362.93,93390.95,93357.03,93384.31,900,45,0
2026.02.17 09:45:00,93380.93,93380.93,93362.95,93362.95,900,45,0
2026.02.17 09:30:00,93398.93,93398.93,93380.95,93380.95,900,45,0
2026.02.17 09:15:00,93416.93,93416.93,93398.95,93398.95,900,45,0
2026.02.17 09:00:00,93434.93,93434.93,93416.95,93416.95,900,45,0
2026.02.17 08:45:00,93452.93,93452.93,93434.95,93434.95,900,45,0
2026.02.17 08:30:00,93440.16,93458.63,93427.88,93452.95,900,45,0
2026.02.17 08:15:00,93458.16,93458.16,93440.18,93440.18,900,45,0
2026.02.17 08:00:00,93453.71,93465.98,93443.53,93458.18,901,45,0
2026.02.17 07:45:00,93471.71,93471.71,93453.73,93453.73,900,45,0
2026.02.17 07:30:00,93489.71,93489.71,93471.73,93471.73,900,45,0
2026.02.17 07:15:00,93507.71,93507.71,93489.73,93489.73,900,45,0
2026.02.17 07:00:00,93525.71,93525.71,93507.73,93507.73,900,45,0
2026.02.17 06:45:00,93456.71,93527.03,93455.07,93525.73,900,45,0
2026.02.17 06:30:00,93459.97,93466.35,93451.63,93456.73,900,45,0
2026.02.17 06:15:00,93477.97,93477.97,93459.99,93459.99,900,45,0
2026.02.17 06:00:00,93495.97,93495.97,93477.99,93477.99,900,45,0
2026.02.17 05:45:00,93487.71,93504.51,93478.27,93495.99,900,45,0
2026.02.17 05:30:00,93505.71,93505.71,93487.73,93487.73,900,45,0
2026.02.17 05:15:00,93497.48,93518.09,93491.88,93505.73,900,45,0
2026.02.17 05:00:00,93515.48,93515.48,93497.50,93497.50,900,45,0
2026.02.17 04:45:00,93533.48,93533.48,93515.50,93515.50,900,45,0
2026.02.17 04:30:00,93551.48,93551.48,93533.50,93533.50,900,45,0
2026.02.17 04:15:00,93538.00,93560.02,93528.56,93551.50,900,45,0
2026.02.17 04:00:00,93496.41,93542.64,93489.23,93538.02,900,45,0
2026.02.17 03:45:00,93499.28,93500.23,93485.12,93496.43,900,45,0
2026.02.17 03:30:00,93446.57,93504.40,93442.29,93499.30,900,45,0
2026.02.17 03:15:00,93428.79,93457.35,93421.59,93446.59,900,45,0
2026.02.17 03:00:00,93424.14,93445.97,93423.34,93428.81,900,45,0
2026.02.17 02:45:00,93429.35,93433.02,93420.25,93424.16,900,45,0
2026.02.17 02:30:00,93447.35,93447.35,93429.37,93429.37,900,45,0
2026.02.17 02:15:00,93450.70,93450.70,93435.42,93447.37,900,45,0
2026.02.17 02:00:00,93468.70,93468.70,93450.72,93450.72,900,45,0
2026.02.17 01:45:00,93460.29,93478.86,93452.47,93468.72,900,45,0
2026.02.17 01:30:00,93478.29,93478.29,93460.31,93460.31,900,45,0
2026.02.17 01:15:00,93496.29,93496.29,93478.31,93478.31,900,45,0
2026.02.17 01:00:00,93514.29,93514.29,93496.31,93496.31,900,45,0
2026.02.17 00:45:00,93532.29,93532.29,93514.31,93514.31,900,45,0
2026.02.17 00:30:00,93550.29,93550.29,93532.31,93532.31,900,45,0
2026.02.17 00:15:00,93568.29,93568.29,93550.31,93550.31,900,45,0
2026.02.17 00:00:00,93586.29,93586.29,93568.31,93568.31,900,45,0
2026.02.16 23:45:00,93566.07,93597.27,93559.07,93586.31,900,45,0
2026.02.16 23:30:00,93557.80,93580.47,93554.22,93566.09,900,45,0
2026.02.16 23:15:00,93544.32,93561.26,93529.80,93557.82,900,45,0
2026.02.16 23:00:00,93549.12,93558.32,93544.34,93544.34,901,45,0
2026.02.16 22:45:00,93550.59,93563.14,93546.63,93549.14,900,45,0
2026.02.16 22:30:00,93532.17,93555.11,93518.71,93550.61,900,45,0
2026.02.16 22:15:00,93520.60,93534.89,93505.34,93532.19,900,45,0
2026.02.16 22:00:00,93538.60,93538.60,93520.62,93520.62,900,45,0
2026.02.16 21:45:00,93507.67,93555.64,93506.73,93538.62,900,45,0
2026.02.16 21:30:00,93525.67,93525.67,93507.69,93507.69,900,45,0
2026.02.16 21:15:00,93508.42,93534.47,93499.24,93525.69,900,45,0
2026.02.16 21:00:00,93473.89,93510.98,93473.73,93508.44,900,45,0
2026.02.16 20:45:00,93434.05,93478.15,93428.09,93473.91,900,45,0
2026.02.16 20:30:00,93439.53,93444.95,93432.45,93434.07,900,45,0
2026.02.16 20:15:00,93457.53,93457.53,93439.55,93439.55,900,45,0
2026.02.16 20:00:00,93475.53,93475.53,93457.55,93457.55,900,45,0
2026.02.16 19:45:00,93450.60,93486.97,93444.06,93475.55,900,45,0
2026.02.16 19:30:00,93468.60,93468.60,93450.62,93450.62,900,45,0
2026.02.16 19:15:00,93421.86,93470.92,93415.00,93468.62,900,45,0
2026.02.16 19:00:00,93415.52,93437.40,93413.08,93421.88,900,45,0
2026.02.16 18:45:00,93393.49,93418.74,93393.17,93415.54,900,45,0
2026.02.16 18:30:00,93411.49,93411.49,93393.51,93393.51,900,45,0
2026.02.16 18:15:00,93397.83,93424.27,93395.41,93411.51,900,45,0
2026.02.16 18:00:00,93401.64,93402.65,93388.48,93397.85,900,45,0
2026.02.16 17:45:00,93396.95,93404.82,93382.15,93401.66,900,45,0
2026.02.16 17:30:00,93396.68,93413.43,93395.18,93396.97,900,45,0
2026.02.16 17:15:00,93343.34,93404.12,93336.00,93396.70,900,45,0
2026.02.16 17:00:00,93313.43,93352.56,93311.33,93343.36,900,45,0
2026.02.16 16:45:00,93331.43,93331.43,93313.45,93313.45,900,45,0
2026.02.16 16:30:00,93297.38,93333.89,93293.08,93331.45,900,45,0
2026.02.16 16:15:00,93315.38,93315.38,93297.40,93297.40,900,45,0
2026.02.16 16:00:00,93333.38,93333.38,93315.40,93315.40,900,45,0
2026.02.16 15:45:00,93351.38,93351.38,93333.40,93333.40,900,45,0
2026.02.16 15:30:00,93369.38,93369.38,93351.40,93351.40,900,45,0
2026.02.16 15:15:00,93387.38,93387.38,93369.40,93369.40,900,45,0
2026.02.16 15:00:00,93382.86,93400.80,93378.30,93387.40,900,45,0
2026.02.16 14:45:00,93366.77,93399.52,93365.45,93382.88,900,45,0
2026.02.16 14:30:00,93384.77,93384.77,93366.79,93366.79,900,45,0
2026.02.16 14:15:00,93389.00,93394.97,93381.22,93384.79,900,45,0
2026.02.16 14:00:00,93407.00,93407.00,93389.02,93389.02,900,45,0
2026.02.16 13:45:00,93425.00,93425.00,93407.02,93407.02,900,45,0
2026.02.16 13:30:00,93396.49,93428.04,93388.27,93425.02,900,45,0
2026.02.16 13:15:00,93414.49,93414.49,93396.51,93396.51,900,45,0
2026.02.16 13:00:00,93416.02,93429.87,93413.42,93414.51,900,45,0
2026.02.16 12:45:00,93417.21,93417.21,93400.31,93416.04,900,45,0
2026.02.16 12:30:00,93403.39,93434.55,93402.85,93417.23,900,45,0
2026.02.16 12:15:00,93421.39,93421.39,93403.41,93403.41,900,45,0
2026.02.16 12:00:00,93439.39,93439.39,93421.41,93421.41,900,45,0
2026.02.16 11:45:00,93457.39,93457.39,93439.41,93439.41,900,45,0
2026.02.16 11:30:00,93441.62,93471.05,93437.30,93457.41,900,45,0
2026.02.16 11:15:00,93433.09,93441.72,93415.21,93441.64,900,45,0
2026.02.16 11:00:00,93397.79,93434.73,93394.43,93433.11,900,45,0
2026.02.16 10:45:00,93326.08,93398.51,93323.00,93397.81,900,45,0
2026.02.16 10:30:00,93309.34,93332.50,93299.66,93326.10,900,45,0
2026.02.16 10:15:00,93327.34,93327.34,93309.36,93309.36,900,45,0
2026.02.16 10:00:00,93278.45,93333.00,93274.53,93327.36,900,45,0
2026.02.16 09:45:00,93263.79,93293.89,93263.13,93278.47,900,45,0
2026.02.16 09:30:00,93267.21,93273.39,93258.83,93263.81,900,45,0
2026.02.16 09:15:00,93270.22,93281.71,93266.74,93267.23,900,45,0
2026.02.16 09:00:00,93288.22,93288.22,93270.24,93270.24,900,45,0
2026.02.16 08:45:00,93306.24,93306.24,93288.24,93288.24,901,45,0
2026.02.16 08:30:00,93299.45,93311.56,93286.81,93306.26,899,45,0
2026.02.16 08:15:00,93317.47,93317.47,93299.47,93299.47,901,45,0
2026.02.16 08:00:00,93335.47,93335.47,93317.49,93317.49,900,45,0
2026.02.16 07:45:00,93311.46,93342.87,93306.68,93335.49,900,45,0
2026.02.16 07:30:00,93329.46,93329.46,93311.48,93311.48,900,45,0
2026.02.16 07:15:00,93334.74,93344.56,93329.48,93329.48,900,45,0
2026.02.16 07:00:00,93352.74,93352.74,93334.76,93334.76,900,45,0
2026.02.16 06:45:00,93370.72,93370.72,93352.76,93352.76,899,45,0
2026.02.16 06:30:00,93388.74,93388.74,93370.74,93370.74,901,45,0
2026.02.16 06:15:00,93406.74,93406.74,93388.76,93388.76,900,45,0
2026.02.16 06:00:00,93424.74,93424.74,93406.76,93406.76,900,45,0
2026.02.16 05:45:00,93442.74,93442.74,93424.76,93424.76,900,45,0
2026.02.16 05:30:00,93442.63,93445.52,93427.43,93442.76,900,45,0
2026.02.16 05:15:00,93444.17,93444.35,93427.91,93442.65,900,45,0
2026.02.16 05:00:00,93433.33,93459.51,93430.69,93444.19,900,45,0
2026.02.16 04:45:00,93451.33,93451.33,93433.35,93433.35,900,45,0
2026.02.16 04:30:00,93469.33,93469.33,93451.35,93451.35,900,45,0
2026.02.16 04:15:00,93487.33,93487.33,93469.35,93469.35,900,45,0
2026.02.16 04:00:00,93505.33,93505.33,93487.35,93487.35,900,45,0
2026.02.16 03:45:00,93523.33,93523.33,93505.35,93505.35,900,45,0
2026.02.16 03:30:00,93518.25,93524.65,93501.59,93523.35,900,45,0
2026.02.16 03:15:00,93536.25,93536.25,93518.27,93518.27,900,45,0
2026.02.16 03:00:00,93554.25,93554.25,93536.27,93536.27,900,45,0
2026.02.16 02:45:00,93572.25,93572.25,93554.27,93554.27,900,45,0
2026.02.16 02:30:00,93590.25,93590.25,93572.27,93572.27,900,45,0
2026.02.16 02:15:00,93568.55,93594.67,93554.99,93590.27,900,45,0
2026.02.16 02:00:00,93569.89,93586.53,93568.57,93568.57,900,45,0
2026.02.16 01:45:00,93587.89,93587.89,93569.91,93569.91,900,45,0
2026.02.16 01:30:00,93605.89,93605.89,93587.91,93587.91,900,45,0
2026.02.16 01:15:00,93583.33,93607.41,93582.87,93605.91,900,45,0
2026.02.16 01:00:00,93521.22,93595.65,93520.94,93583.35,900,45,0
2026.02.16 00:45:00,93539.22,93539.22,93521.24,93521.24,900,45,0
2026.02.16 00:30:00,93557.22,93557.22,93539.24,93539.24,900,45,0
2026.02.16 00:15:00,93535.28,93564.46,93525.72,93557.24,900,45,0
2026.02.16 00:00:00,93539.01,93540.60,93526.35,93535.30,900,45,0
2026.02.15 23:45:00,93522.12,93551.45,93516.58,93539.03,900,45,0
2026.02.15 23:30:00,93540.12,93540.12,93522.14,93522.14,900,45,0
2026.02.15 23:15:00,93467.42,93542.84,93467.36,93540.14,900,45,0
2026.02.15 23:00:00,93485.42,93485.42,93467.44,93467.44,900,45,0
2026.02.15 22:45:00,93461.10,93487.87,93459.62,93485.44,900,45,0
2026.02.15 22:30:00,93479.10,93479.10,93461.12,93461.12,900,45,0
2026.02.15 22:15:00,93438.55,93491.10,93433.35,93479.12,900,45,0
2026.02.15 22:00:00,93429.66,93447.73,93420.86,93438.57,900,45,0
2026.02.15 21:45:00,93447.66,93447.66,93429.68,93429.68,900,45,0
2026.02.15 21:30:00,93465.66,93465.66,93447.68,93447.68,900,45,0
2026.02.15 21:15:00,93459.13,93479.54,93455.03,93465.68,900,45,0
2026.02.15 21:00:00,93446.46,93472.51,93441.86,93459.15,900,45,0
2026.02.15 20:45:00,93464.46,93464.46,93446.48,93446.48,900,45,0
2026.02.15 20:30:00,93466.32,93472.46,93456.34,93464.48,900,45,0
2026.02.15 20:15:00,93484.32,93484.32,93466.34,93466.34,900,45,0
2026.02.15 20:00:00,93480.21,93488.34,93466.25,93484.34,900,45,0
2026.02.15 19:45:00,93464.64,93492.53,93458.98,93480.23,900,45,0
2026.02.15 19:30:00,93449.75,93477.14,93444.27,93464.66,900,45,0
2026.02.15 19:15:00,93467.75,93467.75,93449.77,93449.77,900,45,0
2026.02.15 19:00:00,93485.75,93485.75,93467.77,93467.77,900,45,0
2026.02.15 18:45:00,93503.75,93503.75,93485.77,93485.77,900,45,0
2026.02.15 18:30:00,93521.75,93521.75,93503.77,93503.77,900,45,0
2026.02.15 18:15:00,93504.30,93525.11,93489.68,93521.77,900,45,0
2026.02.15 18:00:00,93522.30,93522.30,93504.32,93504.32,900,45,0
2026.02.15 17:45:00,93540.30,93540.30,93522.32,93522.32,900,45,0
2026.02.15 17:30:00,93558.30,93558.30,93540.32,93540.32,900,45,0
2026.02.15 17:15:00,93576.30,93576.30,93558.32,93558.32,900,45,0
2026.02.15 17:00:00,93594.30,93594.30,93576.32,93576.32,900,45,0
2026.02.15 16:45:00,93590.15,93603.46,93581.33,93594.32,900,45,0
2026.02.15 16:30:00,93556.61,93590.67,93555.23,93590.17,900,45,0
2026.02.15 16:15:00,93539.79,93562.13,93527.33,93556.63,900,45,0
2026.02.15 16:00:00,93557.79,93557.79,93539.81,93539.81,900,45,0
2026.02.15 15:45:00,93575.79,93575.79,93557.81,93557.81,900,45,0
2026.02.15 15:30:00,93549.14,93576.65,93540.76,93575.81,900,45,0
2026.02.15 15:15:00,93536.18,93554.00,93523.06,93549.16,900,45,0
2026.02.15 15:00:00,93523.70,93551.28,93520.82,93536.20,900,45,0
2026.02.15 14:45:00,93504.95,93530.72,93501.51,93523.72,900,45,0
2026.02.15 14:30:00,93454.26,93512.61,93450.10,93504.97,900,45,0
2026.02.15 14:15:00,93472.26,93472.26,93454.28,93454.28,900,45,0
2026.02.15 14:00:00,93476.08,93481.56,93467.40,93472.28,900,45,0
2026.02.15 13:45:00,93471.27,93493.44,93470.65,93476.10,880,45,0
2026.02.15 13:30:00,93489.27,93489.27,93471.29,93471.29,900,45,0
2026.02.15 13:15:00,93483.16,93496.81,93472.72,93489.29,900,45,0
2026.02.15 13:00:00,93501.16,93501.16,93483.18,93483.18,900,45,0
2026.02.15 12:45:00,93498.52,93511.32,93490.70,93501.18,900,45,0
2026.02.15 12:30:00,93463.61,93501.80,93456.83,93498.54,900,45,0
2026.02.15 12:15:00,93458.01,93479.61,93456.03,93463.63,900,45,0
2026.02.15 12:00:00,93476.01,93476.01,93458.03,93458.03,900,45,0
2026.02.15 11:45:00,93480.40,93490.85,93476.03,93476.03,900,45,0
2026.02.15 11:30:00,93498.40,93498.40,93480.42,93480.42,900,45,0
2026.02.15 11:15:00,93491.82,93515.12,93490.56,93498.42,900,45,0
2026.02.15 11:00:00,93485.75,93503.20,93479.15,93491.84,900,45,0
2026.02.15 10:45:00,93474.15,93498.41,93468.83,93485.77,900,45,0
2026.02.15 10:30:00,93450.41,93474.85,93447.01,93474.17,900,45,0
2026.02.15 10:15:00,93402.03,93455.41,93396.77,93450.43,900,45,0
2026.02.15 10:00:00,93420.03,93420.03,93402.05,93402.05,900,45,0
2026.02.15 09:45:00,93419.48,93430.25,93411.72,93420.05,900,45,0
2026.02.15 09:30:00,93437.48,93437.48,93419.50,93419.50,900,45,0
2026.02.15 09:15:00,93431.63,93453.14,93429.31,93437.50,900,45,0
2026.02.15 09:00:00,93419.87,93447.99,93418.25,93431.65,900,45,0
2026.02.15 08:45:00,93437.87,93437.87,93419.89,93419.89,900,45,0
2026.02.15 08:30:00,93419.18,93446.45,93413.04,93437.89,900,45,0
2026.02.15 08:15:00,93423.64,93423.64,93409.26,93419.20,900,45,0
2026.02.15 08:00:00,93374.86,93430.54,93368.64,93423.66,835,45,0
2026.02.15 07:45:00,93392.52,93392.52,93374.88,93374.88,832,45,0
2026.02.15 07:30:00,93393.27,93399.02,93381.79,93392.54,900,45,0
2026.02.15 07:15:00,93411.27,93411.27,93393.29,93393.29,900,45,0
2026.02.15 07:00:00,93414.59,93421.35,93406.71,93411.29,899,45,0
2026.02.15 06:45:00,93407.83,93417.65,93404.91,93414.61,300,45,0
2026.02.15 06:30:00,93425.83,93425.83,93407.85,93407.85,900,45,0
2026.02.15 06:15:00,93423.94,93432.67,93412.80,93425.85,900,45,0
2026.02.15 06:00:00,93426.89,93429.68,93414.65,93423.96,900,45,0
2026.02.15 05:45:00,93444.89,93444.89,93426.91,93426.91,900,45,0
2026.02.15 05:30:00,93462.89,93462.89,93444.91,93444.91,900,45,0
2026.02.15 05:15:00,93480.89,93480.89,93462.91,93462.91,900,45,0
2026.02.15 05:00:00,93431.75,93484.85,93426.97,93480.91,900,45,0
2026.02.15 04:45:00,93414.37,93433.85,93405.19,93431.77,900,45,0
2026.02.15 04:30:00,93387.58,93414.57,93374.42,93414.39,900,45,0
2026.02.15 04:15:00,93405.58,93405.58,93387.60,93387.60,900,45,0
2026.02.15 04:00:00,93407.00,93418.16,93401.60,93405.60,900,45,0
2026.02.15 03:45:00,93401.71,93424.52,93401.25,93407.02,900,45,0
2026.02.15 03:30:00,93377.04,93410.95,93368.30,93401.73,900,45,0
2026.02.15 03:15:00,93325.75,93379.92,93324.69,93377.06,900,45,0
2026.02.15 03:00:00,93317.49,93330.79,93304.55,93325.77,900,45,0
2026.02.15 02:45:00,93335.49,93335.49,93317.51,93317.51,900,45,0
2026.02.15 02:30:00,93353.49,93353.49,93335.51,93335.51,900,45,0
2026.02.15 02:15:00,93357.02,93369.39,93353.51,93353.51,901,45,0
2026.02.15 02:00:00,93347.56,93366.72,93339.28,93357.04,900,45,0
2026.02.15 01:45:00,93309.08,93348.38,93302.14,93347.58,900,45,0
2026.02.15 01:30:00,93327.08,93327.08,93309.10,93309.10,900,45,0
2026.02.15 01:15:00,93345.08,93345.08,93327.10,93327.10,900,45,0
2026.02.15 01:00:00,93363.08,93363.08,93345.10,93345.10,900,45,0
2026.02.15 00:45:00,93381.08,93381.08,93363.10,93363.10,900,45,0
2026.02.15 00:30:00,93373.51,93393.34,93367.79,93381.10,900,45,0
2026.02.15 00:15:00,93361.71,93387.29,93357.51,93373.53,900,45,0
2026.02.15 00:00:00,93319.03,93371.47,93316.41,93361.73,900,45,0
2026.02.14 23:45:00,93337.03,93337.03,93319.05,93319.05,900,45,0
2026.02.14 23:30:00,93329.83,93343.43,93318.25,93337.05,900,45,0
2026.02.14 23:15:00,93347.83,93347.83,93329.85,93329.85,900,45,0
2026.02.14 23:00:00,93365.83,93365.83,93347.85,93347.85,900,45,0
2026.02.14 22:45:00,93350.97,93375.95,93343.11,93365.85,900,45,0
2026.02.14 22:30:00,93368.97,93368.97,93350.99,93350.99,900,45,0
2026.02.14 22:15:00,93386.97,93386.97,93368.99,93368.99,900,45,0
2026.02.14 22:00:00,93354.90,93396.79,93351.10,93386.99,900,45,0
2026.02.14 21:45:00,93320.71,93358.26,93313.09,93354.92,900,45,0
2026.02.14 21:30:00,93338.71,93338.71,93320.73,93320.73,900,45,0
2026.02.14 21:15:00,93310.84,93344.85,93306.86,93338.73,900,45,0
2026.02.14 21:00:00,93328.84,93328.84,93310.86,93310.86,900,45,0
2026.02.14 20:45:00,93346.84,93346.84,93328.86,93328.86,900,45,0
2026.02.14 20:30:00,93309.64,93355.74,93303.22,93346.86,900,45,0
2026.02.14 20:15:00,93300.92,93327.06,93300.36,93309.66,900,45,0
2026.02.14 20:00:00,93299.51,93312.56,93293.17,93300.94,900,45,0
2026.02.14 19:45:00,93317.51,93317.51,93299.53,93299.53,886,45,0
2026.02.14 19:30:00,93310.24,93323.35,93298.10,93317.53,900,45,0
2026.02.14 19:15:00,93328.24,93328.24,93310.26,93310.26,900,45,0
2026.02.14 19:00:00,93330.85,93341.42,93326.05,93328.26,900,45,0
2026.02.14 18:45:00,93348.85,93348.85,93330.87,93330.87,900,45,0
2026.02.14 18:30:00,93366.85,93366.85,93348.87,93348.87,900,45,0
2026.02.14 18:15:00,93352.68,93369.37,93337.22,93366.87,900,45,0
2026.02.14 18:00:00,93370.68,93370.68,93352.70,93352.70,900,45,0
2026.02.14 17:45:00,93388.68,93388.68,93370.70,93370.70,900,45,0
2026.02.14 17:30:00,93406.68,93406.68,93388.70,93388.70,900,45,0
2026.02.14 17:15:00,93424.68,93424.68,93406.70,93406.70,900,45,0
2026.02.14 17:00:00,93442.68,93442.68,93424.70,93424.70,900,45,0
2026.02.14 16:45:00,93404.20,93447.28,93391.84,93442.70,900,45,0
2026.02.14 16:30:00,93422.20,93422.20,93404.22,93404.22,900,45,0
2026.02.14 16:15:00,93440.20,93440.20,93422.22,93422.22,900,45,0
2026.02.14 16:00:00,93386.85,93448.24,93377.39,93440.22,900,45,0
2026.02.14 15:45:00,93404.85,93404.85,93386.87,93386.87,900,45,0
2026.02.14 15:30:00,93397.54,93420.79,93395.50,93404.87,900,45,0
2026.02.14 15:15:00,93415.54,93415.54,93397.56,93397.56,900,45,0
2026.02.14 15:00:00,93433.54,93433.54,93415.56,93415.56,900,45,0
2026.02.14 14:45:00,93404.76,93434.08,93395.16,93433.56,900,45,0
2026.02.14 14:30:00,93422.76,93422.76,93404.78,93404.78,900,45,0
2026.02.14 14:15:00,93440.76,93440.76,93422.78,93422.78,900,45,0
2026.02.14 14:00:00,93440.01,93451.34,93432.61,93440.78,900,45,0
2026.02.14 13:45:00,93458.01,93458.01,93440.03,93440.03,900,45,0
2026.02.14 13:30:00,93476.01,93476.01,93458.03,93458.03,900,45,0
2026.02.14 13:15:00,93494.01,93494.01,93476.03,93476.03,900,45,0
2026.02.14 13:00:00,93512.01,93512.01,93494.03,93494.03,900,45,0
2026.02.14 12:45:00,93482.66,93517.43,93471.60,93512.03,900,45,0
2026.02.14 12:30:00,93500.66,93500.66,93482.68,93482.68,900,45,0
2026.02.14 12:15:00,93472.45,93501.82,93467.65,93500.68,900,45,0
2026.02.14 12:00:00,93490.45,93490.45,93472.47,93472.47,900,45,0
2026.02.14 11:45:00,93495.64,93499.01,93486.22,93490.47,900,45,0
2026.02.14 11:30:00,93486.72,93498.78,93471.88,93495.66,900,45,0
2026.02.14 11:15:00,93473.13,93494.28,93465.03,93486.74,900,45,0
2026.02.14 11:00:00,93491.13,93491.13,93473.15,93473.15,900,45,0
2026.02.14 10:45:00,93509.13,93509.13,93491.15,93491.15,900,45,0
2026.02.14 10:30:00,93511.00,93511.00,93493.52,93509.15,900,45,0
2026.02.14 10:15:00,93510.46,93520.34,93501.82,93511.02,900,45,0
2026.02.14 10:00:00,93528.46,93528.46,93510.48,93510.48,900,45,0
2026.02.14 09:45:00,93546.46,93546.46,93528.48,93528.48,900,45,0
2026.02.14 09:30:00,93564.46,93564.46,93546.48,93546.48,900,45,0
2026.02.14 09:15:00,93544.42,93582.36,93544.34,93564.48,900,45,0
2026.02.14 09:00:00,93543.43,93561.30,93542.33,93544.44,900,45,0
2026.02.14 08:45:00,93547.78,93554.23,93540.60,93543.45,900,45,0
2026.02.14 08:30:00,93565.78,93565.78,93547.80,93547.80,900,45,0
2026.02.14 08:15:00,93583.78,93583.78,93565.80,93565.80,900,45,0
2026.02.14 08:00:00,93601.78,93601.78,93583.80,93583.80,900,45,0
2026.02.14 07:45:00,93619.78,93619.78,93601.80,93601.80,900,45,0
2026.02.14 07:30:00,93637.78,93637.78,93619.80,93619.80,900,45,0
2026.02.14 07:15:00,93655.78,93655.78,93637.80,93637.80,900,45,0
2026.02.14 07:00:00,93623.46,93668.54,93623.04,93655.80,900,45,0
2026.02.14 06:45:00,93625.80,93625.80,93609.64,93623.48,900,45,0
2026.02.14 06:30:00,93627.46,93630.60,93614.28,93625.82,900,45,0
2026.02.14 06:15:00,93645.46,93645.46,93627.48,93627.48,900,45,0
2026.02.14 06:00:00,93635.09,93649.86,93621.51,93645.48,900,45,0
2026.02.14 05:45:00,93602.74,93637.77,93597.12,93635.11,900,45,0
2026.02.14 05:30:00,93620.74,93620.74,93602.76,93602.76,900,45,0
2026.02.14 05:15:00,93617.79,93622.72,93601.79,93620.76,900,45,0
2026.02.14 05:00:00,93635.79,93635.79,93617.81,93617.81,900,45,0
2026.02.14 04:45:00,93653.79,93653.79,93635.81,93635.81,900,45,0
2026.02.14 04:30:00,93614.64,93659.07,93606.76,93653.81,900,45,0
2026.02.14 04:15:00,93632.64,93632.64,93614.66,93614.66,900,45,0
2026.02.14 04:00:00,93650.64,93650.64,93632.66,93632.66,900,45,0
2026.02.14 03:45:00,93668.64,93668.64,93650.66,93650.66,900,45,0
2026.02.14 03:30:00,93648.03,93678.06,93645.15,93668.66,900,45,0
2026.02.14 03:15:00,93650.10,93665.07,93648.05,93648.05,900,45,0
2026.02.14 03:00:00,93668.10,93668.10,93650.12,93650.12,900,45,0
2026.02.14 02:45:00,93686.10,93686.10,93668.12,93668.12,900,45,0
2026.02.14 02:30:00,93704.10,93704.10,93686.12,93686.12,900,45,0
2026.02.14 02:15:00,93722.10,93722.10,93704.12,93704.12,900,45,0
2026.02.14 02:00:00,93689.42,93723.50,93685.80,93722.12,900,45,0
2026.02.14 01:45:00,93689.31,93706.82,93688.73,93689.44,900,45,0
2026.02.14 01:30:00,93641.35,93691.43,93629.91,93689.33,900,45,0
2026.02.14 01:15:00,93617.90,93641.97,93613.42,93641.37,900,45,0
2026.02.14 01:00:00,93617.70,93628.36,93610.18,93617.92,900,45,0
2026.02.14 00:45:00,93588.41,93626.22,93583.43,93617.72,900,45,0
2026.02.14 00:30:00,93606.41,93606.41,93588.43,93588.43,900,45,0
2026.02.14 00:15:00,93596.93,93624.17,93596.71,93606.43,900,45,0
2026.02.14 00:00:00,93577.97,93605.53,93568.59,93596.95,900,45,0
2026.02.13 23:45:00,93572.45,93591.45,93567.95,93577.99,900,45,0
2026.02.13 23:30:00,93553.20,93585.63,93548.40,93572.47,900,45,0
2026.02.13 23:15:00,93537.47,93555.90,93522.19,93553.22,900,45,0
2026.02.13 23:00:00,93517.76,93548.57,93510.88,93537.49,900,45,0
2026.02.13 22:45:00,93492.92,93521.10,93478.28,93517.78,900,45,0
2026.02.13 22:30:00,93510.92,93510.92,93492.94,93492.94,900,45,0
2026.02.13 22:15:00,93528.92,93528.92,93510.94,93510.94,900,45,0
2026.02.13 22:00:00,93527.93,93542.88,93523.91,93528.94,900,45,0
2026.02.13 21:45:00,93545.93,93545.93,93527.95,93527.95,900,45,0
2026.02.13 21:30:00,93544.02,93553.91,93534.02,93545.95,900,45,0
2026.02.13 21:15:00,93524.81,93547.30,93510.11,93544.04,900,45,0
2026.02.13 21:00:00,93542.81,93542.81,93524.83,93524.83,900,45,0
2026.02.13 20:45:00,93547.90,93547.90,93531.96,93542.83,900,45,0
2026.02.13 20:30:00,93534.48,93564.38,93533.16,93547.92,900,45,0
2026.02.13 20:15:00,93552.48,93552.48,93534.50,93534.50,900,45,0
2026.02.13 20:00:00,93570.48,93570.48,93552.50,93552.50,900,45,0
2026.02.13 19:45:00,93588.48,93588.48,93570.50,93570.50,900,45,0
2026.02.13 19:30:00,93606.48,93606.48,93588.50,93588.50,900,45,0
2026.02.13 19:15:00,93604.77,93608.58,93588.89,93606.50,900,45,0
2026.02.13 19:00:00,93622.77,93622.77,93604.79,93604.79,900,45,0
2026.02.13 18:45:00,93611.63,93624.87,93595.75,93622.79,900,45,0
2026.02.13 18:30:00,93629.63,93629.63,93611.65,93611.65,900,45,0
2026.02.13 18:15:00,93623.89,93637.79,93614.07,93629.65,900,45,0
2026.02.13 18:00:00,93625.65,93628.47,93612.25,93623.91,900,45,0
2026.02.13 17:45:00,93643.65,93643.65,93625.67,93625.67,900,45,0
2026.02.13 17:30:00,93661.65,93661.65,93643.67,93643.67,900,45,0
2026.02.13 17:15:00,93650.50,93669.03,93639.90,93661.67,900,45,0
2026.02.13 17:00:00,93668.50,93668.50,93650.52,93650.52,900,45,0
2026.02.13 16:45:00,93686.50,93686.50,93668.52,93668.52,900,45,0
2026.02.13 16:30:00,93666.43,93701.16,93663.11,93686.52,900,45,0
2026.02.13 16:15:00,93684.43,93684.43,93666.45,93666.45,900,45,0
2026.02.13 16:00:00,93649.61,93690.05,93649.47,93684.45,900,45,0
2026.02.13 15:45:00,93633.87,93658.05,93625.97,93649.63,900,45,0
2026.02.13 15:30:00,93651.87,93651.87,93633.89,93633.89,900,45,0
2026.02.13 15:15:00,93669.87,93669.87,93651.89,93651.89,900,45,0
2026.02.13 15:00:00,93648.06,93683.99,93644.20,93669.89,900,45,0
2026.02.13 14:45:00,93666.06,93666.06,93648.08,93648.08,900,45,0
2026.02.13 14:30:00,93684.06,93684.06,93666.08,93666.08,900,45,0
2026.02.13 14:15:00,93702.06,93702.06,93684.08,93684.08,900,45,0
2026.02.13 14:00:00,93720.06,93720.06,93702.08,93702.08,900,45,0
2026.02.13 13:45:00,93686.34,93725.34,93678.42,93720.08,900,45,0
2026.02.13 13:30:00,93704.34,93704.34,93686.36,93686.36,900,45,0
2026.02.13 13:15:00,93722.34,93722.34,93704.36,93704.36,900,45,0
2026.02.13 13:00:00,93720.75,93723.94,93704.37,93722.36,900,45,0
2026.02.13 12:45:00,93665.50,93722.71,93659.84,93720.77,900,45,0
2026.02.13 12:30:00,93683.50,93683.50,93665.52,93665.52,900,45,0
2026.02.13 12:15:00,93650.79,93685.16,93642.67,93683.52,900,45,0
2026.02.13 12:00:00,93651.20,93659.71,93642.14,93650.81,900,45,0
2026.02.13 11:45:00,93654.69,93656.64,93642.15,93651.22,900,45,0
2026.02.13 11:30:00,93636.05,93662.29,93630.29,93654.71,900,45,0
2026.02.13 11:15:00,93622.79,93645.19,93613.95,93636.07,900,45,0
2026.02.13 11:00:00,93565.09,93630.51,93562.39,93622.81,900,45,0
2026.02.13 10:45:00,93583.09,93583.09,93565.11,93565.11,900,45,0
2026.02.13 10:30:00,93528.21,93585.67,93523.67,93583.11,900,45,0
2026.02.13 10:15:00,93546.21,93546.21,93528.23,93528.23,900,45,0
2026.02.13 10:00:00,93564.21,93564.21,93546.23,93546.23,900,45,0
2026.02.13 09:45:00,93564.17,93570.77,93552.75,93564.23,900,45,0
2026.02.13 09:30:00,93552.40,93570.01,93540.26,93564.19,900,45,0
2026.02.13 09:15:00,93511.11,93560.56,93502.47,93552.42,900,45,0
2026.02.13 09:00:00,93529.11,93529.11,93511.13,93511.13,900,45,0
2026.02.13 08:45:00,93547.11,93547.11,93529.13,93529.13,900,45,0
2026.02.13 08:30:00,93565.11,93565.11,93547.13,93547.13,900,45,0
2026.02.13 08:15:00,93528.46,93573.11,93525.76,93565.13,900,45,0
2026.02.13 08:00:00,93473.01,93530.50,93472.91,93528.48,900,45,0
2026.02.13 07:45:00,93491.01,93491.01,93473.03,93473.03,900,45,0
2026.02.13 07:30:00,93509.01,93509.01,93491.03,93491.03,900,45,0
2026.02.13 07:15:00,93527.01,93527.01,93509.03,93509.03,900,45,0
2026.02.13 07:00:00,93461.11,93529.07,93447.37,93527.03,900,45,0
2026.02.13 06:45:00,93421.17,93466.93,93409.99,93461.13,900,45,0
2026.02.13 06:30:00,93393.91,93425.75,93380.51,93421.19,900,45,0
2026.02.13 06:15:00,93396.79,93400.47,93385.37,93393.93,900,45,0
2026.02.13 06:00:00,93414.79,93414.79,93396.81,93396.81,900,45,0
2026.02.13 05:45:00,93432.79,93432.79,93414.81,93414.81,900,45,0
2026.02.13 05:30:00,93450.79,93450.79,93432.81,93432.81,900,45,0
2026.02.13 05:15:00,93439.92,93452.25,93423.40,93450.81,900,45,0
2026.02.13 05:00:00,93445.72,93456.30,93439.94,93439.94,900,45,0
2026.02.13 04:45:00,93368.28,93447.72,93362.44,93445.74,900,45,0
2026.02.13 04:30:00,93340.81,93376.08,93331.07,93368.30,900,45,0
2026.02.13 04:15:00,93346.54,93346.54,93328.82,93340.83,900,45,0
2026.02.13 04:00:00,93364.54,93364.54,93346.56,93346.56,900,45,0
2026.02.13 03:45:00,93382.54,93382.54,93364.56,93364.56,900,45,0
2026.02.13 03:30:00,93400.54,93400.54,93382.56,93382.56,900,45,0
2026.02.13 03:15:00,93418.54,93418.54,93400.56,93400.56,900,45,0
2026.02.13 03:00:00,93417.63,93433.04,93414.15,93418.56,900,45,0
2026.02.13 02:45:00,93419.37,93419.37,93401.43,93417.65,900,45,0
2026.02.13 02:30:00,93419.10,93436.21,93417.96,93419.39,900,45,0
2026.02.13 02:15:00,93437.10,93437.10,93419.12,93419.12,900,45,0
2026.02.13 02:00:00,93442.91,93442.91,93429.61,93437.12,900,45,0
2026.02.13 01:45:00,93460.91,93460.91,93442.93,93442.93,900,45,0
2026.02.13 01:30:00,93446.85,93477.47,93445.43,93460.93,900,45,0
2026.02.13 01:15:00,93427.41,93449.41,93422.03,93446.87,900,45,0
2026.02.13 01:00:00,93422.35,93430.63,93407.59,93427.43,900,45,0
2026.02.13 00:45:00,93412.02,93429.05,93408.62,93422.37,900,45,0
2026.02.13 00:30:00,93430.02,93430.02,93412.04,93412.04,900,45,0
2026.02.13 00:15:00,93409.35,93430.80,93402.65,93430.04,900,45,0
2026.02.13 00:00:00,93427.35,93427.35,93409.37,93409.37,900,45,0
2026.02.12 23:45:00,93413.36,93429.95,93397.98,93427.37,900,45,0
2026.02.12 23:30:00,93392.37,93417.58,93384.51,93413.38,900,45,0
2026.02.12 23:15:00,93396.22,93397.09,93382.96,93392.39,900,45,0
2026.02.12 23:00:00,93414.22,93414.22,93396.24,93396.24,900,45,0
2026.02.12 22:45:00,93418.65,93423.04,93409.49,93414.24,900,45,0
2026.02.12 22:30:00,93436.65,93436.65,93418.67,93418.67,900,45,0
2026.02.12 22:15:00,93454.65,93454.65,93436.67,93436.67,900,45,0
2026.02.12 22:00:00,93414.83,93462.05,93409.99,93454.67,900,45,0
2026.02.12 21:45:00,93416.86,93429.21,93413.26,93414.85,900,45,0
2026.02.12 21:30:00,93420.83,93429.94,93415.93,93416.88,900,45,0
2026.02.12 21:15:00,93387.24,93431.57,93382.58,93420.85,900,45,0
2026.02.12 21:00:00,93353.41,93390.64,93338.83,93387.26,900,45,0
2026.02.12 20:45:00,93339.54,93360.65,93328.80,93353.43,900,45,0
2026.02.12 20:30:00,93333.12,93353.14,93328.74,93339.56,900,45,0
2026.02.12 20:15:00,93351.12,93351.12,93333.14,93333.14,900,45,0
2026.02.12 20:00:00,93369.12,93369.12,93351.14,93351.14,900,45,0
2026.02.12 19:45:00,93311.59,93381.06,93309.41,93369.14,900,45,0
2026.02.12 19:30:00,93308.51,93321.09,93300.03,93311.61,900,45,0
2026.02.12 19:15:00,93314.38,93314.38,93301.20,93308.53,900,45,0
2026.02.12 19:00:00,93280.70,93322.64,93275.34,93314.40,900,45,0
2026.02.12 18:45:00,93298.70,93298.70,93280.72,93280.72,900,45,0
2026.02.12 18:30:00,93316.70,93316.70,93298.72,93298.72,900,45,0
2026.02.12 18:15:00,93334.70,93334.70,93316.72,93316.72,900,45,0
2026.02.12 18:00:00,93352.70,93352.70,93334.72,93334.72,900,45,0
2026.02.12 17:45:00,93352.77,93357.30,93339.39,93352.72,900,45,0
2026.02.12 17:30:00,93370.77,93370.77,93352.79,93352.79,900,45,0
2026.02.12 17:15:00,93388.77,93388.77,93370.79,93370.79,900,45,0
2026.02.12 17:00:00,93406.77,93406.77,93388.79,93388.79,900,45,0
2026.02.12 16:45:00,93382.94,93418.47,93382.64,93406.79,900,45,0
2026.02.12 16:30:00,93400.94,93400.94,93382.96,93382.96,900,45,0
2026.02.12 16:15:00,93385.24,93403.50,93377.56,93400.96,900,45,0
2026.02.12 16:00:00,93365.93,93389.00,93353.77,93385.26,900,45,0
2026.02.12 15:45:00,93345.49,93379.97,93341.55,93365.95,900,45,0
2026.02.12 15:30:00,93345.05,93362.65,93344.23,93345.51,900,45,0
2026.02.12 15:15:00,93363.05,93363.05,93345.07,93345.07,900,45,0
2026.02.12 15:00:00,93381.05,93381.05,93363.07,93363.07,900,45,0
2026.02.12 14:45:00,93387.03,93394.13,93381.07,93381.07,900,45,0
2026.02.12 14:30:00,93375.24,93401.99,93372.22,93387.05,900,45,0
2026.02.12 14:15:00,93348.15,93382.98,93346.69,93375.26,900,45,0
2026.02.12 14:00:00,93335.91,93362.79,93332.57,93348.17,900,45,0
2026.02.12 13:45:00,93353.91,93353.91,93335.93,93335.93,900,45,0
2026.02.12 13:30:00,93285.71,93365.75,93283.71,93353.93,900,45,0
2026.02.12 13:15:00,93303.71,93303.71,93285.73,93285.73,900,45,0
2026.02.12 13:00:00,93306.14,93317.33,93301.78,93303.73,900,45,0
2026.02.12 12:45:00,93303.62,93314.18,93293.68,93306.16,900,45,0
2026.02.12 12:30:00,93307.37,93307.37,93292.79,93303.64,900,45,0
2026.02.12 12:15:00,93290.97,93321.65,93290.61,93307.39,900,45,0
2026.02.12 12:00:00,93283.48,93283.48,93265.50,93265.50,900,45,0
2026.02.12 11:45:00,93301.48,93301.48,93283.50,93283.50,900,45,0
2026.02.12 11:30:00,93304.46,93304.46,93288.96,93301.50,900,45,0
2026.02.12 11:15:00,93322.46,93322.46,93304.48,93304.48,900,45,0
2026.02.12 11:00:00,93317.99,93323.58,93301.13,93322.48,900,45,0
2026.02.12 10:45:00,93310.50,93325.97,93300.50,93318.01,900,45,0
2026.02.12 10:30:00,93314.73,93314.73,93297.91,93310.52,900,45,0
2026.02.12 10:15:00,93319.13,93324.47,93310.89,93314.75,900,45,0
2026.02.12 10:00:00,93337.13,93337.13,93319.15,93319.15,900,45,0
2026.02.12 09:45:00,93355.13,93355.13,93337.15,93337.15,900,45,0
2026.02.12 09:30:00,93336.93,93363.97,93327.79,93355.15,900,45,0
2026.02.12 09:15:00,93354.93,93354.93,93336.95,93336.95,900,45,0
2026.02.12 09:00:00,93299.22,93365.63,93294.86,93354.95,900,45,0
2026.02.12 08:45:00,93291.86,93317.12,93291.78,93299.24,900,45,0
2026.02.12 08:30:00,93286.71,93292.34,93269.21,93291.88,900,45,0
2026.02.12 08:15:00,93304.71,93304.71,93286.73,93286.73,900,45,0
2026.02.12 08:00:00,93322.71,93322.71,93304.73,93304.73,900,45,0
2026.02.12 07:45:00,93340.71,93340.71,93322.73,93322.73,900,45,0
2026.02.12 07:30:00,93358.71,93358.71,93340.73,93340.73,900,45,0
2026.02.12 07:15:00,93351.72,93371.77,93346.80,93358.73,900,45,0
2026.02.12 07:00:00,93331.31,93355.82,93317.43,93351.74,900,45,0
2026.02.12 06:45:00,93306.98,93338.69,93296.38,93331.33,900,45,0
2026.02.12 06:30:00,93301.83,93323.10,93299.97,93307.00,900,45,0
2026.02.12 06:15:00,93319.83,93319.83,93301.85,93301.85,900,45,0
2026.02.12 06:00:00,93337.83,93337.83,93319.85,93319.85,900,45,0
2026.02.12 05:45:00,93355.83,93355.83,93337.85,93337.85,900,45,0
2026.02.12 05:30:00,93373.83,93373.83,93355.85,93355.85,900,45,0
2026.02.12 05:15:00,93391.83,93391.83,93373.85,93373.85,900,45,0
2026.02.12 05:00:00,93379.57,93407.93,93377.69,93391.85,900,45,0
2026.02.12 04:45:00,93397.57,93397.57,93379.59,93379.59,900,45,0
2026.02.12 04:30:00,93415.57,93415.57,93397.59,93397.59,900,45,0
2026.02.12 04:15:00,93433.57,93433.57,93415.59,93415.59,900,45,0
2026.02.12 04:00:00,93398.45,93440.75,93388.65,93433.59,900,45,0
2026.02.12 03:45:00,93416.45,93416.45,93398.47,93398.47,900,45,0
2026.02.12 03:30:00,93434.45,93434.45,93416.47,93416.47,900,45,0
2026.02.12 03:15:00,93398.14,93437.99,93387.04,93434.47,900,45,0
2026.02.12 03:00:00,93390.67,93407.00,93381.55,93398.16,900,45,0
2026.02.12 02:45:00,93330.92,93398.81,93330.70,93390.69,900,45,0
2026.02.12 02:30:00,93348.92,93348.92,93330.94,93330.94,900,45,0
2026.02.12 02:15:00,93366.92,93366.92,93348.94,93348.94,900,45,0
2026.02.12 02:00:00,93306.96,93374.16,93300.32,93366.94,900,45,0
2026.02.12 01:45:00,93324.96,93324.96,93306.98,93306.98,900,45,0
2026.02.12 01:30:00,93326.20,93326.52,93309.78,93324.98,900,45,0
2026.02.12 01:15:00,93344.20,93344.20,93326.22,93326.22,900,45,0
2026.02.12 01:00:00,93362.20,93362.20,93344.22,93344.22,900,45,0
2026.02.12 00:45:00,93380.20,93380.20,93362.22,93362.22,900,45,0
2026.02.12 00:30:00,93398.20,93398.20,93380.22,93380.22,900,45,0
2026.02.12 00:15:00,93367.21,93398.82,93350.19,93398.22,900,45,0
2026.02.12 00:00:00,93385.21,93385.21,93367.23,93367.23,900,45,0
2026.02.11 23:45:00,93379.76,93403.01,93379.58,93385.23,900,45,0
2026.02.11 23:30:00,93397.76,93397.76,93379.78,93379.78,900,45,0
2026.02.11 23:15:00,93388.79,93402.30,93382.11,93397.78,900,45,0
2026.02.11 23:00:00,93406.79,93406.79,93388.81,93388.81,900,45,0
2026.02.11 22:45:00,93424.79,93424.79,93406.81,93406.81,900,45,0
2026.02.11 22:30:00,93442.79,93442.79,93424.81,93424.81,900,45,0
2026.02.11 22:15:00,93460.79,93460.79,93442.81,93442.81,900,45,0
2026.02.11 22:00:00,93447.32,93464.83,93435.08,93460.81,900,45,0
2026.02.11 21:45:00,93465.32,93465.32,93447.34,93447.34,900,45,0
2026.02.11 21:30:00,93447.54,93479.88,93447.44,93465.34,900,45,0
2026.02.11 21:15:00,93439.98,93452.12,93426.58,93447.56,900,45,0
2026.02.11 21:00:00,93457.98,93457.98,93440.00,93440.00,900,45,0
2026.02.11 20:45:00,93445.36,93467.62,93437.02,93458.00,900,45,0
2026.02.11 20:30:00,93424.02,93450.36,93422.52,93445.38,900,45,0
2026.02.11 20:15:00,93442.02,93442.02,93424.04,93424.04,900,45,0
2026.02.11 20:00:00,93425.13,93448.10,93413.23,93442.04,900,45,0
2026.02.11 19:45:00,93443.13,93443.13,93425.15,93425.15,900,45,0
2026.02.11 19:30:00,93461.13,93461.13,93443.15,93443.15,900,45,0
2026.02.11 19:15:00,93479.13,93479.13,93461.15,93461.15,900,45,0
2026.02.11 19:00:00,93497.13,93497.13,93479.15,93479.15,900,45,0
2026.02.11 18:45:00,93497.50,93510.51,93492.90,93497.15,900,45,0
2026.02.11 18:30:00,93464.51,93503.28,93455.55,93497.52,900,45,0
2026.02.11 18:15:00,93482.51,93482.51,93464.53,93464.53,900,45,0
2026.02.11 18:00:00,93500.51,93500.51,93482.53,93482.53,900,45,0
2026.02.11 17:45:00,93503.42,93504.97,93489.90,93500.53,900,45,0
2026.02.11 17:30:00,93521.42,93521.42,93503.44,93503.44,900,45,0
2026.02.11 17:15:00,93539.42,93539.42,93521.44,93521.44,900,45,0
2026.02.11 17:00:00,93500.88,93544.68,93500.02,93539.44,900,45,0
2026.02.11 16:45:00,93491.39,93516.76,93489.29,93500.90,900,45,0
2026.02.11 16:30:00,93472.79,93492.85,93456.27,93491.41,900,45,0
2026.02.11 16:15:00,93490.79,93490.79,93472.81,93472.81,900,45,0
2026.02.11 16:00:00,93508.79,93508.79,93490.81,93490.81,900,45,0
2026.02.11 15:45:00,93526.79,93526.79,93508.81,93508.81,900,45,0
2026.02.11 15:30:00,93544.79,93544.79,93526.81,93526.81,900,45,0
2026.02.11 15:15:00,93562.79,93562.79,93544.81,93544.81,900,45,0
2026.02.11 15:00:00,93484.47,93563.55,93480.67,93562.81,900,45,0
2026.02.11 14:45:00,93477.69,93498.25,93473.49,93484.49,900,45,0
2026.02.11 14:30:00,93495.69,93495.69,93477.71,93477.71,900,45,0
2026.02.11 14:15:00,93513.69,93513.69,93495.71,93495.71,900,45,0
2026.02.11 14:00:00,93502.54,93529.79,93500.66,93513.71,900,45,0
2026.02.11 13:45:00,93494.14,93503.46,93477.08,93502.56,900,45,0
2026.02.11 13:30:00,93512.14,93512.14,93494.16,93494.16,900,45,0
2026.02.11 13:15:00,93517.88,93527.98,93512.16,93512.16,900,45,0
2026.02.11 13:00:00,93504.96,93534.96,93504.06,93517.90,900,45,0
2026.02.11 12:45:00,93499.06,93506.76,93482.88,93504.98,900,45,0
2026.02.11 12:30:00,93461.49,93509.98,93455.27,93499.08,900,45,0
2026.02.11 12:15:00,93479.49,93479.49,93461.51,93461.51,900,45,0
2026.02.11 12:00:00,93497.49,93497.49,93479.51,93479.51,900,45,0
2026.02.11 11:45:00,93515.49,93515.49,93497.51,93497.51,900,45,0
2026.02.11 11:30:00,93512.66,93518.01,93497.20,93515.51,900,45,0
2026.02.11 11:15:00,93530.66,93530.66,93512.68,93512.68,900,45,0
2026.02.11 11:00:00,93531.83,93539.48,93522.67,93530.68,900,45,0
2026.02.11 10:45:00,93549.83,93549.83,93531.85,93531.85,900,45,0
2026.02.11 10:30:00,93544.47,93563.59,93540.25,93549.85,900,45,0
2026.02.11 10:15:00,93562.47,93562.47,93544.49,93544.49,900,45,0
2026.02.11 10:00:00,93524.91,93564.11,93515.99,93562.49,900,45,0
2026.02.11 09:45:00,93507.82,93534.79,93499.72,93524.93,900,45,0
2026.02.11 09:30:00,93482.90,93511.20,93479.74,93507.84,900,45,0
2026.02.11 09:15:00,93465.20,93500.14,93464.46,93482.92,900,45,0
2026.02.11 09:00:00,93441.30,93478.06,93437.60,93465.22,900,45,0
2026.02.11 08:45:00,93459.30,93459.30,93441.32,93441.32,900,45,0
2026.02.11 08:30:00,93477.32,93477.32,93459.32,93459.32,901,45,0
2026.02.11 08:15:00,93473.44,93486.54,93464.70,93477.34,899,45,0
2026.02.11 08:00:00,93459.98,93476.46,93445.00,93473.46,901,45,0
2026.02.11 07:45:00,93477.98,93477.98,93460.00,93460.00,900,45,0
2026.02.11 07:30:00,93495.98,93495.98,93478.00,93478.00,900,45,0
2026.02.11 07:15:00,93513.98,93513.98,93496.00,93496.00,900,45,0
2026.02.11 07:00:00,93531.98,93531.98,93514.00,93514.00,900,45,0
2026.02.11 06:45:00,93549.98,93549.98,93532.00,93532.00,900,45,0
2026.02.11 06:30:00,93537.33,93560.78,93530.15,93550.00,900,45,0
2026.02.11 06:15:00,93555.33,93555.33,93537.35,93537.35,900,45,0
2026.02.11 06:00:00,93541.32,93565.11,93540.72,93555.35,900,45,0
2026.02.11 05:45:00,93492.87,93553.20,93490.83,93541.34,900,45,0
2026.02.11 05:30:00,93475.52,93506.11,93470.78,93492.89,900,45,0
2026.02.11 05:15:00,93467.88,93482.66,93457.04,93475.54,900,45,0
2026.02.11 05:00:00,93470.85,93470.85,93454.35,93467.90,900,45,0
2026.02.11 04:45:00,93442.22,93474.39,93429.46,93470.87,900,45,0
2026.02.11 04:30:00,93365.42,93443.60,93357.80,93442.24,900,45,0
2026.02.11 04:15:00,93337.30,93378.78,93335.68,93365.44,900,45,0
2026.02.11 04:00:00,93355.30,93355.30,93337.32,93337.32,900,45,0
2026.02.11 03:45:00,93373.30,93373.30,93355.32,93355.32,900,45,0
2026.02.11 03:30:00,93372.23,93376.24,93357.19,93373.32,900,45,0
2026.02.11 03:15:00,93390.23,93390.23,93372.25,93372.25,900,45,0
2026.02.11 03:00:00,93341.97,93395.17,93341.33,93390.25,900,45,0
2026.02.11 02:45:00,93296.58,93344.13,93289.00,93341.99,900,45,0
2026.02.11 02:30:00,93314.58,93314.58,93296.60,93296.60,900,45,0
2026.02.11 02:15:00,93302.09,93315.08,93292.85,93314.60,900,45,0
2026.02.11 02:00:00,93320.09,93320.09,93302.11,93302.11,900,45,0
2026.02.11 01:45:00,93314.60,93335.93,93312.46,93320.11,900,45,0
2026.02.11 01:30:00,93332.60,93332.60,93314.62,93314.62,900,45,0
2026.02.11 01:15:00,93350.60,93350.60,93332.62,93332.62,900,45,0
2026.02.11 01:00:00,93368.60,93368.60,93350.62,93350.62,900,45,0
2026.02.11 00:45:00,93356.87,93371.60,93341.89,93368.62,900,45,0
2026.02.11 00:30:00,93374.87,93374.87,93356.89,93356.89,900,45,0
2026.02.11 00:15:00,93360.44,93386.27,93353.86,93374.89,900,45,0
2026.02.11 00:00:00,93378.44,93378.44,93360.46,93360.46,900,45,0
2026.02.10 23:45:00,93366.93,93381.36,93351.87,93378.46,900,45,0
2026.02.10 23:30:00,93345.14,93372.63,93343.68,93366.95,900,45,0
2026.02.10 23:15:00,93322.30,93349.12,93315.68,93345.16,900,45,0
2026.02.10 23:00:00,93323.75,93336.56,93320.03,93322.32,900,45,0
2026.02.10 22:45:00,93341.75,93341.75,93323.77,93323.77,900,45,0
2026.02.10 22:30:00,93339.43,93355.57,93335.27,93341.77,900,45,0
2026.02.10 22:15:00,93344.06,93349.59,93336.24,93339.45,900,45,0
2026.02.10 22:00:00,93332.08,93349.28,93319.32,93344.08,900,45,0
2026.02.10 21:45:00,93350.08,93350.08,93332.10,93332.10,900,45,0
2026.02.10 21:30:00,93356.02,93365.24,93350.10,93350.10,900,45,0
2026.02.10 21:15:00,93298.56,93356.38,93295.36,93356.04,900,45,0
2026.02.10 21:00:00,93316.56,93316.56,93298.58,93298.58,900,45,0
2026.02.10 20:45:00,93304.99,93333.14,93303.59,93316.58,900,45,0
2026.02.10 20:30:00,93308.22,93315.43,93300.68,93305.01,900,45,0
2026.02.10 20:15:00,93326.22,93326.22,93308.24,93308.24,900,45,0
2026.02.10 20:00:00,93344.22,93344.22,93326.24,93326.24,900,45,0
2026.02.10 19:45:00,93362.22,93362.22,93344.24,93344.24,900,45,0
2026.02.10 19:30:00,93294.97,93372.84,93292.53,93362.24,900,45,0
2026.02.10 19:15:00,93269.98,93307.01,93264.04,93294.99,900,45,0
2026.02.10 19:00:00,93287.98,93287.98,93270.00,93270.00,900,45,0
2026.02.10 18:45:00,93305.98,93305.98,93288.00,93288.00,900,45,0
2026.02.10 18:30:00,93323.98,93323.98,93306.00,93306.00,900,45,0
2026.02.10 18:15:00,93341.98,93341.98,93324.00,93324.00,900,45,0
2026.02.10 18:00:00,93327.26,93359.82,93327.12,93342.00,900,45,0
2026.02.10 17:45:00,93289.64,93331.90,93284.88,93327.28,900,45,0
2026.02.10 17:30:00,93260.30,93301.70,93259.94,93289.66,900,45,0
2026.02.10 17:15:00,93265.51,93265.51,93252.33,93260.32,900,45,0
2026.02.10 17:00:00,93248.02,93269.81,93241.06,93265.53,900,45,0
2026.02.10 16:45:00,93266.02,93266.02,93248.04,93248.04,900,45,0
2026.02.10 16:30:00,93256.01,93268.18,93247.43,93266.04,900,45,0
2026.02.10 16:15:00,93252.15,93273.99,93252.15,93256.03,900,45,0
2026.02.10 16:00:00,93270.15,93270.15,93252.17,93252.17,900,45,0
2026.02.10 15:45:00,93263.73,93282.39,93257.99,93270.17,900,45,0
2026.02.10 15:30:00,93281.73,93281.73,93263.75,93263.75,900,45,0
2026.02.10 15:15:00,93283.20,93289.93,93273.42,93281.75,900,45,0
2026.02.10 15:00:00,93301.20,93301.20,93283.22,93283.22,900,45,0
2026.02.10 14:45:00,93279.73,93305.14,93267.03,93301.22,900,45,0
2026.02.10 14:30:00,93240.81,93296.17,93240.61,93279.75,900,45,0
2026.02.10 14:15:00,93258.81,93258.81,93240.83,93240.83,900,45,0
2026.02.10 14:00:00,93276.81,93276.81,93258.83,93258.83,900,45,0
2026.02.10 13:45:00,93294.81,93294.81,93276.83,93276.83,900,45,0
2026.02.10 13:30:00,93312.81,93312.81,93294.83,93294.83,900,45,0
2026.02.10 13:15:00,93313.50,93324.63,93307.34,93312.83,900,45,0
2026.02.10 13:00:00,93318.05,93322.14,93308.71,93313.52,900,45,0
2026.02.10 12:45:00,93336.05,93336.05,93318.07,93318.07,900,45,0
2026.02.10 12:30:00,93354.05,93354.05,93336.07,93336.07,900,45,0
2026.02.10 12:15:00,93353.12,93359.41,93340.50,93354.07,900,45,0
2026.02.10 12:00:00,93334.60,93363.16,93326.66,93353.14,900,45,0
2026.02.10 11:45:00,93352.60,93352.60,93334.62,93334.62,900,45,0
2026.02.10 11:30:00,93370.60,93370.60,93352.62,93352.62,900,45,0
2026.02.10 11:15:00,93388.60,93388.60,93370.62,93370.62,900,45,0
2026.02.10 11:00:00,93392.02,93400.38,93385.82,93388.62,900,45,0
2026.02.10 10:45:00,93393.32,93403.08,93386.40,93392.04,900,45,0
2026.02.10 10:30:00,93411.32,93411.32,93393.34,93393.34,900,45,0
2026.02.10 10:15:00,93413.43,93418.02,93402.15,93411.34,900,45,0
2026.02.10 10:00:00,93431.43,93431.43,93413.45,93413.45,900,45,0
2026.02.10 09:45:00,93434.18,93437.89,93422.66,93431.45,900,45,0
2026.02.10 09:30:00,93452.18,93452.18,93434.20,93434.20,900,45,0
2026.02.10 09:15:00,93470.18,93470.18,93452.20,93452.20,900,45,0
2026.02.10 09:00:00,93488.18,93488.18,93470.20,93470.20,900,45,0
2026.02.10 08:45:00,93482.46,93495.64,93471.94,93488.20,900,45,0
2026.02.10 08:30:00,93483.18,93486.78,93469.52,93482.48,900,45,0
2026.02.10 08:15:00,93501.18,93501.18,93483.20,93483.20,900,45,0
2026.02.10 08:00:00,93488.86,93501.56,93471.26,93501.20,900,45,0
2026.02.10 07:45:00,93506.86,93506.86,93488.88,93488.88,900,45,0
2026.02.10 07:30:00,93524.86,93524.86,93506.88,93506.88,900,45,0
2026.02.10 07:15:00,93542.86,93542.86,93524.88,93524.88,900,45,0
2026.02.10 07:00:00,93526.75,93558.80,93524.71,93542.88,900,45,0
2026.02.10 06:45:00,93453.37,93530.53,93449.11,93526.77,900,45,0
2026.02.10 06:30:00,93441.04,93455.29,93424.98,93453.39,900,45,0
2026.02.10 06:15:00,93438.21,93444.46,93423.65,93441.06,900,45,0
2026.02.10 06:00:00,93430.42,93456.07,93430.30,93438.23,900,45,0
2026.02.10 05:45:00,93448.42,93448.42,93430.44,93430.44,900,45,0
2026.02.10 05:30:00,93466.42,93466.42,93448.44,93448.44,900,45,0
2026.02.10 05:15:00,93452.78,93472.40,93440.78,93466.44,900,45,0
2026.02.10 05:00:00,93451.98,93467.92,93449.14,93452.80,900,45,0
2026.02.10 04:45:00,93469.98,93469.98,93452.00,93452.00,900,45,0
2026.02.10 04:30:00,93487.98,93487.98,93470.00,93470.00,900,45,0
2026.02.10 04:15:00,93459.86,93489.58,93449.24,93488.00,900,45,0
2026.02.10 04:00:00,93451.51,93475.84,93449.51,93459.88,900,45,0
2026.02.10 03:45:00,93469.51,93469.51,93451.53,93451.53,900,45,0
2026.02.10 03:30:00,93487.51,93487.51,93469.53,93469.53,900,45,0
2026.02.10 03:15:00,93470.72,93503.75,93468.98,93487.53,900,45,0
2026.02.10 03:00:00,93470.37,93477.10,93458.77,93470.74,900,45,0
2026.02.10 02:45:00,93461.19,93471.59,93444.43,93470.39,900,45,0
2026.02.10 02:30:00,93464.93,93469.57,93455.33,93461.21,900,45,0
2026.02.10 02:15:00,93482.93,93482.93,93464.95,93464.95,900,45,0
2026.02.10 02:00:00,93500.93,93500.93,93482.95,93482.95,900,45,0
2026.02.10 01:45:00,93504.35,93509.97,93495.41,93500.95,900,45,0
2026.02.10 01:30:00,93401.78,93509.47,93400.76,93504.37,900,45,0
2026.02.10 01:15:00,93419.78,93419.78,93401.80,93401.80,900,45,0
2026.02.10 01:00:00,93372.18,93430.76,93370.74,93419.80,900,45,0
2026.02.10 00:45:00,93367.20,93390.02,93367.06,93372.20,900,45,0
2026.02.10 00:30:00,93297.96,93376.06,93297.68,93367.22,900,45,0
2026.02.10 00:15:00,93256.25,93310.04,93253.35,93297.98,900,45,0
2026.02.10 00:00:00,93245.93,93259.33,93238.29,93256.27,900,45,0
2026.02.09 23:45:00,93263.93,93263.93,93245.95,93245.95,900,45,0
2026.02.09 23:30:00,93281.93,93281.93,93263.95,93263.95,900,45,0
2026.02.09 23:15:00,93299.93,93299.93,93281.95,93281.95,900,45,0
2026.02.09 23:00:00,93290.67,93309.35,93282.11,93299.95,900,45,0
2026.02.09 22:45:00,93308.67,93308.67,93290.69,93290.69,900,45,0
2026.02.09 22:30:00,93326.67,93326.67,93308.69,93308.69,900,45,0
2026.02.09 22:15:00,93331.84,93336.11,93323.30,93326.69,900,45,0
2026.02.09 22:00:00,93349.84,93349.84,93331.86,93331.86,900,45,0
2026.02.09 21:45:00,93297.51,93355.96,93293.21,93349.86,900,45,0
2026.02.09 21:30:00,93315.51,93315.51,93297.53,93297.53,900,45,0
2026.02.09 21:15:00,93333.51,93333.51,93315.53,93315.53,900,45,0
2026.02.09 21:00:00,93351.51,93351.51,93333.53,93333.53,900,45,0
2026.02.09 20:45:00,93369.51,93369.51,93351.53,93351.53,900,45,0
2026.02.09 20:30:00,93373.50,93375.07,93361.08,93369.53,900,45,0
2026.02.09 20:15:00,93378.33,93378.90,93365.75,93373.52,900,45,0
2026.02.09 20:00:00,93344.31,93381.09,93344.03,93378.35,900,45,0
2026.02.09 19:45:00,93333.73,93359.49,93330.93,93344.33,900,45,0
2026.02.09 19:30:00,93336.72,93340.55,93325.56,93333.75,900,45,0
2026.02.09 19:15:00,93354.72,93354.72,93336.74,93336.74,900,45,0
2026.02.09 19:00:00,93372.72,93372.72,93354.74,93354.74,900,45,0
2026.02.09 18:45:00,93390.72,93390.72,93372.74,93372.74,900,45,0
2026.02.09 18:30:00,93408.72,93408.72,93390.74,93390.74,900,45,0
2026.02.09 18:15:00,93395.35,93411.96,93380.61,93408.74,900,45,0
2026.02.09 18:00:00,93383.71,93410.93,93381.31,93395.37,900,45,0
2026.02.09 17:45:00,93401.71,93401.71,93383.73,93383.73,900,45,0
2026.02.09 17:30:00,93337.65,93411.35,93336.99,93401.73,900,45,0
2026.02.09 17:15:00,93337.34,93339.67,93321.38,93337.67,900,45,0
2026.02.09 17:00:00,93334.98,93355.30,93334.96,93337.36,900,45,0
2026.02.09 16:45:00,93312.23,93335.68,93299.45,93335.00,900,45,0
2026.02.09 16:30:00,93330.23,93330.23,93312.25,93312.25,900,45,0
2026.02.09 16:15:00,93348.23,93348.23,93330.25,93330.25,900,45,0
2026.02.09 16:00:00,93320.42,93349.13,93304.34,93348.25,900,45,0
2026.02.09 15:45:00,93306.77,93321.40,93289.77,93320.44,900,45,0
2026.02.09 15:30:00,93324.77,93324.77,93306.79,93306.79,900,45,0
2026.02.09 15:15:00,93342.77,93342.77,93324.79,93324.79,900,45,0
2026.02.09 15:00:00,93360.77,93360.77,93342.79,93342.79,900,45,0
2026.02.09 14:45:00,93378.77,93378.77,93360.79,93360.79,900,45,0
2026.02.09 14:30:00,93377.22,93389.79,93370.28,93378.79,899,45,0
2026.02.09 14:15:00,93363.52,93389.40,93362.94,93377.24,900,45,0
2026.02.09 14:00:00,93352.08,93374.24,93349.56,93363.54,900,45,0
2026.02.09 13:45:00,93370.08,93370.08,93352.10,93352.10,900,45,0
2026.02.09 13:30:00,93367.41,93383.64,93362.99,93370.10,900,45,0
2026.02.09 13:15:00,93385.41,93385.41,93367.43,93367.43,900,45,0
2026.02.09 13:00:00,93403.41,93403.41,93385.43,93385.43,900,45,0
2026.02.09 12:45:00,93421.41,93421.41,93403.43,93403.43,900,45,0
2026.02.09 12:30:00,93397.33,93425.93,93396.31,93421.43,900,45,0
2026.02.09 12:15:00,93387.17,93407.57,93379.45,93397.35,899,45,0
2026.02.09 12:00:00,93405.17,93405.17,93387.19,93387.19,900,45,0
2026.02.09 11:45:00,93400.40,93405.33,93382.58,93405.19,900,45,0
2026.02.09 11:30:00,93400.39,93411.36,93393.37,93400.42,900,45,0
2026.02.09 11:15:00,93364.26,93411.75,93362.78,93400.41,900,45,0
2026.02.09 11:00:00,93382.26,93382.26,93364.28,93364.28,900,45,0
2026.02.09 10:45:00,93400.26,93400.26,93382.28,93382.28,900,45,0
2026.02.09 10:30:00,93418.26,93418.26,93400.28,93400.28,900,45,0
2026.02.09 10:15:00,93386.15,93421.34,93377.69,93418.28,900,45,0
2026.02.09 10:00:00,93404.15,93404.15,93386.17,93386.17,900,45,0
2026.02.09 09:45:00,93422.15,93422.15,93404.17,93404.17,900,45,0
2026.02.09 09:30:00,93440.15,93440.15,93422.17,93422.17,900,45,0
2026.02.09 09:15:00,93435.99,93446.43,93424.29,93440.17,900,45,0
2026.02.09 09:00:00,93429.72,93448.81,93424.56,93436.01,900,45,0
2026.02.09 08:45:00,93429.06,93445.74,93427.10,93429.74,900,45,0
2026.02.09 08:30:00,93398.19,93434.44,93385.65,93429.08,900,45,0
2026.02.09 08:15:00,93365.33,93404.05,93354.43,93398.21,900,45,0
2026.02.09 08:00:00,93348.01,93370.85,93343.25,93365.35,900,45,0
2026.02.09 07:45:00,93343.18,93358.43,93335.62,93348.03,900,45,0
2026.02.09 07:30:00,93361.18,93361.18,93343.20,93343.20,900,45,0
2026.02.09 07:15:00,93379.18,93379.18,93361.20,93361.20,900,45,0
2026.02.09 07:00:00,93397.18,93397.18,93379.20,93379.20,900,45,0
2026.02.09 06:45:00,93386.45,93411.52,93382.81,93397.20,900,45,0
2026.02.09 06:30:00,93382.03,93403.23,93380.83,93386.47,900,45,0
2026.02.09 06:15:00,93373.36,93383.03,93356.38,93382.05,900,45,0
2026.02.09 06:00:00,93391.36,93391.36,93373.38,93373.38,900,45,0
2026.02.09 05:45:00,93377.89,93404.34,93372.89,93391.38,900,45,0
2026.02.09 05:30:00,93381.91,93382.49,93368.53,93377.91,900,45,0
2026.02.09 05:15:00,93399.91,93399.91,93381.93,93381.93,900,45,0
2026.02.09 05:00:00,93394.41,93416.85,93393.37,93399.93,900,45,0
2026.02.09 04:45:00,93389.06,93406.43,93383.10,93394.43,900,45,0
2026.02.09 04:30:00,93407.06,93407.06,93389.08,93389.08,900,45,0
2026.02.09 04:15:00,93425.06,93425.06,93407.08,93407.08,900,45,0
2026.02.09 04:00:00,93409.76,93425.66,93392.38,93425.08,900,45,0
2026.02.09 03:45:00,93427.76,93427.76,93409.78,93409.78,900,45,0
2026.02.09 03:30:00,93427.96,93437.52,93419.74,93427.78,900,45,0
2026.02.09 03:15:00,93374.22,93430.20,93372.16,93427.98,900,45,0
2026.02.09 03:00:00,93392.22,93392.22,93374.24,93374.24,900,45,0
2026.02.09 02:45:00,93394.21,93398.28,93382.29,93392.24,900,45,0
2026.02.09 02:30:00,93392.97,93401.33,93382.11,93394.23,900,45,0
2026.02.09 02:15:00,93410.97,93410.97,93392.99,93392.99,900,45,0
2026.02.09 02:00:00,93428.97,93428.97,93410.99,93410.99,900,45,0
2026.02.09 01:45:00,93401.42,93438.41,93392.88,93428.99,900,45,0
2026.02.09 01:30:00,93377.42,93402.46,93368.80,93401.44,900,45,0
2026.02.09 01:15:00,93395.42,93395.42,93377.44,93377.44,900,45,0
2026.02.09 01:00:00,93413.42,93413.42,93395.44,93395.44,900,45,0
2026.02.09 00:45:00,93416.64,93422.08,93407.32,93413.44,900,45,0
2026.02.09 00:30:00,93434.64,93434.64,93416.66,93416.66,900,45,0
2026.02.09 00:15:00,93452.64,93452.64,93434.66,93434.66,900,45,0
2026.02.09 00:00:00,93429.86,93467.32,93426.56,93452.66,900,45,0
2026.02.08 23:45:00,93447.86,93447.86,93429.88,93429.88,900,45,0
2026.02.08 23:30:00,93465.86,93465.86,93447.88,93447.88,900,45,0
2026.02.08 23:15:00,93464.10,93473.34,93453.60,93465.88,900,45,0
2026.02.08 23:00:00,93482.10,93482.10,93464.12,93464.12,900,45,0
2026.02.08 22:45:00,93500.10,93500.10,93482.12,93482.12,900,45,0
2026.02.08 22:30:00,93495.76,93508.36,93486.04,93500.12,900,45,0
2026.02.08 22:15:00,93481.71,93502.08,93470.05,93495.78,900,45,0
2026.02.08 22:00:00,93487.29,93489.37,93476.97,93481.73,900,45,0
2026.02.08 21:45:00,93490.22,93501.37,93486.32,93487.31,900,45,0
2026.02.08 21:30:00,93508.22,93508.22,93490.24,93490.24,900,45,0
2026.02.08 21:15:00,93506.13,93521.28,93501.21,93508.24,900,45,0
2026.02.08 21:00:00,93458.87,93508.95,93453.03,93506.15,900,45,0
2026.02.08 20:45:00,93476.87,93476.87,93458.89,93458.89,900,45,0
2026.02.08 20:30:00,93494.87,93494.87,93476.89,93476.89,900,45,0
2026.02.08 20:15:00,93512.87,93512.87,93494.89,93494.89,900,45,0
2026.02.08 20:00:00,93506.66,93515.47,93491.28,93512.89,900,45,0
2026.02.08 19:45:00,93507.81,93522.38,93505.55,93506.68,900,45,0
2026.02.08 19:30:00,93525.81,93525.81,93507.83,93507.83,900,45,0
2026.02.08 19:15:00,93500.21,93532.95,93499.31,93525.83,900,45,0
2026.02.08 19:00:00,93489.79,93504.59,93476.19,93500.23,900,45,0
2026.02.08 18:45:00,93507.79,93507.79,93489.81,93489.81,884,45,0
2026.02.08 18:30:00,93525.79,93525.79,93507.81,93507.81,900,45,0
2026.02.08 18:15:00,93543.79,93543.79,93525.81,93525.81,900,45,0
2026.02.08 18:00:00,93561.79,93561.79,93543.81,93543.81,900,45,0
2026.02.08 17:45:00,93566.67,93575.69,93561.81,93561.81,900,45,0
2026.02.08 17:30:00,93572.03,93572.03,93559.23,93566.69,900,45,0
2026.02.08 17:15:00,93590.03,93590.03,93572.05,93572.05,900,45,0
2026.02.08 17:00:00,93589.99,93606.57,93588.55,93590.05,900,45,0
2026.02.08 16:45:00,93607.99,93607.99,93590.01,93590.01,900,45,0
2026.02.08 16:30:00,93610.02,93624.53,93608.01,93608.01,900,45,0
2026.02.08 16:15:00,93628.02,93628.02,93610.04,93610.04,900,45,0
2026.02.08 16:00:00,93597.87,93642.24,93594.13,93628.04,900,45,0
2026.02.08 15:45:00,93577.82,93602.73,93564.70,93597.89,900,45,0
2026.02.08 15:30:00,93580.30,93585.76,93570.26,93577.84,900,45,0
2026.02.08 15:15:00,93598.30,93598.30,93580.32,93580.32,900,45,0
2026.02.08 15:00:00,93616.30,93616.30,93598.32,93598.32,900,45,0
2026.02.08 14:45:00,93634.30,93634.30,93616.32,93616.32,900,45,0
2026.02.08 14:30:00,93652.30,93652.30,93634.32,93634.32,900,45,0
2026.02.08 14:15:00,93629.89,93667.70,93627.31,93652.32,900,45,0
2026.02.08 14:00:00,93604.39,93641.33,93598.99,93629.91,900,45,0
2026.02.08 13:45:00,93595.00,93619.25,93592.70,93604.41,900,45,0
2026.02.08 13:30:00,93523.63,93597.06,93522.57,93595.02,900,45,0
2026.02.08 13:15:00,93541.63,93541.63,93523.65,93523.65,900,45,0
2026.02.08 13:00:00,93538.10,93550.79,93529.28,93541.65,900,45,0
2026.02.08 12:45:00,93516.32,93544.08,93505.18,93538.12,900,45,0
2026.02.08 12:30:00,93499.83,93524.42,93489.95,93516.34,900,45,0
2026.02.08 12:15:00,93492.91,93517.25,93492.35,93499.85,900,45,0
2026.02.08 12:00:00,93475.52,93496.09,93465.22,93492.93,900,45,0
2026.02.08 11:45:00,93447.12,93484.14,93440.16,93475.54,900,45,0
2026.02.08 11:30:00,93465.12,93465.12,93447.14,93447.14,900,45,0
2026.02.08 11:15:00,93483.12,93483.12,93465.14,93465.14,900,45,0
2026.02.08 11:00:00,93501.12,93501.12,93483.14,93483.14,900,45,0
2026.02.08 10:45:00,93470.04,93502.04,93461.16,93501.14,900,45,0
2026.02.08 10:30:00,93370.47,93473.06,93365.25,93470.06,900,45,0
2026.02.08 10:15:00,93367.44,93381.13,93360.12,93370.49,900,45,0
2026.02.08 10:00:00,93370.21,93375.76,93360.55,93367.46,900,45,0
2026.02.08 09:45:00,93334.73,93375.57,93324.29,93370.23,900,45,0
2026.02.08 09:30:00,93334.21,93336.69,93318.19,93334.75,900,45,0
2026.02.08 09:15:00,93271.09,93338.07,93270.63,93334.23,900,45,0
2026.02.08 09:00:00,93289.09,93289.09,93271.11,93271.11,900,45,0
2026.02.08 08:45:00,93307.09,93307.09,93289.11,93289.11,900,45,0
2026.02.08 08:30:00,93302.88,93310.47,93288.28,93307.11,900,45,0
2026.02.08 08:15:00,93320.88,93320.88,93302.90,93302.90,900,45,0
2026.02.08 08:00:00,93311.77,93331.90,93304.81,93320.90,835,45,0
2026.02.08 07:45:00,93329.77,93329.77,93311.79,93311.79,900,45,0
2026.02.08 07:30:00,93347.77,93347.77,93329.79,93329.79,900,45,0
2026.02.08 07:15:00,93340.10,93349.89,93324.24,93347.79,900,45,0
2026.02.08 07:00:00,93313.78,93340.16,93295.86,93340.12,900,45,0
2026.02.08 06:45:00,93277.62,93316.32,93274.18,93313.80,300,45,0
2026.02.08 06:30:00,93276.26,93279.30,93259.96,93277.64,900,45,0
2026.02.08 06:15:00,93294.26,93294.26,93276.28,93276.28,900,45,0
2026.02.08 06:00:00,93312.26,93312.26,93294.28,93294.28,900,45,0
2026.02.08 05:45:00,93330.26,93330.26,93312.28,93312.28,900,45,0
2026.02.08 05:30:00,93348.26,93348.26,93330.28,93330.28,900,45,0
2026.02.08 05:15:00,93352.42,93352.42,93338.06,93348.28,900,45,0
2026.02.08 05:00:00,93370.42,93370.42,93352.44,93352.44,900,45,0
2026.02.08 04:45:00,93388.42,93388.42,93370.44,93370.44,900,45,0
2026.02.08 04:30:00,93376.77,93392.26,93362.63,93388.44,900,45,0
2026.02.08 04:15:00,93354.67,93391.45,93351.37,93376.79,900,45,0
2026.02.08 04:00:00,93335.90,93358.71,93328.96,93354.69,900,45,0
2026.02.08 03:45:00,93353.90,93353.90,93335.92,93335.92,900,45,0
2026.02.08 03:30:00,93371.90,93371.90,93353.92,93353.92,900,45,0
2026.02.08 03:15:00,93389.90,93389.90,93371.92,93371.92,900,45,0
2026.02.08 03:00:00,93407.90,93407.90,93389.92,93389.92,900,45,0
2026.02.08 02:45:00,93413.82,93413.82,93396.28,93407.92,900,45,0
2026.02.08 02:30:00,93381.01,93421.82,93371.03,93413.84,900,45,0
2026.02.08 02:15:00,93399.01,93399.01,93381.03,93381.03,900,45,0
2026.02.08 02:00:00,93385.68,93414.35,93383.04,93399.03,900,45,0
2026.02.08 01:45:00,93403.68,93403.68,93385.70,93385.70,900,45,0
2026.02.08 01:30:00,93375.43,93417.20,93374.15,93403.70,900,45,0
2026.02.08 01:15:00,93393.43,93393.43,93375.45,93375.45,900,45,0
2026.02.08 01:00:00,93356.36,93398.51,93355.40,93393.45,900,45,0
2026.02.08 00:45:00,93374.36,93374.36,93356.38,93356.38,900,45,0
2026.02.08 00:30:00,93351.50,93375.98,93335.14,93374.38,900,45,0
2026.02.08 00:15:00,93335.23,93356.64,93322.39,93351.52,900,45,0
2026.02.08 00:00:00,93306.60,93351.21,93304.60,93335.25,900,45,0
2026.02.07 23:45:00,93309.01,93312.48,93296.91,93306.62,900,45,0
2026.02.07 23:30:00,93292.22,93320.35,93291.42,93309.03,900,45,0
2026.02.07 23:15:00,93277.47,93302.52,93269.79,93292.24,900,45,0
2026.02.07 23:00:00,93295.47,93295.47,93277.49,93277.49,900,45,0
2026.02.07 22:45:00,93281.19,93307.03,93276.77,93295.49,801,45,0
2026.02.07 22:30:00,93257.17,93282.31,93240.31,93281.21,900,45,0
2026.02.07 22:15:00,93275.17,93275.17,93257.19,93257.19,900,45,0
2026.02.07 22:00:00,93293.17,93293.17,93275.19,93275.19,900,45,0
2026.02.07 21:45:00,93283.62,93294.61,93267.08,93293.19,900,45,0
2026.02.07 21:30:00,93262.28,93284.42,93249.52,93283.64,900,45,0
2026.02.07 21:15:00,93280.28,93280.28,93262.30,93262.30,900,45,0
2026.02.07 21:00:00,93298.28,93298.28,93280.30,93280.30,900,45,0
2026.02.07 20:45:00,93259.61,93298.66,93255.11,93298.30,900,45,0
2026.02.07 20:30:00,93254.28,93270.51,93247.20,93259.63,900,45,0
2026.02.07 20:15:00,93249.46,93266.98,93244.18,93254.30,900,45,0
2026.02.07 20:00:00,93267.46,93267.46,93249.48,93249.48,900,45,0
2026.02.07 19:45:00,93243.30,93270.94,93231.84,93267.48,900,45,0
2026.02.07 19:30:00,93239.48,93258.20,93236.40,93243.32,900,45,0
2026.02.07 19:15:00,93209.87,93244.84,93203.31,93239.50,900,45,0
2026.02.07 19:00:00,93213.42,93220.89,93206.46,93209.89,900,45,0
2026.02.07 18:45:00,93231.42,93231.42,93213.44,93213.44,900,45,0
2026.02.07 18:30:00,93198.25,93232.56,93189.51,93231.44,900,45,0
2026.02.07 18:15:00,93216.25,93216.25,93198.27,93198.27,900,45,0
2026.02.07 18:00:00,93217.83,93220.25,93203.85,93216.27,900,45,0
2026.02.07 17:45:00,93235.83,93235.83,93217.85,93217.85,900,45,0
2026.02.07 17:30:00,93231.91,93237.29,93215.39,93235.85,900,45,0
2026.02.07 17:15:00,93232.20,93247.89,93230.20,93231.93,900,45,0
2026.02.07 17:00:00,93217.95,93235.92,93203.69,93232.22,900,45,0
2026.02.07 16:45:00,93221.33,93228.57,93213.97,93217.97,900,45,0
2026.02.07 16:30:00,93239.33,93239.33,93221.35,93221.35,900,45,0
2026.02.07 16:15:00,93239.37,93253.81,93235.87,93239.35,900,45,0
2026.02.07 16:00:00,93180.22,93242.13,93173.14,93239.39,900,45,0
2026.02.07 15:45:00,93198.22,93198.22,93180.24,93180.24,900,45,0
2026.02.07 15:30:00,93216.22,93216.22,93198.24,93198.24,900,45,0
2026.02.07 15:15:00,93213.19,93226.90,93205.89,93216.24,900,45,0
2026.02.07 15:00:00,93170.03,93217.29,93165.27,93213.21,900,45,0
2026.02.07 14:45:00,93188.03,93188.03,93170.05,93170.05,900,45,0
2026.02.07 14:30:00,93206.03,93206.03,93188.05,93188.05,900,45,0
2026.02.07 14:15:00,93178.64,93216.45,93176.36,93206.05,900,45,0
2026.02.07 14:00:00,93162.80,93179.80,93153.24,93178.66,900,45,0
2026.02.07 13:45:00,93164.82,93171.06,93155.10,93162.82,900,45,0
2026.02.07 13:30:00,93157.99,93177.78,93152.97,93164.84,900,45,0
2026.02.07 13:15:00,93132.92,93161.35,93118.30,93158.01,900,45,0
2026.02.07 13:00:00,93150.92,93150.92,93132.94,93132.94,900,45,0
2026.02.07 12:45:00,93118.38,93160.22,93112.72,93150.94,900,45,0
2026.02.07 12:30:00,93095.70,93134.18,93093.52,93118.40,900,45,0
2026.02.07 12:15:00,93112.74,93112.74,93095.72,93095.72,852,45,0
2026.02.07 12:00:00,93129.34,93129.34,93112.74,93112.74,831,45,0
2026.02.07 11:45:00,93147.34,93147.34,93129.36,93129.36,900,45,0
2026.02.07 11:30:00,93148.33,93149.38,93132.39,93147.36,900,45,0
2026.02.07 11:15:00,93166.33,93166.33,93148.35,93148.35,900,45,0
2026.02.07 11:00:00,93159.56,93181.91,93157.16,93166.35,900,45,0
2026.02.07 10:45:00,93177.56,93177.56,93159.58,93159.58,900,45,0
2026.02.07 10:30:00,93174.69,93192.40,93171.55,93177.58,900,45,0
2026.02.07 10:15:00,93161.37,93177.63,93147.17,93174.71,900,45,0
2026.02.07 10:00:00,93179.37,93179.37,93161.39,93161.39,900,45,0
2026.02.07 09:45:00,93181.59,93184.41,93168.65,93179.39,900,45,0
2026.02.07 09:30:00,93199.59,93199.59,93181.61,93181.61,900,45,0
2026.02.07 09:15:00,93217.59,93217.59,93199.61,93199.61,900,45,0
2026.02.07 09:00:00,93175.22,93222.15,93173.08,93217.61,900,45,0
2026.02.07 08:45:00,93193.22,93193.22,93175.24,93175.24,900,45,0
2026.02.07 08:30:00,93171.56,93203.48,93168.48,93193.24,900,45,0
2026.02.07 08:15:00,93189.56,93189.56,93171.58,93171.58,900,45,0
2026.02.07 08:00:00,93181.19,93205.92,93179.57,93189.58,900,45,0
2026.02.07 07:45:00,93154.18,93183.55,93138.56,93181.21,900,45,0
2026.02.07 07:30:00,93103.34,93154.78,93087.60,93154.20,900,45,0
2026.02.07 07:15:00,93105.75,93108.92,93093.35,93103.36,900,45,0
2026.02.07 07:00:00,93105.43,93123.37,93105.07,93105.77,900,45,0
2026.02.07 06:45:00,93123.43,93123.43,93105.45,93105.45,900,45,0
2026.02.07 06:30:00,93141.43,93141.43,93123.45,93123.45,900,45,0
2026.02.07 06:15:00,93122.48,93143.57,93112.44,93141.45,900,45,0
2026.02.07 06:00:00,93124.60,93127.12,93111.26,93122.50,900,45,0
2026.02.07 05:45:00,93142.60,93142.60,93124.62,93124.62,900,45,0
2026.02.07 05:30:00,93160.60,93160.60,93142.62,93142.62,900,45,0
2026.02.07 05:15:00,93163.79,93167.06,93152.27,93160.62,900,45,0
2026.02.07 05:00:00,93181.79,93181.79,93163.81,93163.81,900,45,0
2026.02.07 04:45:00,93199.79,93199.79,93181.81,93181.81,900,45,0
2026.02.07 04:30:00,93217.79,93217.79,93199.81,93199.81,900,45,0
2026.02.07 04:15:00,93235.79,93235.79,93217.81,93217.81,900,45,0
2026.02.07 04:00:00,93173.43,93237.63,93170.21,93235.81,900,45,0
2026.02.07 03:45:00,93162.01,93181.71,93152.31,93173.45,900,45,0
2026.02.07 03:30:00,93180.01,93180.01,93162.03,93162.03,900,45,0
2026.02.07 03:15:00,93198.01,93198.01,93180.03,93180.03,900,45,0
2026.02.07 03:00:00,93216.01,93216.01,93198.03,93198.03,900,45,0
2026.02.07 02:45:00,93185.36,93218.55,93179.74,93216.03,900,45,0
2026.02.07 02:30:00,93165.43,93192.14,93154.23,93185.38,900,45,0
2026.02.07 02:15:00,93154.99,93166.09,93137.67,93165.45,900,45,0
2026.02.07 02:00:00,93172.99,93172.99,93155.01,93155.01,900,45,0
2026.02.07 01:45:00,93167.40,93184.47,93160.90,93173.01,900,45,0
2026.02.07 01:30:00,93136.38,93180.92,93135.14,93167.42,900,45,0
2026.02.07 01:15:00,93154.38,93154.38,93136.40,93136.40,900,45,0
2026.02.07 01:00:00,93146.74,93163.62,93138.00,93154.40,900,45,0
2026.02.07 00:45:00,93141.64,93151.70,93128.62,93146.76,900,45,0
2026.02.07 00:30:00,93144.44,93158.16,93141.66,93141.66,900,45,0
2026.02.07 00:15:00,93162.44,93162.44,93144.46,93144.46,900,45,0
2026.02.07 00:00:00,93154.41,93170.04,93144.03,93162.46,900,45,0
2026.02.06 23:45:00,93172.41,93172.41,93154.43,93154.43,900,45,0
2026.02.06 23:30:00,93148.88,93183.13,93147.42,93172.43,900,45,0
2026.02.06 23:15:00,93166.88,93166.88,93148.90,93148.90,900,45,0
2026.02.06 23:00:00,93155.36,93172.46,93142.96,93166.90,900,45,0
2026.02.06 22:45:00,93173.36,93173.36,93155.38,93155.38,900,45,0
2026.02.06 22:30:00,93174.35,93177.02,93160.03,93173.38,900,45,0
2026.02.06 22:15:00,93192.35,93192.35,93174.37,93174.37,900,45,0
2026.02.06 22:00:00,93153.47,93205.89,93150.87,93192.37,900,45,0
2026.02.06 21:45:00,93158.39,93164.73,93151.67,93153.49,900,45,0
2026.02.06 21:30:00,93134.44,93159.31,93117.38,93158.41,900,45,0
2026.02.06 21:15:00,93123.74,93141.60,93112.92,93134.46,900,45,0
2026.02.06 21:00:00,93118.78,93133.98,93111.04,93123.76,900,45,0
2026.02.06 20:45:00,93136.78,93136.78,93118.80,93118.80,900,45,0
2026.02.06 20:30:00,93141.70,93141.70,93128.24,93136.80,900,45,0
2026.02.06 20:15:00,93119.26,93145.90,93105.48,93141.72,900,45,0
2026.02.06 20:00:00,93114.18,93124.48,93101.42,93119.28,900,45,0
2026.02.06 19:45:00,93132.18,93132.18,93114.20,93114.20,900,45,0
2026.02.06 19:30:00,93111.83,93140.60,93102.27,93132.20,900,45,0
2026.02.06 19:15:00,93093.14,93128.55,93091.88,93111.85,900,45,0
2026.02.06 19:00:00,93087.19,93101.52,93077.59,93093.16,900,45,0
2026.02.06 18:45:00,93080.24,93091.69,93066.76,93087.21,900,45,0
2026.02.06 18:30:00,93098.24,93098.24,93080.26,93080.26,900,45,0
2026.02.06 18:15:00,93116.24,93116.24,93098.26,93098.26,900,45,0
2026.02.06 18:00:00,93134.24,93134.24,93116.26,93116.26,900,45,0
2026.02.06 17:45:00,93152.24,93152.24,93134.26,93134.26,900,45,0
2026.02.06 17:30:00,93170.24,93170.24,93152.26,93152.26,900,45,0
2026.02.06 17:15:00,93157.98,93174.32,93144.08,93170.26,900,45,0
2026.02.06 17:00:00,93175.98,93175.98,93158.00,93158.00,900,45,0
2026.02.06 16:45:00,93193.98,93193.98,93176.00,93176.00,900,45,0
2026.02.06 16:30:00,93196.58,93200.94,93185.56,93194.00,900,45,0
2026.02.06 16:15:00,93214.58,93214.58,93196.60,93196.60,900,45,0
2026.02.06 16:00:00,93205.83,93216.21,93201.59,93214.60,900,45,0
2026.02.06 15:45:00,93125.06,93206.09,93121.82,93205.85,900,45,0
2026.02.06 15:30:00,93143.06,93143.06,93125.08,93125.08,900,45,0
2026.02.06 15:15:00,93143.37,93145.84,93128.17,93143.08,900,45,0
2026.02.06 15:00:00,93161.37,93161.37,93143.39,93143.39,900,45,0
2026.02.06 14:45:00,93179.37,93179.37,93161.39,93161.39,900,45,0
2026.02.06 14:30:00,93181.02,93196.79,93179.39,93179.39,900,45,0
2026.02.06 14:15:00,93199.02,93199.02,93181.04,93181.04,900,45,0
2026.02.06 14:00:00,93217.02,93217.02,93199.04,93199.04,900,45,0
2026.02.06 13:45:00,93235.02,93235.02,93217.04,93217.04,900,45,0
2026.02.06 13:30:00,93253.02,93253.02,93235.04,93235.04,900,45,0
2026.02.06 13:15:00,93230.16,93255.88,93216.86,93253.04,900,45,0
2026.02.06 13:00:00,93210.30,93247.10,93209.26,93230.18,900,45,0
2026.02.06 12:45:00,93201.59,93227.02,93200.33,93210.32,900,45,0
2026.02.06 12:30:00,93219.59,93219.59,93201.61,93201.61,900,45,0
2026.02.06 12:15:00,93196.53,93224.43,93186.17,93219.61,900,45,0
2026.02.06 12:00:00,93160.70,93207.87,93160.34,93196.55,900,45,0
2026.02.06 11:45:00,93178.70,93178.70,93160.72,93160.72,900,45,0
2026.02.06 11:30:00,93196.70,93196.70,93178.72,93178.72,900,45,0
2026.02.06 11:15:00,93175.92,93199.28,93174.12,93196.72,900,45,0
2026.02.06 11:00:00,93193.92,93193.92,93175.94,93175.94,900,45,0
2026.02.06 10:45:00,93132.96,93203.78,93131.42,93193.94,900,45,0
2026.02.06 10:30:00,93135.73,93139.26,93124.05,93132.98,900,45,0
2026.02.06 10:15:00,93094.18,93140.15,93084.62,93135.75,900,45,0
2026.02.06 10:00:00,93112.18,93112.18,93094.20,93094.20,900,45,0
2026.02.06 09:45:00,93102.09,93120.90,93092.83,93112.20,900,45,0
2026.02.06 09:30:00,93100.02,93110.83,93090.78,93102.11,900,45,0
2026.02.06 09:15:00,93118.02,93118.02,93100.04,93100.04,900,45,0
2026.02.06 09:00:00,93072.40,93129.00,93070.76,93118.04,900,45,0
2026.02.06 08:45:00,93055.10,93082.40,93047.12,93072.42,900,45,0
2026.02.06 08:30:00,93073.10,93073.10,93055.12,93055.12,900,45,0
2026.02.06 08:15:00,93091.10,93091.10,93073.12,93073.12,900,45,0
2026.02.06 08:00:00,93109.10,93109.10,93091.12,93091.12,900,45,0
2026.02.06 07:45:00,93066.57,93117.62,93057.77,93109.12,900,45,0
2026.02.06 07:30:00,93084.57,93084.57,93066.59,93066.59,900,45,0
2026.02.06 07:15:00,93102.57,93102.57,93084.59,93084.59,900,45,0
2026.02.06 07:00:00,93120.57,93120.57,93102.59,93102.59,900,45,0
2026.02.06 06:45:00,93138.57,93138.57,93120.59,93120.59,900,45,0
2026.02.06 06:30:00,93139.45,93140.45,93123.35,93138.59,900,45,0
2026.02.06 06:15:00,93157.45,93157.45,93139.47,93139.47,900,45,0
2026.02.06 06:00:00,93125.64,93162.95,93121.26,93157.47,900,45,0
2026.02.06 05:45:00,93125.58,93126.50,93108.46,93125.66,900,45,0
2026.02.06 05:30:00,93081.54,93127.44,93079.02,93125.60,900,45,0
2026.02.06 05:15:00,93099.54,93099.54,93081.56,93081.56,900,45,0
2026.02.06 05:00:00,93096.97,93112.76,93092.21,93099.56,900,45,0
2026.02.06 04:45:00,93083.12,93101.31,93069.48,93096.99,900,45,0
2026.02.06 04:30:00,93077.93,93097.82,93074.65,93083.14,900,45,0
2026.02.06 04:15:00,93071.96,93089.97,93066.02,93077.95,900,45,0
2026.02.06 04:00:00,93089.96,93089.96,93071.98,93071.98,900,45,0
2026.02.06 03:45:00,93107.96,93107.96,93089.98,93089.98,900,45,0
2026.02.06 03:30:00,93125.96,93125.96,93107.98,93107.98,900,45,0
2026.02.06 03:15:00,93117.07,93141.66,93114.79,93125.98,900,45,0
2026.02.06 03:00:00,93135.07,93135.07,93117.09,93117.09,900,45,0
2026.02.06 02:45:00,93121.06,93150.93,93118.94,93135.09,900,45,0
2026.02.06 02:30:00,93065.34,93131.10,93061.64,93121.08,900,45,0
2026.02.06 02:15:00,93083.34,93083.34,93065.36,93065.36,900,45,0
2026.02.06 02:00:00,93101.34,93101.34,93083.36,93083.36,900,45,0
2026.02.06 01:45:00,93119.34,93119.34,93101.36,93101.36,900,45,0
2026.02.06 01:30:00,93104.35,93123.82,93102.41,93119.36,900,45,0
2026.02.06 01:15:00,93054.64,93107.69,93048.66,93104.37,900,45,0
2026.02.06 01:00:00,93072.64,93072.64,93054.66,93054.66,900,45,0
2026.02.06 00:45:00,93090.64,93090.64,93072.66,93072.66,900,45,0
2026.02.06 00:30:00,93072.68,93106.86,93070.92,93090.66,900,45,0
2026.02.06 00:15:00,93066.48,93084.54,93060.36,93072.70,900,45,0
2026.02.06 00:00:00,93059.82,93075.36,93050.72,93066.50,900,45,0
2026.02.05 23:45:00,93077.82,93077.82,93059.84,93059.84,900,45,0
2026.02.05 23:30:00,93095.82,93095.82,93077.84,93077.84,900,45,0
2026.02.05 23:15:00,93099.93,93109.16,93095.29,93095.84,900,45,0
2026.02.05 23:00:00,93117.93,93117.93,93099.95,93099.95,900,45,0
2026.02.05 22:45:00,93135.93,93135.93,93117.95,93117.95,900,45,0
2026.02.05 22:30:00,93104.94,93137.17,93100.04,93135.95,900,45,0
2026.02.05 22:15:00,93122.94,93122.94,93104.96,93104.96,900,45,0
2026.02.05 22:00:00,93140.94,93140.94,93122.96,93122.96,900,45,0
2026.02.05 21:45:00,93105.17,93142.40,93090.57,93140.96,900,45,0
2026.02.05 21:30:00,93123.17,93123.17,93105.19,93105.19,900,45,0
2026.02.05 21:15:00,93111.72,93137.69,93108.26,93123.19,900,45,0
2026.02.05 21:00:00,93129.72,93129.72,93111.74,93111.74,900,45,0
2026.02.05 20:45:00,93132.93,93134.60,93119.83,93129.74,900,45,0
2026.02.05 20:30:00,93131.39,93149.57,93130.05,93132.95,900,45,0
2026.02.05 20:15:00,93134.63,93134.63,93117.05,93131.41,900,45,0
2026.02.05 20:00:00,93137.13,93145.61,93130.13,93134.65,900,45,0
2026.02.05 19:45:00,93155.13,93155.13,93137.15,93137.15,900,45,0
2026.02.05 19:30:00,93173.13,93173.13,93155.15,93155.15,900,45,0
2026.02.05 19:15:00,93191.13,93191.13,93173.15,93173.15,900,45,0
2026.02.05 19:00:00,93209.13,93209.13,93191.15,93191.15,900,45,0
2026.02.05 18:45:00,93209.26,93223.99,93206.14,93209.15,900,45,0
2026.02.05 18:30:00,93151.94,93213.08,93141.78,93209.28,900,45,0
2026.02.05 18:15:00,93120.94,93165.24,93116.26,93151.96,900,45,0
2026.02.05 18:00:00,93138.94,93138.94,93120.96,93120.96,900,45,0
2026.02.05 17:45:00,93156.94,93156.94,93138.96,93138.96,900,45,0
2026.02.05 17:30:00,93174.94,93174.94,93156.96,93156.96,900,45,0
2026.02.05 17:15:00,93192.94,93192.94,93174.96,93174.96,900,45,0
2026.02.05 17:00:00,93154.53,93197.00,93146.87,93192.96,900,45,0
2026.02.05 16:45:00,93172.53,93172.53,93154.55,93154.55,900,45,0
2026.02.05 16:30:00,93190.53,93190.53,93172.55,93172.55,900,45,0
2026.02.05 16:15:00,93177.10,93203.05,93171.64,93190.55,900,45,0
2026.02.05 16:00:00,93181.40,93185.34,93171.66,93177.12,900,45,0
2026.02.05 15:45:00,93199.40,93199.40,93181.42,93181.42,900,45,0
2026.02.05 15:30:00,93217.40,93217.40,93199.42,93199.42,900,45,0
2026.02.05 15:15:00,93217.54,93217.94,93200.10,93217.42,900,45,0
2026.02.05 15:00:00,93235.54,93235.54,93217.56,93217.56,900,45,0
2026.02.05 14:45:00,93253.54,93253.54,93235.56,93235.56,900,45,0
2026.02.05 14:30:00,93271.54,93271.54,93253.56,93253.56,900,45,0
2026.02.05 14:15:00,93289.54,93289.54,93271.56,93271.56,900,45,0
2026.02.05 14:00:00,93307.54,93307.54,93289.56,93289.56,900,45,0
2026.02.05 13:45:00,93243.97,93314.40,93237.27,93307.56,900,45,0
2026.02.05 13:30:00,93261.97,93261.97,93243.99,93243.99,900,45,0
2026.02.05 13:15:00,93255.48,93273.75,93249.28,93261.99,900,45,0
2026.02.05 13:00:00,93260.10,93267.14,93253.78,93255.50,900,45,0
2026.02.05 12:45:00,93278.10,93278.10,93260.12,93260.12,900,45,0
2026.02.05 12:30:00,93254.83,93285.86,93250.17,93278.12,900,45,0
2026.02.05 12:15:00,93244.15,93256.89,93228.23,93254.85,900,45,0
2026.02.05 12:00:00,93203.91,93244.43,93190.23,93244.17,900,45,0
2026.02.05 11:45:00,93168.19,93207.15,93157.91,93203.93,900,45,0
2026.02.05 11:30:00,93186.19,93186.19,93168.21,93168.21,900,45,0
2026.02.05 11:15:00,93204.19,93204.19,93186.21,93186.21,900,45,0
2026.02.05 11:00:00,93182.65,93209.63,93179.27,93204.21,900,45,0
2026.02.05 10:45:00,93118.61,93187.15,93118.41,93182.67,900,45,0
2026.02.05 10:30:00,93136.61,93136.61,93118.63,93118.63,900,45,0
2026.02.05 10:15:00,93134.07,93149.27,93128.75,93136.63,900,45,0
2026.02.05 10:00:00,93117.18,93146.91,93112.04,93134.09,900,45,0
2026.02.05 09:45:00,93135.18,93135.18,93117.20,93117.20,900,45,0
2026.02.05 09:30:00,93133.56,93143.32,93123.72,93135.20,900,45,0
2026.02.05 09:15:00,93100.00,93139.84,93097.30,93133.58,900,45,0
2026.02.05 09:00:00,93031.41,93105.52,93026.75,93100.02,900,45,0
2026.02.05 08:45:00,93049.41,93049.41,93031.43,93031.43,900,45,0
2026.02.05 08:30:00,93067.41,93067.41,93049.43,93049.43,900,45,0
2026.02.05 08:15:00,93014.57,93071.07,93004.59,93067.43,900,45,0
2026.02.05 08:00:00,93020.20,93030.39,93014.59,93014.59,900,45,0
2026.02.05 07:45:00,93038.20,93038.20,93020.22,93020.22,900,45,0
2026.02.05 07:30:00,93020.12,93052.26,93016.20,93038.22,900,45,0
2026.02.05 07:15:00,93038.12,93038.12,93020.14,93020.14,900,45,0
2026.02.05 07:00:00,93039.90,93054.92,93038.14,93038.14,900,45,0
2026.02.05 06:45:00,93057.90,93057.90,93039.92,93039.92,900,45,0
2026.02.05 06:30:00,93045.95,93072.42,93042.49,93057.92,900,45,0
2026.02.05 06:15:00,93031.36,93048.89,93022.26,93045.97,900,45,0
2026.02.05 06:00:00,93049.36,93049.36,93031.38,93031.38,900,45,0
2026.02.05 05:45:00,93028.21,93058.32,93027.01,93049.38,900,45,0
2026.02.05 05:30:00,93046.21,93046.21,93028.23,93028.23,900,45,0
2026.02.05 05:15:00,93064.21,93064.21,93046.23,93046.23,900,45,0
2026.02.05 05:00:00,93054.01,93077.39,93049.21,93064.23,900,45,0
2026.02.05 04:45:00,93059.89,93059.89,93042.27,93054.03,900,45,0
2026.02.05 04:30:00,93077.89,93077.89,93059.91,93059.91,900,45,0
2026.02.05 04:15:00,93095.89,93095.89,93077.91,93077.91,900,45,0
2026.02.05 04:00:00,93113.89,93113.89,93095.91,93095.91,900,45,0
2026.02.05 03:45:00,93131.89,93131.89,93113.91,93113.91,900,45,0
2026.02.05 03:30:00,93149.89,93149.89,93131.91,93131.91,900,45,0
2026.02.05 03:15:00,93153.64,93156.03,93141.80,93149.91,900,45,0
2026.02.05 03:00:00,93171.64,93171.64,93153.66,93153.66,900,45,0
2026.02.05 02:45:00,93189.64,93189.64,93171.66,93171.66,900,45,0
2026.02.05 02:30:00,93207.64,93207.64,93189.66,93189.66,900,45,0
2026.02.05 02:15:00,93207.94,93220.90,93203.22,93207.66,900,45,0
2026.02.05 02:00:00,93197.70,93212.58,93184.36,93207.96,900,45,0
2026.02.05 01:45:00,93215.70,93215.70,93197.72,93197.72,900,45,0
2026.02.05 01:30:00,93233.70,93233.70,93215.72,93215.72,900,45,0
2026.02.05 01:15:00,93233.20,93241.18,93222.70,93233.72,900,45,0
2026.02.05 01:00:00,93221.86,93236.06,93206.74,93233.22,900,45,0
2026.02.05 00:45:00,93207.07,93236.86,93204.09,93221.88,900,45,0
2026.02.05 00:30:00,93225.07,93225.07,93207.09,93207.09,900,45,0
2026.02.05 00:15:00,93216.08,93230.91,93203.94,93225.09,900,45,0
2026.02.05 00:00:00,93234.08,93234.08,93216.10,93216.10,900,45,0
2026.02.04 23:45:00,93207.99,93237.36,93193.29,93234.10,900,45,0
2026.02.04 23:30:00,93225.99,93225.99,93208.01,93208.01,900,45,0
2026.02.04 23:15:00,93243.99,93243.99,93226.01,93226.01,900,45,0
2026.02.04 23:00:00,93236.55,93250.27,93224.85,93244.01,900,45,0
2026.02.04 22:45:00,93254.55,93254.55,93236.57,93236.57,900,45,0
2026.02.04 22:30:00,93241.35,93264.93,93233.75,93254.57,900,45,0
2026.02.04 22:15:00,93243.57,93249.89,93234.13,93241.37,900,45,0
2026.02.04 22:00:00,93261.57,93261.57,93243.59,93243.59,900,45,0
2026.02.04 21:45:00,93250.70,93261.71,93237.36,93261.59,900,45,0
2026.02.04 21:30:00,93268.70,93268.70,93250.72,93250.72,900,45,0
2026.02.04 21:15:00,93252.55,93269.72,93241.19,93268.72,900,45,0
2026.02.04 21:00:00,93270.55,93270.55,93252.57,93252.57,900,45,0
2026.02.04 20:45:00,93275.01,93281.19,93267.67,93270.57,900,45,0
2026.02.04 20:30:00,93293.01,93293.01,93275.03,93275.03,900,45,0
2026.02.04 20:15:00,93311.01,93311.01,93293.03,93293.03,900,45,0
2026.02.04 20:00:00,93329.01,93329.01,93311.03,93311.03,900,45,0
2026.02.04 19:45:00,93347.01,93347.01,93329.03,93329.03,900,45,0
2026.02.04 19:30:00,93334.53,93353.07,93323.93,93347.03,900,45,0
2026.02.04 19:15:00,93315.66,93352.25,93315.40,93334.55,900,45,0
2026.02.04 19:00:00,93333.66,93333.66,93315.68,93315.68,900,45,0
2026.02.04 18:45:00,93336.58,93345.08,93330.02,93333.68,900,45,0
2026.02.04 18:30:00,93331.88,93354.50,93331.82,93336.60,900,45,0
2026.02.04 18:15:00,93325.97,93342.20,93318.31,93331.90,900,45,0
2026.02.04 18:00:00,93343.97,93343.97,93325.99,93325.99,900,45,0
2026.02.04 17:45:00,93334.89,93345.51,93318.45,93343.99,900,45,0
2026.02.04 17:30:00,93335.10,93349.81,93332.04,93334.91,900,45,0
2026.02.04 17:15:00,93353.10,93353.10,93335.12,93335.12,900,45,0
2026.02.04 17:00:00,93330.13,93359.88,93326.25,93353.12,900,45,0
2026.02.04 16:45:00,93287.22,93333.61,93282.14,93330.15,900,45,0
2026.02.04 16:30:00,93290.34,93297.56,93282.70,93287.24,900,45,0
2026.02.04 16:15:00,93275.77,93294.08,93261.53,93290.36,900,45,0
2026.02.04 16:00:00,93293.77,93293.77,93275.79,93275.79,900,45,0
2026.02.04 15:45:00,93295.70,93298.73,93282.68,93293.79,900,45,0
2026.02.04 15:30:00,93290.83,93305.04,93282.19,93295.72,900,45,0
2026.02.04 15:15:00,93308.83,93308.83,93290.85,93290.85,900,45,0
2026.02.04 15:00:00,93281.54,93312.99,93277.02,93308.85,900,45,0
2026.02.04 14:45:00,93274.31,93284.02,93258.81,93281.56,900,45,0
2026.02.04 14:30:00,93269.13,93284.35,93261.19,93274.33,900,45,0
2026.02.04 14:15:00,93264.66,93286.85,93264.40,93269.15,900,45,0
2026.02.04 14:00:00,93257.53,93273.62,93248.51,93264.68,900,45,0
2026.02.04 13:45:00,93246.24,93269.59,93240.32,93257.55,900,45,0
2026.02.04 13:30:00,93264.24,93264.24,93246.26,93246.26,900,45,0
2026.02.04 13:15:00,93282.24,93282.24,93264.26,93264.26,900,45,0
2026.02.04 13:00:00,93277.75,93293.92,93271.45,93282.26,900,45,0
2026.02.04 12:45:00,93260.10,93285.11,93249.48,93277.77,900,45,0
2026.02.04 12:30:00,93241.50,93261.64,93225.06,93260.12,900,45,0
2026.02.04 12:15:00,93259.50,93259.50,93241.52,93241.52,900,45,0
2026.02.04 12:00:00,93223.11,93266.36,93212.21,93259.52,900,45,0
2026.02.04 11:45:00,93241.11,93241.11,93223.13,93223.13,900,45,0
2026.02.04 11:30:00,93245.55,93246.29,93232.75,93241.13,900,45,0
2026.02.04 11:15:00,93234.87,93260.41,93231.75,93245.57,900,45,0
2026.02.04 11:00:00,93252.87,93252.87,93234.89,93234.89,900,45,0
2026.02.04 10:45:00,93222.51,93258.29,93221.21,93252.89,900,45,0
2026.02.04 10:30:00,93198.72,93234.03,93192.98,93222.53,900,45,0
2026.02.04 10:15:00,93216.72,93216.72,93198.74,93198.74,900,45,0
2026.02.04 10:00:00,93210.66,93230.06,93206.02,93216.74,900,45,0
2026.02.04 09:45:00,93228.66,93228.66,93210.68,93210.68,900,45,0
2026.02.04 09:30:00,93219.46,93230.20,93203.02,93228.68,900,45,0
2026.02.04 09:15:00,93237.46,93237.46,93219.48,93219.48,900,45,0
2026.02.04 09:00:00,93255.46,93255.46,93237.48,93237.48,900,45,0
2026.02.04 08:45:00,93209.88,93258.22,93197.64,93255.48,900,45,0
2026.02.04 08:30:00,93187.43,93215.94,93183.61,93209.90,900,45,0
2026.02.04 08:15:00,93175.01,93195.03,93164.63,93187.45,900,45,0
2026.02.04 08:00:00,93132.76,93177.41,93126.30,93175.03,900,45,0
2026.02.04 07:45:00,93075.88,93141.66,93072.24,93132.78,900,45,0
2026.02.04 07:30:00,93093.88,93093.88,93075.90,93075.90,900,45,0
2026.02.04 07:15:00,93111.88,93111.88,93093.90,93093.90,900,45,0
2026.02.04 07:00:00,93083.97,93120.16,93074.97,93111.90,900,45,0
2026.02.04 06:45:00,93101.97,93101.97,93083.99,93083.99,900,45,0
2026.02.04 06:30:00,93119.97,93119.97,93101.99,93101.99,900,45,0
2026.02.04 06:15:00,93137.97,93137.97,93119.99,93119.99,900,45,0
2026.02.04 06:00:00,93155.97,93155.97,93137.99,93137.99,900,45,0
2026.02.04 05:45:00,93158.55,93158.55,93141.65,93155.99,900,45,0
2026.02.04 05:30:00,93149.11,93158.65,93131.23,93158.57,900,45,0
2026.02.04 05:15:00,93049.74,93153.79,93049.66,93149.13,900,45,0
2026.02.04 05:00:00,93055.46,93061.40,93049.14,93049.76,900,45,0
2026.02.04 04:45:00,93073.46,93073.46,93055.48,93055.48,900,45,0
2026.02.04 04:30:00,93091.46,93091.46,93073.48,93073.48,900,45,0
2026.02.04 04:15:00,93092.83,93094.92,93078.31,93091.48,900,45,0
2026.02.04 04:00:00,93085.56,93097.81,93072.56,93092.85,900,45,0
2026.02.04 03:45:00,93103.56,93103.56,93085.58,93085.58,900,45,0
2026.02.04 03:30:00,93103.75,93119.40,93101.61,93103.58,900,45,0
2026.02.04 03:15:00,93121.75,93121.75,93103.77,93103.77,900,45,0
2026.02.04 03:00:00,93105.68,93127.57,93093.52,93121.77,900,45,0
2026.02.04 02:45:00,93123.68,93123.68,93105.70,93105.70,900,45,0
2026.02.04 02:30:00,93090.16,93136.04,93087.56,93123.70,900,45,0
2026.02.04 02:15:00,93074.64,93092.87,93074.34,93090.18,901,45,0
2026.02.04 02:00:00,93058.66,93076.06,93042.44,93074.66,899,45,0
2026.02.04 01:45:00,93076.68,93076.68,93058.68,93058.68,901,45,0
2026.02.04 01:30:00,93094.68,93094.68,93076.70,93076.70,900,45,0
2026.02.04 01:15:00,93112.68,93112.68,93094.70,93094.70,900,45,0
2026.02.04 01:00:00,93109.80,93126.14,93105.28,93112.70,900,45,0
2026.02.04 00:45:00,93127.80,93127.80,93109.82,93109.82,900,45,0
2026.02.04 00:30:00,93126.26,93135.54,93116.02,93127.82,900,45,0
2026.02.04 00:15:00,93144.26,93144.26,93126.28,93126.28,900,45,0
2026.02.04 00:00:00,93104.34,93149.16,93093.96,93144.28,900,45,0
2026.02.03 23:45:00,93100.22,93111.06,93088.96,93104.36,900,45,0
2026.02.03 23:30:00,93099.73,93104.22,93085.75,93100.24,900,45,0
2026.02.03 23:15:00,93117.73,93117.73,93099.75,93099.75,900,45,0
2026.02.03 23:00:00,93119.70,93126.19,93110.18,93117.75,900,45,0
2026.02.03 22:45:00,93104.04,93126.98,93093.34,93119.72,900,45,0
2026.02.03 22:30:00,93122.04,93122.04,93104.06,93104.06,900,45,0
2026.02.03 22:15:00,93140.04,93140.04,93122.06,93122.06,900,45,0
2026.02.03 22:00:00,93121.43,93140.44,93103.85,93140.06,900,45,0
2026.02.03 21:45:00,93139.43,93139.43,93121.45,93121.45,900,45,0
2026.02.03 21:30:00,93157.43,93157.43,93139.45,93139.45,900,45,0
2026.02.03 21:15:00,93156.92,93164.79,93146.30,93157.45,900,45,0
2026.02.03 21:00:00,93134.12,93164.02,93133.10,93156.94,900,45,0
2026.02.03 20:45:00,93152.12,93152.12,93134.14,93134.14,900,45,0
2026.02.03 20:30:00,93156.97,93157.18,93144.05,93152.14,900,45,0
2026.02.03 20:15:00,93102.81,93161.01,93092.89,93156.99,900,45,0
2026.02.03 20:00:00,93120.81,93120.81,93102.83,93102.83,900,45,0
2026.02.03 19:45:00,93111.21,93128.07,93100.49,93120.83,900,45,0
2026.02.03 19:30:00,93095.76,93126.47,93093.04,93111.23,900,45,0
2026.02.03 19:15:00,93084.14,93111.56,93081.96,93095.78,900,45,0
2026.02.03 19:00:00,93102.14,93102.14,93084.16,93084.16,900,45,0
2026.02.03 18:45:00,93120.14,93120.14,93102.16,93102.16,900,45,0
2026.02.03 18:30:00,93138.14,93138.14,93120.16,93120.16,900,45,0
2026.02.03 18:15:00,93156.14,93156.14,93138.16,93138.16,900,45,0
2026.02.03 18:00:00,93174.14,93174.14,93156.16,93156.16,900,45,0
2026.02.03 17:45:00,93192.14,93192.14,93174.16,93174.16,900,45,0
2026.02.03 17:30:00,93210.14,93210.14,93192.16,93192.16,900,45,0
2026.02.03 17:15:00,93214.88,93214.88,93198.26,93210.16,900,45,0
2026.02.03 17:00:00,93209.70,93226.82,93203.66,93214.90,900,45,0
2026.02.03 16:45:00,93227.70,93227.70,93209.72,93209.72,900,45,0
2026.02.03 16:30:00,93231.92,93244.36,93227.72,93227.72,900,45,0
2026.02.03 16:15:00,93249.92,93249.92,93231.94,93231.94,900,45,0
2026.02.03 16:00:00,93267.92,93267.92,93249.94,93249.94,900,45,0
2026.02.03 15:45:00,93247.11,93285.48,93246.69,93267.94,900,45,0
2026.02.03 15:30:00,93265.11,93265.11,93247.13,93247.13,900,45,0
2026.02.03 15:15:00,93283.11,93283.11,93265.13,93265.13,900,45,0
2026.02.03 15:00:00,93276.52,93300.29,93275.72,93283.13,900,45,0
2026.02.03 14:45:00,93294.52,93294.52,93276.54,93276.54,900,45,0
2026.02.03 14:30:00,93312.52,93312.52,93294.54,93294.54,900,45,0
2026.02.03 14:15:00,93330.52,93330.52,93312.54,93312.54,900,45,0
2026.02.03 14:00:00,93322.25,93337.02,93310.77,93330.54,900,45,0
2026.02.03 13:45:00,93303.89,93322.95,93286.61,93322.27,900,45,0
2026.02.03 13:30:00,93321.89,93321.89,93303.91,93303.91,900,45,0
2026.02.03 13:15:00,93339.89,93339.89,93321.91,93321.91,900,45,0
2026.02.03 13:00:00,93335.96,93341.83,93319.92,93339.91,900,45,0
2026.02.03 12:45:00,93335.50,93343.36,93324.92,93335.98,900,45,0
2026.02.03 12:30:00,93353.50,93353.50,93335.52,93335.52,900,45,0
2026.02.03 12:15:00,93371.50,93371.50,93353.52,93353.52,900,45,0
2026.02.03 12:00:00,93389.50,93389.50,93371.52,93371.52,900,45,0
2026.02.03 11:45:00,93363.65,93390.50,93346.67,93389.52,900,45,0
2026.02.03 11:30:00,93361.67,93372.61,93352.65,93363.67,900,45,0
2026.02.03 11:15:00,93379.67,93379.67,93361.69,93361.69,900,45,0
2026.02.03 11:00:00,93397.67,93397.67,93379.69,93379.69,900,45,0
2026.02.03 10:45:00,93395.95,93411.65,93391.95,93397.69,900,45,0
2026.02.03 10:30:00,93413.95,93413.95,93395.97,93395.97,900,45,0
2026.02.03 10:15:00,93431.95,93431.95,93413.97,93413.97,900,45,0
2026.02.03 10:00:00,93449.95,93449.95,93431.97,93431.97,900,45,0
2026.02.03 09:45:00,93467.95,93467.95,93449.97,93449.97,900,45,0
2026.02.03 09:30:00,93485.95,93485.95,93467.97,93467.97,900,45,0
2026.02.03 09:15:00,93503.95,93503.95,93485.97,93485.97,900,45,0
2026.02.03 09:00:00,93499.63,93507.01,93484.71,93503.97,900,45,0
2026.02.03 08:45:00,93517.63,93517.63,93499.65,93499.65,900,45,0
2026.02.03 08:30:00,93503.62,93520.49,93488.50,93517.65,900,45,0
2026.02.03 08:15:00,93521.62,93521.62,93503.64,93503.64,900,45,0
2026.02.03 08:00:00,93539.62,93539.62,93521.64,93521.64,900,45,0
2026.02.03 07:45:00,93557.62,93557.62,93539.64,93539.64,900,45,0
2026.02.03 07:30:00,93544.55,93564.76,93533.71,93557.64,900,45,0
2026.02.03 07:15:00,93562.55,93562.55,93544.57,93544.57,900,45,0
2026.02.03 07:00:00,93562.02,93563.15,93544.64,93562.57,900,45,0
2026.02.03 06:45:00,93580.02,93580.02,93562.04,93562.04,900,45,0
2026.02.03 06:30:00,93598.02,93598.02,93580.04,93580.04,900,45,0
2026.02.03 06:15:00,93616.02,93616.02,93598.04,93598.04,900,45,0
2026.02.03 06:00:00,93634.02,93634.02,93616.04,93616.04,900,45,0
2026.02.03 05:45:00,93652.02,93652.02,93634.04,93634.04,900,45,0
2026.02.03 05:30:00,93628.87,93658.70,93623.13,93652.04,900,45,0
2026.02.03 05:15:00,93646.87,93646.87,93628.89,93628.89,900,45,0
2026.02.03 05:00:00,93643.35,93662.33,93640.83,93646.89,900,45,0
2026.02.03 04:45:00,93586.55,93644.85,93582.05,93643.37,900,45,0
2026.02.03 04:30:00,93579.18,93598.17,93572.82,93586.57,900,45,0
2026.02.03 04:15:00,93557.76,93594.16,93554.76,93579.20,900,45,0
2026.02.03 04:00:00,93562.71,93563.50,93550.47,93557.78,900,45,0
2026.02.03 03:45:00,93580.71,93580.71,93562.73,93562.73,900,45,0
2026.02.03 03:30:00,93598.71,93598.71,93580.73,93580.73,900,45,0
2026.02.03 03:15:00,93582.52,93616.11,93581.94,93598.73,900,45,0
2026.02.03 03:00:00,93600.52,93600.52,93582.54,93582.54,900,45,0
2026.02.03 02:45:00,93618.52,93618.52,93600.54,93600.54,900,45,0
2026.02.03 02:30:00,93636.52,93636.52,93618.54,93618.54,900,45,0
2026.02.03 02:15:00,93654.52,93654.52,93636.54,93636.54,900,45,0
2026.02.03 02:00:00,93638.37,93664.28,93630.15,93654.54,900,45,0
2026.02.03 01:45:00,93618.84,93651.27,93613.76,93638.39,900,45,0
2026.02.03 01:30:00,93636.84,93636.84,93618.86,93618.86,900,45,0
2026.02.03 01:15:00,93654.84,93654.84,93636.86,93636.86,900,45,0
2026.02.03 01:00:00,93672.84,93672.84,93654.86,93654.86,900,45,0
2026.02.03 00:45:00,93690.84,93690.84,93672.86,93672.86,900,45,0
2026.02.03 00:30:00,93708.84,93708.84,93690.86,93690.86,900,45,0
2026.02.03 00:15:00,93726.84,93726.84,93708.86,93708.86,900,45,0
2026.02.03 00:00:00,93744.84,93744.84,93726.86,93726.86,900,45,0
2026.02.02 23:45:00,93717.58,93760.12,93714.88,93744.86,900,45,0
2026.02.02 23:30:00,93735.58,93735.58,93717.60,93717.60,900,45,0
2026.02.02 23:15:00,93706.40,93753.46,93706.30,93735.60,900,45,0
2026.02.02 23:00:00,93699.00,93709.28,93683.90,93706.42,900,45,0
2026.02.02 22:45:00,93669.83,93711.22,93664.07,93699.02,900,45,0
2026.02.02 22:30:00,93645.23,93671.53,93633.33,93669.85,900,45,0
2026.02.02 22:15:00,93640.81,93655.09,93632.69,93645.25,900,45,0
2026.02.02 22:00:00,93658.81,93658.81,93640.83,93640.83,900,45,0
2026.02.02 21:45:00,93676.81,93676.81,93658.83,93658.83,900,45,0
2026.02.02 21:30:00,93694.81,93694.81,93676.83,93676.83,900,45,0
2026.02.02 21:15:00,93695.75,93700.51,93683.47,93694.83,900,45,0
2026.02.02 21:00:00,93678.34,93702.61,93667.22,93695.77,900,45,0
2026.02.02 20:45:00,93673.33,93680.80,93657.81,93678.36,900,45,0
2026.02.02 20:30:00,93669.44,93682.29,93660.42,93673.35,900,45,0
2026.02.02 20:15:00,93661.04,93679.06,93652.68,93669.46,900,45,0
2026.02.02 20:00:00,93679.04,93679.04,93661.06,93661.06,900,45,0
2026.02.02 19:45:00,93697.04,93697.04,93679.06,93679.06,900,45,0
2026.02.02 19:30:00,93715.04,93715.04,93697.06,93697.06,900,45,0
2026.02.02 19:15:00,93733.04,93733.04,93715.06,93715.06,900,45,0
2026.02.02 19:00:00,93734.19,93741.06,93724.23,93733.06,900,45,0
2026.02.02 18:45:00,93752.19,93752.19,93734.21,93734.21,900,45,0
2026.02.02 18:30:00,93746.66,93756.69,93733.18,93752.21,900,45,0
2026.02.02 18:15:00,93764.66,93764.66,93746.68,93746.68,900,45,0
2026.02.02 18:00:00,93750.46,93765.78,93733.60,93764.68,900,45,0
2026.02.02 17:45:00,93727.22,93760.60,93719.38,93750.48,900,45,0
2026.02.02 17:30:00,93728.62,93732.24,93715.66,93727.24,900,45,0
2026.02.02 17:15:00,93746.62,93746.62,93728.64,93728.64,900,45,0
2026.02.02 17:00:00,93745.36,93755.54,93736.30,93746.64,900,45,0
2026.02.02 16:45:00,93727.97,93749.92,93714.55,93745.38,900,45,0
2026.02.02 16:30:00,93745.97,93745.97,93727.99,93727.99,900,45,0
2026.02.02 16:15:00,93749.77,93753.57,93739.39,93745.99,900,45,0
2026.02.02 16:00:00,93767.77,93767.77,93749.79,93749.79,900,45,0
2026.02.02 15:45:00,93764.07,93780.29,93758.61,93767.79,900,45,0
2026.02.02 15:30:00,93759.34,93770.83,93748.12,93764.09,900,45,0
2026.02.02 15:15:00,93777.34,93777.34,93759.36,93759.36,900,45,0
2026.02.02 15:00:00,93763.61,93782.00,93753.45,93777.36,900,45,0
2026.02.02 14:45:00,93781.61,93781.61,93763.63,93763.63,900,45,0
2026.02.02 14:30:00,93753.17,93784.25,93737.83,93781.63,900,45,0
2026.02.02 14:15:00,93744.55,93759.77,93733.17,93753.19,900,45,0
2026.02.02 14:00:00,93762.55,93762.55,93744.57,93744.57,900,45,0
2026.02.02 13:45:00,93761.70,93763.27,93744.44,93762.57,900,45,0
2026.02.02 13:30:00,93779.70,93779.70,93761.72,93761.72,900,45,0
2026.02.02 13:15:00,93797.70,93797.70,93779.72,93779.72,900,45,0
2026.02.02 13:00:00,93795.57,93799.94,93779.83,93797.72,900,45,0
2026.02.02 12:45:00,93787.01,93804.49,93777.95,93795.59,900,45,0
2026.02.02 12:30:00,93805.01,93805.01,93787.03,93787.03,900,45,0
2026.02.02 12:15:00,93772.99,93808.59,93765.87,93805.03,900,45,0
2026.02.02 12:00:00,93743.92,93779.97,93734.14,93773.01,900,45,0
2026.02.02 11:45:00,93761.92,93761.92,93743.94,93743.94,900,45,0
2026.02.02 11:30:00,93779.92,93779.92,93761.94,93761.94,900,45,0
2026.02.02 11:15:00,93780.45,93793.82,93776.37,93779.94,900,45,0
2026.02.02 11:00:00,93798.45,93798.45,93780.47,93780.47,900,45,0
2026.02.02 10:45:00,93796.42,93811.33,93791.32,93798.47,900,45,0
2026.02.02 10:30:00,93785.80,93803.20,93774.60,93796.44,900,45,0
2026.02.02 10:15:00,93755.84,93798.10,93750.90,93785.82,900,45,0
2026.02.02 10:00:00,93723.34,93760.22,93720.20,93755.86,900,45,0
2026.02.02 09:45:00,93725.68,93731.86,93716.22,93723.36,900,45,0
2026.02.02 09:30:00,93743.68,93743.68,93725.70,93725.70,900,45,0
2026.02.02 09:15:00,93761.68,93761.68,93743.70,93743.70,900,45,0
2026.02.02 09:00:00,93779.68,93779.68,93761.70,93761.70,900,45,0
2026.02.02 08:45:00,93763.11,93796.40,93761.85,93779.70,900,45,0
2026.02.02 08:30:00,93753.78,93767.75,93740.44,93763.13,900,45,0
2026.02.02 08:15:00,93749.86,93771.06,93749.16,93753.80,900,45,0
2026.02.02 08:00:00,93719.11,93760.12,93717.25,93749.88,900,45,0
2026.02.02 07:45:00,93720.09,93721.41,93704.41,93719.13,900,45,0
2026.02.02 07:30:00,93738.09,93738.09,93720.11,93720.11,900,45,0
2026.02.02 07:15:00,93756.09,93756.09,93738.11,93738.11,900,45,0
2026.02.02 07:00:00,93752.59,93759.87,93738.39,93756.11,900,45,0
2026.02.02 06:45:00,93703.16,93761.05,93700.96,93752.61,900,45,0
2026.02.02 06:30:00,93721.16,93721.16,93703.18,93703.18,900,45,0
2026.02.02 06:15:00,93739.16,93739.16,93721.18,93721.18,900,45,0
2026.02.02 06:00:00,93737.48,93750.04,93730.38,93739.18,900,45,0
2026.02.02 05:45:00,93737.83,93742.64,93725.01,93737.50,900,45,0
2026.02.02 05:30:00,93755.83,93755.83,93737.85,93737.85,900,45,0
2026.02.02 05:15:00,93758.74,93765.99,93750.92,93755.85,900,45,0
2026.02.02 05:00:00,93776.74,93776.74,93758.76,93758.76,900,45,0
2026.02.02 04:45:00,93794.74,93794.74,93776.76,93776.76,900,45,0
2026.02.02 04:30:00,93793.28,93808.30,93788.86,93794.76,900,45,0
2026.02.02 04:15:00,93781.31,93801.94,93771.99,93793.30,900,45,0
2026.02.02 04:00:00,93779.70,93785.77,93766.18,93781.33,900,45,0
2026.02.02 03:45:00,93766.00,93788.50,93756.82,93779.72,900,45,0
2026.02.02 03:30:00,93741.88,93773.68,93734.26,93766.02,900,45,0
2026.02.02 03:15:00,93759.88,93759.88,93741.90,93741.90,900,45,0
2026.02.02 03:00:00,93748.27,93763.44,93733.85,93759.90,900,45,0
2026.02.02 02:45:00,93766.27,93766.27,93748.29,93748.29,900,45,0
2026.02.02 02:30:00,93769.04,93781.17,93765.96,93766.29,900,45,0
2026.02.02 02:15:00,93734.55,93771.32,93725.15,93769.06,900,45,0
2026.02.02 02:00:00,93752.55,93752.55,93734.57,93734.57,900,45,0
2026.02.02 01:45:00,93752.71,93759.59,93741.77,93752.57,900,45,0
2026.02.02 01:30:00,93753.94,93767.73,93750.98,93752.73,900,45,0
2026.02.02 01:15:00,93754.08,93763.02,93745.18,93753.96,900,45,0
2026.02.02 01:00:00,93749.80,93755.30,93733.04,93754.10,900,45,0
2026.02.02 00:45:00,93767.80,93767.80,93749.82,93749.82,900,45,0
2026.02.02 00:30:00,93770.68,93778.66,93763.56,93767.82,900,45,0
2026.02.02 00:15:00,93788.68,93788.68,93770.70,93770.70,900,45,0
2026.02.02 00:00:00,93806.68,93806.68,93788.70,93788.70,900,45,0
2026.02.01 23:45:00,93824.68,93824.68,93806.70,93806.70,900,45,0
2026.02.01 23:30:00,93821.86,93838.00,93817.20,93824.70,900,45,0
2026.02.01 23:15:00,93839.86,93839.86,93821.88,93821.88,900,45,0
2026.02.01 23:00:00,93857.86,93857.86,93839.88,93839.88,900,45,0
2026.02.01 22:45:00,93848.21,93868.68,93841.05,93857.88,900,45,0
2026.02.01 22:30:00,93839.21,93849.39,93822.41,93848.23,900,45,0
2026.02.01 22:15:00,93844.10,93844.91,93831.82,93839.23,900,45,0
2026.02.01 22:00:00,93805.15,93847.44,93799.45,93844.12,900,45,0
2026.02.01 21:45:00,93823.15,93823.15,93805.17,93805.17,900,45,0
2026.02.01 21:30:00,93814.81,93827.05,93800.73,93823.17,900,45,0
2026.02.01 21:15:00,93818.79,93827.49,93813.49,93814.83,900,45,0
2026.02.01 21:00:00,93783.92,93822.89,93782.26,93818.81,900,45,0
2026.02.01 20:45:00,93780.39,93798.36,93776.85,93783.94,900,45,0
2026.02.01 20:30:00,93798.39,93798.39,93780.41,93780.41,900,45,0
2026.02.01 20:15:00,93774.90,93805.21,93764.02,93798.41,900,45,0
2026.02.01 20:00:00,93792.90,93792.90,93774.92,93774.92,900,45,0
2026.02.01 19:45:00,93810.90,93810.90,93792.92,93792.92,900,45,0
2026.02.01 19:30:00,93787.63,93822.24,93785.59,93810.92,900,45,0
2026.02.01 19:15:00,93805.63,93805.63,93787.65,93787.65,900,45,0
2026.02.01 19:00:00,93823.63,93823.63,93805.65,93805.65,900,45,0
2026.02.01 18:45:00,93841.63,93841.63,93823.65,93823.65,900,45,0
2026.02.01 18:30:00,93859.63,93859.63,93841.65,93841.65,900,45,0
2026.02.01 18:15:00,93828.89,93863.93,93828.45,93859.65,900,45,0
2026.02.01 18:00:00,93798.68,93830.07,93792.18,93828.91,900,45,0
2026.02.01 17:45:00,93784.79,93801.34,93770.61,93798.70,833,45,0
2026.02.01 17:30:00,93763.61,93800.09,93760.93,93784.81,900,45,0
2026.02.01 17:15:00,93781.61,93781.61,93763.63,93763.63,900,45,0
2026.02.01 17:00:00,93769.65,93783.19,93753.25,93781.63,900,45,0
2026.02.01 16:45:00,93787.65,93787.65,93769.67,93769.67,900,45,0
2026.02.01 16:30:00,93730.36,93788.17,93721.46,93787.67,900,45,0
2026.02.01 16:15:00,93748.36,93748.36,93730.38,93730.38,900,45,0
2026.02.01 16:00:00,93704.70,93755.44,93696.72,93748.38,900,45,0
2026.02.01 15:45:00,93685.35,93713.72,93684.97,93704.72,900,45,0
2026.02.01 15:30:00,93650.32,93693.97,93648.84,93685.37,900,45,0
2026.02.01 15:15:00,93628.28,93663.84,93625.48,93650.34,900,45,0
2026.02.01 15:00:00,93646.28,93646.28,93628.30,93628.30,900,45,0
2026.02.01 14:45:00,93635.33,93660.50,93631.57,93646.30,900,45,0
2026.02.01 14:30:00,93634.87,93641.03,93622.59,93635.35,900,45,0
2026.02.01 14:15:00,93633.37,93643.69,93624.21,93634.89,900,45,0
2026.02.01 14:00:00,93651.37,93651.37,93633.39,93633.39,900,45,0
2026.02.01 13:45:00,93669.39,93669.39,93651.39,93651.39,901,45,0
2026.02.01 13:30:00,93687.39,93687.39,93669.41,93669.41,900,45,0
2026.02.01 13:15:00,93691.89,93703.45,93687.41,93687.41,900,45,0
2026.02.01 13:00:00,93688.32,93694.91,93673.36,93691.91,900,45,0
2026.02.01 12:45:00,93690.13,93690.98,93674.81,93688.34,900,45,0
2026.02.01 12:30:00,93708.13,93708.13,93690.15,93690.15,900,45,0
2026.02.01 12:15:00,93726.13,93726.13,93708.15,93708.15,900,45,0
2026.02.01 12:00:00,93728.62,93731.15,93715.66,93726.15,900,45,0
2026.02.01 11:45:00,93746.62,93746.62,93728.64,93728.64,900,45,0
2026.02.01 11:30:00,93764.62,93764.62,93746.64,93746.64,900,45,0
2026.02.01 11:15:00,93754.64,93780.40,93752.44,93764.64,900,45,0
2026.02.01 11:00:00,93748.93,93763.00,93739.31,93754.66,900,45,0
2026.02.01 10:45:00,93752.44,93758.11,93743.64,93748.95,900,45,0
2026.02.01 10:30:00,93752.35,93762.18,93744.11,93752.46,900,45,0
2026.02.01 10:15:00,93745.03,93760.67,93735.37,93752.37,900,45,0
2026.02.01 10:00:00,93720.83,93753.79,93711.61,93745.05,900,45,0
2026.02.01 09:45:00,93738.83,93738.83,93720.85,93720.85,837,45,0
2026.02.01 09:30:00,93756.83,93756.83,93738.85,93738.85,900,45,0
2026.02.01 09:15:00,93774.83,93774.83,93756.85,93756.85,900,45,0
2026.02.01 09:00:00,93748.12,93785.79,93743.30,93774.85,900,45,0
2026.02.01 08:45:00,93734.39,93765.98,93734.27,93748.14,900,45,0
2026.02.01 08:30:00,93716.46,93751.85,93715.94,93734.41,900,45,0
2026.02.01 08:15:00,93699.60,93719.02,93684.18,93716.48,900,45,0
2026.02.01 08:00:00,93717.60,93717.60,93699.62,93699.62,900,45,0
2026.02.01 07:45:00,93735.60,93735.60,93717.62,93717.62,900,45,0
2026.02.01 07:30:00,93725.02,93751.90,93723.34,93735.62,900,45,0
2026.02.01 07:15:00,93722.60,93735.46,93715.06,93725.04,900,45,0
2026.02.01 07:00:00,93699.78,93722.66,93681.86,93722.62,900,45,0
2026.02.01 06:45:00,93694.41,93708.58,93685.23,93699.80,900,45,0
2026.02.01 06:30:00,93698.50,93698.50,93680.98,93694.43,900,45,0
2026.02.01 06:15:00,93701.16,93710.20,93694.88,93698.52,900,45,0
2026.02.01 06:00:00,93702.52,93713.82,93697.20,93701.18,900,45,0
2026.02.01 05:45:00,93697.42,93703.56,93680.48,93702.54,900,45,0
2026.02.01 05:30:00,93666.18,93699.52,93665.72,93697.44,900,45,0
2026.02.01 05:15:00,93684.18,93684.18,93666.20,93666.20,900,45,0
2026.02.01 05:00:00,93689.02,93689.02,93672.02,93684.20,900,45,0
2026.02.01 04:45:00,93707.02,93707.02,93689.04,93689.04,900,45,0
2026.02.01 04:30:00,93710.68,93716.14,93701.82,93707.04,900,45,0
2026.02.01 04:15:00,93705.13,93719.74,93696.21,93710.70,900,45,0
2026.02.01 04:00:00,93723.13,93723.13,93705.15,93705.15,900,45,0
2026.02.01 03:45:00,93741.13,93741.13,93723.15,93723.15,900,45,0
2026.02.01 03:30:00,93759.13,93759.13,93741.15,93741.15,900,45,0
2026.02.01 03:15:00,93777.13,93777.13,93759.15,93759.15,900,45,0
2026.02.01 03:00:00,93795.13,93795.13,93777.15,93777.15,900,45,0
2026.02.01 02:45:00,93813.13,93813.13,93795.15,93795.15,900,45,0
2026.02.01 02:30:00,93808.28,93830.31,93807.48,93813.15,900,45,0
2026.02.01 02:15:00,93773.44,93809.18,93764.10,93808.30,900,45,0
2026.02.01 02:00:00,93791.44,93791.44,93773.46,93773.46,900,45,0
2026.02.01 01:45:00,93809.44,93809.44,93791.46,93791.46,900,45,0
2026.02.01 01:30:00,93801.89,93826.94,93801.41,93809.46,900,45,0
2026.02.01 01:15:00,93783.89,93817.91,93781.93,93801.91,900,45,0
2026.02.01 01:00:00,93748.02,93791.71,93747.62,93783.91,900,45,0
2026.02.01 00:45:00,93766.02,93766.02,93748.04,93748.04,900,45,0
2026.02.01 00:30:00,93784.02,93784.02,93766.04,93766.04,900,45,0
2026.02.01 00:15:00,93761.29,93796.16,93755.45,93784.04,900,45,0
2026.02.01 00:00:00,93779.29,93779.29,93761.31,93761.31,900,45,0
