Time,Open,High,Low,Close,TickVolume,Spread,RealVolume
2026.02.28 23:54:00,117714.30,117725.07,117714.30,117725.07,360,63,0
2026.02.28 23:48:00,117722.98,117728.71,117709.26,117714.27,360,63,0
2026.02.28 23:42:00,117712.18,117722.95,117712.18,117722.95,360,63,0
2026.02.28 23:36:00,117701.38,117712.15,117701.38,117712.15,360,63,0
2026.02.28 23:30:00,117690.58,117701.35,117690.58,117701.35,360,63,0
2026.02.28 23:24:00,117731.19,117735.48,117689.68,117690.55,360,63,0
2026.02.28 23:18:00,117761.04,117763.80,117723.18,117731.16,360,63,0
2026.02.28 23:12:00,117764.89,117772.87,117758.25,117761.01,360,63,0
2026.02.28 23:06:00,117769.09,117775.30,117760.33,117764.86,360,63,0
2026.02.28 23:00:00,117758.29,117769.06,117758.29,117769.06,360,63,0
2026.02.28 22:54:00,117747.49,117758.26,117747.49,117758.26,360,63,0
2026.02.28 22:48:00,117762.73,117769.93,117744.01,117747.46,334,63,0
2026.02.28 22:42:00,117768.62,117771.71,117755.05,117762.70,360,63,0
2026.02.28 22:36:00,117802.66,117809.38,117764.57,117768.59,360,63,0
2026.02.28 22:30:00,117791.86,117802.63,117791.86,117802.63,360,63,0
2026.02.28 22:24:00,117781.06,117791.83,117781.06,117791.83,360,63,0
2026.02.28 22:18:00,117770.26,117781.03,117770.26,117781.03,360,63,0
2026.02.28 22:12:00,117774.61,117782.62,117767.50,117770.23,360,63,0
2026.02.28 22:06:00,117763.81,117774.58,117763.81,117774.58,360,63,0
2026.02.28 22:00:00,117817.64,117818.48,117754.63,117763.78,360,63,0
2026.02.28 21:54:00,117806.84,117817.61,117806.84,117817.61,360,63,0
2026.02.28 21:48:00,117796.04,117806.81,117796.04,117806.81,360,63,0
2026.02.28 21:42:00,117785.24,117796.01,117785.24,117796.01,360,63,0
2026.02.28 21:36:00,117834.54,117835.65,117782.72,117785.21,361,63,0
2026.02.28 21:30:00,117823.74,117834.51,117823.74,117834.51,360,63,0
2026.02.28 21:24:00,117836.55,117839.01,117815.43,117823.71,360,63,0
2026.02.28 21:18:00,117838.56,117847.89,117835.11,117836.52,360,63,0
2026.02.28 21:12:00,117827.76,117838.53,117827.76,117838.53,360,63,0
2026.02.28 21:06:00,117816.96,117827.73,117816.96,117827.73,360,63,0
2026.02.28 21:00:00,117806.16,117816.93,117806.16,117816.93,360,63,0
2026.02.28 20:54:00,117795.36,117806.13,117795.36,117806.13,360,63,0
2026.02.28 20:48:00,117784.56,117795.33,117784.56,117795.33,360,63,0
2026.02.28 20:42:00,117787.26,117797.22,117783.75,117784.53,360,63,0
2026.02.28 20:36:00,117806.63,117807.95,117777.81,117787.23,360,63,0
2026.02.28 20:30:00,117795.83,117806.60,117795.83,117806.60,360,63,0
2026.02.28 20:24:00,117785.03,117795.80,117785.03,117795.80,360,63,0
2026.02.28 20:18:00,117786.96,117792.66,117779.96,117785.00,360,63,0
2026.02.28 20:12:00,117776.16,117786.93,117776.16,117786.93,360,63,0
2026.02.28 20:06:00,117765.36,117776.13,117765.36,117776.13,360,63,0
2026.02.28 20:00:00,117774.11,117780.95,117761.43,117765.33,360,63,0
2026.02.28 19:54:00,117763.31,117774.08,117763.31,117774.08,360,63,0
2026.02.28 19:48:00,117752.51,117763.28,117752.51,117763.28,360,63,0
2026.02.28 19:42:00,117741.71,117752.48,117741.71,117752.48,360,63,0
2026.02.28 19:36:00,117730.91,117741.68,117730.91,117741.68,360,63,0
2026.02.28 19:30:00,117771.35,117774.65,117726.11,117730.88,360,63,0
2026.02.28 19:24:00,117778.56,117781.44,117763.46,117771.32,360,63,0
2026.02.28 19:18:00,117770.46,117778.53,117770.46,117778.53,270,63,0
2026.02.28 19:12:00,117774.24,117778.26,117764.22,117769.89,325,63,0
2026.02.28 19:06:00,117807.74,117814.73,117770.70,117774.21,360,63,0
2026.02.28 19:00:00,117818.58,117820.08,117798.47,117807.71,360,63,0
2026.02.28 18:54:00,117840.80,117847.49,117814.50,117818.55,360,63,0
2026.02.28 18:48:00,117830.00,117840.77,117830.00,117840.77,360,63,0
2026.02.28 18:42:00,117819.20,117829.97,117819.20,117829.97,360,63,0
2026.02.28 18:36:00,117808.40,117819.17,117808.40,117819.17,360,63,0
2026.02.28 18:30:00,117823.10,117823.55,117798.08,117808.37,360,63,0
2026.02.28 18:24:00,117830.67,117840.06,117821.72,117823.07,360,63,0
2026.02.28 18:18:00,117819.87,117830.64,117819.87,117830.64,360,63,0
2026.02.28 18:12:00,117809.07,117819.84,117809.07,117819.84,360,63,0
2026.02.28 18:06:00,117823.23,117833.73,117808.80,117809.04,360,63,0
2026.02.28 18:00:00,117812.43,117823.20,117812.43,117823.20,360,63,0
2026.02.28 17:54:00,117801.63,117812.40,117801.63,117812.40,360,63,0
2026.02.28 17:48:00,117790.83,117801.60,117790.83,117801.60,360,63,0
2026.02.28 17:42:00,117807.95,117814.43,117786.54,117790.80,360,63,0
2026.02.28 17:36:00,117824.39,117828.86,117801.65,117807.92,360,63,0
2026.02.28 17:30:00,117813.59,117824.36,117813.59,117824.36,360,63,0
2026.02.28 17:24:00,117833.50,117839.53,117808.85,117813.56,360,63,0
2026.02.28 17:18:00,117822.70,117833.47,117822.70,117833.47,360,63,0
2026.02.28 17:12:00,117811.90,117822.67,117811.90,117822.67,360,63,0
2026.02.28 17:06:00,117830.38,117830.62,117801.37,117811.87,360,63,0
2026.02.28 17:00:00,117819.55,117830.35,117819.55,117830.35,361,63,0
2026.02.28 16:54:00,117808.75,117819.52,117808.75,117819.52,360,63,0
2026.02.28 16:48:00,117797.95,117808.72,117797.95,117808.72,360,63,0
2026.02.28 16:42:00,117836.19,117838.20,117789.34,117797.92,360,63,0
2026.02.28 16:36:00,117825.39,117836.16,117825.39,117836.16,360,63,0
2026.02.28 16:30:00,117814.59,117825.36,117814.59,117825.36,360,63,0
2026.02.28 16:24:00,117803.79,117814.56,117803.79,117814.56,360,63,0
2026.02.28 16:18:00,117792.99,117803.76,117792.99,117803.76,360,63,0
2026.02.28 16:12:00,117801.17,117808.16,117789.21,117792.96,360,63,0
2026.02.28 16:06:00,117790.37,117801.14,117790.37,117801.14,360,63,0
2026.02.28 16:00:00,117779.57,117790.34,117779.57,117790.34,360,63,0
2026.02.28 15:54:00,117768.77,117779.54,117768.77,117779.54,360,63,0
2026.02.28 15:48:00,117757.97,117768.74,117757.97,117768.74,360,63,0
2026.02.28 15:42:00,117747.17,117757.94,117747.17,117757.94,360,63,0
2026.02.28 15:36:00,117736.37,117747.14,117736.37,117747.14,360,63,0
2026.02.28 15:30:00,117770.74,117779.50,117734.36,117736.34,360,63,0
2026.02.28 15:24:00,117759.94,117770.71,117759.94,117770.71,360,63,0
2026.02.28 15:18:00,117749.14,117759.91,117749.14,117759.91,360,63,0
2026.02.28 15:12:00,117759.53,117761.93,117740.77,117749.11,360,63,0
2026.02.28 15:06:00,117771.77,117776.33,117753.32,117759.50,360,63,0
2026.02.28 15:00:00,117817.31,117818.18,117763.97,117771.74,360,63,0
2026.02.28 14:54:00,117806.51,117817.28,117806.51,117817.28,360,63,0
2026.02.28 14:48:00,117828.55,117829.48,117796.67,117806.48,360,63,0
2026.02.28 14:42:00,117817.75,117828.52,117817.75,117828.52,360,63,0
2026.02.28 14:36:00,117880.07,117881.33,117817.69,117817.72,360,63,0
2026.02.28 14:30:00,117869.27,117880.04,117869.27,117880.04,360,63,0
2026.02.28 14:24:00,117884.29,117893.50,117867.71,117869.24,360,63,0
2026.02.28 14:18:00,117892.85,117901.52,117882.19,117884.26,360,63,0
2026.02.28 14:12:00,117903.66,117906.99,117885.41,117892.82,360,63,0
2026.02.28 14:06:00,117921.58,117929.50,117900.81,117903.63,360,63,0
2026.02.28 14:00:00,117910.78,117921.55,117910.78,117921.55,360,63,0
2026.02.28 13:54:00,117899.98,117910.75,117899.98,117910.75,360,63,0
2026.02.28 13:48:00,117942.11,117946.04,117894.91,117899.95,360,63,0
2026.02.28 13:42:00,117945.76,117949.18,117934.76,117942.08,360,63,0
2026.02.28 13:36:00,117934.96,117945.73,117934.96,117945.73,360,63,0
2026.02.28 13:30:00,117965.28,117973.77,117934.42,117934.93,360,63,0
2026.02.28 13:24:00,117954.48,117965.25,117954.48,117965.25,360,63,0
2026.02.28 13:18:00,117943.68,117954.45,117943.68,117954.45,360,63,0
2026.02.28 13:12:00,117932.88,117943.65,117932.88,117943.65,360,63,0
2026.02.28 13:06:00,117971.26,117973.27,117924.18,117932.85,360,63,0
2026.02.28 13:00:00,117960.46,117971.23,117960.46,117971.23,360,63,0
2026.02.28 12:54:00,117949.66,117960.43,117949.66,117960.43,360,63,0
2026.02.28 12:48:00,117938.86,117949.63,117938.86,117949.63,360,63,0
2026.02.28 12:42:00,117952.83,117957.93,117933.19,117938.83,360,63,0
2026.02.28 12:36:00,117957.83,117966.59,117950.82,117952.80,360,63,0
2026.02.28 12:30:00,117970.13,117974.36,117951.29,117957.80,360,63,0
2026.02.28 12:24:00,117959.33,117970.10,117959.33,117970.10,360,63,0
2026.02.28 12:18:00,117948.53,117959.30,117948.53,117959.30,360,63,0
2026.02.28 12:12:00,117968.19,117975.15,117944.72,117948.50,360,63,0
2026.02.28 12:06:00,117985.00,117992.65,117965.07,117968.16,360,63,0
2026.02.28 12:00:00,117974.20,117984.97,117974.20,117984.97,360,63,0
2026.02.28 11:54:00,117963.40,117974.17,117963.40,117974.17,360,63,0
2026.02.28 11:48:00,117952.60,117963.37,117952.60,117963.37,360,63,0
2026.02.28 11:42:00,117941.80,117952.57,117941.80,117952.57,360,63,0
2026.02.28 11:36:00,117958.33,117961.18,117933.88,117941.77,360,63,0
2026.02.28 11:30:00,117947.53,117958.30,117947.53,117958.30,360,63,0
2026.02.28 11:24:00,117936.73,117947.50,117936.73,117947.50,360,63,0
2026.02.28 11:18:00,117925.93,117936.70,117925.93,117936.70,360,63,0
2026.02.28 11:12:00,117915.13,117925.90,117915.13,117925.90,360,63,0
2026.02.28 11:06:00,117917.37,117927.42,117914.41,117915.10,360,63,0
2026.02.28 11:00:00,117906.57,117917.34,117906.57,117917.34,360,63,0
2026.02.28 10:54:00,117895.77,117906.54,117895.77,117906.54,360,63,0
2026.02.28 10:48:00,117884.97,117895.74,117884.97,117895.74,360,63,0
2026.02.28 10:42:00,117874.17,117884.94,117874.17,117884.94,360,63,0
2026.02.28 10:36:00,117863.37,117874.14,117863.37,117874.14,360,63,0
2026.02.28 10:30:00,117907.45,117913.51,117861.39,117863.34,360,63,0
2026.02.28 10:24:00,117896.65,117907.42,117896.65,117907.42,360,63,0
2026.02.28 10:18:00,117907.61,117913.67,117891.94,117896.62,360,63,0
2026.02.28 10:12:00,117896.81,117907.58,117896.81,117907.58,360,63,0
2026.02.28 10:06:00,117909.99,117913.56,117889.61,117896.78,360,63,0
2026.02.28 10:00:00,117899.19,117909.96,117899.19,117909.96,360,63,0
2026.02.28 09:54:00,117888.39,117899.16,117888.39,117899.16,360,63,0
2026.02.28 09:48:00,117877.59,117888.36,117877.59,117888.36,360,63,0
2026.02.28 09:42:00,117866.79,117877.56,117866.79,117877.56,360,63,0
2026.02.28 09:36:00,117878.24,117881.81,117859.59,117866.76,360,63,0
2026.02.28 09:30:00,117894.49,117897.49,117870.47,117878.21,360,63,0
2026.02.28 09:24:00,117883.69,117894.46,117883.69,117894.46,360,63,0
2026.02.28 09:18:00,117872.89,117883.66,117872.89,117883.66,360,63,0
2026.02.28 09:12:00,117862.09,117872.86,117862.09,117872.86,360,63,0
2026.02.28 09:06:00,117851.29,117862.06,117851.29,117862.06,360,63,0
2026.02.28 09:00:00,117880.57,117886.96,117846.91,117851.26,360,63,0
2026.02.28 08:54:00,117888.76,117898.36,117879.40,117880.54,360,63,0
2026.02.28 08:48:00,117877.96,117888.73,117877.96,117888.73,360,63,0
2026.02.28 08:42:00,117867.16,117877.93,117867.16,117877.93,360,63,0
2026.02.28 08:36:00,117856.36,117867.13,117856.36,117867.13,360,63,0
2026.02.28 08:30:00,117845.56,117856.33,117845.56,117856.33,360,63,0
2026.02.28 08:24:00,117834.76,117845.53,117834.76,117845.53,360,63,0
2026.02.28 08:18:00,117836.85,117846.00,117833.14,117834.73,360,63,0
2026.02.28 08:12:00,117867.30,117874.65,117833.88,117836.82,360,63,0
2026.02.28 08:06:00,117876.12,117882.48,117862.89,117867.27,360,63,0
2026.02.28 08:00:00,117865.32,117876.09,117865.32,117876.09,360,63,0
2026.02.28 07:54:00,117922.54,117923.41,117859.02,117865.29,361,63,0
2026.02.28 07:48:00,117911.74,117922.51,117911.74,117922.51,360,63,0
2026.02.28 07:42:00,117900.94,117911.71,117900.94,117911.71,360,63,0
2026.02.28 07:36:00,117913.58,117916.34,117892.93,117900.91,360,63,0
2026.02.28 07:30:00,117902.78,117913.55,117902.78,117913.55,360,63,0
2026.02.28 07:24:00,117891.98,117902.75,117891.98,117902.75,360,63,0
2026.02.28 07:18:00,117904.45,117914.65,117891.41,117891.95,360,63,0
2026.02.28 07:12:00,117960.37,117961.27,117901.75,117904.42,360,63,0
2026.02.28 07:06:00,117949.57,117960.34,117949.57,117960.34,360,63,0
2026.02.28 07:00:00,117938.77,117949.54,117938.77,117949.54,360,63,0
2026.02.28 06:54:00,117927.97,117938.74,117927.97,117938.74,360,63,0
2026.02.28 06:48:00,117917.17,117927.94,117917.17,117927.94,360,63,0
2026.02.28 06:42:00,117906.37,117917.14,117906.37,117917.14,360,63,0
2026.02.28 06:36:00,117953.73,117956.82,117900.28,117906.34,360,63,0
2026.02.28 06:30:00,117982.92,117993.51,117953.55,117953.70,360,63,0
2026.02.28 06:24:00,117972.12,117982.89,117972.12,117982.89,360,63,0
2026.02.28 06:18:00,118013.76,118015.77,117965.49,117972.09,360,63,0
2026.02.28 06:12:00,118002.96,118013.73,118002.96,118013.73,360,63,0
2026.02.28 06:06:00,117992.16,118002.93,117992.16,118002.93,360,63,0
2026.02.28 06:00:00,117981.36,117992.13,117981.36,117992.13,360,63,0
2026.02.28 05:54:00,117970.56,117981.33,117970.56,117981.33,360,63,0
2026.02.28 05:48:00,117959.76,117970.53,117959.76,117970.53,360,63,0
2026.02.28 05:42:00,117948.96,117959.73,117948.96,117959.73,360,63,0
2026.02.28 05:36:00,117960.72,117970.62,117948.09,117948.93,360,63,0
2026.02.28 05:30:00,117949.92,117960.69,117949.92,117960.69,360,63,0
2026.02.28 05:24:00,117939.12,117949.89,117939.12,117949.89,360,63,0
2026.02.28 05:18:00,117928.32,117939.09,117928.32,117939.09,360,63,0
2026.02.28 05:12:00,117917.52,117928.29,117917.52,117928.29,360,63,0
2026.02.28 05:06:00,117906.72,117917.49,117906.72,117917.49,360,63,0
2026.02.28 05:00:00,117929.71,117932.77,117899.01,117906.69,360,63,0
2026.02.28 04:54:00,117918.91,117929.68,117918.91,117929.68,360,63,0
2026.02.28 04:48:00,117908.11,117918.88,117908.11,117918.88,360,63,0
2026.02.28 04:42:00,117897.31,117908.08,117897.31,117908.08,360,63,0
2026.02.28 04:36:00,117901.97,117910.13,117894.70,117897.28,360,63,0
2026.02.28 04:30:00,117891.17,117901.94,117891.17,117901.94,360,63,0
2026.02.28 04:24:00,117900.13,117907.36,117887.63,117891.14,360,63,0
2026.02.28 04:18:00,117889.33,117900.10,117889.33,117900.10,360,63,0
2026.02.28 04:12:00,117878.53,117889.30,117878.53,117889.30,360,63,0
2026.02.28 04:06:00,117898.19,117900.23,117869.80,117878.50,360,63,0
2026.02.28 04:00:00,117887.39,117898.16,117887.39,117898.16,360,63,0
2026.02.28 03:54:00,117876.59,117887.36,117876.59,117887.36,360,63,0
2026.02.28 03:48:00,117865.79,117876.56,117865.79,117876.56,360,63,0
2026.02.28 03:42:00,117854.99,117865.76,117854.99,117865.76,360,63,0
2026.02.28 03:36:00,117865.60,117865.99,117844.61,117854.96,360,63,0
2026.02.28 03:30:00,117911.08,117917.65,117864.52,117865.57,360,63,0
2026.02.28 03:24:00,117954.00,117958.17,117905.26,117911.05,360,63,0
2026.02.28 03:18:00,117975.88,117980.17,117947.52,117953.97,360,63,0
2026.02.28 03:12:00,117965.08,117975.85,117965.08,117975.85,360,63,0
2026.02.28 03:06:00,117954.28,117965.05,117954.28,117965.05,360,63,0
2026.02.28 03:00:00,117962.15,117972.20,117953.56,117954.25,360,63,0
2026.02.28 02:54:00,117951.35,117962.12,117951.35,117962.12,360,63,0
2026.02.28 02:48:00,117940.55,117951.32,117940.55,117951.32,360,63,0
2026.02.28 02:42:00,117945.19,117954.76,117939.35,117940.52,360,63,0
2026.02.28 02:36:00,117934.39,117945.16,117934.39,117945.16,360,63,0
2026.02.28 02:30:00,117942.91,117948.85,117929.56,117934.36,360,63,0
2026.02.28 02:24:00,117932.11,117942.88,117932.11,117942.88,360,63,0
2026.02.28 02:18:00,117921.31,117932.08,117921.31,117932.08,360,63,0
2026.02.28 02:12:00,117910.51,117921.28,117910.51,117921.28,360,63,0
2026.02.28 02:06:00,117899.71,117910.48,117899.71,117910.48,360,63,0
2026.02.28 02:00:00,117888.91,117899.68,117888.91,117899.68,360,63,0
2026.02.28 01:54:00,117878.11,117888.88,117878.11,117888.88,360,63,0
2026.02.28 01:48:00,117915.73,117925.42,117877.03,117878.08,360,63,0
2026.02.28 01:42:00,117904.93,117915.70,117904.93,117915.70,360,63,0
2026.02.28 01:36:00,117894.13,117904.90,117894.13,117904.90,360,63,0
2026.02.28 01:30:00,117883.33,117894.10,117883.33,117894.10,360,63,0
2026.02.28 01:24:00,117872.53,117883.30,117872.53,117883.30,360,63,0
2026.02.28 01:18:00,117881.13,117885.39,117866.02,117872.50,360,63,0
2026.02.28 01:12:00,117870.33,117881.10,117870.33,117881.10,360,63,0
2026.02.28 01:06:00,117859.53,117870.30,117859.53,117870.30,360,63,0
2026.02.28 01:00:00,117882.98,117887.57,117853.35,117859.50,360,63,0
2026.02.28 00:54:00,117872.18,117882.95,117872.18,117882.95,360,63,0
2026.02.28 00:48:00,117861.38,117872.15,117861.38,117872.15,360,63,0
2026.02.28 00:42:00,117850.58,117861.35,117850.58,117861.35,360,63,0
2026.02.28 00:36:00,117839.78,117850.55,117839.78,117850.55,360,63,0
2026.02.28 00:30:00,117828.98,117839.75,117828.98,117839.75,360,63,0
2026.02.28 00:24:00,117852.85,117856.21,117821.57,117828.95,360,63,0
2026.02.28 00:18:00,117868.66,117876.82,117850.24,117852.82,360,63,0
2026.02.28 00:12:00,117857.86,117868.63,117857.86,117868.63,360,63,0
2026.02.28 00:06:00,117880.87,117881.65,117847.87,117857.83,360,63,0
2026.02.28 00:00:00,117870.07,117880.84,117870.07,117880.84,360,63,0
2026.02.27 23:54:00,117859.27,117870.04,117859.27,117870.04,360,63,0
2026.02.27 23:48:00,117915.12,117921.72,117858.28,117859.24,360,63,0
2026.02.27 23:42:00,117942.34,117946.24,117913.59,117915.09,360,63,0
2026.02.27 23:36:00,117931.54,117942.31,117931.54,117942.31,360,63,0
2026.02.27 23:30:00,117920.74,117931.51,117920.74,117931.51,360,63,0
2026.02.27 23:24:00,117909.94,117920.71,117909.94,117920.71,360,63,0
2026.02.27 23:18:00,117899.14,117909.91,117899.14,117909.91,360,63,0
2026.02.27 23:12:00,117905.43,117906.15,117889.09,117899.11,360,63,0
2026.02.27 23:06:00,117894.63,117905.40,117894.63,117905.40,360,63,0
2026.02.27 23:00:00,117897.55,117906.85,117893.16,117894.60,360,63,0
2026.02.27 22:54:00,117941.02,117946.36,117896.65,117897.52,360,63,0
2026.02.27 22:48:00,117942.32,117952.16,117940.06,117940.99,361,63,0
2026.02.27 22:42:00,117931.52,117942.29,117931.52,117942.29,360,63,0
2026.02.27 22:36:00,117920.72,117931.49,117920.72,117931.49,360,63,0
2026.02.27 22:30:00,117909.92,117920.69,117909.92,117920.69,360,63,0
2026.02.27 22:24:00,117899.12,117909.89,117899.12,117909.89,360,63,0
2026.02.27 22:18:00,117900.50,117905.06,117892.91,117899.09,360,63,0
2026.02.27 22:12:00,117915.31,117918.19,117897.08,117900.47,360,63,0
2026.02.27 22:06:00,117904.51,117915.28,117904.51,117915.28,360,63,0
2026.02.27 22:00:00,117922.99,117928.93,117899.68,117904.48,360,63,0
2026.02.27 21:54:00,117912.19,117922.96,117912.19,117922.96,360,63,0
2026.02.27 21:48:00,117901.39,117912.16,117901.39,117912.16,360,63,0
2026.02.27 21:42:00,117931.58,117937.34,117900.97,117901.36,360,63,0
2026.02.27 21:36:00,117920.78,117931.55,117920.78,117931.55,360,63,0
2026.02.27 21:30:00,117909.98,117920.75,117909.98,117920.75,360,63,0
2026.02.27 21:24:00,117916.14,117917.97,117901.04,117909.95,360,63,0
2026.02.27 21:18:00,117919.90,117921.43,117906.90,117916.11,360,63,0
2026.02.27 21:12:00,117909.10,117919.87,117909.10,117919.87,360,63,0
2026.02.27 21:06:00,117898.30,117909.07,117898.30,117909.07,360,63,0
2026.02.27 21:00:00,117928.98,117931.08,117895.51,117898.27,360,63,0
2026.02.27 20:54:00,117918.18,117928.95,117918.18,117928.95,360,63,0
2026.02.27 20:48:00,117907.38,117918.15,117907.38,117918.15,360,63,0
2026.02.27 20:42:00,117896.58,117907.35,117896.58,117907.35,360,63,0
2026.02.27 20:36:00,117885.78,117896.55,117885.78,117896.55,360,63,0
2026.02.27 20:30:00,117874.98,117885.75,117874.98,117885.75,360,63,0
2026.02.27 20:24:00,117864.18,117874.95,117864.18,117874.95,360,63,0
2026.02.27 20:18:00,117853.38,117864.15,117853.38,117864.15,360,63,0
2026.02.27 20:12:00,117855.26,117862.61,117849.96,117853.35,360,63,0
2026.02.27 20:06:00,117844.46,117855.23,117844.46,117855.23,360,63,0
2026.02.27 20:00:00,117855.74,117859.49,117837.44,117844.43,360,63,0
2026.02.27 19:54:00,117861.00,117862.98,117846.95,117855.71,360,63,0
2026.02.27 19:48:00,117850.20,117860.97,117850.20,117860.97,360,63,0
2026.02.27 19:42:00,117839.40,117850.17,117839.40,117850.17,360,63,0
2026.02.27 19:36:00,117868.02,117874.92,117835.53,117839.37,360,63,0
2026.02.27 19:30:00,117857.22,117867.99,117857.22,117867.99,360,63,0
2026.02.27 19:24:00,117882.65,117892.79,117856.59,117857.19,360,63,0
2026.02.27 19:18:00,117897.51,117907.02,117881.39,117882.62,360,63,0
2026.02.27 19:12:00,117886.71,117897.48,117886.71,117897.48,360,63,0
2026.02.27 19:06:00,117875.91,117886.68,117875.91,117886.68,360,63,0
2026.02.27 19:00:00,117887.57,117898.22,117875.79,117875.88,360,63,0
2026.02.27 18:54:00,117907.28,117914.66,117884.18,117887.54,360,63,0
2026.02.27 18:48:00,117896.48,117907.25,117896.48,117907.25,360,63,0
2026.02.27 18:42:00,117885.68,117896.45,117885.68,117896.45,360,63,0
2026.02.27 18:36:00,117900.88,117905.50,117879.53,117885.65,360,63,0
2026.02.27 18:30:00,117890.08,117900.85,117890.08,117900.85,360,63,0
2026.02.27 18:24:00,117879.28,117890.05,117879.28,117890.05,360,63,0
2026.02.27 18:18:00,117896.77,117902.92,117874.66,117879.25,360,63,0
2026.02.27 18:12:00,117885.97,117896.74,117885.97,117896.74,360,63,0
2026.02.27 18:06:00,117875.17,117885.94,117875.17,117885.94,360,63,0
2026.02.27 18:00:00,117914.64,117921.90,117874.15,117875.14,360,63,0
2026.02.27 17:54:00,117931.49,117938.03,117910.41,117914.61,360,63,0
2026.02.27 17:48:00,117920.69,117931.46,117920.69,117931.46,360,63,0
2026.02.27 17:42:00,117909.89,117920.66,117909.89,117920.66,360,63,0
2026.02.27 17:36:00,117899.09,117909.86,117899.09,117909.86,360,63,0
2026.02.27 17:30:00,117911.50,117917.83,117894.65,117899.06,360,63,0
2026.02.27 17:24:00,117934.70,117938.48,117904.51,117911.47,360,63,0
2026.02.27 17:18:00,117923.90,117934.67,117923.90,117934.67,360,63,0
2026.02.27 17:12:00,117949.06,117950.74,117918.26,117923.87,360,63,0
2026.02.27 17:06:00,117938.26,117949.03,117938.26,117949.03,360,63,0
2026.02.27 17:00:00,117927.46,117938.23,117927.46,117938.23,360,63,0
2026.02.27 16:54:00,117916.66,117927.43,117916.66,117927.43,360,63,0
2026.02.27 16:48:00,117933.71,117938.51,117916.48,117916.63,360,63,0
2026.02.27 16:42:00,117965.24,117973.19,117930.89,117933.68,360,63,0
2026.02.27 16:36:00,117954.44,117965.21,117954.44,117965.21,360,63,0
2026.02.27 16:30:00,117943.64,117954.41,117943.64,117954.41,360,63,0
2026.02.27 16:24:00,117932.84,117943.61,117932.84,117943.61,360,63,0
2026.02.27 16:18:00,117934.65,117938.40,117925.82,117932.81,360,63,0
2026.02.27 16:12:00,117923.85,117934.62,117923.85,117934.62,360,63,0
2026.02.27 16:06:00,117931.85,117941.45,117922.68,117923.82,360,63,0
2026.02.27 16:00:00,117921.05,117931.82,117921.05,117931.82,360,63,0
2026.02.27 15:54:00,117910.25,117921.02,117910.25,117921.02,360,63,0
2026.02.27 15:48:00,117935.88,117939.93,117908.75,117910.22,360,63,0
2026.02.27 15:42:00,117925.08,117935.85,117925.08,117935.85,360,63,0
2026.02.27 15:36:00,117914.28,117925.05,117914.28,117925.05,360,63,0
2026.02.27 15:30:00,117903.48,117914.25,117903.48,117914.25,360,63,0
2026.02.27 15:24:00,117892.68,117903.45,117892.68,117903.45,360,63,0
2026.02.27 15:18:00,117897.15,117899.82,117884.58,117892.65,360,63,0
2026.02.27 15:12:00,117905.14,117908.59,117889.83,117897.12,360,63,0
2026.02.27 15:06:00,117923.63,117926.39,117897.13,117905.11,360,63,0
2026.02.27 15:00:00,117912.83,117923.60,117912.83,117923.60,360,63,0
2026.02.27 14:54:00,117902.03,117912.80,117902.03,117912.80,360,63,0
2026.02.27 14:48:00,117891.23,117902.00,117891.23,117902.00,360,63,0
2026.02.27 14:42:00,117880.43,117891.20,117880.43,117891.20,360,63,0
2026.02.27 14:36:00,117869.63,117880.40,117869.63,117880.40,360,63,0
2026.02.27 14:30:00,117858.83,117869.60,117858.83,117869.60,360,63,0
2026.02.27 14:24:00,117848.03,117858.80,117848.03,117858.80,360,63,0
2026.02.27 14:18:00,117837.23,117848.00,117837.23,117848.00,360,63,0
2026.02.27 14:12:00,117845.30,117846.47,117827.63,117837.20,360,63,0
2026.02.27 14:06:00,117852.95,117857.15,117838.73,117845.27,360,63,0
2026.02.27 14:00:00,117842.15,117852.92,117842.15,117852.92,360,63,0
2026.02.27 13:54:00,117831.35,117842.12,117831.35,117842.12,360,63,0
2026.02.27 13:48:00,117820.55,117831.32,117820.55,117831.32,360,63,0
2026.02.27 13:42:00,117858.56,117861.47,117817.58,117820.52,360,63,0
2026.02.27 13:36:00,117847.76,117858.53,117847.76,117858.53,360,63,0
2026.02.27 13:30:00,117851.32,117851.38,117837.05,117847.73,360,63,0
2026.02.27 13:24:00,117868.21,117870.13,117842.47,117851.29,360,63,0
2026.02.27 13:18:00,117879.14,117884.96,117863.26,117868.18,360,63,0
2026.02.27 13:12:00,117868.34,117879.11,117868.34,117879.11,360,63,0
2026.02.27 13:06:00,117872.59,117879.58,117864.56,117868.31,360,63,0
2026.02.27 13:00:00,117861.79,117872.56,117861.79,117872.56,360,63,0
2026.02.27 12:54:00,117850.99,117861.76,117850.99,117861.76,360,63,0
2026.02.27 12:48:00,117840.19,117850.96,117840.19,117850.96,360,63,0
2026.02.27 12:42:00,117829.39,117840.16,117829.39,117840.16,360,63,0
2026.02.27 12:36:00,117831.46,117839.38,117826.54,117829.36,360,63,0
2026.02.27 12:30:00,117820.66,117831.43,117820.66,117831.43,360,63,0
2026.02.27 12:24:00,117809.86,117820.63,117809.86,117820.63,360,63,0
2026.02.27 12:18:00,117799.06,117809.83,117799.06,117809.83,360,63,0
2026.02.27 12:12:00,117788.26,117799.03,117788.26,117799.03,360,63,0
2026.02.27 12:06:00,117818.46,117821.01,117782.32,117788.23,360,63,0
2026.02.27 12:00:00,117807.66,117818.43,117807.66,117818.43,360,63,0
2026.02.27 11:54:00,117881.35,117884.29,117804.12,117807.63,360,63,0
2026.02.27 11:48:00,117927.04,117931.09,117875.62,117881.32,360,63,0
2026.02.27 11:42:00,117916.24,117927.01,117916.24,117927.01,360,63,0
2026.02.27 11:36:00,117918.45,117926.46,117913.48,117916.21,360,63,0
2026.02.27 11:30:00,117907.65,117918.42,117907.65,117918.42,360,63,0
2026.02.27 11:24:00,117896.85,117907.62,117896.85,117907.62,360,63,0
2026.02.27 11:18:00,117902.19,117905.85,117889.74,117896.82,360,63,0
2026.02.27 11:12:00,117912.75,117918.39,117897.06,117902.16,360,63,0
2026.02.27 11:06:00,117926.52,117931.71,117907.17,117912.72,360,63,0
2026.02.27 11:00:00,117915.72,117926.49,117915.72,117926.49,360,63,0
2026.02.27 10:54:00,117926.46,117926.46,117904.95,117915.69,360,63,0
2026.02.27 10:48:00,117930.21,117936.15,117921.63,117926.43,360,63,0
2026.02.27 10:42:00,117919.41,117930.18,117919.41,117930.18,360,63,0
2026.02.27 10:36:00,117925.07,117929.21,117912.78,117919.38,360,63,0
2026.02.27 10:30:00,117914.27,117925.04,117914.27,117925.04,360,63,0
2026.02.27 10:24:00,117903.47,117914.24,117903.47,117914.24,360,63,0
2026.02.27 10:18:00,117892.67,117903.44,117892.67,117903.44,360,63,0
2026.02.27 10:12:00,117881.87,117892.64,117881.87,117892.64,360,63,0
2026.02.27 10:06:00,117871.07,117881.84,117871.07,117881.84,360,63,0
2026.02.27 10:00:00,117860.27,117871.04,117860.27,117871.04,360,63,0
2026.02.27 09:54:00,117849.47,117860.24,117849.47,117860.24,360,63,0
2026.02.27 09:48:00,117838.67,117849.44,117838.67,117849.44,360,63,0
2026.02.27 09:42:00,117847.38,117851.94,117832.46,117838.64,360,63,0
2026.02.27 09:36:00,117836.58,117847.35,117836.58,117847.35,360,63,0
2026.02.27 09:30:00,117825.78,117836.55,117825.78,117836.55,360,63,0
2026.02.27 09:24:00,117814.98,117825.75,117814.98,117825.75,360,63,0
2026.02.27 09:18:00,117816.68,117824.30,117811.83,117814.95,360,63,0
2026.02.27 09:12:00,117805.88,117816.65,117805.88,117816.65,360,63,0
2026.02.27 09:06:00,117795.08,117805.85,117795.08,117805.85,360,63,0
2026.02.27 09:00:00,117784.28,117795.05,117784.28,117795.05,360,63,0
2026.02.27 08:54:00,117792.97,117799.96,117780.50,117784.25,360,63,0
2026.02.27 08:48:00,117782.17,117792.94,117782.17,117792.94,360,63,0
2026.02.27 08:42:00,117771.37,117782.14,117771.37,117782.14,360,63,0
2026.02.27 08:36:00,117760.57,117771.34,117760.57,117771.34,360,63,0
2026.02.27 08:30:00,117769.84,117779.29,117759.25,117760.54,360,63,0
2026.02.27 08:24:00,117759.04,117769.81,117759.04,117769.81,360,63,0
2026.02.27 08:18:00,117748.24,117759.01,117748.24,117759.01,360,63,0
2026.02.27 08:12:00,117737.44,117748.21,117737.44,117748.21,360,63,0
2026.02.27 08:06:00,117726.64,117737.41,117726.64,117737.41,360,63,0
2026.02.27 08:00:00,117715.84,117726.61,117715.84,117726.61,360,63,0
2026.02.27 07:54:00,117705.04,117715.81,117705.04,117715.81,360,63,0
2026.02.27 07:48:00,117694.24,117705.01,117694.24,117705.01,360,63,0
2026.02.27 07:42:00,117704.17,117714.58,117693.88,117694.21,360,63,0
2026.02.27 07:36:00,117693.37,117704.14,117693.37,117704.14,360,63,0
2026.02.27 07:30:00,117682.54,117693.34,117682.54,117693.34,361,63,0
2026.02.27 07:24:00,117693.44,117703.82,117682.18,117682.51,359,63,0
2026.02.27 07:18:00,117682.64,117693.41,117682.64,117693.41,360,63,0
2026.02.27 07:12:00,117671.84,117682.61,117671.84,117682.61,360,63,0
2026.02.27 07:06:00,117661.04,117671.81,117661.04,117671.81,360,63,0
2026.02.27 07:00:00,117675.99,117681.36,117655.64,117661.01,360,63,0
2026.02.27 06:54:00,117686.59,117695.80,117674.43,117675.96,360,63,0
2026.02.27 06:48:00,117675.79,117686.56,117675.79,117686.56,360,63,0
2026.02.27 06:42:00,117664.99,117675.76,117664.99,117675.76,360,63,0
2026.02.27 06:36:00,117654.19,117664.96,117654.19,117664.96,360,63,0
2026.02.27 06:30:00,117643.39,117654.16,117643.39,117654.16,360,63,0
2026.02.27 06:24:00,117656.66,117662.60,117638.56,117643.36,360,63,0
2026.02.27 06:18:00,117645.86,117656.63,117645.86,117656.63,360,63,0
2026.02.27 06:12:00,117635.06,117645.83,117635.06,117645.83,360,63,0
2026.02.27 06:06:00,117637.02,117641.40,117628.67,117635.03,360,63,0
2026.02.27 06:00:00,117626.22,117636.99,117626.22,117636.99,360,63,0
2026.02.27 05:54:00,117681.74,117685.70,117625.89,117626.19,360,63,0
2026.02.27 05:48:00,117670.94,117681.71,117670.94,117681.71,360,63,0
2026.02.27 05:42:00,117660.14,117670.91,117660.14,117670.91,360,63,0
2026.02.27 05:36:00,117649.34,117660.11,117649.34,117660.11,360,63,0
2026.02.27 05:30:00,117650.95,117661.18,117648.80,117649.31,360,63,0
2026.02.27 05:24:00,117660.92,117662.87,117642.13,117650.92,360,63,0
2026.02.27 05:18:00,117650.12,117660.89,117650.12,117660.89,360,63,0
2026.02.27 05:12:00,117651.93,117655.92,117643.34,117650.09,360,63,0
2026.02.27 05:06:00,117641.13,117651.90,117641.13,117651.90,360,63,0
2026.02.27 05:00:00,117661.54,117671.56,117640.92,117641.10,360,63,0
2026.02.27 04:54:00,117650.74,117661.51,117650.74,117661.51,360,63,0
2026.02.27 04:48:00,117639.94,117650.71,117639.94,117650.71,360,63,0
2026.02.27 04:42:00,117629.14,117639.91,117629.14,117639.91,360,63,0
2026.02.27 04:36:00,117618.34,117629.11,117618.34,117629.11,360,63,0
2026.02.27 04:30:00,117607.54,117618.31,117607.54,117618.31,360,63,0
2026.02.27 04:24:00,117596.74,117607.51,117596.74,117607.51,360,63,0
2026.02.27 04:18:00,117585.94,117596.71,117585.94,117596.71,360,63,0
2026.02.27 04:12:00,117575.14,117585.91,117575.14,117585.91,360,63,0
2026.02.27 04:06:00,117564.34,117575.11,117564.34,117575.11,360,63,0
2026.02.27 04:00:00,117553.54,117564.31,117553.54,117564.31,360,63,0
2026.02.27 03:54:00,117583.69,117589.93,117549.01,117553.51,360,63,0
2026.02.27 03:48:00,117572.89,117583.66,117572.89,117583.66,360,63,0
2026.02.27 03:42:00,117562.09,117572.86,117562.09,117572.86,360,63,0
2026.02.27 03:36:00,117551.29,117562.06,117551.29,117562.06,360,63,0
2026.02.27 03:30:00,117540.49,117551.26,117540.49,117551.26,360,63,0
2026.02.27 03:24:00,117529.69,117540.46,117529.69,117540.46,360,63,0
2026.02.27 03:18:00,117518.89,117529.66,117518.89,117529.66,360,63,0
2026.02.27 03:12:00,117508.09,117518.86,117508.09,117518.86,360,63,0
2026.02.27 03:06:00,117520.82,117522.50,117499.00,117508.06,360,63,0
2026.02.27 03:00:00,117510.02,117520.79,117510.02,117520.79,360,63,0
2026.02.27 02:54:00,117499.22,117509.99,117499.22,117509.99,360,63,0
2026.02.27 02:48:00,117488.42,117499.19,117488.42,117499.19,360,63,0
2026.02.27 02:42:00,117550.75,117551.44,117483.20,117488.39,360,63,0
2026.02.27 02:36:00,117539.95,117550.72,117539.95,117550.72,360,63,0
2026.02.27 02:30:00,117555.61,117558.07,117531.64,117539.92,360,63,0
2026.02.27 02:24:00,117544.81,117555.58,117544.81,117555.58,360,63,0
2026.02.27 02:18:00,117534.01,117544.78,117534.01,117544.78,360,63,0
2026.02.27 02:12:00,117539.49,117541.83,117525.58,117533.98,360,63,0
2026.02.27 02:06:00,117565.68,117566.73,117529.83,117539.46,360,63,0
2026.02.27 02:00:00,117574.97,117581.21,117561.15,117565.65,360,63,0
2026.02.27 01:54:00,117564.17,117574.94,117564.17,117574.94,360,63,0
2026.02.27 01:48:00,117553.37,117564.14,117553.37,117564.14,360,63,0
2026.02.27 01:42:00,117542.57,117553.34,117542.57,117553.34,360,63,0
2026.02.27 01:36:00,117546.14,117547.79,117533.45,117542.54,360,63,0
2026.02.27 01:30:00,117535.34,117546.11,117535.34,117546.11,360,63,0
2026.02.27 01:24:00,117524.54,117535.31,117524.54,117535.31,360,63,0
2026.02.27 01:18:00,117513.74,117524.51,117513.74,117524.51,360,63,0
2026.02.27 01:12:00,117502.94,117513.71,117502.94,117513.71,360,63,0
2026.02.27 01:06:00,117492.14,117502.91,117492.14,117502.91,360,63,0
2026.02.27 01:00:00,117481.34,117492.11,117481.34,117492.11,360,63,0
2026.02.27 00:54:00,117492.28,117495.13,117473.42,117481.31,360,63,0
2026.02.27 00:48:00,117481.48,117492.25,117481.48,117492.25,360,63,0
2026.02.27 00:42:00,117513.93,117519.99,117476.77,117481.45,360,63,0
2026.02.27 00:36:00,117522.43,117527.65,117508.38,117513.90,360,63,0
2026.02.27 00:30:00,117511.63,117522.40,117511.63,117522.40,360,63,0
2026.02.27 00:24:00,117500.83,117511.60,117500.83,117511.60,360,63,0
2026.02.27 00:18:00,117490.03,117500.80,117490.03,117500.80,360,63,0
2026.02.27 00:12:00,117479.23,117490.00,117479.23,117490.00,360,63,0
2026.02.27 00:06:00,117468.43,117479.20,117468.43,117479.20,360,63,0
2026.02.27 00:00:00,117457.63,117468.40,117457.63,117468.40,360,63,0
2026.02.26 23:54:00,117446.83,117457.60,117446.83,117457.60,360,63,0
2026.02.26 23:48:00,117458.22,117462.30,117440.14,117446.80,360,63,0
2026.02.26 23:42:00,117447.42,117458.19,117447.42,117458.19,360,63,0
2026.02.26 23:36:00,117453.35,117462.20,117445.50,117447.39,360,63,0
2026.02.26 23:30:00,117472.86,117476.43,117446.15,117453.32,360,63,0
2026.02.26 23:24:00,117510.51,117520.14,117471.72,117472.83,360,63,0
2026.02.26 23:18:00,117499.71,117510.48,117499.71,117510.48,360,63,0
2026.02.26 23:12:00,117488.91,117499.68,117488.91,117499.68,360,63,0
2026.02.26 23:06:00,117478.11,117488.88,117478.11,117488.88,360,63,0
2026.02.26 23:00:00,117467.31,117478.08,117467.31,117478.08,360,63,0
2026.02.26 22:54:00,117456.51,117467.28,117456.51,117467.28,360,63,0
2026.02.26 22:48:00,117445.71,117456.48,117445.71,117456.48,360,63,0
2026.02.26 22:42:00,117447.81,117457.56,117444.69,117445.68,360,63,0
2026.02.26 22:36:00,117437.01,117447.78,117437.01,117447.78,360,63,0
2026.02.26 22:30:00,117460.97,117469.73,117435.00,117436.98,360,63,0
2026.02.26 22:24:00,117450.17,117460.94,117450.17,117460.94,360,63,0
2026.02.26 22:18:00,117439.37,117450.14,117439.37,117450.14,360,63,0
2026.02.26 22:12:00,117428.57,117439.34,117428.57,117439.34,360,63,0
2026.02.26 22:06:00,117417.77,117428.54,117417.77,117428.54,360,63,0
2026.02.26 22:00:00,117406.97,117417.74,117406.97,117417.74,360,63,0
2026.02.26 21:54:00,117396.17,117406.94,117396.17,117406.94,360,63,0
2026.02.26 21:48:00,117404.42,117411.20,117392.18,117396.14,360,63,0
2026.02.26 21:42:00,117393.62,117404.39,117393.62,117404.39,360,63,0
2026.02.26 21:36:00,117382.82,117393.59,117382.82,117393.59,360,63,0
2026.02.26 21:30:00,117372.02,117382.79,117372.02,117382.79,360,63,0
2026.02.26 21:24:00,117361.22,117371.99,117361.22,117371.99,360,63,0
2026.02.26 21:18:00,117350.42,117361.19,117350.42,117361.19,360,63,0
2026.02.26 21:12:00,117363.55,117365.53,117341.63,117350.39,360,63,0
2026.02.26 21:06:00,117352.75,117363.52,117352.75,117363.52,360,63,0
2026.02.26 21:00:00,117341.95,117352.72,117341.95,117352.72,360,63,0
2026.02.26 20:54:00,117357.59,117367.58,117341.17,117341.92,360,63,0
2026.02.26 20:48:00,117375.82,117379.90,117350.90,117357.56,360,63,0
2026.02.26 20:42:00,117407.96,117411.89,117369.76,117375.79,360,63,0
2026.02.26 20:36:00,117397.16,117407.93,117397.16,117407.93,360,63,0
2026.02.26 20:30:00,117386.36,117397.13,117386.36,117397.13,360,63,0
2026.02.26 20:24:00,117387.79,117391.87,117379.67,117386.33,360,63,0
2026.02.26 20:18:00,117376.99,117387.76,117376.99,117387.76,360,63,0
2026.02.26 20:12:00,117381.57,117384.96,117369.61,117376.96,360,63,0
2026.02.26 20:06:00,117370.77,117381.54,117370.77,117381.54,360,63,0
2026.02.26 20:00:00,117381.46,117386.35,117364.89,117370.74,360,63,0
2026.02.26 19:54:00,117420.19,117425.74,117377.38,117381.43,360,63,0
2026.02.26 19:48:00,117409.39,117420.16,117409.39,117420.16,360,63,0
2026.02.26 19:42:00,117398.59,117409.36,117398.59,117409.36,360,63,0
2026.02.26 19:36:00,117387.79,117398.56,117387.79,117398.56,360,63,0
2026.02.26 19:30:00,117376.99,117387.76,117376.99,117387.76,360,63,0
2026.02.26 19:24:00,117366.19,117376.96,117366.19,117376.96,360,63,0
2026.02.26 19:18:00,117386.87,117390.44,117360.46,117366.16,360,63,0
2026.02.26 19:12:00,117423.30,117431.01,117385.28,117386.84,360,63,0
2026.02.26 19:06:00,117433.73,117442.70,117421.50,117423.27,360,63,0
2026.02.26 19:00:00,117437.75,117446.36,117431.57,117433.70,360,63,0
2026.02.26 18:54:00,117467.60,117478.16,117437.54,117437.72,360,63,0
2026.02.26 18:48:00,117456.80,117467.57,117456.80,117467.57,360,63,0
2026.02.26 18:42:00,117484.13,117485.72,117448.58,117456.77,360,63,0
2026.02.26 18:36:00,117505.24,117510.28,117478.40,117484.10,360,63,0
2026.02.26 18:30:00,117494.44,117505.21,117494.44,117505.21,360,63,0
2026.02.26 18:24:00,117483.64,117494.41,117483.64,117494.41,360,63,0
2026.02.26 18:18:00,117472.84,117483.61,117472.84,117483.61,360,63,0
2026.02.26 18:12:00,117462.04,117472.81,117462.04,117472.81,360,63,0
2026.02.26 18:06:00,117451.24,117462.01,117451.24,117462.01,360,63,0
2026.02.26 18:00:00,117440.44,117451.21,117440.44,117451.21,360,63,0
2026.02.26 17:54:00,117429.64,117440.41,117429.64,117440.41,360,63,0
2026.02.26 17:48:00,117433.20,117433.53,117419.20,117429.61,360,63,0
2026.02.26 17:42:00,117422.40,117433.17,117422.40,117433.17,360,63,0
2026.02.26 17:36:00,117411.60,117422.37,117411.60,117422.37,360,63,0
2026.02.26 17:30:00,117415.55,117423.50,117408.78,117411.57,360,63,0
2026.02.26 17:24:00,117404.75,117415.52,117404.75,117415.52,360,63,0
2026.02.26 17:18:00,117393.95,117404.72,117393.95,117404.72,360,63,0
2026.02.26 17:12:00,117396.44,117407.15,117393.89,117393.92,360,63,0
2026.02.26 17:06:00,117385.64,117396.41,117385.64,117396.41,360,63,0
2026.02.26 17:00:00,117390.92,117393.74,117377.69,117385.61,360,63,0
2026.02.26 16:54:00,117404.71,117406.42,117381.86,117390.89,360,63,0
2026.02.26 16:48:00,117393.91,117404.68,117393.91,117404.68,360,63,0
2026.02.26 16:42:00,117438.12,117438.99,117389.26,117393.88,360,63,0
2026.02.26 16:36:00,117448.43,117448.67,117427.59,117438.09,360,63,0
2026.02.26 16:30:00,117437.63,117448.40,117437.63,117448.40,360,63,0
2026.02.26 16:24:00,117426.83,117437.60,117426.83,117437.60,360,63,0
2026.02.26 16:18:00,117416.03,117426.80,117416.03,117426.80,360,63,0
2026.02.26 16:12:00,117405.23,117416.00,117405.23,117416.00,360,63,0
2026.02.26 16:06:00,117414.83,117416.18,117395.81,117405.20,360,63,0
2026.02.26 16:00:00,117404.03,117414.80,117404.03,117414.80,360,63,0
2026.02.26 15:54:00,117462.79,117465.76,117402.35,117404.00,360,63,0
2026.02.26 15:48:00,117451.99,117462.76,117451.99,117462.76,360,63,0
2026.02.26 15:42:00,117441.19,117451.96,117441.19,117451.96,360,63,0
2026.02.26 15:36:00,117430.39,117441.16,117430.39,117441.16,360,63,0
2026.02.26 15:30:00,117469.03,117473.62,117429.07,117430.36,360,63,0
2026.02.26 15:24:00,117458.23,117469.00,117458.23,117469.00,360,63,0
2026.02.26 15:18:00,117469.29,117472.17,117450.34,117458.20,360,63,0
2026.02.26 15:12:00,117458.49,117469.26,117458.49,117469.26,360,63,0
2026.02.26 15:06:00,117447.69,117458.46,117447.69,117458.46,360,63,0
2026.02.26 15:00:00,117466.90,117472.39,117442.41,117447.66,360,63,0
2026.02.26 14:54:00,117476.96,117478.40,117457.57,117466.87,360,63,0
2026.02.26 14:48:00,117466.16,117476.93,117466.16,117476.93,360,63,0
2026.02.26 14:42:00,117455.36,117466.13,117455.36,117466.13,360,63,0
2026.02.26 14:36:00,117444.56,117455.33,117444.56,117455.33,360,63,0
2026.02.26 14:30:00,117433.76,117444.53,117433.76,117444.53,360,63,0
2026.02.26 14:24:00,117446.66,117450.71,117427.04,117433.73,360,63,0
2026.02.26 14:18:00,117435.86,117446.63,117435.86,117446.63,360,63,0
2026.02.26 14:12:00,117425.06,117435.83,117425.06,117435.83,360,63,0
2026.02.26 14:06:00,117414.26,117425.03,117414.26,117425.03,360,63,0
2026.02.26 14:00:00,117419.12,117427.07,117411.44,117414.23,360,63,0
2026.02.26 13:54:00,117408.32,117419.09,117408.32,117419.09,360,63,0
2026.02.26 13:48:00,117397.52,117408.29,117397.52,117408.29,360,63,0
2026.02.26 13:42:00,117417.24,117419.01,117388.52,117397.49,360,63,0
2026.02.26 13:36:00,117435.20,117436.67,117407.94,117417.21,360,63,0
2026.02.26 13:30:00,117424.40,117435.17,117424.40,117435.17,360,63,0
2026.02.26 13:24:00,117413.60,117424.37,117413.60,117424.37,360,63,0
2026.02.26 13:18:00,117443.65,117444.19,117403.43,117413.57,360,63,0
2026.02.26 13:12:00,117432.85,117443.62,117432.85,117443.62,360,63,0
2026.02.26 13:06:00,117422.05,117432.82,117422.05,117432.82,360,63,0
2026.02.26 13:00:00,117411.25,117422.02,117411.25,117422.02,360,63,0
2026.02.26 12:54:00,117400.45,117411.22,117400.45,117411.22,360,63,0
2026.02.26 12:48:00,117389.65,117400.42,117389.65,117400.42,360,63,0
2026.02.26 12:42:00,117378.85,117389.62,117378.85,117389.62,360,63,0
2026.02.26 12:36:00,117368.05,117378.82,117368.05,117378.82,360,63,0
2026.02.26 12:30:00,117357.25,117368.02,117357.25,117368.02,360,63,0
2026.02.26 12:24:00,117346.45,117357.22,117346.45,117357.22,360,63,0
2026.02.26 12:18:00,117335.65,117346.42,117335.65,117346.42,360,63,0
2026.02.26 12:12:00,117348.04,117350.65,117327.49,117335.62,360,63,0
2026.02.26 12:06:00,117369.19,117377.89,117345.97,117348.01,360,63,0
2026.02.26 12:00:00,117358.39,117369.16,117358.39,117369.16,360,63,0
2026.02.26 11:54:00,117367.37,117377.12,117357.37,117358.36,360,63,0
2026.02.26 11:48:00,117389.76,117397.50,117364.34,117367.34,360,63,0
2026.02.26 11:42:00,117395.45,117403.67,117387.21,117389.73,360,63,0
2026.02.26 11:36:00,117411.55,117415.03,117388.16,117395.42,360,63,0
2026.02.26 11:30:00,117400.75,117411.52,117400.75,117411.52,360,63,0
2026.02.26 11:24:00,117404.76,117415.32,117400.54,117400.72,360,63,0
2026.02.26 11:18:00,117393.96,117404.73,117393.96,117404.73,360,63,0
2026.02.26 11:12:00,117383.16,117393.93,117383.16,117393.93,360,63,0
2026.02.26 11:06:00,117372.36,117383.13,117372.36,117383.13,360,63,0
2026.02.26 11:00:00,117361.56,117372.33,117361.56,117372.33,360,63,0
2026.02.26 10:54:00,117364.84,117366.70,117352.65,117361.53,360,63,0
2026.02.26 10:48:00,117371.72,117379.52,117361.87,117364.81,360,63,0
2026.02.26 10:42:00,117409.36,117409.54,117371.06,117371.69,360,63,0
2026.02.26 10:36:00,117398.56,117409.33,117398.56,117409.33,360,63,0
2026.02.26 10:30:00,117419.10,117427.14,117395.83,117398.53,360,63,0
2026.02.26 10:24:00,117408.30,117419.07,117408.30,117419.07,360,63,0
2026.02.26 10:18:00,117397.50,117408.27,117397.50,117408.27,360,63,0
2026.02.26 10:12:00,117386.70,117397.47,117386.70,117397.47,360,63,0
2026.02.26 10:06:00,117406.41,117412.53,117382.05,117386.67,360,63,0
2026.02.26 10:00:00,117395.61,117406.38,117395.61,117406.38,360,63,0
2026.02.26 09:54:00,117384.81,117395.58,117384.81,117395.58,360,63,0
2026.02.26 09:48:00,117374.01,117384.78,117374.01,117384.78,360,63,0
2026.02.26 09:42:00,117376.44,117383.88,117370.68,117373.98,360,63,0
2026.02.26 09:36:00,117365.64,117376.41,117365.64,117376.41,360,63,0
2026.02.26 09:30:00,117355.02,117365.61,117355.02,117365.61,354,63,0
2026.02.26 09:24:00,117344.22,117354.99,117344.22,117354.99,360,63,0
2026.02.26 09:18:00,117333.42,117344.19,117333.42,117344.19,360,63,0
2026.02.26 09:12:00,117322.62,117333.39,117322.62,117333.39,360,63,0
2026.02.26 09:06:00,117334.35,117344.88,117322.38,117322.59,360,63,0
2026.02.26 09:00:00,117323.55,117334.32,117323.55,117334.32,360,63,0
2026.02.26 08:54:00,117312.75,117323.52,117312.75,117323.52,360,63,0
2026.02.26 08:48:00,117301.95,117312.72,117301.95,117312.72,360,63,0
2026.02.26 08:42:00,117312.74,117322.67,117301.11,117301.92,360,63,0
2026.02.26 08:36:00,117320.66,117330.23,117311.54,117312.71,360,63,0
2026.02.26 08:30:00,117309.86,117320.63,117309.86,117320.63,360,63,0
2026.02.26 08:24:00,117338.58,117346.08,117306.56,117309.83,361,63,0
2026.02.26 08:18:00,117353.00,117360.56,117335.37,117338.55,360,63,0
2026.02.26 08:12:00,117342.20,117352.97,117342.20,117352.97,360,63,0
2026.02.26 08:06:00,117351.24,117352.92,117333.11,117342.17,360,63,0
2026.02.26 08:00:00,117340.44,117351.21,117340.44,117351.21,360,63,0
2026.02.26 07:54:00,117329.64,117340.41,117329.64,117340.41,360,63,0
2026.02.26 07:48:00,117318.84,117329.61,117318.84,117329.61,360,63,0
2026.02.26 07:42:00,117308.04,117318.81,117308.04,117318.81,360,63,0
2026.02.26 07:36:00,117297.24,117308.01,117297.24,117308.01,360,63,0
2026.02.26 07:30:00,117306.30,117314.28,117294.45,117297.21,360,63,0
2026.02.26 07:24:00,117295.50,117306.27,117295.50,117306.27,360,63,0
2026.02.26 07:18:00,117284.70,117295.47,117284.70,117295.47,360,63,0
2026.02.26 07:12:00,117293.76,117296.40,117276.57,117284.67,360,63,0
2026.02.26 07:06:00,117300.25,117306.61,117289.35,117293.73,360,63,0
2026.02.26 07:00:00,117289.45,117300.22,117289.45,117300.22,360,63,0
2026.02.26 06:54:00,117278.65,117289.42,117278.65,117289.42,360,63,0
2026.02.26 06:48:00,117330.55,117333.91,117276.73,117278.62,360,63,0
2026.02.26 06:42:00,117332.46,117337.80,117325.12,117330.52,360,63,0
2026.02.26 06:36:00,117341.84,117351.26,117331.11,117332.43,360,63,0
2026.02.26 06:30:00,117331.04,117341.81,117331.04,117341.81,360,63,0
2026.02.26 06:24:00,117351.61,117355.69,117324.35,117331.01,360,63,0
2026.02.26 06:18:00,117340.81,117351.58,117340.81,117351.58,360,63,0
2026.02.26 06:12:00,117330.01,117340.78,117330.01,117340.78,360,63,0
2026.02.26 06:06:00,117345.81,117355.26,117328.69,117329.98,360,63,0
2026.02.26 06:00:00,117385.35,117387.66,117342.09,117345.78,360,63,0
2026.02.26 05:54:00,117417.90,117418.11,117382.44,117385.32,360,63,0
2026.02.26 05:48:00,117407.10,117417.87,117407.10,117417.87,360,63,0
2026.02.26 05:42:00,117396.30,117407.07,117396.30,117407.07,360,63,0
2026.02.26 05:36:00,117408.81,117411.12,117387.84,117396.27,360,63,0
2026.02.26 05:30:00,117419.16,117420.96,117399.84,117408.78,360,63,0
2026.02.26 05:24:00,117408.36,117419.13,117408.36,117419.13,360,63,0
2026.02.26 05:18:00,117434.37,117440.40,117403.62,117408.33,360,63,0
2026.02.26 05:12:00,117467.75,117476.93,117432.78,117434.34,360,63,0
2026.02.26 05:06:00,117456.95,117467.72,117456.95,117467.72,360,63,0
2026.02.26 05:00:00,117446.15,117456.92,117446.15,117456.92,360,63,0
2026.02.26 04:54:00,117435.35,117446.12,117435.35,117446.12,360,63,0
2026.02.26 04:48:00,117459.44,117465.92,117431.06,117435.32,360,63,0
2026.02.26 04:42:00,117448.64,117459.41,117448.64,117459.41,360,63,0
2026.02.26 04:36:00,117456.91,117463.30,117444.26,117448.61,360,63,0
2026.02.26 04:30:00,117446.11,117456.88,117446.11,117456.88,360,63,0
2026.02.26 04:24:00,117435.31,117446.08,117435.31,117446.08,360,63,0
2026.02.26 04:18:00,117424.51,117435.28,117424.51,117435.28,360,63,0
2026.02.26 04:12:00,117413.71,117424.48,117413.71,117424.48,360,63,0
2026.02.26 04:06:00,117402.91,117413.68,117402.91,117413.68,360,63,0
2026.02.26 04:00:00,117392.11,117402.88,117392.11,117402.88,360,63,0
2026.02.26 03:54:00,117406.98,117417.36,117391.72,117392.08,360,63,0
2026.02.26 03:48:00,117396.18,117406.95,117396.18,117406.95,360,63,0
2026.02.26 03:42:00,117385.38,117396.15,117385.38,117396.15,360,63,0
2026.02.26 03:36:00,117388.61,117388.67,117374.67,117385.35,360,63,0
2026.02.26 03:30:00,117377.81,117388.58,117377.81,117388.58,360,63,0
2026.02.26 03:24:00,117367.01,117377.78,117367.01,117377.78,360,63,0
2026.02.26 03:18:00,117356.21,117366.98,117356.21,117366.98,360,63,0
2026.02.26 03:12:00,117366.77,117376.73,117355.40,117356.18,360,63,0
2026.02.26 03:06:00,117355.97,117366.74,117355.97,117366.74,360,63,0
2026.02.26 03:00:00,117377.36,117386.90,117354.74,117355.94,360,63,0
2026.02.26 02:54:00,117399.25,117400.06,117367.40,117377.33,360,63,0
2026.02.26 02:48:00,117388.45,117399.22,117388.45,117399.22,360,63,0
2026.02.26 02:42:00,117377.65,117388.42,117377.65,117388.42,360,63,0
2026.02.26 02:36:00,117366.85,117377.62,117366.85,117377.62,360,63,0
2026.02.26 02:30:00,117398.20,117400.69,117360.88,117366.82,360,63,0
2026.02.26 02:24:00,117387.40,117398.17,117387.40,117398.17,360,63,0
2026.02.26 02:18:00,117389.85,117397.95,117384.73,117387.37,360,63,0
2026.02.26 02:12:00,117419.32,117421.15,117387.84,117389.82,360,63,0
2026.02.26 02:06:00,117408.52,117419.29,117408.52,117419.29,360,63,0
2026.02.26 02:00:00,117413.14,117421.36,117405.97,117408.49,360,63,0
2026.02.26 01:54:00,117428.75,117436.61,117410.23,117413.11,360,63,0
2026.02.26 01:48:00,117417.95,117428.72,117417.95,117428.72,360,63,0
2026.02.26 01:42:00,117407.15,117417.92,117407.15,117417.92,360,63,0
2026.02.26 01:36:00,117418.91,117424.88,117402.35,117407.12,360,63,0
2026.02.26 01:30:00,117408.11,117418.88,117408.11,117418.88,360,63,0
2026.02.26 01:24:00,117397.31,117408.08,117397.31,117408.08,360,63,0
2026.02.26 01:18:00,117386.51,117397.28,117386.51,117397.28,360,63,0
2026.02.26 01:12:00,117375.71,117386.48,117375.71,117386.48,360,63,0
2026.02.26 01:06:00,117364.91,117375.68,117364.91,117375.68,360,63,0
2026.02.26 01:00:00,117354.11,117364.88,117354.11,117364.88,360,63,0
2026.02.26 00:54:00,117378.22,117380.74,117345.86,117354.08,360,63,0
2026.02.26 00:48:00,117367.42,117378.19,117367.42,117378.19,360,63,0
2026.02.26 00:42:00,117369.71,117371.75,117358.69,117367.39,360,63,0
2026.02.26 00:36:00,117358.91,117369.68,117358.91,117369.68,360,63,0
2026.02.26 00:30:00,117348.11,117358.88,117348.11,117358.88,360,63,0
2026.02.26 00:24:00,117337.31,117348.08,117337.31,117348.08,360,63,0
2026.02.26 00:18:00,117326.51,117337.28,117326.51,117337.28,360,63,0
2026.02.26 00:12:00,117315.71,117326.48,117315.71,117326.48,360,63,0
2026.02.26 00:06:00,117304.91,117315.68,117304.91,117315.68,360,63,0
2026.02.26 00:00:00,117325.11,117331.50,117301.13,117304.88,360,63,0
2026.02.25 23:54:00,117314.31,117325.08,117314.31,117325.08,360,63,0
2026.02.25 23:48:00,117303.51,117314.28,117303.51,117314.28,360,63,0
2026.02.25 23:42:00,117315.08,117319.43,117297.09,117303.48,360,63,0
2026.02.25 23:36:00,117304.28,117315.05,117304.28,117315.05,360,63,0
2026.02.25 23:30:00,117293.48,117304.25,117293.48,117304.25,360,63,0
2026.02.25 23:24:00,117282.65,117293.45,117282.65,117293.45,361,63,0
2026.02.25 23:18:00,117271.85,117282.62,117271.85,117282.62,360,63,0
2026.02.25 23:12:00,117278.38,117288.58,117271.28,117271.82,360,63,0
2026.02.25 23:06:00,117267.58,117278.35,117267.58,117278.35,360,63,0
2026.02.25 23:00:00,117271.40,117278.33,117263.74,117267.55,360,63,0
2026.02.25 22:54:00,117297.86,117302.45,117265.22,117271.37,360,63,0
2026.02.25 22:48:00,117303.65,117314.06,117297.50,117297.83,360,63,0
2026.02.25 22:42:00,117307.48,117317.32,117302.72,117303.62,360,63,0
2026.02.25 22:36:00,117296.68,117307.45,117296.68,117307.45,360,63,0
2026.02.25 22:30:00,117285.88,117296.65,117285.88,117296.65,360,63,0
2026.02.25 22:24:00,117275.08,117285.85,117275.08,117285.85,360,63,0
2026.02.25 22:18:00,117264.28,117275.05,117264.28,117275.05,360,63,0
2026.02.25 22:12:00,117253.48,117264.25,117253.48,117264.25,360,63,0
2026.02.25 22:06:00,117242.68,117253.45,117242.68,117253.45,360,63,0
2026.02.25 22:00:00,117231.88,117242.65,117231.88,117242.65,360,63,0
2026.02.25 21:54:00,117221.08,117231.85,117221.08,117231.85,360,63,0
2026.02.25 21:48:00,117265.52,117267.32,117218.98,117221.05,360,63,0
2026.02.25 21:42:00,117254.72,117265.49,117254.72,117265.49,360,63,0
2026.02.25 21:36:00,117243.92,117254.69,117243.92,117254.69,360,63,0
2026.02.25 21:30:00,117233.12,117243.89,117233.12,117243.89,360,63,0
2026.02.25 21:24:00,117222.32,117233.09,117222.32,117233.09,360,63,0
2026.02.25 21:18:00,117229.32,117229.77,117212.00,117222.29,360,63,0
2026.02.25 21:12:00,117218.52,117229.29,117218.52,117229.29,360,63,0
2026.02.25 21:06:00,117207.72,117218.49,117207.72,117218.49,360,63,0
2026.02.25 21:00:00,117196.92,117207.69,117196.92,117207.69,360,63,0
2026.02.25 20:54:00,117237.84,117239.94,117192.84,117196.89,360,63,0
2026.02.25 20:48:00,117227.04,117237.81,117227.04,117237.81,360,63,0
2026.02.25 20:42:00,117244.40,117249.95,117221.82,117227.01,360,63,0
2026.02.25 20:36:00,117233.60,117244.37,117233.60,117244.37,360,63,0
2026.02.25 20:30:00,117242.68,117243.13,117223.28,117233.57,360,63,0
2026.02.25 20:24:00,117231.88,117242.65,117231.88,117242.65,360,63,0
2026.02.25 20:18:00,117284.61,117286.47,117231.61,117231.85,360,63,0
2026.02.25 20:12:00,117287.97,117289.35,117275.22,117284.58,360,63,0
2026.02.25 20:06:00,117277.17,117287.94,117277.17,117287.94,360,63,0
2026.02.25 20:00:00,117266.37,117277.14,117266.37,117277.14,360,63,0
2026.02.25 19:54:00,117275.14,117284.86,117265.32,117266.34,360,63,0
2026.02.25 19:48:00,117264.34,117275.11,117264.34,117275.11,360,63,0
2026.02.25 19:42:00,117253.54,117264.31,117253.54,117264.31,360,63,0
2026.02.25 19:36:00,117242.74,117253.51,117242.74,117253.51,360,63,0
2026.02.25 19:30:00,117253.81,117256.12,117234.28,117242.71,360,63,0
2026.02.25 19:24:00,117243.01,117253.78,117243.01,117253.78,360,63,0
2026.02.25 19:18:00,117232.21,117242.98,117232.21,117242.98,360,63,0
2026.02.25 19:12:00,117221.41,117232.18,117221.41,117232.18,360,63,0
2026.02.25 19:06:00,117210.61,117221.38,117210.61,117221.38,360,63,0
2026.02.25 19:00:00,117228.23,117228.41,117200.02,117210.58,360,63,0
2026.02.25 18:54:00,117242.75,117247.25,117221.96,117228.20,360,63,0
2026.02.25 18:48:00,117231.95,117242.72,117231.95,117242.72,360,63,0
2026.02.25 18:42:00,117221.15,117231.92,117221.15,117231.92,360,63,0
2026.02.25 18:36:00,117275.32,117277.57,117215.60,117221.12,360,63,0
2026.02.25 18:30:00,117277.82,117283.46,117270.19,117275.29,360,63,0
2026.02.25 18:24:00,117267.02,117277.79,117267.02,117277.79,360,63,0
2026.02.25 18:18:00,117313.78,117319.66,117265.76,117266.99,360,63,0
2026.02.25 18:12:00,117302.98,117313.75,117302.98,117313.75,360,63,0
2026.02.25 18:06:00,117292.18,117302.95,117292.18,117302.95,360,63,0
2026.02.25 18:00:00,117281.38,117292.15,117281.38,117292.15,360,63,0
2026.02.25 17:54:00,117294.71,117301.46,117277.36,117281.35,360,63,0
2026.02.25 17:48:00,117283.91,117294.68,117283.91,117294.68,360,63,0
2026.02.25 17:42:00,117273.11,117283.88,117273.11,117283.88,360,63,0
2026.02.25 17:36:00,117262.31,117273.08,117262.31,117273.08,360,63,0
2026.02.25 17:30:00,117251.51,117262.28,117251.51,117262.28,360,63,0
2026.02.25 17:24:00,117240.71,117251.48,117240.71,117251.48,360,63,0
2026.02.25 17:18:00,117250.08,117256.56,117236.42,117240.68,360,63,0
2026.02.25 17:12:00,117255.28,117265.24,117249.27,117250.05,360,63,0
2026.02.25 17:06:00,117244.48,117255.25,117244.48,117255.25,360,63,0
2026.02.25 17:00:00,117233.68,117244.45,117233.68,117244.45,360,63,0
2026.02.25 16:54:00,117222.88,117233.65,117222.88,117233.65,360,63,0
2026.02.25 16:48:00,117244.96,117252.16,117219.31,117222.85,360,63,0
2026.02.25 16:42:00,117234.16,117244.93,117234.16,117244.93,360,63,0
2026.02.25 16:36:00,117223.36,117234.13,117223.36,117234.13,360,63,0
2026.02.25 16:30:00,117212.56,117223.33,117212.56,117223.33,360,63,0
2026.02.25 16:24:00,117226.65,117236.01,117211.15,117212.53,360,63,0
2026.02.25 16:18:00,117215.85,117226.62,117215.85,117226.62,360,63,0
2026.02.25 16:12:00,117205.05,117215.82,117205.05,117215.82,360,63,0
2026.02.25 16:06:00,117194.25,117205.02,117194.25,117205.02,360,63,0
2026.02.25 16:00:00,117183.45,117194.22,117183.45,117194.22,360,63,0
2026.02.25 15:54:00,117172.65,117183.42,117172.65,117183.42,360,63,0
2026.02.25 15:48:00,117161.85,117172.62,117161.85,117172.62,360,63,0
2026.02.25 15:42:00,117151.05,117161.82,117151.05,117161.82,360,63,0
2026.02.25 15:36:00,117140.25,117151.02,117140.25,117151.02,360,63,0
2026.02.25 15:30:00,117156.62,117162.56,117135.42,117140.22,360,63,0
2026.02.25 15:24:00,117145.82,117156.59,117145.82,117156.59,360,63,0
2026.02.25 15:18:00,117151.11,117151.44,117135.38,117145.79,360,63,0
2026.02.25 15:12:00,117140.31,117151.08,117140.31,117151.08,360,63,0
2026.02.25 15:06:00,117143.62,117147.94,117133.86,117140.28,360,63,0
2026.02.25 15:00:00,117132.82,117143.59,117132.82,117143.59,360,63,0
2026.02.25 14:54:00,117134.73,117143.49,117130.81,117132.79,360,63,0
2026.02.25 14:48:00,117123.93,117134.70,117123.93,117134.70,360,63,0
2026.02.25 14:42:00,117113.13,117123.90,117113.13,117123.90,360,63,0
2026.02.25 14:36:00,117114.99,117124.86,117112.23,117113.10,360,63,0
2026.02.25 14:30:00,117104.19,117114.96,117104.19,117114.96,360,63,0
2026.02.25 14:24:00,117128.31,117137.79,117102.90,117104.16,360,63,0
2026.02.25 14:18:00,117117.51,117128.28,117117.51,117128.28,360,63,0
2026.02.25 14:12:00,117106.71,117117.48,117106.71,117117.48,360,63,0
2026.02.25 14:06:00,117095.88,117106.68,117095.88,117106.68,361,63,0
2026.02.25 14:00:00,117103.54,117104.26,117085.83,117095.85,360,63,0
2026.02.25 13:54:00,117092.74,117103.51,117092.74,117103.51,360,63,0
2026.02.25 13:48:00,117095.49,117099.18,117085.66,117092.71,360,63,0
2026.02.25 13:42:00,117156.78,117157.77,117091.71,117095.46,360,63,0
2026.02.25 13:36:00,117145.98,117156.75,117145.98,117156.75,360,63,0
2026.02.25 13:30:00,117135.18,117145.95,117135.18,117145.95,360,63,0
2026.02.25 13:24:00,117124.38,117135.15,117124.38,117135.15,360,63,0
2026.02.25 13:18:00,117113.58,117124.35,117113.58,117124.35,360,63,0
2026.02.25 13:12:00,117102.78,117113.55,117102.78,117113.55,360,63,0
2026.02.25 13:06:00,117126.71,117129.74,117095.04,117102.75,360,63,0
2026.02.25 13:00:00,117164.03,117164.72,117124.91,117126.68,360,63,0
2026.02.25 12:54:00,117174.10,117180.22,117159.38,117164.00,360,63,0
2026.02.25 12:48:00,117163.30,117174.07,117163.30,117174.07,360,63,0
2026.02.25 12:42:00,117152.50,117163.27,117152.50,117163.27,360,63,0
2026.02.25 12:36:00,117174.99,117184.20,117150.94,117152.47,360,63,0
2026.02.25 12:30:00,117164.19,117174.96,117164.19,117174.96,360,63,0
2026.02.25 12:24:00,117153.39,117164.16,117153.39,117164.16,360,63,0
2026.02.25 12:18:00,117142.59,117153.36,117142.59,117153.36,360,63,0
2026.02.25 12:12:00,117131.79,117142.56,117131.79,117142.56,360,63,0
2026.02.25 12:06:00,117120.99,117131.76,117120.99,117131.76,360,63,0
2026.02.25 12:00:00,117110.19,117120.96,117110.19,117120.96,360,63,0
2026.02.25 11:54:00,117118.23,117125.40,117106.59,117110.16,360,63,0
2026.02.25 11:48:00,117107.43,117118.20,117107.43,117118.20,360,63,0
2026.02.25 11:42:00,117096.63,117107.40,117096.63,117107.40,360,63,0
2026.02.25 11:36:00,117109.90,117118.99,117094.95,117096.60,360,63,0
2026.02.25 11:30:00,117099.10,117109.87,117099.10,117109.87,360,63,0
2026.02.25 11:24:00,117088.30,117099.07,117088.30,117099.07,360,63,0
2026.02.25 11:18:00,117077.50,117088.27,117077.50,117088.27,360,63,0
2026.02.25 11:12:00,117066.70,117077.47,117066.70,117077.47,360,63,0
2026.02.25 11:06:00,117055.90,117066.67,117055.90,117066.67,360,63,0
2026.02.25 11:00:00,117061.72,117067.33,117050.74,117055.87,360,63,0
2026.02.25 10:54:00,117050.92,117061.69,117050.92,117061.69,360,63,0
2026.02.25 10:48:00,117072.78,117078.87,117046.24,117050.89,360,63,0
2026.02.25 10:42:00,117119.81,117121.31,117070.53,117072.75,360,63,0
2026.02.25 10:36:00,117109.01,117119.78,117109.01,117119.78,360,63,0
2026.02.25 10:30:00,117098.21,117108.98,117098.21,117108.98,360,63,0
2026.02.25 10:24:00,117087.41,117098.18,117087.41,117098.18,360,63,0
2026.02.25 10:18:00,117076.61,117087.38,117076.61,117087.38,360,63,0
2026.02.25 10:12:00,117110.17,117113.32,117071.00,117076.58,360,63,0
2026.02.25 10:06:00,117099.37,117110.14,117099.37,117110.14,360,63,0
2026.02.25 10:00:00,117088.57,117099.34,117088.57,117099.34,360,63,0
2026.02.25 09:54:00,117092.84,117092.93,117077.89,117088.54,360,63,0
2026.02.25 09:48:00,117117.99,117128.10,117092.18,117092.81,360,63,0
2026.02.25 09:42:00,117107.19,117117.96,117107.19,117117.96,360,63,0
2026.02.25 09:36:00,117108.48,117109.32,117097.26,117107.16,360,63,0
2026.02.25 09:30:00,117153.47,117155.48,117101.58,117108.45,360,63,0
2026.02.25 09:24:00,117162.30,117172.62,117153.02,117153.44,360,63,0
2026.02.25 09:18:00,117151.50,117162.27,117151.50,117162.27,360,63,0
2026.02.25 09:12:00,117162.75,117170.43,117148.41,117151.47,360,63,0
2026.02.25 09:06:00,117151.95,117162.72,117151.95,117162.72,360,63,0
2026.02.25 09:00:00,117141.15,117151.92,117141.15,117151.92,360,63,0
2026.02.25 08:54:00,117130.35,117141.12,117130.35,117141.12,360,63,0
2026.02.25 08:48:00,117133.05,117138.21,117124.74,117130.32,360,63,0
2026.02.25 08:42:00,117122.25,117133.02,117122.25,117133.02,360,63,0
2026.02.25 08:36:00,117111.45,117122.22,117111.45,117122.22,360,63,0
2026.02.25 08:30:00,117123.52,117133.36,117110.52,117111.42,360,63,0
2026.02.25 08:24:00,117112.72,117123.49,117112.72,117123.49,360,63,0
2026.02.25 08:18:00,117101.92,117112.69,117101.92,117112.69,360,63,0
2026.02.25 08:12:00,117091.12,117101.89,117091.12,117101.89,360,63,0
2026.02.25 08:06:00,117145.06,117148.90,117088.72,117091.09,360,63,0
2026.02.25 08:00:00,117158.14,117162.58,117138.73,117145.03,360,63,0
2026.02.25 07:54:00,117161.84,117168.35,117153.88,117158.11,360,63,0
2026.02.25 07:48:00,117151.04,117161.81,117151.04,117161.81,360,63,0
2026.02.25 07:42:00,117140.24,117151.01,117140.24,117151.01,360,63,0
2026.02.25 07:36:00,117129.44,117140.21,117129.44,117140.21,360,63,0
2026.02.25 07:30:00,117158.75,117160.34,117128.84,117129.41,360,63,0
2026.02.25 07:24:00,117147.95,117158.72,117147.95,117158.72,360,63,0
2026.02.25 07:18:00,117149.68,117151.42,117138.92,117147.92,360,63,0
2026.02.25 07:12:00,117164.17,117174.25,117148.99,117149.65,360,63,0
2026.02.25 07:06:00,117199.23,117203.76,117162.46,117164.14,360,63,0
2026.02.25 07:00:00,117188.43,117199.20,117188.43,117199.20,360,63,0
2026.02.25 06:54:00,117177.63,117188.40,117177.63,117188.40,360,63,0
2026.02.25 06:48:00,117166.83,117177.60,117166.83,117177.60,360,63,0
2026.02.25 06:42:00,117156.03,117166.80,117156.03,117166.80,360,63,0
2026.02.25 06:36:00,117145.23,117156.00,117145.23,117156.00,360,63,0
2026.02.25 06:30:00,117134.43,117145.20,117134.43,117145.20,360,63,0
2026.02.25 06:24:00,117123.63,117134.40,117123.63,117134.40,360,63,0
2026.02.25 06:18:00,117132.20,117137.75,117118.41,117123.60,360,63,0
2026.02.25 06:12:00,117121.40,117132.17,117121.40,117132.17,360,63,0
2026.02.25 06:06:00,117110.60,117121.37,117110.60,117121.37,360,63,0
2026.02.25 06:00:00,117123.05,117131.57,117108.35,117110.57,360,63,0
2026.02.25 05:54:00,117112.25,117123.02,117112.25,117123.02,360,63,0
2026.02.25 05:48:00,117101.45,117112.22,117101.45,117112.22,360,63,0
2026.02.25 05:42:00,117090.65,117101.42,117090.65,117101.42,360,63,0
2026.02.25 05:36:00,117079.85,117090.62,117079.85,117090.62,360,63,0
2026.02.25 05:30:00,117069.05,117079.82,117069.05,117079.82,360,63,0
2026.02.25 05:24:00,117058.25,117069.02,117058.25,117069.02,360,63,0
2026.02.25 05:18:00,117047.45,117058.22,117047.45,117058.22,360,63,0
2026.02.25 05:12:00,117036.65,117047.42,117036.65,117047.42,360,63,0
2026.02.25 05:06:00,117025.85,117036.62,117025.85,117036.62,360,63,0
2026.02.25 05:00:00,117038.29,117044.80,117021.56,117025.82,361,63,0
2026.02.25 04:54:00,117027.49,117038.26,117027.49,117038.26,360,63,0
2026.02.25 04:48:00,117016.69,117027.46,117016.69,117027.46,360,63,0
2026.02.25 04:42:00,117005.89,117016.66,117005.89,117016.66,360,63,0
2026.02.25 04:36:00,116995.09,117005.86,116995.09,117005.86,360,63,0
2026.02.25 04:30:00,116984.29,116995.06,116984.29,116995.06,360,63,0
2026.02.25 04:24:00,116973.49,116984.26,116973.49,116984.26,360,63,0
2026.02.25 04:18:00,116976.58,116985.10,116971.24,116973.46,360,63,0
2026.02.25 04:12:00,116965.78,116976.55,116965.78,116976.55,360,63,0
2026.02.25 04:06:00,116954.98,116965.75,116954.98,116965.75,360,63,0
2026.02.25 04:00:00,116965.00,116968.66,116947.87,116954.95,360,63,0
2026.02.25 03:54:00,116954.20,116964.97,116954.20,116964.97,360,63,0
2026.02.25 03:48:00,116943.40,116954.17,116943.40,116954.17,360,63,0
2026.02.25 03:42:00,116932.60,116943.37,116932.60,116943.37,360,63,0
2026.02.25 03:36:00,117007.35,117012.09,116930.50,116932.57,360,63,0
2026.02.25 03:30:00,116996.55,117007.32,116996.55,117007.32,360,63,0
2026.02.25 03:24:00,116985.75,116996.52,116985.75,116996.52,360,63,0
2026.02.25 03:18:00,116995.99,116997.46,116976.45,116985.72,360,63,0
2026.02.25 03:12:00,116985.19,116995.96,116985.19,116995.96,360,63,0
2026.02.25 03:06:00,116974.39,116985.16,116974.39,116985.16,360,63,0
2026.02.25 03:00:00,116963.59,116974.36,116963.59,116974.36,360,63,0
2026.02.25 02:54:00,116952.79,116963.56,116952.79,116963.56,360,63,0
2026.02.25 02:48:00,116941.99,116952.76,116941.99,116952.76,360,63,0
2026.02.25 02:42:00,116931.19,116941.96,116931.19,116941.96,360,63,0
2026.02.25 02:36:00,116920.39,116931.16,116920.39,116931.16,360,63,0
2026.02.25 02:30:00,116909.59,116920.36,116909.59,116920.36,360,63,0
2026.02.25 02:24:00,116920.47,116926.41,116904.76,116909.56,360,63,0
2026.02.25 02:18:00,116909.67,116920.44,116909.67,116920.44,360,63,0
2026.02.25 02:12:00,116898.87,116909.64,116898.87,116909.64,360,63,0
2026.02.25 02:06:00,116888.07,116898.84,116888.07,116898.84,360,63,0
2026.02.25 02:00:00,116877.27,116888.04,116877.27,116888.04,360,63,0
2026.02.25 01:54:00,116866.47,116877.24,116866.47,116877.24,360,63,0
2026.02.25 01:48:00,116855.67,116866.44,116855.67,116866.44,360,63,0
2026.02.25 01:42:00,116844.87,116855.64,116844.87,116855.64,360,63,0
2026.02.25 01:36:00,116834.07,116844.84,116834.07,116844.84,360,63,0
2026.02.25 01:30:00,116823.27,116834.04,116823.27,116834.04,360,63,0
2026.02.25 01:24:00,116812.47,116823.24,116812.47,116823.24,360,63,0
2026.02.25 01:18:00,116801.67,116812.44,116801.67,116812.44,360,63,0
2026.02.25 01:12:00,116790.87,116801.64,116790.87,116801.64,360,63,0
2026.02.25 01:06:00,116780.07,116790.84,116780.07,116790.84,360,63,0
2026.02.25 01:00:00,116808.40,116812.96,116778.48,116780.04,360,63,0
2026.02.25 00:54:00,116797.60,116808.37,116797.60,116808.37,360,63,0
2026.02.25 00:48:00,116786.80,116797.57,116786.80,116797.57,360,63,0
2026.02.25 00:42:00,116794.98,116802.03,116783.08,116786.77,360,63,0
2026.02.25 00:36:00,116817.18,116824.38,116791.41,116794.95,360,63,0
2026.02.25 00:30:00,116864.97,116871.21,116815.86,116817.15,360,63,0
2026.02.25 00:24:00,116854.17,116864.94,116854.17,116864.94,360,63,0
2026.02.25 00:18:00,116843.37,116854.14,116843.37,116854.14,360,63,0
2026.02.25 00:12:00,116832.57,116843.34,116832.57,116843.34,360,63,0
2026.02.25 00:06:00,116837.45,116841.62,116825.97,116832.54,360,63,0
2026.02.25 00:00:00,116826.65,116837.42,116826.65,116837.42,360,63,0
2026.02.24 23:54:00,116834.64,116843.49,116824.73,116826.62,360,63,0
2026.02.24 23:48:00,116823.84,116834.61,116823.84,116834.61,360,63,0
2026.02.24 23:42:00,116813.04,116823.81,116813.04,116823.81,360,63,0
2026.02.24 23:36:00,116831.82,116840.67,116811.12,116813.01,360,63,0
2026.02.24 23:30:00,116821.02,116831.79,116821.02,116831.79,360,63,0
2026.02.24 23:24:00,116810.22,116820.99,116810.22,116820.99,360,63,0
2026.02.24 23:18:00,116822.45,116822.78,116799.78,116810.19,360,63,0
2026.02.24 23:12:00,116858.93,116867.90,116821.31,116822.42,360,63,0
2026.02.24 23:06:00,116848.13,116858.90,116848.13,116858.90,360,63,0
2026.02.24 23:00:00,116837.33,116848.10,116837.33,116848.10,360,63,0
2026.02.24 22:54:00,116826.53,116837.30,116826.53,116837.30,360,63,0
2026.02.24 22:48:00,116815.73,116826.50,116815.73,116826.50,360,63,0
2026.02.24 22:42:00,116804.93,116815.70,116804.93,116815.70,360,63,0
2026.02.24 22:36:00,116827.48,116832.79,116799.47,116804.90,360,63,0
2026.02.24 22:30:00,116816.68,116827.45,116816.68,116827.45,360,63,0
2026.02.24 22:24:00,116805.88,116816.65,116805.88,116816.65,360,63,0
2026.02.24 22:18:00,116795.08,116805.85,116795.08,116805.85,360,63,0
2026.02.24 22:12:00,116784.28,116795.05,116784.28,116795.05,360,63,0
2026.02.24 22:06:00,116773.48,116784.25,116773.48,116784.25,360,63,0
2026.02.24 22:00:00,116818.62,116825.82,116771.71,116773.45,360,63,0
2026.02.24 21:54:00,116862.84,116865.87,116817.48,116818.59,360,63,0
2026.02.24 21:48:00,116852.04,116862.81,116852.04,116862.81,360,63,0
2026.02.24 21:42:00,116841.24,116852.01,116841.24,116852.01,360,63,0
2026.02.24 21:36:00,116849.55,116859.75,116840.67,116841.21,360,63,0
2026.02.24 21:30:00,116838.75,116849.52,116838.75,116849.52,360,63,0
2026.02.24 21:24:00,116841.00,116848.44,116835.42,116838.72,360,63,0
2026.02.24 21:18:00,116842.35,116850.81,116838.69,116840.97,360,63,0
2026.02.24 21:12:00,116845.60,116845.69,116831.67,116842.32,360,63,0
2026.02.24 21:06:00,116834.80,116845.57,116834.80,116845.57,360,63,0
2026.02.24 21:00:00,116824.00,116834.77,116824.00,116834.77,360,63,0
2026.02.24 20:54:00,116833.84,116839.87,116819.26,116823.97,360,63,0
2026.02.24 20:48:00,116881.81,116885.02,116829.76,116833.81,360,63,0
2026.02.24 20:42:00,116888.15,116889.53,116872.42,116881.78,360,63,0
2026.02.24 20:36:00,116948.22,116951.97,116887.55,116888.12,360,63,0
2026.02.24 20:30:00,116937.42,116948.19,116937.42,116948.19,360,63,0
2026.02.24 20:24:00,116926.62,116937.39,116926.62,116937.39,360,63,0
2026.02.24 20:18:00,116915.82,116926.59,116915.82,116926.59,360,63,0
2026.02.24 20:12:00,116937.47,116944.94,116912.52,116915.79,360,63,0
2026.02.24 20:06:00,116941.14,116945.85,116931.41,116937.44,360,63,0
2026.02.24 20:00:00,116930.31,116941.11,116930.31,116941.11,361,63,0
2026.02.24 19:54:00,116919.51,116930.28,116919.51,116930.28,360,63,0
2026.02.24 19:48:00,116908.71,116919.48,116908.71,116919.48,360,63,0
2026.02.24 19:42:00,116897.91,116908.68,116897.91,116908.68,360,63,0
2026.02.24 19:36:00,116887.11,116897.88,116887.11,116897.88,360,63,0
2026.02.24 19:30:00,116876.31,116887.08,116876.31,116887.08,360,63,0
2026.02.24 19:24:00,116865.51,116876.28,116865.51,116876.28,360,63,0
2026.02.24 19:18:00,116875.76,116882.33,116861.31,116865.48,360,63,0
2026.02.24 19:12:00,116864.96,116875.73,116864.96,116875.73,360,63,0
2026.02.24 19:06:00,116854.16,116864.93,116854.16,116864.93,360,63,0
2026.02.24 19:00:00,116843.36,116854.13,116843.36,116854.13,360,63,0
2026.02.24 18:54:00,116845.16,116852.21,116839.64,116843.33,360,63,0
2026.02.24 18:48:00,116834.36,116845.13,116834.36,116845.13,360,63,0
2026.02.24 18:42:00,116849.84,116857.61,116831.36,116834.33,360,63,0
2026.02.24 18:36:00,116839.04,116849.81,116839.04,116849.81,360,63,0
2026.02.24 18:30:00,116846.73,116856.06,116837.60,116839.01,360,63,0
2026.02.24 18:24:00,116835.93,116846.70,116835.93,116846.70,360,63,0
2026.02.24 18:18:00,116825.13,116835.90,116825.13,116835.90,360,63,0
2026.02.24 18:12:00,116814.33,116825.10,116814.33,116825.10,360,63,0
2026.02.24 18:06:00,116803.53,116814.30,116803.53,116814.30,360,63,0
2026.02.24 18:00:00,116818.10,116827.85,116802.51,116803.50,360,63,0
2026.02.24 17:54:00,116807.30,116818.07,116807.30,116818.07,360,63,0
2026.02.24 17:48:00,116812.11,116819.58,116804.00,116807.27,360,63,0
2026.02.24 17:42:00,116826.12,116826.93,116802.15,116812.08,360,63,0
2026.02.24 17:36:00,116859.48,116867.82,116823.69,116826.09,360,63,0
2026.02.24 17:30:00,116848.68,116859.45,116848.68,116859.45,360,63,0
2026.02.24 17:24:00,116837.88,116848.65,116837.88,116848.65,360,63,0
2026.02.24 17:18:00,116827.08,116837.85,116827.08,116837.85,360,63,0
2026.02.24 17:12:00,116816.28,116827.05,116816.28,116827.05,360,63,0
2026.02.24 17:06:00,116805.48,116816.25,116805.48,116816.25,360,63,0
2026.02.24 17:00:00,116819.38,116823.43,116798.76,116805.45,360,63,0
2026.02.24 16:54:00,116808.58,116819.35,116808.58,116819.35,360,63,0
2026.02.24 16:48:00,116833.67,116834.90,116799.04,116808.55,360,63,0
2026.02.24 16:42:00,116822.87,116833.64,116822.87,116833.64,360,63,0
2026.02.24 16:36:00,116812.07,116822.84,116812.07,116822.84,360,63,0
2026.02.24 16:30:00,116834.85,116836.35,116802.80,116812.04,360,63,0
2026.02.24 16:24:00,116859.28,116865.37,116830.17,116834.82,360,63,0
2026.02.24 16:18:00,116848.48,116859.25,116848.48,116859.25,360,63,0
2026.02.24 16:12:00,116837.68,116848.45,116837.68,116848.45,360,63,0
2026.02.24 16:06:00,116826.88,116837.65,116826.88,116837.65,360,63,0
2026.02.24 16:00:00,116816.08,116826.85,116816.08,116826.85,360,63,0
2026.02.24 15:54:00,116832.16,116837.17,116810.32,116816.05,360,63,0
2026.02.24 15:48:00,116821.36,116832.13,116821.36,116832.13,360,63,0
2026.02.24 15:42:00,116810.56,116821.33,116810.56,116821.33,360,63,0
2026.02.24 15:36:00,116799.76,116810.53,116799.76,116810.53,360,63,0
2026.02.24 15:30:00,116822.47,116829.01,116795.53,116799.73,360,63,0
2026.02.24 15:24:00,116811.67,116822.44,116811.67,116822.44,360,63,0
2026.02.24 15:18:00,116822.42,116831.18,116809.66,116811.64,360,63,0
2026.02.24 15:12:00,116811.62,116822.39,116811.62,116822.39,360,63,0
2026.02.24 15:06:00,116800.82,116811.59,116800.82,116811.59,360,63,0
2026.02.24 15:00:00,116790.02,116800.79,116790.02,116800.79,360,63,0
2026.02.24 14:54:00,116779.22,116789.99,116779.22,116789.99,360,63,0
2026.02.24 14:48:00,116768.42,116779.19,116768.42,116779.19,360,63,0
2026.02.24 14:42:00,116757.62,116768.39,116757.62,116768.39,360,63,0
2026.02.24 14:36:00,116746.82,116757.59,116746.82,116757.59,360,63,0
2026.02.24 14:30:00,116750.82,116761.35,116746.58,116746.79,360,63,0
2026.02.24 14:24:00,116779.99,116786.02,116748.57,116750.79,360,63,0
2026.02.24 14:18:00,116806.25,116806.79,116771.23,116779.96,360,63,0
2026.02.24 14:12:00,116795.45,116806.22,116795.45,116806.22,360,63,0
2026.02.24 14:06:00,116784.65,116795.42,116784.65,116795.42,360,63,0
2026.02.24 14:00:00,116791.45,116801.29,116783.72,116784.62,360,63,0
2026.02.24 13:54:00,116780.65,116791.42,116780.65,116791.42,360,63,0
2026.02.24 13:48:00,116769.85,116780.62,116769.85,116780.62,360,63,0
2026.02.24 13:42:00,116759.05,116769.82,116759.05,116769.82,360,63,0
2026.02.24 13:36:00,116748.25,116759.02,116748.25,116759.02,360,63,0
2026.02.24 13:30:00,116737.45,116748.22,116737.45,116748.22,360,63,0
2026.02.24 13:24:00,116726.65,116737.42,116726.65,116737.42,360,63,0
2026.02.24 13:18:00,116732.81,116737.94,116721.01,116726.62,360,63,0
2026.02.24 13:12:00,116722.01,116732.78,116722.01,116732.78,360,63,0
2026.02.24 13:06:00,116723.35,116731.72,116719.61,116721.98,360,63,0
2026.02.24 13:00:00,116747.61,116748.72,116713.69,116723.32,360,63,0
2026.02.24 12:54:00,116757.21,116764.17,116743.80,116747.58,360,63,0
2026.02.24 12:48:00,116769.57,116778.72,116755.59,116757.18,360,63,0
2026.02.24 12:42:00,116758.77,116769.54,116758.77,116769.54,360,63,0
2026.02.24 12:36:00,116747.97,116758.74,116747.97,116758.74,360,63,0
2026.02.24 12:30:00,116737.17,116747.94,116737.17,116747.94,360,63,0
2026.02.24 12:24:00,116726.37,116737.14,116726.37,116737.14,360,63,0
2026.02.24 12:18:00,116729.90,116735.45,116721.15,116726.34,360,63,0
2026.02.24 12:12:00,116719.10,116729.87,116719.10,116729.87,360,63,0
2026.02.24 12:06:00,116708.30,116719.07,116708.30,116719.07,360,63,0
2026.02.24 12:00:00,116727.94,116729.29,116698.88,116708.27,360,63,0
2026.02.24 11:54:00,116751.53,116761.73,116727.37,116727.91,360,63,0
2026.02.24 11:48:00,116761.76,116764.31,116743.31,116751.50,360,63,0
2026.02.24 11:42:00,116750.96,116761.73,116750.96,116761.73,360,63,0
2026.02.24 11:36:00,116740.16,116750.93,116740.16,116750.93,360,63,0
2026.02.24 11:30:00,116729.36,116740.13,116729.36,116740.13,360,63,0
2026.02.24 11:24:00,116718.56,116729.33,116718.56,116729.33,360,63,0
2026.02.24 11:18:00,116707.76,116718.53,116707.76,116718.53,360,63,0
2026.02.24 11:12:00,116719.88,116724.83,116701.94,116707.73,360,63,0
2026.02.24 11:06:00,116709.08,116719.85,116709.08,116719.85,360,63,0
2026.02.24 11:00:00,116698.28,116709.05,116698.28,116709.05,360,63,0
2026.02.24 10:54:00,116687.45,116698.25,116687.45,116698.25,361,63,0
2026.02.24 10:48:00,116676.65,116687.42,116676.65,116687.42,360,63,0
2026.02.24 10:42:00,116665.85,116676.62,116665.85,116676.62,360,63,0
2026.02.24 10:36:00,116679.91,116680.57,116655.74,116665.82,360,63,0
2026.02.24 10:30:00,116724.69,116727.87,116674.24,116679.88,360,63,0
2026.02.24 10:24:00,116745.98,116755.94,116723.88,116724.66,360,63,0
2026.02.24 10:18:00,116780.95,116785.66,116744.69,116745.95,360,63,0
2026.02.24 10:12:00,116797.19,116805.80,116778.79,116780.92,360,63,0
2026.02.24 10:06:00,116786.39,116797.16,116786.39,116797.16,360,63,0
2026.02.24 10:00:00,116775.59,116786.36,116775.59,116786.36,360,63,0
2026.02.24 09:54:00,116764.79,116775.56,116764.79,116775.56,360,63,0
2026.02.24 09:48:00,116753.99,116764.76,116753.99,116764.76,360,63,0
2026.02.24 09:42:00,116770.01,116780.39,116753.60,116753.96,360,63,0
2026.02.24 09:36:00,116759.21,116769.98,116759.21,116769.98,360,63,0
2026.02.24 09:30:00,116777.80,116785.06,116756.57,116759.18,360,63,0
2026.02.24 09:24:00,116794.22,116795.12,116767.93,116777.77,360,63,0
2026.02.24 09:18:00,116783.42,116794.19,116783.42,116794.19,360,63,0
2026.02.24 09:12:00,116772.62,116783.39,116772.62,116783.39,360,63,0
2026.02.24 09:06:00,116761.82,116772.59,116761.82,116772.59,360,63,0
2026.02.24 09:00:00,116751.02,116761.79,116751.02,116761.79,360,63,0
2026.02.24 08:54:00,116740.22,116750.99,116740.22,116750.99,360,63,0
2026.02.24 08:48:00,116729.42,116740.19,116729.42,116740.19,360,63,0
2026.02.24 08:42:00,116733.31,116740.06,116725.40,116729.39,360,63,0
2026.02.24 08:36:00,116754.64,116761.33,116729.23,116733.28,360,63,0
2026.02.24 08:30:00,116743.84,116754.61,116743.84,116754.61,360,63,0
2026.02.24 08:24:00,116749.24,116750.11,116733.94,116743.81,360,63,0
2026.02.24 08:18:00,116738.44,116749.21,116738.44,116749.21,360,63,0
2026.02.24 08:12:00,116741.72,116751.71,116737.66,116738.41,360,63,0
2026.02.24 08:06:00,116730.92,116741.69,116730.92,116741.69,360,63,0
2026.02.24 08:00:00,116733.70,116737.03,116723.48,116730.89,360,63,0
2026.02.24 07:54:00,116722.90,116733.67,116722.90,116733.67,360,63,0
2026.02.24 07:48:00,116761.11,116762.88,116720.23,116722.87,360,63,0
2026.02.24 07:42:00,116750.31,116761.08,116750.31,116761.08,360,63,0
2026.02.24 07:36:00,116821.16,116824.31,116749.68,116750.28,360,63,0
2026.02.24 07:30:00,116829.79,116838.13,116818.73,116821.13,360,63,0
2026.02.24 07:24:00,116818.99,116829.76,116818.99,116829.76,360,63,0
2026.02.24 07:18:00,116808.19,116818.96,116808.19,116818.96,360,63,0
2026.02.24 07:12:00,116825.92,116828.68,116800.18,116808.16,360,63,0
2026.02.24 07:06:00,116815.12,116825.89,116815.12,116825.89,360,63,0
2026.02.24 07:00:00,116804.32,116815.09,116804.32,116815.09,360,63,0
2026.02.24 06:54:00,116809.75,116812.12,116795.92,116804.29,360,63,0
2026.02.24 06:48:00,116798.95,116809.72,116798.95,116809.72,360,63,0
2026.02.24 06:42:00,116788.15,116798.92,116788.15,116798.92,360,63,0
2026.02.24 06:36:00,116777.35,116788.12,116777.35,116788.12,360,63,0
2026.02.24 06:30:00,116766.55,116777.32,116766.55,116777.32,360,63,0
2026.02.24 06:24:00,116755.75,116766.52,116755.75,116766.52,360,63,0
2026.02.24 06:18:00,116744.95,116755.72,116744.95,116755.72,360,63,0
2026.02.24 06:12:00,116734.15,116744.92,116734.15,116744.92,360,63,0
2026.02.24 06:06:00,116745.55,116748.88,116726.71,116734.12,360,63,0
2026.02.24 06:00:00,116734.75,116745.52,116734.75,116745.52,360,63,0
2026.02.24 05:54:00,116723.95,116734.72,116723.95,116734.72,360,63,0
2026.02.24 05:48:00,116713.15,116723.92,116713.15,116723.92,360,63,0
2026.02.24 05:42:00,116702.35,116713.12,116702.35,116713.12,360,63,0
2026.02.24 05:36:00,116691.55,116702.32,116691.55,116702.32,360,63,0
2026.02.24 05:30:00,116680.75,116691.52,116680.75,116691.52,360,63,0
2026.02.24 05:24:00,116669.95,116680.72,116669.95,116680.72,360,63,0
2026.02.24 05:18:00,116659.15,116669.92,116659.15,116669.92,360,63,0
2026.02.24 05:12:00,116648.35,116659.12,116648.35,116659.12,360,63,0
2026.02.24 05:06:00,116637.55,116648.32,116637.55,116648.32,360,63,0
2026.02.24 05:00:00,116657.44,116667.22,116636.56,116637.52,360,63,0
2026.02.24 04:54:00,116646.64,116657.41,116646.64,116657.41,360,63,0
2026.02.24 04:48:00,116635.84,116646.61,116635.84,116646.61,360,63,0
2026.02.24 04:42:00,116625.04,116635.81,116625.04,116635.81,360,63,0
2026.02.24 04:36:00,116662.07,116665.16,116617.96,116625.01,360,63,0
2026.02.24 04:30:00,116666.02,116673.70,116658.98,116662.04,360,63,0
2026.02.24 04:24:00,116655.22,116665.99,116655.22,116665.99,360,63,0
2026.02.24 04:18:00,116667.26,116676.95,116654.14,116655.19,360,63,0
2026.02.24 04:12:00,116656.46,116667.23,116656.46,116667.23,360,63,0
2026.02.24 04:06:00,116645.66,116656.43,116645.66,116656.43,360,63,0
2026.02.24 04:00:00,116634.86,116645.63,116634.86,116645.63,360,63,0
2026.02.24 03:54:00,116644.15,116651.86,116631.80,116634.83,360,63,0
2026.02.24 03:48:00,116633.35,116644.12,116633.35,116644.12,360,63,0
2026.02.24 03:42:00,116622.55,116633.32,116622.55,116633.32,360,63,0
2026.02.24 03:36:00,116666.16,116672.82,116621.77,116622.52,360,63,0
2026.02.24 03:30:00,116655.36,116666.13,116655.36,116666.13,360,63,0
2026.02.24 03:24:00,116684.94,116688.90,116648.55,116655.33,360,63,0
2026.02.24 03:18:00,116687.59,116697.61,116684.19,116684.91,360,63,0
2026.02.24 03:12:00,116676.79,116687.56,116676.79,116687.56,360,63,0
2026.02.24 03:06:00,116665.99,116676.76,116665.99,116676.76,360,63,0
2026.02.24 03:00:00,116781.72,116783.19,116665.93,116665.96,360,63,0
2026.02.24 02:54:00,116770.92,116781.69,116770.92,116781.69,360,63,0
2026.02.24 02:48:00,116792.47,116799.04,116766.72,116770.89,360,63,0
2026.02.24 02:42:00,116823.25,116828.23,116786.68,116792.44,360,63,0
2026.02.24 02:36:00,116812.45,116823.22,116812.45,116823.22,360,63,0
2026.02.24 02:30:00,116820.55,116826.79,116807.92,116812.42,360,63,0
2026.02.24 02:24:00,116809.75,116820.52,116809.75,116820.52,360,63,0
2026.02.24 02:18:00,116798.95,116809.72,116798.95,116809.72,360,63,0
2026.02.24 02:12:00,116788.15,116798.92,116788.15,116798.92,360,63,0
2026.02.24 02:06:00,116777.35,116788.12,116777.35,116788.12,360,63,0
2026.02.24 02:00:00,116766.55,116777.32,116766.55,116777.32,360,63,0
2026.02.24 01:54:00,116755.75,116766.52,116755.75,116766.52,360,63,0
2026.02.24 01:48:00,116768.53,116769.55,116746.00,116755.72,360,63,0
2026.02.24 01:42:00,116757.73,116768.50,116757.73,116768.50,360,63,0
2026.02.24 01:36:00,116746.93,116757.70,116746.93,116757.70,360,63,0
2026.02.24 01:30:00,116736.13,116746.90,116736.13,116746.90,360,63,0
2026.02.24 01:24:00,116725.33,116736.10,116725.33,116736.10,360,63,0
2026.02.24 01:18:00,116735.33,116741.51,116720.74,116725.30,360,63,0
2026.02.24 01:12:00,116724.53,116735.30,116724.53,116735.30,360,63,0
2026.02.24 01:06:00,116744.66,116750.03,116719.13,116724.50,360,63,0
2026.02.24 01:00:00,116747.23,116750.05,116736.71,116744.63,360,63,0
2026.02.24 00:54:00,116736.43,116747.20,116736.43,116747.20,360,63,0
2026.02.24 00:48:00,116784.53,116788.91,116731.24,116736.40,360,63,0
2026.02.24 00:42:00,116773.73,116784.50,116773.73,116784.50,360,63,0
2026.02.24 00:36:00,116762.93,116773.70,116762.93,116773.70,360,63,0
2026.02.24 00:30:00,116777.86,116781.49,116755.79,116762.90,360,63,0
2026.02.24 00:24:00,116767.06,116777.83,116767.06,116777.83,360,63,0
2026.02.24 00:18:00,116779.47,116782.44,116759.26,116767.03,360,63,0
2026.02.24 00:12:00,116787.23,116796.53,116778.00,116779.44,360,63,0
2026.02.24 00:06:00,116776.43,116787.20,116776.43,116787.20,360,63,0
2026.02.24 00:00:00,116801.71,116804.65,116768.60,116776.40,360,63,0
2026.02.23 23:54:00,116790.91,116801.68,116790.91,116801.68,360,63,0
2026.02.23 23:48:00,116792.93,116802.29,116789.50,116790.88,360,63,0
2026.02.23 23:42:00,116811.12,116821.32,116792.36,116792.90,360,63,0
2026.02.23 23:36:00,116800.32,116811.09,116800.32,116811.09,360,63,0
2026.02.23 23:30:00,116803.38,116807.76,116793.93,116800.29,360,63,0
2026.02.23 23:24:00,116820.66,116826.51,116798.46,116803.35,360,63,0
2026.02.23 23:18:00,116809.86,116820.63,116809.86,116820.63,360,63,0
2026.02.23 23:12:00,116812.42,116815.99,116802.66,116809.83,360,63,0
2026.02.23 23:06:00,116801.62,116812.39,116801.62,116812.39,360,63,0
2026.02.23 23:00:00,116790.82,116801.59,116790.82,116801.59,360,63,0
2026.02.23 22:54:00,116780.02,116790.79,116780.02,116790.79,360,63,0
2026.02.23 22:48:00,116769.22,116779.99,116769.22,116779.99,360,63,0
2026.02.23 22:42:00,116758.42,116769.19,116758.42,116769.19,360,63,0
2026.02.23 22:36:00,116785.67,116787.32,116754.70,116758.39,360,63,0
2026.02.23 22:30:00,116774.87,116785.64,116774.87,116785.64,360,63,0
2026.02.23 22:24:00,116764.07,116774.84,116764.07,116774.84,360,63,0
2026.02.23 22:18:00,116753.27,116764.04,116753.27,116764.04,360,63,0
2026.02.23 22:12:00,116765.75,116768.15,116744.90,116753.24,360,63,0
2026.02.23 22:06:00,116754.95,116765.72,116754.95,116765.72,360,63,0
2026.02.23 22:00:00,116756.61,116760.45,116748.02,116754.92,360,63,0
2026.02.23 21:54:00,116757.97,116764.24,116752.11,116756.58,360,63,0
2026.02.23 21:48:00,116747.17,116757.94,116747.17,116757.94,360,63,0
2026.02.23 21:42:00,116736.37,116747.14,116736.37,116747.14,360,63,0
2026.02.23 21:36:00,116725.54,116736.34,116725.54,116736.34,361,63,0
2026.02.23 21:30:00,116731.51,116737.57,116720.86,116725.51,359,63,0
2026.02.23 21:24:00,116720.71,116731.48,116720.71,116731.48,360,63,0
2026.02.23 21:18:00,116709.88,116720.68,116709.88,116720.68,361,63,0
2026.02.23 21:12:00,116699.11,116709.85,116699.11,116709.85,359,63,0
2026.02.23 21:06:00,116688.28,116699.08,116688.28,116699.08,361,63,0
2026.02.23 21:00:00,116677.48,116688.25,116677.48,116688.25,360,63,0
2026.02.23 20:54:00,116666.68,116677.45,116666.68,116677.45,360,63,0
2026.02.23 20:48:00,116655.88,116666.65,116655.88,116666.65,360,63,0
2026.02.23 20:42:00,116645.08,116655.85,116645.08,116655.85,360,63,0
2026.02.23 20:36:00,116634.28,116645.05,116634.28,116645.05,360,63,0
2026.02.23 20:30:00,116623.48,116634.25,116623.48,116634.25,360,63,0
2026.02.23 20:24:00,116612.68,116623.45,116612.68,116623.45,360,63,0
2026.02.23 20:18:00,116614.10,116621.27,116609.08,116612.65,360,63,0
2026.02.23 20:12:00,116603.30,116614.07,116603.30,116614.07,360,63,0
2026.02.23 20:06:00,116592.50,116603.27,116592.50,116603.27,360,63,0
2026.02.23 20:00:00,116614.88,116623.70,116590.55,116592.47,360,63,0
2026.02.23 19:54:00,116604.08,116614.85,116604.08,116614.85,360,63,0
2026.02.23 19:48:00,116610.71,116614.46,116597.06,116604.05,360,63,0
2026.02.23 19:42:00,116624.54,116634.62,116610.02,116610.68,360,63,0
2026.02.23 19:36:00,116613.74,116624.51,116613.74,116624.51,360,63,0
2026.02.23 19:30:00,116615.77,116616.40,116603.60,116613.71,360,63,0
2026.02.23 19:24:00,116620.68,116624.49,116608.81,116615.74,360,63,0
2026.02.23 19:18:00,116609.88,116620.65,116609.88,116620.65,360,63,0
2026.02.23 19:12:00,116599.08,116609.85,116599.08,116609.85,360,63,0
2026.02.23 19:06:00,116588.28,116599.05,116588.28,116599.05,360,63,0
2026.02.23 19:00:00,116577.48,116588.25,116577.48,116588.25,360,63,0
2026.02.23 18:54:00,116589.63,116596.23,116573.31,116577.45,360,63,0
2026.02.23 18:48:00,116630.45,116638.79,116589.57,116589.60,360,63,0
2026.02.23 18:42:00,116651.17,116661.22,116629.73,116630.42,360,63,0
2026.02.23 18:36:00,116640.37,116651.14,116640.37,116651.14,360,63,0
2026.02.23 18:30:00,116629.57,116640.34,116629.57,116640.34,360,63,0
2026.02.23 18:24:00,116618.77,116629.54,116618.77,116629.54,360,63,0
2026.02.23 18:18:00,116607.97,116618.74,116607.97,116618.74,360,63,0
2026.02.23 18:12:00,116597.17,116607.94,116597.17,116607.94,360,63,0
2026.02.23 18:06:00,116617.43,116622.26,116596.84,116597.14,360,63,0
2026.02.23 18:00:00,116626.88,116632.79,116612.57,116617.40,360,63,0
2026.02.23 17:54:00,116616.08,116626.85,116616.08,116626.85,360,63,0
2026.02.23 17:48:00,116629.16,116638.94,116615.09,116616.05,360,63,0
2026.02.23 17:42:00,116642.57,116645.78,116621.60,116629.13,360,63,0
2026.02.23 17:36:00,116653.90,116664.10,116642.00,116642.54,360,63,0
2026.02.23 17:30:00,116643.10,116653.87,116643.10,116653.87,360,63,0
2026.02.23 17:24:00,116632.30,116643.07,116632.30,116643.07,360,63,0
2026.02.23 17:18:00,116621.50,116632.27,116621.50,116632.27,360,63,0
2026.02.23 17:12:00,116610.70,116621.47,116610.70,116621.47,360,63,0
2026.02.23 17:06:00,116599.90,116610.67,116599.90,116610.67,360,63,0
2026.02.23 17:00:00,116602.20,116606.49,116593.42,116599.87,360,63,0
2026.02.23 16:54:00,116591.40,116602.17,116591.40,116602.17,360,63,0
2026.02.23 16:48:00,116616.88,116625.91,116589.66,116591.37,360,63,0
2026.02.23 16:42:00,116633.83,116643.25,116615.53,116616.85,360,63,0
2026.02.23 16:36:00,116623.03,116633.80,116623.03,116633.80,360,63,0
2026.02.23 16:30:00,116612.23,116623.00,116612.23,116623.00,360,63,0
2026.02.23 16:24:00,116618.33,116627.39,116610.52,116612.20,360,63,0
2026.02.23 16:18:00,116633.84,116635.67,116609.39,116618.30,360,63,0
2026.02.23 16:12:00,116644.26,116653.02,116631.83,116633.81,360,63,0
2026.02.23 16:06:00,116633.46,116644.23,116633.46,116644.23,360,63,0
2026.02.23 16:00:00,116622.66,116633.43,116622.66,116633.43,360,63,0
2026.02.23 15:54:00,116611.86,116622.63,116611.86,116622.63,360,63,0
2026.02.23 15:48:00,116601.06,116611.83,116601.06,116611.83,360,63,0
2026.02.23 15:42:00,116590.26,116601.03,116590.26,116601.03,360,63,0
2026.02.23 15:36:00,116579.46,116590.23,116579.46,116590.23,360,63,0
2026.02.23 15:30:00,116568.66,116579.43,116568.66,116579.43,360,63,0
2026.02.23 15:24:00,116557.86,116568.63,116557.86,116568.63,360,63,0
2026.02.23 15:18:00,116547.06,116557.83,116547.06,116557.83,360,63,0
2026.02.23 15:12:00,116585.22,116586.39,116542.17,116547.03,360,63,0
2026.02.23 15:06:00,116644.97,116645.42,116581.80,116585.19,360,63,0
2026.02.23 15:00:00,116653.40,116661.17,116641.97,116644.94,360,63,0
2026.02.23 14:54:00,116664.78,116672.40,116650.25,116653.37,360,63,0
2026.02.23 14:48:00,116653.98,116664.75,116653.98,116664.75,360,63,0
2026.02.23 14:42:00,116643.18,116653.95,116643.18,116653.95,360,63,0
2026.02.23 14:36:00,116697.55,116702.74,116637.90,116643.15,360,63,0
2026.02.23 14:30:00,116686.75,116697.52,116686.75,116697.52,360,63,0
2026.02.23 14:24:00,116675.95,116686.72,116675.95,116686.72,360,63,0
2026.02.23 14:18:00,116665.15,116675.92,116665.15,116675.92,360,63,0
2026.02.23 14:12:00,116666.65,116666.92,116654.65,116665.12,360,63,0
2026.02.23 14:06:00,116655.85,116666.62,116655.85,116666.62,360,63,0
2026.02.23 14:00:00,116645.05,116655.82,116645.05,116655.82,360,63,0
2026.02.23 13:54:00,116651.16,116651.73,116634.85,116645.02,360,63,0
2026.02.23 13:48:00,116640.36,116651.13,116640.36,116651.13,360,63,0
2026.02.23 13:42:00,116662.87,116662.96,116634.12,116640.33,360,63,0
2026.02.23 13:36:00,116652.07,116662.84,116652.07,116662.84,360,63,0
2026.02.23 13:30:00,116641.27,116652.04,116641.27,116652.04,360,63,0
2026.02.23 13:24:00,116630.47,116641.24,116630.47,116641.24,360,63,0
2026.02.23 13:18:00,116638.01,116639.72,116621.41,116630.44,360,63,0
2026.02.23 13:12:00,116647.65,116650.89,116630.48,116637.98,360,63,0
2026.02.23 13:06:00,116636.85,116647.62,116636.85,116647.62,360,63,0
2026.02.23 13:00:00,116664.90,116667.12,116636.16,116636.82,360,63,0
2026.02.23 12:54:00,116654.10,116664.87,116654.10,116664.87,360,63,0
2026.02.23 12:48:00,116657.44,116658.97,116644.86,116654.07,360,63,0
2026.02.23 12:42:00,116669.58,116675.79,116652.88,116657.41,360,63,0
2026.02.23 12:36:00,116658.78,116669.55,116658.78,116669.55,360,63,0
2026.02.23 12:30:00,116721.53,116722.97,116655.66,116658.75,360,63,0
2026.02.23 12:24:00,116766.68,116771.87,116718.77,116721.50,360,63,0
2026.02.23 12:18:00,116755.88,116766.65,116755.88,116766.65,360,63,0
2026.02.23 12:12:00,116778.83,116780.00,116746.28,116755.85,360,63,0
2026.02.23 12:06:00,116788.63,116788.99,116768.42,116778.80,360,63,0
2026.02.23 12:00:00,116795.03,116798.90,116781.73,116788.60,360,63,0
2026.02.23 11:54:00,116784.23,116795.00,116784.23,116795.00,360,63,0
2026.02.23 11:48:00,116790.10,116793.16,116776.52,116784.20,360,63,0
2026.02.23 11:42:00,116779.30,116790.07,116779.30,116790.07,360,63,0
2026.02.23 11:36:00,116768.50,116779.27,116768.50,116779.27,360,63,0
2026.02.23 11:30:00,116757.70,116768.47,116757.70,116768.47,360,63,0
2026.02.23 11:24:00,116746.90,116757.67,116746.90,116757.67,359,63,0
2026.02.23 11:18:00,116736.10,116746.87,116736.10,116746.87,360,63,0
2026.02.23 11:12:00,116749.97,116755.22,116730.58,116736.07,360,63,0
2026.02.23 11:06:00,116741.75,116749.94,116741.75,116749.94,275,63,0
2026.02.23 11:00:00,116730.95,116741.72,116730.95,116741.72,360,63,0
2026.02.23 10:54:00,116720.15,116730.92,116720.15,116730.92,360,63,0
2026.02.23 10:48:00,116709.35,116720.12,116709.35,116720.12,360,63,0
2026.02.23 10:42:00,116698.55,116709.32,116698.55,116709.32,360,63,0
2026.02.23 10:36:00,116687.75,116698.52,116687.75,116698.52,360,63,0
2026.02.23 10:30:00,116676.95,116687.72,116676.95,116687.72,360,63,0
2026.02.23 10:24:00,116685.72,116686.74,116667.20,116676.92,360,63,0
2026.02.23 10:18:00,116674.92,116685.69,116674.92,116685.69,360,63,0
2026.02.23 10:12:00,116664.12,116674.89,116664.12,116674.89,360,63,0
2026.02.23 10:06:00,116653.32,116664.09,116653.32,116664.09,360,63,0
2026.02.23 10:00:00,116642.52,116653.29,116642.52,116653.29,360,63,0
2026.02.23 09:54:00,116631.72,116642.49,116631.72,116642.49,360,63,0
2026.02.23 09:48:00,116620.92,116631.69,116620.92,116631.69,360,63,0
2026.02.23 09:42:00,116610.12,116620.89,116610.12,116620.89,360,63,0
2026.02.23 09:36:00,116599.32,116610.09,116599.32,116610.09,360,63,0
2026.02.23 09:30:00,116602.10,116602.16,116589.12,116599.29,343,63,0
2026.02.23 09:24:00,116591.30,116602.07,116591.30,116602.07,360,63,0
2026.02.23 09:18:00,116594.72,116597.60,116583.41,116591.27,360,63,0
2026.02.23 09:12:00,116686.99,116687.26,116592.26,116594.69,360,63,0
2026.02.23 09:06:00,116693.64,116702.43,116685.01,116686.96,360,63,0
2026.02.23 09:00:00,116682.84,116693.61,116682.84,116693.61,360,63,0
2026.02.23 08:54:00,116690.64,116701.41,116690.64,116701.41,360,63,0
2026.02.23 08:48:00,116679.84,116690.61,116679.84,116690.61,360,63,0
2026.02.23 08:42:00,116669.04,116679.81,116669.04,116679.81,360,63,0
2026.02.23 08:36:00,116685.19,116687.50,116660.58,116669.01,360,63,0
2026.02.23 08:30:00,116674.39,116685.16,116674.39,116685.16,360,63,0
2026.02.23 08:24:00,116663.59,116674.36,116663.59,116674.36,360,63,0
2026.02.23 08:18:00,116676.44,116684.96,116661.34,116663.56,360,63,0
2026.02.23 08:12:00,116665.64,116676.41,116665.64,116676.41,360,63,0
2026.02.23 08:06:00,116677.96,116684.38,116661.29,116665.61,360,63,0
2026.02.23 08:00:00,116667.16,116677.93,116667.16,116677.93,360,63,0
2026.02.23 07:54:00,116683.59,116687.46,116660.26,116667.13,360,63,0
2026.02.23 07:48:00,116703.81,116710.68,116679.69,116683.56,360,63,0
2026.02.23 07:42:00,116709.79,116720.41,116703.66,116703.78,360,63,0
2026.02.23 07:36:00,116730.68,116732.69,116701.03,116709.76,360,63,0
2026.02.23 07:30:00,116741.06,116741.09,116719.94,116730.65,360,63,0
2026.02.23 07:24:00,116752.71,116757.39,116734.97,116741.03,360,63,0
2026.02.23 07:18:00,116741.91,116752.68,116741.91,116752.68,360,63,0
2026.02.23 07:12:00,116854.15,116859.58,116741.52,116741.88,360,63,0
2026.02.23 07:06:00,116882.48,116889.38,116850.28,116854.12,360,63,0
2026.02.23 07:00:00,116898.18,116905.65,116879.18,116882.45,360,63,0
2026.02.23 06:54:00,116906.09,116908.43,116889.75,116898.15,360,63,0
2026.02.23 06:48:00,116895.29,116906.06,116895.29,116906.06,360,63,0
2026.02.23 06:42:00,116884.49,116895.26,116884.49,116895.26,360,63,0
2026.02.23 06:36:00,116873.69,116884.46,116873.69,116884.46,360,63,0
2026.02.23 06:30:00,116862.89,116873.66,116862.89,116873.66,360,63,0
2026.02.23 06:24:00,116852.09,116862.86,116852.09,116862.86,360,63,0
2026.02.23 06:18:00,116841.29,116852.06,116841.29,116852.06,360,63,0
2026.02.23 06:12:00,116830.49,116841.26,116830.49,116841.26,360,63,0
2026.02.23 06:06:00,116819.69,116830.46,116819.69,116830.46,360,63,0
2026.02.23 06:00:00,116808.89,116819.66,116808.89,116819.66,360,63,0
2026.02.23 05:54:00,116798.09,116808.86,116798.09,116808.86,360,63,0
2026.02.23 05:48:00,116787.29,116798.06,116787.29,116798.06,360,63,0
2026.02.23 05:42:00,116776.49,116787.26,116776.49,116787.26,360,63,0
2026.02.23 05:36:00,116765.69,116776.46,116765.69,116776.46,360,63,0
2026.02.23 05:30:00,116754.89,116765.66,116754.89,116765.66,360,63,0
2026.02.23 05:24:00,116744.06,116754.86,116744.06,116754.86,361,63,0
2026.02.23 05:18:00,116786.33,116794.10,116741.36,116744.03,360,63,0
2026.02.23 05:12:00,116794.23,116799.87,116781.20,116786.30,360,63,0
2026.02.23 05:06:00,116845.28,116845.40,116792.19,116794.20,360,63,0
2026.02.23 05:00:00,116834.48,116845.25,116834.48,116845.25,360,63,0
2026.02.23 04:54:00,116823.68,116834.45,116823.68,116834.45,360,63,0
2026.02.23 04:48:00,116812.88,116823.65,116812.88,116823.65,360,63,0
2026.02.23 04:42:00,116830.67,116832.35,116803.79,116812.85,360,63,0
2026.02.23 04:36:00,116835.77,116836.85,116820.98,116830.64,360,63,0
2026.02.23 04:30:00,116824.97,116835.74,116824.97,116835.74,360,63,0
2026.02.23 04:24:00,116814.17,116824.94,116814.17,116824.94,360,63,0
2026.02.23 04:18:00,116803.37,116814.14,116803.37,116814.14,360,63,0
2026.02.23 04:12:00,116808.47,116809.16,116793.29,116803.34,360,63,0
2026.02.23 04:06:00,116797.67,116808.44,116797.67,116808.44,360,63,0
2026.02.23 04:00:00,116800.35,116801.46,116788.01,116797.64,360,63,0
2026.02.23 03:54:00,116820.16,116829.58,116799.00,116800.32,360,63,0
2026.02.23 03:48:00,116809.36,116820.13,116809.36,116820.13,360,63,0
2026.02.23 03:42:00,116821.17,116829.33,116806.75,116809.33,360,63,0
2026.02.23 03:36:00,116810.37,116821.14,116810.37,116821.14,360,63,0
2026.02.23 03:30:00,116799.57,116810.34,116799.57,116810.34,360,63,0
2026.02.23 03:24:00,116788.77,116799.54,116788.77,116799.54,360,63,0
2026.02.23 03:18:00,116777.97,116788.74,116777.97,116788.74,360,63,0
2026.02.23 03:12:00,116786.15,116787.50,116768.55,116777.94,360,63,0
2026.02.23 03:06:00,116775.35,116786.12,116775.35,116786.12,360,63,0
2026.02.23 03:00:00,116787.45,116794.20,116771.33,116775.32,360,63,0
2026.02.23 02:54:00,116776.65,116787.42,116776.65,116787.42,360,63,0
2026.02.23 02:48:00,116898.98,116899.79,116775.00,116776.62,360,63,0
2026.02.23 02:42:00,116888.18,116898.95,116888.18,116898.95,360,63,0
2026.02.23 02:36:00,116877.38,116888.15,116877.38,116888.15,360,63,0
2026.02.23 02:30:00,116885.34,116886.99,116868.26,116877.35,360,63,0
2026.02.23 02:24:00,116874.54,116885.31,116874.54,116885.31,360,63,0
2026.02.23 02:18:00,116863.74,116874.51,116863.74,116874.51,360,63,0
2026.02.23 02:12:00,116852.94,116863.71,116852.94,116863.71,360,63,0
2026.02.23 02:06:00,116866.11,116866.23,116842.29,116852.91,360,63,0
2026.02.23 02:00:00,116868.26,116876.78,116863.86,116866.08,360,63,0
2026.02.23 01:54:00,116857.46,116868.23,116857.46,116868.23,360,63,0
2026.02.23 01:48:00,116846.66,116857.43,116846.66,116857.43,360,63,0
2026.02.23 01:42:00,116835.86,116846.63,116835.86,116846.63,360,63,0
2026.02.23 01:36:00,116825.06,116835.83,116825.06,116835.83,360,63,0
2026.02.23 01:30:00,116814.26,116825.03,116814.26,116825.03,360,63,0
2026.02.23 01:24:00,116803.46,116814.23,116803.46,116814.23,360,63,0
2026.02.23 01:18:00,116809.56,116815.38,116798.51,116803.43,360,63,0
2026.02.23 01:12:00,116837.79,116844.24,116808.75,116809.53,360,63,0
2026.02.23 01:06:00,116826.99,116837.76,116826.99,116837.76,360,63,0
2026.02.23 01:00:00,116816.19,116826.96,116816.19,116826.96,360,63,0
2026.02.23 00:54:00,116805.39,116816.16,116805.39,116816.16,360,63,0
2026.02.23 00:48:00,116827.58,116827.82,116794.86,116805.36,360,63,0
2026.02.23 00:42:00,116834.06,116844.74,116827.49,116827.55,360,63,0
2026.02.23 00:36:00,116823.26,116834.03,116823.26,116834.03,360,63,0
2026.02.23 00:30:00,116812.46,116823.23,116812.46,116823.23,360,63,0
2026.02.23 00:24:00,116821.98,116826.48,116806.19,116812.43,360,63,0
2026.02.23 00:18:00,116811.18,116821.95,116811.18,116821.95,360,63,0
2026.02.23 00:12:00,116813.08,116818.78,116806.11,116811.15,360,63,0
2026.02.23 00:06:00,116802.28,116813.05,116802.28,116813.05,360,63,0
2026.02.23 00:00:00,116813.77,116815.15,116792.89,116802.25,360,63,0
2026.02.22 23:54:00,116819.17,116821.69,116805.52,116813.74,360,63,0
2026.02.22 23:48:00,116808.37,116819.14,116808.37,116819.14,360,63,0
2026.02.22 23:42:00,116797.57,116808.34,116797.57,116808.34,360,63,0
2026.02.22 23:36:00,116786.77,116797.54,116786.77,116797.54,360,63,0
2026.02.22 23:30:00,116795.43,116799.66,116780.23,116786.74,360,63,0
2026.02.22 23:24:00,116832.19,116842.24,116794.80,116795.40,360,63,0
2026.02.22 23:18:00,116821.39,116832.16,116821.39,116832.16,360,63,0
2026.02.22 23:12:00,116810.59,116821.36,116810.59,116821.36,360,63,0
2026.02.22 23:06:00,116799.79,116810.56,116799.79,116810.56,360,63,0
2026.02.22 23:00:00,116788.99,116799.76,116788.99,116799.76,360,63,0
2026.02.22 22:54:00,116792.23,116799.70,116785.69,116788.96,360,63,0
2026.02.22 22:48:00,116781.43,116792.20,116781.43,116792.20,360,63,0
2026.02.22 22:42:00,116770.63,116781.40,116770.63,116781.40,360,63,0
2026.02.22 22:36:00,116759.83,116770.60,116759.83,116770.60,360,63,0
2026.02.22 22:30:00,116749.03,116759.80,116749.03,116759.80,360,63,0
2026.02.22 22:24:00,116738.23,116749.00,116738.23,116749.00,360,63,0
2026.02.22 22:18:00,116727.43,116738.20,116727.43,116738.20,360,63,0
2026.02.22 22:12:00,116716.63,116727.40,116716.63,116727.40,360,63,0
2026.02.22 22:06:00,116705.83,116716.60,116705.83,116716.60,360,63,0
2026.02.22 22:00:00,116729.64,116736.09,116701.51,116705.80,360,63,0
2026.02.22 21:54:00,116718.84,116729.61,116718.84,116729.61,360,63,0
2026.02.22 21:48:00,116708.04,116718.81,116708.04,116718.81,360,63,0
2026.02.22 21:42:00,116724.99,116726.28,116698.56,116708.01,360,63,0
2026.02.22 21:36:00,116714.19,116724.96,116714.19,116724.96,360,63,0
2026.02.22 21:30:00,116746.50,116755.77,116712.69,116714.16,360,63,0
2026.02.22 21:24:00,116735.70,116746.47,116735.70,116746.47,360,63,0
2026.02.22 21:18:00,116724.90,116735.67,116724.90,116735.67,360,63,0
2026.02.22 21:12:00,116714.10,116724.87,116714.10,116724.87,360,63,0
2026.02.22 21:06:00,116726.15,116736.50,116713.68,116714.07,360,63,0
2026.02.22 21:00:00,116728.89,116735.19,116721.68,116726.12,360,63,0
2026.02.22 20:54:00,116760.03,116763.30,116721.39,116728.86,360,63,0
2026.02.22 20:48:00,116787.40,116795.23,116757.09,116760.00,360,63,0
2026.02.22 20:42:00,116776.60,116787.37,116776.60,116787.37,360,63,0
2026.02.22 20:36:00,116765.80,116776.57,116765.80,116776.57,360,63,0
2026.02.22 20:30:00,116755.00,116765.77,116755.00,116765.77,360,63,0
2026.02.22 20:24:00,116744.17,116754.97,116744.17,116754.97,361,63,0
2026.02.22 20:18:00,116758.78,116767.51,116742.13,116744.14,360,63,0
2026.02.22 20:12:00,116772.63,116779.59,116754.97,116758.75,360,63,0
2026.02.22 20:06:00,116761.83,116772.60,116761.83,116772.60,360,63,0
2026.02.22 20:00:00,116751.03,116761.80,116751.03,116761.80,360,63,0
2026.02.22 19:54:00,116740.23,116751.00,116740.23,116751.00,360,63,0
2026.02.22 19:48:00,116761.94,116762.75,116730.27,116740.20,360,63,0
2026.02.22 19:42:00,116751.14,116761.91,116751.14,116761.91,360,63,0
2026.02.22 19:36:00,116744.48,116751.11,116744.48,116751.11,223,63,0
2026.02.22 19:30:00,116782.58,116785.13,116739.35,116744.45,360,63,0
2026.02.22 19:24:00,116771.78,116782.55,116771.78,116782.55,360,63,0
2026.02.22 19:18:00,116760.98,116771.75,116760.98,116771.75,360,63,0
2026.02.22 19:12:00,116786.08,116790.67,116759.87,116760.95,360,63,0
2026.02.22 19:06:00,116775.28,116786.05,116775.28,116786.05,359,63,0
2026.02.22 19:00:00,116879.17,116880.43,116774.80,116775.25,360,63,0
2026.02.22 18:54:00,116868.37,116879.14,116868.37,116879.14,360,63,0
2026.02.22 18:48:00,116857.57,116868.34,116857.57,116868.34,360,63,0
2026.02.22 18:42:00,116869.88,116870.87,116847.79,116857.54,360,63,0
2026.02.22 18:36:00,116859.08,116869.85,116859.08,116869.85,360,63,0
2026.02.22 18:30:00,116853.80,116859.05,116853.80,116859.05,176,63,0
2026.02.22 18:24:00,116860.69,116869.03,116853.65,116853.80,285,63,0
2026.02.22 18:18:00,116891.18,116894.21,116852.95,116860.66,360,63,0
2026.02.22 18:12:00,116880.38,116891.15,116880.38,116891.15,360,63,0
2026.02.22 18:06:00,116882.59,116888.95,116875.97,116880.35,360,63,0
2026.02.22 18:00:00,116914.24,116922.34,116879.92,116882.56,360,63,0
2026.02.22 17:54:00,116952.93,116955.90,116906.62,116914.21,360,63,0
2026.02.22 17:48:00,116984.92,116993.47,116950.71,116952.90,360,63,0
2026.02.22 17:42:00,116974.12,116984.89,116974.12,116984.89,360,63,0
2026.02.22 17:36:00,116963.32,116974.09,116963.32,116974.09,360,63,0
2026.02.22 17:30:00,116952.52,116963.29,116952.52,116963.29,360,63,0
2026.02.22 17:24:00,116941.72,116952.49,116941.72,116952.49,360,63,0
2026.02.22 17:18:00,116960.12,116967.86,116938.69,116941.69,360,63,0
2026.02.22 17:12:00,116949.32,116960.09,116949.32,116960.09,360,63,0
2026.02.22 17:06:00,116961.63,116968.02,116944.94,116949.29,360,63,0
2026.02.22 17:00:00,116950.83,116961.60,116950.83,116961.60,360,63,0
2026.02.22 16:54:00,116940.03,116950.80,116940.03,116950.80,360,63,0
2026.02.22 16:48:00,116929.23,116940.00,116929.23,116940.00,360,63,0
2026.02.22 16:42:00,116918.43,116929.20,116918.43,116929.20,360,63,0
2026.02.22 16:36:00,116958.98,116963.99,116912.67,116918.40,360,63,0
2026.02.22 16:30:00,116948.18,116958.95,116948.18,116958.95,360,63,0
2026.02.22 16:24:00,116937.38,116948.15,116937.38,116948.15,360,63,0
2026.02.22 16:18:00,116926.58,116937.35,116926.58,116937.35,360,63,0
2026.02.22 16:12:00,116954.06,116957.18,116918.90,116926.55,361,63,0
2026.02.22 16:06:00,116943.26,116954.03,116943.26,116954.03,360,63,0
2026.02.22 16:00:00,116956.80,116963.76,116939.45,116943.23,360,63,0
2026.02.22 15:54:00,116964.15,116967.18,116949.06,116956.77,360,63,0
2026.02.22 15:48:00,116953.35,116964.12,116953.35,116964.12,360,63,0
2026.02.22 15:42:00,116942.55,116953.32,116942.55,116953.32,360,63,0
2026.02.22 15:36:00,116931.75,116942.52,116931.75,116942.52,360,63,0
2026.02.22 15:30:00,116920.95,116931.72,116920.95,116931.72,360,63,0
2026.02.22 15:24:00,116910.15,116920.92,116910.15,116920.92,360,63,0
2026.02.22 15:18:00,116899.35,116910.12,116899.35,116910.12,360,63,0
2026.02.22 15:12:00,116900.66,116905.61,116893.53,116899.32,360,63,0
2026.02.22 15:06:00,116902.84,116910.16,116897.21,116900.63,360,63,0
2026.02.22 15:00:00,116892.04,116902.81,116892.04,116902.81,360,63,0
2026.02.22 14:54:00,116896.74,116905.53,116890.06,116892.01,360,63,0
2026.02.22 14:48:00,116885.94,116896.71,116885.94,116896.71,360,63,0
2026.02.22 14:42:00,116909.30,116919.50,116885.37,116885.91,360,63,0
2026.02.22 14:36:00,116915.75,116920.43,116903.21,116909.27,360,63,0
2026.02.22 14:30:00,116904.95,116915.72,116904.95,116915.72,360,63,0
2026.02.22 14:24:00,116894.15,116904.92,116894.15,116904.92,360,63,0
2026.02.22 14:18:00,116883.35,116894.12,116883.35,116894.12,360,63,0
2026.02.22 14:12:00,116872.55,116883.32,116872.55,116883.32,360,63,0
2026.02.22 14:06:00,116861.75,116872.52,116861.75,116872.52,360,63,0
2026.02.22 14:00:00,116850.95,116861.72,116850.95,116861.72,360,63,0
2026.02.22 13:54:00,116840.15,116850.92,116840.15,116850.92,360,63,0
2026.02.22 13:48:00,116829.35,116840.12,116829.35,116840.12,360,63,0
2026.02.22 13:42:00,116839.38,116840.55,116819.75,116829.32,360,63,0
2026.02.22 13:36:00,116828.58,116839.35,116828.58,116839.35,360,63,0
2026.02.22 13:30:00,116817.78,116828.55,116817.78,116828.55,360,63,0
2026.02.22 13:24:00,116832.91,116836.42,116810.52,116817.75,360,63,0
2026.02.22 13:18:00,116874.54,116875.74,116824.96,116832.88,360,63,0
2026.02.22 13:12:00,116863.74,116874.51,116863.74,116874.51,360,63,0
2026.02.22 13:06:00,116881.26,116886.06,116857.77,116863.71,360,63,0
2026.02.22 13:00:00,116870.46,116881.23,116870.46,116881.23,360,63,0
2026.02.22 12:54:00,116859.66,116870.43,116859.66,116870.43,360,63,0
2026.02.22 12:48:00,116848.86,116859.63,116848.86,116859.63,360,63,0
2026.02.22 12:42:00,116838.06,116848.83,116838.06,116848.83,360,63,0
2026.02.22 12:36:00,116827.26,116838.03,116827.26,116838.03,360,63,0
2026.02.22 12:30:00,116837.39,116837.78,116816.88,116827.23,360,63,0
2026.02.22 12:24:00,116826.59,116837.36,116826.59,116837.36,360,63,0
2026.02.22 12:18:00,116815.79,116826.56,116815.79,116826.56,360,63,0
2026.02.22 12:12:00,116823.51,116823.66,116805.17,116815.76,360,63,0
2026.02.22 12:06:00,116812.71,116823.48,116812.71,116823.48,360,63,0
2026.02.22 12:00:00,116801.91,116812.68,116801.91,116812.68,360,63,0
2026.02.22 11:54:00,116812.78,116815.12,116793.48,116801.88,360,63,0
2026.02.22 11:48:00,116801.98,116812.75,116801.98,116812.75,360,63,0
2026.02.22 11:42:00,116848.67,116849.45,116797.36,116801.95,360,63,0
2026.02.22 11:36:00,116893.73,116896.73,116846.75,116848.64,360,63,0
2026.02.22 11:30:00,116882.93,116893.70,116882.93,116893.70,360,63,0
2026.02.22 11:24:00,116872.13,116882.90,116872.13,116882.90,360,63,0
2026.02.22 11:18:00,116878.19,116878.58,116861.75,116872.10,360,63,0
2026.02.22 11:12:00,116867.39,116878.16,116867.39,116878.16,360,63,0
2026.02.22 11:06:00,116880.55,116889.61,116865.68,116867.36,360,63,0
2026.02.22 11:00:00,116869.75,116880.52,116869.75,116880.52,360,63,0
2026.02.22 10:54:00,116858.95,116869.72,116858.95,116869.72,360,63,0
2026.02.22 10:48:00,116848.15,116858.92,116848.15,116858.92,360,63,0
2026.02.22 10:42:00,116837.35,116848.12,116837.35,116848.12,360,63,0
2026.02.22 10:36:00,116840.71,116850.04,116835.91,116837.32,360,63,0
2026.02.22 10:30:00,116829.91,116840.68,116829.91,116840.68,360,63,0
2026.02.22 10:24:00,116819.11,116829.88,116819.11,116829.88,360,63,0
2026.02.22 10:18:00,116808.31,116819.08,116808.31,116819.08,360,63,0
2026.02.22 10:12:00,116797.51,116808.28,116797.51,116808.28,360,63,0
2026.02.22 10:06:00,116786.71,116797.48,116786.71,116797.48,360,63,0
2026.02.22 10:00:00,116808.55,116809.21,116776.60,116786.68,360,63,0
2026.02.22 09:54:00,116797.75,116808.52,116797.75,116808.52,360,63,0
2026.02.22 09:48:00,116786.95,116797.72,116786.95,116797.72,360,63,0
2026.02.22 09:42:00,116776.15,116786.92,116776.15,116786.92,360,63,0
2026.02.22 09:36:00,116765.35,116776.12,116765.35,116776.12,360,63,0
2026.02.22 09:30:00,116754.55,116765.32,116754.55,116765.32,360,63,0
2026.02.22 09:24:00,116743.75,116754.52,116743.75,116754.52,360,63,0
2026.02.22 09:18:00,116732.95,116743.72,116732.95,116743.72,360,63,0
2026.02.22 09:12:00,116722.15,116732.92,116722.15,116732.92,360,63,0
2026.02.22 09:06:00,116711.35,116722.12,116711.35,116722.12,360,63,0
2026.02.22 09:00:00,116700.55,116711.32,116700.55,116711.32,360,63,0
2026.02.22 08:54:00,116689.75,116700.52,116689.75,116700.52,360,63,0
2026.02.22 08:48:00,116699.48,116701.55,116681.05,116689.72,360,63,0
2026.02.22 08:42:00,116688.68,116699.45,116688.68,116699.45,360,63,0
2026.02.22 08:36:00,116677.88,116688.65,116677.88,116688.65,360,63,0
2026.02.22 08:30:00,116667.08,116677.85,116667.08,116677.85,360,63,0
2026.02.22 08:24:00,116673.71,116682.65,116665.25,116667.05,360,63,0
2026.02.22 08:18:00,116662.91,116673.68,116662.91,116673.68,360,63,0
2026.02.22 08:12:00,116652.11,116662.88,116652.11,116662.88,360,63,0
2026.02.22 08:06:00,116717.23,116720.47,116648.45,116652.08,360,63,0
2026.02.22 08:00:00,116706.43,116717.20,116706.43,116717.20,360,63,0
2026.02.22 07:54:00,116717.01,116721.03,116699.68,116706.40,360,63,0
2026.02.22 07:48:00,116723.13,116732.34,116715.45,116716.98,360,63,0
2026.02.22 07:42:00,116712.33,116723.10,116712.33,116723.10,360,63,0
2026.02.22 07:36:00,116762.92,116763.31,116707.92,116712.30,360,63,0
2026.02.22 07:30:00,116774.84,116785.37,116762.68,116762.89,360,63,0
2026.02.22 07:24:00,116800.16,116803.01,116766.92,116774.81,360,63,0
2026.02.22 07:18:00,116789.36,116800.13,116789.36,116800.13,360,63,0
2026.02.22 07:12:00,116778.53,116789.33,116778.53,116789.33,361,63,0
2026.02.22 07:06:00,116783.92,116787.43,116771.27,116778.50,360,63,0
2026.02.22 07:00:00,116773.12,116783.89,116773.12,116783.89,360,63,0
2026.02.22 06:54:00,116772.73,116773.09,116772.73,116773.09,13,63,0
2026.02.22 06:48:00,116769.52,116772.70,116769.52,116772.70,107,63,0
2026.02.22 06:42:00,116789.66,116790.23,116759.32,116769.49,360,63,0
2026.02.22 06:36:00,116778.86,116789.63,116778.86,116789.63,360,63,0
2026.02.22 06:30:00,116768.06,116778.83,116768.06,116778.83,360,63,0
2026.02.22 06:24:00,116773.26,116780.28,116764.31,116768.03,360,63,0
2026.02.22 06:18:00,116762.46,116773.23,116762.46,116773.23,360,63,0
2026.02.22 06:12:00,116773.46,116778.59,116756.82,116762.43,360,63,0
2026.02.22 06:06:00,116762.66,116773.43,116762.66,116773.43,360,63,0
2026.02.22 06:00:00,116782.17,116787.87,116757.59,116762.63,360,63,0
2026.02.22 05:54:00,116771.37,116782.14,116771.37,116782.14,360,63,0
2026.02.22 05:48:00,116760.57,116771.34,116760.57,116771.34,360,63,0
2026.02.22 05:42:00,116749.77,116760.54,116749.77,116760.54,360,63,0
2026.02.22 05:36:00,116757.84,116768.40,116749.56,116749.74,360,63,0
2026.02.22 05:30:00,116759.13,116765.85,116753.79,116757.81,360,63,0
2026.02.22 05:24:00,116748.33,116759.10,116748.33,116759.10,360,63,0
2026.02.22 05:18:00,116759.93,116768.69,116746.32,116748.30,360,63,0
2026.02.22 05:12:00,116749.13,116759.90,116749.13,116759.90,360,63,0
2026.02.22 05:06:00,116738.33,116749.10,116738.33,116749.10,360,63,0
2026.02.22 05:00:00,116754.39,116762.58,116735.75,116738.30,360,63,0
2026.02.22 04:54:00,116743.59,116754.36,116743.59,116754.36,360,63,0
2026.02.22 04:48:00,116732.79,116743.56,116732.79,116743.56,360,63,0
2026.02.22 04:42:00,116721.99,116732.76,116721.99,116732.76,360,63,0
2026.02.22 04:36:00,116754.18,116757.78,116714.82,116721.96,360,63,0
2026.02.22 04:30:00,116768.88,116776.02,116750.55,116754.15,360,63,0
2026.02.22 04:24:00,116758.08,116768.85,116758.08,116768.85,360,63,0
2026.02.22 04:18:00,116747.28,116758.05,116747.28,116758.05,360,63,0
2026.02.22 04:12:00,116803.91,116804.36,116742.96,116747.25,360,63,0
2026.02.22 04:06:00,116793.11,116803.88,116793.11,116803.88,360,63,0
2026.02.22 04:00:00,116782.31,116793.08,116782.31,116793.08,360,63,0
2026.02.22 03:54:00,116771.51,116782.28,116771.51,116782.28,360,63,0
2026.02.22 03:48:00,116760.71,116771.48,116760.71,116771.48,360,63,0
2026.02.22 03:42:00,116773.76,116774.36,116750.54,116760.68,360,63,0
2026.02.22 03:36:00,116778.16,116782.33,116767.16,116773.73,360,63,0
2026.02.22 03:30:00,116793.31,116794.21,116768.29,116778.13,360,63,0
2026.02.22 03:24:00,116782.51,116793.28,116782.51,116793.28,360,63,0
2026.02.22 03:18:00,116868.94,116871.28,116775.85,116782.48,360,63,0
2026.02.22 03:12:00,116858.14,116868.91,116858.14,116868.91,360,63,0
2026.02.22 03:06:00,116872.26,116882.97,116858.08,116858.11,360,63,0
2026.02.22 03:00:00,116861.46,116872.23,116861.46,116872.23,360,63,0
2026.02.22 02:54:00,116863.69,116866.15,116853.15,116861.43,360,63,0
2026.02.22 02:48:00,116852.89,116863.66,116852.89,116863.66,360,63,0
2026.02.22 02:42:00,116842.09,116852.86,116842.09,116852.86,360,63,0
2026.02.22 02:36:00,116831.29,116842.06,116831.29,116842.06,360,63,0
2026.02.22 02:30:00,116820.49,116831.26,116820.49,116831.26,360,63,0
2026.02.22 02:24:00,116809.69,116820.46,116809.69,116820.46,360,63,0
2026.02.22 02:18:00,116828.64,116836.92,116807.20,116809.66,360,63,0
2026.02.22 02:12:00,116851.27,116856.85,116823.45,116828.61,360,63,0
2026.02.22 02:06:00,116840.47,116851.24,116840.47,116851.24,360,63,0
2026.02.22 02:00:00,116829.67,116840.44,116829.67,116840.44,360,63,0
2026.02.22 01:54:00,116818.87,116829.64,116818.87,116829.64,360,63,0
2026.02.22 01:48:00,116808.07,116818.84,116808.07,116818.84,360,63,0
2026.02.22 01:42:00,116820.60,116823.75,116800.45,116808.04,360,63,0
2026.02.22 01:36:00,116809.80,116820.57,116809.80,116820.57,360,63,0
2026.02.22 01:30:00,116799.00,116809.77,116799.00,116809.77,360,63,0
2026.02.22 01:24:00,116788.20,116798.97,116788.20,116798.97,360,63,0
2026.02.22 01:18:00,116777.40,116788.17,116777.40,116788.17,360,63,0
2026.02.22 01:12:00,116766.60,116777.37,116766.60,116777.37,360,63,0
2026.02.22 01:06:00,116785.00,116785.99,116756.82,116766.57,360,63,0
2026.02.22 01:00:00,116774.20,116784.97,116774.20,116784.97,360,63,0
2026.02.22 00:54:00,116763.40,116774.17,116763.40,116774.17,360,63,0
2026.02.22 00:48:00,116803.10,116804.36,116760.13,116763.37,360,63,0
2026.02.22 00:42:00,116827.60,116833.30,116802.11,116803.07,360,63,0
2026.02.22 00:36:00,116816.80,116827.57,116816.80,116827.57,360,63,0
2026.02.22 00:30:00,116806.00,116816.77,116806.00,116816.77,360,63,0
2026.02.22 00:24:00,116795.20,116805.97,116795.20,116805.97,360,63,0
2026.02.22 00:18:00,116784.40,116795.17,116784.40,116795.17,360,63,0
2026.02.22 00:12:00,116773.60,116784.37,116773.60,116784.37,360,63,0
2026.02.22 00:06:00,116762.80,116773.57,116762.80,116773.57,360,63,0
2026.02.22 00:00:00,116752.00,116762.77,116752.00,116762.77,360,63,0
2026.02.21 23:54:00,116753.95,116762.83,116750.11,116751.97,360,63,0
2026.02.21 23:48:00,116775.11,116775.86,116743.93,116753.92,360,63,0
2026.02.21 23:42:00,116764.31,116775.08,116764.31,116775.08,360,63,0
2026.02.21 23:36:00,116771.39,116775.38,116757.53,116764.28,360,63,0
2026.02.21 23:30:00,116760.59,116771.36,116760.59,116771.36,360,63,0
2026.02.21 23:24:00,116749.79,116760.56,116749.79,116760.56,360,63,0
2026.02.21 23:18:00,116791.03,116792.02,116749.37,116749.76,360,63,0
2026.02.21 23:12:00,116780.23,116791.00,116780.23,116791.00,360,63,0
2026.02.21 23:06:00,116769.43,116780.20,116769.43,116780.20,360,63,0
2026.02.21 23:00:00,116758.63,116769.40,116758.63,116769.40,360,63,0
2026.02.21 22:54:00,116747.83,116758.60,116747.83,116758.60,360,63,0
2026.02.21 22:48:00,116737.03,116747.80,116737.03,116747.80,360,63,0
2026.02.21 22:42:00,116726.23,116737.00,116726.23,116737.00,360,63,0
2026.02.21 22:36:00,116728.11,116732.70,116720.05,116726.20,360,63,0
2026.02.21 22:30:00,116751.55,116758.45,116724.24,116728.08,360,63,0
2026.02.21 22:24:00,116740.75,116751.52,116740.75,116751.52,360,63,0
2026.02.21 22:18:00,116729.95,116740.72,116729.95,116740.72,360,63,0
2026.02.21 22:12:00,116733.05,116743.43,116729.53,116729.92,361,63,0
2026.02.21 22:06:00,116722.25,116733.02,116722.25,116733.02,360,63,0
2026.02.21 22:00:00,116711.45,116722.22,116711.45,116722.22,360,63,0
2026.02.21 21:54:00,116740.02,116747.34,116708.00,116711.42,360,63,0
2026.02.21 21:48:00,116729.22,116739.99,116729.22,116739.99,360,63,0
2026.02.21 21:42:00,116770.89,116771.01,116718.57,116729.19,360,63,0
2026.02.21 21:36:00,116782.04,116788.37,116766.45,116770.86,360,63,0
2026.02.21 21:30:00,116771.24,116782.01,116771.24,116782.01,360,63,0
2026.02.21 21:24:00,116760.44,116771.21,116760.44,116771.21,360,63,0
2026.02.21 21:18:00,116789.99,116795.21,116756.09,116760.41,320,63,0
2026.02.21 21:06:00,116789.24,116789.99,116789.24,116789.99,26,63,0
2026.02.21 21:00:00,116810.92,116816.80,116784.35,116789.21,360,63,0
2026.02.21 20:54:00,116800.12,116810.89,116800.12,116810.89,360,63,0
2026.02.21 20:48:00,116807.28,116814.18,116796.25,116800.09,360,63,0
2026.02.21 20:42:00,116796.48,116807.25,116796.48,116807.25,360,63,0
2026.02.21 20:36:00,116805.61,116815.75,116795.85,116796.45,360,63,0
2026.02.21 20:30:00,116831.11,116839.93,116803.66,116805.58,360,63,0
2026.02.21 20:24:00,116820.31,116831.08,116820.31,116831.08,360,63,0
2026.02.21 20:18:00,116809.51,116820.28,116809.51,116820.28,360,63,0
2026.02.21 20:12:00,116830.39,116832.07,116800.42,116809.48,360,63,0
2026.02.21 20:06:00,116819.59,116830.36,116819.59,116830.36,360,63,0
2026.02.21 20:00:00,116808.79,116819.56,116808.79,116819.56,360,63,0
2026.02.21 19:54:00,116797.99,116808.76,116797.99,116808.76,360,63,0
2026.02.21 19:48:00,116787.19,116797.96,116787.19,116797.96,360,63,0
2026.02.21 19:42:00,116793.56,116794.73,116777.59,116787.16,360,63,0
2026.02.21 19:36:00,116857.10,116861.60,116792.06,116793.53,360,63,0
2026.02.21 19:30:00,116846.30,116857.07,116846.30,116857.07,360,63,0
2026.02.21 19:24:00,116835.47,116846.27,116835.47,116846.27,361,63,0
2026.02.21 19:18:00,116824.67,116835.44,116824.67,116835.44,360,63,0
2026.02.21 19:12:00,116813.87,116824.64,116813.87,116824.64,360,63,0
2026.02.21 19:06:00,116803.07,116813.84,116803.07,116813.84,360,63,0
2026.02.21 19:00:00,116807.05,116809.99,116795.24,116803.04,360,63,0
2026.02.21 18:54:00,116796.25,116807.02,116796.25,116807.02,360,63,0
2026.02.21 18:48:00,116849.60,116852.30,116795.59,116796.22,360,63,0
2026.02.21 18:42:00,116838.80,116849.57,116838.80,116849.57,360,63,0
2026.02.21 18:36:00,116828.00,116838.77,116828.00,116838.77,360,63,0
2026.02.21 18:30:00,116835.23,116840.09,116822.09,116827.97,360,63,0
2026.02.21 18:24:00,116824.43,116835.20,116824.43,116835.20,360,63,0
2026.02.21 18:18:00,116843.43,116846.58,116816.81,116824.40,360,63,0
2026.02.21 18:12:00,116832.63,116843.40,116832.63,116843.40,360,63,0
2026.02.21 18:06:00,116851.07,116858.60,116829.39,116832.60,360,63,0
2026.02.21 18:00:00,116868.85,116873.56,116845.01,116851.04,360,63,0
2026.02.21 17:54:00,116858.05,116868.82,116858.05,116868.82,360,63,0
2026.02.21 17:48:00,116847.25,116858.02,116847.25,116858.02,360,63,0
2026.02.21 17:42:00,116860.01,116861.15,116837.62,116847.22,360,63,0
2026.02.21 17:36:00,116849.21,116859.98,116849.21,116859.98,360,63,0
2026.02.21 17:30:00,116838.41,116849.18,116838.41,116849.18,360,63,0
2026.02.21 17:24:00,116827.61,116838.38,116827.61,116838.38,360,63,0
2026.02.21 17:18:00,116816.81,116827.58,116816.81,116827.58,360,63,0
2026.02.21 17:12:00,116806.01,116816.78,116806.01,116816.78,360,63,0
2026.02.21 17:06:00,116795.21,116805.98,116795.21,116805.98,360,63,0
2026.02.21 17:00:00,116784.41,116795.18,116784.41,116795.18,360,63,0
2026.02.21 16:54:00,116773.61,116784.38,116773.61,116784.38,360,63,0
2026.02.21 16:48:00,116789.00,116792.72,116766.56,116773.58,360,63,0
2026.02.21 16:42:00,116778.20,116788.97,116778.20,116788.97,360,63,0
2026.02.21 16:36:00,116767.40,116778.17,116767.40,116778.17,360,63,0
2026.02.21 16:30:00,116821.37,116822.99,116759.72,116767.37,360,63,0
2026.02.21 16:24:00,116810.57,116821.34,116810.57,116821.34,360,63,0
2026.02.21 16:18:00,116799.77,116810.54,116799.77,116810.54,360,63,0
2026.02.21 16:12:00,116827.58,116836.70,116798.12,116799.74,360,63,0
2026.02.21 16:06:00,116846.38,116854.30,116824.73,116827.55,360,63,0
2026.02.21 16:00:00,116835.58,116846.35,116835.58,116846.35,360,63,0
2026.02.21 15:54:00,116824.78,116835.55,116824.78,116835.55,360,63,0
2026.02.21 15:48:00,116813.98,116824.75,116813.98,116824.75,360,63,0
2026.02.21 15:42:00,116803.18,116813.95,116803.18,116813.95,360,63,0
2026.02.21 15:36:00,116792.38,116803.15,116792.38,116803.15,360,63,0
2026.02.21 15:30:00,116781.58,116792.35,116781.58,116792.35,360,63,0
2026.02.21 15:24:00,116770.78,116781.55,116770.78,116781.55,360,63,0
2026.02.21 15:18:00,116780.38,116787.67,116767.30,116770.75,360,63,0
2026.02.21 15:12:00,116831.30,116831.93,116779.72,116780.35,360,63,0
2026.02.21 15:06:00,116847.24,116848.47,116821.76,116831.27,360,63,0
2026.02.21 15:00:00,116855.65,116864.08,116844.90,116847.21,360,63,0
2026.02.21 14:54:00,116844.85,116855.62,116844.85,116855.62,360,63,0
2026.02.21 14:48:00,116834.05,116844.82,116834.05,116844.82,360,63,0
2026.02.21 14:42:00,116823.25,116834.02,116823.25,116834.02,360,63,0
2026.02.21 14:36:00,116828.98,116832.37,116815.87,116823.22,360,63,0
2026.02.21 14:30:00,116886.34,116894.32,116828.62,116828.95,360,63,0
2026.02.21 14:24:00,116897.11,116901.07,116879.53,116886.31,360,63,0
2026.02.21 14:18:00,116886.31,116897.08,116886.31,116897.08,360,63,0
2026.02.21 14:12:00,116899.91,116905.16,116880.79,116886.28,360,63,0
2026.02.21 14:06:00,116889.11,116899.88,116889.11,116899.88,360,63,0
2026.02.21 14:00:00,116878.31,116889.08,116878.31,116889.08,360,63,0
2026.02.21 13:54:00,116867.51,116878.28,116867.51,116878.28,360,63,0
2026.02.21 13:48:00,116856.71,116867.48,116856.71,116867.48,360,63,0
2026.02.21 13:42:00,116897.98,116899.09,116850.74,116856.68,360,63,0
2026.02.21 13:36:00,116930.87,116938.73,116895.07,116897.95,360,63,0
2026.02.21 13:30:00,116954.61,116956.20,116928.17,116930.84,360,63,0
2026.02.21 13:24:00,116962.75,116965.42,116946.51,116954.58,360,63,0
2026.02.21 13:18:00,116951.95,116962.72,116951.95,116962.72,360,63,0
2026.02.21 13:12:00,116941.15,116951.92,116941.15,116951.92,360,63,0
2026.02.21 13:06:00,116930.35,116941.12,116930.35,116941.12,360,63,0
2026.02.21 13:00:00,116919.55,116930.32,116919.55,116930.32,360,63,0
2026.02.21 12:54:00,116908.75,116919.52,116908.75,116919.52,360,63,0
2026.02.21 12:48:00,116897.95,116908.72,116897.95,116908.72,360,63,0
2026.02.21 12:42:00,116887.15,116897.92,116887.15,116897.92,360,63,0
2026.02.21 12:36:00,116876.35,116887.12,116876.35,116887.12,360,63,0
2026.02.21 12:30:00,116865.55,116876.32,116865.55,116876.32,360,63,0
2026.02.21 12:24:00,116883.21,116886.99,116858.56,116865.52,360,63,0
2026.02.21 12:18:00,116872.41,116883.18,116872.41,116883.18,360,63,0
2026.02.21 12:12:00,116861.61,116872.38,116861.61,116872.38,360,63,0
2026.02.21 12:06:00,116865.59,116867.54,116852.79,116861.58,360,63,0
2026.02.21 12:00:00,116854.79,116865.56,116854.79,116865.56,360,63,0
2026.02.21 11:54:00,116868.01,116877.85,116853.86,116854.76,360,63,0
2026.02.21 11:48:00,116857.21,116867.98,116857.21,116867.98,360,63,0
2026.02.21 11:42:00,116876.55,116879.22,116849.11,116857.18,360,63,0
2026.02.21 11:36:00,116884.81,116886.61,116867.58,116876.52,360,63,0
2026.02.21 11:30:00,116874.01,116884.78,116874.01,116884.78,360,63,0
2026.02.21 11:24:00,116863.21,116873.98,116863.21,116873.98,360,63,0
2026.02.21 11:18:00,116876.41,116883.22,116859.25,116863.18,360,63,0
2026.02.21 11:12:00,116885.91,116886.45,116866.18,116876.38,360,63,0
2026.02.21 11:06:00,116889.01,116891.59,116877.72,116885.88,360,63,0
2026.02.21 11:00:00,116897.69,116906.21,116886.76,116888.98,360,63,0
2026.02.21 10:54:00,116922.97,116923.42,116888.90,116897.66,360,63,0
2026.02.21 10:48:00,116912.17,116922.94,116912.17,116922.94,360,63,0
2026.02.21 10:42:00,116901.37,116912.14,116901.37,116912.14,360,63,0
2026.02.21 10:36:00,116911.96,116920.48,116899.12,116901.34,360,63,0
2026.02.21 10:30:00,116901.16,116911.93,116901.16,116911.93,360,63,0
2026.02.21 10:24:00,116890.33,116901.13,116890.33,116901.13,361,63,0
2026.02.21 10:18:00,116879.53,116890.30,116879.53,116890.30,360,63,0
2026.02.21 10:12:00,116913.17,116913.17,116878.48,116879.50,360,63,0
2026.02.21 10:06:00,116902.37,116913.14,116902.37,116913.14,360,63,0
2026.02.21 10:00:00,116891.57,116902.34,116891.57,116902.34,360,63,0
2026.02.21 09:54:00,116926.73,116930.87,116885.63,116891.54,360,63,0
2026.02.21 09:48:00,116935.14,116939.85,116920.67,116926.70,360,63,0
2026.02.21 09:42:00,116924.34,116935.11,116924.34,116935.11,360,63,0
2026.02.21 09:36:00,116913.54,116924.31,116913.54,116924.31,360,63,0
2026.02.21 09:30:00,116902.74,116913.51,116902.74,116913.51,360,63,0
2026.02.21 09:24:00,116923.37,116932.40,116901.00,116902.71,360,63,0
2026.02.21 09:18:00,116928.90,116929.74,116913.44,116923.34,360,63,0
2026.02.21 09:12:00,116949.75,116951.88,116920.26,116928.87,360,63,0
2026.02.21 09:06:00,116957.61,116963.91,116945.28,116949.72,360,63,0
2026.02.21 09:00:00,116946.81,116957.58,116946.81,116957.58,360,63,0
2026.02.21 08:54:00,116936.01,116946.78,116936.01,116946.78,360,63,0
2026.02.21 08:48:00,116925.21,116935.98,116925.21,116935.98,360,63,0
2026.02.21 08:42:00,116939.48,116942.00,116916.96,116925.18,360,63,0
2026.02.21 08:36:00,116928.68,116939.45,116928.68,116939.45,360,63,0
2026.02.21 08:30:00,116917.88,116928.65,116917.88,116928.65,360,63,0
2026.02.21 08:24:00,116907.08,116917.85,116907.08,116917.85,360,63,0
2026.02.21 08:18:00,116896.28,116907.05,116896.28,116907.05,360,63,0
2026.02.21 08:12:00,116885.48,116896.25,116885.48,116896.25,360,63,0
2026.02.21 08:06:00,116874.68,116885.45,116874.68,116885.45,360,63,0
2026.02.21 08:00:00,116863.88,116874.65,116863.88,116874.65,360,63,0
2026.02.21 07:54:00,116866.54,116877.22,116863.79,116863.85,360,63,0
2026.02.21 07:48:00,116855.74,116866.51,116855.74,116866.51,360,63,0
2026.02.21 07:42:00,116844.94,116855.71,116844.94,116855.71,360,63,0
2026.02.21 07:36:00,116834.14,116844.91,116834.14,116844.91,360,63,0
2026.02.21 07:30:00,116823.34,116834.11,116823.34,116834.11,360,63,0
2026.02.21 07:24:00,116812.54,116823.31,116812.54,116823.31,360,63,0
2026.02.21 07:18:00,116801.74,116812.51,116801.74,116812.51,360,63,0
2026.02.21 07:12:00,116822.44,116822.44,116790.97,116801.71,360,63,0
2026.02.21 07:06:00,116839.60,116849.17,116821.24,116822.41,360,63,0
2026.02.21 07:00:00,116863.89,116872.29,116837.23,116839.57,360,63,0
2026.02.21 06:54:00,116853.09,116863.86,116853.09,116863.86,360,63,0
2026.02.21 06:48:00,116842.29,116853.06,116842.29,116853.06,360,63,0
2026.02.21 06:42:00,116849.76,116855.25,116837.01,116842.26,360,63,0
2026.02.21 06:36:00,116838.96,116849.73,116838.96,116849.73,360,63,0
2026.02.21 06:30:00,116828.16,116838.93,116828.16,116838.93,360,63,0
2026.02.21 06:24:00,116837.99,116839.64,116819.04,116828.13,360,63,0
2026.02.21 06:18:00,116855.18,116861.00,116833.04,116837.96,360,63,0
2026.02.21 06:12:00,116844.38,116855.15,116844.38,116855.15,360,63,0
2026.02.21 06:06:00,116833.58,116844.35,116833.58,116844.35,360,63,0
2026.02.21 06:00:00,116872.68,116879.31,116830.67,116833.55,360,63,0
2026.02.21 05:54:00,116879.51,116884.43,116866.83,116872.65,360,63,0
2026.02.21 05:48:00,116868.71,116879.48,116868.71,116879.48,360,63,0
2026.02.21 05:42:00,116857.91,116868.68,116857.91,116868.68,360,63,0
2026.02.21 05:36:00,116847.11,116857.88,116847.11,116857.88,360,63,0
2026.02.21 05:30:00,116836.31,116847.08,116836.31,116847.08,360,63,0
2026.02.21 05:24:00,116825.51,116836.28,116825.51,116836.28,360,63,0
2026.02.21 05:18:00,116814.71,116825.48,116814.71,116825.48,360,63,0
2026.02.21 05:12:00,116828.35,116833.30,116808.89,116814.68,360,63,0
2026.02.21 05:06:00,116817.55,116828.32,116817.55,116828.32,360,63,0
2026.02.21 05:00:00,116843.71,116852.50,116815.57,116817.52,360,63,0
2026.02.21 04:54:00,116864.66,116875.37,116843.65,116843.68,360,63,0
2026.02.21 04:48:00,116853.86,116864.63,116853.86,116864.63,360,63,0
2026.02.21 04:42:00,116871.58,116878.03,116849.54,116853.83,360,63,0
2026.02.21 04:36:00,116860.78,116871.55,116860.78,116871.55,360,63,0
2026.02.21 04:30:00,116849.98,116860.75,116849.98,116860.75,360,63,0
2026.02.21 04:24:00,116866.72,116868.37,116840.86,116849.95,360,63,0
2026.02.21 04:18:00,116855.92,116866.69,116855.92,116866.69,360,63,0
2026.02.21 04:12:00,116845.12,116855.89,116845.12,116855.89,360,63,0
2026.02.21 04:06:00,116850.65,116861.30,116845.00,116845.09,360,63,0
2026.02.21 04:00:00,116839.85,116850.62,116839.85,116850.62,360,63,0
2026.02.21 03:54:00,116829.05,116839.82,116829.05,116839.82,360,63,0
2026.02.21 03:48:00,116818.25,116829.02,116818.25,116829.02,360,63,0
2026.02.21 03:42:00,116807.45,116818.22,116807.45,116818.22,360,63,0
2026.02.21 03:36:00,116796.65,116807.42,116796.65,116807.42,360,63,0
2026.02.21 03:30:00,116785.85,116796.62,116785.85,116796.62,360,63,0
2026.02.21 03:24:00,116775.05,116785.82,116775.05,116785.82,360,63,0
2026.02.21 03:18:00,116764.25,116775.02,116764.25,116775.02,360,63,0
2026.02.21 03:12:00,116771.49,116772.06,116754.05,116764.22,360,63,0
2026.02.21 03:06:00,116760.69,116771.46,116760.69,116771.46,360,63,0
2026.02.21 03:00:00,116749.89,116760.66,116749.89,116760.66,360,63,0
2026.02.21 02:54:00,116739.09,116749.86,116739.09,116749.86,360,63,0
2026.02.21 02:48:00,116728.29,116739.06,116728.29,116739.06,360,63,0
2026.02.21 02:42:00,116717.49,116728.26,116717.49,116728.26,360,63,0
2026.02.21 02:36:00,116726.80,116733.76,116713.68,116717.46,360,63,0
2026.02.21 02:30:00,116716.00,116726.77,116716.00,116726.77,360,63,0
2026.02.21 02:24:00,116705.20,116715.97,116705.20,116715.97,360,63,0
2026.02.21 02:18:00,116730.80,116732.84,116696.47,116705.17,360,63,0
2026.02.21 02:12:00,116742.82,116747.17,116724.38,116730.77,360,63,0
2026.02.21 02:06:00,116732.02,116742.79,116732.02,116742.79,360,63,0
2026.02.21 02:00:00,116721.22,116731.99,116721.22,116731.99,360,63,0
2026.02.21 01:54:00,116710.42,116721.19,116710.42,116721.19,360,63,0
2026.02.21 01:48:00,116724.14,116725.55,116701.06,116710.39,360,63,0
2026.02.21 01:42:00,116741.15,116741.36,116713.58,116724.11,360,63,0
2026.02.21 01:36:00,116752.66,116760.13,116737.85,116741.12,360,63,0
2026.02.21 01:30:00,116775.26,116776.43,116750.74,116752.63,360,63,0
2026.02.21 01:24:00,116764.43,116775.23,116764.43,116775.23,361,63,0
2026.02.21 01:18:00,116791.97,116795.30,116760.38,116764.40,360,63,0
2026.02.21 01:12:00,116781.17,116791.94,116781.17,116791.94,360,63,0
2026.02.21 01:06:00,116797.16,116801.84,116775.08,116781.14,360,63,0
2026.02.21 01:00:00,116786.36,116797.13,116786.36,116797.13,360,63,0
2026.02.21 00:54:00,116775.56,116786.33,116775.56,116786.33,360,63,0
2026.02.21 00:48:00,116764.76,116775.53,116764.76,116775.53,360,63,0
2026.02.21 00:42:00,116753.96,116764.73,116753.96,116764.73,360,63,0
2026.02.21 00:36:00,116743.16,116753.93,116743.16,116753.93,360,63,0
2026.02.21 00:30:00,116751.76,116759.86,116740.49,116743.13,360,63,0
2026.02.21 00:24:00,116740.96,116751.73,116740.96,116751.73,360,63,0
2026.02.21 00:18:00,116730.16,116740.93,116730.16,116740.93,360,63,0
2026.02.21 00:12:00,116761.30,116771.77,116729.86,116730.13,360,63,0
2026.02.21 00:06:00,116774.33,116775.02,116751.22,116761.27,360,63,0
2026.02.21 00:00:00,116763.53,116774.30,116763.53,116774.30,360,63,0
2026.02.20 23:54:00,116752.73,116763.50,116752.73,116763.50,360,63,0
2026.02.20 23:48:00,116768.76,116772.96,116746.16,116752.70,360,63,0
2026.02.20 23:42:00,116757.96,116768.73,116757.96,116768.73,360,63,0
2026.02.20 23:36:00,116747.16,116757.93,116747.16,116757.93,360,63,0
2026.02.20 23:30:00,116736.36,116747.13,116736.36,116747.13,360,63,0
2026.02.20 23:24:00,116725.56,116736.33,116725.56,116736.33,360,63,0
2026.02.20 23:18:00,116759.20,116760.34,116717.19,116725.53,360,63,0
2026.02.20 23:12:00,116748.40,116759.17,116748.40,116759.17,360,63,0
2026.02.20 23:06:00,116767.84,116770.84,116740.63,116748.37,360,63,0
2026.02.20 23:00:00,116757.04,116767.81,116757.04,116767.81,360,63,0
2026.02.20 22:54:00,116746.24,116757.01,116746.24,116757.01,360,63,0
2026.02.20 22:48:00,116756.38,116759.50,116738.59,116746.21,360,63,0
2026.02.20 22:42:00,116745.58,116756.35,116745.58,116756.35,360,63,0
2026.02.20 22:36:00,116734.78,116745.55,116734.78,116745.55,360,63,0
2026.02.20 22:30:00,116723.98,116734.75,116723.98,116734.75,360,63,0
2026.02.20 22:24:00,116713.18,116723.95,116713.18,116723.95,360,63,0
2026.02.20 22:18:00,116742.39,116747.94,116710.00,116713.15,360,63,0
2026.02.20 22:12:00,116750.24,116758.43,116739.81,116742.36,360,63,0
2026.02.20 22:06:00,116739.44,116750.21,116739.44,116750.21,360,63,0
2026.02.20 22:00:00,116728.64,116739.41,116728.64,116739.41,360,63,0
2026.02.20 21:54:00,116717.84,116728.61,116717.84,116728.61,360,63,0
2026.02.20 21:48:00,116707.04,116717.81,116707.04,116717.81,360,63,0
2026.02.20 21:42:00,116696.24,116707.01,116696.24,116707.01,360,63,0
2026.02.20 21:36:00,116685.44,116696.21,116685.44,116696.21,360,63,0
2026.02.20 21:30:00,116674.64,116685.41,116674.64,116685.41,360,63,0
2026.02.20 21:24:00,116663.84,116674.61,116663.84,116674.61,360,63,0
2026.02.20 21:18:00,116653.04,116663.81,116653.04,116663.81,360,63,0
2026.02.20 21:12:00,116642.24,116653.01,116642.24,116653.01,360,63,0
2026.02.20 21:06:00,116667.42,116669.88,116633.93,116642.21,360,63,0
2026.02.20 21:00:00,116656.62,116667.39,116656.62,116667.39,360,63,0
2026.02.20 20:54:00,116683.33,116689.42,116651.94,116656.59,360,63,0
2026.02.20 20:48:00,116723.76,116726.49,116678.68,116683.30,360,63,0
2026.02.20 20:42:00,116755.11,116758.62,116716.50,116723.73,360,63,0
2026.02.20 20:36:00,116744.31,116755.08,116744.31,116755.08,360,63,0
2026.02.20 20:30:00,116733.51,116744.28,116733.51,116744.28,360,63,0
2026.02.20 20:24:00,116746.34,116751.02,116727.42,116733.48,360,63,0
2026.02.20 20:18:00,116735.54,116746.31,116735.54,116746.31,360,63,0
2026.02.20 20:12:00,116744.32,116750.89,116731.34,116735.51,360,63,0
2026.02.20 20:06:00,116733.52,116744.29,116733.52,116744.29,360,63,0
2026.02.20 20:00:00,116722.72,116733.49,116722.72,116733.49,360,63,0
2026.02.20 19:54:00,116711.92,116722.69,116711.92,116722.69,360,63,0
2026.02.20 19:48:00,116701.12,116711.89,116701.12,116711.89,360,63,0
2026.02.20 19:42:00,116690.32,116701.09,116690.32,116701.09,360,63,0
2026.02.20 19:36:00,116679.52,116690.29,116679.52,116690.29,360,63,0
2026.02.20 19:30:00,116668.72,116679.49,116668.72,116679.49,360,63,0
2026.02.20 19:24:00,116657.92,116668.69,116657.92,116668.69,360,63,0
2026.02.20 19:18:00,116689.01,116698.61,116656.75,116657.89,360,63,0
2026.02.20 19:12:00,116678.21,116688.98,116678.21,116688.98,360,63,0
2026.02.20 19:06:00,116696.88,116700.15,116670.71,116678.18,360,63,0
2026.02.20 19:00:00,116686.08,116696.85,116686.08,116696.85,360,63,0
2026.02.20 18:54:00,116702.95,116709.22,116681.58,116686.05,360,63,0
2026.02.20 18:48:00,116708.83,116716.27,116699.62,116702.92,360,63,0
2026.02.20 18:42:00,116698.03,116708.80,116698.03,116708.80,360,63,0
2026.02.20 18:36:00,116702.53,116705.86,116690.59,116698.00,360,63,0
2026.02.20 18:30:00,116711.02,116712.16,116692.90,116702.50,360,63,0
2026.02.20 18:24:00,116763.95,116770.22,116708.59,116710.99,360,63,0
2026.02.20 18:18:00,116753.15,116763.92,116753.15,116763.92,360,63,0
2026.02.20 18:12:00,116758.99,116764.90,116748.29,116753.12,360,63,0
2026.02.20 18:06:00,116767.15,116772.64,116753.71,116758.96,360,63,0
2026.02.20 18:00:00,116791.63,116797.15,116761.90,116767.12,360,63,0
2026.02.20 17:54:00,116780.83,116791.60,116780.83,116791.60,360,63,0
2026.02.20 17:48:00,116805.72,116815.14,116779.48,116780.80,360,63,0
2026.02.20 17:42:00,116794.92,116805.69,116794.92,116805.69,360,63,0
2026.02.20 17:36:00,116882.88,116885.64,116793.75,116794.89,360,63,0
2026.02.20 17:30:00,116890.39,116899.18,116880.90,116882.85,360,63,0
2026.02.20 17:24:00,116879.59,116890.36,116879.59,116890.36,360,63,0
2026.02.20 17:18:00,116868.79,116879.56,116868.79,116879.56,360,63,0
2026.02.20 17:12:00,116857.99,116868.76,116857.99,116868.76,360,63,0
2026.02.20 17:06:00,116847.19,116857.96,116847.19,116857.96,360,63,0
2026.02.20 17:00:00,116836.39,116847.16,116836.39,116847.16,360,63,0
2026.02.20 16:54:00,116825.59,116836.36,116825.59,116836.36,360,63,0
2026.02.20 16:48:00,116814.79,116825.56,116814.79,116825.56,360,63,0
2026.02.20 16:42:00,116803.99,116814.76,116803.99,116814.76,360,63,0
2026.02.20 16:36:00,116813.41,116820.46,116800.27,116803.96,360,63,0
2026.02.20 16:30:00,116802.61,116813.38,116802.61,116813.38,360,63,0
2026.02.20 16:24:00,116791.78,116802.58,116791.78,116802.58,361,63,0
2026.02.20 16:18:00,116811.77,116815.49,116784.73,116791.75,360,63,0
2026.02.20 16:12:00,116831.44,116832.10,116801.66,116811.74,360,63,0
2026.02.20 16:06:00,116843.85,116844.18,116821.00,116831.41,360,63,0
2026.02.20 16:00:00,116833.05,116843.82,116833.05,116843.82,360,63,0
2026.02.20 15:54:00,116822.25,116833.02,116822.25,116833.02,360,63,0
2026.02.20 15:48:00,116811.45,116822.22,116811.45,116822.22,360,63,0
2026.02.20 15:42:00,116800.65,116811.42,116800.65,116811.42,360,63,0
2026.02.20 15:36:00,116789.85,116800.62,116789.85,116800.62,360,63,0
2026.02.20 15:30:00,116810.36,116814.38,116783.10,116789.82,360,63,0
2026.02.20 15:24:00,116814.26,116816.54,116801.87,116810.33,360,63,0
2026.02.20 15:18:00,116820.72,116823.18,116805.95,116814.23,360,63,0
2026.02.20 15:12:00,116809.92,116820.69,116809.92,116820.69,360,63,0
2026.02.20 15:06:00,116829.80,116834.09,116803.44,116809.89,360,63,0
2026.02.20 15:00:00,116819.00,116829.77,116819.00,116829.77,360,63,0
2026.02.20 14:54:00,116868.49,116870.62,116814.53,116818.97,360,63,0
2026.02.20 14:48:00,116881.74,116889.78,116865.76,116868.46,360,63,0
2026.02.20 14:42:00,116903.38,116913.22,116880.81,116881.71,360,63,0
2026.02.20 14:36:00,116892.58,116903.35,116892.58,116903.35,360,63,0
2026.02.20 14:30:00,116905.61,116910.50,116886.70,116892.55,360,63,0
2026.02.20 14:24:00,116894.81,116905.58,116894.81,116905.58,360,63,0
2026.02.20 14:18:00,116913.78,116924.31,116894.57,116894.78,360,63,0
2026.02.20 14:12:00,116902.98,116913.75,116902.98,116913.75,360,63,0
2026.02.20 14:06:00,116892.18,116902.95,116892.18,116902.95,360,63,0
2026.02.20 14:00:00,116881.38,116892.15,116881.38,116892.15,360,63,0
2026.02.20 13:54:00,116870.58,116881.35,116870.58,116881.35,360,63,0
2026.02.20 13:48:00,116886.44,116893.07,116866.44,116870.55,360,63,0
2026.02.20 13:42:00,116912.48,116921.24,116884.43,116886.41,360,63,0
2026.02.20 13:36:00,116935.58,116942.63,116908.76,116912.45,360,63,0
2026.02.20 13:30:00,116924.78,116935.55,116924.78,116935.55,360,63,0
2026.02.20 13:24:00,116913.98,116924.75,116913.98,116924.75,360,63,0
2026.02.20 13:18:00,116903.18,116913.95,116903.18,116913.95,360,63,0
2026.02.20 13:12:00,116892.38,116903.15,116892.38,116903.15,360,63,0
2026.02.20 13:06:00,116895.06,116900.88,116887.43,116892.35,360,63,0
2026.02.20 13:00:00,116884.26,116895.03,116884.26,116895.03,360,63,0
2026.02.20 12:54:00,116873.46,116884.23,116873.46,116884.23,360,63,0
2026.02.20 12:48:00,116862.66,116873.43,116862.66,116873.43,360,63,0
2026.02.20 12:42:00,116851.86,116862.63,116851.86,116862.63,360,63,0
2026.02.20 12:36:00,116841.06,116851.83,116841.06,116851.83,360,63,0
2026.02.20 12:30:00,116830.26,116841.03,116830.26,116841.03,360,63,0
2026.02.20 12:24:00,116819.46,116830.23,116819.46,116830.23,360,63,0
2026.02.20 12:18:00,116808.66,116819.43,116808.66,116819.43,360,63,0
2026.02.20 12:12:00,116797.86,116808.63,116797.86,116808.63,360,63,0
2026.02.20 12:06:00,116787.06,116797.83,116787.06,116797.83,360,63,0
2026.02.20 12:00:00,116776.26,116787.03,116776.26,116787.03,360,63,0
2026.02.20 11:54:00,116785.86,116787.96,116767.59,116776.23,360,63,0
2026.02.20 11:48:00,116794.52,116798.00,116778.57,116785.83,360,63,0
2026.02.20 11:42:00,116783.72,116794.49,116783.72,116794.49,360,63,0
2026.02.20 11:36:00,116772.92,116783.69,116772.92,116783.69,360,63,0
2026.02.20 11:30:00,116794.23,116796.69,116764.61,116772.89,360,63,0
2026.02.20 11:24:00,116836.37,116838.11,116786.16,116794.20,360,63,0
2026.02.20 11:18:00,116848.95,116849.19,116825.84,116836.34,360,63,0
2026.02.20 11:12:00,116838.15,116848.92,116838.15,116848.92,360,63,0
2026.02.20 11:06:00,116827.35,116838.12,116827.35,116838.12,360,63,0
2026.02.20 11:00:00,116816.55,116827.32,116816.55,116827.32,360,63,0
2026.02.20 10:54:00,116823.80,116824.97,116806.95,116816.52,360,63,0
2026.02.20 10:48:00,116813.00,116823.77,116813.00,116823.77,360,63,0
2026.02.20 10:42:00,116833.04,116836.31,116805.50,116812.97,360,63,0
2026.02.20 10:36:00,116822.24,116833.01,116822.24,116833.01,360,63,0
2026.02.20 10:30:00,116865.60,116871.36,116818.04,116822.21,360,63,0
2026.02.20 10:24:00,116854.80,116865.57,116854.80,116865.57,360,63,0
2026.02.20 10:18:00,116844.00,116854.77,116844.00,116854.77,358,63,0
2026.02.20 10:12:00,116833.20,116843.97,116833.20,116843.97,360,63,0
2026.02.20 10:06:00,116822.40,116833.17,116822.40,116833.17,360,63,0
2026.02.20 10:00:00,116811.60,116822.37,116811.60,116822.37,360,63,0
2026.02.20 09:54:00,116828.87,116839.34,116811.30,116811.57,360,63,0
2026.02.20 09:48:00,116839.96,116848.75,116826.89,116828.84,360,63,0
2026.02.20 09:42:00,116829.16,116839.93,116829.16,116839.93,360,63,0
2026.02.20 09:36:00,116818.36,116829.13,116818.36,116829.13,360,63,0
2026.02.20 09:30:00,116807.56,116818.33,116807.56,116818.33,360,63,0
2026.02.20 09:24:00,116823.14,116831.21,116804.86,116807.53,360,63,0
2026.02.20 09:18:00,116841.92,116846.24,116816.69,116823.11,360,63,0
2026.02.20 09:12:00,116831.12,116841.89,116831.12,116841.89,360,63,0
2026.02.20 09:06:00,116820.32,116831.09,116820.32,116831.09,360,63,0
2026.02.20 09:00:00,116809.52,116820.29,116809.52,116820.29,360,63,0
2026.02.20 08:54:00,116798.72,116809.49,116798.72,116809.49,360,63,0
2026.02.20 08:48:00,116787.92,116798.69,116787.92,116798.69,360,63,0
2026.02.20 08:42:00,116777.09,116787.89,116777.09,116787.89,361,63,0
2026.02.20 08:36:00,116766.29,116777.06,116766.29,116777.06,360,63,0
2026.02.20 08:30:00,116755.49,116766.26,116755.49,116766.26,360,63,0
2026.02.20 08:24:00,116744.69,116755.46,116744.69,116755.46,360,63,0
2026.02.20 08:18:00,116733.89,116744.66,116733.89,116744.66,360,63,0
2026.02.20 08:12:00,116751.58,116758.39,116729.93,116733.86,360,63,0
2026.02.20 08:06:00,116740.78,116751.55,116740.78,116751.55,360,63,0
2026.02.20 08:00:00,116729.98,116740.75,116729.98,116740.75,360,63,0
2026.02.20 07:54:00,116772.00,116774.76,116723.89,116729.95,360,63,0
2026.02.20 07:48:00,116761.20,116771.97,116761.20,116771.97,360,63,0
2026.02.20 07:42:00,116750.40,116761.17,116750.40,116761.17,360,63,0
2026.02.20 07:36:00,116739.60,116750.37,116739.60,116750.37,360,63,0
2026.02.20 07:30:00,116728.80,116739.57,116728.80,116739.57,360,63,0
2026.02.20 07:24:00,116732.60,116740.10,116725.53,116728.77,360,63,0
2026.02.20 07:18:00,116721.80,116732.57,116721.80,116732.57,360,63,0
2026.02.20 07:12:00,116711.00,116721.77,116711.00,116721.77,360,63,0
2026.02.20 07:06:00,116700.20,116710.97,116700.20,116710.97,360,63,0
2026.02.20 07:00:00,116689.40,116700.17,116689.40,116700.17,360,63,0
2026.02.20 06:54:00,116720.02,116724.22,116688.17,116689.37,360,63,0
2026.02.20 06:48:00,116737.10,116741.72,116717.53,116719.99,360,63,0
2026.02.20 06:42:00,116726.30,116737.07,116726.30,116737.07,360,63,0
2026.02.20 06:36:00,116715.50,116726.27,116715.50,116726.27,360,63,0
2026.02.20 06:30:00,116704.70,116715.47,116704.70,116715.47,360,63,0
2026.02.20 06:24:00,116749.09,116753.47,116701.31,116704.67,360,63,0
2026.02.20 06:18:00,116754.44,116762.06,116745.94,116749.06,360,63,0
2026.02.20 06:12:00,116743.64,116754.41,116743.64,116754.41,360,63,0
2026.02.20 06:06:00,116770.22,116777.84,116740.49,116743.61,360,63,0
2026.02.20 06:00:00,116759.42,116770.19,116759.42,116770.19,360,63,0
2026.02.20 05:54:00,116748.62,116759.39,116748.62,116759.39,360,63,0
2026.02.20 05:48:00,116737.82,116748.59,116737.82,116748.59,360,63,0
2026.02.20 05:42:00,116727.02,116737.79,116727.02,116737.79,360,63,0
2026.02.20 05:36:00,116737.11,116742.21,116721.35,116726.99,360,63,0
2026.02.20 05:30:00,116726.31,116737.08,116726.31,116737.08,360,63,0
2026.02.20 05:24:00,116715.51,116726.28,116715.51,116726.28,360,63,0
2026.02.20 05:18:00,116723.14,116726.44,116708.04,116715.48,360,63,0
2026.02.20 05:12:00,116730.14,116730.47,116712.70,116723.11,360,63,0
2026.02.20 05:06:00,116719.34,116730.11,116719.34,116730.11,360,63,0
2026.02.20 05:00:00,116708.54,116719.31,116708.54,116719.31,360,63,0
2026.02.20 04:54:00,116697.74,116708.51,116697.74,116708.51,360,63,0
2026.02.20 04:48:00,116704.00,116708.26,116691.23,116697.71,360,63,0
2026.02.20 04:42:00,116693.20,116703.97,116693.20,116703.97,360,63,0
2026.02.20 04:36:00,116703.67,116705.95,116684.71,116693.17,360,63,0
2026.02.20 04:30:00,116692.87,116703.64,116692.87,116703.64,360,63,0
2026.02.20 04:24:00,116682.07,116692.84,116682.07,116692.84,360,63,0
2026.02.20 04:18:00,116671.27,116682.04,116671.27,116682.04,360,63,0
2026.02.20 04:12:00,116660.47,116671.24,116660.47,116671.24,360,63,0
2026.02.20 04:06:00,116649.67,116660.44,116649.67,116660.44,360,63,0
2026.02.20 04:00:00,116657.82,116667.81,116648.89,116649.64,360,63,0
2026.02.20 03:54:00,116647.02,116657.79,116647.02,116657.79,360,63,0
2026.02.20 03:48:00,116664.89,116673.38,116644.74,116646.99,360,63,0
2026.02.20 03:42:00,116685.54,116693.01,116661.59,116664.86,360,63,0
2026.02.20 03:36:00,116674.74,116685.51,116674.74,116685.51,360,63,0
2026.02.20 03:30:00,116663.94,116674.71,116663.94,116674.71,360,63,0
2026.02.20 03:24:00,116653.14,116663.91,116653.14,116663.91,360,63,0
2026.02.20 03:18:00,116672.93,116682.68,116652.12,116653.11,360,63,0
2026.02.20 03:12:00,116662.13,116672.90,116662.13,116672.90,360,63,0
2026.02.20 03:06:00,116651.33,116662.10,116651.33,116662.10,360,63,0
2026.02.20 03:00:00,116640.53,116651.30,116640.53,116651.30,360,63,0
2026.02.20 02:54:00,116629.73,116640.50,116629.73,116640.50,360,63,0
2026.02.20 02:48:00,116618.93,116629.70,116618.93,116629.70,360,63,0
2026.02.20 02:42:00,116633.02,116636.17,116611.31,116618.90,360,63,0
2026.02.20 02:36:00,116622.22,116632.99,116622.22,116632.99,360,63,0
2026.02.20 02:30:00,116611.42,116622.19,116611.42,116622.19,360,63,0
2026.02.20 02:24:00,116632.48,116642.08,116610.25,116611.39,360,63,0
2026.02.20 02:18:00,116621.68,116632.45,116621.68,116632.45,360,63,0
2026.02.20 02:12:00,116644.82,116651.24,116617.33,116621.65,360,63,0
2026.02.20 02:06:00,116653.29,116661.09,116641.85,116644.79,360,63,0
2026.02.20 02:00:00,116661.72,116663.97,116644.77,116653.26,360,63,0
2026.02.20 01:54:00,116650.92,116661.69,116650.92,116661.69,360,63,0
2026.02.20 01:48:00,116640.12,116650.89,116640.12,116650.89,360,63,0
2026.02.20 01:42:00,116629.32,116640.09,116629.32,116640.09,360,63,0
2026.02.20 01:36:00,116618.52,116629.29,116618.52,116629.29,360,63,0
2026.02.20 01:30:00,116620.57,116627.77,116614.95,116618.49,360,63,0
2026.02.20 01:24:00,116609.77,116620.54,116609.77,116620.54,360,63,0
2026.02.20 01:18:00,116598.97,116609.74,116598.97,116609.74,360,63,0
2026.02.20 01:12:00,116588.17,116598.94,116588.17,116598.94,360,63,0
2026.02.20 01:06:00,116577.37,116588.14,116577.37,116588.14,360,63,0
2026.02.20 01:00:00,116566.57,116577.34,116566.57,116577.34,360,63,0
2026.02.20 00:54:00,116581.77,116584.59,116558.62,116566.54,360,63,0
2026.02.20 00:48:00,116570.97,116581.74,116570.97,116581.74,360,63,0
2026.02.20 00:42:00,116582.26,116586.34,116564.28,116570.94,360,63,0
2026.02.20 00:36:00,116571.46,116582.23,116571.46,116582.23,360,63,0
2026.02.20 00:30:00,116560.66,116571.43,116560.66,116571.43,360,63,0
2026.02.20 00:24:00,116549.86,116560.63,116549.86,116560.63,360,63,0
2026.02.20 00:18:00,116539.06,116549.83,116539.06,116549.83,360,63,0
2026.02.20 00:12:00,116528.26,116539.03,116528.26,116539.03,360,63,0
2026.02.20 00:06:00,116517.46,116528.23,116517.46,116528.23,360,63,0
2026.02.20 00:00:00,116506.66,116517.43,116506.66,116517.43,360,63,0
2026.02.19 23:54:00,116495.86,116506.63,116495.86,116506.63,360,63,0
2026.02.19 23:48:00,116543.67,116545.59,116494.48,116495.83,360,63,0
2026.02.19 23:42:00,116532.87,116543.64,116532.87,116543.64,360,63,0
2026.02.19 23:36:00,116522.07,116532.84,116522.07,116532.84,360,63,0
2026.02.19 23:30:00,116526.82,116534.23,116518.68,116522.04,361,63,0
2026.02.19 23:24:00,116516.02,116526.79,116516.02,116526.79,360,63,0
2026.02.19 23:18:00,116527.03,116535.34,116513.56,116515.99,360,63,0
2026.02.19 23:12:00,116556.19,116558.20,116518.27,116527.00,360,63,0
2026.02.19 23:06:00,116545.39,116556.16,116545.39,116556.16,360,63,0
2026.02.19 23:00:00,116534.59,116545.36,116534.59,116545.36,360,63,0
2026.02.19 22:54:00,116523.79,116534.56,116523.79,116534.56,360,63,0
2026.02.19 22:48:00,116526.38,116536.67,116523.31,116523.76,360,63,0
2026.02.19 22:42:00,116515.58,116526.35,116515.58,116526.35,360,63,0
2026.02.19 22:36:00,116538.46,116546.83,116513.18,116515.55,360,63,0
2026.02.19 22:30:00,116527.66,116538.43,116527.66,116538.43,360,63,0
2026.02.19 22:24:00,116548.96,116553.73,116521.66,116527.63,360,63,0
2026.02.19 22:18:00,116538.16,116548.93,116538.16,116548.93,360,63,0
2026.02.19 22:12:00,116527.36,116538.13,116527.36,116538.13,360,63,0
2026.02.19 22:06:00,116516.56,116527.33,116516.56,116527.33,360,63,0
2026.02.19 22:00:00,116570.13,116573.61,116509.84,116516.53,360,63,0
2026.02.19 21:54:00,116578.61,116586.47,116567.22,116570.10,360,63,0
2026.02.19 21:48:00,116567.81,116578.58,116567.81,116578.58,360,63,0
2026.02.19 21:42:00,116557.01,116567.78,116557.01,116567.78,360,63,0
2026.02.19 21:36:00,116546.21,116556.98,116546.21,116556.98,360,63,0
2026.02.19 21:30:00,116585.83,116589.43,116544.98,116546.18,360,63,0
2026.02.19 21:24:00,116626.73,116628.86,116579.83,116585.80,360,63,0
2026.02.19 21:18:00,116615.93,116626.70,116615.93,116626.70,360,63,0
2026.02.19 21:12:00,116605.13,116615.90,116605.13,116615.90,360,63,0
2026.02.19 21:06:00,116594.33,116605.10,116594.33,116605.10,360,63,0
2026.02.19 21:00:00,116583.53,116594.30,116583.53,116594.30,360,63,0
2026.02.19 20:54:00,116572.73,116583.50,116572.73,116583.50,360,63,0
2026.02.19 20:48:00,116561.93,116572.70,116561.93,116572.70,360,63,0
2026.02.19 20:42:00,116551.13,116561.90,116551.13,116561.90,360,63,0
2026.02.19 20:36:00,116606.56,116609.92,116549.90,116551.10,360,63,0
2026.02.19 20:30:00,116646.70,116650.60,116604.82,116606.53,360,63,0
2026.02.19 20:24:00,116635.90,116646.67,116635.90,116646.67,360,63,0
2026.02.19 20:18:00,116693.77,116697.22,116633.26,116635.87,360,63,0
2026.02.19 20:12:00,116682.97,116693.74,116682.97,116693.74,360,63,0
2026.02.19 20:06:00,116672.17,116682.94,116672.17,116682.94,360,63,0
2026.02.19 20:00:00,116661.37,116672.14,116661.37,116672.14,360,63,0
2026.02.19 19:54:00,116650.57,116661.34,116650.57,116661.34,360,63,0
2026.02.19 19:48:00,116639.77,116650.54,116639.77,116650.54,360,63,0
2026.02.19 19:42:00,116650.32,116656.23,116634.91,116639.74,360,63,0
2026.02.19 19:36:00,116659.04,116666.63,116647.14,116650.29,360,63,0
2026.02.19 19:30:00,116648.24,116659.01,116648.24,116659.01,360,63,0
2026.02.19 19:24:00,116637.44,116648.21,116637.44,116648.21,360,63,0
2026.02.19 19:18:00,116626.64,116637.41,116626.64,116637.41,360,63,0
2026.02.19 19:12:00,116637.16,116646.49,116625.20,116626.61,360,63,0
2026.02.19 19:06:00,116626.36,116637.13,116626.36,116637.13,360,63,0
2026.02.19 19:00:00,116615.56,116626.33,116615.56,116626.33,360,63,0
2026.02.19 18:54:00,116604.76,116615.53,116604.76,116615.53,360,63,0
2026.02.19 18:48:00,116593.96,116604.73,116593.96,116604.73,360,63,0
2026.02.19 18:42:00,116615.04,116617.20,116585.35,116593.93,360,63,0
2026.02.19 18:36:00,116622.73,116623.63,116605.17,116615.01,360,63,0
2026.02.19 18:30:00,116611.93,116622.70,116611.93,116622.70,360,63,0
2026.02.19 18:24:00,116633.79,116635.83,116603.20,116611.90,360,63,0
2026.02.19 18:18:00,116648.91,116650.44,116624.55,116633.76,360,63,0
2026.02.19 18:12:00,116638.11,116648.88,116638.11,116648.88,360,63,0
2026.02.19 18:06:00,116627.31,116638.08,116627.31,116638.08,360,63,0
2026.02.19 18:00:00,116616.51,116627.28,116616.51,116627.28,360,63,0
2026.02.19 17:54:00,116605.71,116616.48,116605.71,116616.48,360,63,0
2026.02.19 17:48:00,116607.13,116617.03,116604.84,116605.68,360,63,0
2026.02.19 17:42:00,116631.53,116634.89,116599.72,116607.10,360,63,0
2026.02.19 17:36:00,116642.17,116644.24,116622.83,116631.50,360,63,0
2026.02.19 17:30:00,116631.37,116642.14,116631.37,116642.14,360,63,0
2026.02.19 17:24:00,116620.57,116631.34,116620.57,116631.34,360,63,0
2026.02.19 17:18:00,116609.77,116620.54,116609.77,116620.54,360,63,0
2026.02.19 17:12:00,116676.30,116683.74,116609.23,116609.74,360,63,0
2026.02.19 17:06:00,116665.50,116676.27,116665.50,116676.27,360,63,0
2026.02.19 17:00:00,116654.70,116665.47,116654.70,116665.47,360,63,0
2026.02.19 16:54:00,116643.90,116654.67,116643.90,116654.67,360,63,0
2026.02.19 16:48:00,116673.99,116678.82,116642.40,116643.87,360,63,0
2026.02.19 16:42:00,116663.19,116673.96,116663.19,116673.96,360,63,0
2026.02.19 16:36:00,116652.39,116663.16,116652.39,116663.16,360,63,0
2026.02.19 16:30:00,116641.59,116652.36,116641.59,116652.36,360,63,0
2026.02.19 16:24:00,116630.79,116641.56,116630.79,116641.56,360,63,0
2026.02.19 16:18:00,116726.43,116728.59,116630.76,116630.76,360,63,0
2026.02.19 16:12:00,116728.81,116735.23,116722.08,116726.40,360,63,0
2026.02.19 16:06:00,116718.01,116728.78,116718.01,116728.78,360,63,0
2026.02.19 16:00:00,116731.50,116734.80,116710.54,116717.98,360,63,0
2026.02.19 15:54:00,116720.70,116731.47,116720.70,116731.47,360,63,0
2026.02.19 15:48:00,116733.51,116741.46,116717.88,116720.67,360,63,0
2026.02.19 15:42:00,116722.71,116733.48,116722.71,116733.48,360,63,0
2026.02.19 15:36:00,116784.65,116791.37,116720.70,116722.68,360,63,0
2026.02.19 15:30:00,116796.61,116804.59,116781.86,116784.62,360,63,0
2026.02.19 15:24:00,116785.81,116796.58,116785.81,116796.58,360,63,0
2026.02.19 15:18:00,116803.54,116813.65,116785.15,116785.78,360,63,0
2026.02.19 15:12:00,116792.74,116803.51,116792.74,116803.51,360,63,0
2026.02.19 15:06:00,116781.94,116792.71,116781.94,116792.71,360,63,0
2026.02.19 15:00:00,116804.95,116815.18,116781.40,116781.91,360,63,0
2026.02.19 14:54:00,116818.64,116824.67,116800.21,116804.92,360,63,0
2026.02.19 14:48:00,116847.90,116857.38,116817.35,116818.61,360,63,0
2026.02.19 14:42:00,116837.10,116847.87,116837.10,116847.87,360,63,0
2026.02.19 14:36:00,116826.30,116837.07,116826.30,116837.07,360,63,0
2026.02.19 14:30:00,116878.48,116881.24,116825.19,116826.27,360,63,0
2026.02.19 14:24:00,116867.65,116878.45,116867.65,116878.45,361,63,0
2026.02.19 14:18:00,116856.85,116867.62,116856.85,116867.62,360,63,0
2026.02.19 14:12:00,116868.38,116875.16,116852.86,116856.82,360,63,0
2026.02.19 14:06:00,116887.04,116897.21,116867.78,116868.35,360,63,0
2026.02.19 14:00:00,116905.98,116910.84,116881.13,116887.01,360,63,0
2026.02.19 13:54:00,116920.55,116921.84,116896.50,116905.95,360,63,0
2026.02.19 13:48:00,116909.75,116920.52,116909.75,116920.52,360,63,0
2026.02.19 13:42:00,116898.95,116909.72,116898.95,116909.72,360,63,0
2026.02.19 13:36:00,116888.15,116898.92,116888.15,116898.92,360,63,0
2026.02.19 13:30:00,116877.35,116888.12,116877.35,116888.12,360,63,0
2026.02.19 13:24:00,116866.55,116877.32,116866.55,116877.32,360,63,0
2026.02.19 13:18:00,116887.60,116898.37,116887.60,116898.37,360,63,0
2026.02.19 13:12:00,116876.80,116887.57,116876.80,116887.57,360,63,0
2026.02.19 13:06:00,116883.59,116883.59,116866.03,116876.77,360,63,0
2026.02.19 13:00:00,116891.05,116900.86,116882.63,116883.56,360,63,0
2026.02.19 12:54:00,116880.25,116891.02,116880.25,116891.02,360,63,0
2026.02.19 12:48:00,116893.18,116897.59,116873.89,116880.22,360,63,0
2026.02.19 12:42:00,116882.38,116893.15,116882.38,116893.15,360,63,0
2026.02.19 12:36:00,116885.76,116888.55,116874.40,116882.35,360,63,0
2026.02.19 12:30:00,116874.96,116885.73,116874.96,116885.73,360,63,0
2026.02.19 12:24:00,116890.59,116899.32,116872.92,116874.93,360,63,0
2026.02.19 12:18:00,116879.79,116890.56,116879.79,116890.56,360,63,0
2026.02.19 12:12:00,116868.99,116879.76,116868.99,116879.76,360,63,0
2026.02.19 12:06:00,116858.19,116868.96,116858.19,116868.96,360,63,0
2026.02.19 12:00:00,116847.39,116858.16,116847.39,116858.16,360,63,0
2026.02.19 11:54:00,116836.59,116847.36,116836.59,116847.36,360,63,0
2026.02.19 11:48:00,116825.79,116836.56,116825.79,116836.56,360,63,0
2026.02.19 11:42:00,116814.99,116825.76,116814.99,116825.76,360,63,0
2026.02.19 11:36:00,116804.19,116814.96,116804.19,116814.96,360,63,0
2026.02.19 11:30:00,116807.25,116814.12,116800.29,116804.16,360,63,0
2026.02.19 11:24:00,116796.45,116807.22,116796.45,116807.22,360,63,0
2026.02.19 11:18:00,116785.65,116796.42,116785.65,116796.42,360,63,0
2026.02.19 11:12:00,116810.98,116818.00,116781.90,116785.62,360,63,0
2026.02.19 11:06:00,116800.18,116810.95,116800.18,116810.95,360,63,0
2026.02.19 11:00:00,116819.15,116821.82,116792.08,116800.15,360,63,0
2026.02.19 10:54:00,116825.57,116831.33,116814.14,116819.12,360,63,0
2026.02.19 10:48:00,116847.54,116849.82,116817.08,116825.54,360,63,0
2026.02.19 10:42:00,116872.76,116880.71,116844.72,116847.51,360,63,0
2026.02.19 10:36:00,116874.88,116881.45,116868.56,116872.73,360,63,0
2026.02.19 10:30:00,116864.08,116874.85,116864.08,116874.85,360,63,0
2026.02.19 10:24:00,116853.28,116864.05,116853.28,116864.05,360,63,0
2026.02.19 10:18:00,116864.02,116872.90,116851.39,116853.25,360,63,0
2026.02.19 10:12:00,116853.22,116863.99,116853.22,116863.99,360,63,0
2026.02.19 10:06:00,116842.42,116853.19,116842.42,116853.19,360,63,0
2026.02.19 10:00:00,116849.55,116859.78,116841.88,116842.39,360,63,0
2026.02.19 09:54:00,116838.75,116849.52,116838.75,116849.52,360,63,0
2026.02.19 09:48:00,116854.05,116862.84,116836.77,116838.72,360,63,0
2026.02.19 09:42:00,116843.25,116854.02,116843.25,116854.02,360,63,0
2026.02.19 09:36:00,116871.40,116878.66,116843.10,116843.22,360,63,0
2026.02.19 09:30:00,116860.60,116871.37,116860.60,116871.37,360,63,0
2026.02.19 09:24:00,116849.80,116860.57,116849.80,116860.57,360,63,0
2026.02.19 09:18:00,116839.00,116849.77,116839.00,116849.77,360,63,0
2026.02.19 09:12:00,116828.20,116838.97,116828.20,116838.97,360,63,0
2026.02.19 09:06:00,116817.40,116828.17,116817.40,116828.17,360,63,0
2026.02.19 09:00:00,116826.53,116835.86,116815.96,116817.37,360,63,0
2026.02.19 08:54:00,116835.99,116836.98,116816.75,116826.50,360,63,0
2026.02.19 08:48:00,116825.19,116835.96,116825.19,116835.96,360,63,0
2026.02.19 08:42:00,116830.80,116838.84,116822.46,116825.16,360,63,0
2026.02.19 08:36:00,116820.00,116830.77,116820.00,116830.77,360,63,0
2026.02.19 08:30:00,116824.73,116826.95,116811.45,116819.97,360,63,0
2026.02.19 08:24:00,116829.27,116839.56,116824.25,116824.70,360,63,0
2026.02.19 08:18:00,116849.26,116858.17,116827.41,116829.24,360,63,0
2026.02.19 08:12:00,116857.39,116857.48,116838.58,116849.23,360,63,0
2026.02.19 08:06:00,116846.59,116857.36,116846.59,116857.36,360,63,0
2026.02.19 08:00:00,116856.92,116865.02,116843.92,116846.56,360,63,0
2026.02.19 07:54:00,116846.12,116856.89,116846.12,116856.89,360,63,0
2026.02.19 07:48:00,116867.61,116868.09,116835.83,116846.09,360,63,0
2026.02.19 07:42:00,116856.81,116867.58,116856.81,116867.58,360,63,0
2026.02.19 07:36:00,116846.01,116856.78,116846.01,116856.78,360,63,0
2026.02.19 07:30:00,116889.78,116897.04,116842.59,116845.98,360,63,0
2026.02.19 07:24:00,116915.68,116920.81,116884.14,116889.75,360,63,0
2026.02.19 07:18:00,116904.88,116915.65,116904.88,116915.65,360,63,0
2026.02.19 07:12:00,116894.08,116904.85,116894.08,116904.85,360,63,0
2026.02.19 07:06:00,116896.24,116899.39,116886.46,116894.05,360,63,0
2026.02.19 07:00:00,116885.44,116896.21,116885.44,116896.21,360,63,0
2026.02.19 06:54:00,116874.64,116885.41,116874.64,116885.41,360,63,0
2026.02.19 06:48:00,116907.26,116909.60,116866.21,116874.61,360,63,0
2026.02.19 06:42:00,116896.46,116907.23,116896.46,116907.23,360,63,0
2026.02.19 06:36:00,116956.24,116961.49,116894.81,116896.43,360,63,0
2026.02.19 06:30:00,116945.44,116956.21,116945.44,116956.21,360,63,0
2026.02.19 06:24:00,116934.64,116945.41,116934.64,116945.41,360,63,0
2026.02.19 06:18:00,116923.84,116934.61,116923.84,116934.61,360,63,0
2026.02.19 06:12:00,116944.67,116953.67,116922.07,116923.81,360,63,0
2026.02.19 06:06:00,116977.92,116979.84,116935.82,116944.64,360,63,0
2026.02.19 06:00:00,116987.73,116996.40,116975.82,116977.89,360,63,0
2026.02.19 05:54:00,117017.17,117017.35,117004.56,117015.12,360,63,0
2026.02.19 05:48:00,117006.37,117017.14,117006.37,117017.14,360,63,0
2026.02.19 05:42:00,117008.52,117011.85,116998.93,117006.34,360,63,0
2026.02.19 05:36:00,117012.60,117015.27,117000.42,117008.49,360,63,0
2026.02.19 05:30:00,117001.80,117012.57,117001.80,117012.57,360,63,0
2026.02.19 05:24:00,116991.00,117001.77,116991.00,117001.77,360,63,0
2026.02.19 05:18:00,116980.17,116990.97,116980.17,116990.97,361,63,0
2026.02.19 05:12:00,116969.37,116980.14,116969.37,116980.14,360,63,0
2026.02.19 05:06:00,116958.57,116969.34,116958.57,116969.34,360,63,0
2026.02.19 05:00:00,116991.48,116994.87,116951.19,116958.54,360,63,0
2026.02.19 04:54:00,116980.68,116991.45,116980.68,116991.45,360,63,0
2026.02.19 04:48:00,116989.35,116996.37,116976.93,116980.65,360,63,0
2026.02.19 04:42:00,117009.85,117019.36,116988.09,116989.32,360,63,0
2026.02.19 04:36:00,116999.05,117009.82,116999.05,117009.82,360,63,0
2026.02.19 04:30:00,116988.25,116999.02,116988.25,116999.02,360,63,0
2026.02.19 04:24:00,117005.46,117012.60,116984.62,116988.22,360,63,0
2026.02.19 04:18:00,116994.66,117005.43,116994.66,117005.43,360,63,0
2026.02.19 04:12:00,117000.50,117010.94,116994.33,116994.63,360,63,0
2026.02.19 04:06:00,116989.70,117000.47,116989.70,117000.47,360,63,0
2026.02.19 04:00:00,117010.57,117011.89,116980.25,116989.67,360,63,0
2026.02.19 03:54:00,117030.03,117033.72,117003.49,117010.54,360,63,0
2026.02.19 03:48:00,117036.60,117037.80,117020.46,117030.00,360,63,0
2026.02.19 03:42:00,117059.46,117063.96,117036.30,117036.57,360,63,0
2026.02.19 03:36:00,117078.02,117079.01,117049.68,117059.43,360,63,0
2026.02.19 03:30:00,117086.62,117095.98,117076.61,117077.99,360,63,0
2026.02.19 03:24:00,117075.82,117086.59,117075.82,117086.59,360,63,0
2026.02.19 03:18:00,117065.02,117075.79,117065.02,117075.79,360,63,0
2026.02.19 03:12:00,117054.22,117064.99,117054.22,117064.99,360,63,0
2026.02.19 03:06:00,117043.42,117054.19,117043.42,117054.19,360,63,0
2026.02.19 03:00:00,117050.83,117051.64,117033.46,117043.39,360,63,0
2026.02.19 02:54:00,117040.03,117050.80,117040.03,117050.80,360,63,0
2026.02.19 02:48:00,117029.23,117040.00,117029.23,117040.00,360,63,0
2026.02.19 02:42:00,117018.43,117029.20,117018.43,117029.20,360,63,0
2026.02.19 02:36:00,117007.63,117018.40,117007.63,117018.40,360,63,0
2026.02.19 02:30:00,116996.83,117007.60,116996.83,117007.60,360,63,0
2026.02.19 02:24:00,116986.03,116996.80,116986.03,116996.80,360,63,0
2026.02.19 02:18:00,116992.68,116994.45,116977.03,116986.00,360,63,0
2026.02.19 02:12:00,117007.02,117012.48,116987.37,116992.65,360,63,0
2026.02.19 02:06:00,117009.72,117010.56,116997.09,117006.99,360,63,0
2026.02.19 02:00:00,116998.92,117009.69,116998.92,117009.69,360,63,0
2026.02.19 01:54:00,117003.05,117003.05,116988.15,116998.89,360,63,0
2026.02.19 01:48:00,116992.25,117003.02,116992.25,117003.02,360,63,0
2026.02.19 01:42:00,116981.45,116992.22,116981.45,116992.22,360,63,0
2026.02.19 01:36:00,116970.65,116981.42,116970.65,116981.42,360,63,0
2026.02.19 01:30:00,116959.85,116970.62,116959.85,116970.62,360,63,0
2026.02.19 01:24:00,116949.05,116959.82,116949.05,116959.82,360,63,0
2026.02.19 01:18:00,116938.25,116949.02,116938.25,116949.02,360,63,0
2026.02.19 01:12:00,116946.61,116948.50,116929.37,116938.22,360,63,0
2026.02.19 01:06:00,116949.43,116952.76,116939.17,116946.58,360,63,0
2026.02.19 01:00:00,116938.63,116949.40,116938.63,116949.40,360,63,0
2026.02.19 00:54:00,116927.83,116938.60,116927.83,116938.60,360,63,0
2026.02.19 00:48:00,116938.56,116940.84,116919.34,116927.80,360,63,0
2026.02.19 00:42:00,116927.76,116938.53,116927.76,116938.53,360,63,0
2026.02.19 00:36:00,116916.96,116927.73,116916.96,116927.73,360,63,0
2026.02.19 00:30:00,116906.16,116916.93,116906.16,116916.93,360,63,0
2026.02.19 00:24:00,116895.36,116906.13,116895.36,116906.13,360,63,0
2026.02.19 00:18:00,116902.30,116908.78,116891.07,116895.33,360,63,0
2026.02.19 00:12:00,116923.20,116925.00,116900.59,116902.27,360,63,0
2026.02.19 00:06:00,116912.40,116923.17,116912.40,116923.17,360,63,0
2026.02.19 00:00:00,116914.83,116922.63,116909.43,116912.37,360,63,0
2026.02.18 23:54:00,116927.48,116930.12,116906.70,116914.80,360,63,0
2026.02.18 23:48:00,116916.68,116927.45,116916.68,116927.45,360,63,0
2026.02.18 23:42:00,116905.88,116916.65,116905.88,116916.65,360,63,0
2026.02.18 23:36:00,116913.53,116921.00,116902.58,116905.85,360,63,0
2026.02.18 23:30:00,116902.73,116913.50,116902.73,116913.50,360,63,0
2026.02.18 23:24:00,116907.63,116911.47,116895.80,116902.70,360,63,0
2026.02.18 23:18:00,116909.89,116917.72,116904.69,116907.60,360,63,0
2026.02.18 23:12:00,116926.66,116931.91,116904.37,116909.86,360,63,0
2026.02.18 23:06:00,116915.86,116926.63,116915.86,116926.63,360,63,0
2026.02.18 23:00:00,116905.06,116915.83,116905.06,116915.83,360,63,0
2026.02.18 22:54:00,116894.26,116905.03,116894.26,116905.03,360,63,0
2026.02.18 22:48:00,116883.46,116894.23,116883.46,116894.23,360,63,0
2026.02.18 22:42:00,116872.66,116883.43,116872.66,116883.43,360,63,0
2026.02.18 22:36:00,116861.86,116872.63,116861.86,116872.63,360,63,0
2026.02.18 22:30:00,116868.09,116873.58,116856.58,116861.83,360,63,0
2026.02.18 22:24:00,116857.29,116868.06,116857.29,116868.06,360,63,0
2026.02.18 22:18:00,116884.38,116886.48,116848.62,116857.26,360,63,0
2026.02.18 22:12:00,116897.84,116899.31,116875.08,116884.35,360,63,0
2026.02.18 22:06:00,116925.37,116930.62,116893.88,116897.81,360,63,0
2026.02.18 22:00:00,116928.36,116930.64,116916.88,116925.34,360,63,0
2026.02.18 21:54:00,116917.56,116928.33,116917.56,116928.33,360,63,0
2026.02.18 21:48:00,116921.91,116922.57,116907.45,116917.53,360,63,0
2026.02.18 21:42:00,116911.11,116921.88,116911.11,116921.88,360,63,0
2026.02.18 21:36:00,116900.31,116911.08,116900.31,116911.08,360,63,0
2026.02.18 21:30:00,116889.51,116900.28,116889.51,116900.28,360,63,0
2026.02.18 21:24:00,116878.71,116889.48,116878.71,116889.48,360,63,0
2026.02.18 21:18:00,116867.91,116878.68,116867.91,116878.68,360,63,0
2026.02.18 21:12:00,116857.11,116867.88,116857.11,116867.88,360,63,0
2026.02.18 21:06:00,116861.22,116868.06,116853.18,116857.08,360,63,0
2026.02.18 21:00:00,116850.42,116861.19,116850.42,116861.19,360,63,0
2026.02.18 20:54:00,116839.62,116850.39,116839.62,116850.39,360,63,0
2026.02.18 20:48:00,116879.14,116880.43,116837.58,116839.59,360,63,0
2026.02.18 20:42:00,116911.02,116915.43,116872.78,116879.11,360,63,0
2026.02.18 20:36:00,116900.22,116910.99,116900.22,116910.99,360,63,0
2026.02.18 20:30:00,116889.42,116900.19,116889.42,116900.19,360,63,0
2026.02.18 20:24:00,116906.89,116915.02,116886.78,116889.39,360,63,0
2026.02.18 20:18:00,116950.57,116957.77,116903.68,116906.86,360,63,0
2026.02.18 20:12:00,116939.74,116950.54,116939.74,116950.54,361,63,0
2026.02.18 20:06:00,116928.94,116939.71,116928.94,116939.71,360,63,0
2026.02.18 20:00:00,116918.14,116928.91,116918.14,116928.91,360,63,0
2026.02.18 19:54:00,116930.59,116940.22,116917.00,116918.11,360,63,0
2026.02.18 19:48:00,116919.79,116930.56,116919.79,116930.56,360,63,0
2026.02.18 19:42:00,116908.99,116919.76,116908.99,116919.76,360,63,0
2026.02.18 19:36:00,116913.70,116915.59,116900.11,116908.96,360,63,0
2026.02.18 19:30:00,116902.90,116913.67,116902.90,116913.67,360,63,0
2026.02.18 19:24:00,116892.10,116902.87,116892.10,116902.87,360,63,0
2026.02.18 19:18:00,116881.30,116892.07,116881.30,116892.07,360,63,0
2026.02.18 19:12:00,116870.50,116881.27,116870.50,116881.27,360,63,0
2026.02.18 19:06:00,116887.26,116898.00,116870.47,116870.47,360,63,0
2026.02.18 19:00:00,116895.67,116902.33,116883.15,116887.23,360,63,0
2026.02.18 18:54:00,116917.39,116921.14,116895.52,116895.64,360,63,0
2026.02.18 18:48:00,116906.59,116917.36,116906.59,116917.36,360,63,0
2026.02.18 18:42:00,116909.89,116918.83,116904.76,116906.56,360,63,0
2026.02.18 18:36:00,116939.12,116939.96,116907.85,116909.86,360,63,0
2026.02.18 18:30:00,116928.32,116939.09,116928.32,116939.09,360,63,0
2026.02.18 18:24:00,116917.52,116928.29,116917.52,116928.29,360,63,0
2026.02.18 18:18:00,116906.72,116917.49,116906.72,116917.49,360,63,0
2026.02.18 18:12:00,116895.92,116906.69,116895.92,116906.69,360,63,0
2026.02.18 18:06:00,116885.12,116895.89,116885.12,116895.89,360,63,0
2026.02.18 18:00:00,116874.32,116885.09,116874.32,116885.09,360,63,0
2026.02.18 17:54:00,116903.76,116905.20,116864.99,116874.29,360,63,0
2026.02.18 17:48:00,116892.96,116903.73,116892.96,116903.73,360,63,0
2026.02.18 17:42:00,116882.16,116892.93,116882.16,116892.93,360,63,0
2026.02.18 17:36:00,116918.22,116926.68,116879.97,116882.13,360,63,0
2026.02.18 17:30:00,116907.42,116918.19,116907.42,116918.19,360,63,0
2026.02.18 17:24:00,116896.62,116907.39,116896.62,116907.39,360,63,0
2026.02.18 17:18:00,116885.82,116896.59,116885.82,116896.59,360,63,0
2026.02.18 17:12:00,116875.02,116885.79,116875.02,116885.79,360,63,0
2026.02.18 17:06:00,116881.39,116888.11,116870.97,116874.99,360,63,0
2026.02.18 17:00:00,116870.59,116881.36,116870.59,116881.36,360,63,0
2026.02.18 16:54:00,116859.79,116870.56,116859.79,116870.56,360,63,0
2026.02.18 16:48:00,116848.99,116859.76,116848.99,116859.76,360,63,0
2026.02.18 16:42:00,116838.19,116848.96,116838.19,116848.96,360,63,0
2026.02.18 16:36:00,116854.57,116864.56,116837.41,116838.16,360,63,0
2026.02.18 16:30:00,116843.77,116854.54,116843.77,116854.54,360,63,0
2026.02.18 16:24:00,116832.97,116843.74,116832.97,116843.74,360,63,0
2026.02.18 16:18:00,116822.17,116832.94,116822.17,116832.94,360,63,0
2026.02.18 16:12:00,116811.37,116822.14,116811.37,116822.14,360,63,0
2026.02.18 16:06:00,116800.57,116811.34,116800.57,116811.34,360,63,0
2026.02.18 16:00:00,116789.77,116800.54,116789.77,116800.54,360,63,0
2026.02.18 15:54:00,116778.97,116789.74,116778.97,116789.74,360,63,0
2026.02.18 15:48:00,116768.17,116778.94,116768.17,116778.94,360,63,0
2026.02.18 15:42:00,116757.37,116768.14,116757.37,116768.14,360,63,0
2026.02.18 15:36:00,116746.57,116757.34,116746.57,116757.34,360,63,0
2026.02.18 15:30:00,116798.42,116800.46,116742.85,116746.54,360,63,0
2026.02.18 15:24:00,116815.76,116821.85,116793.74,116798.39,360,63,0
2026.02.18 15:18:00,116841.60,116844.39,116807.78,116815.73,360,63,0
2026.02.18 15:12:00,116856.55,116857.27,116831.55,116841.57,360,63,0
2026.02.18 15:06:00,116862.28,116872.66,116856.16,116856.52,360,63,0
2026.02.18 15:00:00,116851.48,116862.25,116851.48,116862.25,360,63,0
2026.02.18 14:54:00,116912.91,116919.09,116847.85,116851.45,360,63,0
2026.02.18 14:48:00,116929.24,116934.34,116907.24,116912.88,360,63,0
2026.02.18 14:42:00,116918.44,116929.21,116918.44,116929.21,360,63,0
2026.02.18 14:36:00,116907.64,116918.41,116907.64,116918.41,360,63,0
2026.02.18 14:30:00,116896.84,116907.61,116896.84,116907.61,360,63,0
2026.02.18 14:24:00,116902.32,116908.38,116892.13,116896.81,360,63,0
2026.02.18 14:18:00,116891.52,116902.29,116891.52,116902.29,360,63,0
2026.02.18 14:12:00,116880.72,116891.49,116880.72,116891.49,360,63,0
2026.02.18 14:06:00,116882.23,116892.04,116879.76,116880.69,360,63,0
2026.02.18 14:00:00,116871.43,116882.20,116871.43,116882.20,360,63,0
2026.02.18 13:54:00,116860.63,116871.40,116860.63,116871.40,360,63,0
2026.02.18 13:48:00,116849.83,116860.60,116849.83,116860.60,360,63,0
2026.02.18 13:42:00,116839.03,116849.80,116839.03,116849.80,360,63,0
2026.02.18 13:36:00,116847.98,116852.24,116832.52,116839.00,360,63,0
2026.02.18 13:30:00,116851.24,116855.92,116841.89,116847.95,360,63,0
2026.02.18 13:24:00,116866.33,116874.46,116848.60,116851.21,360,63,0
2026.02.18 13:18:00,116855.53,116866.30,116855.53,116866.30,360,63,0
2026.02.18 13:12:00,116844.73,116855.50,116844.73,116855.50,360,63,0
2026.02.18 13:06:00,116833.93,116844.70,116833.93,116844.70,360,63,0
2026.02.18 13:00:00,116878.36,116884.21,116832.46,116833.90,360,63,0
2026.02.18 12:54:00,116886.94,116891.08,116871.73,116878.33,360,63,0
2026.02.18 12:48:00,116899.16,116901.83,116878.84,116886.91,360,63,0
2026.02.18 12:42:00,116888.36,116899.13,116888.36,116899.13,360,63,0
2026.02.18 12:36:00,116877.56,116888.33,116877.56,116888.33,360,63,0
2026.02.18 12:30:00,116866.76,116877.53,116866.76,116877.53,360,63,0
2026.02.18 12:24:00,116855.96,116866.73,116855.96,116866.73,360,63,0
2026.02.18 12:18:00,116845.16,116855.93,116845.16,116855.93,360,63,0
2026.02.18 12:12:00,116834.36,116845.13,116834.36,116845.13,360,63,0
2026.02.18 12:06:00,116844.92,116847.14,116825.81,116834.33,360,63,0
2026.02.18 12:00:00,116873.45,116875.43,116836.13,116844.89,360,63,0
2026.02.18 11:54:00,116862.65,116873.42,116862.65,116873.42,360,63,0
2026.02.18 11:48:00,116851.85,116862.62,116851.85,116862.62,360,63,0
2026.02.18 11:42:00,116865.71,116874.44,116849.81,116851.82,360,63,0
2026.02.18 11:36:00,116880.46,116887.45,116861.93,116865.68,360,63,0
2026.02.18 11:30:00,116869.66,116880.43,116869.66,116880.43,360,63,0
2026.02.18 11:24:00,116858.86,116869.63,116858.86,116869.63,360,63,0
2026.02.18 11:18:00,116848.06,116858.83,116848.06,116858.83,360,63,0
2026.02.18 11:12:00,116837.26,116848.03,116837.26,116848.03,360,63,0
2026.02.18 11:06:00,116850.07,116854.93,116831.32,116837.23,361,63,0
2026.02.18 11:00:00,116839.27,116850.04,116839.27,116850.04,360,63,0
2026.02.18 10:54:00,116828.47,116839.24,116828.47,116839.24,360,63,0
2026.02.18 10:48:00,116817.67,116828.44,116817.67,116828.44,360,63,0
2026.02.18 10:42:00,116806.87,116817.64,116806.87,116817.64,360,63,0
2026.02.18 10:36:00,116808.36,116814.78,116802.52,116806.84,360,63,0
2026.02.18 10:30:00,116862.60,116864.40,116804.52,116808.33,360,63,0
2026.02.18 10:24:00,116869.54,116874.40,116856.69,116862.57,360,63,0
2026.02.18 10:18:00,116858.74,116869.51,116858.74,116869.51,360,63,0
2026.02.18 10:12:00,116875.99,116879.29,116851.27,116858.71,360,63,0
2026.02.18 10:06:00,116901.62,116907.02,116870.62,116875.96,360,63,0
2026.02.18 10:00:00,116903.27,116905.82,116893.40,116901.59,360,63,0
2026.02.18 09:54:00,116908.26,116910.33,116894.57,116903.24,360,63,0
2026.02.18 09:48:00,116917.82,116919.32,116898.99,116908.23,360,63,0
2026.02.18 09:42:00,116907.02,116917.79,116907.02,116917.79,360,63,0
2026.02.18 09:36:00,116896.22,116906.99,116896.22,116906.99,360,63,0
2026.02.18 09:30:00,116919.68,116929.58,116895.35,116896.19,360,63,0
2026.02.18 09:24:00,116928.57,116933.91,116914.25,116919.65,360,63,0
2026.02.18 09:18:00,116917.77,116928.54,116917.77,116928.54,360,63,0
2026.02.18 09:12:00,116906.97,116917.74,116906.97,116917.74,360,63,0
2026.02.18 09:06:00,116896.17,116906.94,116896.17,116906.94,360,63,0
2026.02.18 09:00:00,116885.37,116896.14,116885.37,116896.14,360,63,0
2026.02.18 08:54:00,116874.57,116885.34,116874.57,116885.34,360,63,0
2026.02.18 08:48:00,116877.63,116885.01,116871.18,116874.54,360,63,0
2026.02.18 08:42:00,116882.19,116886.15,116870.82,116877.60,360,63,0
2026.02.18 08:36:00,116889.34,116899.60,116881.68,116882.16,360,63,0
2026.02.18 08:30:00,116878.54,116889.31,116878.54,116889.31,360,63,0
2026.02.18 08:24:00,116867.74,116878.51,116867.74,116878.51,360,63,0
2026.02.18 08:18:00,116885.55,116894.61,116866.03,116867.71,360,63,0
2026.02.18 08:12:00,116887.84,116888.68,116875.62,116885.52,360,63,0
2026.02.18 08:06:00,116909.46,116915.64,116883.25,116887.81,360,63,0
2026.02.18 08:00:00,116910.79,116920.81,116908.71,116909.43,360,63,0
2026.02.18 07:54:00,116899.99,116910.76,116899.99,116910.76,360,63,0
2026.02.18 07:48:00,116918.56,116928.82,116899.48,116899.96,360,63,0
2026.02.18 07:42:00,116923.18,116929.00,116913.61,116918.53,360,63,0
2026.02.18 07:36:00,116912.38,116923.15,116912.38,116923.15,360,63,0
2026.02.18 07:30:00,116917.77,116922.03,116905.87,116912.35,360,63,0
2026.02.18 07:24:00,116949.85,116956.90,116916.60,116917.74,360,63,0
2026.02.18 07:18:00,116939.05,116949.82,116939.05,116949.82,360,63,0
2026.02.18 07:12:00,116945.96,116951.63,116933.95,116939.02,360,63,0
2026.02.18 07:06:00,116935.16,116945.93,116935.16,116945.93,360,63,0
2026.02.18 07:00:00,116924.36,116935.13,116924.36,116935.13,360,63,0
2026.02.18 06:54:00,116934.64,116937.19,116916.14,116924.33,360,63,0
2026.02.18 06:48:00,116923.84,116934.61,116923.84,116934.61,360,63,0
2026.02.18 06:42:00,116913.04,116923.81,116913.04,116923.81,360,63,0
2026.02.18 06:36:00,116902.24,116913.01,116902.24,116913.01,360,63,0
2026.02.18 06:30:00,116891.44,116902.21,116891.44,116902.21,360,63,0
2026.02.18 06:24:00,116880.64,116891.41,116880.64,116891.41,360,63,0
2026.02.18 06:18:00,116886.39,116896.29,116879.77,116880.61,360,63,0
2026.02.18 06:12:00,116875.59,116886.36,116875.59,116886.36,360,63,0
2026.02.18 06:06:00,116864.79,116875.56,116864.79,116875.56,360,63,0
2026.02.18 06:00:00,116897.99,116906.51,116862.54,116864.76,360,63,0
2026.02.18 05:54:00,116887.19,116897.96,116887.19,116897.96,360,63,0
2026.02.18 05:48:00,116900.97,116903.64,116879.09,116887.16,360,63,0
2026.02.18 05:42:00,116890.17,116900.94,116890.17,116900.94,360,63,0
2026.02.18 05:36:00,116879.37,116890.14,116879.37,116890.14,360,63,0
2026.02.18 05:30:00,116887.32,116890.65,116871.93,116879.34,360,63,0
2026.02.18 05:24:00,116876.52,116887.29,116876.52,116887.29,360,63,0
2026.02.18 05:18:00,116865.72,116876.49,116865.72,116876.49,360,63,0
2026.02.18 05:12:00,116854.92,116865.69,116854.92,116865.69,360,63,0
2026.02.18 05:06:00,116864.24,116870.96,116850.87,116854.89,360,63,0
2026.02.18 05:00:00,116912.03,116914.19,116863.07,116864.21,360,63,0
2026.02.18 04:54:00,116918.27,116924.78,116907.77,116912.00,360,63,0
2026.02.18 04:48:00,116907.47,116918.24,116907.47,116918.24,360,63,0
2026.02.18 04:42:00,116896.67,116907.44,116896.67,116907.44,360,63,0
2026.02.18 04:36:00,116885.87,116896.64,116885.87,116896.64,360,63,0
2026.02.18 04:30:00,116875.07,116885.84,116875.07,116885.84,360,63,0
2026.02.18 04:24:00,116902.22,116909.00,116871.08,116875.04,360,63,0
2026.02.18 04:18:00,116891.42,116902.19,116891.42,116902.19,360,63,0
2026.02.18 04:12:00,116880.62,116891.39,116880.62,116891.39,360,63,0
2026.02.18 04:06:00,116894.92,116902.69,116877.62,116880.59,360,63,0
2026.02.18 04:00:00,116884.12,116894.89,116884.12,116894.89,360,63,0
2026.02.18 03:54:00,116907.24,116908.29,116882.77,116884.09,360,63,0
2026.02.18 03:48:00,116957.67,116962.20,116905.08,116907.21,360,63,0
2026.02.18 03:42:00,116946.87,116957.64,116946.87,116957.64,360,63,0
2026.02.18 03:36:00,116948.26,116954.41,116942.25,116946.84,360,63,0
2026.02.18 03:30:00,116937.46,116948.23,116937.46,116948.23,360,63,0
2026.02.18 03:24:00,116926.66,116937.43,116926.66,116937.43,360,63,0
2026.02.18 03:18:00,116935.89,116937.81,116917.81,116926.63,360,63,0
2026.02.18 03:12:00,116925.09,116935.86,116925.09,116935.86,360,63,0
2026.02.18 03:06:00,116914.29,116925.06,116914.29,116925.06,360,63,0
2026.02.18 03:00:00,116918.10,116927.34,116912.76,116914.26,360,63,0
2026.02.18 02:54:00,116907.30,116918.07,116907.30,116918.07,360,63,0
2026.02.18 02:48:00,116896.50,116907.27,116896.50,116907.27,360,63,0
2026.02.18 02:42:00,116903.37,116906.49,116888.85,116896.47,360,63,0
2026.02.18 02:36:00,116892.57,116903.34,116892.57,116903.34,360,63,0
2026.02.18 02:30:00,116912.54,116921.45,116892.09,116892.54,360,63,0
2026.02.18 02:24:00,116901.74,116912.51,116901.74,116912.51,360,63,0
2026.02.18 02:18:00,116890.94,116901.71,116890.94,116901.71,360,63,0
2026.02.18 02:12:00,116880.14,116890.91,116880.14,116890.91,360,63,0
2026.02.18 02:06:00,116918.51,116924.81,116878.91,116880.11,360,63,0
2026.02.18 02:00:00,116907.68,116918.48,116907.68,116918.48,361,63,0
2026.02.18 01:54:00,116913.46,116921.86,116905.31,116907.65,360,63,0
2026.02.18 01:48:00,116932.08,116942.31,116912.92,116913.43,360,63,0
2026.02.18 01:42:00,116921.28,116932.05,116921.28,116932.05,360,63,0
2026.02.18 01:36:00,116910.48,116921.25,116910.48,116921.25,360,63,0
2026.02.18 01:30:00,116899.68,116910.45,116899.68,116910.45,360,63,0
2026.02.18 01:24:00,116911.09,116911.18,116889.00,116899.65,360,63,0
2026.02.18 01:18:00,116900.29,116911.06,116900.29,116911.06,360,63,0
2026.02.18 01:12:00,116937.29,116940.47,116899.12,116900.26,360,63,0
2026.02.18 01:06:00,116944.22,116953.67,116935.97,116937.26,360,63,0
2026.02.18 01:00:00,116953.14,116957.37,116937.68,116944.19,360,63,0
2026.02.18 00:54:00,116942.34,116953.11,116942.34,116953.11,360,63,0
2026.02.18 00:48:00,116931.54,116942.31,116931.54,116942.31,360,63,0
2026.02.18 00:42:00,116920.74,116931.51,116920.74,116931.51,360,63,0
2026.02.18 00:36:00,116965.90,116966.17,116917.89,116920.71,360,63,0
2026.02.18 00:30:00,116955.10,116965.87,116955.10,116965.87,360,63,0
2026.02.18 00:24:00,116960.02,116970.22,116954.53,116955.07,360,63,0
2026.02.18 00:18:00,116949.22,116959.99,116949.22,116959.99,360,63,0
2026.02.18 00:12:00,116952.15,116962.62,116948.92,116949.19,360,63,0
2026.02.18 00:06:00,116959.74,116963.49,116945.13,116952.12,360,63,0
2026.02.18 00:00:00,116948.94,116959.71,116948.94,116959.71,360,63,0
2026.02.17 23:54:00,116938.14,116948.91,116938.14,116948.91,360,63,0
2026.02.17 23:48:00,116927.34,116938.11,116927.34,116938.11,360,63,0
2026.02.17 23:42:00,116931.24,116940.57,116925.90,116927.31,360,63,0
2026.02.17 23:36:00,116942.23,116945.17,116923.41,116931.21,360,63,0
2026.02.17 23:30:00,116931.43,116942.20,116931.43,116942.20,360,63,0
2026.02.17 23:24:00,117002.43,117007.32,116930.47,116931.40,360,63,0
2026.02.17 23:18:00,117038.60,117039.65,116997.84,117002.40,360,63,0
2026.02.17 23:12:00,117051.29,117059.96,117036.50,117038.57,360,63,0
2026.02.17 23:06:00,117063.08,117067.49,117044.93,117051.26,360,63,0
2026.02.17 23:00:00,117052.28,117063.05,117052.28,117063.05,360,63,0
2026.02.17 22:54:00,117075.83,117081.23,117046.91,117052.25,360,63,0
2026.02.17 22:48:00,117087.21,117089.13,117066.98,117075.80,360,63,0
2026.02.17 22:42:00,117123.15,117125.79,117081.57,117087.18,360,63,0
2026.02.17 22:36:00,117112.35,117123.12,117112.35,117123.12,360,63,0
2026.02.17 22:30:00,117121.74,117123.48,117103.32,117112.32,360,63,0
2026.02.17 22:24:00,117129.61,117138.37,117119.73,117121.71,360,63,0
2026.02.17 22:18:00,117157.13,117166.37,117128.08,117129.58,360,63,0
2026.02.17 22:12:00,117146.33,117157.10,117146.33,117157.10,360,63,0
2026.02.17 22:06:00,117135.53,117146.30,117135.53,117146.30,360,63,0
2026.02.17 22:00:00,117124.73,117135.50,117124.73,117135.50,360,63,0
2026.02.17 21:54:00,117113.93,117124.70,117113.93,117124.70,360,63,0
2026.02.17 21:48:00,117103.13,117113.90,117103.13,117113.90,360,63,0
2026.02.17 21:42:00,117125.20,117134.86,117102.02,117103.10,360,63,0
2026.02.17 21:36:00,117114.40,117125.17,117114.40,117125.17,360,63,0
2026.02.17 21:30:00,117121.87,117125.47,117107.23,117114.37,360,63,0
2026.02.17 21:24:00,117111.07,117121.84,117111.07,117121.84,360,63,0
2026.02.17 21:18:00,117100.27,117111.04,117100.27,117111.04,360,63,0
2026.02.17 21:12:00,117128.14,117137.29,117099.52,117100.24,360,63,0
2026.02.17 21:06:00,117133.43,117140.87,117124.81,117128.11,360,63,0
2026.02.17 21:00:00,117134.66,117142.10,117130.10,117133.40,360,63,0
2026.02.17 20:54:00,117123.86,117134.63,117123.86,117134.63,360,63,0
2026.02.17 20:48:00,117113.06,117123.83,117113.06,117123.83,360,63,0
2026.02.17 20:42:00,117102.26,117113.03,117102.26,117113.03,360,63,0
2026.02.17 20:36:00,117091.46,117102.23,117091.46,117102.23,360,63,0
2026.02.17 20:30:00,117080.66,117091.43,117080.66,117091.43,360,63,0
2026.02.17 20:24:00,117090.96,117097.86,117076.79,117080.63,360,63,0
2026.02.17 20:18:00,117080.16,117090.93,117080.16,117090.93,360,63,0
2026.02.17 20:12:00,117103.81,117107.65,117073.23,117080.13,360,63,0
2026.02.17 20:06:00,117128.70,117131.52,117095.86,117103.78,360,63,0
2026.02.17 20:00:00,117117.90,117128.67,117117.90,117128.67,360,63,0
2026.02.17 19:54:00,117107.10,117117.87,117107.10,117117.87,360,63,0
2026.02.17 19:48:00,117096.30,117107.07,117096.30,117107.07,360,63,0
2026.02.17 19:42:00,117085.50,117096.27,117085.50,117096.27,360,63,0
2026.02.17 19:36:00,117074.70,117085.47,117074.70,117085.47,360,63,0
2026.02.17 19:30:00,117063.90,117074.67,117063.90,117074.67,360,63,0
2026.02.17 19:24:00,117053.10,117063.87,117053.10,117063.87,360,63,0
2026.02.17 19:18:00,117042.30,117053.07,117042.30,117053.07,360,63,0
2026.02.17 19:12:00,117031.50,117042.27,117031.50,117042.27,360,63,0
2026.02.17 19:06:00,117020.70,117031.47,117020.70,117031.47,360,63,0
2026.02.17 19:00:00,117009.90,117020.67,117009.90,117020.67,360,63,0
2026.02.17 18:54:00,116999.10,117009.87,116999.10,117009.87,360,63,0
2026.02.17 18:48:00,117005.89,117012.64,116995.08,116999.07,360,63,0
2026.02.17 18:42:00,117043.93,117047.41,116998.72,117005.86,360,63,0
2026.02.17 18:36:00,117033.13,117043.90,117033.13,117043.90,360,63,0
2026.02.17 18:30:00,117022.33,117033.10,117022.33,117033.10,360,63,0
2026.02.17 18:24:00,117011.53,117022.30,117011.53,117022.30,360,63,0
2026.02.17 18:18:00,117029.27,117031.07,117002.56,117011.50,360,63,0
2026.02.17 18:12:00,117018.47,117029.24,117018.47,117029.24,360,63,0
2026.02.17 18:06:00,117007.67,117018.44,117007.67,117018.44,360,63,0
2026.02.17 18:00:00,117035.26,117040.42,117002.06,117007.64,360,63,0
2026.02.17 17:54:00,117024.46,117035.23,117024.46,117035.23,360,63,0
2026.02.17 17:48:00,117033.76,117042.82,117022.75,117024.43,360,63,0
2026.02.17 17:42:00,117055.02,117058.05,117026.02,117033.73,360,63,0
2026.02.17 17:36:00,117044.22,117054.99,117044.22,117054.99,360,63,0
2026.02.17 17:30:00,117033.42,117044.19,117033.42,117044.19,360,63,0
2026.02.17 17:24:00,117022.62,117033.39,117022.62,117033.39,360,63,0
2026.02.17 17:18:00,117011.82,117022.59,117011.82,117022.59,360,63,0
2026.02.17 17:12:00,117001.02,117011.79,117001.02,117011.79,360,63,0
2026.02.17 17:06:00,116990.19,117000.99,116990.19,117000.99,361,63,0
2026.02.17 17:00:00,116979.39,116990.16,116979.39,116990.16,360,63,0
2026.02.17 16:54:00,116987.96,116996.42,116977.08,116979.36,360,63,0
2026.02.17 16:48:00,116977.16,116987.93,116977.16,116987.93,360,63,0
2026.02.17 16:42:00,116966.36,116977.13,116966.36,116977.13,360,63,0
2026.02.17 16:36:00,116955.56,116966.33,116955.56,116966.33,360,63,0
2026.02.17 16:30:00,116944.76,116955.53,116944.76,116955.53,360,63,0
2026.02.17 16:24:00,116933.96,116944.73,116933.96,116944.73,360,63,0
2026.02.17 16:18:00,116923.16,116933.93,116923.16,116933.93,360,63,0
2026.02.17 16:12:00,116912.36,116923.13,116912.36,116923.13,360,63,0
2026.02.17 16:06:00,116920.58,116931.23,116912.24,116912.33,360,63,0
2026.02.17 16:00:00,116909.78,116920.55,116909.78,116920.55,360,63,0
2026.02.17 15:54:00,116942.57,116949.44,116906.57,116909.75,360,63,0
2026.02.17 15:48:00,116931.77,116942.54,116931.77,116942.54,360,63,0
2026.02.17 15:42:00,116949.97,116957.17,116928.20,116931.74,360,63,0
2026.02.17 15:36:00,116939.17,116949.94,116939.17,116949.94,360,63,0
2026.02.17 15:30:00,116928.37,116939.14,116928.37,116939.14,360,63,0
2026.02.17 15:24:00,116950.33,116954.17,116921.44,116928.34,360,63,0
2026.02.17 15:18:00,116983.50,116983.59,116943.34,116950.30,360,63,0
2026.02.17 15:12:00,116984.82,116991.57,116979.48,116983.47,360,63,0
2026.02.17 15:06:00,116974.02,116984.79,116974.02,116984.79,360,63,0
2026.02.17 15:00:00,116963.22,116973.99,116963.22,116973.99,360,63,0
2026.02.17 14:54:00,116952.42,116963.19,116952.42,116963.19,360,63,0
2026.02.17 14:48:00,116955.14,116955.14,116941.65,116952.39,360,63,0
2026.02.17 14:42:00,116987.36,116997.44,116954.45,116955.11,360,63,0
2026.02.17 14:36:00,117008.29,117013.93,116982.23,116987.33,360,63,0
2026.02.17 14:30:00,117020.63,117030.92,117007.81,117008.26,360,63,0
2026.02.17 14:24:00,117009.83,117020.60,117009.83,117020.60,360,63,0
2026.02.17 14:18:00,117021.02,117031.31,117009.35,117009.80,360,63,0
2026.02.17 14:12:00,117010.22,117020.99,117010.22,117020.99,360,63,0
2026.02.17 14:06:00,116999.42,117010.19,116999.42,117010.19,360,63,0
2026.02.17 14:00:00,116988.62,116999.39,116988.62,116999.39,360,63,0
2026.02.17 13:54:00,116977.82,116988.59,116977.82,116988.59,360,63,0
2026.02.17 13:48:00,116967.02,116977.79,116967.02,116977.79,360,63,0
2026.02.17 13:42:00,116956.22,116966.99,116956.22,116966.99,360,63,0
2026.02.17 13:36:00,116965.65,116970.21,116950.01,116956.19,360,63,0
2026.02.17 13:30:00,116982.13,116990.86,116963.61,116965.62,360,63,0
2026.02.17 13:24:00,116971.33,116982.10,116971.33,116982.10,360,63,0
2026.02.17 13:18:00,116960.53,116971.30,116960.53,116971.30,360,63,0
2026.02.17 13:12:00,116976.81,116977.83,116950.78,116960.50,360,63,0
2026.02.17 13:06:00,116986.89,116988.51,116967.66,116976.78,360,63,0
2026.02.17 13:00:00,116976.09,116986.86,116976.09,116986.86,360,63,0
2026.02.17 12:54:00,116984.08,116985.46,116966.70,116976.06,360,63,0
2026.02.17 12:48:00,116973.28,116984.05,116973.28,116984.05,360,63,0
2026.02.17 12:42:00,116974.98,116984.13,116971.66,116973.25,360,63,0
2026.02.17 12:36:00,117005.61,117011.16,116969.76,116974.95,360,63,0
2026.02.17 12:30:00,116994.81,117005.58,116994.81,117005.58,360,63,0
2026.02.17 12:24:00,116984.01,116994.78,116984.01,116994.78,360,63,0
2026.02.17 12:18:00,116973.21,116983.98,116973.21,116983.98,360,63,0
2026.02.17 12:12:00,117019.01,117019.70,116971.38,116973.18,360,63,0
2026.02.17 12:06:00,117008.21,117018.98,117008.21,117018.98,360,63,0
2026.02.17 12:00:00,116997.41,117008.18,116997.41,117008.18,360,63,0
2026.02.17 11:54:00,116986.61,116997.38,116986.61,116997.38,360,63,0
2026.02.17 11:48:00,116975.81,116986.58,116975.81,116986.58,360,63,0
2026.02.17 11:42:00,116965.01,116975.78,116965.01,116975.78,360,63,0
2026.02.17 11:36:00,116954.21,116964.98,116954.21,116964.98,360,63,0
2026.02.17 11:30:00,116977.10,116982.23,116948.57,116954.18,360,63,0
2026.02.17 11:24:00,116966.30,116977.07,116966.30,116977.07,360,63,0
2026.02.17 11:18:00,116955.50,116966.27,116955.50,116966.27,360,63,0
2026.02.17 11:12:00,116944.70,116955.47,116944.70,116955.47,360,63,0
2026.02.17 11:06:00,116933.90,116944.67,116933.90,116944.67,360,63,0
2026.02.17 11:00:00,116923.10,116933.87,116923.10,116933.87,360,63,0
2026.02.17 10:54:00,116912.30,116923.07,116912.30,116923.07,360,63,0
2026.02.17 10:48:00,116901.50,116912.27,116901.50,116912.27,360,63,0
2026.02.17 10:42:00,116907.21,116916.51,116900.03,116901.47,360,63,0
2026.02.17 10:36:00,116913.57,116917.05,116899.92,116907.18,360,63,0
2026.02.17 10:30:00,116929.64,116938.88,116912.04,116913.54,360,63,0
2026.02.17 10:24:00,116918.84,116929.61,116918.84,116929.61,360,63,0
2026.02.17 10:18:00,116908.04,116918.81,116908.04,116918.81,360,63,0
2026.02.17 10:12:00,116923.58,116924.78,116898.47,116908.01,360,63,0
2026.02.17 10:06:00,116912.78,116923.55,116912.78,116923.55,360,63,0
2026.02.17 10:00:00,116901.98,116912.75,116901.98,116912.75,360,63,0
2026.02.17 09:54:00,116934.10,116941.42,116900.42,116901.95,360,63,0
2026.02.17 09:48:00,116923.30,116934.07,116923.30,116934.07,360,63,0
2026.02.17 09:42:00,116935.57,116937.58,116914.54,116923.27,360,63,0
2026.02.17 09:36:00,116924.77,116935.54,116924.77,116935.54,360,63,0
2026.02.17 09:30:00,116913.97,116924.74,116913.97,116924.74,360,63,0
2026.02.17 09:24:00,116934.41,116939.18,116907.97,116913.94,360,63,0
2026.02.17 09:18:00,116951.57,116954.39,116926.46,116934.38,360,63,0
2026.02.17 09:12:00,116940.77,116951.54,116940.77,116951.54,360,63,0
2026.02.17 09:06:00,116959.14,116959.74,116930.60,116940.74,360,63,0
2026.02.17 09:00:00,117002.51,117009.56,116958.93,116959.11,360,63,0
2026.02.17 08:54:00,117006.47,117008.03,116993.30,117002.48,360,63,0
2026.02.17 08:48:00,116995.67,117006.44,116995.67,117006.44,360,63,0
2026.02.17 08:42:00,117002.42,117004.70,116987.18,116995.64,360,63,0
2026.02.17 08:36:00,117012.26,117018.38,116997.77,117002.39,360,63,0
2026.02.17 08:30:00,117001.46,117012.23,117001.46,117012.23,360,63,0
2026.02.17 08:24:00,117002.79,117011.88,116999.78,117001.43,360,63,0
2026.02.17 08:18:00,116991.99,117002.76,116991.99,117002.76,360,63,0
2026.02.17 08:12:00,116981.19,116991.96,116981.19,116991.96,360,63,0
2026.02.17 08:06:00,117010.61,117013.28,116973.09,116981.16,360,63,0
2026.02.17 08:00:00,116999.78,117010.58,116999.78,117010.58,361,63,0
2026.02.17 07:54:00,117014.71,117020.20,116994.50,116999.75,360,63,0
2026.02.17 07:48:00,117003.91,117014.68,117003.91,117014.68,360,63,0
2026.02.17 07:42:00,116993.11,117003.88,116993.11,117003.88,360,63,0
2026.02.17 07:36:00,116982.31,116993.08,116982.31,116993.08,360,63,0
2026.02.17 07:30:00,116971.51,116982.28,116971.51,116982.28,360,63,0
2026.02.17 07:24:00,116960.71,116971.48,116960.71,116971.48,360,63,0
2026.02.17 07:18:00,116949.91,116960.68,116949.91,116960.68,360,63,0
2026.02.17 07:12:00,116957.84,116962.64,116943.94,116949.88,360,63,0
2026.02.17 07:06:00,116960.90,116963.12,116949.29,116957.81,360,63,0
2026.02.17 07:00:00,116950.10,116960.87,116950.10,116960.87,360,63,0
2026.02.17 06:54:00,116939.30,116950.07,116939.30,116950.07,360,63,0
2026.02.17 06:48:00,116928.50,116939.27,116928.50,116939.27,360,63,0
2026.02.17 06:42:00,116917.70,116928.47,116917.70,116928.47,360,63,0
2026.02.17 06:36:00,116919.60,116926.38,116913.71,116917.67,360,63,0
2026.02.17 06:30:00,116967.69,116971.44,116919.51,116919.57,360,63,0
2026.02.17 06:24:00,116956.89,116967.66,116956.89,116967.66,360,63,0
2026.02.17 06:18:00,116964.80,116968.91,116950.23,116956.86,360,63,0
2026.02.17 06:12:00,116954.00,116964.77,116954.00,116964.77,360,63,0
2026.02.17 06:06:00,116943.20,116953.97,116943.20,116953.97,360,63,0
2026.02.17 06:00:00,116932.40,116943.17,116932.40,116943.17,360,63,0
2026.02.17 05:54:00,116921.60,116932.37,116921.60,116932.37,360,63,0
2026.02.17 05:48:00,116950.94,116959.37,116919.26,116921.57,360,63,0
2026.02.17 05:42:00,116940.14,116950.91,116940.14,116950.91,360,63,0
2026.02.17 05:36:00,116962.41,116969.13,116948.70,116952.72,360,63,0
2026.02.17 05:30:00,116951.61,116962.38,116951.61,116962.38,360,63,0
2026.02.17 05:24:00,116969.21,116977.61,116949.24,116951.58,360,63,0
2026.02.17 05:18:00,116958.41,116969.18,116958.41,116969.18,360,63,0
2026.02.17 05:12:00,116970.04,116976.31,116953.91,116958.38,360,63,0
2026.02.17 05:06:00,116959.24,116970.01,116959.24,116970.01,360,63,0
2026.02.17 05:00:00,116948.44,116959.21,116948.44,116959.21,360,63,0
2026.02.17 04:54:00,116937.64,116948.41,116937.64,116948.41,360,63,0
2026.02.17 04:48:00,116926.84,116937.61,116926.84,116937.61,360,63,0
2026.02.17 04:42:00,116916.04,116926.81,116916.04,116926.81,360,63,0
2026.02.17 04:36:00,116905.24,116916.01,116905.24,116916.01,360,63,0
2026.02.17 04:30:00,116921.17,116929.33,116902.63,116905.21,360,63,0
2026.02.17 04:24:00,116930.37,116938.86,116918.89,116921.14,360,63,0
2026.02.17 04:18:00,116973.27,116977.17,116928.18,116930.34,360,63,0
2026.02.17 04:12:00,116962.47,116973.24,116962.47,116973.24,360,63,0
2026.02.17 04:06:00,116951.67,116962.44,116951.67,116962.44,360,63,0
2026.02.17 04:00:00,116940.87,116951.64,116940.87,116951.64,360,63,0
2026.02.17 03:54:00,116949.30,116957.25,116938.05,116940.84,360,63,0
2026.02.17 03:48:00,116958.87,116965.32,116944.98,116949.27,360,63,0
2026.02.17 03:42:00,116948.07,116958.84,116948.07,116958.84,360,63,0
2026.02.17 03:36:00,116937.27,116948.04,116937.27,116948.04,360,63,0
2026.02.17 03:30:00,116949.43,116951.23,116928.30,116937.24,360,63,0
2026.02.17 03:24:00,116982.90,116985.36,116944.69,116949.40,360,63,0
2026.02.17 03:18:00,116972.10,116982.87,116972.10,116982.87,360,63,0
2026.02.17 03:12:00,116961.30,116972.07,116961.30,116972.07,360,63,0
2026.02.17 03:06:00,116950.50,116961.27,116950.50,116961.27,360,63,0
2026.02.17 03:00:00,116939.70,116950.47,116939.70,116950.47,360,63,0
2026.02.17 02:54:00,116928.90,116939.67,116928.90,116939.67,360,63,0
2026.02.17 02:48:00,116964.30,116971.77,116925.60,116928.87,360,63,0
2026.02.17 02:42:00,116953.50,116964.27,116953.50,116964.27,360,63,0
2026.02.17 02:36:00,116977.34,116987.39,116952.78,116953.47,360,63,0
2026.02.17 02:30:00,116983.39,116990.59,116973.77,116977.31,360,63,0
2026.02.17 02:24:00,117029.65,117029.89,116973.88,116983.36,360,63,0
2026.02.17 02:18:00,117018.85,117029.62,117018.85,117029.62,360,63,0
2026.02.17 02:12:00,117008.05,117018.82,117008.05,117018.82,360,63,0
2026.02.17 02:06:00,117030.20,117031.82,116998.90,117008.02,360,63,0
2026.02.17 02:00:00,117019.40,117030.17,117019.40,117030.17,360,63,0
2026.02.17 01:54:00,117062.37,117065.37,117014.84,117019.37,360,63,0
2026.02.17 01:48:00,117051.57,117062.34,117051.57,117062.34,360,63,0
2026.02.17 01:42:00,117040.77,117051.54,117040.77,117051.54,360,63,0
2026.02.17 01:36:00,117029.97,117040.74,117029.97,117040.74,360,63,0
2026.02.17 01:30:00,117032.24,117040.07,117027.03,117029.94,360,63,0
2026.02.17 01:24:00,117021.44,117032.21,117021.44,117032.21,360,63,0
2026.02.17 01:18:00,117010.64,117021.41,117010.64,117021.41,360,63,0
2026.02.17 01:12:00,116999.84,117010.61,116999.84,117010.61,360,63,0
2026.02.17 01:06:00,117010.22,117020.69,116999.54,116999.81,360,63,0
2026.02.17 01:00:00,117093.64,117095.20,117007.04,117010.19,360,63,0
2026.02.17 00:54:00,117082.84,117093.61,117082.84,117093.61,360,63,0
2026.02.17 00:48:00,117092.40,117099.06,117078.73,117082.81,360,63,0
2026.02.17 00:42:00,117081.60,117092.37,117081.60,117092.37,360,63,0
2026.02.17 00:36:00,117070.80,117081.57,117070.80,117081.57,360,63,0
2026.02.17 00:30:00,117060.00,117070.77,117060.00,117070.77,360,63,0
2026.02.17 00:24:00,117049.20,117059.97,117049.20,117059.97,360,63,0
2026.02.17 00:18:00,117038.40,117049.17,117038.40,117049.17,360,63,0
2026.02.17 00:12:00,117027.60,117038.37,117027.60,117038.37,360,63,0
2026.02.17 00:06:00,117072.37,117072.70,117027.42,117027.57,360,63,0
2026.02.17 00:00:00,117061.57,117072.34,117061.57,117072.34,360,63,0
2026.02.16 23:54:00,117050.77,117061.54,117050.77,117061.54,360,63,0
2026.02.16 23:48:00,117039.97,117050.74,117039.97,117050.74,360,63,0
2026.02.16 23:42:00,117029.17,117039.94,117029.17,117039.94,360,63,0
2026.02.16 23:36:00,117018.37,117029.14,117018.37,117029.14,360,63,0
2026.02.16 23:30:00,117007.57,117018.34,117007.57,117018.34,360,63,0
2026.02.16 23:24:00,116996.77,117007.54,116996.77,117007.54,360,63,0
2026.02.16 23:18:00,117055.00,117058.75,116996.47,116996.74,360,63,0
2026.02.16 23:12:00,117071.56,117079.51,117052.18,117054.97,360,63,0
2026.02.16 23:06:00,117060.76,117071.53,117060.76,117071.53,360,63,0
2026.02.16 23:00:00,117049.96,117060.73,117049.96,117060.73,360,63,0
2026.02.16 22:54:00,117039.13,117049.93,117039.13,117049.93,361,63,0
2026.02.16 22:48:00,117066.40,117067.27,117029.23,117039.10,360,63,0
2026.02.16 22:42:00,117055.60,117066.37,117055.60,117066.37,360,63,0
2026.02.16 22:36:00,117044.80,117055.57,117044.80,117055.57,360,63,0
2026.02.16 22:30:00,117034.00,117044.77,117034.00,117044.77,360,63,0
2026.02.16 22:24:00,117023.20,117033.97,117023.20,117033.97,360,63,0
2026.02.16 22:18:00,117012.40,117023.17,117012.40,117023.17,360,63,0
2026.02.16 22:12:00,117001.60,117012.37,117001.60,117012.37,360,63,0
2026.02.16 22:06:00,116990.80,117001.57,116990.80,117001.57,360,63,0
2026.02.16 22:00:00,116980.00,116990.77,116980.00,116990.77,360,63,0
2026.02.16 21:54:00,116969.20,116979.97,116969.20,116979.97,360,63,0
2026.02.16 21:48:00,116958.40,116969.17,116958.40,116969.17,360,63,0
2026.02.16 21:42:00,116947.60,116958.37,116947.60,116958.37,360,63,0
2026.02.16 21:36:00,116987.94,116989.08,116939.38,116947.57,360,63,0
2026.02.16 21:30:00,116977.14,116987.91,116977.14,116987.91,360,63,0
2026.02.16 21:24:00,116966.34,116977.11,116966.34,116977.11,360,63,0
2026.02.16 21:18:00,116955.54,116966.31,116955.54,116966.31,360,63,0
2026.02.16 21:12:00,116958.58,116968.99,116955.18,116955.51,360,63,0
2026.02.16 21:06:00,116947.78,116958.55,116947.78,116958.55,360,63,0
2026.02.16 21:00:00,116936.98,116947.75,116936.98,116947.75,360,63,0
2026.02.16 20:54:00,116926.18,116936.95,116926.18,116936.95,360,63,0
2026.02.16 20:48:00,116915.38,116926.15,116915.38,116926.15,360,63,0
2026.02.16 20:42:00,116904.58,116915.35,116904.58,116915.35,360,63,0
2026.02.16 20:36:00,116914.18,116918.77,116898.40,116904.55,360,63,0
2026.02.16 20:30:00,116930.66,116933.21,116905.96,116914.15,360,63,0
2026.02.16 20:24:00,116919.86,116930.63,116919.86,116930.63,360,63,0
2026.02.16 20:18:00,116909.06,116919.83,116909.06,116919.83,360,63,0
2026.02.16 20:12:00,116898.26,116909.03,116898.26,116909.03,360,63,0
2026.02.16 20:06:00,116887.46,116898.23,116887.46,116898.23,360,63,0
2026.02.16 20:00:00,116891.59,116892.70,116877.80,116887.43,360,63,0
2026.02.16 19:54:00,116880.79,116891.56,116880.79,116891.56,360,63,0
2026.02.16 19:48:00,116925.51,116931.54,116877.73,116880.76,360,63,0
2026.02.16 19:42:00,116914.71,116925.48,116914.71,116925.48,360,63,0
2026.02.16 19:36:00,116903.91,116914.68,116903.91,116914.68,360,63,0
2026.02.16 19:30:00,116920.91,116928.17,116900.40,116903.88,360,63,0
2026.02.16 19:24:00,116910.11,116920.88,116910.11,116920.88,360,63,0
2026.02.16 19:18:00,116899.31,116910.08,116899.31,116910.08,360,63,0
2026.02.16 19:12:00,116903.80,116913.22,116897.96,116899.28,360,63,0
2026.02.16 19:06:00,116913.48,116919.84,116899.39,116903.77,360,63,0
2026.02.16 19:00:00,116934.25,116935.24,116908.71,116913.45,360,63,0
2026.02.16 18:54:00,116923.45,116934.22,116923.45,116934.22,360,63,0
2026.02.16 18:48:00,116934.39,116937.78,116916.07,116923.42,360,63,0
2026.02.16 18:42:00,116923.59,116934.36,116923.59,116934.36,360,63,0
2026.02.16 18:36:00,116912.79,116923.56,116912.79,116923.56,360,63,0
2026.02.16 18:30:00,116901.99,116912.76,116901.99,116912.76,360,63,0
2026.02.16 18:24:00,116891.19,116901.96,116891.19,116901.96,360,63,0
2026.02.16 18:18:00,116933.57,116936.30,116883.15,116891.16,360,63,0
2026.02.16 18:12:00,116922.77,116933.54,116922.77,116933.54,360,63,0
2026.02.16 18:06:00,116911.97,116922.74,116911.97,116922.74,360,63,0
2026.02.16 18:00:00,116920.95,116922.12,116902.37,116911.94,360,63,0
2026.02.16 17:54:00,116910.15,116920.92,116910.15,116920.92,360,63,0
2026.02.16 17:48:00,116899.35,116910.12,116899.35,116910.12,360,63,0
2026.02.16 17:42:00,116905.55,116906.78,116889.81,116899.32,360,63,0
2026.02.16 17:36:00,116894.75,116905.52,116894.75,116905.52,360,63,0
2026.02.16 17:30:00,116883.95,116894.72,116883.95,116894.72,360,63,0
2026.02.16 17:24:00,116895.94,116898.28,116875.52,116883.92,360,63,0
2026.02.16 17:18:00,116885.14,116895.91,116885.14,116895.91,360,63,0
2026.02.16 17:12:00,116874.34,116885.11,116874.34,116885.11,360,63,0
2026.02.16 17:06:00,116863.54,116874.31,116863.54,116874.31,360,63,0
2026.02.16 17:00:00,116852.74,116863.51,116852.74,116863.51,360,63,0
2026.02.16 16:54:00,116841.94,116852.71,116841.94,116852.71,360,63,0
2026.02.16 16:48:00,116831.14,116841.91,116831.14,116841.91,360,63,0
2026.02.16 16:42:00,116820.34,116831.11,116820.34,116831.11,360,63,0
2026.02.16 16:36:00,116809.54,116820.31,116809.54,116820.31,360,63,0
2026.02.16 16:30:00,116811.43,116814.25,116801.59,116809.51,360,63,0
2026.02.16 16:24:00,116800.63,116811.40,116800.63,116811.40,360,63,0
2026.02.16 16:18:00,116789.83,116800.60,116789.83,116800.60,360,63,0
2026.02.16 16:12:00,116805.02,116813.60,116787.64,116789.80,360,63,0
2026.02.16 16:06:00,116794.22,116804.99,116794.22,116804.99,360,63,0
2026.02.16 16:00:00,116783.42,116794.19,116783.42,116794.19,360,63,0
2026.02.16 15:54:00,116772.62,116783.39,116772.62,116783.39,360,63,0
2026.02.16 15:48:00,116761.82,116772.59,116761.82,116772.59,360,63,0
2026.02.16 15:42:00,116751.02,116761.79,116751.02,116761.79,360,63,0
2026.02.16 15:36:00,116777.03,116785.40,116748.62,116750.99,360,63,0
2026.02.16 15:30:00,116766.23,116777.00,116766.23,116777.00,360,63,0
2026.02.16 15:24:00,116755.43,116766.20,116755.43,116766.20,360,63,0
2026.02.16 15:18:00,116744.63,116755.40,116744.63,116755.40,360,63,0
2026.02.16 15:12:00,116746.78,116751.46,116738.54,116744.60,360,63,0
2026.02.16 15:06:00,116735.98,116746.75,116735.98,116746.75,360,63,0
2026.02.16 15:00:00,116725.18,116735.95,116725.18,116735.95,360,63,0
2026.02.16 14:54:00,116747.33,116754.92,116722.00,116725.15,360,63,0
2026.02.16 14:48:00,116748.57,116758.05,116746.04,116747.30,360,63,0
2026.02.16 14:42:00,116737.77,116748.54,116737.77,116748.54,360,63,0
2026.02.16 14:36:00,116726.97,116737.74,116726.97,116737.74,360,63,0
2026.02.16 14:30:00,116716.17,116726.94,116716.17,116726.94,360,63,0
2026.02.16 14:24:00,116705.37,116716.14,116705.37,116716.14,360,63,0
2026.02.16 14:18:00,116694.57,116705.34,116694.57,116705.34,360,63,0
2026.02.16 14:12:00,116683.77,116694.54,116683.77,116694.54,360,63,0
2026.02.16 14:06:00,116672.97,116683.74,116672.97,116683.74,360,63,0
2026.02.16 14:00:00,116701.40,116703.80,116664.60,116672.94,360,63,0
2026.02.16 13:54:00,116690.60,116701.37,116690.60,116701.37,360,63,0
2026.02.16 13:48:00,116679.80,116690.57,116679.80,116690.57,360,63,0
2026.02.16 13:42:00,116669.00,116679.77,116669.00,116679.77,360,63,0
2026.02.16 13:36:00,116658.20,116668.97,116658.20,116668.97,360,63,0
2026.02.16 13:30:00,116647.40,116658.17,116647.40,116658.17,360,63,0
2026.02.16 13:24:00,116636.60,116647.37,116636.60,116647.37,360,63,0
2026.02.16 13:18:00,116649.35,116656.07,116632.55,116636.57,360,63,0
2026.02.16 13:12:00,116638.55,116649.32,116638.55,116649.32,360,63,0
2026.02.16 13:06:00,116627.75,116638.52,116627.75,116638.52,360,63,0
2026.02.16 13:00:00,116632.40,116642.78,116627.36,116627.72,360,63,0
2026.02.16 12:54:00,116657.67,116658.39,116622.35,116632.37,360,63,0
2026.02.16 12:48:00,116665.18,116666.08,116647.80,116657.64,360,63,0
2026.02.16 12:42:00,116654.38,116665.15,116654.38,116665.15,360,63,0
2026.02.16 12:36:00,116689.54,116690.32,116644.39,116654.35,360,63,0
2026.02.16 12:30:00,116678.74,116689.51,116678.74,116689.51,360,63,0
2026.02.16 12:24:00,116667.94,116678.71,116667.94,116678.71,360,63,0
2026.02.16 12:18:00,116679.28,116680.78,116658.67,116667.91,360,63,0
2026.02.16 12:12:00,116668.48,116679.25,116668.48,116679.25,360,63,0
2026.02.16 12:06:00,116679.20,116688.41,116666.92,116668.45,360,63,0
2026.02.16 12:00:00,116668.40,116679.17,116668.40,116679.17,360,63,0
2026.02.16 11:54:00,116714.30,116721.56,116667.74,116668.37,360,63,0
2026.02.16 11:48:00,116732.53,116739.97,116710.97,116714.27,360,63,0
2026.02.16 11:42:00,116750.94,116757.27,116728.09,116732.50,360,63,0
2026.02.16 11:36:00,116740.14,116750.91,116740.14,116750.91,360,63,0
2026.02.16 11:30:00,116729.34,116740.11,116729.34,116740.11,360,63,0
2026.02.16 11:24:00,116718.54,116729.31,116718.54,116729.31,360,63,0
2026.02.16 11:18:00,116707.74,116718.51,116707.74,116718.51,360,63,0
2026.02.16 11:12:00,116696.94,116707.71,116696.94,116707.71,360,63,0
2026.02.16 11:06:00,116750.60,116751.02,116694.51,116696.91,360,63,0
2026.02.16 11:00:00,116739.80,116750.57,116739.80,116750.57,360,63,0
2026.02.16 10:54:00,116729.00,116739.77,116729.00,116739.77,360,63,0
2026.02.16 10:48:00,116718.20,116728.97,116718.20,116728.97,360,63,0
2026.02.16 10:42:00,116707.40,116718.17,116707.40,116718.17,360,63,0
2026.02.16 10:36:00,116696.60,116707.37,116696.60,116707.37,360,63,0
2026.02.16 10:30:00,116712.47,116713.85,116687.21,116696.57,360,63,0
2026.02.16 10:24:00,116701.67,116712.44,116701.67,116712.44,360,63,0
2026.02.16 10:18:00,116690.87,116701.64,116690.87,116701.64,360,63,0
2026.02.16 10:12:00,116739.98,116740.70,116686.58,116690.84,360,63,0
2026.02.16 10:06:00,116729.18,116739.95,116729.18,116739.95,360,63,0
2026.02.16 10:00:00,116718.38,116729.15,116718.38,116729.15,360,63,0
2026.02.16 09:54:00,116707.58,116718.35,116707.58,116718.35,360,63,0
2026.02.16 09:48:00,116696.78,116707.55,116696.78,116707.55,360,63,0
2026.02.16 09:42:00,116711.17,116718.88,116693.72,116696.75,360,63,0
2026.02.16 09:36:00,116700.37,116711.14,116700.37,116711.14,360,63,0
2026.02.16 09:30:00,116738.43,116744.88,116697.28,116700.34,360,63,0
2026.02.16 09:24:00,116727.63,116738.40,116727.63,116738.40,360,63,0
2026.02.16 09:18:00,116737.38,116742.03,116721.51,116727.60,360,63,0
2026.02.16 09:12:00,116749.58,116753.36,116730.39,116737.35,360,63,0
2026.02.16 09:06:00,116761.38,116769.87,116747.30,116749.55,360,63,0
2026.02.16 09:00:00,116750.58,116761.35,116750.58,116761.35,360,63,0
2026.02.16 08:54:00,116739.78,116750.55,116739.78,116750.55,360,63,0
2026.02.16 08:48:00,116728.98,116739.75,116728.98,116739.75,360,63,0
2026.02.16 08:42:00,116718.18,116728.95,116718.18,116728.95,360,63,0
2026.02.16 08:36:00,116730.45,116731.74,116708.67,116718.15,361,63,0
2026.02.16 08:30:00,116731.87,116740.90,116728.74,116730.42,359,63,0
2026.02.16 08:24:00,116721.07,116731.84,116721.07,116731.84,360,63,0
2026.02.16 08:18:00,116710.24,116721.04,116710.24,116721.04,361,63,0
2026.02.16 08:12:00,116699.47,116710.21,116699.47,116710.21,359,63,0
2026.02.16 08:06:00,116688.64,116699.44,116688.64,116699.44,361,63,0
2026.02.16 08:00:00,116677.84,116688.61,116677.84,116688.61,360,63,0
2026.02.16 07:54:00,116685.72,116696.40,116677.78,116677.81,359,63,0
2026.02.16 07:48:00,116674.89,116685.69,116674.89,116685.69,361,63,0
2026.02.16 07:42:00,116677.22,116684.15,116671.08,116674.86,359,63,0
2026.02.16 07:36:00,116666.39,116677.19,116666.39,116677.19,361,63,0
2026.02.16 07:30:00,116668.54,116673.79,116660.87,116666.36,360,63,0
2026.02.16 07:24:00,116657.77,116668.51,116657.77,116668.51,359,63,0
2026.02.16 07:18:00,116663.76,116666.67,116649.88,116657.74,361,63,0
2026.02.16 07:12:00,116652.96,116663.73,116652.96,116663.73,360,63,0
2026.02.16 07:06:00,116656.60,116657.83,116643.42,116652.93,360,63,0
2026.02.16 07:00:00,116645.80,116656.57,116645.80,116656.57,360,63,0
2026.02.16 06:54:00,116635.03,116645.77,116635.03,116645.77,359,63,0
2026.02.16 06:48:00,116647.62,116656.65,116633.29,116635.00,360,63,0
2026.02.16 06:42:00,116669.33,116676.29,116643.78,116647.59,361,63,0
2026.02.16 06:36:00,116658.53,116669.30,116658.53,116669.30,360,63,0
2026.02.16 06:30:00,116647.73,116658.50,116647.73,116658.50,360,63,0
2026.02.16 06:24:00,116664.76,116672.14,116644.34,116647.70,360,63,0
2026.02.16 06:18:00,116653.96,116664.73,116653.96,116664.73,360,63,0
2026.02.16 06:12:00,116643.16,116653.93,116643.16,116653.93,360,63,0
2026.02.16 06:06:00,116632.36,116643.13,116632.36,116643.13,360,63,0
2026.02.16 06:00:00,116621.56,116632.33,116621.56,116632.33,360,63,0
2026.02.16 05:54:00,116636.20,116638.30,116612.89,116621.53,360,63,0
2026.02.16 05:48:00,116625.40,116636.17,116625.40,116636.17,360,63,0
2026.02.16 05:42:00,116614.60,116625.37,116614.60,116625.37,360,63,0
2026.02.16 05:36:00,116643.56,116644.61,116608.12,116614.57,360,63,0
2026.02.16 05:30:00,116664.23,116665.67,116634.23,116643.53,360,63,0
2026.02.16 05:24:00,116653.43,116664.20,116653.43,116664.20,360,63,0
2026.02.16 05:18:00,116642.63,116653.40,116642.63,116653.40,360,63,0
2026.02.16 05:12:00,116631.83,116642.60,116631.83,116642.60,360,63,0
2026.02.16 05:06:00,116621.03,116631.80,116621.03,116631.80,360,63,0
2026.02.16 05:00:00,116610.23,116621.00,116610.23,116621.00,360,63,0
2026.02.16 04:54:00,116619.23,116627.45,116607.68,116610.20,360,63,0
2026.02.16 04:48:00,116608.43,116619.20,116608.43,116619.20,360,63,0
2026.02.16 04:42:00,116597.63,116608.40,116597.63,116608.40,360,63,0
2026.02.16 04:36:00,116646.74,116651.42,116596.01,116597.60,360,63,0
2026.02.16 04:30:00,116635.94,116646.71,116635.94,116646.71,360,63,0
2026.02.16 04:24:00,116642.69,116652.68,116635.16,116635.91,360,63,0
2026.02.16 04:18:00,116631.89,116642.66,116631.89,116642.66,360,63,0
2026.02.16 04:12:00,116621.09,116631.86,116621.09,116631.86,360,63,0
2026.02.16 04:06:00,116631.84,116640.03,116618.51,116621.06,360,63,0
2026.02.16 04:00:00,116636.07,116640.24,116625.24,116631.81,360,63,0
2026.02.16 03:54:00,116667.74,116677.34,116634.90,116636.04,360,63,0
2026.02.16 03:48:00,116656.94,116667.71,116656.94,116667.71,360,63,0
2026.02.16 03:42:00,116646.14,116656.91,116646.14,116656.91,360,63,0
2026.02.16 03:36:00,116657.69,116668.16,116645.84,116646.11,360,63,0
2026.02.16 03:30:00,116665.83,116669.16,116650.25,116657.66,360,63,0
2026.02.16 03:24:00,116680.69,116684.92,116659.29,116665.80,360,63,0
2026.02.16 03:18:00,116687.55,116693.31,116675.68,116680.66,360,63,0
2026.02.16 03:12:00,116676.75,116687.52,116676.75,116687.52,360,63,0
2026.02.16 03:06:00,116665.95,116676.72,116665.95,116676.72,360,63,0
2026.02.16 03:00:00,116655.15,116665.92,116655.15,116665.92,360,63,0
2026.02.16 02:54:00,116668.76,116678.48,116654.10,116655.12,360,63,0
2026.02.16 02:48:00,116687.18,116690.78,116661.59,116668.73,360,63,0
2026.02.16 02:42:00,116676.38,116687.15,116676.38,116687.15,360,63,0
2026.02.16 02:36:00,116701.75,116706.40,116670.26,116676.35,360,63,0
2026.02.16 02:30:00,116710.39,116717.77,116698.36,116701.72,360,63,0
2026.02.16 02:24:00,116699.59,116710.36,116699.59,116710.36,360,63,0
2026.02.16 02:18:00,116688.79,116699.56,116688.79,116699.56,360,63,0
2026.02.16 02:12:00,116677.99,116688.76,116677.99,116688.76,360,63,0
2026.02.16 02:06:00,116667.19,116677.96,116667.19,116677.96,360,63,0
2026.02.16 02:00:00,116656.39,116667.16,116656.39,116667.16,360,63,0
2026.02.16 01:54:00,116681.96,116691.62,116655.28,116656.36,360,63,0
2026.02.16 01:48:00,116702.27,116707.70,116676.62,116681.93,360,63,0
2026.02.16 01:42:00,116713.42,116719.27,116697.35,116702.24,360,63,0
2026.02.16 01:36:00,116702.62,116713.39,116702.62,116713.39,360,63,0
2026.02.16 01:30:00,116691.82,116702.59,116691.82,116702.59,360,63,0
2026.02.16 01:24:00,116681.02,116691.79,116681.02,116691.79,360,63,0
2026.02.16 01:18:00,116670.22,116680.99,116670.22,116680.99,360,63,0
2026.02.16 01:12:00,116659.42,116670.19,116659.42,116670.19,360,63,0
2026.02.16 01:06:00,116648.62,116659.39,116648.62,116659.39,360,63,0
2026.02.16 01:00:00,116665.87,116669.11,116641.09,116648.59,360,63,0
2026.02.16 00:54:00,116655.07,116665.84,116655.07,116665.84,360,63,0
2026.02.16 00:48:00,116659.60,116665.12,116649.82,116655.04,360,63,0
2026.02.16 00:42:00,116682.00,116685.87,116652.70,116659.57,360,63,0
2026.02.16 00:36:00,116695.23,116700.69,116676.69,116681.97,360,63,0
2026.02.16 00:30:00,116684.43,116695.20,116684.43,116695.20,360,63,0
2026.02.16 00:24:00,116673.63,116684.40,116673.63,116684.40,360,63,0
2026.02.16 00:18:00,116704.56,116709.57,116672.22,116673.60,360,63,0
2026.02.16 00:12:00,116730.19,116737.57,116701.89,116704.53,360,63,0
2026.02.16 00:06:00,116719.39,116730.16,116719.39,116730.16,360,63,0
2026.02.16 00:00:00,116708.59,116719.36,116708.59,116719.36,360,63,0
2026.02.15 23:54:00,116731.49,116741.36,116707.69,116708.56,360,63,0
2026.02.15 23:48:00,116720.69,116731.46,116720.69,116731.46,360,63,0
2026.02.15 23:42:00,116709.89,116720.66,116709.89,116720.66,360,63,0
2026.02.15 23:36:00,116717.04,116722.80,116704.88,116709.86,360,63,0
2026.02.15 23:30:00,116706.24,116717.01,116706.24,116717.01,360,63,0
2026.02.15 23:24:00,116695.44,116706.21,116695.44,116706.21,360,63,0
2026.02.15 23:18:00,116684.64,116695.41,116684.64,116695.41,360,63,0
2026.02.15 23:12:00,116673.84,116684.61,116673.84,116684.61,360,63,0
2026.02.15 23:06:00,116663.04,116673.81,116663.04,116673.81,360,63,0
2026.02.15 23:00:00,116676.10,116678.32,116654.49,116663.01,360,63,0
2026.02.15 22:54:00,116665.30,116676.07,116665.30,116676.07,360,63,0
2026.02.15 22:48:00,116669.07,116678.70,116664.16,116665.27,360,63,0
2026.02.15 22:42:00,116658.27,116669.04,116658.27,116669.04,360,63,0
2026.02.15 22:36:00,116647.47,116658.24,116647.47,116658.24,360,63,0
2026.02.15 22:30:00,116636.67,116647.44,116636.67,116647.44,360,63,0
2026.02.15 22:24:00,116625.87,116636.64,116625.87,116636.64,360,63,0
2026.02.15 22:18:00,116615.07,116625.84,116615.07,116625.84,360,63,0
2026.02.15 22:12:00,116604.27,116615.04,116604.27,116615.04,360,63,0
2026.02.15 22:06:00,116593.47,116604.24,116593.47,116604.24,360,63,0
2026.02.15 22:00:00,116596.91,116603.72,116589.51,116593.44,360,63,0
2026.02.15 21:54:00,116586.11,116596.88,116586.11,116596.88,360,63,0
2026.02.15 21:48:00,116591.48,116601.68,116585.54,116586.08,360,63,0
2026.02.15 21:42:00,116603.76,116614.35,116591.30,116591.45,360,63,0
2026.02.15 21:36:00,116592.96,116603.73,116592.96,116603.73,360,63,0
2026.02.15 21:30:00,116616.24,116617.14,116586.36,116592.93,360,63,0
2026.02.15 21:24:00,116651.60,116655.02,116609.97,116616.21,360,63,0
2026.02.15 21:18:00,116658.75,116669.01,116651.09,116651.57,360,63,0
2026.02.15 21:12:00,116647.95,116658.72,116647.95,116658.72,360,63,0
2026.02.15 21:06:00,116656.13,116665.91,116646.96,116647.92,360,63,0
2026.02.15 21:00:00,116645.33,116656.10,116645.33,116656.10,360,63,0
2026.02.15 20:54:00,116634.53,116645.30,116634.53,116645.30,360,63,0
2026.02.15 20:48:00,116656.95,116660.85,116627.66,116634.50,360,63,0
2026.02.15 20:42:00,116646.15,116656.92,116646.15,116656.92,360,63,0
2026.02.15 20:36:00,116635.35,116646.12,116635.35,116646.12,360,63,0
2026.02.15 20:30:00,116624.55,116635.32,116624.55,116635.32,360,63,0
2026.02.15 20:24:00,116613.75,116624.52,116613.75,116624.52,360,63,0
2026.02.15 20:18:00,116649.26,116653.43,116611.05,116613.72,360,63,0
2026.02.15 20:12:00,116666.39,116667.80,116639.90,116649.23,360,63,0
2026.02.15 20:06:00,116655.59,116666.36,116655.59,116666.36,360,63,0
2026.02.15 20:00:00,116678.29,116684.80,116651.33,116655.56,360,63,0
2026.02.15 19:54:00,116667.49,116678.26,116667.49,116678.26,360,63,0
2026.02.15 19:48:00,116656.69,116667.46,116656.69,116667.46,360,63,0
2026.02.15 19:42:00,116645.89,116656.66,116645.89,116656.66,360,63,0
2026.02.15 19:36:00,116635.09,116645.86,116635.09,116645.86,360,63,0
2026.02.15 19:30:00,116624.29,116635.06,116624.29,116635.06,360,63,0
2026.02.15 19:24:00,116654.49,116654.49,116614.69,116624.26,360,63,0
2026.02.15 19:18:00,116643.69,116654.46,116643.69,116654.46,360,63,0
2026.02.15 19:12:00,116632.89,116643.66,116632.89,116643.66,360,63,0
2026.02.15 19:06:00,116622.09,116632.86,116622.09,116632.86,360,63,0
2026.02.15 19:00:00,116631.72,116642.04,116621.64,116622.06,360,63,0
2026.02.15 18:54:00,116620.92,116631.69,116620.92,116631.69,360,63,0
2026.02.15 18:48:00,116610.12,116620.89,116610.12,116620.89,360,63,0
2026.02.15 18:42:00,116632.77,116642.64,116609.22,116610.09,360,63,0
2026.02.15 18:36:00,116621.97,116632.74,116621.97,116632.74,360,63,0
2026.02.15 18:30:00,116611.17,116621.94,116611.17,116621.94,360,63,0
2026.02.15 18:24:00,116600.37,116611.14,116600.37,116611.14,360,63,0
2026.02.15 18:18:00,116613.05,116615.42,116591.97,116600.34,360,63,0
2026.02.15 18:12:00,116623.16,116631.38,116610.50,116613.02,360,63,0
2026.02.15 18:06:00,116612.36,116623.13,116612.36,116623.13,360,63,0
2026.02.15 18:00:00,116601.56,116612.33,116601.56,116612.33,360,63,0
2026.02.15 17:54:00,116590.76,116601.53,116590.76,116601.53,360,63,0
2026.02.15 17:48:00,116608.35,116617.17,116588.81,116590.73,360,63,0
2026.02.15 17:42:00,116597.55,116608.32,116597.55,116608.32,360,63,0
2026.02.15 17:36:00,116586.75,116597.52,116586.75,116597.52,360,63,0
2026.02.15 17:30:00,116596.82,116603.54,116582.70,116586.72,360,63,0
2026.02.15 17:24:00,116612.23,116614.00,116587.82,116596.79,360,63,0
2026.02.15 17:18:00,116601.43,116612.20,116601.43,116612.20,360,63,0
2026.02.15 17:12:00,116590.63,116601.40,116590.63,116601.40,360,63,0
2026.02.15 17:06:00,116602.79,116608.64,116585.71,116590.60,360,63,0
2026.02.15 17:00:00,116616.50,116616.95,116592.47,116602.76,360,63,0
2026.02.15 16:54:00,116605.70,116616.47,116605.70,116616.47,360,63,0
2026.02.15 16:48:00,116594.90,116605.67,116594.90,116605.67,360,63,0
2026.02.15 16:42:00,116584.10,116594.87,116584.10,116594.87,360,63,0
2026.02.15 16:36:00,116573.30,116584.07,116573.30,116584.07,360,63,0
2026.02.15 16:30:00,116591.13,116600.37,116571.77,116573.27,360,63,0
2026.02.15 16:24:00,116580.33,116591.10,116580.33,116591.10,360,63,0
2026.02.15 16:18:00,116569.53,116580.30,116569.53,116580.30,360,63,0
2026.02.15 16:12:00,116558.73,116569.50,116558.73,116569.50,360,63,0
2026.02.15 16:06:00,116568.35,116568.56,116548.17,116558.70,360,63,0
2026.02.15 16:00:00,116557.55,116568.32,116557.55,116568.32,360,63,0
2026.02.15 15:54:00,116609.37,116609.52,116556.59,116557.52,360,63,0
2026.02.15 15:48:00,116598.57,116609.34,116598.57,116609.34,360,63,0
2026.02.15 15:42:00,116618.96,116627.24,116596.08,116598.54,360,63,0
2026.02.15 15:36:00,116608.16,116618.93,116608.16,116618.93,360,63,0
2026.02.15 15:30:00,116615.74,116619.04,116600.69,116608.13,360,63,0
2026.02.15 15:24:00,116634.83,116645.06,116615.20,116615.71,360,63,0
2026.02.15 15:18:00,116624.03,116634.80,116624.03,116634.80,360,63,0
2026.02.15 15:12:00,116638.18,116641.69,116616.77,116624.00,360,63,0
2026.02.15 15:06:00,116627.38,116638.15,116627.38,116638.15,360,63,0
2026.02.15 15:00:00,116616.58,116627.35,116616.58,116627.35,360,63,0
2026.02.15 14:54:00,116605.78,116616.55,116605.78,116616.55,360,63,0
2026.02.15 14:48:00,116594.98,116605.75,116594.98,116605.75,360,63,0
2026.02.15 14:42:00,116584.18,116594.95,116584.18,116594.95,360,63,0
2026.02.15 14:36:00,116573.38,116584.15,116573.38,116584.15,360,63,0
2026.02.15 14:30:00,116590.03,116598.55,116571.13,116573.35,360,63,0
2026.02.15 14:24:00,116579.23,116590.00,116579.23,116590.00,360,63,0
2026.02.15 14:18:00,116568.43,116579.20,116568.43,116579.20,360,63,0
2026.02.15 14:12:00,116557.63,116568.40,116557.63,116568.40,360,63,0
2026.02.15 14:06:00,116592.91,116594.50,116553.88,116557.60,360,63,0
2026.02.15 14:00:00,116582.11,116592.88,116582.11,116592.88,360,63,0
2026.02.15 13:54:00,116596.47,116604.24,116579.11,116582.08,360,63,0
2026.02.15 13:48:00,116585.67,116596.44,116585.67,116596.44,360,63,0
2026.02.15 13:42:00,116589.40,116590.09,116575.59,116585.64,360,63,0
2026.02.15 13:36:00,116578.60,116589.37,116578.60,116589.37,360,63,0
2026.02.15 13:30:00,116567.80,116578.57,116567.80,116578.57,360,63,0
2026.02.15 13:24:00,116557.00,116567.77,116557.00,116567.77,360,63,0
2026.02.15 13:18:00,116570.86,116573.62,116548.99,116556.97,360,63,0
2026.02.15 13:12:00,116612.20,116614.93,116565.31,116570.83,360,63,0
2026.02.15 13:06:00,116601.40,116612.17,116601.40,116612.17,360,63,0
2026.02.15 13:00:00,116590.60,116601.37,116590.60,116601.37,360,63,0
2026.02.15 12:54:00,116619.66,116624.61,116584.78,116590.57,360,63,0
2026.02.15 12:48:00,116608.86,116619.63,116608.86,116619.63,360,63,0
2026.02.15 12:42:00,116598.06,116608.83,116598.06,116608.83,360,63,0
2026.02.15 12:36:00,116607.72,116614.71,116594.28,116598.03,360,63,0
2026.02.15 12:30:00,116624.33,116632.73,116605.35,116607.69,360,63,0
2026.02.15 12:24:00,116613.53,116624.30,116613.53,116624.30,360,63,0
2026.02.15 12:18:00,116602.73,116613.50,116602.73,116613.50,360,63,0
2026.02.15 12:12:00,116606.00,116609.21,116595.17,116602.70,360,63,0
2026.02.15 12:06:00,116619.21,116620.68,116596.70,116605.97,360,63,0
2026.02.15 12:00:00,116608.41,116619.18,116608.41,116619.18,360,63,0
2026.02.15 11:54:00,116597.61,116608.38,116597.61,116608.38,360,63,0
2026.02.15 11:48:00,116628.15,116628.84,116588.40,116597.58,360,63,0
2026.02.15 11:42:00,116617.35,116628.12,116617.35,116628.12,360,63,0
2026.02.15 11:36:00,116606.55,116617.32,116606.55,116617.32,360,63,0
2026.02.15 11:30:00,116663.54,116667.23,116600.22,116606.52,360,63,0
2026.02.15 11:24:00,116652.74,116663.51,116652.74,116663.51,360,63,0
2026.02.15 11:18:00,116663.12,116670.38,116649.23,116652.71,360,63,0
2026.02.15 11:12:00,116674.43,116678.81,116656.73,116663.09,360,63,0
2026.02.15 11:06:00,116694.47,116696.39,116665.58,116674.40,360,63,0
2026.02.15 11:00:00,116683.67,116694.44,116683.67,116694.44,360,63,0
2026.02.15 10:54:00,116672.87,116683.64,116672.87,116683.64,360,63,0
2026.02.15 10:48:00,116695.31,116705.24,116672.03,116672.84,360,63,0
2026.02.15 10:42:00,116684.51,116695.28,116684.51,116695.28,360,63,0
2026.02.15 10:36:00,116673.71,116684.48,116673.71,116684.48,360,63,0
2026.02.15 10:30:00,116693.34,116696.91,116666.51,116673.68,360,63,0
2026.02.15 10:24:00,116682.54,116693.31,116682.54,116693.31,360,63,0
2026.02.15 10:18:00,116688.73,116693.62,116676.66,116682.51,360,63,0
2026.02.15 10:12:00,116694.02,116700.44,116684.38,116688.70,360,63,0
2026.02.15 10:06:00,116683.22,116693.99,116683.22,116693.99,360,63,0
2026.02.15 10:00:00,116704.10,116705.78,116674.13,116683.19,360,63,0
2026.02.15 09:54:00,116693.30,116704.07,116693.30,116704.07,360,63,0
2026.02.15 09:48:00,116682.50,116693.27,116682.50,116693.27,360,63,0
2026.02.15 09:42:00,116685.39,116688.18,116674.52,116682.47,360,63,0
2026.02.15 09:36:00,116674.59,116685.36,116674.59,116685.36,360,63,0
2026.02.15 09:30:00,116663.79,116674.56,116663.79,116674.56,360,63,0
2026.02.15 09:24:00,116688.66,116696.91,116663.76,116663.76,360,63,0
2026.02.15 09:18:00,116677.86,116688.63,116677.86,116688.63,360,63,0
2026.02.15 09:12:00,116667.06,116677.83,116667.06,116677.83,360,63,0
2026.02.15 09:06:00,116656.26,116667.03,116656.26,116667.03,360,63,0
2026.02.15 09:00:00,116645.46,116656.23,116645.46,116656.23,360,63,0
2026.02.15 08:54:00,116634.66,116645.43,116634.66,116645.43,360,63,0
2026.02.15 08:48:00,116623.86,116634.63,116623.86,116634.63,360,63,0
2026.02.15 08:42:00,116613.06,116623.83,116613.06,116623.83,360,63,0
2026.02.15 08:36:00,116602.26,116613.03,116602.26,116613.03,360,63,0
2026.02.15 08:30:00,116591.46,116602.23,116591.46,116602.23,360,63,0
2026.02.15 08:24:00,116580.66,116591.43,116580.66,116591.43,360,63,0
2026.02.15 08:18:00,116614.57,116617.27,116575.11,116580.63,360,63,0
2026.02.15 08:12:00,116639.21,116641.55,116606.14,116614.54,360,63,0
2026.02.15 08:06:00,116628.41,116639.18,116628.41,116639.18,360,63,0
2026.02.15 08:00:00,116617.61,116628.38,116617.61,116628.38,295,63,0
2026.02.15 07:54:00,116676.65,116677.07,116613.14,116617.58,360,63,0
2026.02.15 07:48:00,116702.71,116704.00,116667.68,116676.62,292,63,0
2026.02.15 07:42:00,116706.69,116707.92,116693.17,116702.68,360,63,0
2026.02.15 07:36:00,116695.89,116706.66,116695.89,116706.66,360,63,0
2026.02.15 07:30:00,116685.09,116695.86,116685.09,116695.86,360,63,0
2026.02.15 07:24:00,116674.29,116685.06,116674.29,116685.06,360,63,0
2026.02.15 07:18:00,116663.49,116674.26,116663.49,116674.26,360,63,0
2026.02.15 07:12:00,116652.69,116663.46,116652.69,116663.46,360,63,0
2026.02.15 07:06:00,116641.89,116652.66,116641.89,116652.66,360,63,0
2026.02.15 07:00:00,116668.42,116672.71,116635.44,116641.86,359,63,0
2026.02.15 06:54:00,116668.39,116668.39,116668.39,116668.39,1,63,0
2026.02.15 06:48:00,116664.82,116668.36,116664.82,116668.36,119,63,0
2026.02.15 06:42:00,116654.02,116664.79,116654.02,116664.79,360,63,0
2026.02.15 06:36:00,116643.22,116653.99,116643.22,116653.99,360,63,0
2026.02.15 06:30:00,116661.11,116664.74,116636.08,116643.19,360,63,0
2026.02.15 06:24:00,116650.31,116661.08,116650.31,116661.08,360,63,0
2026.02.15 06:18:00,116655.03,116664.99,116649.50,116650.28,360,63,0
2026.02.15 06:12:00,116644.23,116655.00,116644.23,116655.00,360,63,0
2026.02.15 06:06:00,116633.43,116644.20,116633.43,116644.20,360,63,0
2026.02.15 06:00:00,116640.32,116647.91,116630.25,116633.40,360,63,0
2026.02.15 05:54:00,116629.52,116640.29,116629.52,116640.29,360,63,0
2026.02.15 05:48:00,116618.72,116629.49,116618.72,116629.49,360,63,0
2026.02.15 05:42:00,116655.49,116657.71,116613.86,116618.69,360,63,0
2026.02.15 05:36:00,116644.69,116655.46,116644.69,116655.46,360,63,0
2026.02.15 05:30:00,116633.89,116644.66,116633.89,116644.66,360,63,0
2026.02.15 05:24:00,116644.06,116648.77,116627.83,116633.86,360,63,0
2026.02.15 05:18:00,116633.26,116644.03,116633.26,116644.03,360,63,0
2026.02.15 05:12:00,116647.71,116648.22,116623.00,116633.23,360,63,0
2026.02.15 05:06:00,116667.40,116672.59,116642.13,116647.68,360,63,0
2026.02.15 05:00:00,116690.88,116701.62,116667.37,116667.37,360,63,0
2026.02.15 04:54:00,116714.09,116714.21,116680.23,116690.85,360,63,0
2026.02.15 04:48:00,116703.29,116714.06,116703.29,116714.06,360,63,0
2026.02.15 04:42:00,116704.89,116710.14,116697.77,116703.26,360,63,0
2026.02.15 04:36:00,116722.53,116722.86,116694.45,116704.86,360,63,0
2026.02.15 04:30:00,116749.44,116759.52,116721.84,116722.50,360,63,0
2026.02.15 04:24:00,116738.64,116749.41,116738.64,116749.41,360,63,0
2026.02.15 04:18:00,116768.05,116771.32,116731.14,116738.61,360,63,0
2026.02.15 04:12:00,116782.20,116792.13,116767.21,116768.02,360,63,0
2026.02.15 04:06:00,116794.75,116801.20,116777.88,116782.17,360,63,0
2026.02.15 04:00:00,116803.16,116809.58,116790.40,116794.72,360,63,0
2026.02.15 03:54:00,116810.17,116811.76,116793.98,116803.13,360,63,0
2026.02.15 03:48:00,116799.37,116810.14,116799.37,116810.14,360,63,0
2026.02.15 03:42:00,116788.57,116799.34,116788.57,116799.34,360,63,0
2026.02.15 03:36:00,116777.77,116788.54,116777.77,116788.54,360,63,0
2026.02.15 03:30:00,116811.29,116815.37,116771.08,116777.74,360,63,0
2026.02.15 03:24:00,116864.83,116872.93,116808.83,116811.26,360,63,0
2026.02.15 03:18:00,116854.03,116864.80,116854.03,116864.80,360,63,0
2026.02.15 03:12:00,116865.35,116869.13,116847.04,116854.00,360,63,0
2026.02.15 03:06:00,116854.55,116865.32,116854.55,116865.32,360,63,0
2026.02.15 03:00:00,116843.75,116854.52,116843.75,116854.52,360,63,0
2026.02.15 02:54:00,116863.21,116873.41,116843.18,116843.72,360,63,0
2026.02.15 02:48:00,116875.11,116885.16,116862.49,116863.18,360,63,0
2026.02.15 02:42:00,116883.87,116886.03,116866.50,116875.08,360,63,0
2026.02.15 02:36:00,116962.48,116963.35,116874.57,116883.84,360,63,0
2026.02.15 02:30:00,116951.68,116962.45,116951.68,116962.45,360,63,0
2026.02.15 02:24:00,116940.88,116951.65,116940.88,116951.65,360,63,0
2026.02.15 02:18:00,116962.31,116969.09,116936.86,116940.85,361,63,0
2026.02.15 02:12:00,116951.51,116962.28,116951.51,116962.28,360,63,0
2026.02.15 02:06:00,116940.71,116951.48,116940.71,116951.48,360,63,0
2026.02.15 02:00:00,116929.91,116940.68,116929.91,116940.68,360,63,0
2026.02.15 01:54:00,116919.11,116929.88,116919.11,116929.88,360,63,0
2026.02.15 01:48:00,116908.31,116919.08,116908.31,116919.08,360,63,0
2026.02.15 01:42:00,116897.51,116908.28,116897.51,116908.28,360,63,0
2026.02.15 01:36:00,116886.71,116897.48,116886.71,116897.48,360,63,0
2026.02.15 01:30:00,116875.91,116886.68,116875.91,116886.68,360,63,0
2026.02.15 01:24:00,116894.25,116895.57,116866.46,116875.88,360,63,0
2026.02.15 01:18:00,116883.45,116894.22,116883.45,116894.22,360,63,0
2026.02.15 01:12:00,116872.65,116883.42,116872.65,116883.42,360,63,0
2026.02.15 01:06:00,116890.68,116898.51,116869.71,116872.62,360,63,0
2026.02.15 01:00:00,116879.88,116890.65,116879.88,116890.65,360,63,0
2026.02.15 00:54:00,116869.08,116879.85,116869.08,116879.85,360,63,0
2026.02.15 00:48:00,116858.28,116869.05,116858.28,116869.05,360,63,0
2026.02.15 00:42:00,116847.48,116858.25,116847.48,116858.25,360,63,0
2026.02.15 00:36:00,116836.68,116847.45,116836.68,116847.45,360,63,0
2026.02.15 00:30:00,116825.88,116836.65,116825.88,116836.65,360,63,0
2026.02.15 00:24:00,116850.98,116852.39,116821.11,116825.85,360,63,0
2026.02.15 00:18:00,116840.18,116850.95,116840.18,116850.95,360,63,0
2026.02.15 00:12:00,116849.57,116852.57,116832.41,116840.15,360,63,0
2026.02.15 00:06:00,116879.48,116882.21,116841.53,116849.54,360,63,0
2026.02.15 00:00:00,116868.68,116879.45,116868.68,116879.45,360,63,0
2026.02.14 23:54:00,116857.88,116868.65,116857.88,116868.65,360,63,0
2026.02.14 23:48:00,116876.90,116882.36,116852.57,116857.85,360,63,0
2026.02.14 23:42:00,116866.10,116876.87,116866.10,116876.87,360,63,0
2026.02.14 23:36:00,116855.30,116866.07,116855.30,116866.07,360,63,0
2026.02.14 23:30:00,116844.50,116855.27,116844.50,116855.27,360,63,0
2026.02.14 23:24:00,116833.70,116844.47,116833.70,116844.47,360,63,0
2026.02.14 23:18:00,116822.90,116833.67,116822.90,116833.67,360,63,0
2026.02.14 23:12:00,116812.10,116822.87,116812.10,116822.87,360,63,0
2026.02.14 23:06:00,116801.30,116812.07,116801.30,116812.07,360,63,0
2026.02.14 23:00:00,116790.50,116801.27,116790.50,116801.27,360,63,0
2026.02.14 22:54:00,116779.70,116790.47,116779.70,116790.47,360,63,0
2026.02.14 22:48:00,116768.90,116779.67,116768.90,116779.67,360,63,0
2026.02.14 22:42:00,116758.10,116768.87,116758.10,116768.87,360,63,0
2026.02.14 22:36:00,116747.30,116758.07,116747.30,116758.07,360,63,0
2026.02.14 22:30:00,116772.11,116780.57,116744.99,116747.27,360,63,0
2026.02.14 22:24:00,116761.31,116772.08,116761.31,116772.08,360,63,0
2026.02.14 22:18:00,116798.47,116800.33,116752.40,116761.28,360,63,0
2026.02.14 22:12:00,116812.15,116817.85,116793.40,116798.44,360,63,0
2026.02.14 22:06:00,116801.35,116812.12,116801.35,116812.12,360,63,0
2026.02.14 22:00:00,116790.55,116801.32,116790.55,116801.32,360,63,0
2026.02.14 21:54:00,116779.75,116790.52,116779.75,116790.52,360,63,0
2026.02.14 21:48:00,116809.01,116816.57,116776.54,116779.72,360,63,0
2026.02.14 21:42:00,116830.90,116834.65,116801.99,116808.98,360,63,0
2026.02.14 21:36:00,116820.10,116830.87,116820.10,116830.87,360,63,0
2026.02.14 21:30:00,116809.30,116820.07,116809.30,116820.07,360,63,0
2026.02.14 21:24:00,116821.94,116831.27,116807.86,116809.27,360,63,0
2026.02.14 21:18:00,116811.14,116821.91,116811.14,116821.91,360,63,0
2026.02.14 21:12:00,116828.32,116830.81,116802.86,116811.11,360,63,0
2026.02.14 21:06:00,116817.52,116828.29,116817.52,116828.29,360,63,0
2026.02.14 21:00:00,116824.22,116827.85,116810.38,116817.49,360,63,0
2026.02.14 20:54:00,116813.42,116824.19,116813.42,116824.19,360,63,0
2026.02.14 20:48:00,116802.62,116813.39,116802.62,116813.39,360,63,0
2026.02.14 20:42:00,116815.56,116826.00,116802.29,116802.59,360,63,0
2026.02.14 20:36:00,116804.76,116815.53,116804.76,116815.53,360,63,0
2026.02.14 20:30:00,116793.96,116804.73,116793.96,116804.73,360,63,0
2026.02.14 20:24:00,116783.16,116793.93,116783.16,116793.93,360,63,0
2026.02.14 20:18:00,116798.16,116803.68,116777.91,116783.13,360,63,0
2026.02.14 20:12:00,116787.36,116798.13,116787.36,116798.13,360,63,0
2026.02.14 20:06:00,116776.56,116787.33,116776.56,116787.33,360,63,0
2026.02.14 20:00:00,116765.76,116776.53,116765.76,116776.53,360,63,0
2026.02.14 19:54:00,116754.96,116765.73,116754.96,116765.73,360,63,0
2026.02.14 19:48:00,116776.32,116781.15,116749.02,116754.93,346,63,0
2026.02.14 19:42:00,116780.69,116784.89,116769.75,116776.29,360,63,0
2026.02.14 19:36:00,116769.89,116780.66,116769.89,116780.66,360,63,0
2026.02.14 19:30:00,116759.09,116769.86,116759.09,116769.86,360,63,0
2026.02.14 19:24:00,116748.29,116759.06,116748.29,116759.06,360,63,0
2026.02.14 19:18:00,116737.49,116748.26,116737.49,116748.26,360,63,0
2026.02.14 19:12:00,116726.69,116737.46,116726.69,116737.46,360,63,0
2026.02.14 19:06:00,116715.89,116726.66,116715.89,116726.66,360,63,0
2026.02.14 19:00:00,116705.09,116715.86,116705.09,116715.86,360,63,0
2026.02.14 18:54:00,116694.29,116705.06,116694.29,116705.06,360,63,0
2026.02.14 18:48:00,116709.88,116717.41,116691.05,116694.26,360,63,0
2026.02.14 18:42:00,116723.10,116727.18,116703.19,116709.85,360,63,0
2026.02.14 18:36:00,116712.30,116723.07,116712.30,116723.07,360,63,0
2026.02.14 18:30:00,116726.57,116737.10,116712.06,116712.27,360,63,0
2026.02.14 18:24:00,116732.93,116738.90,116721.77,116726.54,360,63,0
2026.02.14 18:18:00,116743.31,116751.47,116730.32,116732.90,360,63,0
2026.02.14 18:12:00,116760.02,116760.56,116733.08,116743.28,360,63,0
2026.02.14 18:06:00,116763.25,116766.46,116752.46,116759.99,360,63,0
2026.02.14 18:00:00,116784.15,116785.50,116753.83,116763.22,360,63,0
2026.02.14 17:54:00,116773.35,116784.12,116773.35,116784.12,360,63,0
2026.02.14 17:48:00,116762.55,116773.32,116762.55,116773.32,360,63,0
2026.02.14 17:42:00,116751.75,116762.52,116751.75,116762.52,360,63,0
2026.02.14 17:36:00,116740.95,116751.72,116740.95,116751.72,360,63,0
2026.02.14 17:30:00,116786.97,116789.31,116733.42,116740.92,360,63,0
2026.02.14 17:24:00,116797.29,116799.18,116778.09,116786.94,360,63,0
2026.02.14 17:18:00,116810.94,116817.90,116793.48,116797.26,360,63,0
2026.02.14 17:12:00,116829.41,116837.09,116807.85,116810.91,360,63,0
2026.02.14 17:06:00,116818.61,116829.38,116818.61,116829.38,360,63,0
2026.02.14 17:00:00,116807.81,116818.58,116807.81,116818.58,360,63,0
2026.02.14 16:54:00,116797.01,116807.78,116797.01,116807.78,360,63,0
2026.02.14 16:48:00,116786.21,116796.98,116786.21,116796.98,360,63,0
2026.02.14 16:42:00,116795.59,116796.04,116775.89,116786.18,360,63,0
2026.02.14 16:36:00,116784.79,116795.56,116784.79,116795.56,360,63,0
2026.02.14 16:30:00,116773.99,116784.76,116773.99,116784.76,360,63,0
2026.02.14 16:24:00,116763.19,116773.96,116763.19,116773.96,360,63,0
2026.02.14 16:18:00,116752.39,116763.16,116752.39,116763.16,360,63,0
2026.02.14 16:12:00,116741.59,116752.36,116741.59,116752.36,360,63,0
2026.02.14 16:06:00,116730.79,116741.56,116730.79,116741.56,360,63,0
2026.02.14 16:00:00,116719.99,116730.76,116719.99,116730.76,360,63,0
2026.02.14 15:54:00,116709.19,116719.96,116709.19,116719.96,360,63,0
2026.02.14 15:48:00,116698.39,116709.16,116698.39,116709.16,360,63,0
2026.02.14 15:42:00,116731.37,116732.96,116693.26,116698.36,360,63,0
2026.02.14 15:36:00,116736.15,116736.93,116721.38,116731.34,360,63,0
2026.02.14 15:30:00,116749.82,116755.22,116730.78,116736.12,360,63,0
2026.02.14 15:24:00,116739.02,116749.79,116739.02,116749.79,360,63,0
2026.02.14 15:18:00,116784.55,116784.97,116734.52,116738.99,360,63,0
2026.02.14 15:12:00,116773.75,116784.52,116773.75,116784.52,360,63,0
2026.02.14 15:06:00,116762.95,116773.72,116762.95,116773.72,360,63,0
2026.02.14 15:00:00,116752.15,116762.92,116752.15,116762.92,360,63,0
2026.02.14 14:54:00,116741.35,116752.12,116741.35,116752.12,360,63,0
2026.02.14 14:48:00,116730.55,116741.32,116730.55,116741.32,360,63,0
2026.02.14 14:42:00,116739.08,116749.46,116730.16,116730.52,360,63,0
2026.02.14 14:36:00,116742.31,116744.71,116730.71,116739.05,360,63,0
2026.02.14 14:30:00,116731.51,116742.28,116731.51,116742.28,360,63,0
2026.02.14 14:24:00,116720.71,116731.48,116720.71,116731.48,360,63,0
2026.02.14 14:18:00,116709.91,116720.68,116709.91,116720.68,360,63,0
2026.02.14 14:12:00,116699.11,116709.88,116699.11,116709.88,360,63,0
2026.02.14 14:06:00,116700.44,116704.91,116692.81,116699.08,360,63,0
2026.02.14 14:00:00,116689.64,116700.41,116689.64,116700.41,360,63,0
2026.02.14 13:54:00,116678.84,116689.61,116678.84,116689.61,360,63,0
2026.02.14 13:48:00,116668.04,116678.81,116668.04,116678.81,360,63,0
2026.02.14 13:42:00,116670.17,116679.65,116666.75,116668.01,360,63,0
2026.02.14 13:36:00,116659.37,116670.14,116659.37,116670.14,360,63,0
2026.02.14 13:30:00,116689.07,116692.88,116652.41,116659.34,360,63,0
2026.02.14 13:24:00,116678.27,116689.04,116678.27,116689.04,360,63,0
2026.02.14 13:18:00,116667.47,116678.24,116667.47,116678.24,360,63,0
2026.02.14 13:12:00,116656.67,116667.44,116656.67,116667.44,360,63,0
2026.02.14 13:06:00,116645.87,116656.64,116645.87,116656.64,360,63,0
2026.02.14 13:00:00,116635.07,116645.84,116635.07,116645.84,360,63,0
2026.02.14 12:54:00,116624.27,116635.04,116624.27,116635.04,360,63,0
2026.02.14 12:48:00,116638.60,116642.86,116617.76,116624.24,360,63,0
2026.02.14 12:42:00,116627.80,116638.57,116627.80,116638.57,360,63,0
2026.02.14 12:36:00,116617.00,116627.77,116617.00,116627.77,360,63,0
2026.02.14 12:30:00,116606.20,116616.97,116606.20,116616.97,360,63,0
2026.02.14 12:24:00,116617.06,116618.29,116596.66,116606.17,360,63,0
2026.02.14 12:18:00,116606.26,116617.03,116606.26,116617.03,360,63,0
2026.02.14 12:12:00,116595.46,116606.23,116595.46,116606.23,360,63,0
2026.02.14 12:06:00,116584.66,116595.43,116584.66,116595.43,360,63,0
2026.02.14 12:00:00,116594.34,116603.22,116582.77,116584.63,360,63,0
2026.02.14 11:54:00,116583.54,116594.31,116583.54,116594.31,360,63,0
2026.02.14 11:48:00,116607.60,116614.62,116579.79,116583.51,360,63,0
2026.02.14 11:42:00,116609.95,116615.71,116602.59,116607.57,360,63,0
2026.02.14 11:36:00,116599.15,116609.92,116599.15,116609.92,360,63,0
2026.02.14 11:30:00,116588.35,116599.12,116588.35,116599.12,360,63,0
2026.02.14 11:24:00,116597.95,116607.64,116587.27,116588.32,360,63,0
2026.02.14 11:18:00,116605.42,116606.86,116588.62,116597.92,360,63,0
2026.02.14 11:12:00,116594.62,116605.39,116594.62,116605.39,360,63,0
2026.02.14 11:06:00,116583.82,116594.59,116583.82,116594.59,360,63,0
2026.02.14 11:00:00,116606.13,116608.23,116575.15,116583.79,360,63,0
2026.02.14 10:54:00,116595.33,116606.10,116595.33,116606.10,360,63,0
2026.02.14 10:48:00,116584.53,116595.30,116584.53,116595.30,360,63,0
2026.02.14 10:42:00,116573.73,116584.50,116573.73,116584.50,360,63,0
2026.02.14 10:36:00,116579.78,116583.05,116566.23,116573.70,360,63,0
2026.02.14 10:30:00,116568.98,116579.75,116568.98,116579.75,360,63,0
2026.02.14 10:24:00,116572.08,116573.04,116559.17,116568.95,360,63,0
2026.02.14 10:18:00,116561.28,116572.05,116561.28,116572.05,360,63,0
2026.02.14 10:12:00,116550.48,116561.25,116550.48,116561.25,360,63,0
2026.02.14 10:06:00,116574.87,116577.54,116542.38,116550.45,360,63,0
2026.02.14 10:00:00,116564.07,116574.84,116564.07,116574.84,360,63,0
2026.02.14 09:54:00,116553.27,116564.04,116553.27,116564.04,360,63,0
2026.02.14 09:48:00,116542.47,116553.24,116542.47,116553.24,360,63,0
2026.02.14 09:42:00,116531.67,116542.44,116531.67,116542.44,360,63,0
2026.02.14 09:36:00,116520.87,116531.64,116520.87,116531.64,360,63,0
2026.02.14 09:30:00,116538.33,116541.87,116513.64,116520.84,360,63,0
2026.02.14 09:24:00,116527.53,116538.30,116527.53,116538.30,360,63,0
2026.02.14 09:18:00,116516.73,116527.50,116516.73,116527.50,360,63,0
2026.02.14 09:12:00,116505.93,116516.70,116505.93,116516.70,360,63,0
2026.02.14 09:06:00,116495.13,116505.90,116495.13,116505.90,360,63,0
2026.02.14 09:00:00,116521.31,116531.63,116494.68,116495.10,360,63,0
2026.02.14 08:54:00,116510.51,116521.28,116510.51,116521.28,360,63,0
2026.02.14 08:48:00,116526.15,116536.20,116509.79,116510.48,360,63,0
2026.02.14 08:42:00,116515.35,116526.12,116515.35,116526.12,360,63,0
2026.02.14 08:36:00,116519.88,116520.54,116505.24,116515.32,360,63,0
2026.02.14 08:30:00,116540.35,116544.31,116513.07,116519.85,360,63,0
2026.02.14 08:24:00,116529.55,116540.32,116529.55,116540.32,360,63,0
2026.02.14 08:18:00,116518.75,116529.52,116518.75,116529.52,360,63,0
2026.02.14 08:12:00,116507.95,116518.72,116507.95,116518.72,360,63,0
2026.02.14 08:06:00,116512.20,116513.55,116498.53,116507.92,360,63,0
2026.02.14 08:00:00,116501.40,116512.17,116501.40,116512.17,360,63,0
2026.02.14 07:54:00,116490.60,116501.37,116490.60,116501.37,360,63,0
2026.02.14 07:48:00,116479.80,116490.57,116479.80,116490.57,360,63,0
2026.02.14 07:42:00,116469.00,116479.77,116469.00,116479.77,360,63,0
2026.02.14 07:36:00,116458.20,116468.97,116458.20,116468.97,360,63,0
2026.02.14 07:30:00,116447.40,116458.17,116447.40,116458.17,360,63,0
2026.02.14 07:24:00,116436.60,116447.37,116436.60,116447.37,360,63,0
2026.02.14 07:18:00,116425.80,116436.57,116425.80,116436.57,360,63,0
2026.02.14 07:12:00,116445.32,116454.44,116424.15,116425.77,360,63,0
2026.02.14 07:06:00,116434.52,116445.29,116434.52,116445.29,360,63,0
2026.02.14 07:00:00,116423.72,116434.49,116423.72,116434.49,360,63,0
2026.02.14 06:54:00,116455.96,116456.23,116413.22,116423.69,360,63,0
2026.02.14 06:48:00,116484.16,116487.31,116448.34,116455.93,360,63,0
2026.02.14 06:42:00,116473.36,116484.13,116473.36,116484.13,360,63,0
2026.02.14 06:36:00,116462.56,116473.33,116462.56,116473.33,360,63,0
2026.02.14 06:30:00,116451.76,116462.53,116451.76,116462.53,360,63,0
2026.02.14 06:24:00,116474.88,116474.97,116445.82,116451.73,360,63,0
2026.02.14 06:18:00,116464.08,116474.85,116464.08,116474.85,360,63,0
2026.02.14 06:12:00,116453.28,116464.05,116453.28,116464.05,360,63,0
2026.02.14 06:06:00,116442.48,116453.25,116442.48,116453.25,360,63,0
2026.02.14 06:00:00,116431.68,116442.45,116431.68,116442.45,360,63,0
2026.02.14 05:54:00,116420.88,116431.65,116420.88,116431.65,360,63,0
2026.02.14 05:48:00,116410.08,116420.85,116410.08,116420.85,360,63,0
2026.02.14 05:42:00,116399.28,116410.05,116399.28,116410.05,360,63,0
2026.02.14 05:36:00,116388.48,116399.25,116388.48,116399.25,360,63,0
2026.02.14 05:30:00,116403.18,116403.21,116377.74,116388.45,360,63,0
2026.02.14 05:24:00,116410.48,116413.93,116395.86,116403.15,360,63,0
2026.02.14 05:18:00,116443.38,116446.23,116402.56,116410.45,360,63,0
2026.02.14 05:12:00,116448.34,116455.48,116439.75,116443.35,360,63,0
2026.02.14 05:06:00,116437.54,116448.31,116437.54,116448.31,360,63,0
2026.02.14 05:00:00,116463.82,116471.50,116434.45,116437.51,360,63,0
2026.02.14 04:54:00,116482.94,116487.89,116460.73,116463.79,360,63,0
2026.02.14 04:48:00,116472.14,116482.91,116472.14,116482.91,360,63,0
2026.02.14 04:42:00,116461.34,116472.11,116461.34,116472.11,360,63,0
2026.02.14 04:36:00,116450.54,116461.31,116450.54,116461.31,360,63,0
2026.02.14 04:30:00,116439.74,116450.51,116439.74,116450.51,360,63,0
2026.02.14 04:24:00,116486.26,116486.50,116437.28,116439.71,360,63,0
2026.02.14 04:18:00,116475.46,116486.23,116475.46,116486.23,360,63,0
2026.02.14 04:12:00,116464.66,116475.43,116464.66,116475.43,360,63,0
2026.02.14 04:06:00,116453.86,116464.63,116453.86,116464.63,360,63,0
2026.02.14 04:00:00,116457.62,116461.97,116447.44,116453.83,360,63,0
2026.02.14 03:54:00,116446.82,116457.59,116446.82,116457.59,360,63,0
2026.02.14 03:48:00,116451.46,116454.67,116439.26,116446.79,360,63,0
2026.02.14 03:42:00,116440.66,116451.43,116440.66,116451.43,360,63,0
2026.02.14 03:36:00,116448.18,116449.68,116431.39,116440.63,360,63,0
2026.02.14 03:30:00,116437.38,116448.15,116437.38,116448.15,360,63,0
2026.02.14 03:24:00,116447.28,116453.52,116432.85,116437.35,360,63,0
2026.02.14 03:18:00,116436.48,116447.25,116436.48,116447.25,360,63,0
2026.02.14 03:12:00,116425.68,116436.45,116425.68,116436.45,360,63,0
2026.02.14 03:06:00,116414.88,116425.65,116414.88,116425.65,360,63,0
2026.02.14 03:00:00,116404.08,116414.85,116404.08,116414.85,360,63,0
2026.02.14 02:54:00,116393.28,116404.05,116393.28,116404.05,360,63,0
2026.02.14 02:48:00,116382.48,116393.25,116382.48,116393.25,360,63,0
2026.02.14 02:42:00,116402.94,116410.29,116379.06,116382.45,360,63,0
2026.02.14 02:36:00,116404.78,116413.03,116400.42,116402.91,360,63,0
2026.02.14 02:30:00,116393.98,116404.75,116393.98,116404.75,360,63,0
2026.02.14 02:24:00,116383.18,116393.95,116383.18,116393.95,360,63,0
2026.02.14 02:18:00,116372.38,116383.15,116372.38,116383.15,360,63,0
2026.02.14 02:12:00,116361.58,116372.35,116361.58,116372.35,360,63,0
2026.02.14 02:06:00,116350.78,116361.55,116350.78,116361.55,360,63,0
2026.02.14 02:00:00,116339.98,116350.75,116339.98,116350.75,360,63,0
2026.02.14 01:54:00,116329.18,116339.95,116329.18,116339.95,360,63,0
2026.02.14 01:48:00,116353.90,116359.66,116324.17,116329.15,360,63,0
2026.02.14 01:42:00,116387.57,116392.70,116348.26,116353.87,360,63,0
2026.02.14 01:36:00,116376.77,116387.54,116376.77,116387.54,360,63,0
2026.02.14 01:30:00,116365.97,116376.74,116365.97,116376.74,360,63,0
2026.02.14 01:24:00,116355.17,116365.94,116355.17,116365.94,360,63,0
2026.02.14 01:18:00,116344.37,116355.14,116344.37,116355.14,360,63,0
2026.02.14 01:12:00,116355.45,116359.50,116337.65,116344.34,360,63,0
2026.02.14 01:06:00,116406.41,116410.31,116353.20,116355.42,360,63,0
2026.02.14 01:00:00,116395.61,116406.38,116395.61,116406.38,360,63,0
2026.02.14 00:54:00,116403.25,116413.63,116395.22,116395.58,360,63,0
2026.02.14 00:48:00,116392.45,116403.22,116392.45,116403.22,360,63,0
2026.02.14 00:42:00,116381.65,116392.42,116381.65,116392.42,360,63,0
2026.02.14 00:36:00,116370.85,116381.62,116370.85,116381.62,360,63,0
2026.02.14 00:30:00,116412.96,116420.25,116370.04,116370.82,360,63,0
2026.02.14 00:24:00,116402.16,116412.93,116402.16,116412.93,360,63,0
2026.02.14 00:18:00,116429.03,116437.49,116399.85,116402.13,360,63,0
2026.02.14 00:12:00,116444.61,116449.68,116423.33,116429.00,360,63,0
2026.02.14 00:06:00,116433.81,116444.58,116433.81,116444.58,360,63,0
2026.02.14 00:00:00,116423.01,116433.78,116423.01,116433.78,360,63,0
2026.02.13 23:54:00,116412.21,116422.98,116412.21,116422.98,360,63,0
2026.02.13 23:48:00,116414.58,116424.09,116410.95,116412.18,360,63,0
2026.02.13 23:42:00,116403.78,116414.55,116403.78,116414.55,360,63,0
2026.02.13 23:36:00,116408.32,116413.21,116397.90,116403.75,360,63,0
2026.02.13 23:30:00,116415.35,116419.55,116401.75,116408.29,360,63,0
2026.02.13 23:24:00,116421.83,116423.00,116405.75,116415.32,360,63,0
2026.02.13 23:18:00,116411.03,116421.80,116411.03,116421.80,360,63,0
2026.02.13 23:12:00,116400.23,116411.00,116400.23,116411.00,360,63,0
2026.02.13 23:06:00,116416.16,116423.39,116396.69,116400.20,360,63,0
2026.02.13 23:00:00,116405.36,116416.13,116405.36,116416.13,360,63,0
2026.02.13 22:54:00,116423.47,116423.56,116394.68,116405.33,360,63,0
2026.02.13 22:48:00,116412.67,116423.44,116412.67,116423.44,360,63,0
2026.02.13 22:42:00,116401.87,116412.64,116401.87,116412.64,360,63,0
2026.02.13 22:36:00,116391.07,116401.84,116391.07,116401.84,360,63,0
2026.02.13 22:30:00,116380.27,116391.04,116380.27,116391.04,360,63,0
2026.02.13 22:24:00,116393.18,116394.83,116371.15,116380.24,360,63,0
2026.02.13 22:18:00,116382.38,116393.15,116382.38,116393.15,360,63,0
2026.02.13 22:12:00,116397.78,116402.82,116376.65,116382.35,360,63,0
2026.02.13 22:06:00,116386.98,116397.75,116386.98,116397.75,360,63,0
2026.02.13 22:00:00,116376.18,116386.95,116376.18,116386.95,360,63,0
2026.02.13 21:54:00,116365.38,116376.15,116365.38,116376.15,360,63,0
2026.02.13 21:48:00,116354.58,116365.35,116354.58,116365.35,360,63,0
2026.02.13 21:42:00,116343.78,116354.55,116343.78,116354.55,360,63,0
2026.02.13 21:36:00,116369.68,116372.74,116336.07,116343.75,360,63,0
2026.02.13 21:30:00,116386.76,116390.51,116362.66,116369.65,360,63,0
2026.02.13 21:24:00,116394.97,116401.75,116382.77,116386.73,360,63,0
2026.02.13 21:18:00,116432.22,116432.82,116391.58,116394.94,360,63,0
2026.02.13 21:12:00,116443.68,116448.48,116426.25,116432.19,360,63,0
2026.02.13 21:06:00,116511.20,116511.23,116441.40,116443.65,360,63,0
2026.02.13 21:00:00,116517.26,116518.07,116501.24,116511.17,360,63,0
2026.02.13 20:54:00,116530.81,116540.98,116516.66,116517.23,360,63,0
2026.02.13 20:48:00,116565.52,116567.17,116530.03,116530.78,360,63,0
2026.02.13 20:42:00,116606.07,116610.27,116561.26,116565.49,360,63,0
2026.02.13 20:36:00,116595.27,116606.04,116595.27,116606.04,360,63,0
2026.02.13 20:30:00,116584.47,116595.24,116584.47,116595.24,360,63,0
2026.02.13 20:24:00,116621.16,116621.55,116579.73,116584.44,360,63,0
2026.02.13 20:18:00,116644.03,116647.93,116617.68,116621.13,360,63,0
2026.02.13 20:12:00,116633.23,116644.00,116633.23,116644.00,360,63,0
2026.02.13 20:06:00,116661.41,116668.37,116629.42,116633.20,360,63,0
2026.02.13 20:00:00,116677.01,116684.75,116658.38,116661.38,360,63,0
2026.02.13 19:54:00,116666.21,116676.98,116666.21,116676.98,360,63,0
2026.02.13 19:48:00,116655.41,116666.18,116655.41,116666.18,360,63,0
2026.02.13 19:42:00,116644.61,116655.38,116644.61,116655.38,360,63,0
2026.02.13 19:36:00,116633.81,116644.58,116633.81,116644.58,360,63,0
2026.02.13 19:30:00,116623.01,116633.78,116623.01,116633.78,360,63,0
2026.02.13 19:24:00,116612.21,116622.98,116612.21,116622.98,360,63,0
2026.02.13 19:18:00,116601.41,116612.18,116601.41,116612.18,360,63,0
2026.02.13 19:12:00,116590.61,116601.38,116590.61,116601.38,360,63,0
2026.02.13 19:06:00,116598.08,116598.56,116580.32,116590.58,360,63,0
2026.02.13 19:00:00,116587.28,116598.05,116587.28,116598.05,360,63,0
2026.02.13 18:54:00,116576.48,116587.25,116576.48,116587.25,360,63,0
2026.02.13 18:48:00,116631.04,116639.38,116574.56,116576.45,360,63,0
2026.02.13 18:42:00,116645.50,116655.49,116630.26,116631.01,360,63,0
2026.02.13 18:36:00,116634.70,116645.47,116634.70,116645.47,360,63,0
2026.02.13 18:30:00,116653.58,116658.17,116628.52,116634.67,360,63,0
2026.02.13 18:24:00,116689.76,116692.73,116652.53,116653.55,360,63,0
2026.02.13 18:18:00,116678.96,116689.73,116678.96,116689.73,360,63,0
2026.02.13 18:12:00,116668.16,116678.93,116668.16,116678.93,360,63,0
2026.02.13 18:06:00,116657.36,116668.13,116657.36,116668.13,360,63,0
2026.02.13 18:00:00,116646.56,116657.33,116646.56,116657.33,360,63,0
2026.02.13 17:54:00,116652.31,116653.15,116636.63,116646.53,360,63,0
2026.02.13 17:48:00,116658.38,116666.75,116649.91,116652.28,360,63,0
2026.02.13 17:42:00,116666.46,116675.70,116656.85,116658.35,360,63,0
2026.02.13 17:36:00,116683.32,116684.55,116656.92,116666.43,360,63,0
2026.02.13 17:30:00,116686.75,116687.05,116672.85,116683.29,360,63,0
2026.02.13 17:24:00,116675.95,116686.72,116675.95,116686.72,360,63,0
2026.02.13 17:18:00,116665.15,116675.92,116665.15,116675.92,360,63,0
2026.02.13 17:12:00,116654.35,116665.12,116654.35,116665.12,360,63,0
2026.02.13 17:06:00,116670.34,116674.72,116647.96,116654.32,360,63,0
2026.02.13 17:00:00,116659.54,116670.31,116659.54,116670.31,360,63,0
2026.02.13 16:54:00,116703.25,116706.28,116654.08,116659.51,360,63,0
2026.02.13 16:48:00,116725.45,116732.71,116699.74,116703.22,360,63,0
2026.02.13 16:42:00,116714.65,116725.42,116714.65,116725.42,360,63,0
2026.02.13 16:36:00,116703.85,116714.62,116703.85,116714.62,360,63,0
2026.02.13 16:30:00,116709.58,116710.33,116693.83,116703.82,360,63,0
2026.02.13 16:24:00,116698.78,116709.55,116698.78,116709.55,360,63,0
2026.02.13 16:18:00,116687.98,116698.75,116687.98,116698.75,360,63,0
2026.02.13 16:12:00,116689.86,116691.15,116678.50,116687.95,360,63,0
2026.02.13 16:06:00,116679.06,116689.83,116679.06,116689.83,360,63,0
2026.02.13 16:00:00,116668.26,116679.03,116668.26,116679.03,360,63,0
2026.02.13 15:54:00,116657.46,116668.23,116657.46,116668.23,360,63,0
2026.02.13 15:48:00,116646.66,116657.43,116646.66,116657.43,360,63,0
2026.02.13 15:42:00,116635.86,116646.63,116635.86,116646.63,360,63,0
2026.02.13 15:36:00,116625.06,116635.83,116625.06,116635.83,360,63,0
2026.02.13 15:30:00,116614.26,116625.03,116614.26,116625.03,360,63,0
2026.02.13 15:24:00,116603.46,116614.23,116603.46,116614.23,360,63,0
2026.02.13 15:18:00,116592.66,116603.43,116592.66,116603.43,360,63,0
2026.02.13 15:12:00,116581.86,116592.63,116581.86,116592.63,360,63,0
2026.02.13 15:06:00,116571.06,116581.83,116571.06,116581.83,360,63,0
2026.02.13 15:00:00,116599.09,116604.34,116565.54,116571.03,360,63,0
2026.02.13 14:54:00,116588.29,116599.06,116588.29,116599.06,360,63,0
2026.02.13 14:48:00,116577.49,116588.26,116577.49,116588.26,360,63,0
2026.02.13 14:42:00,116579.79,116585.43,116572.36,116577.46,360,63,0
2026.02.13 14:36:00,116568.99,116579.76,116568.99,116579.76,360,63,0
2026.02.13 14:30:00,116588.75,116589.44,116558.91,116568.96,360,63,0
2026.02.13 14:24:00,116577.95,116588.72,116577.95,116588.72,360,63,0
2026.02.13 14:18:00,116567.15,116577.92,116567.15,116577.92,360,63,0
2026.02.13 14:12:00,116556.35,116567.12,116556.35,116567.12,360,63,0
2026.02.13 14:06:00,116560.10,116566.91,116552.39,116556.32,360,63,0
2026.02.13 14:00:00,116549.30,116560.07,116549.30,116560.07,360,63,0
2026.02.13 13:54:00,116538.50,116549.27,116538.50,116549.27,360,63,0
2026.02.13 13:48:00,116527.70,116538.47,116527.70,116538.47,360,63,0
2026.02.13 13:42:00,116554.95,116558.25,116527.58,116527.67,360,63,0
2026.02.13 13:36:00,116544.15,116554.92,116544.15,116554.92,360,63,0
2026.02.13 13:30:00,116533.35,116544.12,116533.35,116544.12,360,63,0
2026.02.13 13:24:00,116539.91,116541.89,116524.56,116533.32,360,63,0
2026.02.13 13:18:00,116529.11,116539.88,116529.11,116539.88,360,63,0
2026.02.13 13:12:00,116530.48,116536.00,116523.86,116529.08,360,63,0
2026.02.13 13:06:00,116539.83,116549.04,116528.92,116530.45,360,63,0
2026.02.13 13:00:00,116529.03,116539.80,116529.03,116539.80,360,63,0
2026.02.13 12:54:00,116543.41,116547.61,116522.46,116529.00,360,63,0
2026.02.13 12:48:00,116600.91,116600.94,116539.51,116543.38,360,63,0
2026.02.13 12:42:00,116621.73,116627.43,116595.84,116600.88,360,63,0
2026.02.13 12:36:00,116610.93,116621.70,116610.93,116621.70,360,63,0
2026.02.13 12:30:00,116666.32,116673.31,116608.47,116610.90,360,63,0
2026.02.13 12:24:00,116655.52,116666.29,116655.52,116666.29,360,63,0
2026.02.13 12:18:00,116659.18,116669.05,116654.62,116655.49,360,63,0
2026.02.13 12:12:00,116648.38,116659.15,116648.38,116659.15,360,63,0
2026.02.13 12:06:00,116637.58,116648.35,116637.58,116648.35,360,63,0
2026.02.13 12:00:00,116653.58,116662.28,116635.51,116637.55,360,63,0
2026.02.13 11:54:00,116642.78,116653.55,116642.78,116653.55,360,63,0
2026.02.13 11:48:00,116631.98,116642.75,116631.98,116642.75,360,63,0
2026.02.13 11:42:00,116635.51,116641.90,116627.60,116631.95,360,63,0
2026.02.13 11:36:00,116649.50,116653.70,116628.94,116635.48,360,63,0
2026.02.13 11:30:00,116668.93,116676.40,116646.20,116649.47,360,63,0
2026.02.13 11:24:00,116658.13,116668.90,116658.13,116668.90,360,63,0
2026.02.13 11:18:00,116681.76,116683.53,116649.13,116658.10,360,63,0
2026.02.13 11:12:00,116670.96,116681.73,116670.96,116681.73,360,63,0
2026.02.13 11:06:00,116660.16,116670.93,116660.16,116670.93,360,63,0
2026.02.13 11:00:00,116649.36,116660.13,116649.36,116660.13,360,63,0
2026.02.13 10:54:00,116638.56,116649.33,116638.56,116649.33,360,63,0
2026.02.13 10:48:00,116648.29,116658.31,116637.81,116638.53,360,63,0
2026.02.13 10:42:00,116637.49,116648.26,116637.49,116648.26,360,63,0
2026.02.13 10:36:00,116626.69,116637.46,116626.69,116637.46,360,63,0
2026.02.13 10:30:00,116615.89,116626.66,116615.89,116626.66,360,63,0
2026.02.13 10:24:00,116605.09,116615.86,116605.09,116615.86,360,63,0
2026.02.13 10:18:00,116631.24,116634.93,116598.01,116605.06,360,63,0
2026.02.13 10:12:00,116620.44,116631.21,116620.44,116631.21,360,63,0
2026.02.13 10:06:00,116609.64,116620.41,116609.64,116620.41,360,63,0
2026.02.13 10:00:00,116598.84,116609.61,116598.84,116609.61,360,63,0
2026.02.13 09:54:00,116622.03,116632.56,116598.60,116598.81,360,63,0
2026.02.13 09:48:00,116611.23,116622.00,116611.23,116622.00,360,63,0
2026.02.13 09:42:00,116600.43,116611.20,116600.43,116611.20,360,63,0
2026.02.13 09:36:00,116621.86,116628.97,116596.77,116600.40,360,63,0
2026.02.13 09:30:00,116611.06,116621.83,116611.06,116621.83,360,63,0
2026.02.13 09:24:00,116625.06,116631.45,116606.68,116611.03,360,63,0
2026.02.13 09:18:00,116614.26,116625.03,116614.26,116625.03,360,63,0
2026.02.13 09:12:00,116603.46,116614.23,116603.46,116614.23,360,63,0
2026.02.13 09:06:00,116614.23,116616.78,116595.24,116603.43,360,63,0
2026.02.13 09:00:00,116603.43,116614.20,116603.43,116614.20,360,63,0
2026.02.13 08:54:00,116592.63,116603.40,116592.63,116603.40,360,63,0
2026.02.13 08:48:00,116581.83,116592.60,116581.83,116592.60,360,63,0
2026.02.13 08:42:00,116571.03,116581.80,116571.03,116581.80,360,63,0
2026.02.13 08:36:00,116560.23,116571.00,116560.23,116571.00,360,63,0
2026.02.13 08:30:00,116549.43,116560.20,116549.43,116560.20,360,63,0
2026.02.13 08:24:00,116551.45,116561.08,116548.29,116549.40,360,63,0
2026.02.13 08:18:00,116540.65,116551.42,116540.65,116551.42,360,63,0
2026.02.13 08:12:00,116529.85,116540.62,116529.85,116540.62,360,63,0
2026.02.13 08:06:00,116519.05,116529.82,116519.05,116529.82,360,63,0
2026.02.13 08:00:00,116508.25,116519.02,116508.25,116519.02,360,63,0
2026.02.13 07:54:00,116497.45,116508.22,116497.45,116508.22,360,63,0
2026.02.13 07:48:00,116506.60,116509.96,116490.04,116497.42,360,63,0
2026.02.13 07:42:00,116521.77,116532.24,116506.30,116506.57,360,63,0
2026.02.13 07:36:00,116550.67,116552.98,116514.21,116521.74,360,63,0
2026.02.13 07:30:00,116539.87,116550.64,116539.87,116550.64,360,63,0
2026.02.13 07:24:00,116529.07,116539.84,116529.07,116539.84,360,63,0
2026.02.13 07:18:00,116518.27,116529.04,116518.27,116529.04,360,63,0
2026.02.13 07:12:00,116507.47,116518.24,116507.47,116518.24,360,63,0
2026.02.13 07:06:00,116496.67,116507.44,116496.67,116507.44,360,63,0
2026.02.13 07:00:00,116507.26,116508.25,116486.89,116496.64,360,63,0
2026.02.13 06:54:00,116521.89,116524.59,116499.19,116507.23,360,63,0
2026.02.13 06:48:00,116540.50,116541.10,116511.72,116521.86,360,63,0
2026.02.13 06:42:00,116529.70,116540.47,116529.70,116540.47,360,63,0
2026.02.13 06:36:00,116537.24,116537.39,116519.08,116529.67,360,63,0
2026.02.13 06:30:00,116547.09,116549.04,116528.42,116537.21,360,63,0
2026.02.13 06:24:00,116562.94,116568.10,116541.48,116547.06,360,63,0
2026.02.13 06:18:00,116552.14,116562.91,116552.14,116562.91,360,63,0
2026.02.13 06:12:00,116541.34,116552.11,116541.34,116552.11,360,63,0
2026.02.13 06:06:00,116551.86,116555.73,116534.44,116541.31,360,63,0
2026.02.13 06:00:00,116600.74,116606.32,116548.38,116551.83,360,63,0
2026.02.13 05:54:00,116589.94,116600.71,116589.94,116600.71,360,63,0
2026.02.13 05:48:00,116579.14,116589.91,116579.14,116589.91,360,63,0
2026.02.13 05:42:00,116619.96,116622.87,116575.33,116579.11,360,63,0
2026.02.13 05:36:00,116635.40,116638.58,116612.37,116619.93,360,63,0
2026.02.13 05:30:00,116624.60,116635.37,116624.60,116635.37,360,63,0
2026.02.13 05:24:00,116613.80,116624.57,116613.80,116624.57,360,63,0
2026.02.13 05:18:00,116628.79,116638.48,116612.72,116613.77,360,63,0
2026.02.13 05:12:00,116647.54,116652.88,116623.36,116628.76,360,63,0
2026.02.13 05:06:00,116651.74,116661.94,116646.97,116647.51,360,63,0
2026.02.13 05:00:00,116640.94,116651.71,116640.94,116651.71,360,63,0
2026.02.13 04:54:00,116630.14,116640.91,116630.14,116640.91,360,63,0
2026.02.13 04:48:00,116698.92,116705.13,116628.25,116630.11,360,63,0
2026.02.13 04:42:00,116688.12,116698.89,116688.12,116698.89,360,63,0
2026.02.13 04:36:00,116677.32,116688.09,116677.32,116688.09,360,63,0
2026.02.13 04:30:00,116666.52,116677.29,116666.52,116677.29,360,63,0
2026.02.13 04:24:00,116655.72,116666.49,116655.72,116666.49,360,63,0
2026.02.13 04:18:00,116644.92,116655.69,116644.92,116655.69,360,63,0
2026.02.13 04:12:00,116634.12,116644.89,116634.12,116644.89,360,63,0
2026.02.13 04:06:00,116623.32,116634.09,116623.32,116634.09,360,63,0
2026.02.13 04:00:00,116612.52,116623.29,116612.52,116623.29,360,63,0
2026.02.13 03:54:00,116601.72,116612.49,116601.72,116612.49,360,63,0
2026.02.13 03:48:00,116590.92,116601.69,116590.92,116601.69,360,63,0
2026.02.13 03:42:00,116580.12,116590.89,116580.12,116590.89,360,63,0
2026.02.13 03:36:00,116569.32,116580.09,116569.32,116580.09,360,63,0
2026.02.13 03:30:00,116558.52,116569.29,116558.52,116569.29,360,63,0
2026.02.13 03:24:00,116547.72,116558.49,116547.72,116558.49,360,63,0
2026.02.13 03:18:00,116536.92,116547.69,116536.92,116547.69,360,63,0
2026.02.13 03:12:00,116526.12,116536.89,116526.12,116536.89,360,63,0
2026.02.13 03:06:00,116542.82,116546.48,116519.01,116526.09,360,63,0
2026.02.13 03:00:00,116532.02,116542.79,116532.02,116542.79,360,63,0
2026.02.13 02:54:00,116540.42,116549.93,116530.76,116531.99,360,63,0
2026.02.13 02:48:00,116562.10,116564.41,116531.96,116540.39,360,63,0
2026.02.13 02:42:00,116564.20,116566.84,116553.97,116562.07,360,63,0
2026.02.13 02:36:00,116577.24,116578.92,116555.11,116564.17,360,63,0
2026.02.13 02:30:00,116566.44,116577.21,116566.44,116577.21,360,63,0
2026.02.13 02:24:00,116606.53,116611.96,116562.45,116566.41,360,63,0
2026.02.13 02:18:00,116595.73,116606.50,116595.73,116606.50,360,63,0
2026.02.13 02:12:00,116609.64,116617.56,116592.88,116595.70,360,63,0
2026.02.13 02:06:00,116617.85,116623.79,116604.81,116609.61,360,63,0
2026.02.13 02:00:00,116644.64,116646.71,116617.70,116617.82,360,63,0
2026.02.13 01:54:00,116633.84,116644.61,116633.84,116644.61,360,63,0
2026.02.13 01:48:00,116623.04,116633.81,116623.04,116633.81,360,63,0
2026.02.13 01:42:00,116612.24,116623.01,116612.24,116623.01,360,63,0
2026.02.13 01:36:00,116637.96,116639.82,116607.80,116612.21,360,63,0
2026.02.13 01:30:00,116627.16,116637.93,116627.16,116637.93,360,63,0
2026.02.13 01:24:00,116725.54,116726.44,116621.16,116627.13,360,63,0
2026.02.13 01:18:00,116757.61,116764.90,116722.21,116725.51,360,63,0
2026.02.13 01:12:00,116746.81,116757.58,116746.81,116757.58,360,63,0
2026.02.13 01:06:00,116760.44,116766.26,116741.86,116746.78,360,63,0
2026.02.13 01:00:00,116749.64,116760.41,116749.64,116760.41,360,63,0
2026.02.13 00:54:00,116807.74,116809.78,116745.32,116749.61,360,63,0
2026.02.13 00:48:00,116796.94,116807.71,116796.94,116807.71,360,63,0
2026.02.13 00:42:00,116786.14,116796.91,116786.14,116796.91,360,63,0
2026.02.13 00:36:00,116775.34,116786.11,116775.34,116786.11,360,63,0
2026.02.13 00:30:00,116764.54,116775.31,116764.54,116775.31,360,63,0
2026.02.13 00:24:00,116790.60,116800.41,116763.58,116764.51,360,63,0
2026.02.13 00:18:00,116808.30,116815.08,116786.61,116790.57,360,63,0
2026.02.13 00:12:00,116797.50,116808.27,116797.50,116808.27,360,63,0
2026.02.13 00:06:00,116804.45,116807.78,116790.06,116797.47,360,63,0
2026.02.13 00:00:00,116793.65,116804.42,116793.65,116804.42,360,63,0
2026.02.12 23:54:00,116831.97,116836.56,116787.47,116793.62,360,63,0
2026.02.12 23:48:00,116821.17,116831.94,116821.17,116831.94,360,63,0
2026.02.12 23:42:00,116843.03,116845.13,116812.50,116821.14,360,63,0
2026.02.12 23:36:00,116832.23,116843.00,116832.23,116843.00,360,63,0
2026.02.12 23:30:00,116849.37,116857.32,116829.41,116832.20,360,63,0
2026.02.12 23:24:00,116838.57,116849.34,116838.57,116849.34,360,63,0
2026.02.12 23:18:00,116827.77,116838.54,116827.77,116838.54,360,63,0
2026.02.12 23:12:00,116816.97,116827.74,116816.97,116827.74,360,63,0
2026.02.12 23:06:00,116806.17,116816.94,116806.17,116816.94,360,63,0
2026.02.12 23:00:00,116821.02,116824.56,116798.94,116806.14,360,63,0
2026.02.12 22:54:00,116824.09,116827.81,116813.97,116820.99,360,63,0
2026.02.12 22:48:00,116813.29,116824.06,116813.29,116824.06,360,63,0
2026.02.12 22:42:00,116802.49,116813.26,116802.49,116813.26,360,63,0
2026.02.12 22:36:00,116791.69,116802.46,116791.69,116802.46,360,63,0
2026.02.12 22:30:00,116780.89,116791.66,116780.89,116791.66,360,63,0
2026.02.12 22:24:00,116770.09,116780.86,116770.09,116780.86,360,63,0
2026.02.12 22:18:00,116759.29,116770.06,116759.29,116770.06,360,63,0
2026.02.12 22:12:00,116783.81,116790.05,116755.09,116759.26,360,63,0
2026.02.12 22:06:00,116791.12,116797.27,116779.19,116783.78,360,63,0
2026.02.12 22:00:00,116780.32,116791.09,116780.32,116791.09,360,63,0
2026.02.12 21:54:00,116769.52,116780.29,116769.52,116780.29,360,63,0
2026.02.12 21:48:00,116758.72,116769.49,116758.72,116769.49,360,63,0
2026.02.12 21:42:00,116747.92,116758.69,116747.92,116758.69,360,63,0
2026.02.12 21:36:00,116761.53,116762.49,116738.11,116747.89,360,63,0
2026.02.12 21:30:00,116750.73,116761.50,116750.73,116761.50,360,63,0
2026.02.12 21:24:00,116762.30,116768.00,116745.66,116750.70,360,63,0
2026.02.12 21:18:00,116764.18,116771.02,116758.37,116762.27,360,63,0
2026.02.12 21:12:00,116753.38,116764.15,116753.38,116764.15,360,63,0
2026.02.12 21:06:00,116757.03,116759.94,116745.52,116753.35,360,63,0
2026.02.12 21:00:00,116774.67,116783.07,116754.66,116757.00,360,63,0
2026.02.12 20:54:00,116789.53,116790.37,116764.74,116774.64,360,63,0
2026.02.12 20:48:00,116778.73,116789.50,116778.73,116789.50,360,63,0
2026.02.12 20:42:00,116785.73,116789.18,116771.41,116778.70,360,63,0
2026.02.12 20:36:00,116774.93,116785.70,116774.93,116785.70,360,63,0
2026.02.12 20:30:00,116781.68,116788.31,116770.79,116774.90,360,63,0
2026.02.12 20:24:00,116770.88,116781.65,116770.88,116781.65,360,63,0
2026.02.12 20:18:00,116760.08,116770.85,116760.08,116770.85,360,63,0
2026.02.12 20:12:00,116768.13,116774.97,116756.15,116760.05,360,63,0
2026.02.12 20:06:00,116779.11,116785.35,116763.60,116768.10,360,63,0
2026.02.12 20:00:00,116768.31,116779.08,116768.31,116779.08,360,63,0
2026.02.12 19:54:00,116769.62,116776.88,116764.80,116768.28,360,63,0
2026.02.12 19:48:00,116758.82,116769.59,116758.82,116769.59,360,63,0
2026.02.12 19:42:00,116748.02,116758.79,116748.02,116758.79,360,63,0
2026.02.12 19:36:00,116737.22,116747.99,116737.22,116747.99,360,63,0
2026.02.12 19:30:00,116726.42,116737.19,116726.42,116737.19,360,63,0
2026.02.12 19:24:00,116715.62,116726.39,116715.62,116726.39,360,63,0
2026.02.12 19:18:00,116704.82,116715.59,116704.82,116715.59,360,63,0
2026.02.12 19:12:00,116727.24,116731.05,116697.86,116704.79,360,63,0
2026.02.12 19:06:00,116716.44,116727.21,116716.44,116727.21,360,63,0
2026.02.12 19:00:00,116718.53,116724.47,116711.61,116716.41,360,63,0
2026.02.12 18:54:00,116707.73,116718.50,116707.73,116718.50,360,63,0
2026.02.12 18:48:00,116696.93,116707.70,116696.93,116707.70,360,63,0
2026.02.12 18:42:00,116686.13,116696.90,116686.13,116696.90,360,63,0
2026.02.12 18:36:00,116700.17,116706.32,116681.51,116686.10,360,63,0
2026.02.12 18:30:00,116689.37,116700.14,116689.37,116700.14,360,63,0
2026.02.12 18:24:00,116678.57,116689.34,116678.57,116689.34,360,63,0
2026.02.12 18:18:00,116680.23,116688.90,116676.47,116678.54,360,63,0
2026.02.12 18:12:00,116669.43,116680.20,116669.43,116680.20,360,63,0
2026.02.12 18:06:00,116658.63,116669.40,116658.63,116669.40,360,63,0
2026.02.12 18:00:00,116661.08,116669.24,116656.02,116658.60,360,63,0
2026.02.12 17:54:00,116650.28,116661.05,116650.28,116661.05,360,63,0
2026.02.12 17:48:00,116722.83,116723.82,116649.41,116650.25,360,63,0
2026.02.12 17:42:00,116728.51,116729.08,116712.63,116722.80,360,63,0
2026.02.12 17:36:00,116717.71,116728.48,116717.71,116728.48,360,63,0
2026.02.12 17:30:00,116706.91,116717.68,116706.91,116717.68,360,63,0
2026.02.12 17:24:00,116708.49,116709.81,116697.46,116706.88,360,63,0
2026.02.12 17:18:00,116697.69,116708.46,116697.69,116708.46,360,63,0
2026.02.12 17:12:00,116686.89,116697.66,116686.89,116697.66,360,63,0
2026.02.12 17:06:00,116701.12,116710.90,116685.90,116686.86,360,63,0
2026.02.12 17:00:00,116690.32,116701.09,116690.32,116701.09,360,63,0
2026.02.12 16:54:00,116679.52,116690.29,116679.52,116690.29,360,63,0
2026.02.12 16:48:00,116698.28,116698.94,116669.41,116679.49,360,63,0
2026.02.12 16:42:00,116687.48,116698.25,116687.48,116698.25,360,63,0
2026.02.12 16:36:00,116699.30,116708.51,116685.92,116687.45,360,63,0
2026.02.12 16:30:00,116688.50,116699.27,116688.50,116699.27,360,63,0
2026.02.12 16:24:00,116707.66,116717.35,116687.42,116688.47,360,63,0
2026.02.12 16:18:00,116696.86,116707.63,116696.86,116707.63,360,63,0
2026.02.12 16:12:00,116686.06,116696.83,116686.06,116696.83,360,63,0
2026.02.12 16:06:00,116727.04,116727.19,116685.16,116686.03,360,63,0
2026.02.12 16:00:00,116716.24,116727.01,116716.24,116727.01,360,63,0
2026.02.12 15:54:00,116731.16,116739.35,116713.66,116716.21,360,63,0
2026.02.12 15:48:00,116734.94,116745.02,116730.47,116731.13,360,63,0
2026.02.12 15:42:00,116724.14,116734.91,116724.14,116734.91,360,63,0
2026.02.12 15:36:00,116713.34,116724.11,116713.34,116724.11,360,63,0
2026.02.12 15:30:00,116702.54,116713.31,116702.54,116713.31,360,63,0
2026.02.12 15:24:00,116691.74,116702.51,116691.74,116702.51,360,63,0
2026.02.12 15:18:00,116680.94,116691.71,116680.94,116691.71,360,63,0
2026.02.12 15:12:00,116670.14,116680.91,116670.14,116680.91,360,63,0
2026.02.12 15:06:00,116701.07,116701.28,116659.58,116670.11,360,63,0
2026.02.12 15:00:00,116690.27,116701.04,116690.27,116701.04,360,63,0
2026.02.12 14:54:00,116695.12,116696.77,116681.15,116690.24,360,63,0
2026.02.12 14:48:00,116684.32,116695.09,116684.32,116695.09,360,63,0
2026.02.12 14:42:00,116686.02,116686.95,116674.48,116684.29,360,63,0
2026.02.12 14:36:00,116675.22,116685.99,116675.22,116685.99,360,63,0
2026.02.12 14:30:00,116698.40,116706.92,116672.97,116675.19,360,63,0
2026.02.12 14:24:00,116734.07,116740.43,116694.53,116698.37,360,63,0
2026.02.12 14:18:00,116723.27,116734.04,116723.27,116734.04,360,63,0
2026.02.12 14:12:00,116712.47,116723.24,116712.47,116723.24,360,63,0
2026.02.12 14:06:00,116701.67,116712.44,116701.67,116712.44,360,63,0
2026.02.12 14:00:00,116736.70,116738.05,116692.25,116701.64,360,63,0
2026.02.12 13:54:00,116725.90,116736.67,116725.90,116736.67,360,63,0
2026.02.12 13:48:00,116729.77,116738.14,116723.50,116725.87,360,63,0
2026.02.12 13:42:00,116777.16,116780.64,116723.86,116729.74,360,63,0
2026.02.12 13:36:00,116766.36,116777.13,116766.36,116777.13,360,63,0
2026.02.12 13:30:00,116755.56,116766.33,116755.56,116766.33,360,63,0
2026.02.12 13:24:00,116744.76,116755.53,116744.76,116755.53,360,63,0
2026.02.12 13:18:00,116733.96,116744.73,116733.96,116744.73,360,63,0
2026.02.12 13:12:00,116723.16,116733.93,116723.16,116733.93,360,63,0
2026.02.12 13:06:00,116744.18,116750.72,116718.93,116723.13,360,63,0
2026.02.12 13:00:00,116733.38,116744.15,116733.38,116744.15,360,63,0
2026.02.12 12:54:00,116741.84,116747.63,116728.40,116733.35,360,63,0
2026.02.12 12:48:00,116774.12,116780.51,116737.46,116741.81,360,63,0
2026.02.12 12:42:00,116763.32,116774.09,116763.32,116774.09,360,63,0
2026.02.12 12:36:00,116776.82,116777.60,116753.33,116763.29,360,63,0
2026.02.12 12:30:00,116766.02,116776.79,116766.02,116776.79,360,63,0
2026.02.12 12:24:00,116772.42,116777.46,116760.29,116765.99,360,63,0
2026.02.12 12:18:00,116784.84,116791.14,116767.95,116772.39,360,63,0
2026.02.12 12:12:00,116808.50,116815.01,116780.58,116784.81,360,63,0
2026.02.12 12:06:00,116816.32,116826.70,116808.11,116808.47,360,63,0
2026.02.12 12:00:00,116805.52,116816.29,116805.52,116816.29,360,63,0
2026.02.12 11:54:00,116794.72,116805.49,116794.72,116805.49,360,63,0
2026.02.12 11:48:00,116783.92,116794.69,116783.92,116794.69,360,63,0
2026.02.12 11:42:00,116773.12,116783.89,116773.12,116783.89,360,63,0
2026.02.12 11:36:00,116780.04,116781.75,116764.06,116773.09,360,63,0
2026.02.12 11:30:00,116769.24,116780.01,116769.24,116780.01,360,63,0
2026.02.12 11:24:00,116758.44,116769.21,116758.44,116769.21,360,63,0
2026.02.12 11:18:00,116778.43,116780.05,116749.29,116758.41,360,63,0
2026.02.12 11:12:00,116767.63,116778.40,116767.63,116778.40,360,63,0
2026.02.12 11:06:00,116756.83,116767.60,116756.83,116767.60,360,63,0
2026.02.12 11:00:00,116746.03,116756.80,116746.03,116756.80,360,63,0
2026.02.12 10:54:00,116735.23,116746.00,116735.23,116746.00,360,63,0
2026.02.12 10:48:00,116724.43,116735.20,116724.43,116735.20,360,63,0
2026.02.12 10:42:00,116713.63,116724.40,116713.63,116724.40,360,63,0
2026.02.12 10:36:00,116702.83,116713.60,116702.83,116713.60,360,63,0
2026.02.12 10:30:00,116704.12,116709.25,116697.19,116702.80,360,63,0
2026.02.12 10:24:00,116717.17,116721.49,116697.67,116704.09,360,63,0
2026.02.12 10:18:00,116706.37,116717.14,116706.37,116717.14,360,63,0
2026.02.12 10:12:00,116715.08,116721.74,116702.26,116706.34,360,63,0
2026.02.12 10:06:00,116720.87,116731.25,116714.69,116715.05,360,63,0
2026.02.12 10:00:00,116710.07,116720.84,116710.07,116720.84,360,63,0
2026.02.12 09:54:00,116699.27,116710.04,116699.27,116710.04,360,63,0
2026.02.12 09:48:00,116688.47,116699.24,116688.47,116699.24,360,63,0
2026.02.12 09:42:00,116677.67,116688.44,116677.67,116688.44,360,63,0
2026.02.12 09:36:00,116666.87,116677.64,116666.87,116677.64,360,63,0
2026.02.12 09:30:00,116656.07,116666.84,116656.07,116666.84,360,63,0
2026.02.12 09:24:00,116657.59,116659.30,116647.01,116656.04,360,63,0
2026.02.12 09:18:00,116646.79,116657.56,116646.79,116657.56,360,63,0
2026.02.12 09:12:00,116635.99,116646.76,116635.99,116646.76,360,63,0
2026.02.12 09:06:00,116625.19,116635.96,116625.19,116635.96,360,63,0
2026.02.12 09:00:00,116614.39,116625.16,116614.39,116625.16,360,63,0
2026.02.12 08:54:00,116603.59,116614.36,116603.59,116614.36,360,63,0
2026.02.12 08:48:00,116592.79,116603.56,116592.79,116603.56,360,63,0
2026.02.12 08:42:00,116581.99,116592.76,116581.99,116592.76,360,63,0
2026.02.12 08:36:00,116610.02,116610.53,116573.38,116581.96,360,63,0
2026.02.12 08:30:00,116611.83,116617.68,116605.10,116609.99,360,63,0
2026.02.12 08:24:00,116601.03,116611.80,116601.03,116611.80,360,63,0
2026.02.12 08:18:00,116590.23,116601.00,116590.23,116601.00,360,63,0
2026.02.12 08:12:00,116579.43,116590.20,116579.43,116590.20,360,63,0
2026.02.12 08:06:00,116605.36,116606.71,116570.01,116579.40,360,63,0
2026.02.12 08:00:00,116594.56,116605.33,116594.56,116605.33,360,63,0
2026.02.12 07:54:00,116615.19,116616.93,116585.53,116594.53,360,63,0
2026.02.12 07:48:00,116604.39,116615.16,116604.39,116615.16,360,63,0
2026.02.12 07:42:00,116608.22,116614.49,116599.89,116604.36,360,63,0
2026.02.12 07:36:00,116597.42,116608.19,116597.42,116608.19,360,63,0
2026.02.12 07:30:00,116586.62,116597.39,116586.62,116597.39,360,63,0
2026.02.12 07:24:00,116619.35,116619.38,116583.53,116586.59,360,63,0
2026.02.12 07:18:00,116659.06,116663.29,116613.32,116619.32,360,63,0
2026.02.12 07:12:00,116648.26,116659.03,116648.26,116659.03,360,63,0
2026.02.12 07:06:00,116667.63,116675.82,116645.68,116648.23,360,63,0
2026.02.12 07:00:00,116656.83,116667.60,116656.83,116667.60,360,63,0
2026.02.12 06:54:00,116646.03,116656.80,116646.03,116656.80,360,63,0
2026.02.12 06:48:00,116635.23,116646.00,116635.23,116646.00,360,63,0
2026.02.12 06:42:00,116641.03,116646.61,116630.04,116635.20,360,63,0
2026.02.12 06:36:00,116669.83,116677.03,116637.49,116641.00,360,63,0
2026.02.12 06:30:00,116659.03,116669.80,116659.03,116669.80,360,63,0
2026.02.12 06:24:00,116679.67,116683.63,116652.22,116659.00,360,63,0
2026.02.12 06:18:00,116668.87,116679.64,116668.87,116679.64,360,63,0
2026.02.12 06:12:00,116688.54,116690.04,116659.60,116668.84,360,63,0
2026.02.12 06:06:00,116692.04,116694.47,116680.20,116688.51,360,63,0
2026.02.12 06:00:00,116681.24,116692.01,116681.24,116692.01,360,63,0
2026.02.12 05:54:00,116670.44,116681.21,116670.44,116681.21,360,63,0
2026.02.12 05:48:00,116659.64,116670.41,116659.64,116670.41,360,63,0
2026.02.12 05:42:00,116648.84,116659.61,116648.84,116659.61,360,63,0
2026.02.12 05:36:00,116638.04,116648.81,116638.04,116648.81,360,63,0
2026.02.12 05:30:00,116627.24,116638.01,116627.24,116638.01,360,63,0
2026.02.12 05:24:00,116616.44,116627.21,116616.44,116627.21,360,63,0
2026.02.12 05:18:00,116605.64,116616.41,116605.64,116616.41,360,63,0
2026.02.12 05:12:00,116594.84,116605.61,116594.84,116605.61,360,63,0
2026.02.12 05:06:00,116584.04,116594.81,116584.04,116594.81,360,63,0
2026.02.12 05:00:00,116585.82,116589.03,116576.48,116584.01,360,63,0
2026.02.12 04:54:00,116599.82,116609.51,116584.74,116585.79,360,63,0
2026.02.12 04:48:00,116589.02,116599.79,116589.02,116599.79,360,63,0
2026.02.12 04:42:00,116578.22,116588.99,116578.22,116588.99,360,63,0
2026.02.12 04:36:00,116567.42,116578.19,116567.42,116578.19,360,63,0
2026.02.12 04:30:00,116556.62,116567.39,116556.62,116567.39,360,63,0
2026.02.12 04:24:00,116545.82,116556.59,116545.82,116556.59,360,63,0
2026.02.12 04:18:00,116535.02,116545.79,116535.02,116545.79,360,63,0
2026.02.12 04:12:00,116524.22,116534.99,116524.22,116534.99,360,63,0
2026.02.12 04:06:00,116570.03,116575.13,116523.38,116524.19,360,63,0
2026.02.12 04:00:00,116559.23,116570.00,116559.23,116570.00,360,63,0
2026.02.12 03:54:00,116548.43,116559.20,116548.43,116559.20,360,63,0
2026.02.12 03:48:00,116537.63,116548.40,116537.63,116548.40,360,63,0
2026.02.12 03:42:00,116539.06,116548.12,116535.92,116537.60,360,63,0
2026.02.12 03:36:00,116528.26,116539.03,116528.26,116539.03,360,63,0
2026.02.12 03:30:00,116517.46,116528.23,116517.46,116528.23,360,63,0
2026.02.12 03:24:00,116506.66,116517.43,116506.66,116517.43,360,63,0
2026.02.12 03:18:00,116495.86,116506.63,116495.86,116506.63,360,63,0
2026.02.12 03:12:00,116516.03,116524.61,116493.67,116495.83,360,63,0
2026.02.12 03:06:00,116505.23,116516.00,116505.23,116516.00,360,63,0
2026.02.12 03:00:00,116508.64,116513.95,116499.77,116505.20,360,63,0
2026.02.12 02:54:00,116497.84,116508.61,116497.84,116508.61,360,63,0
2026.02.12 02:48:00,116487.04,116497.81,116487.04,116497.81,360,63,0
2026.02.12 02:42:00,116476.24,116487.01,116476.24,116487.01,360,63,0
2026.02.12 02:36:00,116488.74,116494.77,116471.50,116476.21,360,63,0
2026.02.12 02:30:00,116477.94,116488.71,116477.94,116488.71,360,63,0
2026.02.12 02:24:00,116467.14,116477.91,116467.14,116477.91,360,63,0
2026.02.12 02:18:00,116456.34,116467.11,116456.34,116467.11,360,63,0
2026.02.12 02:12:00,116458.33,116467.30,116454.54,116456.31,360,63,0
2026.02.12 02:06:00,116447.53,116458.30,116447.53,116458.30,360,63,0
2026.02.12 02:00:00,116436.73,116447.50,116436.73,116447.50,360,63,0
2026.02.12 01:54:00,116461.06,116469.70,116434.60,116436.70,360,63,0
2026.02.12 01:48:00,116469.64,116471.83,116452.48,116461.03,360,63,0
2026.02.12 01:42:00,116507.98,116512.54,116463.52,116469.61,360,63,0
2026.02.12 01:36:00,116512.07,116519.30,116504.44,116507.95,360,63,0
2026.02.12 01:30:00,116501.27,116512.04,116501.27,116512.04,360,63,0
2026.02.12 01:24:00,116490.47,116501.24,116490.47,116501.24,360,63,0
2026.02.12 01:18:00,116515.09,116516.80,116481.83,116490.44,360,63,0
2026.02.12 01:12:00,116504.29,116515.06,116504.29,116515.06,360,63,0
2026.02.12 01:06:00,116512.45,116519.83,116500.90,116504.26,360,63,0
2026.02.12 01:00:00,116501.65,116512.42,116501.65,116512.42,360,63,0
2026.02.12 00:54:00,116490.85,116501.62,116490.85,116501.62,360,63,0
2026.02.12 00:48:00,116501.34,116511.51,116490.25,116490.82,360,63,0
2026.02.12 00:42:00,116490.54,116501.31,116490.54,116501.31,360,63,0
2026.02.12 00:36:00,116479.74,116490.51,116479.74,116490.51,360,63,0
2026.02.12 00:30:00,116481.37,116483.23,116470.83,116479.71,360,63,0
2026.02.12 00:24:00,116470.57,116481.34,116470.57,116481.34,360,63,0
2026.02.12 00:18:00,116459.77,116470.54,116459.77,116470.54,360,63,0
2026.02.12 00:12:00,116448.97,116459.74,116448.97,116459.74,360,63,0
2026.02.12 00:06:00,116438.17,116448.94,116438.17,116448.94,360,63,0
2026.02.12 00:00:00,116444.29,116447.50,116430.61,116438.14,360,63,0
2026.02.11 23:54:00,116469.36,116471.31,116435.47,116444.26,360,63,0
2026.02.11 23:48:00,116458.56,116469.33,116458.56,116469.33,360,63,0
2026.02.11 23:42:00,116483.39,116491.16,116455.56,116458.53,360,63,0
2026.02.11 23:36:00,116472.59,116483.36,116472.59,116483.36,360,63,0
2026.02.11 23:30:00,116461.79,116472.56,116461.79,116472.56,360,63,0
2026.02.11 23:24:00,116450.99,116461.76,116450.99,116461.76,360,63,0
2026.02.11 23:18:00,116440.19,116450.96,116440.19,116450.96,360,63,0
2026.02.11 23:12:00,116429.39,116440.16,116429.39,116440.16,360,63,0
2026.02.11 23:06:00,116418.59,116429.36,116418.59,116429.36,360,63,0
2026.02.11 23:00:00,116445.96,116452.47,116414.33,116418.56,360,63,0
2026.02.11 22:54:00,116435.16,116445.93,116435.16,116445.93,360,63,0
2026.02.11 22:48:00,116424.36,116435.13,116424.36,116435.13,360,63,0
2026.02.11 22:42:00,116413.56,116424.33,116413.56,116424.33,360,63,0
2026.02.11 22:36:00,116431.05,116435.43,116407.17,116413.53,360,63,0
2026.02.11 22:30:00,116420.25,116431.02,116420.25,116431.02,360,63,0
2026.02.11 22:24:00,116409.45,116420.22,116409.45,116420.22,360,63,0
2026.02.11 22:18:00,116441.37,116446.35,116405.22,116409.42,360,63,0
2026.02.11 22:12:00,116430.57,116441.34,116430.57,116441.34,360,63,0
2026.02.11 22:06:00,116437.21,116440.63,116423.22,116430.54,360,63,0
2026.02.11 22:00:00,116444.17,116444.26,116426.53,116437.18,360,63,0
2026.02.11 21:54:00,116433.37,116444.14,116433.37,116444.14,360,63,0
2026.02.11 21:48:00,116446.41,116454.72,116430.91,116433.34,360,63,0
2026.02.11 21:42:00,116472.14,116477.03,116442.06,116446.38,360,63,0
2026.02.11 21:36:00,116461.34,116472.11,116461.34,116472.11,360,63,0
2026.02.11 21:30:00,116473.53,116475.27,116452.31,116461.31,360,63,0
2026.02.11 21:24:00,116462.73,116473.50,116462.73,116473.50,360,63,0
2026.02.11 21:18:00,116451.93,116462.70,116451.93,116462.70,360,63,0
2026.02.11 21:12:00,116457.19,116457.34,116441.31,116451.90,360,63,0
2026.02.11 21:06:00,116446.39,116457.16,116446.39,116457.16,360,63,0
2026.02.11 21:00:00,116435.59,116446.36,116435.59,116446.36,360,63,0
2026.02.11 20:54:00,116424.79,116435.56,116424.79,116435.56,360,63,0
2026.02.11 20:48:00,116413.99,116424.76,116413.99,116424.76,360,63,0
2026.02.11 20:42:00,116424.67,116431.09,116409.64,116413.96,360,63,0
2026.02.11 20:36:00,116413.87,116424.64,116413.87,116424.64,360,63,0
2026.02.11 20:30:00,116403.07,116413.84,116403.07,116413.84,360,63,0
2026.02.11 20:24:00,116407.53,116409.09,116393.86,116403.04,360,63,0
2026.02.11 20:18:00,116396.73,116407.50,116396.73,116407.50,360,63,0
2026.02.11 20:12:00,116414.35,116415.40,116387.01,116396.70,360,63,0
2026.02.11 20:06:00,116403.55,116414.32,116403.55,116414.32,360,63,0
2026.02.11 20:00:00,116392.75,116403.52,116392.75,116403.52,360,63,0
2026.02.11 19:54:00,116381.95,116392.72,116381.95,116392.72,360,63,0
2026.02.11 19:48:00,116388.18,116390.76,116373.76,116381.92,360,63,0
2026.02.11 19:42:00,116401.28,116402.51,116378.64,116388.15,360,63,0
2026.02.11 19:36:00,116390.48,116401.25,116390.48,116401.25,360,63,0
2026.02.11 19:30:00,116379.68,116390.45,116379.68,116390.45,360,63,0
2026.02.11 19:24:00,116400.71,116404.64,116372.84,116379.65,360,63,0
2026.02.11 19:18:00,116389.91,116400.68,116389.91,116400.68,360,63,0
2026.02.11 19:12:00,116394.28,116397.73,116382.59,116389.88,360,63,0
2026.02.11 19:06:00,116383.48,116394.25,116383.48,116394.25,360,63,0
2026.02.11 19:00:00,116372.68,116383.45,116372.68,116383.45,360,63,0
2026.02.11 18:54:00,116386.60,116390.89,116366.20,116372.65,360,63,0
2026.02.11 18:48:00,116375.80,116386.57,116375.80,116386.57,360,63,0
2026.02.11 18:42:00,116365.00,116375.77,116365.00,116375.77,360,63,0
2026.02.11 18:36:00,116389.12,116399.62,116364.73,116364.97,360,63,0
2026.02.11 18:30:00,116378.32,116389.09,116378.32,116389.09,360,63,0
2026.02.11 18:24:00,116367.52,116378.29,116367.52,116378.29,360,63,0
2026.02.11 18:18:00,116356.72,116367.49,116356.72,116367.49,360,63,0
2026.02.11 18:12:00,116366.56,116371.18,116350.57,116356.69,360,63,0
2026.02.11 18:06:00,116396.95,116399.98,116364.91,116366.53,360,63,0
2026.02.11 18:00:00,116386.15,116396.92,116386.15,116396.92,360,63,0
2026.02.11 17:54:00,116375.35,116386.12,116375.35,116386.12,360,63,0
2026.02.11 17:48:00,116407.15,116407.24,116364.67,116375.32,360,63,0
2026.02.11 17:42:00,116396.35,116407.12,116396.35,116407.12,360,63,0
2026.02.11 17:36:00,116385.55,116396.32,116385.55,116396.32,360,63,0
2026.02.11 17:30:00,116374.75,116385.52,116374.75,116385.52,360,63,0
2026.02.11 17:24:00,116363.95,116374.72,116363.95,116374.72,360,63,0
2026.02.11 17:18:00,116353.15,116363.92,116353.15,116363.92,360,63,0
2026.02.11 17:12:00,116363.79,116371.11,116349.70,116353.12,360,63,0
2026.02.11 17:06:00,116352.99,116363.76,116352.99,116363.76,360,63,0
2026.02.11 17:00:00,116342.19,116352.96,116342.19,116352.96,360,63,0
2026.02.11 16:54:00,116388.91,116391.13,116336.85,116342.16,360,63,0
2026.02.11 16:48:00,116400.06,116408.01,116386.09,116388.88,360,63,0
2026.02.11 16:42:00,116389.26,116400.03,116389.26,116400.03,360,63,0
2026.02.11 16:36:00,116395.70,116396.21,116379.00,116389.23,360,63,0
2026.02.11 16:30:00,116384.90,116395.67,116384.90,116395.67,360,63,0
2026.02.11 16:24:00,116374.10,116384.87,116374.10,116384.87,360,63,0
2026.02.11 16:18:00,116388.93,116399.37,116373.77,116374.07,360,63,0
2026.02.11 16:12:00,116378.13,116388.90,116378.13,116388.90,360,63,0
2026.02.11 16:06:00,116367.33,116378.10,116367.33,116378.10,360,63,0
2026.02.11 16:00:00,116376.44,116381.69,116361.81,116367.30,360,63,0
2026.02.11 15:54:00,116384.77,116387.71,116368.61,116376.41,360,63,0
2026.02.11 15:48:00,116373.97,116384.74,116373.97,116384.74,360,63,0
2026.02.11 15:42:00,116363.17,116373.94,116363.17,116373.94,360,63,0
2026.02.11 15:36:00,116375.48,116378.21,116355.13,116363.14,360,63,0
2026.02.11 15:30:00,116383.53,116389.47,116370.65,116375.45,360,63,0
2026.02.11 15:24:00,116372.73,116383.50,116372.73,116383.50,360,63,0
2026.02.11 15:18:00,116401.32,116407.44,116368.80,116372.70,360,63,0
2026.02.11 15:12:00,116390.52,116401.29,116390.52,116401.29,360,63,0
2026.02.11 15:06:00,116392.09,116401.39,116389.05,116390.49,360,63,0
2026.02.11 15:00:00,116381.29,116392.06,116381.29,116392.06,360,63,0
2026.02.11 14:54:00,116370.49,116381.26,116370.49,116381.26,360,63,0
2026.02.11 14:48:00,116359.69,116370.46,116359.69,116370.46,360,63,0
2026.02.11 14:42:00,116376.91,116376.97,116348.98,116359.66,360,63,0
2026.02.11 14:36:00,116400.02,116401.49,116367.61,116376.88,360,63,0
2026.02.11 14:30:00,116404.32,116410.65,116395.58,116399.99,360,63,0
2026.02.11 14:24:00,116393.52,116404.29,116393.52,116404.29,360,63,0
2026.02.11 14:18:00,116407.55,116409.11,116384.31,116393.49,360,63,0
2026.02.11 14:12:00,116396.75,116407.52,116396.75,116407.52,360,63,0
2026.02.11 14:06:00,116406.46,116410.03,116389.55,116396.72,360,63,0
2026.02.11 14:00:00,116395.66,116406.43,116395.66,116406.43,360,63,0
2026.02.11 13:54:00,116412.24,116415.21,116387.86,116395.63,360,63,0
2026.02.11 13:48:00,116401.44,116412.21,116401.44,116412.21,360,63,0
2026.02.11 13:42:00,116407.43,116410.67,116393.91,116401.41,360,63,0
2026.02.11 13:36:00,116396.63,116407.40,116396.63,116407.40,360,63,0
2026.02.11 13:30:00,116385.83,116396.60,116385.83,116396.60,360,63,0
2026.02.11 13:24:00,116375.03,116385.80,116375.03,116385.80,360,63,0
2026.02.11 13:18:00,116364.23,116375.00,116364.23,116375.00,360,63,0
2026.02.11 13:12:00,116353.43,116364.20,116353.43,116364.20,360,63,0
2026.02.11 13:06:00,116342.63,116353.40,116342.63,116353.40,360,63,0
2026.02.11 13:00:00,116331.83,116342.60,116331.83,116342.60,360,63,0
2026.02.11 12:54:00,116321.03,116331.80,116321.03,116331.80,360,63,0
2026.02.11 12:48:00,116310.23,116321.00,116310.23,116321.00,360,63,0
2026.02.11 12:42:00,116299.43,116310.20,116299.43,116310.20,360,63,0
2026.02.11 12:36:00,116313.07,116322.16,116297.75,116299.40,360,63,0
2026.02.11 12:30:00,116302.27,116313.04,116302.27,116313.04,360,63,0
2026.02.11 12:24:00,116334.06,116336.13,116293.57,116302.24,360,63,0
2026.02.11 12:18:00,116323.26,116334.03,116323.26,116334.03,360,63,0
2026.02.11 12:12:00,116336.55,116345.34,116321.28,116323.23,360,63,0
2026.02.11 12:06:00,116325.75,116336.52,116325.75,116336.52,360,63,0
2026.02.11 12:00:00,116314.95,116325.72,116314.95,116325.72,360,63,0
2026.02.11 11:54:00,116304.15,116314.92,116304.15,116314.92,360,63,0
2026.02.11 11:48:00,116311.55,116321.33,116303.16,116304.12,360,63,0
2026.02.11 11:42:00,116300.75,116311.52,116300.75,116311.52,360,63,0
2026.02.11 11:36:00,116289.95,116300.72,116289.95,116300.72,360,63,0
2026.02.11 11:30:00,116304.86,116306.72,116281.04,116289.92,360,63,0
2026.02.11 11:24:00,116294.06,116304.83,116294.06,116304.83,360,63,0
2026.02.11 11:18:00,116304.35,116305.58,116284.52,116294.03,360,63,0
2026.02.11 11:12:00,116293.55,116304.32,116293.55,116304.32,360,63,0
2026.02.11 11:06:00,116299.13,116307.41,116291.06,116293.52,360,63,0
2026.02.11 11:00:00,116306.50,116311.51,116293.37,116299.10,360,63,0
2026.02.11 10:54:00,116332.01,116333.69,116297.41,116306.47,360,63,0
2026.02.11 10:48:00,116321.21,116331.98,116321.21,116331.98,360,63,0
2026.02.11 10:42:00,116310.41,116321.18,116310.41,116321.18,360,63,0
2026.02.11 10:36:00,116299.61,116310.38,116299.61,116310.38,360,63,0
2026.02.11 10:30:00,116307.84,116308.50,116289.50,116299.58,360,63,0
2026.02.11 10:24:00,116297.04,116307.81,116297.04,116307.81,360,63,0
2026.02.11 10:18:00,116303.45,116313.62,116296.44,116297.01,360,63,0
2026.02.11 10:12:00,116292.65,116303.42,116292.65,116303.42,360,63,0
2026.02.11 10:06:00,116281.85,116292.62,116281.85,116292.62,360,63,0
2026.02.11 10:00:00,116293.79,116294.75,116272.04,116281.82,360,63,0
2026.02.11 09:54:00,116302.80,116312.85,116293.07,116293.76,360,63,0
2026.02.11 09:48:00,116319.67,116329.36,116301.72,116302.77,360,63,0
2026.02.11 09:42:00,116308.87,116319.64,116308.87,116319.64,360,63,0
2026.02.11 09:36:00,116314.89,116316.03,116299.24,116308.84,360,63,0
2026.02.11 09:30:00,116304.09,116314.86,116304.09,116314.86,360,63,0
2026.02.11 09:24:00,116336.34,116339.85,116297.16,116304.06,360,63,0
2026.02.11 09:18:00,116325.54,116336.31,116325.54,116336.31,360,63,0
2026.02.11 09:12:00,116314.74,116325.51,116314.74,116325.51,360,63,0
2026.02.11 09:06:00,116303.94,116314.71,116303.94,116314.71,360,63,0
2026.02.11 09:00:00,116312.94,116321.70,116301.90,116303.91,361,63,0
2026.02.11 08:54:00,116356.75,116361.22,116309.25,116312.91,359,63,0
2026.02.11 08:48:00,116345.95,116356.72,116345.95,116356.72,360,63,0
2026.02.11 08:42:00,116335.12,116345.92,116335.12,116345.92,361,63,0
2026.02.11 08:36:00,116324.35,116335.09,116324.35,116335.09,359,63,0
2026.02.11 08:30:00,116313.52,116324.32,116313.52,116324.32,361,63,0
2026.02.11 08:24:00,116333.97,116335.71,116304.52,116313.49,359,63,0
2026.02.11 08:18:00,116372.24,116373.53,116328.72,116333.94,360,63,0
2026.02.11 08:12:00,116383.05,116389.41,116367.80,116372.21,361,63,0
2026.02.11 08:06:00,116372.28,116383.02,116372.28,116383.02,359,63,0
2026.02.11 08:00:00,116361.45,116372.25,116361.45,116372.25,361,63,0
2026.02.11 07:54:00,116350.65,116361.42,116350.65,116361.42,360,63,0
2026.02.11 07:48:00,116423.73,116427.36,116348.34,116350.62,359,63,0
2026.02.11 07:42:00,116412.90,116423.70,116412.90,116423.70,361,63,0
2026.02.11 07:36:00,116402.10,116412.87,116402.10,116412.87,360,63,0
2026.02.11 07:30:00,116404.49,116408.54,116395.38,116402.07,360,63,0
2026.02.11 07:24:00,116407.82,116416.82,116402.72,116404.46,360,63,0
2026.02.11 07:18:00,116450.46,116452.44,116404.22,116407.79,360,63,0
2026.02.11 07:12:00,116471.57,116476.07,116444.19,116450.43,360,63,0
2026.02.11 07:06:00,116460.77,116471.54,116460.77,116471.54,360,63,0
2026.02.11 07:00:00,116547.23,116548.52,116460.62,116460.74,360,63,0
2026.02.11 06:54:00,116536.43,116547.20,116536.43,116547.20,360,63,0
2026.02.11 06:48:00,116525.63,116536.40,116525.63,116536.40,360,63,0
2026.02.11 06:42:00,116533.10,116539.43,116521.19,116525.60,360,63,0
2026.02.11 06:36:00,116522.30,116533.07,116522.30,116533.07,360,63,0
2026.02.11 06:30:00,116511.50,116522.27,116511.50,116522.27,360,63,0
2026.02.11 06:24:00,116526.42,116533.26,116511.20,116511.47,360,63,0
2026.02.11 06:18:00,116541.05,116546.57,116521.17,116526.39,360,63,0
2026.02.11 06:12:00,116530.25,116541.02,116530.25,116541.02,360,63,0
2026.02.11 06:06:00,116519.45,116530.22,116519.45,116530.22,360,63,0
2026.02.11 06:00:00,116564.09,116569.37,116516.15,116519.42,360,63,0
2026.02.11 05:54:00,116553.29,116564.06,116553.29,116564.06,360,63,0
2026.02.11 05:48:00,116559.91,116569.03,116551.64,116553.26,360,63,0
2026.02.11 05:42:00,116549.11,116559.88,116549.11,116559.88,360,63,0
2026.02.11 05:36:00,116565.97,116571.58,116543.95,116549.08,360,63,0
2026.02.11 05:30:00,116599.67,116602.88,116564.80,116565.94,360,63,0
2026.02.11 05:24:00,116588.87,116599.64,116588.87,116599.64,360,63,0
2026.02.11 05:18:00,116613.53,116622.35,116586.92,116588.84,360,63,0
2026.02.11 05:12:00,116602.73,116613.50,116602.73,116613.50,360,63,0
2026.02.11 05:06:00,116591.93,116602.70,116591.93,116602.70,360,63,0
2026.02.11 05:00:00,116636.02,116639.62,116590.55,116591.90,360,63,0
2026.02.11 04:54:00,116625.22,116635.99,116625.22,116635.99,360,63,0
2026.02.11 04:48:00,116614.42,116625.19,116614.42,116625.19,360,63,0
2026.02.11 04:42:00,116630.34,116634.90,116608.21,116614.39,360,63,0
2026.02.11 04:36:00,116619.54,116630.31,116619.54,116630.31,360,63,0
2026.02.11 04:30:00,116608.74,116619.51,116608.74,116619.51,360,63,0
2026.02.11 04:24:00,116597.94,116608.71,116597.94,116608.71,360,63,0
2026.02.11 04:18:00,116606.45,116615.33,116596.05,116597.91,360,63,0
2026.02.11 04:12:00,116595.65,116606.42,116595.65,116606.42,360,63,0
2026.02.11 04:06:00,116641.00,116643.49,116593.88,116595.62,360,63,0
2026.02.11 04:00:00,116655.78,116661.93,116636.38,116640.97,360,63,0
2026.02.11 03:54:00,116644.98,116655.75,116644.98,116655.75,360,63,0
2026.02.11 03:48:00,116634.18,116644.95,116634.18,116644.95,360,63,0
2026.02.11 03:42:00,116623.38,116634.15,116623.38,116634.15,360,63,0
2026.02.11 03:36:00,116647.81,116652.64,116617.44,116623.35,360,63,0
2026.02.11 03:30:00,116637.01,116647.78,116637.01,116647.78,360,63,0
2026.02.11 03:24:00,116626.21,116636.98,116626.21,116636.98,360,63,0
2026.02.11 03:18:00,116663.76,116673.57,116625.25,116626.18,360,63,0
2026.02.11 03:12:00,116652.96,116663.73,116652.96,116663.73,360,63,0
2026.02.11 03:06:00,116642.16,116652.93,116642.16,116652.93,360,63,0
2026.02.11 03:00:00,116631.36,116642.13,116631.36,116642.13,360,63,0
2026.02.11 02:54:00,116640.24,116648.46,116628.81,116631.33,360,63,0
2026.02.11 02:48:00,116666.60,116668.16,116631.03,116640.21,360,63,0
2026.02.11 02:42:00,116655.80,116666.57,116655.80,116666.57,360,63,0
2026.02.11 02:36:00,116645.00,116655.77,116645.00,116655.77,360,63,0
2026.02.11 02:30:00,116634.20,116644.97,116634.20,116644.97,360,63,0
2026.02.11 02:24:00,116623.40,116634.17,116623.40,116634.17,360,63,0
2026.02.11 02:18:00,116612.60,116623.37,116612.60,116623.37,360,63,0
2026.02.11 02:12:00,116616.31,116626.72,116612.24,116612.57,360,63,0
2026.02.11 02:06:00,116617.80,116624.61,116612.35,116616.28,360,63,0
2026.02.11 02:00:00,116629.27,116629.78,116607.54,116617.77,360,63,0
2026.02.11 01:54:00,116648.65,116651.02,116620.87,116629.24,360,63,0
2026.02.11 01:48:00,116637.85,116648.62,116637.85,116648.62,360,63,0
2026.02.11 01:42:00,116653.65,116658.93,116632.36,116637.82,360,63,0
2026.02.11 01:36:00,116642.85,116653.62,116642.85,116653.62,360,63,0
2026.02.11 01:30:00,116632.05,116642.82,116632.05,116642.82,360,63,0
2026.02.11 01:24:00,116621.25,116632.02,116621.25,116632.02,360,63,0
2026.02.11 01:18:00,116696.40,116698.98,116619.30,116621.22,360,63,0
2026.02.11 01:12:00,116705.04,116706.36,116686.95,116696.37,360,63,0
2026.02.11 01:06:00,116694.24,116705.01,116694.24,116705.01,360,63,0
2026.02.11 01:00:00,116683.44,116694.21,116683.44,116694.21,360,63,0
2026.02.11 00:54:00,116686.83,116690.67,116676.51,116683.41,360,63,0
2026.02.11 00:48:00,116691.32,116694.92,116679.66,116686.80,360,63,0
2026.02.11 00:42:00,116680.52,116691.29,116680.52,116691.29,360,63,0
2026.02.11 00:36:00,116669.72,116680.49,116669.72,116680.49,360,63,0
2026.02.11 00:30:00,116676.82,116686.78,116668.91,116669.69,360,63,0
2026.02.11 00:24:00,116666.02,116676.79,116666.02,116676.79,360,63,0
2026.02.11 00:18:00,116669.00,116677.25,116663.50,116665.99,360,63,0
2026.02.11 00:12:00,116681.51,116687.96,116664.68,116668.97,360,63,0
2026.02.11 00:06:00,116670.71,116681.48,116670.71,116681.48,360,63,0
2026.02.11 00:00:00,116700.10,116706.07,116665.91,116670.68,360,63,0
2026.02.10 23:54:00,116689.30,116700.07,116689.30,116700.07,360,63,0
2026.02.10 23:48:00,116678.50,116689.27,116678.50,116689.27,360,63,0
2026.02.10 23:42:00,116686.48,116696.89,116678.14,116678.47,360,63,0
2026.02.10 23:36:00,116675.68,116686.45,116675.68,116686.45,360,63,0
2026.02.10 23:30:00,116664.88,116675.65,116664.88,116675.65,360,63,0
2026.02.10 23:24:00,116681.99,116686.34,116658.46,116664.85,360,63,0
2026.02.10 23:18:00,116671.19,116681.96,116671.19,116681.96,360,63,0
2026.02.10 23:12:00,116660.39,116671.16,116660.39,116671.16,360,63,0
2026.02.10 23:06:00,116649.59,116660.36,116649.59,116660.36,360,63,0
2026.02.10 23:00:00,116657.46,116659.47,116640.83,116649.56,360,63,0
2026.02.10 22:54:00,116664.15,116666.01,116648.55,116657.43,360,63,0
2026.02.10 22:48:00,116673.97,116683.78,116663.19,116664.12,360,63,0
2026.02.10 22:42:00,116663.17,116673.94,116663.17,116673.94,360,63,0
2026.02.10 22:36:00,116671.95,116674.71,116655.16,116663.14,360,63,0
2026.02.10 22:30:00,116678.58,116685.72,116668.32,116671.92,360,63,0
2026.02.10 22:24:00,116667.78,116678.55,116667.78,116678.55,360,63,0
2026.02.10 22:18:00,116656.98,116667.75,116656.98,116667.75,360,63,0
2026.02.10 22:12:00,116664.96,116673.09,116654.34,116656.95,360,63,0
2026.02.10 22:06:00,116668.26,116676.09,116662.02,116664.93,360,63,0
2026.02.10 22:00:00,116657.46,116668.23,116657.46,116668.23,360,63,0
2026.02.10 21:54:00,116670.38,116670.59,116646.90,116657.43,360,63,0
2026.02.10 21:48:00,116677.24,116684.59,116666.96,116670.35,360,63,0
2026.02.10 21:42:00,116666.44,116677.21,116666.44,116677.21,360,63,0
2026.02.10 21:36:00,116672.39,116677.82,116661.10,116666.41,360,63,0
2026.02.10 21:30:00,116661.59,116672.36,116661.59,116672.36,360,63,0
2026.02.10 21:24:00,116650.79,116661.56,116650.79,116661.56,360,63,0
2026.02.10 21:18:00,116639.99,116650.76,116639.99,116650.76,360,63,0
2026.02.10 21:12:00,116629.19,116639.96,116629.19,116639.96,360,63,0
2026.02.10 21:06:00,116650.77,116657.55,116625.20,116629.16,360,63,0
2026.02.10 21:00:00,116639.97,116650.74,116639.97,116650.74,360,63,0
2026.02.10 20:54:00,116665.63,116667.10,116630.67,116639.94,360,63,0
2026.02.10 20:48:00,116654.83,116665.60,116654.83,116665.60,360,63,0
2026.02.10 20:42:00,116666.90,116676.65,116653.81,116654.80,360,63,0
2026.02.10 20:36:00,116656.10,116666.87,116656.10,116666.87,360,63,0
2026.02.10 20:30:00,116645.30,116656.07,116645.30,116656.07,360,63,0
2026.02.10 20:24:00,116660.59,116670.01,116643.95,116645.27,360,63,0
2026.02.10 20:18:00,116678.80,116682.94,116653.96,116660.56,360,63,0
2026.02.10 20:12:00,116668.00,116678.77,116668.00,116678.77,360,63,0
2026.02.10 20:06:00,116657.20,116667.97,116657.20,116667.97,360,63,0
2026.02.10 20:00:00,116674.34,116679.95,116652.04,116657.17,360,63,0
2026.02.10 19:54:00,116697.23,116699.78,116666.12,116674.31,360,63,0
2026.02.10 19:48:00,116686.43,116697.20,116686.43,116697.20,360,63,0
2026.02.10 19:42:00,116708.94,116709.03,116675.75,116686.40,360,63,0
2026.02.10 19:36:00,116698.14,116708.91,116698.14,116708.91,360,63,0
2026.02.10 19:30:00,116716.54,116720.11,116690.94,116698.11,360,63,0
2026.02.10 19:24:00,116705.74,116716.51,116705.74,116716.51,360,63,0
2026.02.10 19:18:00,116694.94,116705.71,116694.94,116705.71,360,63,0
2026.02.10 19:12:00,116699.23,116708.74,116693.68,116694.91,360,63,0
2026.02.10 19:06:00,116688.43,116699.20,116688.43,116699.20,360,63,0
2026.02.10 19:00:00,116709.54,116711.34,116679.46,116688.40,360,63,0
2026.02.10 18:54:00,116723.31,116733.90,116709.36,116709.51,360,63,0
2026.02.10 18:48:00,116741.50,116750.38,116721.42,116723.28,360,63,0
2026.02.10 18:42:00,116750.12,116753.00,116733.61,116741.47,360,63,0
2026.02.10 18:36:00,116739.32,116750.09,116739.32,116750.09,360,63,0
2026.02.10 18:30:00,116728.52,116739.29,116728.52,116739.29,360,63,0
2026.02.10 18:24:00,116717.72,116728.49,116717.72,116728.49,360,63,0
2026.02.10 18:18:00,116706.92,116717.69,116706.92,116717.69,360,63,0
2026.02.10 18:12:00,116696.12,116706.89,116696.12,116706.89,360,63,0
2026.02.10 18:06:00,116685.32,116696.09,116685.32,116696.09,360,63,0
2026.02.10 18:00:00,116674.52,116685.29,116674.52,116685.29,360,63,0
2026.02.10 17:54:00,116663.72,116674.49,116663.72,116674.49,360,63,0
2026.02.10 17:48:00,116704.85,116706.29,116654.57,116663.69,360,63,0
2026.02.10 17:42:00,116694.05,116704.82,116694.05,116704.82,360,63,0
2026.02.10 17:36:00,116683.25,116694.02,116683.25,116694.02,360,63,0
2026.02.10 17:30:00,116672.45,116683.22,116672.45,116683.22,360,63,0
2026.02.10 17:24:00,116661.65,116672.42,116661.65,116672.42,360,63,0
2026.02.10 17:18:00,116679.81,116682.60,116653.67,116661.62,360,63,0
2026.02.10 17:12:00,116669.01,116679.78,116669.01,116679.78,360,63,0
2026.02.10 17:06:00,116671.38,116674.80,116661.66,116668.98,360,63,0
2026.02.10 17:00:00,116660.58,116671.35,116660.58,116671.35,360,63,0
2026.02.10 16:54:00,116682.24,116689.80,116658.57,116660.55,360,63,0
2026.02.10 16:48:00,116687.55,116688.78,116672.70,116682.21,360,63,0
2026.02.10 16:42:00,116676.75,116687.52,116676.75,116687.52,360,63,0
2026.02.10 16:36:00,116665.95,116676.72,116665.95,116676.72,360,63,0
2026.02.10 16:30:00,116655.15,116665.92,116655.15,116665.92,360,63,0
2026.02.10 16:24:00,116644.35,116655.12,116644.35,116655.12,360,63,0
2026.02.10 16:18:00,116633.55,116644.32,116633.55,116644.32,360,63,0
2026.02.10 16:12:00,116622.75,116633.52,116622.75,116633.52,360,63,0
2026.02.10 16:06:00,116611.95,116622.72,116611.95,116622.72,360,63,0
2026.02.10 16:00:00,116601.15,116611.92,116601.15,116611.92,360,63,0
2026.02.10 15:54:00,116605.42,116613.01,116597.97,116601.12,360,63,0
2026.02.10 15:48:00,116594.62,116605.39,116594.62,116605.39,360,63,0
2026.02.10 15:42:00,116583.82,116594.59,116583.82,116594.59,360,63,0
2026.02.10 15:36:00,116573.02,116583.79,116573.02,116583.79,360,63,0
2026.02.10 15:30:00,116562.22,116572.99,116562.22,116572.99,360,63,0
2026.02.10 15:24:00,116551.42,116562.19,116551.42,116562.19,360,63,0
2026.02.10 15:18:00,116569.21,116570.47,116541.91,116551.39,360,63,0
2026.02.10 15:12:00,116558.41,116569.18,116558.41,116569.18,360,63,0
2026.02.10 15:06:00,116562.81,116568.93,116553.76,116558.38,360,63,0
2026.02.10 15:00:00,116565.90,116572.95,116559.09,116562.78,360,63,0
2026.02.10 14:54:00,116594.26,116598.46,116560.83,116565.87,360,63,0
2026.02.10 14:48:00,116583.46,116594.23,116583.46,116594.23,360,63,0
2026.02.10 14:42:00,116596.33,116604.97,116581.33,116583.43,360,63,0
2026.02.10 14:36:00,116585.53,116596.30,116585.53,116596.30,360,63,0
2026.02.10 14:30:00,116590.59,116600.94,116585.11,116585.50,360,63,0
2026.02.10 14:24:00,116579.79,116590.56,116579.79,116590.56,360,63,0
2026.02.10 14:18:00,116581.32,116587.32,116575.02,116579.76,360,63,0
2026.02.10 14:12:00,116570.52,116581.29,116570.52,116581.29,360,63,0
2026.02.10 14:06:00,116559.72,116570.49,116559.72,116570.49,360,63,0
2026.02.10 14:00:00,116572.69,116581.00,116557.26,116559.69,360,63,0
2026.02.10 13:54:00,116561.89,116572.66,116561.89,116572.66,360,63,0
2026.02.10 13:48:00,116551.09,116561.86,116551.09,116561.86,360,63,0
2026.02.10 13:42:00,116540.29,116551.06,116540.29,116551.06,360,63,0
2026.02.10 13:36:00,116529.49,116540.26,116529.49,116540.26,360,63,0
2026.02.10 13:30:00,116546.94,116553.63,116525.41,116529.46,360,63,0
2026.02.10 13:24:00,116536.14,116546.91,116536.14,116546.91,360,63,0
2026.02.10 13:18:00,116574.36,116584.77,116535.78,116536.11,360,63,0
2026.02.10 13:12:00,116563.56,116574.33,116563.56,116574.33,360,63,0
2026.02.10 13:06:00,116552.76,116563.53,116552.76,116563.53,360,63,0
2026.02.10 13:00:00,116555.93,116556.92,116542.98,116552.73,360,63,0
2026.02.10 12:54:00,116573.92,116574.64,116545.88,116555.90,360,63,0
2026.02.10 12:48:00,116563.12,116573.89,116563.12,116573.89,360,63,0
2026.02.10 12:42:00,116613.59,116613.80,116559.46,116563.09,360,63,0
2026.02.10 12:36:00,116602.79,116613.56,116602.79,116613.56,360,63,0
2026.02.10 12:30:00,116591.99,116602.76,116591.99,116602.76,360,63,0
2026.02.10 12:24:00,116610.44,116613.56,116584.34,116591.96,360,63,0
2026.02.10 12:18:00,116599.64,116610.41,116599.64,116610.41,360,63,0
2026.02.10 12:12:00,116588.84,116599.61,116588.84,116599.61,360,63,0
2026.02.10 12:06:00,116578.04,116588.81,116578.04,116588.81,360,63,0
2026.02.10 12:00:00,116567.24,116578.01,116567.24,116578.01,360,63,0
2026.02.10 11:54:00,116556.44,116567.21,116556.44,116567.21,360,63,0
2026.02.10 11:48:00,116545.64,116556.41,116545.64,116556.41,360,63,0
2026.02.10 11:42:00,116553.35,116560.85,116542.37,116545.61,360,63,0
2026.02.10 11:36:00,116554.83,116561.67,116549.42,116553.32,360,63,0
2026.02.10 11:30:00,116544.03,116554.80,116544.03,116554.80,360,63,0
2026.02.10 11:24:00,116533.23,116544.00,116533.23,116544.00,360,63,0
2026.02.10 11:18:00,116540.80,116543.02,116524.68,116533.20,360,63,0
2026.02.10 11:12:00,116530.00,116540.77,116530.00,116540.77,360,63,0
2026.02.10 11:06:00,116519.20,116529.97,116519.20,116529.97,360,63,0
2026.02.10 11:00:00,116508.40,116519.17,116508.40,116519.17,360,63,0
2026.02.10 10:54:00,116497.60,116508.37,116497.60,116508.37,360,63,0
2026.02.10 10:48:00,116486.80,116497.57,116486.80,116497.57,360,63,0
2026.02.10 10:42:00,116476.00,116486.77,116476.00,116486.77,360,63,0
2026.02.10 10:36:00,116465.20,116475.97,116465.20,116475.97,360,63,0
2026.02.10 10:30:00,116487.33,116490.42,116457.52,116465.17,360,63,0
2026.02.10 10:24:00,116515.78,116522.02,116482.80,116487.30,360,63,0
2026.02.10 10:18:00,116504.98,116515.75,116504.98,116515.75,360,63,0
2026.02.10 10:12:00,116494.18,116504.95,116494.18,116504.95,360,63,0
2026.02.10 10:06:00,116483.38,116494.15,116483.38,116494.15,360,63,0
2026.02.10 10:00:00,116472.58,116483.35,116472.58,116483.35,360,63,0
2026.02.10 09:54:00,116486.33,116492.03,116467.51,116472.55,360,63,0
2026.02.10 09:48:00,116506.24,116515.12,116484.44,116486.30,360,63,0
2026.02.10 09:42:00,116523.12,116525.70,116498.05,116506.21,360,63,0
2026.02.10 09:36:00,116525.92,116529.88,116516.31,116523.09,360,63,0
2026.02.10 09:30:00,116527.50,116534.58,116522.23,116525.89,360,63,0
2026.02.10 09:24:00,116577.99,116580.03,116522.40,116527.47,360,63,0
2026.02.10 09:18:00,116567.19,116577.96,116567.19,116577.96,360,63,0
2026.02.10 09:12:00,116556.39,116567.16,116556.39,116567.16,360,63,0
2026.02.10 09:06:00,116563.35,116564.55,116546.82,116556.36,360,63,0
2026.02.10 09:00:00,116552.55,116563.32,116552.55,116563.32,360,63,0
2026.02.10 08:54:00,116541.75,116552.52,116541.75,116552.52,360,63,0
2026.02.10 08:48:00,116530.95,116541.72,116530.95,116541.72,360,63,0
2026.02.10 08:42:00,116520.15,116530.92,116520.15,116530.92,360,63,0
2026.02.10 08:36:00,116509.35,116520.12,116509.35,116520.12,360,63,0
2026.02.10 08:30:00,116498.55,116509.32,116498.55,116509.32,360,63,0
2026.02.10 08:24:00,116487.75,116498.52,116487.75,116498.52,360,63,0
2026.02.10 08:18:00,116489.99,116498.27,116485.26,116487.72,360,63,0
2026.02.10 08:12:00,116479.19,116489.96,116479.19,116489.96,360,63,0
2026.02.10 08:06:00,116468.39,116479.16,116468.39,116479.16,360,63,0
2026.02.10 08:00:00,116481.12,116486.10,116462.60,116468.36,360,63,0
2026.02.10 07:54:00,116470.32,116481.09,116470.32,116481.09,360,63,0
2026.02.10 07:48:00,116475.56,116480.09,116464.08,116470.29,360,63,0
2026.02.10 07:42:00,116464.76,116475.53,116464.76,116475.53,360,63,0
2026.02.10 07:36:00,116453.96,116464.73,116453.96,116464.73,360,63,0
2026.02.10 07:30:00,116502.96,116512.92,116495.88,116496.66,360,63,0
2026.02.10 07:24:00,116492.16,116502.93,116492.16,116502.93,360,63,0
2026.02.10 07:18:00,116481.36,116492.13,116481.36,116492.13,360,63,0
2026.02.10 07:12:00,116470.56,116481.33,116470.56,116481.33,360,63,0
2026.02.10 07:06:00,116473.08,116482.89,116469.60,116470.53,360,63,0
2026.02.10 07:00:00,116477.41,116482.45,116467.35,116473.05,360,63,0
2026.02.10 06:54:00,116482.01,116487.50,116472.13,116477.38,360,63,0
2026.02.10 06:48:00,116502.12,116510.40,116479.52,116481.98,360,63,0
2026.02.10 06:42:00,116491.32,116502.09,116491.32,116502.09,360,63,0
2026.02.10 06:36:00,116480.52,116491.29,116480.52,116491.29,360,63,0
2026.02.10 06:30:00,116469.72,116480.49,116469.72,116480.49,360,63,0
2026.02.10 06:24:00,116480.29,116489.17,116467.83,116469.69,360,63,0
2026.02.10 06:18:00,116492.46,116495.19,116472.25,116480.26,360,63,0
2026.02.10 06:12:00,116503.85,116513.84,116491.68,116492.43,360,63,0
2026.02.10 06:06:00,116493.05,116503.82,116493.05,116503.82,360,63,0
2026.02.10 06:00:00,116482.25,116493.02,116482.25,116493.02,360,63,0
2026.02.10 05:54:00,116471.45,116482.22,116471.45,116482.22,360,63,0
2026.02.10 05:48:00,116460.65,116471.42,116460.65,116471.42,360,63,0
2026.02.10 05:42:00,116464.73,116464.79,116449.94,116460.62,360,63,0
2026.02.10 05:36:00,116453.93,116464.70,116453.93,116464.70,360,63,0
2026.02.10 05:30:00,116443.13,116453.90,116443.13,116453.90,360,63,0
2026.02.10 05:24:00,116432.33,116443.10,116432.33,116443.10,360,63,0
2026.02.10 05:18:00,116421.53,116432.30,116421.53,116432.30,360,63,0
2026.02.10 05:12:00,116432.27,116441.96,116420.45,116421.50,360,63,0
2026.02.10 05:06:00,116450.54,116452.16,116423.12,116432.24,360,63,0
2026.02.10 05:00:00,116466.86,116468.00,116445.17,116450.51,360,63,0
2026.02.10 04:54:00,116456.06,116466.83,116456.06,116466.83,360,63,0
2026.02.10 04:48:00,116464.56,116467.56,116448.29,116456.03,360,63,0
2026.02.10 04:42:00,116521.11,116524.71,116462.22,116464.53,360,63,0
2026.02.10 04:36:00,116560.55,116563.01,116513.70,116521.08,360,63,0
2026.02.10 04:30:00,116549.75,116560.52,116549.75,116560.52,360,63,0
2026.02.10 04:24:00,116538.95,116549.72,116538.95,116549.72,360,63,0
2026.02.10 04:18:00,116572.55,116579.06,116537.51,116538.92,360,63,0
2026.02.10 04:12:00,116575.32,116577.90,116564.36,116572.52,360,63,0
2026.02.10 04:06:00,116602.90,116606.83,116572.98,116575.29,360,63,0
2026.02.10 04:00:00,116592.10,116602.87,116592.10,116602.87,360,63,0
2026.02.10 03:54:00,116606.59,116615.08,116589.82,116592.07,360,63,0
2026.02.10 03:48:00,116595.79,116606.56,116595.79,116606.56,360,63,0
2026.02.10 03:42:00,116584.99,116595.76,116584.99,116595.76,360,63,0
2026.02.10 03:36:00,116574.19,116584.96,116574.19,116584.96,360,63,0
2026.02.10 03:30:00,116563.39,116574.16,116563.39,116574.16,360,63,0
2026.02.10 03:24:00,116596.05,116600.97,116557.54,116563.36,360,63,0
2026.02.10 03:18:00,116629.73,116637.26,116593.35,116596.02,360,63,0
2026.02.10 03:12:00,116618.93,116629.70,116618.93,116629.70,360,63,0
2026.02.10 03:06:00,116608.13,116618.90,116608.13,116618.90,360,63,0
2026.02.10 03:00:00,116613.99,116615.46,116598.83,116608.10,360,63,0
2026.02.10 02:54:00,116603.19,116613.96,116603.19,116613.96,360,63,0
2026.02.10 02:48:00,116592.39,116603.16,116592.39,116603.16,360,63,0
2026.02.10 02:42:00,116601.22,116609.38,116589.78,116592.36,360,63,0
2026.02.10 02:36:00,116610.90,116611.56,116591.11,116601.19,360,63,0
2026.02.10 02:30:00,116600.10,116610.87,116600.10,116610.87,360,63,0
2026.02.10 02:24:00,116589.30,116600.07,116589.30,116600.07,360,63,0
2026.02.10 02:18:00,116601.32,116608.94,116586.15,116589.27,360,63,0
2026.02.10 02:12:00,116590.52,116601.29,116590.52,116601.29,360,63,0
2026.02.10 02:06:00,116579.72,116590.49,116579.72,116590.49,360,63,0
2026.02.10 02:00:00,116568.92,116579.69,116568.92,116579.69,360,63,0
2026.02.10 01:54:00,116558.12,116568.89,116558.12,116568.89,360,63,0
2026.02.10 01:48:00,116573.88,116574.90,116551.43,116558.09,360,63,0
2026.02.10 01:42:00,116563.08,116573.85,116563.08,116573.85,360,63,0
2026.02.10 01:36:00,116569.97,116578.61,116560.95,116563.05,360,63,0
2026.02.10 01:30:00,116559.17,116569.94,116559.17,116569.94,360,63,0
2026.02.10 01:24:00,116548.37,116559.14,116548.37,116559.14,360,63,0
2026.02.10 01:18:00,116554.06,116560.12,116543.66,116548.34,360,63,0
2026.02.10 01:12:00,116543.26,116554.03,116543.26,116554.03,360,63,0
2026.02.10 01:06:00,116565.27,116572.41,116539.63,116543.23,360,63,0
2026.02.10 01:00:00,116554.47,116565.24,116554.47,116565.24,360,63,0
2026.02.10 00:54:00,116543.67,116554.44,116543.67,116554.44,360,63,0
2026.02.10 00:48:00,116532.87,116543.64,116532.87,116543.64,360,63,0
2026.02.10 00:42:00,116522.07,116532.84,116522.07,116532.84,360,63,0
2026.02.10 00:36:00,116511.27,116522.04,116511.27,116522.04,360,63,0
2026.02.10 00:30:00,116500.47,116511.24,116500.47,116511.24,360,63,0
2026.02.10 00:24:00,116489.67,116500.44,116489.67,116500.44,360,63,0
2026.02.10 00:18:00,116540.96,116542.82,116484.27,116489.64,360,63,0
2026.02.10 00:12:00,116567.11,116568.79,116531.87,116540.93,360,63,0
2026.02.10 00:06:00,116579.72,116587.91,116564.53,116567.08,360,63,0
2026.02.10 00:00:00,116568.92,116579.69,116568.92,116579.69,360,63,0
2026.02.09 23:54:00,116579.87,116586.89,116565.17,116568.89,360,63,0
2026.02.09 23:48:00,116569.07,116579.84,116569.07,116579.84,360,63,0
2026.02.09 23:42:00,116590.21,116594.83,116562.92,116569.04,360,63,0
2026.02.09 23:36:00,116592.06,116600.73,116588.11,116590.18,360,63,0
2026.02.09 23:30:00,116581.26,116592.03,116581.26,116592.03,360,63,0
2026.02.09 23:24:00,116570.46,116581.23,116570.46,116581.23,360,63,0
2026.02.09 23:18:00,116559.66,116570.43,116559.66,116570.43,360,63,0
2026.02.09 23:12:00,116548.86,116559.63,116548.86,116559.63,360,63,0
2026.02.09 23:06:00,116592.18,116594.13,116547.15,116548.83,360,63,0
2026.02.09 23:00:00,116604.92,116605.49,116581.98,116592.15,360,63,0
2026.02.09 22:54:00,116594.12,116604.89,116594.12,116604.89,360,63,0
2026.02.09 22:48:00,116611.81,116612.47,116584.01,116594.09,360,63,0
2026.02.09 22:42:00,116601.01,116611.78,116601.01,116611.78,360,63,0
2026.02.09 22:36:00,116640.11,116640.11,116593.66,116600.98,360,63,0
2026.02.09 22:30:00,116629.31,116640.08,116629.31,116640.08,360,63,0
2026.02.09 22:24:00,116656.32,116662.65,116624.87,116629.28,360,63,0
2026.02.09 22:18:00,116661.44,116668.13,116652.24,116656.29,360,63,0
2026.02.09 22:12:00,116650.64,116661.41,116650.64,116661.41,360,63,0
2026.02.09 22:06:00,116639.84,116650.61,116639.84,116650.61,360,63,0
2026.02.09 22:00:00,116629.04,116639.81,116629.04,116639.81,360,63,0
2026.02.09 21:54:00,116618.24,116629.01,116618.24,116629.01,360,63,0
2026.02.09 21:48:00,116607.44,116618.21,116607.44,116618.21,360,63,0
2026.02.09 21:42:00,116630.40,116631.00,116597.27,116607.41,360,63,0
2026.02.09 21:36:00,116619.60,116630.37,116619.60,116630.37,360,63,0
2026.02.09 21:30:00,116608.80,116619.57,116608.80,116619.57,360,63,0
2026.02.09 21:24:00,116598.00,116608.77,116598.00,116608.77,360,63,0
2026.02.09 21:18:00,116587.20,116597.97,116587.20,116597.97,360,63,0
2026.02.09 21:12:00,116576.40,116587.17,116576.40,116587.17,360,63,0
2026.02.09 21:06:00,116565.60,116576.37,116565.60,116576.37,360,63,0
2026.02.09 21:00:00,116554.80,116565.57,116554.80,116565.57,360,63,0
2026.02.09 20:54:00,116544.00,116554.77,116544.00,116554.77,360,63,0
2026.02.09 20:48:00,116533.20,116543.97,116533.20,116543.97,360,63,0
2026.02.09 20:42:00,116549.38,116553.82,116526.87,116533.17,360,63,0
2026.02.09 20:36:00,116538.58,116549.35,116538.58,116549.35,360,63,0
2026.02.09 20:30:00,116547.58,116550.85,116531.08,116538.55,360,63,0
2026.02.09 20:24:00,116536.78,116547.55,116536.78,116547.55,360,63,0
2026.02.09 20:18:00,116568.67,116572.00,116529.97,116536.75,360,63,0
2026.02.09 20:12:00,116557.87,116568.64,116557.87,116568.64,360,63,0
2026.02.09 20:06:00,116547.07,116557.84,116547.07,116557.84,360,63,0
2026.02.09 20:00:00,116551.60,116559.85,116544.55,116547.04,360,63,0
2026.02.09 19:54:00,116540.80,116551.57,116540.80,116551.57,360,63,0
2026.02.09 19:48:00,116530.00,116540.77,116530.00,116540.77,360,63,0
2026.02.09 19:42:00,116544.89,116552.33,116526.67,116529.97,360,63,0
2026.02.09 19:36:00,116534.09,116544.86,116534.09,116544.86,360,63,0
2026.02.09 19:30:00,116523.29,116534.06,116523.29,116534.06,360,63,0
2026.02.09 19:24:00,116512.49,116523.26,116512.49,116523.26,360,63,0
2026.02.09 19:18:00,116518.81,116524.06,116506.97,116512.46,360,63,0
2026.02.09 19:12:00,116508.01,116518.78,116508.01,116518.78,360,63,0
2026.02.09 19:06:00,116497.21,116507.98,116497.21,116507.98,360,63,0
2026.02.09 19:00:00,116486.41,116497.18,116486.41,116497.18,360,63,0
2026.02.09 18:54:00,116475.61,116486.38,116475.61,116486.38,360,63,0
2026.02.09 18:48:00,116508.62,116517.26,116473.54,116475.58,360,63,0
2026.02.09 18:42:00,116497.82,116508.59,116497.82,116508.59,360,63,0
2026.02.09 18:36:00,116487.02,116497.79,116487.02,116497.79,360,63,0
2026.02.09 18:30:00,116539.73,116539.76,116483.96,116486.99,360,63,0
2026.02.09 18:24:00,116528.93,116539.70,116528.93,116539.70,360,63,0
2026.02.09 18:18:00,116518.13,116528.90,116518.13,116528.90,360,63,0
2026.02.09 18:12:00,116526.00,116534.19,116515.55,116518.10,360,63,0
2026.02.09 18:06:00,116515.20,116525.97,116515.20,116525.97,360,63,0
2026.02.09 18:00:00,116523.23,116525.39,116506.59,116515.17,360,63,0
2026.02.09 17:54:00,116545.05,116551.56,116518.97,116523.20,360,63,0
2026.02.09 17:48:00,116534.25,116545.02,116534.25,116545.02,360,63,0
2026.02.09 17:42:00,116523.45,116534.22,116523.45,116534.22,360,63,0
2026.02.09 17:36:00,116512.65,116523.42,116512.65,116523.42,360,63,0
2026.02.09 17:30:00,116501.85,116512.62,116501.85,116512.62,360,63,0
2026.02.09 17:24:00,116491.05,116501.82,116491.05,116501.82,360,63,0
2026.02.09 17:18:00,116480.25,116491.02,116480.25,116491.02,360,63,0
2026.02.09 17:12:00,116469.45,116480.22,116469.45,116480.22,360,63,0
2026.02.09 17:06:00,116458.65,116469.42,116458.65,116469.42,360,63,0
2026.02.09 17:00:00,116447.85,116458.62,116447.85,116458.62,360,63,0
2026.02.09 16:54:00,116437.05,116447.82,116437.05,116447.82,360,63,0
2026.02.09 16:48:00,116488.64,116494.16,116436.21,116437.02,360,63,0
2026.02.09 16:42:00,116477.84,116488.61,116477.84,116488.61,360,63,0
2026.02.09 16:36:00,116467.04,116477.81,116467.04,116477.81,360,63,0
2026.02.09 16:30:00,116456.24,116467.01,116456.24,116467.01,360,63,0
2026.02.09 16:24:00,116445.44,116456.21,116445.44,116456.21,360,63,0
2026.02.09 16:18:00,116434.64,116445.41,116434.64,116445.41,360,63,0
2026.02.09 16:12:00,116423.84,116434.61,116423.84,116434.61,360,63,0
2026.02.09 16:06:00,116436.74,116440.85,116417.18,116423.81,360,63,0
2026.02.09 16:00:00,116425.94,116436.71,116425.94,116436.71,360,63,0
2026.02.09 15:54:00,116415.14,116425.91,116415.14,116425.91,360,63,0
2026.02.09 15:48:00,116404.34,116415.11,116404.34,116415.11,360,63,0
2026.02.09 15:42:00,116393.54,116404.31,116393.54,116404.31,360,63,0
2026.02.09 15:36:00,116405.73,116413.26,116390.30,116393.51,360,63,0
2026.02.09 15:30:00,116429.33,116432.93,116398.56,116405.70,360,63,0
2026.02.09 15:24:00,116418.53,116429.30,116418.53,116429.30,360,63,0
2026.02.09 15:18:00,116425.95,116430.42,116412.23,116418.50,360,63,0
2026.02.09 15:12:00,116479.87,116486.56,116421.90,116425.92,360,63,0
2026.02.09 15:06:00,116469.07,116479.84,116469.07,116479.84,360,63,0
2026.02.09 15:00:00,116476.17,116481.33,116463.46,116469.04,360,63,0
2026.02.09 14:54:00,116465.37,116476.14,116465.37,116476.14,360,63,0
2026.02.09 14:48:00,116471.01,116480.85,116464.44,116465.34,360,63,0
2026.02.09 14:42:00,116460.24,116470.98,116460.24,116470.98,359,63,0
2026.02.09 14:36:00,116449.44,116460.21,116449.44,116460.21,360,63,0
2026.02.09 14:30:00,116482.64,116486.51,116448.78,116449.41,360,63,0
2026.02.09 14:24:00,116471.84,116482.61,116471.84,116482.61,360,63,0
2026.02.09 14:18:00,116461.04,116471.81,116461.04,116471.81,360,63,0
2026.02.09 14:12:00,116473.31,116479.67,116456.63,116461.01,360,63,0
2026.02.09 14:06:00,116487.22,116492.47,116467.79,116473.28,360,63,0
2026.02.09 14:00:00,116476.42,116487.19,116476.42,116487.19,360,63,0
2026.02.09 13:54:00,116529.63,116529.99,116475.82,116476.39,360,63,0
2026.02.09 13:48:00,116562.17,116563.97,116524.05,116529.60,360,63,0
2026.02.09 13:42:00,116571.32,116575.82,116555.90,116562.14,360,63,0
2026.02.09 13:36:00,116560.52,116571.29,116560.52,116571.29,360,63,0
2026.02.09 13:30:00,116549.72,116560.49,116549.72,116560.49,360,63,0
2026.02.09 13:24:00,116538.92,116549.69,116538.92,116549.69,360,63,0
2026.02.09 13:18:00,116528.12,116538.89,116528.12,116538.89,360,63,0
2026.02.09 13:12:00,116517.32,116528.09,116517.32,116528.09,360,63,0
2026.02.09 13:06:00,116506.52,116517.29,116506.52,116517.29,360,63,0
2026.02.09 13:00:00,116495.72,116506.49,116495.72,116506.49,360,63,0
2026.02.09 12:54:00,116484.92,116495.69,116484.92,116495.69,360,63,0
2026.02.09 12:48:00,116474.12,116484.89,116474.12,116484.89,360,63,0
2026.02.09 12:42:00,116463.32,116474.09,116463.32,116474.09,360,63,0
2026.02.09 12:36:00,116452.52,116463.29,116452.52,116463.29,360,63,0
2026.02.09 12:30:00,116464.54,116469.79,116447.00,116452.49,360,63,0
2026.02.09 12:24:00,116453.74,116464.51,116453.74,116464.51,360,63,0
2026.02.09 12:18:00,116442.97,116453.71,116442.97,116453.71,359,63,0
2026.02.09 12:12:00,116469.32,116470.61,116433.49,116442.94,360,63,0
2026.02.09 12:06:00,116458.52,116469.29,116458.52,116469.29,360,63,0
2026.02.09 12:00:00,116447.72,116458.49,116447.72,116458.49,360,63,0
2026.02.09 11:54:00,116454.74,116461.97,116444.18,116447.69,360,63,0
2026.02.09 11:48:00,116443.94,116454.71,116443.94,116454.71,360,63,0
2026.02.09 11:42:00,116433.14,116443.91,116433.14,116443.91,360,63,0
2026.02.09 11:36:00,116422.34,116433.11,116422.34,116433.11,360,63,0
2026.02.09 11:30:00,116411.54,116422.31,116411.54,116422.31,360,63,0
2026.02.09 11:24:00,116400.74,116411.51,116400.74,116411.51,360,63,0
2026.02.09 11:18:00,116389.94,116400.71,116389.94,116400.71,360,63,0
2026.02.09 11:12:00,116379.14,116389.91,116379.14,116389.91,360,63,0
2026.02.09 11:06:00,116368.34,116379.11,116368.34,116379.11,360,63,0
2026.02.09 11:00:00,116357.54,116368.31,116357.54,116368.31,360,63,0
2026.02.09 10:54:00,116346.74,116357.51,116346.74,116357.51,360,63,0
2026.02.09 10:48:00,116352.44,116363.09,116346.62,116346.71,360,63,0
2026.02.09 10:42:00,116341.64,116352.41,116341.64,116352.41,360,63,0
2026.02.09 10:36:00,116330.84,116341.61,116330.84,116341.61,360,63,0
2026.02.09 10:30:00,116320.04,116330.81,116320.04,116330.81,360,63,0
2026.02.09 10:24:00,116344.28,116353.28,116318.27,116320.01,360,63,0
2026.02.09 10:18:00,116379.62,116381.72,116338.76,116344.25,360,63,0
2026.02.09 10:12:00,116368.82,116379.59,116368.82,116379.59,360,63,0
2026.02.09 10:06:00,116382.02,116392.28,116368.31,116368.79,360,63,0
2026.02.09 10:00:00,116371.22,116381.99,116371.22,116381.99,360,63,0
2026.02.09 09:54:00,116380.51,116381.17,116361.11,116371.19,360,63,0
2026.02.09 09:48:00,116392.31,116400.29,116377.72,116380.48,360,63,0
2026.02.09 09:42:00,116381.51,116392.28,116381.51,116392.28,360,63,0
2026.02.09 09:36:00,116390.43,116391.57,116371.88,116381.48,360,63,0
2026.02.09 09:30:00,116379.63,116390.40,116379.63,116390.40,360,63,0
2026.02.09 09:24:00,116405.13,116414.31,116378.04,116379.60,360,63,0
2026.02.09 09:18:00,116411.20,116421.40,116404.56,116405.10,360,63,0
2026.02.09 09:12:00,116400.40,116411.17,116400.40,116411.17,360,63,0
2026.02.09 09:06:00,116389.60,116400.37,116389.60,116400.37,360,63,0
2026.02.09 09:00:00,116410.50,116420.73,116389.06,116389.57,360,63,0
2026.02.09 08:54:00,116399.70,116410.47,116399.70,116410.47,360,63,0
2026.02.09 08:48:00,116388.90,116399.67,116388.90,116399.67,360,63,0
2026.02.09 08:42:00,116378.10,116388.87,116378.10,116388.87,360,63,0
2026.02.09 08:36:00,116380.79,116390.78,116377.32,116378.07,360,63,0
2026.02.09 08:30:00,116369.99,116380.76,116369.99,116380.76,360,63,0
2026.02.09 08:24:00,116359.19,116369.96,116359.19,116369.96,360,63,0
2026.02.09 08:18:00,116376.68,116386.70,116358.44,116359.16,360,63,0
2026.02.09 08:12:00,116380.20,116388.09,116373.80,116376.65,360,63,0
2026.02.09 08:06:00,116400.73,116409.76,116378.46,116380.17,360,63,0
2026.02.09 08:00:00,116389.93,116400.70,116389.93,116400.70,360,63,0
2026.02.09 07:54:00,116413.96,116414.23,116383.39,116389.90,360,63,0
2026.02.09 07:48:00,116417.33,116426.18,116412.04,116413.93,360,63,0
2026.02.09 07:42:00,116406.53,116417.30,116406.53,116417.30,360,63,0
2026.02.09 07:36:00,116395.73,116406.50,116395.73,116406.50,360,63,0
2026.02.09 07:30:00,116384.93,116395.70,116384.93,116395.70,360,63,0
2026.02.09 07:24:00,116374.13,116384.90,116374.13,116384.90,360,63,0
2026.02.09 07:18:00,116363.33,116374.10,116363.33,116374.10,360,63,0
2026.02.09 07:12:00,116366.78,116372.21,116357.99,116363.30,360,63,0
2026.02.09 07:06:00,116355.98,116366.75,116355.98,116366.75,360,63,0
2026.02.09 07:00:00,116345.18,116355.95,116345.18,116355.95,360,63,0
2026.02.09 06:54:00,116334.38,116345.15,116334.38,116345.15,360,63,0
2026.02.09 06:48:00,116323.58,116334.35,116323.58,116334.35,360,63,0
2026.02.09 06:42:00,116312.78,116323.55,116312.78,116323.55,360,63,0
2026.02.09 06:36:00,116301.98,116312.75,116301.98,116312.75,360,63,0
2026.02.09 06:30:00,116317.52,116327.06,116300.75,116301.95,360,63,0
2026.02.09 06:24:00,116306.72,116317.49,116306.72,116317.49,360,63,0
2026.02.09 06:18:00,116295.92,116306.69,116295.92,116306.69,360,63,0
2026.02.09 06:12:00,116285.12,116295.89,116285.12,116295.89,360,63,0
2026.02.09 06:06:00,116274.32,116285.09,116274.32,116285.09,360,63,0
2026.02.09 06:00:00,116263.52,116274.29,116263.52,116274.29,360,63,0
2026.02.09 05:54:00,116252.72,116263.49,116252.72,116263.49,360,63,0
2026.02.09 05:48:00,116293.67,116303.57,116252.24,116252.69,360,63,0
2026.02.09 05:42:00,116282.87,116293.64,116282.87,116293.64,360,63,0
2026.02.09 05:36:00,116339.18,116341.25,116275.64,116282.84,360,63,0
2026.02.09 05:30:00,116328.38,116339.15,116328.38,116339.15,360,63,0
2026.02.09 05:24:00,116317.58,116328.35,116317.58,116328.35,360,63,0
2026.02.09 05:18:00,116306.78,116317.55,116306.78,116317.55,360,63,0
2026.02.09 05:12:00,116324.00,116334.41,116306.42,116306.75,360,63,0
2026.02.09 05:06:00,116335.96,116345.20,116322.47,116323.97,360,63,0
2026.02.09 05:00:00,116370.46,116371.36,116326.09,116335.93,360,63,0
2026.02.09 04:54:00,116359.66,116370.43,116359.66,116370.43,360,63,0
2026.02.09 04:48:00,116348.86,116359.63,116348.86,116359.63,360,63,0
2026.02.09 04:42:00,116338.06,116348.83,116338.06,116348.83,360,63,0
2026.02.09 04:36:00,116425.79,116428.85,116333.29,116338.03,360,63,0
2026.02.09 04:30:00,116414.99,116425.76,116414.99,116425.76,360,63,0
2026.02.09 04:24:00,116404.19,116414.96,116404.19,116414.96,360,63,0
2026.02.09 04:18:00,116420.34,116425.59,116398.67,116404.16,360,63,0
2026.02.09 04:12:00,116421.90,116427.24,116414.91,116420.31,360,63,0
2026.02.09 04:06:00,116411.10,116421.87,116411.10,116421.87,360,63,0
2026.02.09 04:00:00,116400.30,116411.07,116400.30,116411.07,360,63,0
2026.02.09 03:54:00,116389.50,116400.27,116389.50,116400.27,360,63,0
2026.02.09 03:48:00,116378.70,116389.47,116378.70,116389.47,360,63,0
2026.02.09 03:42:00,116367.90,116378.67,116367.90,116378.67,360,63,0
2026.02.09 03:36:00,116405.63,116414.81,116366.31,116367.87,360,63,0
2026.02.09 03:30:00,116394.83,116405.60,116394.83,116405.60,360,63,0
2026.02.09 03:24:00,116384.03,116394.80,116384.03,116394.80,360,63,0
2026.02.09 03:18:00,116386.95,116396.52,116382.83,116384.00,360,63,0
2026.02.09 03:12:00,116376.15,116386.92,116376.15,116386.92,360,63,0
2026.02.09 03:06:00,116397.98,116400.98,116368.38,116376.12,360,63,0
2026.02.09 03:00:00,116421.84,116426.40,116391.77,116397.95,360,63,0
2026.02.09 02:54:00,116411.04,116421.81,116411.04,116421.81,360,63,0
2026.02.09 02:48:00,116400.24,116411.01,116400.24,116411.01,360,63,0
2026.02.09 02:42:00,116389.44,116400.21,116389.44,116400.21,360,63,0
2026.02.09 02:36:00,116378.64,116389.41,116378.64,116389.41,360,63,0
2026.02.09 02:30:00,116394.26,116402.75,116376.36,116378.61,360,63,0
2026.02.09 02:24:00,116383.46,116394.23,116383.46,116394.23,360,63,0
2026.02.09 02:18:00,116372.66,116383.43,116372.66,116383.43,360,63,0
2026.02.09 02:12:00,116361.86,116372.63,116361.86,116372.63,360,63,0
2026.02.09 02:06:00,116366.72,116372.66,116357.03,116361.83,360,63,0
2026.02.09 02:00:00,116355.92,116366.69,116355.92,116366.69,360,63,0
2026.02.09 01:54:00,116371.17,116374.35,116348.33,116355.89,360,63,0
2026.02.09 01:48:00,116407.31,116412.65,116368.80,116371.14,360,63,0
2026.02.09 01:42:00,116433.51,116439.78,116402.81,116407.28,360,63,0
2026.02.09 01:36:00,116465.68,116467.33,116424.39,116433.48,360,63,0
2026.02.09 01:30:00,116454.88,116465.65,116454.88,116465.65,360,63,0
2026.02.09 01:24:00,116456.62,116464.75,116452.24,116454.85,360,63,0
2026.02.09 01:18:00,116445.82,116456.59,116445.82,116456.59,360,63,0
2026.02.09 01:12:00,116435.02,116445.79,116435.02,116445.79,360,63,0
2026.02.09 01:06:00,116424.22,116434.99,116424.22,116434.99,360,63,0
2026.02.09 01:00:00,116413.42,116424.19,116413.42,116424.19,360,63,0
2026.02.09 00:54:00,116402.62,116413.39,116402.62,116413.39,360,63,0
2026.02.09 00:48:00,116391.82,116402.59,116391.82,116402.59,360,63,0
2026.02.09 00:42:00,116381.02,116391.79,116381.02,116391.79,360,63,0
2026.02.09 00:36:00,116370.22,116380.99,116370.22,116380.99,360,63,0
2026.02.09 00:30:00,116359.42,116370.19,116359.42,116370.19,360,63,0
2026.02.09 00:24:00,116368.29,116371.05,116351.41,116359.39,360,63,0
2026.02.09 00:18:00,116357.49,116368.26,116357.49,116368.26,360,63,0
2026.02.09 00:12:00,116346.69,116357.46,116346.69,116357.46,360,63,0
2026.02.09 00:06:00,116335.89,116346.66,116335.89,116346.66,360,63,0
2026.02.09 00:00:00,116325.09,116335.86,116325.09,116335.86,360,63,0
2026.02.08 23:54:00,116314.29,116325.06,116314.29,116325.06,360,63,0
2026.02.08 23:48:00,116303.49,116314.26,116303.49,116314.26,360,63,0
2026.02.08 23:42:00,116292.69,116303.46,116292.69,116303.46,360,63,0
2026.02.08 23:36:00,116335.99,116337.91,116284.17,116292.66,360,63,0
2026.02.08 23:30:00,116347.93,116348.53,116325.82,116335.96,360,63,0
2026.02.08 23:24:00,116337.13,116347.90,116337.13,116347.90,360,63,0
2026.02.08 23:18:00,116416.92,116421.00,116334.31,116337.10,360,63,0
2026.02.08 23:12:00,116406.12,116416.89,116406.12,116416.89,360,63,0
2026.02.08 23:06:00,116431.88,116432.93,116396.40,116406.09,360,63,0
2026.02.08 23:00:00,116421.08,116431.85,116421.08,116431.85,360,63,0
2026.02.08 22:54:00,116410.28,116421.05,116410.28,116421.05,360,63,0
2026.02.08 22:48:00,116399.48,116410.25,116399.48,116410.25,360,63,0
2026.02.08 22:42:00,116388.68,116399.45,116388.68,116399.45,360,63,0
2026.02.08 22:36:00,116393.79,116396.70,116380.82,116388.65,360,63,0
2026.02.08 22:30:00,116382.99,116393.76,116382.99,116393.76,360,63,0
2026.02.08 22:24:00,116372.19,116382.96,116372.19,116382.96,360,63,0
2026.02.08 22:18:00,116381.17,116381.29,116361.54,116372.16,360,63,0
2026.02.08 22:12:00,116370.37,116381.14,116370.37,116381.14,360,63,0
2026.02.08 22:06:00,116359.57,116370.34,116359.57,116370.34,360,63,0
2026.02.08 22:00:00,116363.35,116368.15,116353.60,116359.54,360,63,0
2026.02.08 21:54:00,116352.55,116363.32,116352.55,116363.32,360,63,0
2026.02.08 21:48:00,116341.75,116352.52,116341.75,116352.52,360,63,0
2026.02.08 21:42:00,116330.95,116341.72,116330.95,116341.72,360,63,0
2026.02.08 21:36:00,116320.15,116330.92,116320.15,116330.92,360,63,0
2026.02.08 21:30:00,116309.35,116320.12,116309.35,116320.12,360,63,0
2026.02.08 21:24:00,116321.23,116323.36,116300.71,116309.32,360,63,0
2026.02.08 21:18:00,116310.43,116321.20,116310.43,116321.20,360,63,0
2026.02.08 21:12:00,116299.63,116310.40,116299.63,116310.40,360,63,0
2026.02.08 21:06:00,116288.83,116299.60,116288.83,116299.60,360,63,0
2026.02.08 21:00:00,116278.03,116288.80,116278.03,116288.80,360,63,0
2026.02.08 20:54:00,116267.23,116278.00,116267.23,116278.00,360,63,0
2026.02.08 20:48:00,116256.43,116267.20,116256.43,116267.20,360,63,0
2026.02.08 20:42:00,116245.63,116256.40,116245.63,116256.40,360,63,0
2026.02.08 20:36:00,116234.83,116245.60,116234.83,116245.60,360,63,0
2026.02.08 20:30:00,116224.03,116234.80,116224.03,116234.80,360,63,0
2026.02.08 20:24:00,116213.23,116224.00,116213.23,116224.00,360,63,0
2026.02.08 20:18:00,116237.63,116242.25,116207.08,116213.20,360,63,0
2026.02.08 20:12:00,116226.83,116237.60,116226.83,116237.60,360,63,0
2026.02.08 20:06:00,116261.03,116266.73,116225.18,116226.80,360,63,0
2026.02.08 20:00:00,116250.23,116261.00,116250.23,116261.00,360,63,0
2026.02.08 19:54:00,116239.43,116250.20,116239.43,116250.20,360,63,0
2026.02.08 19:48:00,116243.46,116252.97,116238.17,116239.40,360,63,0
2026.02.08 19:42:00,116248.75,116250.40,116234.34,116243.43,360,63,0
2026.02.08 19:36:00,116237.95,116248.72,116237.95,116248.72,360,63,0
2026.02.08 19:30:00,116277.75,116284.56,116235.73,116237.92,360,63,0
2026.02.08 19:24:00,116266.95,116277.72,116266.95,116277.72,360,63,0
2026.02.08 19:18:00,116256.15,116266.92,116256.15,116266.92,360,63,0
2026.02.08 19:12:00,116245.35,116256.12,116245.35,116256.12,360,63,0
2026.02.08 19:06:00,116234.55,116245.32,116234.55,116245.32,360,63,0
2026.02.08 19:00:00,116240.23,116241.55,116225.10,116234.52,360,63,0
2026.02.08 18:54:00,116229.43,116240.20,116229.43,116240.20,344,63,0
2026.02.08 18:48:00,116218.63,116229.40,116218.63,116229.40,360,63,0
2026.02.08 18:42:00,116207.83,116218.60,116207.83,116218.60,360,63,0
2026.02.08 18:36:00,116197.03,116207.80,116197.03,116207.80,360,63,0
2026.02.08 18:30:00,116186.23,116197.00,116186.23,116197.00,360,63,0
2026.02.08 18:24:00,116175.43,116186.20,116175.43,116186.20,360,63,0
2026.02.08 18:18:00,116164.63,116175.40,116164.63,116175.40,360,63,0
2026.02.08 18:12:00,116213.55,116213.58,116159.83,116164.60,360,63,0
2026.02.08 18:06:00,116202.75,116213.52,116202.75,116213.52,360,63,0
2026.02.08 18:00:00,116246.02,116246.11,116199.39,116202.72,360,63,0
2026.02.08 17:54:00,116235.22,116245.99,116235.22,116245.99,360,63,0
2026.02.08 17:48:00,116224.42,116235.19,116224.42,116235.19,360,63,0
2026.02.08 17:42:00,116277.96,116279.46,116218.45,116224.39,360,63,0
2026.02.08 17:36:00,116267.16,116277.93,116267.16,116277.93,360,63,0
2026.02.08 17:30:00,116256.36,116267.13,116256.36,116267.13,360,63,0
2026.02.08 17:24:00,116258.00,116258.51,116246.10,116256.33,360,63,0
2026.02.08 17:18:00,116247.20,116257.97,116247.20,116257.97,360,63,0
2026.02.08 17:12:00,116251.01,116260.76,116246.18,116247.17,360,63,0
2026.02.08 17:06:00,116261.04,116268.06,116247.26,116250.98,360,63,0
2026.02.08 17:00:00,116250.24,116261.01,116250.24,116261.01,360,63,0
2026.02.08 16:54:00,116239.44,116250.21,116239.44,116250.21,360,63,0
2026.02.08 16:48:00,116228.64,116239.41,116228.64,116239.41,360,63,0
2026.02.08 16:42:00,116217.84,116228.61,116217.84,116228.61,360,63,0
2026.02.08 16:36:00,116225.48,116234.90,116216.49,116217.81,360,63,0
2026.02.08 16:30:00,116214.68,116225.45,116214.68,116225.45,360,63,0
2026.02.08 16:24:00,116222.20,116232.10,116213.81,116214.65,360,63,0
2026.02.08 16:18:00,116211.40,116222.17,116211.40,116222.17,360,63,0
2026.02.08 16:12:00,116229.68,116239.46,116210.41,116211.37,360,63,0
2026.02.08 16:06:00,116218.88,116229.65,116218.88,116229.65,360,63,0
2026.02.08 16:00:00,116224.70,116231.39,116214.80,116218.85,360,63,0
2026.02.08 15:54:00,116228.86,116229.10,116214.17,116224.67,360,63,0
2026.02.08 15:48:00,116218.06,116228.83,116218.06,116228.83,360,63,0
2026.02.08 15:42:00,116240.37,116246.88,116217.40,116218.03,360,63,0
2026.02.08 15:36:00,116229.57,116240.34,116229.57,116240.34,360,63,0
2026.02.08 15:30:00,116218.77,116229.54,116218.77,116229.54,360,63,0
2026.02.08 15:24:00,116234.79,116235.78,116208.99,116218.74,360,63,0
2026.02.08 15:18:00,116248.40,116251.79,116227.41,116234.76,360,63,0
2026.02.08 15:12:00,116237.60,116248.37,116237.60,116248.37,360,63,0
2026.02.08 15:06:00,116226.80,116237.57,116226.80,116237.57,360,63,0
2026.02.08 15:00:00,116216.00,116226.77,116216.00,116226.77,360,63,0
2026.02.08 14:54:00,116240.04,116240.49,116211.05,116215.97,360,63,0
2026.02.08 14:48:00,116313.26,116321.03,116237.40,116240.01,360,63,0
2026.02.08 14:42:00,116302.46,116313.23,116302.46,116313.23,360,63,0
2026.02.08 14:36:00,116291.66,116302.43,116291.66,116302.43,360,63,0
2026.02.08 14:30:00,116280.86,116291.63,116280.86,116291.63,360,63,0
2026.02.08 14:24:00,116270.06,116280.83,116270.06,116280.83,360,63,0
2026.02.08 14:18:00,116259.26,116270.03,116259.26,116270.03,360,63,0
2026.02.08 14:12:00,116266.55,116266.94,116248.88,116259.23,360,63,0
2026.02.08 14:06:00,116255.75,116266.52,116255.75,116266.52,360,63,0
2026.02.08 14:00:00,116244.95,116255.72,116244.95,116255.72,360,63,0
2026.02.08 13:54:00,116267.96,116273.24,116239.46,116244.92,360,63,0
2026.02.08 13:48:00,116257.16,116267.93,116257.16,116267.93,360,63,0
2026.02.08 13:42:00,116246.36,116257.13,116246.36,116257.13,360,63,0
2026.02.08 13:36:00,116235.56,116246.33,116235.56,116246.33,360,63,0
2026.02.08 13:30:00,116224.76,116235.53,116224.76,116235.53,360,63,0
2026.02.08 13:24:00,116229.94,116238.31,116222.36,116224.73,360,63,0
2026.02.08 13:18:00,116219.14,116229.91,116219.14,116229.91,360,63,0
2026.02.08 13:12:00,116225.90,116229.35,116211.82,116219.11,360,63,0
2026.02.08 13:06:00,116215.10,116225.87,116215.10,116225.87,360,63,0
2026.02.08 13:00:00,116226.10,116231.17,116209.40,116215.07,360,63,0
2026.02.08 12:54:00,116235.70,116244.22,116223.85,116226.07,360,63,0
2026.02.08 12:48:00,116283.10,116283.19,116228.65,116235.67,360,63,0
2026.02.08 12:42:00,116272.30,116283.07,116272.30,116283.07,360,63,0
2026.02.08 12:36:00,116261.50,116272.27,116261.50,116272.27,360,63,0
2026.02.08 12:30:00,116274.57,116276.19,116252.35,116261.47,360,63,0
2026.02.08 12:24:00,116301.57,116304.33,116272.35,116274.54,360,63,0
2026.02.08 12:18:00,116290.77,116301.54,116290.77,116301.54,360,63,0
2026.02.08 12:12:00,116279.97,116290.74,116279.97,116290.74,360,63,0
2026.02.08 12:06:00,116269.17,116279.94,116269.17,116279.94,360,63,0
2026.02.08 12:00:00,116277.66,116282.10,116262.84,116269.14,360,63,0
2026.02.08 11:54:00,116266.86,116277.63,116266.86,116277.63,360,63,0
2026.02.08 11:48:00,116293.61,116296.94,116263.74,116266.83,360,63,0
2026.02.08 11:42:00,116282.81,116293.58,116282.81,116293.58,360,63,0
2026.02.08 11:36:00,116272.01,116282.78,116272.01,116282.78,360,63,0
2026.02.08 11:30:00,116261.21,116271.98,116261.21,116271.98,360,63,0
2026.02.08 11:24:00,116250.41,116261.18,116250.41,116261.18,360,63,0
2026.02.08 11:18:00,116264.20,116270.74,116246.18,116250.38,360,63,0
2026.02.08 11:12:00,116253.40,116264.17,116253.40,116264.17,360,63,0
2026.02.08 11:06:00,116255.61,116264.01,116251.03,116253.37,360,63,0
2026.02.08 11:00:00,116264.46,116271.54,116251.92,116255.58,360,63,0
2026.02.08 10:54:00,116282.52,116290.53,116261.70,116264.43,360,63,0
2026.02.08 10:48:00,116285.30,116292.59,116279.04,116282.49,360,63,0
2026.02.08 10:42:00,116274.50,116285.27,116274.50,116285.27,360,63,0
2026.02.08 10:36:00,116263.70,116274.47,116263.70,116274.47,360,63,0
2026.02.08 10:30:00,116252.90,116263.67,116252.90,116263.67,360,63,0
2026.02.08 10:24:00,116242.10,116252.87,116242.10,116252.87,360,63,0
2026.02.08 10:18:00,116231.30,116242.07,116231.30,116242.07,360,63,0
2026.02.08 10:12:00,116240.18,116242.88,116223.23,116231.27,360,63,0
2026.02.08 10:06:00,116229.38,116240.15,116229.38,116240.15,360,63,0
2026.02.08 10:00:00,116218.58,116229.35,116218.58,116229.35,360,63,0
2026.02.08 09:54:00,116207.78,116218.55,116207.78,116218.55,360,63,0
2026.02.08 09:48:00,116196.98,116207.75,116196.98,116207.75,360,63,0
2026.02.08 09:42:00,116215.39,116217.55,116188.37,116196.95,360,63,0
2026.02.08 09:36:00,116235.73,116244.10,116212.99,116215.36,360,63,0
2026.02.08 09:30:00,116248.90,116252.68,116228.74,116235.70,360,63,0
2026.02.08 09:24:00,116238.10,116248.87,116238.10,116248.87,360,63,0
2026.02.08 09:18:00,116227.30,116238.07,116227.30,116238.07,360,63,0
2026.02.08 09:12:00,116216.50,116227.27,116216.50,116227.27,360,63,0
2026.02.08 09:06:00,116229.73,116234.23,116210.23,116216.47,360,63,0
2026.02.08 09:00:00,116218.93,116229.70,116218.93,116229.70,360,63,0
2026.02.08 08:54:00,116208.13,116218.90,116208.13,116218.90,360,63,0
2026.02.08 08:48:00,116197.33,116208.10,116197.33,116208.10,360,63,0
2026.02.08 08:42:00,116256.33,116260.77,116195.05,116197.30,360,63,0
2026.02.08 08:36:00,116259.69,116269.80,116255.67,116256.30,360,63,0
2026.02.08 08:30:00,116248.89,116259.66,116248.89,116259.66,360,63,0
2026.02.08 08:24:00,116238.09,116248.86,116238.09,116248.86,360,63,0
2026.02.08 08:18:00,116242.60,116243.44,116228.16,116238.06,360,63,0
2026.02.08 08:12:00,116231.80,116242.57,116231.80,116242.57,360,63,0
2026.02.08 08:06:00,116264.09,116268.98,116227.75,116231.77,360,63,0
2026.02.08 08:00:00,116279.25,116281.62,116255.69,116264.06,295,63,0
2026.02.08 07:54:00,116268.45,116279.22,116268.45,116279.22,360,63,0
2026.02.08 07:48:00,116257.65,116268.42,116257.65,116268.42,360,63,0
2026.02.08 07:42:00,116246.85,116257.62,116246.85,116257.62,360,63,0
2026.02.08 07:36:00,116236.05,116246.82,116236.05,116246.82,360,63,0
2026.02.08 07:30:00,116225.25,116236.02,116225.25,116236.02,360,63,0
2026.02.08 07:24:00,116214.45,116225.22,116214.45,116225.22,360,63,0
2026.02.08 07:18:00,116203.65,116214.42,116203.65,116214.42,360,63,0
2026.02.08 07:12:00,116192.85,116203.62,116192.85,116203.62,360,63,0
2026.02.08 07:06:00,116182.05,116192.82,116182.05,116192.82,360,63,0
2026.02.08 07:00:00,116171.25,116182.02,116171.25,116182.02,360,63,0
2026.02.08 06:48:00,116195.69,116196.65,116168.64,116171.22,120,63,0
2026.02.08 06:42:00,116218.54,116219.50,116185.88,116195.66,360,63,0
2026.02.08 06:36:00,116207.74,116218.51,116207.74,116218.51,360,63,0
2026.02.08 06:30:00,116196.94,116207.71,116196.94,116207.71,360,63,0
2026.02.08 06:24:00,116186.14,116196.91,116186.14,116196.91,360,63,0
2026.02.08 06:18:00,116213.92,116220.28,116181.73,116186.11,360,63,0
2026.02.08 06:12:00,116222.63,116231.60,116212.12,116213.89,360,63,0
2026.02.08 06:06:00,116211.83,116222.60,116211.83,116222.60,360,63,0
2026.02.08 06:00:00,116201.03,116211.80,116201.03,116211.80,360,63,0
2026.02.08 05:54:00,116190.23,116201.00,116190.23,116201.00,360,63,0
2026.02.08 05:48:00,116197.35,116198.64,116180.75,116190.20,360,63,0
2026.02.08 05:42:00,116202.43,116208.61,116192.76,116197.32,360,63,0
2026.02.08 05:36:00,116219.71,116229.07,116201.02,116202.40,360,63,0
2026.02.08 05:30:00,116208.91,116219.68,116208.91,116219.68,360,63,0
2026.02.08 05:24:00,116198.11,116208.88,116198.11,116208.88,360,63,0
2026.02.08 05:18:00,116256.86,116257.52,116191.75,116198.08,360,63,0
2026.02.08 05:12:00,116246.06,116256.83,116246.06,116256.83,360,63,0
2026.02.08 05:06:00,116235.26,116246.03,116235.26,116246.03,360,63,0
2026.02.08 05:00:00,116224.46,116235.23,116224.46,116235.23,360,63,0
2026.02.08 04:54:00,116213.66,116224.43,116213.66,116224.43,360,63,0
2026.02.08 04:48:00,116202.86,116213.63,116202.86,116213.63,360,63,0
2026.02.08 04:42:00,116209.24,116218.84,116201.69,116202.83,360,63,0
2026.02.08 04:36:00,116198.44,116209.21,116198.44,116209.21,360,63,0
2026.02.08 04:30:00,116187.64,116198.41,116187.64,116198.41,360,63,0
2026.02.08 04:24:00,116211.77,116221.64,116186.74,116187.61,360,63,0
2026.02.08 04:18:00,116215.71,116222.28,116207.57,116211.74,360,63,0
2026.02.08 04:12:00,116204.91,116215.68,116204.91,116215.68,360,63,0
2026.02.08 04:06:00,116208.77,116209.94,116195.31,116204.88,360,63,0
2026.02.08 04:00:00,116235.87,116236.77,116202.32,116208.74,360,63,0
2026.02.08 03:54:00,116225.07,116235.84,116225.07,116235.84,360,63,0
2026.02.08 03:48:00,116267.65,116269.24,116216.49,116225.04,360,63,0
2026.02.08 03:42:00,116256.85,116267.62,116256.85,116267.62,360,63,0
2026.02.08 03:36:00,116246.05,116256.82,116246.05,116256.82,360,63,0
2026.02.08 03:30:00,116235.25,116246.02,116235.25,116246.02,360,63,0
2026.02.08 03:24:00,116224.45,116235.22,116224.45,116235.22,360,63,0
2026.02.08 03:18:00,116213.65,116224.42,116213.65,116224.42,360,63,0
2026.02.08 03:12:00,116202.85,116213.62,116202.85,116213.62,360,63,0
2026.02.08 03:06:00,116218.60,116225.86,116199.34,116202.82,360,63,0
2026.02.08 03:00:00,116266.60,116267.50,116214.76,116218.57,360,63,0
2026.02.08 02:54:00,116255.80,116266.57,116255.80,116266.57,360,63,0
2026.02.08 02:48:00,116266.48,116267.32,116245.87,116255.77,360,63,0
2026.02.08 02:42:00,116255.68,116266.45,116255.68,116266.45,360,63,0
2026.02.08 02:36:00,116286.68,116292.83,116251.06,116255.65,360,63,0
2026.02.08 02:30:00,116295.86,116304.62,116284.67,116286.65,360,63,0
2026.02.08 02:24:00,116285.06,116295.83,116285.06,116295.83,360,63,0
2026.02.08 02:18:00,116274.26,116285.03,116274.26,116285.03,360,63,0
2026.02.08 02:12:00,116298.10,116301.76,116267.15,116274.23,360,63,0
2026.02.08 02:06:00,116287.30,116298.07,116287.30,116298.07,360,63,0
2026.02.08 02:00:00,116276.50,116287.27,116276.50,116287.27,360,63,0
2026.02.08 01:54:00,116265.70,116276.47,116265.70,116276.47,360,63,0
2026.02.08 01:48:00,116254.90,116265.67,116254.90,116265.67,360,63,0
2026.02.08 01:42:00,116263.90,116271.88,116252.11,116254.87,360,63,0
2026.02.08 01:36:00,116253.10,116263.87,116253.10,116263.87,360,63,0
2026.02.08 01:30:00,116265.94,116269.39,116245.78,116253.07,360,63,0
2026.02.08 01:24:00,116255.14,116265.91,116255.14,116265.91,360,63,0
2026.02.08 01:18:00,116244.34,116255.11,116244.34,116255.11,360,63,0
2026.02.08 01:12:00,116233.54,116244.31,116233.54,116244.31,360,63,0
2026.02.08 01:06:00,116222.74,116233.51,116222.74,116233.51,360,63,0
2026.02.08 01:00:00,116260.86,116262.12,116221.48,116222.71,360,63,0
2026.02.08 00:54:00,116250.06,116260.83,116250.06,116260.83,360,63,0
2026.02.08 00:48:00,116239.26,116250.03,116239.26,116250.03,360,63,0
2026.02.08 00:42:00,116255.05,116262.46,116235.90,116239.23,360,63,0
2026.02.08 00:36:00,116267.24,116268.02,116245.06,116255.02,360,63,0
2026.02.08 00:30:00,116298.98,116301.65,116261.93,116267.21,360,63,0
2026.02.08 00:24:00,116288.18,116298.95,116288.18,116298.95,360,63,0
2026.02.08 00:18:00,116294.39,116304.05,116287.07,116288.15,360,63,0
2026.02.08 00:12:00,116283.59,116294.36,116283.59,116294.36,360,63,0
2026.02.08 00:06:00,116272.79,116283.56,116272.79,116283.56,360,63,0
2026.02.08 00:00:00,116261.99,116272.76,116261.99,116272.76,360,63,0
2026.02.07 23:54:00,116269.99,116279.74,116260.97,116261.96,360,63,0
2026.02.07 23:48:00,116259.19,116269.96,116259.19,116269.96,360,63,0
2026.02.07 23:42:00,116248.39,116259.16,116248.39,116259.16,360,63,0
2026.02.07 23:36:00,116273.67,116280.00,116243.95,116248.36,360,63,0
2026.02.07 23:30:00,116294.05,116304.52,116273.37,116273.64,360,63,0
2026.02.07 23:24:00,116283.25,116294.02,116283.25,116294.02,360,63,0
2026.02.07 23:18:00,116272.45,116283.22,116272.45,116283.22,360,63,0
2026.02.07 23:12:00,116277.21,116278.14,116262.61,116272.42,360,63,0
2026.02.07 23:06:00,116290.51,116297.77,116273.70,116277.18,360,63,0
2026.02.07 23:00:00,116279.71,116290.48,116279.71,116290.48,360,63,0
2026.02.07 22:54:00,116306.57,116316.14,116278.51,116279.68,360,63,0
2026.02.07 22:48:00,116298.77,116306.54,116298.77,116306.54,261,63,0
2026.02.07 22:42:00,116287.97,116298.74,116287.97,116298.74,360,63,0
2026.02.07 22:36:00,116277.17,116287.94,116277.17,116287.94,360,63,0
2026.02.07 22:30:00,116346.03,116346.36,116274.50,116277.14,360,63,0
2026.02.07 22:24:00,116335.23,116346.00,116335.23,116346.00,360,63,0
2026.02.07 22:18:00,116324.43,116335.20,116324.43,116335.20,360,63,0
2026.02.07 22:12:00,116313.63,116324.40,116313.63,116324.40,360,63,0
2026.02.07 22:06:00,116302.83,116313.60,116302.83,116313.60,360,63,0
2026.02.07 22:00:00,116292.03,116302.80,116292.03,116302.80,360,63,0
2026.02.07 21:54:00,116281.23,116292.00,116281.23,116292.00,360,63,0
2026.02.07 21:48:00,116311.21,116311.75,116277.33,116281.20,360,63,0
2026.02.07 21:42:00,116324.45,116331.38,116307.37,116311.18,360,63,0
2026.02.07 21:36:00,116339.85,116345.94,116319.77,116324.42,360,63,0
2026.02.07 21:30:00,116329.05,116339.82,116329.05,116339.82,360,63,0
2026.02.07 21:24:00,116318.25,116329.02,116318.25,116329.02,360,63,0
2026.02.07 21:18:00,116336.49,116341.59,116312.58,116318.22,360,63,0
2026.02.07 21:12:00,116343.81,116347.41,116329.32,116336.46,360,63,0
2026.02.07 21:06:00,116333.01,116343.78,116333.01,116343.78,360,63,0
2026.02.07 21:00:00,116322.21,116332.98,116322.21,116332.98,360,63,0
2026.02.07 20:54:00,116348.68,116349.94,116313.63,116322.18,360,63,0
2026.02.07 20:48:00,116337.88,116348.65,116337.88,116348.65,360,63,0
2026.02.07 20:42:00,116363.82,116368.89,116332.18,116337.85,360,63,0
2026.02.07 20:36:00,116353.02,116363.79,116353.02,116363.79,360,63,0
2026.02.07 20:30:00,116342.22,116352.99,116342.22,116352.99,360,63,0
2026.02.07 20:24:00,116331.42,116342.19,116331.42,116342.19,360,63,0
2026.02.07 20:18:00,116320.62,116331.39,116320.62,116331.39,360,63,0
2026.02.07 20:12:00,116331.16,116341.03,116319.72,116320.59,360,63,0
2026.02.07 20:06:00,116343.22,116349.67,116326.84,116331.13,360,63,0
2026.02.07 20:00:00,116352.97,116360.71,116340.19,116343.19,360,63,0
2026.02.07 19:54:00,116342.17,116352.94,116342.17,116352.94,360,63,0
2026.02.07 19:48:00,116368.37,116375.81,116338.84,116342.14,360,63,0
2026.02.07 19:42:00,116357.57,116368.34,116357.57,116368.34,360,63,0
2026.02.07 19:36:00,116346.77,116357.54,116346.77,116357.54,360,63,0
2026.02.07 19:30:00,116335.97,116346.74,116335.97,116346.74,360,63,0
2026.02.07 19:24:00,116365.82,116367.74,116332.34,116335.94,360,63,0
2026.02.07 19:18:00,116378.36,116386.76,116363.45,116365.79,360,63,0
2026.02.07 19:12:00,116367.56,116378.33,116367.56,116378.33,360,63,0
2026.02.07 19:06:00,116356.76,116367.53,116356.76,116367.53,360,63,0
2026.02.07 19:00:00,116345.96,116356.73,116345.96,116356.73,360,63,0
2026.02.07 18:54:00,116362.18,116368.06,116341.07,116345.93,360,63,0
2026.02.07 18:48:00,116383.07,116385.38,116358.40,116362.15,360,63,0
2026.02.07 18:42:00,116386.80,116391.99,116377.49,116383.04,360,63,0
2026.02.07 18:36:00,116376.00,116386.77,116376.00,116386.77,360,63,0
2026.02.07 18:30:00,116365.20,116375.97,116365.20,116375.97,360,63,0
2026.02.07 18:24:00,116354.40,116365.17,116354.40,116365.17,360,63,0
2026.02.07 18:18:00,116377.41,116379.99,116346.33,116354.37,360,63,0
2026.02.07 18:12:00,116366.61,116377.38,116366.61,116377.38,360,63,0
2026.02.07 18:06:00,116355.81,116366.58,116355.81,116366.58,360,63,0
2026.02.07 18:00:00,116345.01,116355.78,116345.01,116355.78,360,63,0
2026.02.07 17:54:00,116334.21,116344.98,116334.21,116344.98,360,63,0
2026.02.07 17:48:00,116323.41,116334.18,116323.41,116334.18,360,63,0
2026.02.07 17:42:00,116329.01,116337.05,116320.68,116323.38,360,63,0
2026.02.07 17:36:00,116318.21,116328.98,116318.21,116328.98,360,63,0
2026.02.07 17:30:00,116339.86,116345.38,116312.96,116318.18,360,63,0
2026.02.07 17:24:00,116346.06,116354.34,116337.37,116339.83,360,63,0
2026.02.07 17:18:00,116335.26,116346.03,116335.26,116346.03,360,63,0
2026.02.07 17:12:00,116351.53,116354.05,116327.01,116335.23,360,63,0
2026.02.07 17:06:00,116398.79,116399.39,116349.01,116351.50,360,63,0
2026.02.07 17:00:00,116413.78,116414.50,116388.74,116398.76,360,63,0
2026.02.07 16:54:00,116402.98,116413.75,116402.98,116413.75,360,63,0
2026.02.07 16:48:00,116392.18,116402.95,116392.18,116402.95,360,63,0
2026.02.07 16:42:00,116381.38,116392.15,116381.38,116392.15,360,63,0
2026.02.07 16:36:00,116370.58,116381.35,116370.58,116381.35,360,63,0
2026.02.07 16:30:00,116402.04,116408.37,116366.14,116370.55,360,63,0
2026.02.07 16:24:00,116391.24,116402.01,116391.24,116402.01,360,63,0
2026.02.07 16:18:00,116380.44,116391.21,116380.44,116391.21,360,63,0
2026.02.07 16:12:00,116390.36,116396.21,116375.52,116380.41,360,63,0
2026.02.07 16:06:00,116410.78,116416.45,116385.26,116390.33,360,63,0
2026.02.07 16:00:00,116428.05,116432.76,116404.72,116410.75,360,63,0
2026.02.07 15:54:00,116417.25,116428.02,116417.25,116428.02,360,63,0
2026.02.07 15:48:00,116406.45,116417.22,116406.45,116417.22,360,63,0
2026.02.07 15:42:00,116395.65,116406.42,116395.65,116406.42,360,63,0
2026.02.07 15:36:00,116384.85,116395.62,116384.85,116395.62,360,63,0
2026.02.07 15:30:00,116387.78,116387.90,116374.20,116384.82,360,63,0
2026.02.07 15:24:00,116376.98,116387.75,116376.98,116387.75,360,63,0
2026.02.07 15:18:00,116424.68,116429.15,116375.39,116376.95,360,63,0
2026.02.07 15:12:00,116413.88,116424.65,116413.88,116424.65,360,63,0
2026.02.07 15:06:00,116416.79,116427.20,116413.52,116413.85,360,63,0
2026.02.07 15:00:00,116405.99,116416.76,116405.99,116416.76,360,63,0
2026.02.07 14:54:00,116395.19,116405.96,116395.19,116405.96,360,63,0
2026.02.07 14:48:00,116403.23,116408.63,116389.82,116395.16,360,63,0
2026.02.07 14:42:00,116451.62,116455.46,116400.71,116403.20,360,63,0
2026.02.07 14:36:00,116440.82,116451.59,116440.82,116451.59,360,63,0
2026.02.07 14:30:00,116430.02,116440.79,116430.02,116440.79,360,63,0
2026.02.07 14:24:00,116419.22,116429.99,116419.22,116429.99,360,63,0
2026.02.07 14:18:00,116408.42,116419.19,116408.42,116419.19,360,63,0
2026.02.07 14:12:00,116414.72,116421.26,116404.19,116408.39,360,63,0
2026.02.07 14:06:00,116403.92,116414.69,116403.92,116414.69,360,63,0
2026.02.07 14:00:00,116393.12,116403.89,116393.12,116403.89,360,63,0
2026.02.07 13:54:00,116382.32,116393.09,116382.32,116393.09,360,63,0
2026.02.07 13:48:00,116371.52,116382.29,116371.52,116382.29,360,63,0
2026.02.07 13:42:00,116412.15,116415.78,116366.63,116371.49,360,63,0
2026.02.07 13:36:00,116401.35,116412.12,116401.35,116412.12,360,63,0
2026.02.07 13:30:00,116390.55,116401.32,116390.55,116401.32,360,63,0
2026.02.07 13:24:00,116379.75,116390.52,116379.75,116390.52,360,63,0
2026.02.07 13:18:00,116368.95,116379.72,116368.95,116379.72,360,63,0
2026.02.07 13:12:00,116358.15,116368.92,116358.15,116368.92,360,63,0
2026.02.07 13:06:00,116360.78,116364.62,116351.22,116358.12,360,63,0
2026.02.07 13:00:00,116349.98,116360.75,116349.98,116360.75,360,63,0
2026.02.07 12:54:00,116339.18,116349.95,116339.18,116349.95,360,63,0
2026.02.07 12:48:00,116328.38,116339.15,116328.38,116339.15,360,63,0
2026.02.07 12:42:00,116317.58,116328.35,116317.58,116328.35,360,63,0
2026.02.07 12:36:00,116306.78,116317.55,116306.78,116317.55,360,63,0
2026.02.07 12:30:00,116295.98,116306.75,116295.98,116306.75,360,63,0
2026.02.07 12:24:00,116298.28,116309.02,116295.95,116295.95,360,63,0
2026.02.07 12:18:00,116287.48,116298.25,116287.48,116298.25,360,63,0
2026.02.07 12:12:00,116280.22,116287.45,116280.22,116287.45,243,63,0
2026.02.07 12:06:00,116305.64,116311.52,116279.92,116280.19,360,63,0
2026.02.07 12:00:00,116294.84,116305.61,116294.84,116305.61,360,63,0
2026.02.07 11:54:00,116284.04,116294.81,116284.04,116294.81,360,63,0
2026.02.07 11:48:00,116273.24,116284.01,116273.24,116284.01,360,63,0
2026.02.07 11:42:00,116290.22,116299.94,116272.19,116273.21,360,63,0
2026.02.07 11:36:00,116279.42,116290.19,116279.42,116290.19,360,63,0
2026.02.07 11:30:00,116293.45,116297.68,116272.88,116279.39,360,63,0
2026.02.07 11:24:00,116329.94,116331.20,116292.19,116293.42,360,63,0
2026.02.07 11:18:00,116332.61,116339.00,116325.56,116329.91,360,63,0
2026.02.07 11:12:00,116346.31,116351.92,116327.45,116332.58,360,63,0
2026.02.07 11:06:00,116335.51,116346.28,116335.51,116346.28,360,63,0
2026.02.07 11:00:00,116324.71,116335.48,116324.71,116335.48,360,63,0
2026.02.07 10:54:00,116328.67,116338.27,116323.54,116324.68,360,63,0
2026.02.07 10:48:00,116334.33,116340.81,116324.38,116328.64,360,63,0
2026.02.07 10:42:00,116323.53,116334.30,116323.53,116334.30,360,63,0
2026.02.07 10:36:00,116345.42,116350.82,116318.16,116323.50,360,63,0
2026.02.07 10:30:00,116334.62,116345.39,116334.62,116345.39,360,63,0
2026.02.07 10:24:00,116346.52,116354.95,116332.28,116334.59,360,63,0
2026.02.07 10:18:00,116335.72,116346.49,116335.72,116346.49,360,63,0
2026.02.07 10:12:00,116324.92,116335.69,116324.92,116335.69,360,63,0
2026.02.07 10:06:00,116314.12,116324.89,116314.12,116324.89,360,63,0
2026.02.07 10:00:00,116330.80,116337.94,116310.49,116314.09,360,63,0
2026.02.07 09:54:00,116320.00,116330.77,116320.00,116330.77,360,63,0
2026.02.07 09:48:00,116309.20,116319.97,116309.20,116319.97,360,63,0
2026.02.07 09:42:00,116336.46,116343.21,116308.51,116309.17,360,63,0
2026.02.07 09:36:00,116325.66,116336.43,116325.66,116336.43,360,63,0
2026.02.07 09:30:00,116314.86,116325.63,116314.86,116325.63,360,63,0
2026.02.07 09:24:00,116325.01,116325.46,116304.54,116314.83,360,63,0
2026.02.07 09:18:00,116314.21,116324.98,116314.21,116324.98,360,63,0
2026.02.07 09:12:00,116303.41,116314.18,116303.41,116314.18,360,63,0
2026.02.07 09:06:00,116292.61,116303.38,116292.61,116303.38,360,63,0
2026.02.07 09:00:00,116281.81,116292.58,116281.81,116292.58,360,63,0
2026.02.07 08:54:00,116271.01,116281.78,116271.01,116281.78,360,63,0
2026.02.07 08:48:00,116260.21,116270.98,116260.21,116270.98,360,63,0
2026.02.07 08:42:00,116293.35,116295.39,116251.48,116260.18,360,63,0
2026.02.07 08:36:00,116282.55,116293.32,116282.55,116293.32,360,63,0
2026.02.07 08:30:00,116271.75,116282.52,116271.75,116282.52,360,63,0
2026.02.07 08:24:00,116260.95,116271.72,116260.95,116271.72,360,63,0
2026.02.07 08:18:00,116267.24,116271.65,116254.59,116260.92,360,63,0
2026.02.07 08:12:00,116256.44,116267.21,116256.44,116267.21,360,63,0
2026.02.07 08:06:00,116273.34,116280.15,116252.48,116256.41,360,63,0
2026.02.07 08:00:00,116262.54,116273.31,116262.54,116273.31,360,63,0
2026.02.07 07:54:00,116251.74,116262.51,116251.74,116262.51,360,63,0
2026.02.07 07:48:00,116240.94,116251.71,116240.94,116251.71,360,63,0
2026.02.07 07:42:00,116314.57,116315.68,116240.73,116240.91,360,63,0
2026.02.07 07:36:00,116303.77,116314.54,116303.77,116314.54,360,63,0
2026.02.07 07:30:00,116318.14,116322.22,116297.08,116303.74,360,63,0
2026.02.07 07:24:00,116328.42,116338.29,116317.24,116318.11,360,63,0
2026.02.07 07:18:00,116359.51,116362.27,116320.41,116328.39,360,63,0
2026.02.07 07:12:00,116348.71,116359.48,116348.71,116359.48,360,63,0
2026.02.07 07:06:00,116337.91,116348.68,116337.91,116348.68,360,63,0
2026.02.07 07:00:00,116327.11,116337.88,116327.11,116337.88,360,63,0
2026.02.07 06:54:00,116316.31,116327.08,116316.31,116327.08,360,63,0
2026.02.07 06:48:00,116320.61,116328.53,116313.46,116316.28,360,63,0
2026.02.07 06:42:00,116309.81,116320.58,116309.81,116320.58,360,63,0
2026.02.07 06:36:00,116299.01,116309.78,116299.01,116309.78,360,63,0
2026.02.07 06:30:00,116288.21,116298.98,116288.21,116298.98,360,63,0
2026.02.07 06:24:00,116295.57,116299.23,116281.10,116288.18,360,63,0
2026.02.07 06:18:00,116344.32,116349.54,116292.03,116295.54,360,63,0
2026.02.07 06:12:00,116333.52,116344.29,116333.52,116344.29,360,63,0
2026.02.07 06:06:00,116339.88,116348.19,116331.06,116333.49,360,63,0
2026.02.07 06:00:00,116329.08,116339.85,116329.08,116339.85,360,63,0
2026.02.07 05:54:00,116318.28,116329.05,116318.28,116329.05,360,63,0
2026.02.07 05:48:00,116307.48,116318.25,116307.48,116318.25,360,63,0
2026.02.07 05:42:00,116296.68,116307.45,116296.68,116307.45,360,63,0
2026.02.07 05:36:00,116285.88,116296.65,116285.88,116296.65,360,63,0
2026.02.07 05:30:00,116275.08,116285.85,116275.08,116285.85,360,63,0
2026.02.07 05:24:00,116264.28,116275.05,116264.28,116275.05,360,63,0
2026.02.07 05:18:00,116253.48,116264.25,116253.48,116264.25,360,63,0
2026.02.07 05:12:00,116242.68,116253.45,116242.68,116253.45,360,63,0
2026.02.07 05:06:00,116231.88,116242.65,116231.88,116242.65,360,63,0
2026.02.07 05:00:00,116243.68,116251.66,116229.09,116231.85,360,63,0
2026.02.07 04:54:00,116256.90,116257.89,116233.90,116243.65,360,63,0
2026.02.07 04:48:00,116246.10,116256.87,116246.10,116256.87,360,63,0
2026.02.07 04:42:00,116235.30,116246.07,116235.30,116246.07,360,63,0
2026.02.07 04:36:00,116280.96,116283.33,116231.94,116235.27,360,63,0
2026.02.07 04:30:00,116287.84,116298.58,116280.93,116280.93,360,63,0
2026.02.07 04:24:00,116308.77,116308.92,116277.22,116287.81,360,63,0
2026.02.07 04:18:00,116297.97,116308.74,116297.97,116308.74,360,63,0
2026.02.07 04:12:00,116308.14,116315.82,116294.88,116297.94,360,63,0
2026.02.07 04:06:00,116297.34,116308.11,116297.34,116308.11,360,63,0
2026.02.07 04:00:00,116286.54,116297.31,116286.54,116297.31,360,63,0
2026.02.07 03:54:00,116318.48,116321.81,116282.07,116286.51,360,63,0
2026.02.07 03:48:00,116307.68,116318.45,116307.68,116318.45,360,63,0
2026.02.07 03:42:00,116318.73,116328.33,116306.51,116307.65,360,63,0
2026.02.07 03:36:00,116370.53,116372.18,116315.73,116318.70,360,63,0
2026.02.07 03:30:00,116359.73,116370.50,116359.73,116370.50,360,63,0
2026.02.07 03:24:00,116348.93,116359.70,116348.93,116359.70,360,63,0
2026.02.07 03:18:00,116382.71,116383.58,116339.03,116348.90,360,63,0
2026.02.07 03:12:00,116371.91,116382.68,116371.91,116382.68,360,63,0
2026.02.07 03:06:00,116361.11,116371.88,116361.11,116371.88,360,63,0
2026.02.07 03:00:00,116385.67,116391.49,116356.16,116361.08,360,63,0
2026.02.07 02:54:00,116374.87,116385.64,116374.87,116385.64,360,63,0
2026.02.07 02:48:00,116378.82,116388.00,116373.28,116374.84,360,63,0
2026.02.07 02:42:00,116368.02,116378.79,116368.02,116378.79,360,63,0
2026.02.07 02:36:00,116385.64,116388.28,116359.89,116367.99,360,63,0
2026.02.07 02:30:00,116407.97,116415.02,116382.76,116385.61,360,63,0
2026.02.07 02:24:00,116415.20,116425.52,116407.52,116407.94,360,63,0
2026.02.07 02:18:00,116404.40,116415.17,116404.40,116415.17,360,63,0
2026.02.07 02:12:00,116393.60,116404.37,116393.60,116404.37,360,63,0
2026.02.07 02:06:00,116382.80,116393.57,116382.80,116393.57,360,63,0
2026.02.07 02:00:00,116372.00,116382.77,116372.00,116382.77,360,63,0
2026.02.07 01:54:00,116384.61,116395.17,116371.79,116371.97,360,63,0
2026.02.07 01:48:00,116386.00,116391.94,116379.78,116384.58,360,63,0
2026.02.07 01:42:00,116375.20,116385.97,116375.20,116385.97,360,63,0
2026.02.07 01:36:00,116364.40,116375.17,116364.40,116375.17,360,63,0
2026.02.07 01:30:00,116353.60,116364.37,116353.60,116364.37,360,63,0
2026.02.07 01:24:00,116342.80,116353.57,116342.80,116353.57,360,63,0
2026.02.07 01:18:00,116332.00,116342.77,116332.00,116342.77,360,63,0
2026.02.07 01:12:00,116342.88,116351.58,116329.93,116331.97,360,63,0
2026.02.07 01:06:00,116332.08,116342.85,116332.08,116342.85,360,63,0
2026.02.07 01:00:00,116321.28,116332.05,116321.28,116332.05,360,63,0
2026.02.07 00:54:00,116337.95,116345.93,116318.49,116321.25,360,63,0
2026.02.07 00:48:00,116327.15,116337.92,116327.15,116337.92,360,63,0
2026.02.07 00:42:00,116316.35,116327.12,116316.35,116327.12,360,63,0
2026.02.07 00:36:00,116327.78,116331.62,116309.42,116316.32,360,63,0
2026.02.07 00:30:00,116353.33,116353.57,116317.25,116327.75,360,63,0
2026.02.07 00:24:00,116342.53,116353.30,116342.53,116353.30,360,63,0
2026.02.07 00:18:00,116354.48,116362.94,116340.22,116342.50,360,63,0
2026.02.07 00:12:00,116343.68,116354.45,116343.68,116354.45,360,63,0
2026.02.07 00:06:00,116332.88,116343.65,116332.88,116343.65,360,63,0
2026.02.07 00:00:00,116350.31,116360.33,116332.13,116332.85,360,63,0
2026.02.06 23:54:00,116339.51,116350.28,116339.51,116350.28,360,63,0
2026.02.06 23:48:00,116328.71,116339.48,116328.71,116339.48,360,63,0
2026.02.06 23:42:00,116332.86,116340.45,116325.53,116328.68,360,63,0
2026.02.06 23:36:00,116322.06,116332.83,116322.06,116332.83,360,63,0
2026.02.06 23:30:00,116311.26,116322.03,116311.26,116322.03,360,63,0
2026.02.06 23:24:00,116300.46,116311.23,116300.46,116311.23,360,63,0
2026.02.06 23:18:00,116312.83,116318.53,116295.39,116300.43,360,63,0
2026.02.06 23:12:00,116302.03,116312.80,116302.03,116312.80,360,63,0
2026.02.06 23:06:00,116291.23,116302.00,116291.23,116302.00,360,63,0
2026.02.06 23:00:00,116305.82,116314.70,116289.34,116291.20,360,63,0
2026.02.06 22:54:00,116295.02,116305.79,116295.02,116305.79,360,63,0
2026.02.06 22:48:00,116284.22,116294.99,116284.22,116294.99,360,63,0
2026.02.06 22:42:00,116294.52,116301.36,116280.29,116284.19,360,63,0
2026.02.06 22:36:00,116340.01,116342.08,116291.31,116294.49,360,63,0
2026.02.06 22:30:00,116369.92,116377.57,116336.89,116339.98,360,63,0
2026.02.06 22:24:00,116359.12,116369.89,116359.12,116369.89,360,63,0
2026.02.06 22:18:00,116371.80,116373.12,116349.67,116359.09,360,63,0
2026.02.06 22:12:00,116361.00,116371.77,116361.00,116371.77,360,63,0
2026.02.06 22:06:00,116350.20,116360.97,116350.20,116360.97,360,63,0
2026.02.06 22:00:00,116339.40,116350.17,116339.40,116350.17,360,63,0
2026.02.06 21:54:00,116328.60,116339.37,116328.60,116339.37,360,63,0
2026.02.06 21:48:00,116317.80,116328.57,116317.80,116328.57,360,63,0
2026.02.06 21:42:00,116307.00,116317.77,116307.00,116317.77,360,63,0
2026.02.06 21:36:00,116364.26,116367.95,116300.91,116306.97,360,63,0
2026.02.06 21:30:00,116353.46,116364.23,116353.46,116364.23,360,63,0
2026.02.06 21:24:00,116355.70,116362.60,116349.59,116353.43,360,63,0
2026.02.06 21:18:00,116361.65,116364.11,116347.39,116355.67,360,63,0
2026.02.06 21:12:00,116350.85,116361.62,116350.85,116361.62,360,63,0
2026.02.06 21:06:00,116358.46,116362.75,116344.37,116350.82,360,63,0
2026.02.06 21:00:00,116397.35,116399.75,116350.09,116358.43,360,63,0
2026.02.06 20:54:00,116386.55,116397.32,116386.55,116397.32,360,63,0
2026.02.06 20:48:00,116432.61,116437.23,116383.07,116386.52,360,63,0
2026.02.06 20:42:00,116421.81,116432.58,116421.81,116432.58,360,63,0
2026.02.06 20:36:00,116411.01,116421.78,116411.01,116421.78,360,63,0
2026.02.06 20:30:00,116419.14,116422.80,116403.90,116410.98,360,63,0
2026.02.06 20:24:00,116429.91,116433.15,116411.61,116419.11,360,63,0
2026.02.06 20:18:00,116432.48,116435.60,116422.26,116429.88,360,63,0
2026.02.06 20:12:00,116421.68,116432.45,116421.68,116432.45,360,63,0
2026.02.06 20:06:00,116410.88,116421.65,116410.88,116421.65,360,63,0
2026.02.06 20:00:00,116400.08,116410.85,116400.08,116410.85,360,63,0
2026.02.06 19:54:00,116389.28,116400.05,116389.28,116400.05,360,63,0
2026.02.06 19:48:00,116378.48,116389.25,116378.48,116389.25,360,63,0
2026.02.06 19:42:00,116367.68,116378.45,116367.68,116378.45,360,63,0
2026.02.06 19:36:00,116371.77,116380.23,116365.37,116367.65,360,63,0
2026.02.06 19:30:00,116381.58,116382.75,116362.17,116371.74,360,63,0
2026.02.06 19:24:00,116392.28,116397.68,116376.21,116381.55,360,63,0
2026.02.06 19:18:00,116381.48,116392.25,116381.48,116392.25,360,63,0
2026.02.06 19:12:00,116370.68,116381.45,116370.68,116381.45,360,63,0
2026.02.06 19:06:00,116359.88,116370.65,116359.88,116370.65,360,63,0
2026.02.06 19:00:00,116349.08,116359.85,116349.08,116359.85,360,63,0
2026.02.06 18:54:00,116338.28,116349.05,116338.28,116349.05,360,63,0
2026.02.06 18:48:00,116327.48,116338.25,116327.48,116338.25,360,63,0
2026.02.06 18:42:00,116316.68,116327.45,116316.68,116327.45,360,63,0
2026.02.06 18:36:00,116305.88,116316.65,116305.88,116316.65,360,63,0
2026.02.06 18:30:00,116295.08,116305.85,116295.08,116305.85,360,63,0
2026.02.06 18:24:00,116284.28,116295.05,116284.28,116295.05,360,63,0
2026.02.06 18:18:00,116273.48,116284.25,116273.48,116284.25,360,63,0
2026.02.06 18:12:00,116262.68,116273.45,116262.68,116273.45,360,63,0
2026.02.06 18:06:00,116264.34,116267.76,116255.33,116262.65,360,63,0
2026.02.06 18:00:00,116253.54,116264.31,116253.54,116264.31,360,63,0
2026.02.06 17:54:00,116242.74,116253.51,116242.74,116253.51,360,63,0
2026.02.06 17:48:00,116231.94,116242.71,116231.94,116242.71,360,63,0
2026.02.06 17:42:00,116221.14,116231.91,116221.14,116231.91,360,63,0
2026.02.06 17:36:00,116210.34,116221.11,116210.34,116221.11,360,63,0
2026.02.06 17:30:00,116199.54,116210.31,116199.54,116210.31,360,63,0
2026.02.06 17:24:00,116212.86,116220.63,116196.54,116199.51,360,63,0
2026.02.06 17:18:00,116202.06,116212.83,116202.06,116212.83,360,63,0
2026.02.06 17:12:00,116191.26,116202.03,116191.26,116202.03,360,63,0
2026.02.06 17:06:00,116180.46,116191.23,116180.46,116191.23,360,63,0
2026.02.06 17:00:00,116169.66,116180.43,116169.66,116180.43,360,63,0
2026.02.06 16:54:00,116158.86,116169.63,116158.86,116169.63,360,63,0
2026.02.06 16:48:00,116148.06,116158.83,116148.06,116158.83,360,63,0
2026.02.06 16:42:00,116194.66,116199.28,116145.48,116148.03,360,63,0
2026.02.06 16:36:00,116183.86,116194.63,116183.86,116194.63,360,63,0
2026.02.06 16:30:00,116173.06,116183.83,116173.06,116183.83,360,63,0
2026.02.06 16:24:00,116162.26,116173.03,116162.26,116173.03,360,63,0
2026.02.06 16:18:00,116166.06,116168.10,116153.53,116162.23,360,63,0
2026.02.06 16:12:00,116188.59,116189.85,116156.55,116166.03,360,63,0
2026.02.06 16:06:00,116177.79,116188.56,116177.79,116188.56,360,63,0
2026.02.06 16:00:00,116206.21,116214.52,116175.33,116177.76,360,63,0
2026.02.06 15:54:00,116210.50,116214.22,116199.16,116206.18,360,63,0
2026.02.06 15:48:00,116199.70,116210.47,116199.70,116210.47,360,63,0
2026.02.06 15:42:00,116188.90,116199.67,116188.90,116199.67,360,63,0
2026.02.06 15:36:00,116178.10,116188.87,116178.10,116188.87,360,63,0
2026.02.06 15:30:00,116167.30,116178.07,116167.30,116178.07,360,63,0
2026.02.06 15:24:00,116156.50,116167.27,116156.50,116167.27,360,63,0
2026.02.06 15:18:00,116145.70,116156.47,116145.70,116156.47,360,63,0
2026.02.06 15:12:00,116134.90,116145.67,116134.90,116145.67,360,63,0
2026.02.06 15:06:00,116124.10,116134.87,116124.10,116134.87,360,63,0
2026.02.06 15:00:00,116113.30,116124.07,116113.30,116124.07,360,63,0
2026.02.06 14:54:00,116114.81,116116.55,116104.27,116113.27,360,63,0
2026.02.06 14:48:00,116104.01,116114.78,116104.01,116114.78,360,63,0
2026.02.06 14:42:00,116093.21,116103.98,116093.21,116103.98,360,63,0
2026.02.06 14:36:00,116123.78,116128.19,116089.19,116093.18,360,63,0
2026.02.06 14:30:00,116112.98,116123.75,116112.98,116123.75,360,63,0
2026.02.06 14:24:00,116102.18,116112.95,116102.18,116112.95,360,63,0
2026.02.06 14:18:00,116124.65,116131.22,116097.98,116102.15,360,63,0
2026.02.06 14:12:00,116113.85,116124.62,116113.85,116124.62,360,63,0
2026.02.06 14:06:00,116103.05,116113.82,116103.05,116113.82,360,63,0
2026.02.06 14:00:00,116092.25,116103.02,116092.25,116103.02,360,63,0
2026.02.06 13:54:00,116081.45,116092.22,116081.45,116092.22,360,63,0
2026.02.06 13:48:00,116070.65,116081.42,116070.65,116081.42,360,63,0
2026.02.06 13:42:00,116089.63,116095.75,116066.00,116070.62,360,63,0
2026.02.06 13:36:00,116078.83,116089.60,116078.83,116089.60,360,63,0
2026.02.06 13:30:00,116068.03,116078.80,116068.03,116078.80,360,63,0
2026.02.06 13:24:00,116075.52,116080.38,116062.12,116068.00,360,63,0
2026.02.06 13:18:00,116064.72,116075.49,116064.72,116075.49,360,63,0
2026.02.06 13:12:00,116069.85,116078.61,116062.71,116064.69,360,63,0
2026.02.06 13:06:00,116059.05,116069.82,116059.05,116069.82,360,63,0
2026.02.06 13:00:00,116048.25,116059.02,116048.25,116059.02,360,63,0
2026.02.06 12:54:00,116065.87,116074.54,116046.15,116048.22,360,63,0
2026.02.06 12:48:00,116055.07,116065.84,116055.07,116065.84,360,63,0
2026.02.06 12:42:00,116109.31,116111.71,116046.73,116055.04,360,63,0
2026.02.06 12:36:00,116098.51,116109.28,116098.51,116109.28,360,63,0
2026.02.06 12:30:00,116110.57,116110.87,116088.04,116098.48,360,63,0
2026.02.06 12:24:00,116099.77,116110.54,116099.77,116110.54,360,63,0
2026.02.06 12:18:00,116088.97,116099.74,116088.97,116099.74,360,63,0
2026.02.06 12:12:00,116078.17,116088.94,116078.17,116088.94,360,63,0
2026.02.06 12:06:00,116067.37,116078.14,116067.37,116078.14,360,63,0
2026.02.06 12:00:00,116056.57,116067.34,116056.57,116067.34,360,63,0
2026.02.06 11:54:00,116045.77,116056.54,116045.77,116056.54,360,63,0
2026.02.06 11:48:00,116034.97,116045.74,116034.97,116045.74,360,63,0
2026.02.06 11:42:00,116024.17,116034.94,116024.17,116034.94,360,63,0
2026.02.06 11:36:00,116013.37,116024.14,116013.37,116024.14,360,63,0
2026.02.06 11:30:00,116002.57,116013.34,116002.57,116013.34,360,63,0
2026.02.06 11:24:00,116009.24,116011.49,115994.05,116002.54,360,63,0
2026.02.06 11:18:00,115998.44,116009.21,115998.44,116009.21,360,63,0
2026.02.06 11:12:00,115987.64,115998.41,115987.64,115998.41,360,63,0
2026.02.06 11:06:00,115976.84,115987.61,115976.84,115987.61,360,63,0
2026.02.06 11:00:00,115966.04,115976.81,115966.04,115976.81,360,63,0
2026.02.06 10:54:00,115955.24,115966.01,115955.24,115966.01,360,63,0
2026.02.06 10:48:00,115962.53,115970.06,115952.00,115955.21,360,63,0
2026.02.06 10:42:00,115951.73,115962.50,115951.73,115962.50,360,63,0
2026.02.06 10:36:00,115940.93,115951.70,115940.93,115951.70,360,63,0
2026.02.06 10:30:00,115930.13,115940.90,115930.13,115940.90,360,63,0
2026.02.06 10:24:00,115919.33,115930.10,115919.33,115930.10,360,63,0
2026.02.06 10:18:00,115908.53,115919.30,115908.53,115919.30,360,63,0
2026.02.06 10:12:00,115897.73,115908.50,115897.73,115908.50,360,63,0
2026.02.06 10:06:00,115886.93,115897.70,115886.93,115897.70,360,63,0
2026.02.06 10:00:00,115876.13,115886.90,115876.13,115886.90,360,63,0
2026.02.06 09:54:00,115865.33,115876.10,115865.33,115876.10,360,63,0
2026.02.06 09:48:00,115872.13,115878.79,115861.22,115865.30,360,63,0
2026.02.06 09:42:00,115880.02,115888.72,115870.06,115872.10,360,63,0
2026.02.06 09:36:00,115889.19,115892.43,115872.49,115879.99,360,63,0
2026.02.06 09:30:00,115878.39,115889.16,115878.39,115889.16,360,63,0
2026.02.06 09:24:00,115882.27,115882.30,115867.65,115878.36,360,63,0
2026.02.06 09:18:00,115871.47,115882.24,115871.47,115882.24,360,63,0
2026.02.06 09:12:00,115860.67,115871.44,115860.67,115871.44,360,63,0
2026.02.06 09:06:00,115872.43,115878.79,115856.26,115860.64,360,63,0
2026.02.06 09:00:00,115880.50,115882.03,115863.19,115872.40,360,63,0
2026.02.06 08:54:00,115869.70,115880.47,115869.70,115880.47,360,63,0
2026.02.06 08:48:00,115858.90,115869.67,115858.90,115869.67,360,63,0
2026.02.06 08:42:00,115872.27,115872.39,115848.25,115858.87,360,63,0
2026.02.06 08:36:00,115861.47,115872.24,115861.47,115872.24,360,63,0
2026.02.06 08:30:00,115873.00,115874.26,115851.96,115861.44,360,63,0
2026.02.06 08:24:00,115862.20,115872.97,115862.20,115872.97,360,63,0
2026.02.06 08:18:00,115851.40,115862.17,115851.40,115862.17,360,63,0
2026.02.06 08:12:00,115859.69,115860.02,115840.96,115851.37,360,63,0
2026.02.06 08:06:00,115874.51,115878.80,115853.21,115859.66,360,63,0
2026.02.06 08:00:00,115863.71,115874.48,115863.71,115874.48,360,63,0
2026.02.06 07:54:00,115866.35,115866.38,115852.97,115863.68,360,63,0
2026.02.06 07:48:00,115887.29,115890.08,115858.37,115866.32,360,63,0
2026.02.06 07:42:00,115876.49,115887.26,115876.49,115887.26,360,63,0
2026.02.06 07:36:00,115904.40,115907.88,115876.43,115876.46,360,63,0
2026.02.06 07:30:00,115893.60,115904.37,115893.60,115904.37,360,63,0
2026.02.06 07:24:00,115901.48,115904.81,115886.16,115893.57,360,63,0
2026.02.06 07:18:00,115933.09,115933.57,115891.19,115901.45,360,63,0
2026.02.06 07:12:00,115988.25,115996.35,115932.13,115933.06,360,63,0
2026.02.06 07:06:00,115977.45,115988.22,115977.45,115988.22,360,63,0
2026.02.06 07:00:00,115966.65,115977.42,115966.65,115977.42,360,63,0
2026.02.06 06:54:00,115973.46,115975.68,115958.10,115966.62,360,63,0
2026.02.06 06:48:00,115962.66,115973.43,115962.66,115973.43,360,63,0
2026.02.06 06:42:00,116025.80,116028.20,115958.34,115962.63,360,63,0
2026.02.06 06:36:00,116015.00,116025.77,116015.00,116025.77,360,63,0
2026.02.06 06:30:00,116033.54,116043.98,116014.67,116014.97,360,63,0
2026.02.06 06:24:00,116022.74,116033.51,116022.74,116033.51,360,63,0
2026.02.06 06:18:00,116011.94,116022.71,116011.94,116022.71,360,63,0
2026.02.06 06:12:00,116001.14,116011.91,116001.14,116011.91,360,63,0
2026.02.06 06:06:00,115990.34,116001.11,115990.34,116001.11,360,63,0
2026.02.06 06:00:00,116001.55,116009.80,115987.82,115990.31,360,63,0
2026.02.06 05:54:00,115990.75,116001.52,115990.75,116001.52,360,63,0
2026.02.06 05:48:00,115979.95,115990.72,115979.95,115990.72,360,63,0
2026.02.06 05:42:00,116012.48,116014.97,115975.69,115979.92,360,63,0
2026.02.06 05:36:00,116001.68,116012.45,116001.68,116012.45,360,63,0
2026.02.06 05:30:00,115990.88,116001.65,115990.88,116001.65,360,63,0
2026.02.06 05:24:00,116037.21,116038.65,115983.11,115990.85,360,63,0
2026.02.06 05:18:00,116026.41,116037.18,116026.41,116037.18,360,63,0
2026.02.06 05:12:00,116015.61,116026.38,116015.61,116026.38,360,63,0
2026.02.06 05:06:00,116004.81,116015.58,116004.81,116015.58,360,63,0
2026.02.06 05:00:00,116007.47,116007.92,115994.49,116004.78,360,63,0
2026.02.06 04:54:00,115996.67,116007.44,115996.67,116007.44,360,63,0
2026.02.06 04:48:00,115985.87,115996.64,115985.87,115996.64,360,63,0
2026.02.06 04:42:00,115975.07,115985.84,115975.07,115985.84,360,63,0
2026.02.06 04:36:00,115977.05,115977.32,115964.57,115975.04,360,63,0
2026.02.06 04:30:00,115966.25,115977.02,115966.25,115977.02,360,63,0
2026.02.06 04:24:00,115955.45,115966.22,115955.45,115966.22,360,63,0
2026.02.06 04:18:00,115944.65,115955.42,115944.65,115955.42,360,63,0
2026.02.06 04:12:00,115961.21,115971.62,115944.29,115944.62,360,63,0
2026.02.06 04:06:00,115967.98,115972.81,115955.27,115961.18,360,63,0
2026.02.06 04:00:00,115957.18,115967.95,115957.18,115967.95,360,63,0
2026.02.06 03:54:00,115997.46,116004.09,115954.96,115957.15,360,63,0
2026.02.06 03:48:00,115986.66,115997.43,115986.66,115997.43,360,63,0
2026.02.06 03:42:00,115989.19,115990.12,115976.82,115986.63,360,63,0
2026.02.06 03:36:00,115978.39,115989.16,115978.39,115989.16,360,63,0
2026.02.06 03:30:00,115981.09,115989.73,115976.26,115978.36,360,63,0
2026.02.06 03:24:00,115970.29,115981.06,115970.29,115981.06,360,63,0
2026.02.06 03:18:00,115999.90,116009.08,115969.96,115970.26,360,63,0
2026.02.06 03:12:00,115989.10,115999.87,115989.10,115999.87,360,63,0
2026.02.06 03:06:00,116017.88,116018.84,115979.29,115989.07,360,63,0
2026.02.06 03:00:00,116007.08,116017.85,116007.08,116017.85,360,63,0
2026.02.06 02:54:00,116033.09,116039.63,116002.85,116007.05,360,63,0
2026.02.06 02:48:00,116022.29,116033.06,116022.29,116033.06,360,63,0
2026.02.06 02:42:00,116041.46,116048.99,116019.05,116022.26,360,63,0
2026.02.06 02:36:00,116074.35,116080.92,116037.26,116041.43,360,63,0
2026.02.06 02:30:00,116063.55,116074.32,116063.55,116074.32,360,63,0
2026.02.06 02:24:00,116080.16,116090.54,116063.16,116063.52,360,63,0
2026.02.06 02:18:00,116083.79,116092.19,116077.79,116080.13,360,63,0
2026.02.06 02:12:00,116072.99,116083.76,116072.99,116083.76,360,63,0
2026.02.06 02:06:00,116081.15,116087.42,116068.49,116072.96,360,63,0
2026.02.06 02:00:00,116070.35,116081.12,116070.35,116081.12,360,63,0
2026.02.06 01:54:00,116059.55,116070.32,116059.55,116070.32,360,63,0
2026.02.06 01:48:00,116048.75,116059.52,116048.75,116059.52,360,63,0
2026.02.06 01:42:00,116037.95,116048.72,116037.95,116048.72,360,63,0
2026.02.06 01:36:00,116027.15,116037.92,116027.15,116037.92,360,63,0
2026.02.06 01:30:00,116044.41,116047.47,116020.55,116027.12,360,63,0
2026.02.06 01:24:00,116033.61,116044.38,116033.61,116044.38,360,63,0
2026.02.06 01:18:00,116035.27,116045.23,116032.80,116033.58,360,63,0
2026.02.06 01:12:00,116024.47,116035.24,116024.47,116035.24,360,63,0
2026.02.06 01:06:00,116013.67,116024.44,116013.67,116024.44,360,63,0
2026.02.06 01:00:00,116027.73,116030.13,116005.30,116013.64,360,63,0
2026.02.06 00:54:00,116016.93,116027.70,116016.93,116027.70,360,63,0
2026.02.06 00:48:00,116006.13,116016.90,116006.13,116016.90,360,63,0
2026.02.06 00:42:00,116027.88,116035.38,116002.86,116006.10,360,63,0
2026.02.06 00:36:00,116017.08,116027.85,116017.08,116027.85,360,63,0
2026.02.06 00:30:00,116006.28,116017.05,116006.28,116017.05,360,63,0
2026.02.06 00:24:00,115995.48,116006.25,115995.48,116006.25,360,63,0
2026.02.06 00:18:00,115984.68,115995.45,115984.68,115995.45,360,63,0
2026.02.06 00:12:00,115973.88,115984.65,115973.88,115984.65,360,63,0
2026.02.06 00:06:00,115963.08,115973.85,115963.08,115973.85,360,63,0
2026.02.06 00:00:00,116044.43,116045.30,115962.36,115963.05,360,63,0
2026.02.05 23:54:00,116093.16,116102.52,116043.80,116044.40,360,63,0
2026.02.05 23:48:00,116082.36,116093.13,116082.36,116093.13,360,63,0
2026.02.05 23:42:00,116131.73,116134.16,116080.17,116082.33,360,63,0
2026.02.05 23:36:00,116120.93,116131.70,116120.93,116131.70,360,63,0
2026.02.05 23:30:00,116176.41,116176.92,116119.34,116120.90,360,63,0
2026.02.05 23:24:00,116177.77,116180.53,116168.40,116176.38,360,63,0
2026.02.05 23:18:00,116166.97,116177.74,116166.97,116177.74,360,63,0
2026.02.05 23:12:00,116156.17,116166.94,116156.17,116166.94,360,63,0
2026.02.05 23:06:00,116145.37,116156.14,116145.37,116156.14,360,63,0
2026.02.05 23:00:00,116176.54,116179.12,116140.48,116145.34,360,63,0
2026.02.05 22:54:00,116187.17,116197.49,116176.09,116176.51,360,63,0
2026.02.05 22:48:00,116176.37,116187.14,116176.37,116187.14,360,63,0
2026.02.05 22:42:00,116165.57,116176.34,116165.57,116176.34,360,63,0
2026.02.05 22:36:00,116177.29,116177.32,116154.83,116165.54,360,63,0
2026.02.05 22:30:00,116166.49,116177.26,116166.49,116177.26,360,63,0
2026.02.05 22:24:00,116155.69,116166.46,116155.69,116166.46,360,63,0
2026.02.05 22:18:00,116157.94,116163.43,116150.41,116155.66,360,63,0
2026.02.05 22:12:00,116147.14,116157.91,116147.14,116157.91,360,63,0
2026.02.05 22:06:00,116149.59,116152.17,116138.95,116147.11,360,63,0
2026.02.05 22:00:00,116138.79,116149.56,116138.79,116149.56,360,63,0
2026.02.05 21:54:00,116127.99,116138.76,116127.99,116138.76,360,63,0
2026.02.05 21:48:00,116129.65,116132.08,116119.65,116127.96,360,63,0
2026.02.05 21:42:00,116118.85,116129.62,116118.85,116129.62,360,63,0
2026.02.05 21:36:00,116108.05,116118.82,116108.05,116118.82,360,63,0
2026.02.05 21:30:00,116097.25,116108.02,116097.25,116108.02,360,63,0
2026.02.05 21:24:00,116086.45,116097.22,116086.45,116097.22,360,63,0
2026.02.05 21:18:00,116099.20,116099.59,116076.07,116086.42,360,63,0
2026.02.05 21:12:00,116118.67,116125.51,116095.27,116099.17,360,63,0
2026.02.05 21:06:00,116107.87,116118.64,116107.87,116118.64,360,63,0
2026.02.05 21:00:00,116097.07,116107.84,116097.07,116107.84,360,63,0
2026.02.05 20:54:00,116108.21,116113.97,116092.06,116097.04,360,63,0
2026.02.05 20:48:00,116097.41,116108.18,116097.41,116108.18,360,63,0
2026.02.05 20:42:00,116086.61,116097.38,116086.61,116097.38,360,63,0
2026.02.05 20:36:00,116075.81,116086.58,116075.81,116086.58,360,63,0
2026.02.05 20:30:00,116099.29,116101.78,116067.53,116075.78,360,63,0
2026.02.05 20:24:00,116088.49,116099.26,116088.49,116099.26,360,63,0
2026.02.05 20:18:00,116105.16,116108.19,116080.75,116088.46,360,63,0
2026.02.05 20:12:00,116094.36,116105.13,116094.36,116105.13,360,63,0
2026.02.05 20:06:00,116083.56,116094.33,116083.56,116094.33,360,63,0
2026.02.05 20:00:00,116072.76,116083.53,116072.76,116083.53,360,63,0
2026.02.05 19:54:00,116108.29,116110.99,116065.68,116072.73,360,63,0
2026.02.05 19:48:00,116097.49,116108.26,116097.49,116108.26,360,63,0
2026.02.05 19:42:00,116086.69,116097.46,116086.69,116097.46,360,63,0
2026.02.05 19:36:00,116075.89,116086.66,116075.89,116086.66,360,63,0
2026.02.05 19:30:00,116065.09,116075.86,116065.09,116075.86,360,63,0
2026.02.05 19:24:00,116070.91,116076.64,116060.05,116065.06,360,63,0
2026.02.05 19:18:00,116076.27,116079.75,116063.62,116070.88,360,63,0
2026.02.05 19:12:00,116065.47,116076.24,116065.47,116076.24,360,63,0
2026.02.05 19:06:00,116087.69,116095.76,116062.77,116065.44,360,63,0
2026.02.05 19:00:00,116076.89,116087.66,116076.89,116087.66,360,63,0
2026.02.05 18:54:00,116100.34,116103.97,116069.75,116076.86,360,63,0
2026.02.05 18:48:00,116089.54,116100.31,116089.54,116100.31,360,63,0
2026.02.05 18:42:00,116078.74,116089.51,116078.74,116089.51,360,63,0
2026.02.05 18:36:00,116067.94,116078.71,116067.94,116078.71,360,63,0
2026.02.05 18:30:00,116082.03,116087.49,116062.63,116067.91,360,63,0
2026.02.05 18:24:00,116089.89,116097.66,116079.03,116082.00,360,63,0
2026.02.05 18:18:00,116079.09,116089.86,116079.09,116089.86,360,63,0
2026.02.05 18:12:00,116068.29,116079.06,116068.29,116079.06,360,63,0
2026.02.05 18:06:00,116097.36,116104.98,116067.45,116068.26,360,63,0
2026.02.05 18:00:00,116086.56,116097.33,116086.56,116097.33,360,63,0
2026.02.05 17:54:00,116075.76,116086.53,116075.76,116086.53,360,63,0
2026.02.05 17:48:00,116064.96,116075.73,116064.96,116075.73,360,63,0
2026.02.05 17:42:00,116054.16,116064.93,116054.16,116064.93,360,63,0
2026.02.05 17:36:00,116043.36,116054.13,116043.36,116054.13,360,63,0
2026.02.05 17:30:00,116032.56,116043.33,116032.56,116043.33,360,63,0
2026.02.05 17:24:00,116045.36,116050.13,116026.56,116032.53,360,63,0
2026.02.05 17:18:00,116034.56,116045.33,116034.56,116045.33,360,63,0
2026.02.05 17:12:00,116038.86,116049.21,116034.14,116034.53,360,63,0
2026.02.05 17:06:00,116028.06,116038.83,116028.06,116038.83,360,63,0
2026.02.05 17:00:00,116067.90,116069.88,116027.55,116028.03,360,63,0
2026.02.05 16:54:00,116057.10,116067.87,116057.10,116067.87,360,63,0
2026.02.05 16:48:00,116046.30,116057.07,116046.30,116057.07,360,63,0
2026.02.05 16:42:00,116035.50,116046.27,116035.50,116046.27,360,63,0
2026.02.05 16:36:00,116024.70,116035.47,116024.70,116035.47,360,63,0
2026.02.05 16:30:00,116013.90,116024.67,116013.90,116024.67,360,63,0
2026.02.05 16:24:00,116027.70,116027.97,116003.40,116013.87,360,63,0
2026.02.05 16:18:00,116016.90,116027.67,116016.90,116027.67,360,63,0
2026.02.05 16:12:00,116006.10,116016.87,116006.10,116016.87,360,63,0
2026.02.05 16:06:00,115995.30,116006.07,115995.30,116006.07,360,63,0
2026.02.05 16:00:00,115984.50,115995.27,115984.50,115995.27,360,63,0
2026.02.05 15:54:00,115989.10,115989.76,115974.39,115984.47,360,63,0
2026.02.05 15:48:00,115978.30,115989.07,115978.30,115989.07,360,63,0
2026.02.05 15:42:00,115967.50,115978.27,115967.50,115978.27,360,63,0
2026.02.05 15:36:00,115956.70,115967.47,115956.70,115967.47,360,63,0
2026.02.05 15:30:00,115945.90,115956.67,115945.90,115956.67,360,63,0
2026.02.05 15:24:00,115935.10,115945.87,115935.10,115945.87,360,63,0
2026.02.05 15:18:00,115924.30,115935.07,115924.30,115935.07,360,63,0
2026.02.05 15:12:00,115936.28,115940.36,115917.61,115924.27,360,63,0
2026.02.05 15:06:00,115925.48,115936.25,115925.48,115936.25,360,63,0
2026.02.05 15:00:00,115936.82,115945.22,115923.11,115925.45,360,63,0
2026.02.05 14:54:00,115926.02,115936.79,115926.02,115936.79,360,63,0
2026.02.05 14:48:00,115938.91,115948.93,115925.27,115925.99,360,63,0
2026.02.05 14:42:00,115928.11,115938.88,115928.11,115938.88,360,63,0
2026.02.05 14:36:00,115917.31,115928.08,115917.31,115928.08,360,63,0
2026.02.05 14:30:00,115928.66,115931.99,115909.87,115917.28,360,63,0
2026.02.05 14:24:00,115917.86,115928.63,115917.86,115928.63,360,63,0
2026.02.05 14:18:00,115907.06,115917.83,115907.06,115917.83,360,63,0
2026.02.05 14:12:00,115917.86,115923.89,115902.32,115907.03,360,63,0
2026.02.05 14:06:00,115919.89,115925.92,115913.12,115917.83,360,63,0
2026.02.05 14:00:00,115909.09,115919.86,115909.09,115919.86,360,63,0
2026.02.05 13:54:00,115898.29,115909.06,115898.29,115909.06,360,63,0
2026.02.05 13:48:00,115917.84,115925.73,115895.41,115898.26,360,63,0
2026.02.05 13:42:00,115907.04,115917.81,115907.04,115917.81,360,63,0
2026.02.05 13:36:00,115914.46,115917.16,115898.97,115907.01,360,63,0
2026.02.05 13:30:00,115903.66,115914.43,115903.66,115914.43,360,63,0
2026.02.05 13:24:00,115892.86,115903.63,115892.86,115903.63,360,63,0
2026.02.05 13:18:00,115882.06,115892.83,115882.06,115892.83,360,63,0
2026.02.05 13:12:00,115871.26,115882.03,115871.26,115882.03,360,63,0
2026.02.05 13:06:00,115860.46,115871.23,115860.46,115871.23,360,63,0
2026.02.05 13:00:00,115849.66,115860.43,115849.66,115860.43,360,63,0
2026.02.05 12:54:00,115865.71,115868.95,115842.13,115849.63,360,63,0
2026.02.05 12:48:00,115854.91,115865.68,115854.91,115865.68,360,63,0
2026.02.05 12:42:00,115844.11,115854.88,115844.11,115854.88,360,63,0
2026.02.05 12:36:00,115833.31,115844.08,115833.31,115844.08,360,63,0
2026.02.05 12:30:00,115822.51,115833.28,115822.51,115833.28,360,63,0
2026.02.05 12:24:00,115811.71,115822.48,115811.71,115822.48,360,63,0
2026.02.05 12:18:00,115800.91,115811.68,115800.91,115811.68,360,63,0
2026.02.05 12:12:00,115790.11,115800.88,115790.11,115800.88,360,63,0
2026.02.05 12:06:00,115804.56,115809.27,115787.65,115790.08,360,63,0
2026.02.05 12:00:00,115810.06,115819.57,115803.30,115804.53,360,63,0
2026.02.05 11:54:00,115799.26,115810.03,115799.26,115810.03,360,63,0
2026.02.05 11:48:00,115788.46,115799.23,115788.46,115799.23,360,63,0
2026.02.05 11:42:00,115777.66,115788.43,115777.66,115788.43,360,63,0
2026.02.05 11:36:00,115782.92,115789.07,115773.04,115777.63,360,63,0
2026.02.05 11:30:00,115772.12,115782.89,115772.12,115782.89,360,63,0
2026.02.05 11:24:00,115761.32,115772.09,115761.32,115772.09,360,63,0
2026.02.05 11:18:00,115750.52,115761.29,115750.52,115761.29,360,63,0
2026.02.05 11:12:00,115739.72,115750.49,115739.72,115750.49,360,63,0
2026.02.05 11:06:00,115728.92,115739.69,115728.92,115739.69,360,63,0
2026.02.05 11:00:00,115718.12,115728.89,115718.12,115728.89,360,63,0
2026.02.05 10:54:00,115707.32,115718.09,115707.32,115718.09,360,63,0
2026.02.05 10:48:00,115696.52,115707.29,115696.52,115707.29,360,63,0
2026.02.05 10:42:00,115685.72,115696.49,115685.72,115696.49,360,63,0
2026.02.05 10:36:00,115674.92,115685.69,115674.92,115685.69,360,63,0
2026.02.05 10:30:00,115705.63,115705.93,115670.84,115674.89,360,63,0
2026.02.05 10:24:00,115694.83,115705.60,115694.83,115705.60,360,63,0
2026.02.05 10:18:00,115698.46,115699.99,115685.59,115694.80,360,63,0
2026.02.05 10:12:00,115717.64,115720.04,115690.09,115698.43,360,63,0
2026.02.05 10:06:00,115706.84,115717.61,115706.84,115717.61,360,63,0
2026.02.05 10:00:00,115696.04,115706.81,115696.04,115706.81,360,63,0
2026.02.05 09:54:00,115685.24,115696.01,115685.24,115696.01,360,63,0
2026.02.05 09:48:00,115674.44,115685.21,115674.44,115685.21,360,63,0
2026.02.05 09:42:00,115663.64,115674.41,115663.64,115674.41,360,63,0
2026.02.05 09:36:00,115680.25,115688.71,115661.33,115663.61,360,63,0
2026.02.05 09:30:00,115701.37,115707.10,115675.21,115680.22,360,63,0
2026.02.05 09:24:00,115745.94,115746.06,115701.28,115701.34,360,63,0
2026.02.05 09:18:00,115749.57,115755.84,115741.44,115745.91,360,63,0
2026.02.05 09:12:00,115738.77,115749.54,115738.77,115749.54,360,63,0
2026.02.05 09:06:00,115747.62,115755.03,115735.41,115738.74,360,63,0
2026.02.05 09:00:00,115736.82,115747.59,115736.82,115747.59,360,63,0
2026.02.05 08:54:00,115726.02,115736.79,115726.02,115736.79,360,63,0
2026.02.05 08:48:00,115715.22,115725.99,115715.22,115725.99,360,63,0
2026.02.05 08:42:00,115732.89,115741.68,115713.24,115715.19,360,63,0
2026.02.05 08:36:00,115722.09,115732.86,115722.09,115732.86,360,63,0
2026.02.05 08:30:00,115711.29,115722.06,115711.29,115722.06,360,63,0
2026.02.05 08:24:00,115700.49,115711.26,115700.49,115711.26,360,63,0
2026.02.05 08:18:00,115689.69,115700.46,115689.69,115700.46,360,63,0
2026.02.05 08:12:00,115718.71,115724.47,115684.68,115689.66,360,63,0
2026.02.05 08:06:00,115736.87,115745.21,115716.28,115718.68,360,63,0
2026.02.05 08:00:00,115726.07,115736.84,115726.07,115736.84,360,63,0
2026.02.05 07:54:00,115715.27,115726.04,115715.27,115726.04,360,63,0
2026.02.05 07:48:00,115704.47,115715.24,115704.47,115715.24,360,63,0
2026.02.05 07:42:00,115693.67,115704.44,115693.67,115704.44,360,63,0
2026.02.05 07:36:00,115712.46,115721.82,115692.26,115693.64,360,63,0
2026.02.05 07:30:00,115741.04,115745.00,115708.38,115712.43,360,63,0
2026.02.05 07:24:00,115730.24,115741.01,115730.24,115741.01,360,63,0
2026.02.05 07:18:00,115719.44,115730.21,115719.44,115730.21,360,63,0
2026.02.05 07:12:00,115708.64,115719.41,115708.64,115719.41,360,63,0
2026.02.05 07:06:00,115697.84,115708.61,115697.84,115708.61,360,63,0
2026.02.05 07:00:00,115748.64,115750.80,115695.08,115697.81,360,63,0
2026.02.05 06:54:00,115737.84,115748.61,115737.84,115748.61,360,63,0
2026.02.05 06:48:00,115727.04,115737.81,115727.04,115737.81,360,63,0
2026.02.05 06:42:00,115742.39,115744.25,115718.13,115727.01,360,63,0
2026.02.05 06:36:00,115731.59,115742.36,115731.59,115742.36,360,63,0
2026.02.05 06:30:00,115720.79,115731.56,115720.79,115731.56,360,63,0
2026.02.05 06:24:00,115733.50,115735.36,115711.88,115720.76,360,63,0
2026.02.05 06:18:00,115722.70,115733.47,115722.70,115733.47,360,63,0
2026.02.05 06:12:00,115756.18,115756.36,115712.20,115722.67,360,63,0
2026.02.05 06:06:00,115745.38,115756.15,115745.38,115756.15,360,63,0
2026.02.05 06:00:00,115734.58,115745.35,115734.58,115745.35,360,63,0
2026.02.05 05:54:00,115723.78,115734.55,115723.78,115734.55,360,63,0
2026.02.05 05:48:00,115744.55,115751.93,115722.31,115723.75,360,63,0
2026.02.05 05:42:00,115733.75,115744.52,115733.75,115744.52,360,63,0
2026.02.05 05:36:00,115722.95,115733.72,115722.95,115733.72,360,63,0
2026.02.05 05:30:00,115745.59,115753.42,115720.01,115722.92,360,63,0
2026.02.05 05:24:00,115755.03,115764.00,115743.79,115745.56,360,63,0
2026.02.05 05:18:00,115764.37,115764.70,115744.59,115755.00,360,63,0
2026.02.05 05:12:00,115790.46,115790.82,115753.96,115764.34,360,63,0
2026.02.05 05:06:00,115814.00,115818.68,115784.37,115790.43,360,63,0
2026.02.05 05:00:00,115843.44,115849.71,115809.50,115813.97,360,63,0
2026.02.05 04:54:00,115832.64,115843.41,115832.64,115843.41,360,63,0
2026.02.05 04:48:00,115865.76,115871.31,115831.83,115832.61,360,63,0
2026.02.05 04:42:00,115854.96,115865.73,115854.96,115865.73,360,63,0
2026.02.05 04:36:00,115871.49,115878.72,115851.42,115854.93,360,63,0
2026.02.05 04:30:00,115860.69,115871.46,115860.69,115871.46,360,63,0
2026.02.05 04:24:00,115849.89,115860.66,115849.89,115860.66,360,63,0
2026.02.05 04:18:00,115885.02,115887.27,115848.75,115849.86,360,63,0
2026.02.05 04:12:00,115904.48,115904.51,115874.28,115884.99,360,63,0
2026.02.05 04:06:00,115893.68,115904.45,115893.68,115904.45,360,63,0
2026.02.05 04:00:00,115882.88,115893.65,115882.88,115893.65,360,63,0
2026.02.05 03:54:00,115872.08,115882.85,115872.08,115882.85,360,63,0
2026.02.05 03:48:00,115890.32,115897.31,115868.30,115872.05,360,63,0
2026.02.05 03:42:00,115879.52,115890.29,115879.52,115890.29,360,63,0
2026.02.05 03:36:00,115868.72,115879.49,115868.72,115879.49,360,63,0
2026.02.05 03:30:00,115876.79,115886.69,115867.85,115868.69,360,63,0
2026.02.05 03:24:00,115904.30,115904.90,115866.62,115876.76,360,63,0
2026.02.05 03:18:00,115893.50,115904.27,115893.50,115904.27,360,63,0
2026.02.05 03:12:00,115882.70,115893.47,115882.70,115893.47,360,63,0
2026.02.05 03:06:00,115871.90,115882.67,115871.90,115882.67,360,63,0
2026.02.05 03:00:00,115861.10,115871.87,115861.10,115871.87,360,63,0
2026.02.05 02:54:00,115850.30,115861.07,115850.30,115861.07,360,63,0
2026.02.05 02:48:00,115873.90,115876.06,115841.69,115850.27,360,63,0
2026.02.05 02:42:00,115890.66,115890.99,115863.46,115873.87,360,63,0
2026.02.05 02:36:00,115879.86,115890.63,115879.86,115890.63,360,63,0
2026.02.05 02:30:00,115869.06,115879.83,115869.06,115879.83,360,63,0
2026.02.05 02:24:00,115920.84,115929.33,115868.88,115869.03,360,63,0
2026.02.05 02:18:00,115910.04,115920.81,115910.04,115920.81,360,63,0
2026.02.05 02:12:00,115899.24,115910.01,115899.24,115910.01,360,63,0
2026.02.05 02:06:00,115888.44,115899.21,115888.44,115899.21,360,63,0
2026.02.05 02:00:00,115877.64,115888.41,115877.64,115888.41,360,63,0
2026.02.05 01:54:00,115901.37,115907.97,115873.47,115877.61,360,63,0
2026.02.05 01:48:00,115890.57,115901.34,115890.57,115901.34,360,63,0
2026.02.05 01:42:00,115879.77,115890.54,115879.77,115890.54,360,63,0
2026.02.05 01:36:00,115868.97,115879.74,115868.97,115879.74,360,63,0
2026.02.05 01:30:00,115858.17,115868.94,115858.17,115868.94,360,63,0
2026.02.05 01:24:00,115847.37,115858.14,115847.37,115858.14,360,63,0
2026.02.05 01:18:00,115836.57,115847.34,115836.57,115847.34,360,63,0
2026.02.05 01:12:00,115855.78,115858.51,115828.53,115836.54,360,63,0
2026.02.05 01:06:00,115844.98,115855.75,115844.98,115855.75,360,63,0
2026.02.05 01:00:00,115858.62,115866.39,115841.98,115844.95,360,63,0
2026.02.05 00:54:00,115847.82,115858.59,115847.82,115858.59,360,63,0
2026.02.05 00:48:00,115837.02,115847.79,115837.02,115847.79,360,63,0
2026.02.05 00:42:00,115880.65,115883.35,115836.54,115836.99,360,63,0
2026.02.05 00:36:00,115869.85,115880.62,115869.85,115880.62,360,63,0
2026.02.05 00:30:00,115859.05,115869.82,115859.05,115869.82,360,63,0
2026.02.05 00:24:00,115981.86,115982.01,115854.49,115859.02,360,63,0
2026.02.05 00:18:00,115971.06,115981.83,115971.06,115981.83,360,63,0
2026.02.05 00:12:00,115989.98,115999.34,115969.65,115971.03,360,63,0
2026.02.05 00:06:00,115979.18,115989.95,115979.18,115989.95,360,63,0
2026.02.05 00:00:00,115968.38,115979.15,115968.38,115979.15,360,63,0
2026.02.04 23:54:00,115957.58,115968.35,115957.58,115968.35,360,63,0
2026.02.04 23:48:00,115984.14,115985.97,115948.64,115957.55,360,63,0
2026.02.04 23:42:00,115992.93,116002.38,115982.82,115984.11,360,63,0
2026.02.04 23:36:00,115982.13,115992.90,115982.13,115992.90,360,63,0
2026.02.04 23:30:00,115971.33,115982.10,115971.33,115982.10,360,63,0
2026.02.04 23:24:00,115960.53,115971.30,115960.53,115971.30,360,63,0
2026.02.04 23:18:00,115949.73,115960.50,115949.73,115960.50,360,63,0
2026.02.04 23:12:00,115959.25,115962.49,115942.20,115949.70,360,63,0
2026.02.04 23:06:00,115948.45,115959.22,115948.45,115959.22,360,63,0
2026.02.04 23:00:00,115937.65,115948.42,115937.65,115948.42,360,63,0
2026.02.04 22:54:00,115955.68,115962.28,115933.48,115937.62,360,63,0
2026.02.04 22:48:00,115944.88,115955.65,115944.88,115955.65,360,63,0
2026.02.04 22:42:00,115973.59,115980.46,115940.98,115944.85,360,63,0
2026.02.04 22:36:00,116034.77,116035.40,116001.58,116010.10,360,63,0
2026.02.04 22:30:00,116044.65,116049.69,116029.04,116034.74,360,63,0
2026.02.04 22:24:00,116082.59,116087.84,116039.13,116044.62,360,63,0
2026.02.04 22:18:00,116108.64,116113.56,116076.74,116082.56,360,63,0
2026.02.04 22:12:00,116097.84,116108.61,116097.84,116108.61,360,63,0
2026.02.04 22:06:00,116124.68,116128.97,116091.36,116097.81,360,63,0
2026.02.04 22:00:00,116150.45,116158.43,116121.89,116124.65,360,63,0
2026.02.04 21:54:00,116139.65,116150.42,116139.65,116150.42,360,63,0
2026.02.04 21:48:00,116150.18,116157.47,116136.17,116139.62,360,63,0
2026.02.04 21:42:00,116158.63,116167.87,116148.65,116150.15,360,63,0
2026.02.04 21:36:00,116166.72,116172.57,116153.71,116158.60,360,63,0
2026.02.04 21:30:00,116187.57,116190.36,116158.74,116166.69,360,63,0
2026.02.04 21:24:00,116176.77,116187.54,116176.77,116187.54,360,63,0
2026.02.04 21:18:00,116165.97,116176.74,116165.97,116176.74,360,63,0
2026.02.04 21:12:00,116187.03,116189.04,116157.21,116165.94,360,63,0
2026.02.04 21:06:00,116211.47,116212.49,116177.28,116187.00,360,63,0
2026.02.04 21:00:00,116200.67,116211.44,116200.67,116211.44,360,63,0
2026.02.04 20:54:00,116189.87,116200.64,116189.87,116200.64,360,63,0
2026.02.04 20:48:00,116219.23,116228.92,116188.79,116189.84,360,63,0
2026.02.04 20:42:00,116208.43,116219.20,116208.43,116219.20,360,63,0
2026.02.04 20:36:00,116197.63,116208.40,116197.63,116208.40,360,63,0
2026.02.04 20:30:00,116186.83,116197.60,116186.83,116197.60,360,63,0
2026.02.04 20:24:00,116176.03,116186.80,116176.03,116186.80,360,63,0
2026.02.04 20:18:00,116195.63,116200.67,116170.30,116176.00,360,63,0
2026.02.04 20:12:00,116184.83,116195.60,116184.83,116195.60,360,63,0
2026.02.04 20:06:00,116174.03,116184.80,116174.03,116184.80,360,63,0
2026.02.04 20:00:00,116188.96,116198.41,116172.71,116174.00,360,63,0
2026.02.04 19:54:00,116178.16,116188.93,116178.16,116188.93,360,63,0
2026.02.04 19:48:00,116167.36,116178.13,116167.36,116178.13,360,63,0
2026.02.04 19:42:00,116156.56,116167.33,116156.56,116167.33,360,63,0
2026.02.04 19:36:00,116145.76,116156.53,116145.76,116156.53,360,63,0
2026.02.04 19:30:00,116183.07,116189.01,116142.67,116145.73,360,63,0
2026.02.04 19:24:00,116172.27,116183.04,116172.27,116183.04,360,63,0
2026.02.04 19:18:00,116161.47,116172.24,116161.47,116172.24,360,63,0
2026.02.04 19:12:00,116150.67,116161.44,116150.67,116161.44,360,63,0
2026.02.04 19:06:00,116139.87,116150.64,116139.87,116150.64,360,63,0
2026.02.04 19:00:00,116172.05,116177.99,116135.04,116139.84,360,63,0
2026.02.04 18:54:00,116161.25,116172.02,116161.25,116172.02,360,63,0
2026.02.04 18:48:00,116150.45,116161.22,116150.45,116161.22,360,63,0
2026.02.04 18:42:00,116139.65,116150.42,116139.65,116150.42,360,63,0
2026.02.04 18:36:00,116128.85,116139.62,116128.85,116139.62,360,63,0
2026.02.04 18:30:00,116118.05,116128.82,116118.05,116128.82,360,63,0
2026.02.04 18:24:00,116134.14,116144.76,116117.90,116118.02,360,63,0
2026.02.04 18:18:00,116163.90,116164.56,116124.03,116134.11,360,63,0
2026.02.04 18:12:00,116189.63,116198.09,116161.59,116163.87,360,63,0
2026.02.04 18:06:00,116191.69,116194.81,116181.98,116189.60,360,63,0
2026.02.04 18:00:00,116180.89,116191.66,116180.89,116191.66,360,63,0
2026.02.04 17:54:00,116199.54,116207.91,116178.49,116180.86,360,63,0
2026.02.04 17:48:00,116188.74,116199.51,116188.74,116199.51,360,63,0
2026.02.04 17:42:00,116193.13,116203.81,116188.65,116188.71,360,63,0
2026.02.04 17:36:00,116196.57,116199.12,116184.91,116193.10,360,63,0
2026.02.04 17:30:00,116199.19,116206.00,116192.61,116196.54,360,63,0
2026.02.04 17:24:00,116188.39,116199.16,116188.39,116199.16,360,63,0
2026.02.04 17:18:00,116177.59,116188.36,116177.59,116188.36,360,63,0
2026.02.04 17:12:00,116182.46,116185.82,116170.18,116177.56,360,63,0
2026.02.04 17:06:00,116171.66,116182.43,116171.66,116182.43,360,63,0
2026.02.04 17:00:00,116160.86,116171.63,116160.86,116171.63,360,63,0
2026.02.04 16:54:00,116179.52,116185.85,116156.42,116160.83,360,63,0
2026.02.04 16:48:00,116168.72,116179.49,116168.72,116179.49,360,63,0
2026.02.04 16:42:00,116224.20,116226.75,116160.71,116168.69,360,63,0
2026.02.04 16:36:00,116213.40,116224.17,116213.40,116224.17,360,63,0
2026.02.04 16:30:00,116202.60,116213.37,116202.60,116213.37,360,63,0
2026.02.04 16:24:00,116248.78,116250.40,116201.61,116202.57,360,63,0
2026.02.04 16:18:00,116252.59,116262.82,116248.24,116248.75,360,63,0
2026.02.04 16:12:00,116286.15,116293.86,116249.53,116252.56,360,63,0
2026.02.04 16:06:00,116290.77,116295.12,116279.73,116286.12,360,63,0
2026.02.04 16:00:00,116279.97,116290.74,116279.97,116290.74,360,63,0
2026.02.04 15:54:00,116269.17,116279.94,116269.17,116279.94,360,63,0
2026.02.04 15:48:00,116258.37,116269.14,116258.37,116269.14,360,63,0
2026.02.04 15:42:00,116247.57,116258.34,116247.57,116258.34,360,63,0
2026.02.04 15:36:00,116236.77,116247.54,116236.77,116247.54,360,63,0
2026.02.04 15:30:00,116225.97,116236.74,116225.97,116236.74,360,63,0
2026.02.04 15:24:00,116242.00,116250.34,116223.54,116225.94,360,63,0
2026.02.04 15:18:00,116231.20,116241.97,116231.20,116241.97,360,63,0
2026.02.04 15:12:00,116220.40,116231.17,116220.40,116231.17,360,63,0
2026.02.04 15:06:00,116288.37,116292.15,116215.99,116220.37,360,63,0
2026.02.04 15:00:00,116277.57,116288.34,116277.57,116288.34,360,63,0
2026.02.04 14:54:00,116266.77,116277.54,116266.77,116277.54,360,63,0
2026.02.04 14:48:00,116288.45,116290.31,116257.86,116266.74,360,63,0
2026.02.04 14:42:00,116277.65,116288.42,116277.65,116288.42,360,63,0
2026.02.04 14:36:00,116266.85,116277.62,116266.85,116277.62,360,63,0
2026.02.04 14:30:00,116256.05,116266.82,116256.05,116266.82,360,63,0
2026.02.04 14:24:00,116245.25,116256.02,116245.25,116256.02,360,63,0
2026.02.04 14:18:00,116258.05,116262.34,116238.77,116245.22,360,63,0
2026.02.04 14:12:00,116247.25,116258.02,116247.25,116258.02,360,63,0
2026.02.04 14:06:00,116236.45,116247.22,116236.45,116247.22,360,63,0
2026.02.04 14:00:00,116225.65,116236.42,116225.65,116236.42,360,63,0
2026.02.04 13:54:00,116214.85,116225.62,116214.85,116225.62,360,63,0
2026.02.04 13:48:00,116204.05,116214.82,116204.05,116214.82,360,63,0
2026.02.04 13:42:00,116193.25,116204.02,116193.25,116204.02,360,63,0
2026.02.04 13:36:00,116207.60,116215.49,116190.37,116193.22,360,63,0
2026.02.04 13:30:00,116196.80,116207.57,116196.80,116207.57,360,63,0
2026.02.04 13:24:00,116186.00,116196.77,116186.00,116196.77,360,63,0
2026.02.04 13:18:00,116209.90,116214.91,116180.24,116185.97,360,63,0
2026.02.04 13:12:00,116199.10,116209.87,116199.10,116209.87,360,63,0
2026.02.04 13:06:00,116268.25,116268.46,116195.14,116199.07,360,63,0
2026.02.04 13:00:00,116257.45,116268.22,116257.45,116268.22,360,63,0
2026.02.04 12:54:00,116246.65,116257.42,116246.65,116257.42,360,63,0
2026.02.04 12:48:00,116250.90,116257.32,116242.30,116246.62,360,63,0
2026.02.04 12:42:00,116240.10,116250.87,116240.10,116250.87,360,63,0
2026.02.04 12:36:00,116229.30,116240.07,116229.30,116240.07,360,63,0
2026.02.04 12:30:00,116243.23,116246.26,116221.56,116229.27,360,63,0
2026.02.04 12:24:00,116232.43,116243.20,116232.43,116243.20,360,63,0
2026.02.04 12:18:00,116221.63,116232.40,116221.63,116232.40,360,63,0
2026.02.04 12:12:00,116236.80,116242.26,116216.32,116221.60,360,63,0
2026.02.04 12:06:00,116253.89,116263.70,116235.84,116236.77,360,63,0
2026.02.04 12:00:00,116278.13,116287.91,116252.90,116253.86,360,63,0
2026.02.04 11:54:00,116267.33,116278.10,116267.33,116278.10,360,63,0
2026.02.04 11:48:00,116256.53,116267.30,116256.53,116267.30,360,63,0
2026.02.04 11:42:00,116245.73,116256.50,116245.73,116256.50,360,63,0
2026.02.04 11:36:00,116252.24,116258.93,116241.65,116245.70,360,63,0
2026.02.04 11:30:00,116241.44,116252.21,116241.44,116252.21,360,63,0
2026.02.04 11:24:00,116230.64,116241.41,116230.64,116241.41,360,63,0
2026.02.04 11:18:00,116251.24,116251.30,116219.93,116230.61,360,63,0
2026.02.04 11:12:00,116258.99,116267.09,116248.57,116251.21,360,63,0
2026.02.04 11:06:00,116248.19,116258.96,116248.19,116258.96,360,63,0
2026.02.04 11:00:00,116237.39,116248.16,116237.39,116248.16,360,63,0
2026.02.04 10:54:00,116226.59,116237.36,116226.59,116237.36,360,63,0
2026.02.04 10:48:00,116215.79,116226.56,116215.79,116226.56,360,63,0
2026.02.04 10:42:00,116204.99,116215.76,116204.99,116215.76,360,63,0
2026.02.04 10:36:00,116219.29,116220.37,116195.30,116204.96,360,63,0
2026.02.04 10:30:00,116208.49,116219.26,116208.49,116219.26,360,63,0
2026.02.04 10:24:00,116197.69,116208.46,116197.69,116208.46,360,63,0
2026.02.04 10:18:00,116219.59,116220.73,116196.58,116197.66,360,63,0
2026.02.04 10:12:00,116208.79,116219.56,116208.79,116219.56,360,63,0
2026.02.04 10:06:00,116197.99,116208.76,116197.99,116208.76,360,63,0
2026.02.04 10:00:00,116187.19,116197.96,116187.19,116197.96,360,63,0
2026.02.04 09:54:00,116193.28,116202.31,116185.45,116187.16,360,63,0
2026.02.04 09:48:00,116182.48,116193.25,116182.48,116193.25,360,63,0
2026.02.04 09:42:00,116171.68,116182.45,116171.68,116182.45,360,63,0
2026.02.04 09:36:00,116160.88,116171.65,116160.88,116171.65,360,63,0
2026.02.04 09:30:00,116150.08,116160.85,116150.08,116160.85,360,63,0
2026.02.04 09:24:00,116139.28,116150.05,116139.28,116150.05,360,63,0
2026.02.04 09:18:00,116128.48,116139.25,116128.48,116139.25,360,63,0
2026.02.04 09:12:00,116117.68,116128.45,116117.68,116128.45,360,63,0
2026.02.04 09:06:00,116136.97,116138.50,116108.44,116117.65,360,63,0
2026.02.04 09:00:00,116157.16,116162.98,116132.02,116136.94,360,63,0
2026.02.04 08:54:00,116146.36,116157.13,116146.36,116157.13,360,63,0
2026.02.04 08:48:00,116135.56,116146.33,116135.56,116146.33,360,63,0
2026.02.04 08:42:00,116144.71,116150.05,116130.13,116135.53,360,63,0
2026.02.04 08:36:00,116150.37,116157.27,116140.84,116144.68,360,63,0
2026.02.04 08:30:00,116160.14,116166.59,116146.05,116150.34,360,63,0
2026.02.04 08:24:00,116167.21,116175.97,116158.13,116160.11,360,63,0
2026.02.04 08:18:00,116156.41,116167.18,116156.41,116167.18,360,63,0
2026.02.04 08:12:00,116145.61,116156.38,116145.61,116156.38,360,63,0
2026.02.04 08:06:00,116134.81,116145.58,116134.81,116145.58,360,63,0
2026.02.04 08:00:00,116124.01,116134.78,116124.01,116134.78,360,63,0
2026.02.04 07:54:00,116113.21,116123.98,116113.21,116123.98,360,63,0
2026.02.04 07:48:00,116121.65,116126.27,116107.06,116113.18,360,63,0
2026.02.04 07:42:00,116191.00,116193.73,116120.99,116121.62,360,63,0
2026.02.04 07:36:00,116180.20,116190.97,116180.20,116190.97,360,63,0
2026.02.04 07:30:00,116183.43,116190.30,116176.30,116180.17,360,63,0
2026.02.04 07:24:00,116172.63,116183.40,116172.63,116183.40,360,63,0
2026.02.04 07:18:00,116161.83,116172.60,116161.83,116172.60,360,63,0
2026.02.04 07:12:00,116151.03,116161.80,116151.03,116161.80,360,63,0
2026.02.04 07:06:00,116188.99,116189.20,116140.47,116151.00,360,63,0
2026.02.04 07:00:00,116204.04,116208.30,116182.48,116188.96,360,63,0
2026.02.04 06:54:00,116193.24,116204.01,116193.24,116204.01,360,63,0
2026.02.04 06:48:00,116182.44,116193.21,116182.44,116193.21,360,63,0
2026.02.04 06:42:00,116185.93,116187.76,116173.50,116182.41,360,63,0
2026.02.04 06:36:00,116258.66,116261.72,116185.63,116185.90,360,63,0
2026.02.04 06:30:00,116247.86,116258.63,116247.86,116258.63,360,63,0
2026.02.04 06:24:00,116237.06,116247.83,116237.06,116247.83,360,63,0
2026.02.04 06:18:00,116226.26,116237.03,116226.26,116237.03,360,63,0
2026.02.04 06:12:00,116229.08,116230.40,116216.81,116226.23,360,63,0
2026.02.04 06:06:00,116277.74,116280.08,116226.53,116229.05,360,63,0
2026.02.04 06:00:00,116266.94,116277.71,116266.94,116277.71,360,63,0
2026.02.04 05:54:00,116279.68,116287.81,116264.30,116266.91,360,63,0
2026.02.04 05:48:00,116285.54,116291.54,116274.91,116279.65,360,63,0
2026.02.04 05:42:00,116274.74,116285.51,116274.74,116285.51,360,63,0
2026.02.04 05:36:00,116263.94,116274.71,116263.94,116274.71,360,63,0
2026.02.04 05:30:00,116253.14,116263.91,116253.14,116263.91,360,63,0
2026.02.04 05:24:00,116242.34,116253.11,116242.34,116253.11,360,63,0
2026.02.04 05:18:00,116231.54,116242.31,116231.54,116242.31,360,63,0
2026.02.04 05:12:00,116248.98,116257.50,116229.29,116231.51,360,63,0
2026.02.04 05:06:00,116252.38,116253.82,116239.65,116248.95,360,63,0
2026.02.04 05:00:00,116257.78,116264.38,116248.21,116252.35,360,63,0
2026.02.04 04:54:00,116246.98,116257.75,116246.98,116257.75,360,63,0
2026.02.04 04:48:00,116236.18,116246.95,116236.18,116246.95,360,63,0
2026.02.04 04:42:00,116225.38,116236.15,116225.38,116236.15,360,63,0
2026.02.04 04:36:00,116279.30,116285.57,116222.05,116225.35,360,63,0
2026.02.04 04:30:00,116268.50,116279.27,116268.50,116279.27,360,63,0
2026.02.04 04:24:00,116275.86,116277.60,116259.47,116268.47,360,63,0
2026.02.04 04:18:00,116265.06,116275.83,116265.06,116275.83,360,63,0
2026.02.04 04:12:00,116254.26,116265.03,116254.26,116265.03,360,63,0
2026.02.04 04:06:00,116243.46,116254.23,116243.46,116254.23,360,63,0
2026.02.04 04:00:00,116258.37,116260.32,116234.64,116243.43,360,63,0
2026.02.04 03:54:00,116247.57,116258.34,116247.57,116258.34,360,63,0
2026.02.04 03:48:00,116236.77,116247.54,116236.77,116247.54,360,63,0
2026.02.04 03:42:00,116225.97,116236.74,116225.97,116236.74,360,63,0
2026.02.04 03:36:00,116215.17,116225.94,116215.17,116225.94,360,63,0
2026.02.04 03:30:00,116204.37,116215.14,116204.37,116215.14,360,63,0
2026.02.04 03:24:00,116193.57,116204.34,116193.57,116204.34,360,63,0
2026.02.04 03:18:00,116182.77,116193.54,116182.77,116193.54,360,63,0
2026.02.04 03:12:00,116171.97,116182.74,116171.97,116182.74,360,63,0
2026.02.04 03:06:00,116188.07,116190.41,116163.54,116171.94,360,63,0
2026.02.04 03:00:00,116177.27,116188.04,116177.27,116188.04,360,63,0
2026.02.04 02:54:00,116166.47,116177.24,116166.47,116177.24,360,63,0
2026.02.04 02:48:00,116155.67,116166.44,116155.67,116166.44,360,63,0
2026.02.04 02:42:00,116161.19,116171.93,116155.64,116155.64,360,63,0
2026.02.04 02:36:00,116150.39,116161.16,116150.39,116161.16,360,63,0
2026.02.04 02:30:00,116139.59,116150.36,116139.59,116150.36,360,63,0
2026.02.04 02:24:00,116128.76,116139.56,116128.76,116139.56,361,63,0
2026.02.04 02:18:00,116117.99,116128.73,116117.99,116128.73,359,63,0
2026.02.04 02:12:00,116107.19,116117.96,116107.19,116117.96,360,63,0
2026.02.04 02:06:00,116112.79,116119.06,116102.66,116107.16,361,63,0
2026.02.04 02:00:00,116102.02,116112.76,116102.02,116112.76,359,63,0
2026.02.04 01:54:00,116091.19,116101.99,116091.19,116101.99,361,63,0
2026.02.04 01:48:00,116098.28,116107.16,116089.30,116091.16,360,63,0
2026.02.04 01:42:00,116129.13,116129.73,116094.59,116098.25,359,63,0
2026.02.04 01:36:00,116118.30,116129.10,116118.30,116129.10,361,63,0
2026.02.04 01:30:00,116107.50,116118.27,116107.50,116118.27,360,63,0
2026.02.04 01:24:00,116116.95,116117.22,116097.00,116107.47,360,63,0
2026.02.04 01:18:00,116106.15,116116.92,116106.15,116116.92,360,63,0
2026.02.04 01:12:00,116132.38,116135.92,116098.92,116106.12,360,63,0
2026.02.04 01:06:00,116137.37,116141.39,116125.63,116132.35,360,63,0
2026.02.04 01:00:00,116126.57,116137.34,116126.57,116137.34,360,63,0
2026.02.04 00:54:00,116115.77,116126.54,116115.77,116126.54,360,63,0
2026.02.04 00:48:00,116104.97,116115.74,116104.97,116115.74,360,63,0
2026.02.04 00:42:00,116112.58,116117.32,116098.94,116104.94,360,63,0
2026.02.04 00:36:00,116101.78,116112.55,116101.78,116112.55,360,63,0
2026.02.04 00:30:00,116090.98,116101.75,116090.98,116101.75,360,63,0
2026.02.04 00:24:00,116080.18,116090.95,116080.18,116090.95,360,63,0
2026.02.04 00:18:00,116088.15,116098.26,116079.52,116080.15,360,63,0
2026.02.04 00:12:00,116077.35,116088.12,116077.35,116088.12,360,63,0
2026.02.04 00:06:00,116066.55,116077.32,116066.55,116077.32,360,63,0
2026.02.04 00:00:00,116071.00,116077.33,116062.11,116066.52,360,63,0
2026.02.03 23:54:00,116060.20,116070.97,116060.20,116070.97,360,63,0
2026.02.03 23:48:00,116071.76,116073.35,116051.02,116060.17,360,63,0
2026.02.03 23:42:00,116060.96,116071.73,116060.96,116071.73,360,63,0
2026.02.03 23:36:00,116050.16,116060.93,116050.16,116060.93,360,63,0
2026.02.03 23:30:00,116039.36,116050.13,116039.36,116050.13,360,63,0
2026.02.03 23:24:00,116028.56,116039.33,116028.56,116039.33,360,63,0
2026.02.03 23:18:00,116017.76,116028.53,116017.76,116028.53,360,63,0
2026.02.03 23:12:00,116006.96,116017.73,116006.96,116017.73,360,63,0
2026.02.03 23:06:00,115996.16,116006.93,115996.16,116006.93,360,63,0
2026.02.03 23:00:00,116005.11,116010.36,115990.64,115996.13,360,63,0
2026.02.03 22:54:00,115994.31,116005.08,115994.31,116005.08,360,63,0
2026.02.03 22:48:00,115983.51,115994.28,115983.51,115994.28,360,63,0
2026.02.03 22:42:00,115972.71,115983.48,115972.71,115983.48,360,63,0
2026.02.03 22:36:00,115983.37,115993.45,115972.02,115972.68,360,63,0
2026.02.03 22:30:00,115972.57,115983.34,115972.57,115983.34,360,63,0
2026.02.03 22:24:00,115961.77,115972.54,115961.77,115972.54,360,63,0
2026.02.03 22:18:00,115969.32,115970.46,115952.14,115961.74,360,63,0
2026.02.03 22:12:00,115978.09,115985.02,115965.48,115969.29,360,63,0
2026.02.03 22:06:00,115967.29,115978.06,115967.29,115978.06,360,63,0
2026.02.03 22:00:00,115956.49,115967.26,115956.49,115967.26,360,63,0
2026.02.03 21:54:00,115945.69,115956.46,115945.69,115956.46,360,63,0
2026.02.03 21:48:00,115934.89,115945.66,115934.89,115945.66,360,63,0
2026.02.03 21:42:00,115924.09,115934.86,115924.09,115934.86,360,63,0
2026.02.03 21:36:00,115913.29,115924.06,115913.29,115924.06,360,63,0
2026.02.03 21:30:00,115902.49,115913.26,115902.49,115913.26,360,63,0
2026.02.03 21:24:00,115891.69,115902.46,115891.69,115902.46,360,63,0
2026.02.03 21:18:00,115906.34,115912.04,115886.62,115891.66,360,63,0
2026.02.03 21:12:00,115895.54,115906.31,115895.54,115906.31,360,63,0
2026.02.03 21:06:00,115884.74,115895.51,115884.74,115895.51,360,63,0
2026.02.03 21:00:00,115909.69,115914.43,115878.71,115884.71,360,63,0
2026.02.03 20:54:00,115898.89,115909.66,115898.89,115909.66,360,63,0
2026.02.03 20:48:00,115888.09,115898.86,115888.09,115898.86,360,63,0
2026.02.03 20:42:00,115877.29,115888.06,115877.29,115888.06,360,63,0
2026.02.03 20:36:00,115866.49,115877.26,115866.49,115877.26,360,63,0
2026.02.03 20:30:00,115855.69,115866.46,115855.69,115866.46,360,63,0
2026.02.03 20:24:00,115879.37,115885.34,115850.89,115855.66,360,63,0
2026.02.03 20:18:00,115868.57,115879.34,115868.57,115879.34,360,63,0
2026.02.03 20:12:00,115857.77,115868.54,115857.77,115868.54,360,63,0
2026.02.03 20:06:00,115913.47,115917.46,115854.05,115857.74,360,63,0
2026.02.03 20:00:00,115902.67,115913.44,115902.67,115913.44,360,63,0
2026.02.03 19:54:00,115891.87,115902.64,115891.87,115902.64,360,63,0
2026.02.03 19:48:00,115881.07,115891.84,115881.07,115891.84,360,63,0
2026.02.03 19:42:00,115870.27,115881.04,115870.27,115881.04,360,63,0
2026.02.03 19:36:00,115859.47,115870.24,115859.47,115870.24,360,63,0
2026.02.03 19:30:00,115848.67,115859.44,115848.67,115859.44,360,63,0
2026.02.03 19:24:00,115856.73,115861.14,115842.31,115848.64,360,63,0
2026.02.03 19:18:00,115867.16,115869.20,115848.00,115856.70,360,63,0
2026.02.03 19:12:00,115856.36,115867.13,115856.36,115867.13,360,63,0
2026.02.03 19:06:00,115845.56,115856.33,115845.56,115856.33,360,63,0
2026.02.03 19:00:00,115879.46,115881.17,115838.93,115845.53,360,63,0
2026.02.03 18:54:00,115868.66,115879.43,115868.66,115879.43,360,63,0
2026.02.03 18:48:00,115857.86,115868.63,115857.86,115868.63,360,63,0
2026.02.03 18:42:00,115847.06,115857.83,115847.06,115857.83,360,63,0
2026.02.03 18:36:00,115898.48,115898.57,115846.43,115847.03,360,63,0
2026.02.03 18:30:00,115887.68,115898.45,115887.68,115898.45,360,63,0
2026.02.03 18:24:00,115876.88,115887.65,115876.88,115887.65,360,63,0
2026.02.03 18:18:00,115866.08,115876.85,115866.08,115876.85,360,63,0
2026.02.03 18:12:00,115855.28,115866.05,115855.28,115866.05,360,63,0
2026.02.03 18:06:00,115885.87,115892.26,115850.90,115855.25,360,63,0
2026.02.03 18:00:00,115875.07,115885.84,115875.07,115885.84,360,63,0
2026.02.03 17:54:00,115864.27,115875.04,115864.27,115875.04,360,63,0
2026.02.03 17:48:00,115853.47,115864.24,115853.47,115864.24,360,63,0
2026.02.03 17:42:00,115842.67,115853.44,115842.67,115853.44,360,63,0
2026.02.03 17:36:00,115854.73,115861.69,115838.86,115842.64,360,63,0
2026.02.03 17:30:00,115875.54,115878.93,115847.35,115854.70,360,63,0
2026.02.03 17:24:00,115864.74,115875.51,115864.74,115875.51,360,63,0
2026.02.03 17:18:00,115901.32,115906.12,115858.77,115864.71,360,63,0
2026.02.03 17:12:00,115909.33,115915.90,115897.12,115901.29,360,63,0
2026.02.03 17:06:00,115898.53,115909.30,115898.53,115909.30,360,63,0
2026.02.03 17:00:00,115887.73,115898.50,115887.73,115898.50,360,63,0
2026.02.03 16:54:00,115876.93,115887.70,115876.93,115887.70,360,63,0
2026.02.03 16:48:00,115866.13,115876.90,115866.13,115876.90,360,63,0
2026.02.03 16:42:00,115855.33,115866.10,115855.33,115866.10,360,63,0
2026.02.03 16:36:00,115844.53,115855.30,115844.53,115855.30,360,63,0
2026.02.03 16:30:00,115889.18,115889.21,115834.00,115844.50,360,63,0
2026.02.03 16:24:00,115923.63,115929.87,115886.84,115889.15,360,63,0
2026.02.03 16:18:00,115926.30,115934.43,115920.99,115923.60,360,63,0
2026.02.03 16:12:00,115915.50,115926.27,115915.50,115926.27,360,63,0
2026.02.03 16:06:00,115973.72,115973.72,115915.02,115915.47,360,63,0
2026.02.03 16:00:00,116012.55,116016.90,115969.82,115973.69,360,63,0
2026.02.03 15:54:00,116001.75,116012.52,116001.75,116012.52,360,63,0
2026.02.03 15:48:00,116010.14,116020.04,116000.88,116001.72,360,63,0
2026.02.03 15:42:00,115999.34,116010.11,115999.34,116010.11,360,63,0
2026.02.03 15:36:00,115988.54,115999.31,115988.54,115999.31,360,63,0
2026.02.03 15:30:00,115977.74,115988.51,115977.74,115988.51,360,63,0
2026.02.03 15:24:00,115966.94,115977.71,115966.94,115977.71,360,63,0
2026.02.03 15:18:00,115990.93,115992.19,115957.43,115966.91,360,63,0
2026.02.03 15:12:00,115980.13,115990.90,115980.13,115990.90,360,63,0
2026.02.03 15:06:00,115969.33,115980.10,115969.33,115980.10,360,63,0
2026.02.03 15:00:00,115958.53,115969.30,115958.53,115969.30,360,63,0
2026.02.03 14:54:00,115947.73,115958.50,115947.73,115958.50,360,63,0
2026.02.03 14:48:00,115936.93,115947.70,115936.93,115947.70,360,63,0
2026.02.03 14:42:00,115957.61,115962.47,115931.02,115936.90,360,63,0
2026.02.03 14:36:00,115946.81,115957.58,115946.81,115957.58,360,63,0
2026.02.03 14:30:00,115936.01,115946.78,115936.01,115946.78,360,63,0
2026.02.03 14:24:00,115925.21,115935.98,115925.21,115935.98,360,63,0
2026.02.03 14:18:00,115937.00,115944.56,115922.00,115925.18,360,63,0
2026.02.03 14:12:00,115926.20,115936.97,115926.20,115936.97,360,63,0
2026.02.03 14:06:00,115915.40,115926.17,115915.40,115926.17,360,63,0
2026.02.03 14:00:00,115904.60,115915.37,115904.60,115915.37,360,63,0
2026.02.03 13:54:00,115916.40,115926.00,115903.43,115904.57,360,63,0
2026.02.03 13:48:00,115955.13,115959.36,115910.13,115916.37,360,63,0
2026.02.03 13:42:00,115944.33,115955.10,115944.33,115955.10,360,63,0
2026.02.03 13:36:00,115933.53,115944.30,115933.53,115944.30,360,63,0
2026.02.03 13:30:00,115946.97,115957.08,115932.87,115933.50,360,63,0
2026.02.03 13:24:00,115936.17,115946.94,115936.17,115946.94,360,63,0
2026.02.03 13:18:00,115950.53,115954.91,115929.78,115936.14,360,63,0
2026.02.03 13:12:00,115939.73,115950.50,115939.73,115950.50,360,63,0
2026.02.03 13:06:00,115928.93,115939.70,115928.93,115939.70,360,63,0
2026.02.03 13:00:00,115918.13,115928.90,115918.13,115928.90,360,63,0
2026.02.03 12:54:00,115907.33,115918.10,115907.33,115918.10,360,63,0
2026.02.03 12:48:00,115896.53,115907.30,115896.53,115907.30,360,63,0
2026.02.03 12:42:00,115905.87,115914.81,115894.70,115896.50,360,63,0
2026.02.03 12:36:00,115895.07,115905.84,115895.07,115905.84,360,63,0
2026.02.03 12:30:00,115884.27,115895.04,115884.27,115895.04,360,63,0
2026.02.03 12:24:00,115895.69,115901.09,115878.90,115884.24,360,63,0
2026.02.03 12:18:00,115884.89,115895.66,115884.89,115895.66,360,63,0
2026.02.03 12:12:00,115874.09,115884.86,115874.09,115884.86,360,63,0
2026.02.03 12:06:00,115863.29,115874.06,115863.29,115874.06,360,63,0
2026.02.03 12:00:00,115852.49,115863.26,115852.49,115863.26,360,63,0
2026.02.03 11:54:00,115841.69,115852.46,115841.69,115852.46,360,63,0
2026.02.03 11:48:00,115830.89,115841.66,115830.89,115841.66,360,63,0
2026.02.03 11:42:00,115820.09,115830.86,115820.09,115830.86,360,63,0
2026.02.03 11:36:00,115809.29,115820.06,115809.29,115820.06,360,63,0
2026.02.03 11:30:00,115810.92,115817.25,115804.85,115809.26,360,63,0
2026.02.03 11:24:00,115800.12,115810.89,115800.12,115810.89,360,63,0
2026.02.03 11:18:00,115789.32,115800.09,115789.32,115800.09,360,63,0
2026.02.03 11:12:00,115778.52,115789.29,115778.52,115789.29,360,63,0
2026.02.03 11:06:00,115767.72,115778.49,115767.72,115778.49,360,63,0
2026.02.03 11:00:00,115793.32,115795.03,115759.41,115767.69,360,63,0
2026.02.03 10:54:00,115782.52,115793.29,115782.52,115793.29,360,63,0
2026.02.03 10:48:00,115771.72,115782.49,115771.72,115782.49,360,63,0
2026.02.03 10:42:00,115760.92,115771.69,115760.92,115771.69,360,63,0
2026.02.03 10:36:00,115750.12,115760.89,115750.12,115760.89,360,63,0
2026.02.03 10:30:00,115751.47,115756.63,115744.51,115750.09,360,63,0
2026.02.03 10:24:00,115740.67,115751.44,115740.67,115751.44,360,63,0
2026.02.03 10:18:00,115729.87,115740.64,115729.87,115740.64,360,63,0
2026.02.03 10:12:00,115742.29,115744.93,115721.74,115729.84,360,63,0
2026.02.03 10:06:00,115731.49,115742.26,115731.49,115742.26,360,63,0
2026.02.03 10:00:00,115739.84,115745.45,115726.33,115731.46,360,63,0
2026.02.03 09:54:00,115747.91,115750.13,115731.29,115739.81,360,63,0
2026.02.03 09:48:00,115764.58,115771.66,115744.22,115747.88,360,63,0
2026.02.03 09:42:00,115753.78,115764.55,115753.78,115764.55,360,63,0
2026.02.03 09:36:00,115761.93,115764.03,115745.11,115753.75,360,63,0
2026.02.03 09:30:00,115751.13,115761.90,115751.13,115761.90,360,63,0
2026.02.03 09:24:00,115740.33,115751.10,115740.33,115751.10,360,63,0
2026.02.03 09:18:00,115761.60,115762.65,115730.61,115740.30,360,63,0
2026.02.03 09:12:00,115750.80,115761.57,115750.80,115761.57,360,63,0
2026.02.03 09:06:00,115740.00,115750.77,115740.00,115750.77,360,63,0
2026.02.03 09:00:00,115729.20,115739.97,115729.20,115739.97,360,63,0
2026.02.03 08:54:00,115718.40,115729.17,115718.40,115729.17,360,63,0
2026.02.03 08:48:00,115727.11,115729.96,115710.48,115718.37,360,63,0
2026.02.03 08:42:00,115716.31,115727.08,115716.31,115727.08,360,63,0
2026.02.03 08:36:00,115705.51,115716.28,115705.51,115716.28,360,63,0
2026.02.03 08:30:00,115694.71,115705.48,115694.71,115705.48,360,63,0
2026.02.03 08:24:00,115734.40,115735.27,115684.81,115694.68,360,63,0
2026.02.03 08:18:00,115723.60,115734.37,115723.60,115734.37,360,63,0
2026.02.03 08:12:00,115747.94,115755.32,115720.21,115723.57,360,63,0
2026.02.03 08:06:00,115737.14,115747.91,115737.14,115747.91,360,63,0
2026.02.03 08:00:00,115726.34,115737.11,115726.34,115737.11,360,63,0
2026.02.03 07:54:00,115793.47,115800.34,115725.83,115726.31,360,63,0
2026.02.03 07:48:00,115828.94,115829.30,115790.56,115793.44,360,63,0
2026.02.03 07:42:00,115818.14,115828.91,115818.14,115828.91,360,63,0
2026.02.03 07:36:00,115807.34,115818.11,115807.34,115818.11,360,63,0
2026.02.03 07:30:00,115844.55,115848.21,115801.31,115807.31,360,63,0
2026.02.03 07:24:00,115859.71,115865.32,115839.39,115844.52,360,63,0
2026.02.03 07:18:00,115848.91,115859.68,115848.91,115859.68,360,63,0
2026.02.03 07:12:00,115838.11,115848.88,115838.11,115848.88,360,63,0
2026.02.03 07:06:00,115866.80,115874.09,115834.63,115838.08,360,63,0
2026.02.03 07:00:00,115856.00,115866.77,115856.00,115866.77,360,63,0
2026.02.03 06:54:00,115845.20,115855.97,115845.20,115855.97,360,63,0
2026.02.03 06:48:00,115856.87,115866.41,115843.97,115845.17,360,63,0
2026.02.03 06:42:00,115846.07,115856.84,115846.07,115856.84,360,63,0
2026.02.03 06:36:00,115875.59,115876.97,115836.68,115846.04,360,63,0
2026.02.03 06:30:00,115864.79,115875.56,115864.79,115875.56,360,63,0
2026.02.03 06:24:00,115853.99,115864.76,115853.99,115864.76,360,63,0
2026.02.03 06:18:00,115884.21,115893.24,115852.25,115853.96,360,63,0
2026.02.03 06:12:00,115936.20,115941.54,115878.84,115884.18,360,63,0
2026.02.03 06:06:00,115941.03,115944.09,115928.49,115936.17,360,63,0
2026.02.03 06:00:00,115957.54,115966.75,115939.47,115941.00,360,63,0
2026.02.03 05:54:00,115981.94,115991.12,115955.95,115957.51,360,63,0
2026.02.03 05:48:00,115971.14,115981.91,115971.14,115981.91,360,63,0
2026.02.03 05:42:00,115960.34,115971.11,115960.34,115971.11,360,63,0
2026.02.03 05:36:00,115986.63,115993.41,115956.62,115960.31,360,63,0
2026.02.03 05:30:00,115993.24,115993.90,115976.52,115986.60,360,63,0
2026.02.03 05:24:00,115982.44,115993.21,115982.44,115993.21,360,63,0
2026.02.03 05:18:00,115990.10,115997.12,115978.69,115982.41,360,63,0
2026.02.03 05:12:00,115979.30,115990.07,115979.30,115990.07,360,63,0
2026.02.03 05:06:00,115968.50,115979.27,115968.50,115979.27,360,63,0
2026.02.03 05:00:00,115957.70,115968.47,115957.70,115968.47,360,63,0
2026.02.03 04:54:00,115946.90,115957.67,115946.90,115957.67,360,63,0
2026.02.03 04:48:00,115936.10,115946.87,115936.10,115946.87,360,63,0
2026.02.03 04:42:00,115925.30,115936.07,115925.30,115936.07,360,63,0
2026.02.03 04:36:00,115914.50,115925.27,115914.50,115925.27,360,63,0
2026.02.03 04:30:00,115903.70,115914.47,115903.70,115914.47,360,63,0
2026.02.03 04:24:00,115892.90,115903.67,115892.90,115903.67,360,63,0
2026.02.03 04:18:00,115882.10,115892.87,115882.10,115892.87,360,63,0
2026.02.03 04:12:00,115900.37,115910.27,115881.23,115882.07,360,63,0
2026.02.03 04:06:00,115889.57,115900.34,115889.57,115900.34,360,63,0
2026.02.03 04:00:00,115878.77,115889.54,115878.77,115889.54,360,63,0
2026.02.03 03:54:00,115867.97,115878.74,115867.97,115878.74,360,63,0
2026.02.03 03:48:00,115857.17,115867.94,115857.17,115867.94,360,63,0
2026.02.03 03:42:00,115869.31,115876.15,115853.24,115857.14,360,63,0
2026.02.03 03:36:00,115858.51,115869.28,115858.51,115869.28,360,63,0
2026.02.03 03:30:00,115863.09,115863.09,115847.74,115858.48,360,63,0
2026.02.03 03:24:00,115852.29,115863.06,115852.29,115863.06,360,63,0
2026.02.03 03:18:00,115877.94,115887.12,115850.70,115852.26,360,63,0
2026.02.03 03:12:00,115898.34,115903.38,115872.21,115877.91,360,63,0
2026.02.03 03:06:00,115887.54,115898.31,115887.54,115898.31,360,63,0
2026.02.03 03:00:00,115876.74,115887.51,115876.74,115887.51,360,63,0
2026.02.03 02:54:00,115865.94,115876.71,115865.94,115876.71,360,63,0
2026.02.03 02:48:00,115855.14,115865.91,115855.14,115865.91,360,63,0
2026.02.03 02:42:00,115844.34,115855.11,115844.34,115855.11,360,63,0
2026.02.03 02:36:00,115833.54,115844.31,115833.54,115844.31,360,63,0
2026.02.03 02:30:00,115841.26,115850.62,115832.13,115833.51,360,63,0
2026.02.03 02:24:00,115830.46,115841.23,115830.46,115841.23,360,63,0
2026.02.03 02:18:00,115819.66,115830.43,115819.66,115830.43,360,63,0
2026.02.03 02:12:00,115839.33,115842.48,115812.04,115819.63,360,63,0
2026.02.03 02:06:00,115828.53,115839.30,115828.53,115839.30,360,63,0
2026.02.03 02:00:00,115817.73,115828.50,115817.73,115828.50,360,63,0
2026.02.03 01:54:00,115806.93,115817.70,115806.93,115817.70,360,63,0
2026.02.03 01:48:00,115796.13,115806.90,115796.13,115806.90,360,63,0
2026.02.03 01:42:00,115785.33,115796.10,115785.33,115796.10,360,63,0
2026.02.03 01:36:00,115774.53,115785.30,115774.53,115785.30,360,63,0
2026.02.03 01:30:00,115763.73,115774.50,115763.73,115774.50,360,63,0
2026.02.03 01:24:00,115752.93,115763.70,115752.93,115763.70,360,63,0
2026.02.03 01:18:00,115742.13,115752.90,115742.13,115752.90,360,63,0
2026.02.03 01:12:00,115731.33,115742.10,115731.33,115742.10,360,63,0
2026.02.03 01:06:00,115720.53,115731.30,115720.53,115731.30,360,63,0
2026.02.03 01:00:00,115768.05,115768.86,115719.93,115720.50,360,63,0
2026.02.03 00:54:00,115775.13,115776.36,115758.51,115768.02,360,63,0
2026.02.03 00:48:00,115780.94,115786.46,115769.88,115775.10,360,63,0
2026.02.03 00:42:00,115770.14,115780.91,115770.14,115780.91,360,63,0
2026.02.03 00:36:00,115759.34,115770.11,115759.34,115770.11,360,63,0
2026.02.03 00:30:00,115748.54,115759.31,115748.54,115759.31,360,63,0
2026.02.03 00:24:00,115832.02,115832.32,115746.47,115748.51,360,63,0
2026.02.03 00:18:00,115821.22,115831.99,115821.22,115831.99,360,63,0
2026.02.03 00:12:00,115810.42,115821.19,115810.42,115821.19,360,63,0
2026.02.03 00:06:00,115799.62,115810.39,115799.62,115810.39,360,63,0
2026.02.03 00:00:00,115788.82,115799.59,115788.82,115799.59,360,63,0
2026.02.02 23:54:00,115778.02,115788.79,115778.02,115788.79,360,63,0
2026.02.02 23:48:00,115767.22,115777.99,115767.22,115777.99,360,63,0
2026.02.02 23:42:00,115756.42,115767.19,115756.42,115767.19,360,63,0
2026.02.02 23:36:00,115745.62,115756.39,115745.62,115756.39,360,63,0
2026.02.02 23:30:00,115753.55,115763.57,115744.87,115745.59,360,63,0
2026.02.02 23:24:00,115742.75,115753.52,115742.75,115753.52,360,63,0
2026.02.02 23:18:00,115731.95,115742.72,115731.95,115742.72,360,63,0
2026.02.02 23:12:00,115735.81,115741.57,115726.94,115731.92,360,63,0
2026.02.02 23:06:00,115725.01,115735.78,115725.01,115735.78,360,63,0
2026.02.02 23:00:00,115714.21,115724.98,115714.21,115724.98,360,63,0
2026.02.02 22:54:00,115703.41,115714.18,115703.41,115714.18,360,63,0
2026.02.02 22:48:00,115692.61,115703.38,115692.61,115703.38,360,63,0
2026.02.02 22:42:00,115681.81,115692.58,115681.81,115692.58,360,63,0
2026.02.02 22:36:00,115716.10,115716.88,115678.93,115681.78,360,63,0
2026.02.02 22:30:00,115732.04,115736.99,115710.28,115716.07,360,63,0
2026.02.02 22:24:00,115749.65,115753.13,115724.75,115732.01,360,63,0
2026.02.02 22:18:00,115803.84,115808.01,115747.22,115749.62,360,63,0
2026.02.02 22:12:00,115830.65,115835.99,115800.60,115803.81,360,63,0
2026.02.02 22:06:00,115819.85,115830.62,115819.85,115830.62,360,63,0
2026.02.02 22:00:00,115809.05,115819.82,115809.05,115819.82,360,63,0
2026.02.02 21:54:00,115798.25,115809.02,115798.25,115809.02,360,63,0
2026.02.02 21:48:00,115803.93,115807.92,115791.47,115798.22,360,63,0
2026.02.02 21:42:00,115831.95,115840.77,115801.98,115803.90,360,63,0
2026.02.02 21:36:00,115821.15,115831.92,115821.15,115831.92,360,63,0
2026.02.02 21:30:00,115810.35,115821.12,115810.35,115821.12,360,63,0
2026.02.02 21:24:00,115816.97,115819.22,115801.83,115810.32,360,63,0
2026.02.02 21:18:00,115806.17,115816.94,115806.17,115816.94,360,63,0
2026.02.02 21:12:00,115813.75,115818.52,115800.17,115806.14,360,63,0
2026.02.02 21:06:00,115802.95,115813.72,115802.95,115813.72,360,63,0
2026.02.02 21:00:00,115792.15,115802.92,115792.15,115802.92,360,63,0
2026.02.02 20:54:00,115781.35,115792.12,115781.35,115792.12,360,63,0
2026.02.02 20:48:00,115770.55,115781.32,115770.55,115781.32,360,63,0
2026.02.02 20:42:00,115780.64,115785.95,115765.09,115770.52,360,63,0
2026.02.02 20:36:00,115820.41,115821.73,115773.80,115780.61,360,63,0
2026.02.02 20:30:00,115809.61,115820.38,115809.61,115820.38,360,63,0
2026.02.02 20:24:00,115798.81,115809.58,115798.81,115809.58,360,63,0
2026.02.02 20:18:00,115788.01,115798.78,115788.01,115798.78,360,63,0
2026.02.02 20:12:00,115777.21,115787.98,115777.21,115787.98,360,63,0
2026.02.02 20:06:00,115766.41,115777.18,115766.41,115777.18,360,63,0
2026.02.02 20:00:00,115792.96,115797.31,115759.99,115766.38,360,63,0
2026.02.02 19:54:00,115782.16,115792.93,115782.16,115792.93,360,63,0
2026.02.02 19:48:00,115804.34,115808.45,115775.50,115782.13,360,63,0
2026.02.02 19:42:00,115793.54,115804.31,115793.54,115804.31,360,63,0
2026.02.02 19:36:00,115782.74,115793.51,115782.74,115793.51,360,63,0
2026.02.02 19:30:00,115771.94,115782.71,115771.94,115782.71,360,63,0
2026.02.02 19:24:00,115761.14,115771.91,115761.14,115771.91,360,63,0
2026.02.02 19:18:00,115750.34,115761.11,115750.34,115761.11,360,63,0
2026.02.02 19:12:00,115751.60,115753.01,115740.98,115750.31,360,63,0
2026.02.02 19:06:00,115740.80,115751.57,115740.80,115751.57,360,63,0
2026.02.02 19:00:00,115730.00,115740.77,115730.00,115740.77,360,63,0
2026.02.02 18:54:00,115719.20,115729.97,115719.20,115729.97,360,63,0
2026.02.02 18:48:00,115730.91,115734.69,115712.21,115719.17,360,63,0
2026.02.02 18:42:00,115720.11,115730.88,115720.11,115730.88,360,63,0
2026.02.02 18:36:00,115751.43,115761.66,115719.57,115720.08,360,63,0
2026.02.02 18:30:00,115740.63,115751.40,115740.63,115751.40,360,63,0
2026.02.02 18:24:00,115729.83,115740.60,115729.83,115740.60,360,63,0
2026.02.02 18:18:00,115719.03,115729.80,115719.03,115729.80,360,63,0
2026.02.02 18:12:00,115743.47,115751.90,115718.22,115719.00,360,63,0
2026.02.02 18:06:00,115747.16,115751.18,115736.72,115743.44,360,63,0
2026.02.02 18:00:00,115736.36,115747.13,115736.36,115747.13,360,63,0
2026.02.02 17:54:00,115725.56,115736.33,115725.56,115736.33,360,63,0
2026.02.02 17:48:00,115743.52,115751.29,115722.56,115725.53,360,63,0
2026.02.02 17:42:00,115732.72,115743.49,115732.72,115743.49,360,63,0
2026.02.02 17:36:00,115721.92,115732.69,115721.92,115732.69,360,63,0
2026.02.02 17:30:00,115747.03,115749.70,115713.82,115721.89,360,63,0
2026.02.02 17:24:00,115736.23,115747.00,115736.23,115747.00,360,63,0
2026.02.02 17:18:00,115725.43,115736.20,115725.43,115736.20,360,63,0
2026.02.02 17:12:00,115764.44,115764.44,115716.55,115725.40,360,63,0
2026.02.02 17:06:00,115753.64,115764.41,115753.64,115764.41,360,63,0
2026.02.02 17:00:00,115742.84,115753.61,115742.84,115753.61,360,63,0
2026.02.02 16:54:00,115732.04,115742.81,115732.04,115742.81,360,63,0
2026.02.02 16:48:00,115721.24,115732.01,115721.24,115732.01,360,63,0
2026.02.02 16:42:00,115710.44,115721.21,115710.44,115721.21,360,63,0
2026.02.02 16:36:00,115717.32,115719.33,115701.68,115710.41,360,63,0
2026.02.02 16:30:00,115706.52,115717.29,115706.52,115717.29,360,63,0
2026.02.02 16:24:00,115695.72,115706.49,115695.72,115706.49,360,63,0
2026.02.02 16:18:00,115684.92,115695.69,115684.92,115695.69,360,63,0
2026.02.02 16:12:00,115690.93,115692.46,115675.68,115684.89,360,63,0
2026.02.02 16:06:00,115680.13,115690.90,115680.13,115690.90,360,63,0
2026.02.02 16:00:00,115669.33,115680.10,115669.33,115680.10,360,63,0
2026.02.02 15:54:00,115671.00,115680.75,115668.31,115669.30,360,63,0
2026.02.02 15:48:00,115660.20,115670.97,115660.20,115670.97,360,63,0
2026.02.02 15:42:00,115649.40,115660.17,115649.40,115660.17,360,63,0
2026.02.02 15:36:00,115656.62,115660.10,115642.11,115649.37,360,63,0
2026.02.02 15:30:00,115645.82,115656.59,115645.82,115656.59,360,63,0
2026.02.02 15:24:00,115682.97,115686.33,115643.42,115645.79,360,63,0
2026.02.02 15:18:00,115672.17,115682.94,115672.17,115682.94,360,63,0
2026.02.02 15:12:00,115661.37,115672.14,115661.37,115672.14,360,63,0
2026.02.02 15:06:00,115662.87,115669.95,115657.68,115661.34,360,63,0
2026.02.02 15:00:00,115674.01,115676.83,115654.92,115662.84,360,63,0
2026.02.02 14:54:00,115663.21,115673.98,115663.21,115673.98,360,63,0
2026.02.02 14:48:00,115652.41,115663.18,115652.41,115663.18,360,63,0
2026.02.02 14:42:00,115664.99,115668.41,115645.06,115652.38,360,63,0
2026.02.02 14:36:00,115654.19,115664.96,115654.19,115664.96,360,63,0
2026.02.02 14:30:00,115643.39,115654.16,115643.39,115654.16,360,63,0
2026.02.02 14:24:00,115669.77,115674.78,115637.63,115643.36,360,63,0
2026.02.02 14:18:00,115711.51,115712.26,115662.48,115669.74,360,63,0
2026.02.02 14:12:00,115700.71,115711.48,115700.71,115711.48,360,63,0
2026.02.02 14:06:00,115707.89,115712.39,115694.44,115700.68,360,63,0
2026.02.02 14:00:00,115697.09,115707.86,115697.09,115707.86,360,63,0
2026.02.02 13:54:00,115686.29,115697.06,115686.29,115697.06,360,63,0
2026.02.02 13:48:00,115675.49,115686.26,115675.49,115686.26,360,63,0
2026.02.02 13:42:00,115664.69,115675.46,115664.69,115675.46,360,63,0
2026.02.02 13:36:00,115653.89,115664.66,115653.89,115664.66,360,63,0
2026.02.02 13:30:00,115643.09,115653.86,115643.09,115653.86,360,63,0
2026.02.02 13:24:00,115632.29,115643.06,115632.29,115643.06,360,63,0
2026.02.02 13:18:00,115621.49,115632.26,115621.49,115632.26,360,63,0
2026.02.02 13:12:00,115610.69,115621.46,115610.69,115621.46,360,63,0
2026.02.02 13:06:00,115599.89,115610.66,115599.89,115610.66,360,63,0
2026.02.02 13:00:00,115589.09,115599.86,115589.09,115599.86,360,63,0
2026.02.02 12:54:00,115593.55,115603.27,115588.04,115589.06,360,63,0
2026.02.02 12:48:00,115582.75,115593.52,115582.75,115593.52,360,63,0
2026.02.02 12:42:00,115571.95,115582.72,115571.95,115582.72,360,63,0
2026.02.02 12:36:00,115561.15,115571.92,115561.15,115571.92,360,63,0
2026.02.02 12:30:00,115550.35,115561.12,115550.35,115561.12,360,63,0
2026.02.02 12:24:00,115564.47,115566.54,115541.65,115550.32,360,63,0
2026.02.02 12:18:00,115553.67,115564.44,115553.67,115564.44,360,63,0
2026.02.02 12:12:00,115542.87,115553.64,115542.87,115553.64,360,63,0
2026.02.02 12:06:00,115532.07,115542.84,115532.07,115542.84,360,63,0
2026.02.02 12:00:00,115521.27,115532.04,115521.27,115532.04,360,63,0
2026.02.02 11:54:00,115527.86,115534.37,115517.01,115521.24,360,63,0
2026.02.02 11:48:00,115517.06,115527.83,115517.06,115527.83,360,63,0
2026.02.02 11:42:00,115534.59,115535.13,115506.83,115517.03,360,63,0
2026.02.02 11:36:00,115540.78,115541.62,115524.66,115534.56,360,63,0
2026.02.02 11:30:00,115529.98,115540.75,115529.98,115540.75,360,63,0
2026.02.02 11:24:00,115546.96,115554.07,115526.32,115529.95,360,63,0
2026.02.02 11:18:00,115554.12,115555.35,115537.42,115546.93,360,63,0
2026.02.02 11:12:00,115543.32,115554.09,115543.32,115554.09,360,63,0
2026.02.02 11:06:00,115532.52,115543.29,115532.52,115543.29,360,63,0
2026.02.02 11:00:00,115521.72,115532.49,115521.72,115532.49,360,63,0
2026.02.02 10:54:00,115510.92,115521.69,115510.92,115521.69,360,63,0
2026.02.02 10:48:00,115520.94,115528.32,115507.53,115510.89,360,63,0
2026.02.02 10:42:00,115510.14,115520.91,115510.14,115520.91,360,63,0
2026.02.02 10:36:00,115517.79,115525.44,115507.02,115510.11,360,63,0
2026.02.02 10:30:00,115506.99,115517.76,115506.99,115517.76,360,63,0
2026.02.02 10:24:00,115496.19,115506.96,115496.19,115506.96,360,63,0
2026.02.02 10:18:00,115541.58,115543.98,115490.43,115496.16,360,63,0
2026.02.02 10:12:00,115530.78,115541.55,115530.78,115541.55,360,63,0
2026.02.02 10:06:00,115519.98,115530.75,115519.98,115530.75,360,63,0
2026.02.02 10:00:00,115509.18,115519.95,115509.18,115519.95,360,63,0
2026.02.02 09:54:00,115498.38,115509.15,115498.38,115509.15,360,63,0
2026.02.02 09:48:00,115487.58,115498.35,115487.58,115498.35,360,63,0
2026.02.02 09:42:00,115523.41,115526.11,115487.28,115487.55,360,63,0
2026.02.02 09:36:00,115542.68,115543.22,115513.18,115523.38,360,63,0
2026.02.02 09:30:00,115565.79,115572.60,115538.72,115542.65,360,63,0
2026.02.02 09:24:00,115554.99,115565.76,115554.99,115565.76,360,63,0
2026.02.02 09:18:00,115544.19,115554.96,115544.19,115554.96,360,63,0
2026.02.02 09:12:00,115533.39,115544.16,115533.39,115544.16,360,63,0
2026.02.02 09:06:00,115522.59,115533.36,115522.59,115533.36,360,63,0
2026.02.02 09:00:00,115511.79,115522.56,115511.79,115522.56,360,63,0
2026.02.02 08:54:00,115500.99,115511.76,115500.99,115511.76,360,63,0
2026.02.02 08:48:00,115490.19,115500.96,115490.19,115500.96,360,63,0
2026.02.02 08:42:00,115479.39,115490.16,115479.39,115490.16,360,63,0
2026.02.02 08:36:00,115501.14,115502.85,115473.12,115479.36,360,63,0
2026.02.02 08:30:00,115490.34,115501.11,115490.34,115501.11,360,63,0
2026.02.02 08:24:00,115479.54,115490.31,115479.54,115490.31,360,63,0
2026.02.02 08:18:00,115468.74,115479.51,115468.74,115479.51,360,63,0
2026.02.02 08:12:00,115473.50,115480.16,115464.63,115468.71,360,63,0
2026.02.02 08:06:00,115462.70,115473.47,115462.70,115473.47,360,63,0
2026.02.02 08:00:00,115486.18,115487.95,115453.70,115462.67,360,63,0
2026.02.02 07:54:00,115503.71,115505.09,115476.79,115486.15,360,63,0
2026.02.02 07:48:00,115521.44,115523.06,115494.56,115503.68,360,63,0
2026.02.02 07:42:00,115510.64,115521.41,115510.64,115521.41,360,63,0
2026.02.02 07:36:00,115499.84,115510.61,115499.84,115510.61,360,63,0
2026.02.02 07:30:00,115489.04,115499.81,115489.04,115499.81,360,63,0
2026.02.02 07:24:00,115478.24,115489.01,115478.24,115489.01,360,63,0
2026.02.02 07:18:00,115467.44,115478.21,115467.44,115478.21,360,63,0
2026.02.02 07:12:00,115469.56,115474.81,115461.92,115467.41,360,63,0
2026.02.02 07:06:00,115458.76,115469.53,115458.76,115469.53,360,63,0
2026.02.02 07:00:00,115447.96,115458.73,115447.96,115458.73,360,63,0
2026.02.02 06:54:00,115437.16,115447.93,115437.16,115447.93,360,63,0
2026.02.02 06:48:00,115426.36,115437.13,115426.36,115437.13,360,63,0
2026.02.02 06:42:00,115415.56,115426.33,115415.56,115426.33,360,63,0
2026.02.02 06:36:00,115404.76,115415.53,115404.76,115415.53,360,63,0
2026.02.02 06:30:00,115415.74,115425.19,115403.44,115404.73,360,63,0
2026.02.02 06:24:00,115438.23,115443.51,115410.25,115415.71,360,63,0
2026.02.02 06:18:00,115427.43,115438.20,115427.43,115438.20,360,63,0
2026.02.02 06:12:00,115429.60,115434.19,115421.25,115427.40,360,63,0
2026.02.02 06:06:00,115436.08,115439.23,115421.98,115429.57,360,63,0
2026.02.02 06:00:00,115425.28,115436.05,115425.28,115436.05,360,63,0
2026.02.02 05:54:00,115414.48,115425.25,115414.48,115425.25,360,63,0
2026.02.02 05:48:00,115427.30,115430.78,115407.19,115414.45,360,63,0
2026.02.02 05:42:00,115416.50,115427.27,115416.50,115427.27,360,63,0
2026.02.02 05:36:00,115426.52,115434.86,115414.07,115416.47,360,63,0
2026.02.02 05:30:00,115415.72,115426.49,115415.72,115426.49,360,63,0
2026.02.02 05:24:00,115404.92,115415.69,115404.92,115415.69,360,63,0
2026.02.02 05:18:00,115394.12,115404.89,115394.12,115404.89,360,63,0
2026.02.02 05:12:00,115407.52,115412.35,115388.18,115394.09,360,63,0
2026.02.02 05:06:00,115396.72,115407.49,115396.72,115407.49,360,63,0
2026.02.02 05:00:00,115385.92,115396.69,115385.92,115396.69,360,63,0
2026.02.02 04:54:00,115375.12,115385.89,115375.12,115385.89,360,63,0
2026.02.02 04:48:00,115386.51,115394.37,115372.21,115375.09,360,63,0
2026.02.02 04:42:00,115399.65,115401.33,115377.42,115386.48,360,63,0
2026.02.02 04:36:00,115388.85,115399.62,115388.85,115399.62,360,63,0
2026.02.02 04:30:00,115378.05,115388.82,115378.05,115388.82,360,63,0
2026.02.02 04:24:00,115404.31,115408.69,115372.44,115378.02,360,63,0
2026.02.02 04:18:00,115408.26,115411.77,115397.05,115404.28,360,63,0
2026.02.02 04:12:00,115421.99,115432.49,115407.99,115408.23,360,63,0
2026.02.02 04:06:00,115411.19,115421.96,115411.19,115421.96,360,63,0
2026.02.02 04:00:00,115427.56,115434.16,115407.02,115411.16,360,63,0
2026.02.02 03:54:00,115416.76,115427.53,115416.76,115427.53,360,63,0
2026.02.02 03:48:00,115405.96,115416.73,115405.96,115416.73,360,63,0
2026.02.02 03:42:00,115422.26,115432.70,115405.63,115405.93,360,63,0
2026.02.02 03:36:00,115411.46,115422.23,115411.46,115422.23,360,63,0
2026.02.02 03:30:00,115400.66,115411.43,115400.66,115411.43,360,63,0
2026.02.02 03:24:00,115389.86,115400.63,115389.86,115400.63,360,63,0
2026.02.02 03:18:00,115379.06,115389.83,115379.06,115389.83,360,63,0
2026.02.02 03:12:00,115368.26,115379.03,115368.26,115379.03,360,63,0
2026.02.02 03:06:00,115357.46,115368.23,115357.46,115368.23,360,63,0
2026.02.02 03:00:00,115384.46,115393.37,115355.60,115357.43,360,63,0
2026.02.02 02:54:00,115373.66,115384.43,115373.66,115384.43,360,63,0
2026.02.02 02:48:00,115362.86,115373.63,115362.86,115373.63,360,63,0
2026.02.02 02:42:00,115352.06,115362.83,115352.06,115362.83,360,63,0
2026.02.02 02:36:00,115341.26,115352.03,115341.26,115352.03,360,63,0
2026.02.02 02:30:00,115330.46,115341.23,115330.46,115341.23,360,63,0
2026.02.02 02:24:00,115319.66,115330.43,115319.66,115330.43,360,63,0
2026.02.02 02:18:00,115308.86,115319.63,115308.86,115319.63,360,63,0
2026.02.02 02:12:00,115298.06,115308.83,115298.06,115308.83,360,63,0
2026.02.02 02:06:00,115309.23,115317.45,115295.51,115298.03,360,63,0
2026.02.02 02:00:00,115298.43,115309.20,115298.43,115309.20,360,63,0
2026.02.02 01:54:00,115287.63,115298.40,115287.63,115298.40,360,63,0
2026.02.02 01:48:00,115276.83,115287.60,115276.83,115287.60,360,63,0
2026.02.02 01:42:00,115266.03,115276.80,115266.03,115276.80,360,63,0
2026.02.02 01:36:00,115255.23,115266.00,115255.23,115266.00,360,63,0
2026.02.02 01:30:00,115244.43,115255.20,115244.43,115255.20,360,63,0
2026.02.02 01:24:00,115233.63,115244.40,115233.63,115244.40,360,63,0
2026.02.02 01:18:00,115222.83,115233.60,115222.83,115233.60,360,63,0
2026.02.02 01:12:00,115212.03,115222.80,115212.03,115222.80,360,63,0
2026.02.02 01:06:00,115201.23,115212.00,115201.23,115212.00,360,63,0
2026.02.02 01:00:00,115190.43,115201.20,115190.43,115201.20,360,63,0
2026.02.02 00:54:00,115179.63,115190.40,115179.63,115190.40,360,63,0
2026.02.02 00:48:00,115168.83,115179.60,115168.83,115179.60,360,63,0
2026.02.02 00:42:00,115206.22,115209.19,115163.76,115168.80,360,63,0
2026.02.02 00:36:00,115252.02,115254.42,115201.81,115206.19,360,63,0
2026.02.02 00:30:00,115241.22,115251.99,115241.22,115251.99,360,63,0
2026.02.02 00:24:00,115244.88,115250.85,115236.42,115241.19,360,63,0
2026.02.02 00:18:00,115254.32,115263.38,115243.17,115244.85,360,63,0
2026.02.02 00:12:00,115243.52,115254.29,115243.52,115254.29,360,63,0
2026.02.02 00:06:00,115232.72,115243.49,115232.72,115243.49,360,63,0
2026.02.02 00:00:00,115221.92,115232.69,115221.92,115232.69,360,63,0
2026.02.01 23:54:00,115211.12,115221.89,115211.12,115221.89,360,63,0
2026.02.01 23:48:00,115234.37,115236.23,115202.21,115211.09,360,63,0
2026.02.01 23:42:00,115223.57,115234.34,115223.57,115234.34,360,63,0
2026.02.01 23:36:00,115249.70,115257.98,115221.08,115223.54,360,63,0
2026.02.01 23:30:00,115238.90,115249.67,115238.90,115249.67,360,63,0
2026.02.01 23:24:00,115266.63,115272.66,115234.16,115238.87,360,63,0
2026.02.01 23:18:00,115255.83,115266.60,115255.83,115266.60,360,63,0
2026.02.01 23:12:00,115281.52,115286.59,115250.13,115255.80,360,63,0
2026.02.01 23:06:00,115284.50,115286.03,115272.28,115281.49,360,63,0
2026.02.01 23:00:00,115316.68,115317.10,115277.45,115284.47,360,63,0
2026.02.01 22:54:00,115337.88,115345.83,115313.86,115316.65,360,63,0
2026.02.01 22:48:00,115327.08,115337.85,115327.08,115337.85,360,63,0
2026.02.01 22:42:00,115316.28,115327.05,115316.28,115327.05,360,63,0
2026.02.01 22:36:00,115305.48,115316.25,115305.48,115316.25,360,63,0
2026.02.01 22:30:00,115310.97,115316.46,115300.20,115305.45,360,63,0
2026.02.01 22:24:00,115300.17,115310.94,115300.17,115310.94,360,63,0
2026.02.01 22:18:00,115289.37,115300.14,115289.37,115300.14,360,63,0
2026.02.01 22:12:00,115278.57,115289.34,115278.57,115289.34,360,63,0
2026.02.01 22:06:00,115267.77,115278.54,115267.77,115278.54,360,63,0
2026.02.01 22:00:00,115256.97,115267.74,115256.97,115267.74,360,63,0
2026.02.01 21:54:00,115290.04,115290.97,115253.73,115256.94,360,63,0
2026.02.01 21:48:00,115300.22,115307.66,115286.71,115290.01,360,63,0
2026.02.01 21:42:00,115289.42,115300.19,115289.42,115300.19,360,63,0
2026.02.01 21:36:00,115342.35,115342.38,115286.33,115289.39,360,63,0
2026.02.01 21:30:00,115331.55,115342.32,115331.55,115342.32,360,63,0
2026.02.01 21:24:00,115353.53,115357.61,115324.86,115331.52,360,63,0
2026.02.01 21:18:00,115441.42,115448.38,115350.89,115353.50,360,63,0
2026.02.01 21:12:00,115430.62,115441.39,115430.62,115441.39,360,63,0
2026.02.01 21:06:00,115419.82,115430.59,115419.82,115430.59,360,63,0
2026.02.01 21:00:00,115409.02,115419.79,115409.02,115419.79,360,63,0
2026.02.01 20:54:00,115398.22,115408.99,115398.22,115408.99,360,63,0
2026.02.01 20:48:00,115387.42,115398.19,115387.42,115398.19,360,63,0
2026.02.01 20:42:00,115376.62,115387.39,115376.62,115387.39,360,63,0
2026.02.01 20:36:00,115381.45,115384.90,115369.30,115376.59,360,63,0
2026.02.01 20:30:00,115399.15,115401.52,115373.05,115381.42,360,63,0
2026.02.01 20:24:00,115388.35,115399.12,115388.35,115399.12,360,63,0
2026.02.01 20:18:00,115377.55,115388.32,115377.55,115388.32,360,63,0
2026.02.01 20:12:00,115366.75,115377.52,115366.75,115377.52,360,63,0
2026.02.01 20:06:00,115370.62,115378.66,115364.02,115366.72,360,63,0
2026.02.01 20:00:00,115377.82,115381.21,115363.24,115370.59,360,63,0
2026.02.01 19:54:00,115367.02,115377.79,115367.02,115377.79,360,63,0
2026.02.01 19:48:00,115380.59,115388.24,115363.90,115366.99,360,63,0
2026.02.01 19:42:00,115369.79,115380.56,115369.79,115380.56,360,63,0
2026.02.01 19:36:00,115358.99,115369.76,115358.99,115369.76,360,63,0
2026.02.01 19:30:00,115348.19,115358.96,115348.19,115358.96,360,63,0
2026.02.01 19:24:00,115337.39,115348.16,115337.39,115348.16,360,63,0
2026.02.01 19:18:00,115326.59,115337.36,115326.59,115337.36,360,63,0
2026.02.01 19:12:00,115315.79,115326.56,115315.79,115326.56,360,63,0
2026.02.01 19:06:00,115319.53,115324.90,115310.39,115315.76,360,63,0
2026.02.01 19:00:00,115308.73,115319.50,115308.73,115319.50,360,63,0
2026.02.01 18:54:00,115297.93,115308.70,115297.93,115308.70,360,63,0
2026.02.01 18:48:00,115287.13,115297.90,115287.13,115297.90,360,63,0
2026.02.01 18:42:00,115307.01,115308.03,115280.56,115287.10,360,63,0
2026.02.01 18:36:00,115331.06,115333.73,115298.91,115306.98,360,63,0
2026.02.01 18:30:00,115320.26,115331.03,115320.26,115331.03,360,63,0
2026.02.01 18:24:00,115309.46,115320.23,115309.46,115320.23,360,63,0
2026.02.01 18:18:00,115298.66,115309.43,115298.66,115309.43,360,63,0
2026.02.01 18:12:00,115287.86,115298.63,115287.86,115298.63,360,63,0
2026.02.01 18:06:00,115277.06,115287.83,115277.06,115287.83,360,63,0
2026.02.01 18:00:00,115266.26,115277.03,115266.26,115277.03,360,63,0
2026.02.01 17:54:00,115271.64,115279.22,115265.42,115266.23,293,63,0
2026.02.01 17:48:00,115260.84,115271.61,115260.84,115271.61,360,63,0
2026.02.01 17:42:00,115276.23,115285.86,115259.70,115260.81,360,63,0
2026.02.01 17:36:00,115265.43,115276.20,115265.43,115276.20,360,63,0
2026.02.01 17:30:00,115254.63,115265.40,115254.63,115265.40,360,63,0
2026.02.01 17:24:00,115243.83,115254.60,115243.83,115254.60,360,63,0
2026.02.01 17:18:00,115233.03,115243.80,115233.03,115243.80,360,63,0
2026.02.01 17:12:00,115222.23,115233.00,115222.23,115233.00,360,63,0
2026.02.01 17:06:00,115211.43,115222.20,115211.43,115222.20,360,63,0
2026.02.01 17:00:00,115200.63,115211.40,115200.63,115211.40,360,63,0
2026.02.01 16:54:00,115202.40,115204.17,115191.63,115200.60,360,63,0
2026.02.01 16:48:00,115191.60,115202.37,115191.60,115202.37,360,63,0
2026.02.01 16:42:00,115180.80,115191.57,115180.80,115191.57,360,63,0
2026.02.01 16:36:00,115184.56,115190.35,115175.82,115180.77,360,63,0
2026.02.01 16:30:00,115186.05,115196.58,115184.32,115184.53,360,63,0
2026.02.01 16:24:00,115201.05,115209.21,115183.44,115186.02,360,63,0
2026.02.01 16:18:00,115190.25,115201.02,115190.25,115201.02,360,63,0
2026.02.01 16:12:00,115179.45,115190.22,115179.45,115190.22,360,63,0
2026.02.01 16:06:00,115168.65,115179.42,115168.65,115179.42,360,63,0
2026.02.01 16:00:00,115189.72,115191.91,115160.07,115168.62,360,63,0
2026.02.01 15:54:00,115178.92,115189.69,115178.92,115189.69,360,63,0
2026.02.01 15:48:00,115168.12,115178.89,115168.12,115178.89,360,63,0
2026.02.01 15:42:00,115157.32,115168.09,115157.32,115168.09,360,63,0
2026.02.01 15:36:00,115146.52,115157.29,115146.52,115157.29,360,63,0
2026.02.01 15:30:00,115135.72,115146.49,115135.72,115146.49,360,63,0
2026.02.01 15:24:00,115124.92,115135.69,115124.92,115135.69,360,63,0
2026.02.01 15:18:00,115149.98,115152.02,115116.19,115124.89,360,63,0
2026.02.01 15:12:00,115139.18,115149.95,115139.18,115149.95,360,63,0
2026.02.01 15:06:00,115128.38,115139.15,115128.38,115139.15,360,63,0
2026.02.01 15:00:00,115117.58,115128.35,115117.58,115128.35,360,63,0
2026.02.01 14:54:00,115106.78,115117.55,115106.78,115117.55,360,63,0
2026.02.01 14:48:00,115095.98,115106.75,115095.98,115106.75,360,63,0
2026.02.01 14:42:00,115085.18,115095.95,115085.18,115095.95,360,63,0
2026.02.01 14:36:00,115100.03,115105.19,115079.57,115085.15,360,63,0
2026.02.01 14:30:00,115113.24,115122.33,115098.35,115100.00,360,63,0
2026.02.01 14:24:00,115115.60,115122.35,115109.22,115113.21,360,63,0
2026.02.01 14:18:00,115104.80,115115.57,115104.80,115115.57,360,63,0
2026.02.01 14:12:00,115094.00,115104.77,115094.00,115104.77,360,63,0
2026.02.01 14:06:00,115083.17,115093.97,115083.17,115093.97,361,63,0
2026.02.01 14:00:00,115106.58,115110.45,115081.88,115083.14,359,63,0
2026.02.01 13:54:00,115189.46,115191.41,115105.32,115106.55,361,63,0
2026.02.01 13:48:00,115178.66,115189.43,115178.66,115189.43,360,63,0
2026.02.01 13:42:00,115205.14,115213.39,115176.17,115178.63,359,63,0
2026.02.01 13:36:00,115228.88,115238.87,115204.33,115205.11,361,63,0
2026.02.01 13:30:00,115218.08,115228.85,115218.08,115228.85,360,63,0
2026.02.01 13:24:00,115207.28,115218.05,115207.28,115218.05,360,63,0
2026.02.01 13:18:00,115216.88,115227.50,115207.13,115207.25,360,63,0
2026.02.01 13:12:00,115206.08,115216.85,115206.08,115216.85,360,63,0
2026.02.01 13:06:00,115195.28,115206.05,115195.28,115206.05,360,63,0
2026.02.01 13:00:00,115184.48,115195.25,115184.48,115195.25,360,63,0
2026.02.01 12:54:00,115173.68,115184.45,115173.68,115184.45,360,63,0
2026.02.01 12:48:00,115162.88,115173.65,115162.88,115173.65,360,63,0
2026.02.01 12:42:00,115152.08,115162.85,115152.08,115162.85,360,63,0
2026.02.01 12:36:00,115141.28,115152.05,115141.28,115152.05,360,63,0
2026.02.01 12:30:00,115130.48,115141.25,115130.48,115141.25,360,63,0
2026.02.01 12:24:00,115119.68,115130.45,115119.68,115130.45,360,63,0
2026.02.01 12:18:00,115123.44,115133.82,115119.29,115119.65,360,63,0
2026.02.01 12:12:00,115112.64,115123.41,115112.64,115123.41,360,63,0
2026.02.01 12:06:00,115101.84,115112.61,115101.84,115112.61,360,63,0
2026.02.01 12:00:00,115118.45,115118.72,115091.34,115101.81,360,63,0
2026.02.01 11:54:00,115107.65,115118.42,115107.65,115118.42,360,63,0
2026.02.01 11:48:00,115096.85,115107.62,115096.85,115107.62,360,63,0
2026.02.01 11:42:00,115086.05,115096.82,115086.05,115096.82,360,63,0
2026.02.01 11:36:00,115075.25,115086.02,115075.25,115086.02,360,63,0
2026.02.01 11:30:00,115064.45,115075.22,115064.45,115075.22,360,63,0
2026.02.01 11:24:00,115075.74,115080.30,115058.24,115064.42,360,63,0
2026.02.01 11:18:00,115101.47,115102.91,115066.41,115075.71,360,63,0
2026.02.01 11:12:00,115090.67,115101.44,115090.67,115101.44,360,63,0
2026.02.01 11:06:00,115092.89,115102.28,115089.29,115090.64,360,63,0
2026.02.01 11:00:00,115082.09,115092.86,115082.09,115092.86,360,63,0
2026.02.01 10:54:00,115071.29,115082.06,115071.29,115082.06,360,63,0
2026.02.01 10:48:00,115060.49,115071.26,115060.49,115071.26,360,63,0
2026.02.01 10:42:00,115049.69,115060.46,115049.69,115060.46,360,63,0
2026.02.01 10:36:00,115038.89,115049.66,115038.89,115049.66,360,63,0
2026.02.01 10:30:00,115028.09,115038.86,115028.09,115038.86,360,63,0
2026.02.01 10:24:00,115017.29,115028.06,115017.29,115028.06,360,63,0
2026.02.01 10:18:00,115032.03,115037.07,115011.56,115017.26,360,63,0
2026.02.01 10:12:00,115021.23,115032.00,115021.23,115032.00,360,63,0
2026.02.01 10:06:00,115045.91,115051.37,115015.92,115021.20,360,63,0
2026.02.01 10:00:00,115074.91,115079.05,115039.28,115045.88,360,63,0
2026.02.01 09:54:00,115081.25,115088.84,115071.73,115074.88,360,63,0
2026.02.01 09:48:00,115070.45,115081.22,115070.45,115081.22,297,63,0
2026.02.01 09:42:00,115059.65,115070.42,115059.65,115070.42,360,63,0
2026.02.01 09:36:00,115071.80,115074.71,115051.79,115059.62,360,63,0
2026.02.01 09:30:00,115061.00,115071.77,115061.00,115071.77,360,63,0
2026.02.01 09:24:00,115050.20,115060.97,115050.20,115060.97,360,63,0
2026.02.01 09:18:00,115039.40,115050.17,115039.40,115050.17,360,63,0
2026.02.01 09:12:00,115028.60,115039.37,115028.60,115039.37,360,63,0
2026.02.01 09:06:00,115017.80,115028.57,115017.80,115028.57,360,63,0
2026.02.01 09:00:00,115007.00,115017.77,115007.00,115017.77,360,63,0
2026.02.01 08:54:00,114996.20,115006.97,114996.20,115006.97,360,63,0
2026.02.01 08:48:00,114985.40,114996.17,114985.40,114996.17,360,63,0
2026.02.01 08:42:00,114974.60,114985.37,114974.60,114985.37,360,63,0
2026.02.01 08:36:00,114982.34,114991.88,114973.37,114974.57,360,63,0
2026.02.01 08:30:00,114986.96,114988.16,114972.77,114982.31,360,63,0
2026.02.01 08:24:00,114976.16,114986.93,114976.16,114986.93,360,63,0
2026.02.01 08:18:00,114992.13,114992.64,114965.90,114976.13,360,63,0
2026.02.01 08:12:00,115018.55,115018.97,114981.78,114992.10,360,63,0
2026.02.01 08:06:00,115007.75,115018.52,115007.75,115018.52,360,63,0
2026.02.01 08:00:00,114996.95,115007.72,114996.95,115007.72,360,63,0
2026.02.01 07:54:00,114986.15,114996.92,114986.15,114996.92,360,63,0
2026.02.01 07:48:00,114998.68,115001.74,114978.44,114986.12,360,63,0
2026.02.01 07:42:00,114987.88,114998.65,114987.88,114998.65,360,63,0
2026.02.01 07:36:00,114977.08,114987.85,114977.08,114987.85,360,63,0
2026.02.01 07:30:00,114988.28,114994.19,114972.22,114977.05,360,63,0
2026.02.01 07:24:00,114977.48,114988.25,114977.48,114988.25,360,63,0
2026.02.01 07:18:00,114984.39,114984.87,114967.19,114977.45,360,63,0
2026.02.01 07:12:00,115047.12,115051.62,114980.94,114984.36,360,63,0
2026.02.01 07:06:00,115058.45,115061.00,115038.90,115047.09,360,63,0
2026.02.01 07:00:00,115047.65,115058.42,115047.65,115058.42,360,63,0
2026.02.01 06:54:00,115080.59,115085.09,115041.38,115047.62,360,63,0
2026.02.01 06:48:00,115069.79,115080.56,115069.79,115080.56,360,63,0
2026.02.01 06:42:00,115075.43,115076.87,115060.46,115069.76,360,63,0
2026.02.01 06:36:00,115064.63,115075.40,115064.63,115075.40,360,63,0
2026.02.01 06:30:00,115065.94,115068.97,115056.89,115064.60,360,63,0
2026.02.01 06:24:00,115081.02,115084.89,115059.04,115065.91,360,63,0
2026.02.01 06:18:00,115070.22,115080.99,115070.22,115080.99,360,63,0
2026.02.01 06:12:00,115059.42,115070.19,115059.42,115070.19,360,63,0
2026.02.01 06:06:00,115048.62,115059.39,115048.62,115059.39,360,63,0
2026.02.01 06:00:00,115037.82,115048.59,115037.82,115048.59,360,63,0
2026.02.01 05:54:00,115027.02,115037.79,115027.02,115037.79,360,63,0
2026.02.01 05:48:00,115016.22,115026.99,115016.22,115026.99,360,63,0
2026.02.01 05:42:00,115005.42,115016.19,115005.42,115016.19,360,63,0
2026.02.01 05:36:00,114994.62,115005.39,114994.62,115005.39,360,63,0
2026.02.01 05:30:00,114983.82,114994.59,114983.82,114994.59,360,63,0
2026.02.01 05:24:00,114985.49,114990.68,114978.24,114983.79,360,63,0
2026.02.01 05:18:00,114974.69,114985.46,114974.69,114985.46,360,63,0
2026.02.01 05:12:00,114995.83,115002.94,114971.03,114974.66,360,63,0
2026.02.01 05:06:00,114985.03,114995.80,114985.03,114995.80,360,63,0
2026.02.01 05:00:00,114974.23,114985.00,114974.23,114985.00,360,63,0
2026.02.01 04:54:00,114963.43,114974.20,114963.43,114974.20,360,63,0
2026.02.01 04:48:00,114979.23,114985.68,114959.11,114963.40,360,63,0
2026.02.01 04:42:00,114968.43,114979.20,114968.43,114979.20,360,63,0
2026.02.01 04:36:00,114979.34,114980.24,114958.56,114968.40,360,63,0
2026.02.01 04:30:00,114968.54,114979.31,114968.54,114979.31,360,63,0
2026.02.01 04:24:00,114957.74,114968.51,114957.74,114968.51,360,63,0
2026.02.01 04:18:00,114968.06,114973.04,114951.95,114957.71,360,63,0
2026.02.01 04:12:00,114957.26,114968.03,114957.26,114968.03,360,63,0
2026.02.01 04:06:00,114946.46,114957.23,114946.46,114957.23,360,63,0
2026.02.01 04:00:00,114935.66,114946.43,114935.66,114946.43,360,63,0
2026.02.01 03:54:00,114924.86,114935.63,114924.86,114935.63,360,63,0
2026.02.01 03:48:00,114934.66,114942.22,114921.65,114924.83,360,63,0
2026.02.01 03:42:00,114923.86,114934.63,114923.86,114934.63,360,63,0
2026.02.01 03:36:00,114927.22,114928.93,114914.80,114923.83,360,63,0
2026.02.01 03:30:00,114949.96,114960.01,114926.50,114927.19,360,63,0
2026.02.01 03:24:00,114960.14,114963.23,114942.28,114949.93,360,63,0
2026.02.01 03:18:00,114949.34,114960.11,114949.34,114960.11,360,63,0
2026.02.01 03:12:00,114938.54,114949.31,114938.54,114949.31,360,63,0
2026.02.01 03:06:00,114927.74,114938.51,114927.74,114938.51,360,63,0
2026.02.01 03:00:00,114916.94,114927.71,114916.94,114927.71,360,63,0
2026.02.01 02:54:00,114906.14,114916.91,114906.14,114916.91,360,63,0
2026.02.01 02:48:00,114895.34,114906.11,114895.34,114906.11,360,63,0
2026.02.01 02:42:00,114900.51,114910.38,114894.44,114895.31,360,63,0
2026.02.01 02:36:00,114889.71,114900.48,114889.71,114900.48,360,63,0
2026.02.01 02:30:00,114894.14,114901.52,114886.32,114889.68,360,63,0
2026.02.01 02:24:00,114883.34,114894.11,114883.34,114894.11,360,63,0
2026.02.01 02:18:00,114918.58,114928.51,114883.10,114883.31,360,63,0
2026.02.01 02:12:00,114907.78,114918.55,114907.78,114918.55,360,63,0
2026.02.01 02:06:00,114912.93,114920.40,114904.48,114907.75,360,63,0
2026.02.01 02:00:00,114927.26,114934.55,114909.45,114912.90,360,63,0
2026.02.01 01:54:00,114955.60,114959.98,114924.62,114927.23,360,63,0
2026.02.01 01:48:00,114988.73,114998.33,114954.43,114955.57,360,63,0
2026.02.01 01:42:00,115007.33,115010.51,114981.14,114988.70,360,63,0
2026.02.01 01:36:00,114996.53,115007.30,114996.53,115007.30,360,63,0
2026.02.01 01:30:00,115009.95,115014.78,114990.59,114996.50,360,63,0
2026.02.01 01:24:00,115019.07,115023.75,115003.86,115009.92,360,63,0
2026.02.01 01:18:00,115008.27,115019.04,115008.27,115019.04,360,63,0
2026.02.01 01:12:00,114997.47,115008.24,114997.47,115008.24,360,63,0
2026.02.01 01:06:00,115015.18,115022.41,114993.93,114997.44,360,63,0
2026.02.01 01:00:00,115004.38,115015.15,115004.38,115015.15,360,63,0
2026.02.01 00:54:00,114993.58,115004.35,114993.58,115004.35,360,63,0
2026.02.01 00:48:00,114982.78,114993.55,114982.78,114993.55,360,63,0
2026.02.01 00:42:00,114985.28,114985.46,114972.19,114982.75,360,63,0
2026.02.01 00:36:00,115073.96,115077.68,114981.41,114985.25,360,63,0
2026.02.01 00:30:00,115063.16,115073.93,115063.16,115073.93,360,63,0
2026.02.01 00:24:00,115052.36,115063.13,115052.36,115063.13,360,63,0
2026.02.01 00:18:00,115041.56,115052.33,115041.56,115052.33,360,63,0
2026.02.01 00:12:00,115030.76,115041.53,115030.76,115041.53,360,63,0
2026.02.01 00:06:00,115019.96,115030.73,115019.96,115030.73,360,63,0
2026.02.01 00:00:00,115035.89,115042.13,115015.43,115019.93,360,63,0
