Time,Open,High,Low,Close,TickVolume,Spread,RealVolume
2026.02.28 23:45:00,117717.58,117728.71,117709.26,117725.07,900,63,0
2026.02.28 23:30:00,117690.58,117717.55,117690.58,117717.55,900,63,0
2026.02.28 23:15:00,117770.29,117772.87,117689.68,117690.55,900,63,0
2026.02.28 23:00:00,117758.29,117775.30,117758.29,117770.26,900,63,0
2026.02.28 22:45:00,117757.33,117769.93,117744.01,117758.26,874,63,0
2026.02.28 22:30:00,117791.86,117809.38,117755.05,117757.30,900,63,0
2026.02.28 22:15:00,117780.01,117791.83,117767.50,117791.83,900,63,0
2026.02.28 22:00:00,117817.64,117818.48,117754.63,117779.98,900,63,0
2026.02.28 21:45:00,117790.64,117817.61,117790.64,117817.61,900,63,0
2026.02.28 21:30:00,117823.74,117835.65,117782.72,117790.61,901,63,0
2026.02.28 21:15:00,117833.16,117847.89,117815.43,117823.71,900,63,0
2026.02.28 21:00:00,117806.16,117833.13,117806.16,117833.13,900,63,0
2026.02.28 20:45:00,117792.66,117806.13,117783.75,117806.13,900,63,0
2026.02.28 20:30:00,117795.83,117807.95,117777.81,117792.63,900,63,0
2026.02.28 20:15:00,117781.56,117795.80,117779.96,117795.80,900,63,0
2026.02.28 20:00:00,117774.11,117781.53,117761.43,117781.53,900,63,0
2026.02.28 19:45:00,117747.11,117774.08,117747.11,117774.08,900,63,0
2026.02.28 19:30:00,117771.35,117774.65,117726.11,117747.08,900,63,0
2026.02.28 19:15:00,117765.57,117781.44,117763.46,117771.32,775,63,0
2026.02.28 19:00:00,117818.58,117820.08,117764.22,117765.54,900,63,0
2026.02.28 18:45:00,117824.60,117847.49,117814.50,117818.55,900,63,0
2026.02.28 18:30:00,117823.10,117824.57,117798.08,117824.57,900,63,0
2026.02.28 18:15:00,117814.47,117840.06,117814.47,117823.07,900,63,0
2026.02.28 18:00:00,117812.43,117833.73,117808.80,117814.44,900,63,0
2026.02.28 17:45:00,117813.35,117814.43,117786.54,117812.40,900,63,0
2026.02.28 17:30:00,117813.59,117828.86,117801.65,117813.32,900,63,0
2026.02.28 17:15:00,117817.30,117839.53,117808.85,117813.56,900,63,0
2026.02.28 17:00:00,117819.55,117830.62,117801.37,117817.27,901,63,0
2026.02.28 16:45:00,117792.55,117819.52,117792.55,117819.52,900,63,0
2026.02.28 16:30:00,117814.59,117838.20,117789.34,117792.52,900,63,0
2026.02.28 16:15:00,117806.57,117814.56,117789.21,117814.56,900,63,0
2026.02.28 16:00:00,117779.57,117806.54,117779.57,117806.54,900,63,0
2026.02.28 15:45:00,117752.57,117779.54,117752.57,117779.54,900,63,0
2026.02.28 15:30:00,117770.74,117779.50,117734.36,117752.54,900,63,0
2026.02.28 15:15:00,117743.74,117770.71,117743.74,117770.71,900,63,0
2026.02.28 15:00:00,117817.31,117818.18,117740.77,117743.71,900,63,0
2026.02.28 14:45:00,117823.15,117829.48,117796.67,117817.28,900,63,0
2026.02.28 14:30:00,117869.27,117881.33,117817.69,117823.12,900,63,0
2026.02.28 14:15:00,117887.45,117901.52,117867.71,117869.24,900,63,0
2026.02.28 14:00:00,117910.78,117929.50,117885.41,117887.42,900,63,0
2026.02.28 13:45:00,117936.71,117946.04,117894.91,117910.75,900,63,0
2026.02.28 13:30:00,117965.28,117973.77,117934.42,117936.68,900,63,0
2026.02.28 13:15:00,117938.28,117965.25,117938.28,117965.25,900,63,0
2026.02.28 13:00:00,117960.46,117973.27,117924.18,117938.25,900,63,0
2026.02.28 12:45:00,117933.46,117960.43,117933.46,117960.43,900,63,0
2026.02.28 12:30:00,117970.13,117974.36,117933.19,117933.43,900,63,0
2026.02.28 12:15:00,117973.59,117975.15,117944.72,117970.10,900,63,0
2026.02.28 12:00:00,117974.20,117992.65,117965.07,117973.56,900,63,0
2026.02.28 11:45:00,117947.20,117974.17,117947.20,117974.17,900,63,0
2026.02.28 11:30:00,117947.53,117961.18,117933.88,117947.17,900,63,0
2026.02.28 11:15:00,117920.53,117947.50,117920.53,117947.50,900,63,0
2026.02.28 11:00:00,117906.57,117927.42,117906.57,117920.50,900,63,0
2026.02.28 10:45:00,117879.57,117906.54,117879.57,117906.54,900,63,0
2026.02.28 10:30:00,117907.45,117913.51,117861.39,117879.54,900,63,0
2026.02.28 10:15:00,117902.21,117913.67,117891.94,117907.42,900,63,0
2026.02.28 10:00:00,117899.19,117913.56,117889.61,117902.18,900,63,0
2026.02.28 09:45:00,117872.19,117899.16,117872.19,117899.16,900,63,0
2026.02.28 09:30:00,117894.49,117897.49,117859.59,117872.16,900,63,0
2026.02.28 09:15:00,117867.49,117894.46,117867.49,117894.46,900,63,0
2026.02.28 09:00:00,117880.57,117886.96,117846.91,117867.46,900,63,0
2026.02.28 08:45:00,117872.56,117898.36,117872.56,117880.54,900,63,0
2026.02.28 08:30:00,117845.56,117872.53,117845.56,117872.53,900,63,0
2026.02.28 08:15:00,117872.70,117874.65,117833.14,117845.53,900,63,0
2026.02.28 08:00:00,117865.32,117882.48,117862.89,117872.67,900,63,0
2026.02.28 07:45:00,117906.34,117923.41,117859.02,117865.29,901,63,0
2026.02.28 07:30:00,117902.78,117916.34,117892.93,117906.31,900,63,0
2026.02.28 07:15:00,117928.31,117930.98,117891.41,117902.75,900,63,0
2026.02.28 07:00:00,117938.77,117961.27,117923.84,117928.28,900,63,0
2026.02.28 06:45:00,117911.77,117938.74,117911.77,117938.74,900,63,0
2026.02.28 06:30:00,117982.92,117993.51,117900.28,117911.74,900,63,0
2026.02.28 06:15:00,118008.36,118015.77,117965.49,117982.89,900,63,0
2026.02.28 06:00:00,117981.36,118008.33,117981.36,118008.33,900,63,0
2026.02.28 05:45:00,117954.36,117981.33,117954.36,117981.33,900,63,0
2026.02.28 05:30:00,117949.92,117970.62,117948.09,117954.33,900,63,0
2026.02.28 05:15:00,117922.92,117949.89,117922.92,117949.89,900,63,0
2026.02.28 05:00:00,117929.71,117932.77,117899.01,117922.89,900,63,0
2026.02.28 04:45:00,117902.71,117929.68,117902.71,117929.68,900,63,0
2026.02.28 04:30:00,117891.17,117910.13,117891.17,117902.68,900,63,0
2026.02.28 04:15:00,117883.93,117907.36,117883.93,117891.14,900,63,0
2026.02.28 04:00:00,117887.39,117900.23,117869.80,117883.90,900,63,0
2026.02.28 03:45:00,117860.39,117887.36,117860.39,117887.36,900,63,0
2026.02.28 03:30:00,117911.08,117917.65,117844.61,117860.36,900,63,0
2026.02.28 03:15:00,117970.48,117980.17,117905.26,117911.05,900,63,0
2026.02.28 03:00:00,117962.15,117972.20,117953.56,117970.45,900,63,0
2026.02.28 02:45:00,117950.59,117962.12,117939.35,117962.12,900,63,0
2026.02.28 02:30:00,117942.91,117950.56,117929.56,117950.56,900,63,0
2026.02.28 02:15:00,117915.91,117942.88,117915.91,117942.88,900,63,0
2026.02.28 02:00:00,117888.91,117915.88,117888.91,117915.88,900,63,0
2026.02.28 01:45:00,117910.33,117925.42,117877.03,117888.88,900,63,0
2026.02.28 01:30:00,117883.33,117910.30,117883.33,117910.30,900,63,0
2026.02.28 01:15:00,117875.73,117885.39,117866.02,117883.30,900,63,0
2026.02.28 01:00:00,117882.98,117887.57,117853.35,117875.70,900,63,0
2026.02.28 00:45:00,117855.98,117882.95,117855.98,117882.95,900,63,0
2026.02.28 00:30:00,117828.98,117855.95,117828.98,117855.95,900,63,0
2026.02.28 00:15:00,117863.26,117876.82,117821.57,117828.95,900,63,0
2026.02.28 00:00:00,117870.07,117881.65,117847.87,117863.23,900,63,0
2026.02.27 23:45:00,117925.78,117929.62,117858.28,117870.04,900,63,0
2026.02.27 23:30:00,117920.74,117946.24,117920.74,117925.75,900,63,0
2026.02.27 23:15:00,117893.74,117920.71,117893.74,117920.71,900,63,0
2026.02.27 23:00:00,117897.55,117906.85,117889.09,117893.71,900,63,0
2026.02.27 22:45:00,117936.92,117952.16,117896.65,117897.52,901,63,0
2026.02.27 22:30:00,117909.92,117936.89,117909.92,117936.89,900,63,0
2026.02.27 22:15:00,117907.22,117909.89,117892.91,117909.89,900,63,0
2026.02.27 22:00:00,117922.99,117928.93,117899.68,117907.19,900,63,0
2026.02.27 21:45:00,117936.98,117937.34,117900.97,117922.96,900,63,0
2026.02.27 21:30:00,117909.98,117936.95,117909.98,117936.95,900,63,0
2026.02.27 21:15:00,117914.50,117921.43,117901.04,117909.95,900,63,0
2026.02.27 21:00:00,117928.98,117931.08,117895.51,117914.47,900,63,0
2026.02.27 20:45:00,117901.98,117928.95,117901.98,117928.95,900,63,0
2026.02.27 20:30:00,117874.98,117901.95,117874.98,117901.95,900,63,0
2026.02.27 20:15:00,117860.66,117874.95,117849.96,117874.95,900,63,0
2026.02.27 20:00:00,117855.74,117860.63,117837.44,117860.63,900,63,0
2026.02.27 19:45:00,117844.80,117862.98,117844.80,117855.71,900,63,0
2026.02.27 19:30:00,117857.22,117874.92,117835.53,117844.77,900,63,0
2026.02.27 19:15:00,117892.11,117907.02,117856.59,117857.19,900,63,0
2026.02.27 19:00:00,117887.57,117898.22,117875.79,117892.08,900,63,0
2026.02.27 18:45:00,117891.08,117914.66,117884.18,117887.54,900,63,0
2026.02.27 18:30:00,117890.08,117905.50,117879.53,117891.05,900,63,0
2026.02.27 18:15:00,117891.37,117902.92,117874.66,117890.05,900,63,0
2026.02.27 18:00:00,117914.64,117921.90,117874.15,117891.34,900,63,0
2026.02.27 17:45:00,117915.29,117938.03,117910.41,117914.61,900,63,0
2026.02.27 17:30:00,117911.50,117917.83,117894.65,117915.26,900,63,0
2026.02.27 17:15:00,117918.50,117938.48,117904.51,117911.47,900,63,0
2026.02.27 17:00:00,117927.46,117950.74,117918.26,117918.47,900,63,0
2026.02.27 16:45:00,117970.64,117973.19,117916.48,117927.43,900,63,0
2026.02.27 16:30:00,117943.64,117970.61,117943.64,117970.61,900,63,0
2026.02.27 16:15:00,117929.25,117943.61,117925.82,117943.61,900,63,0
2026.02.27 16:00:00,117921.05,117941.45,117921.05,117929.22,900,63,0
2026.02.27 15:45:00,117930.48,117939.93,117908.75,117921.02,900,63,0
2026.02.27 15:30:00,117903.48,117930.45,117903.48,117930.45,900,63,0
2026.02.27 15:15:00,117891.75,117903.45,117884.58,117903.45,900,63,0
2026.02.27 15:00:00,117912.83,117926.39,117889.83,117891.72,900,63,0
2026.02.27 14:45:00,117885.83,117912.80,117885.83,117912.80,900,63,0
2026.02.27 14:30:00,117858.83,117885.80,117858.83,117885.80,900,63,0
2026.02.27 14:15:00,117831.83,117858.80,117831.83,117858.80,900,63,0
2026.02.27 14:00:00,117842.15,117857.15,117827.63,117831.80,900,63,0
2026.02.27 13:45:00,117841.24,117843.64,117817.58,117842.12,900,63,0
2026.02.27 13:30:00,117851.32,117861.47,117837.05,117841.21,900,63,0
2026.02.27 13:15:00,117873.74,117884.96,117842.47,117851.29,900,63,0
2026.02.27 13:00:00,117861.79,117879.58,117861.79,117873.71,900,63,0
2026.02.27 12:45:00,117834.79,117861.76,117834.79,117861.76,900,63,0
2026.02.27 12:30:00,117820.66,117839.38,117820.66,117834.76,900,63,0
2026.02.27 12:15:00,117793.66,117820.63,117793.66,117820.63,900,63,0
2026.02.27 12:00:00,117807.66,117821.01,117782.32,117793.63,900,63,0
2026.02.27 11:45:00,117921.64,117931.09,117804.12,117807.63,900,63,0
2026.02.27 11:30:00,117907.65,117926.46,117907.65,117921.61,900,63,0
2026.02.27 11:15:00,117918.15,117918.39,117889.74,117907.62,900,63,0
2026.02.27 11:00:00,117915.72,117931.71,117907.17,117918.12,900,63,0
2026.02.27 10:45:00,117924.81,117936.15,117904.95,117915.69,900,63,0
2026.02.27 10:30:00,117914.27,117929.21,117912.78,117924.78,900,63,0
2026.02.27 10:15:00,117887.27,117914.24,117887.27,117914.24,900,63,0
2026.02.27 10:00:00,117860.27,117887.24,117860.27,117887.24,900,63,0
2026.02.27 09:45:00,117833.27,117860.24,117833.27,117860.24,900,63,0
2026.02.27 09:30:00,117825.78,117851.94,117825.78,117833.24,900,63,0
2026.02.27 09:15:00,117811.28,117825.75,117811.28,117825.75,900,63,0
2026.02.27 09:00:00,117784.28,117811.25,117784.28,117811.25,900,63,0
2026.02.27 08:45:00,117776.77,117799.96,117776.77,117784.25,900,63,0
2026.02.27 08:30:00,117769.84,117779.29,117759.25,117776.74,900,63,0
2026.02.27 08:15:00,117742.84,117769.81,117742.84,117769.81,900,63,0
2026.02.27 08:00:00,117715.84,117742.81,117715.84,117742.81,900,63,0
2026.02.27 07:45:00,117709.57,117715.81,117693.88,117715.81,900,63,0
2026.02.27 07:30:00,117682.54,117709.54,117682.54,117709.54,901,63,0
2026.02.27 07:15:00,117677.24,117703.82,117677.24,117682.51,899,63,0
2026.02.27 07:00:00,117675.99,117681.36,117655.64,117677.21,900,63,0
2026.02.27 06:45:00,117670.39,117695.80,117670.39,117675.96,900,63,0
2026.02.27 06:30:00,117643.39,117670.36,117643.39,117670.36,900,63,0
2026.02.27 06:15:00,117640.46,117662.60,117638.56,117643.36,900,63,0
2026.02.27 06:00:00,117626.22,117641.40,117626.22,117640.43,900,63,0
2026.02.27 05:45:00,117665.54,117685.70,117625.89,117626.19,900,63,0
2026.02.27 05:30:00,117650.95,117665.51,117648.80,117665.51,900,63,0
2026.02.27 05:15:00,117644.72,117662.87,117642.13,117650.92,900,63,0
2026.02.27 05:00:00,117661.54,117671.56,117640.92,117644.69,900,63,0
2026.02.27 04:45:00,117634.54,117661.51,117634.54,117661.51,900,63,0
2026.02.27 04:30:00,117607.54,117634.51,117607.54,117634.51,900,63,0
2026.02.27 04:15:00,117580.54,117607.51,117580.54,117607.51,900,63,0
2026.02.27 04:00:00,117553.54,117580.51,117553.54,117580.51,900,63,0
2026.02.27 03:45:00,117567.49,117589.93,117549.01,117553.51,900,63,0
2026.02.27 03:30:00,117540.49,117567.46,117540.49,117567.46,900,63,0
2026.02.27 03:15:00,117513.49,117540.46,117513.49,117540.46,900,63,0
2026.02.27 03:00:00,117510.02,117522.50,117499.00,117513.46,900,63,0
2026.02.27 02:45:00,117515.53,117515.68,117483.20,117509.99,900,63,0
2026.02.27 02:30:00,117555.61,117558.07,117511.39,117515.50,900,63,0
2026.02.27 02:15:00,117528.61,117555.58,117528.61,117555.58,900,63,0
2026.02.27 02:00:00,117574.97,117581.21,117525.58,117528.58,900,63,0
2026.02.27 01:45:00,117547.97,117574.94,117547.97,117574.94,900,63,0
2026.02.27 01:30:00,117535.34,117547.94,117533.45,117547.94,900,63,0
2026.02.27 01:15:00,117508.34,117535.31,117508.34,117535.31,900,63,0
2026.02.27 01:00:00,117481.34,117508.31,117481.34,117508.31,900,63,0
2026.02.27 00:45:00,117519.33,117519.99,117473.42,117481.31,900,63,0
2026.02.27 00:30:00,117511.63,117527.65,117508.38,117519.30,900,63,0
2026.02.27 00:15:00,117484.63,117511.60,117484.63,117511.60,900,63,0
2026.02.27 00:00:00,117457.63,117484.60,117457.63,117484.60,900,63,0
2026.02.26 23:45:00,117452.82,117462.30,117440.14,117457.60,900,63,0
2026.02.26 23:30:00,117472.86,117476.43,117445.50,117452.79,900,63,0
2026.02.26 23:15:00,117494.31,117520.14,117471.72,117472.83,900,63,0
2026.02.26 23:00:00,117467.31,117494.28,117467.31,117494.28,900,63,0
2026.02.26 22:45:00,117453.21,117467.28,117444.69,117467.28,900,63,0
2026.02.26 22:30:00,117460.97,117469.73,117435.00,117453.18,900,63,0
2026.02.26 22:15:00,117433.97,117460.94,117433.97,117460.94,900,63,0
2026.02.26 22:00:00,117406.97,117433.94,117406.97,117433.94,900,63,0
2026.02.26 21:45:00,117399.02,117411.20,117392.18,117406.94,900,63,0
2026.02.26 21:30:00,117372.02,117398.99,117372.02,117398.99,900,63,0
2026.02.26 21:15:00,117345.02,117371.99,117345.02,117371.99,900,63,0
2026.02.26 21:00:00,117341.95,117365.53,117341.63,117344.99,900,63,0
2026.02.26 20:45:00,117370.42,117379.90,117341.17,117341.92,900,63,0
2026.02.26 20:30:00,117386.36,117411.89,117369.76,117370.39,900,63,0
2026.02.26 20:15:00,117371.59,117391.87,117371.59,117386.33,900,63,0
2026.02.26 20:00:00,117381.46,117386.35,117364.89,117371.56,900,63,0
2026.02.26 19:45:00,117403.99,117425.74,117377.38,117381.43,900,63,0
2026.02.26 19:30:00,117376.99,117403.96,117376.99,117403.96,900,63,0
2026.02.26 19:15:00,117428.70,117431.01,117360.46,117376.96,900,63,0
2026.02.26 19:00:00,117437.75,117446.36,117421.50,117428.67,900,63,0
2026.02.26 18:45:00,117451.40,117478.16,117437.54,117437.72,900,63,0
2026.02.26 18:30:00,117494.44,117510.28,117448.58,117451.37,900,63,0
2026.02.26 18:15:00,117467.44,117494.41,117467.44,117494.41,900,63,0
2026.02.26 18:00:00,117440.44,117467.41,117440.44,117467.41,900,63,0
2026.02.26 17:45:00,117427.80,117440.41,117419.20,117440.41,900,63,0
2026.02.26 17:30:00,117415.55,117427.77,117408.78,117427.77,900,63,0
2026.02.26 17:15:00,117401.84,117415.52,117393.89,117415.52,900,63,0
2026.02.26 17:00:00,117390.92,117401.81,117377.69,117401.81,900,63,0
2026.02.26 16:45:00,117416.38,117417.10,117381.86,117390.89,900,63,0
2026.02.26 16:30:00,117437.63,117448.67,117411.88,117416.35,900,63,0
2026.02.26 16:15:00,117410.63,117437.60,117410.63,117437.60,900,63,0
2026.02.26 16:00:00,117404.03,117416.18,117395.81,117410.60,900,63,0
2026.02.26 15:45:00,117446.59,117465.76,117402.35,117404.00,900,63,0
2026.02.26 15:30:00,117469.03,117473.62,117429.07,117446.56,900,63,0
2026.02.26 15:15:00,117463.89,117472.17,117450.34,117469.00,900,63,0
2026.02.26 15:00:00,117466.90,117472.39,117442.41,117463.86,900,63,0
2026.02.26 14:45:00,117460.76,117478.40,117457.57,117466.87,900,63,0
2026.02.26 14:30:00,117433.76,117460.73,117433.76,117460.73,900,63,0
2026.02.26 14:15:00,117430.46,117450.71,117427.04,117433.73,900,63,0
2026.02.26 14:00:00,117419.12,117430.43,117411.44,117430.43,900,63,0
2026.02.26 13:45:00,117392.12,117419.09,117392.12,117419.09,900,63,0
2026.02.26 13:30:00,117424.40,117436.67,117388.52,117392.09,900,63,0
2026.02.26 13:15:00,117438.25,117444.19,117403.43,117424.37,900,63,0
2026.02.26 13:00:00,117411.25,117438.22,117411.25,117438.22,900,63,0
2026.02.26 12:45:00,117384.25,117411.22,117384.25,117411.22,900,63,0
2026.02.26 12:30:00,117357.25,117384.22,117357.25,117384.22,900,63,0
2026.02.26 12:15:00,117330.25,117357.22,117330.25,117357.22,900,63,0
2026.02.26 12:00:00,117358.39,117377.89,117327.49,117330.22,900,63,0
2026.02.26 11:45:00,117400.85,117403.67,117357.37,117358.36,900,63,0
2026.02.26 11:30:00,117400.75,117415.03,117388.16,117400.82,900,63,0
2026.02.26 11:15:00,117388.56,117415.32,117388.56,117400.72,900,63,0
2026.02.26 11:00:00,117361.56,117388.53,117361.56,117388.53,900,63,0
2026.02.26 10:45:00,117388.01,117392.72,117352.65,117361.53,900,63,0
2026.02.26 10:30:00,117419.10,117427.14,117382.82,117387.98,900,63,0
2026.02.26 10:15:00,117392.10,117419.07,117392.10,117419.07,900,63,0
2026.02.26 10:00:00,117395.61,117412.53,117382.05,117392.07,900,63,0
2026.02.26 09:45:00,117381.84,117395.58,117370.68,117395.58,900,63,0
2026.02.26 09:30:00,117355.02,117381.81,117355.02,117381.81,894,63,0
2026.02.26 09:15:00,117328.02,117354.99,117328.02,117354.99,900,63,0
2026.02.26 09:00:00,117323.55,117344.88,117322.38,117327.99,900,63,0
2026.02.26 08:45:00,117318.14,117323.52,117301.11,117323.52,900,63,0
2026.02.26 08:30:00,117309.86,117330.23,117309.86,117318.11,900,63,0
2026.02.26 08:15:00,117347.60,117360.56,117306.56,117309.83,901,63,0
2026.02.26 08:00:00,117340.44,117352.92,117333.11,117347.57,900,63,0
2026.02.26 07:45:00,117313.44,117340.41,117313.44,117340.41,900,63,0
2026.02.26 07:30:00,117306.30,117314.28,117294.45,117313.41,900,63,0
2026.02.26 07:15:00,117279.30,117306.27,117279.30,117306.27,900,63,0
2026.02.26 07:00:00,117289.45,117306.61,117276.57,117279.27,900,63,0
2026.02.26 06:45:00,117325.15,117333.91,117276.73,117289.42,900,63,0
2026.02.26 06:30:00,117331.04,117351.26,117325.12,117325.12,900,63,0
2026.02.26 06:15:00,117335.41,117355.69,117324.35,117331.01,900,63,0
2026.02.26 06:00:00,117385.35,117387.66,117328.69,117335.38,900,63,0
2026.02.26 05:45:00,117401.70,117418.11,117382.44,117385.32,900,63,0
2026.02.26 05:30:00,117419.16,117420.96,117387.84,117401.67,900,63,0
2026.02.26 05:15:00,117473.15,117476.93,117403.62,117419.13,900,63,0
2026.02.26 05:00:00,117446.15,117473.12,117446.15,117473.12,900,63,0
2026.02.26 04:45:00,117454.04,117465.92,117431.06,117446.12,900,63,0
2026.02.26 04:30:00,117446.11,117463.30,117444.26,117454.01,900,63,0
2026.02.26 04:15:00,117419.11,117446.08,117419.11,117446.08,900,63,0
2026.02.26 04:00:00,117392.11,117419.08,117392.11,117419.08,900,63,0
2026.02.26 03:45:00,117390.78,117417.36,117390.78,117392.08,900,63,0
2026.02.26 03:30:00,117377.81,117390.75,117374.67,117390.75,900,63,0
2026.02.26 03:15:00,117372.17,117377.78,117355.40,117377.78,900,63,0
2026.02.26 03:00:00,117377.36,117386.90,117354.74,117372.14,900,63,0
2026.02.26 02:45:00,117383.05,117400.06,117367.40,117377.33,900,63,0
2026.02.26 02:30:00,117398.20,117400.69,117360.88,117383.02,900,63,0
2026.02.26 02:15:00,117396.86,117400.22,117384.73,117398.17,900,63,0
2026.02.26 02:00:00,117413.14,117421.36,117393.32,117396.83,900,63,0
2026.02.26 01:45:00,117412.55,117436.61,117410.23,117413.11,900,63,0
2026.02.26 01:30:00,117408.11,117424.88,117402.35,117412.52,900,63,0
2026.02.26 01:15:00,117381.11,117408.08,117381.11,117408.08,900,63,0
2026.02.26 01:00:00,117354.11,117381.08,117354.11,117381.08,900,63,0
2026.02.26 00:45:00,117362.02,117380.74,117345.86,117354.08,900,63,0
2026.02.26 00:30:00,117348.11,117371.75,117348.11,117361.99,900,63,0
2026.02.26 00:15:00,117321.11,117348.08,117321.11,117348.08,900,63,0
2026.02.26 00:00:00,117325.11,117331.50,117301.13,117321.08,900,63,0
2026.02.25 23:45:00,117298.11,117325.08,117298.11,117325.08,900,63,0
2026.02.25 23:30:00,117293.48,117319.43,117293.48,117298.08,900,63,0
2026.02.25 23:15:00,117283.78,117293.45,117271.28,117293.45,901,63,0
2026.02.25 23:00:00,117271.40,117283.75,117263.74,117283.75,900,63,0
2026.02.25 22:45:00,117312.88,117317.32,117265.22,117271.37,900,63,0
2026.02.25 22:30:00,117285.88,117312.85,117285.88,117312.85,900,63,0
2026.02.25 22:15:00,117258.88,117285.85,117258.88,117285.85,900,63,0
2026.02.25 22:00:00,117231.88,117258.85,117231.88,117258.85,900,63,0
2026.02.25 21:45:00,117260.12,117267.32,117218.98,117231.85,900,63,0
2026.02.25 21:30:00,117233.12,117260.09,117233.12,117260.09,900,63,0
2026.02.25 21:15:00,117223.92,117233.09,117212.00,117233.09,900,63,0
2026.02.25 21:00:00,117196.92,117223.89,117196.92,117223.89,900,63,0
2026.02.25 20:45:00,117249.80,117249.95,117192.84,117196.89,900,63,0
2026.02.25 20:30:00,117242.68,117249.77,117223.28,117249.77,900,63,0
2026.02.25 20:15:00,117279.21,117286.47,117231.61,117242.65,900,63,0
2026.02.25 20:00:00,117266.37,117289.35,117266.37,117279.18,900,63,0
2026.02.25 19:45:00,117258.94,117284.86,117258.94,117266.34,900,63,0
2026.02.25 19:30:00,117253.81,117258.91,117234.28,117258.91,900,63,0
2026.02.25 19:15:00,117226.81,117253.78,117226.81,117253.78,900,63,0
2026.02.25 19:00:00,117228.23,117228.41,117200.02,117226.78,900,63,0
2026.02.25 18:45:00,117226.55,117247.25,117221.96,117228.20,900,63,0
2026.02.25 18:30:00,117277.82,117283.46,117215.60,117226.52,900,63,0
2026.02.25 18:15:00,117308.38,117319.66,117265.76,117277.79,900,63,0
2026.02.25 18:00:00,117281.38,117308.35,117281.38,117308.35,900,63,0
2026.02.25 17:45:00,117278.51,117301.46,117277.36,117281.35,900,63,0
2026.02.25 17:30:00,117251.51,117278.48,117251.51,117278.48,900,63,0
2026.02.25 17:15:00,117260.68,117265.24,117236.42,117251.48,900,63,0
2026.02.25 17:00:00,117233.68,117260.65,117233.68,117260.65,900,63,0
2026.02.25 16:45:00,117239.56,117252.16,117219.31,117233.65,900,63,0
2026.02.25 16:30:00,117212.56,117239.53,117212.56,117239.53,900,63,0
2026.02.25 16:15:00,117210.45,117236.01,117210.45,117212.53,900,63,0
2026.02.25 16:00:00,117183.45,117210.42,117183.45,117210.42,900,63,0
2026.02.25 15:45:00,117156.45,117183.42,117156.45,117183.42,900,63,0
2026.02.25 15:30:00,117156.62,117162.56,117135.42,117156.42,900,63,0
2026.02.25 15:15:00,117145.71,117156.59,117135.38,117156.59,900,63,0
2026.02.25 15:00:00,117132.82,117147.94,117132.82,117145.68,900,63,0
2026.02.25 14:45:00,117118.53,117143.49,117118.53,117132.79,900,63,0
2026.02.25 14:30:00,117104.19,117124.86,117104.19,117118.50,900,63,0
2026.02.25 14:15:00,117112.11,117137.79,117102.90,117104.16,900,63,0
2026.02.25 14:00:00,117103.54,117112.08,117085.83,117112.08,901,63,0
2026.02.25 13:45:00,117113.13,117114.72,117085.66,117103.51,900,63,0
2026.02.25 13:30:00,117135.18,117157.77,117110.22,117113.10,900,63,0
2026.02.25 13:15:00,117108.18,117135.15,117108.18,117135.15,900,63,0
2026.02.25 13:00:00,117164.03,117164.72,117095.04,117108.15,900,63,0
2026.02.25 12:45:00,117157.90,117180.22,117157.90,117164.00,900,63,0
2026.02.25 12:30:00,117164.19,117184.20,117150.94,117157.87,900,63,0
2026.02.25 12:15:00,117137.19,117164.16,117137.19,117164.16,900,63,0
2026.02.25 12:00:00,117110.19,117137.16,117110.19,117137.16,900,63,0
2026.02.25 11:45:00,117102.03,117125.40,117102.03,117110.16,900,63,0
2026.02.25 11:30:00,117099.10,117118.99,117094.95,117102.00,900,63,0
2026.02.25 11:15:00,117072.10,117099.07,117072.10,117099.07,900,63,0
2026.02.25 11:00:00,117061.72,117072.07,117050.74,117072.07,900,63,0
2026.02.25 10:45:00,117091.77,117094.89,117046.24,117061.69,900,63,0
2026.02.25 10:30:00,117098.21,117121.31,117091.50,117091.74,900,63,0
2026.02.25 10:15:00,117071.21,117098.18,117071.21,117098.18,900,63,0
2026.02.25 10:00:00,117088.57,117113.32,117071.00,117071.18,900,63,0
2026.02.25 09:45:00,117112.59,117128.10,117077.89,117088.54,900,63,0
2026.02.25 09:30:00,117153.47,117155.48,117097.26,117112.56,900,63,0
2026.02.25 09:15:00,117168.15,117172.62,117148.41,117153.44,900,63,0
2026.02.25 09:00:00,117141.15,117168.12,117141.15,117168.12,900,63,0
2026.02.25 08:45:00,117127.65,117141.12,117124.74,117141.12,900,63,0
2026.02.25 08:30:00,117123.52,117133.36,117110.52,117127.62,900,63,0
2026.02.25 08:15:00,117096.52,117123.49,117096.52,117123.49,900,63,0
2026.02.25 08:00:00,117158.14,117162.58,117088.72,117096.49,900,63,0
2026.02.25 07:45:00,117145.64,117168.35,117145.64,117158.11,900,63,0
2026.02.25 07:30:00,117158.75,117160.34,117128.84,117145.61,900,63,0
2026.02.25 07:15:00,117169.57,117174.25,117138.92,117158.72,900,63,0
2026.02.25 07:00:00,117188.43,117203.76,117162.46,117169.54,900,63,0
2026.02.25 06:45:00,117161.43,117188.40,117161.43,117188.40,900,63,0
2026.02.25 06:30:00,117134.43,117161.40,117134.43,117161.40,900,63,0
2026.02.25 06:15:00,117126.80,117137.75,117118.41,117134.40,900,63,0
2026.02.25 06:00:00,117123.05,117131.57,117108.35,117126.77,900,63,0
2026.02.25 05:45:00,117096.05,117123.02,117096.05,117123.02,900,63,0
2026.02.25 05:30:00,117069.05,117096.02,117069.05,117096.02,900,63,0
2026.02.25 05:15:00,117042.05,117069.02,117042.05,117069.02,900,63,0
2026.02.25 05:00:00,117038.29,117044.80,117021.56,117042.02,901,63,0
2026.02.25 04:45:00,117011.29,117038.26,117011.29,117038.26,900,63,0
2026.02.25 04:30:00,116984.29,117011.26,116984.29,117011.26,900,63,0
2026.02.25 04:15:00,116971.18,116985.10,116971.18,116984.26,900,63,0
2026.02.25 04:00:00,116965.00,116971.15,116947.87,116971.15,900,63,0
2026.02.25 03:45:00,116938.00,116964.97,116938.00,116964.97,900,63,0
2026.02.25 03:30:00,116996.55,117012.09,116930.50,116937.97,900,63,0
2026.02.25 03:15:00,116990.59,116997.46,116976.45,116996.52,900,63,0
2026.02.25 03:00:00,116963.59,116990.56,116963.59,116990.56,900,63,0
2026.02.25 02:45:00,116936.59,116963.56,116936.59,116963.56,900,63,0
2026.02.25 02:30:00,116909.59,116936.56,116909.59,116936.56,900,63,0
2026.02.25 02:15:00,116904.27,116926.41,116904.27,116909.56,900,63,0
2026.02.25 02:00:00,116877.27,116904.24,116877.27,116904.24,900,63,0
2026.02.25 01:45:00,116850.27,116877.24,116850.27,116877.24,900,63,0
2026.02.25 01:30:00,116823.27,116850.24,116823.27,116850.24,900,63,0
2026.02.25 01:15:00,116796.27,116823.24,116796.27,116823.24,900,63,0
2026.02.25 01:00:00,116808.40,116812.96,116778.48,116796.24,900,63,0
2026.02.25 00:45:00,116800.38,116808.37,116783.08,116808.37,900,63,0
2026.02.25 00:30:00,116864.97,116871.21,116791.41,116800.35,900,63,0
2026.02.25 00:15:00,116837.97,116864.94,116837.97,116864.94,900,63,0
2026.02.25 00:00:00,116826.65,116841.62,116825.97,116837.94,900,63,0
2026.02.24 23:45:00,116818.44,116843.49,116818.44,116826.62,900,63,0
2026.02.24 23:30:00,116821.02,116840.67,116811.12,116818.41,900,63,0
2026.02.24 23:15:00,116864.33,116867.90,116799.78,116820.99,900,63,0
2026.02.24 23:00:00,116837.33,116864.30,116837.33,116864.30,900,63,0
2026.02.24 22:45:00,116810.33,116837.30,116810.33,116837.30,900,63,0
2026.02.24 22:30:00,116816.68,116832.79,116799.47,116810.30,900,63,0
2026.02.24 22:15:00,116789.68,116816.65,116789.68,116816.65,900,63,0
2026.02.24 22:00:00,116818.62,116825.82,116771.71,116789.65,900,63,0
2026.02.24 21:45:00,116846.64,116865.87,116817.48,116818.59,900,63,0
2026.02.24 21:30:00,116838.75,116859.75,116838.75,116846.61,900,63,0
2026.02.24 21:15:00,116836.95,116850.81,116835.42,116838.72,900,63,0
2026.02.24 21:00:00,116824.00,116845.69,116824.00,116836.92,900,63,0
2026.02.24 20:45:00,116876.41,116885.02,116819.26,116823.97,900,63,0
2026.02.24 20:30:00,116937.42,116951.97,116872.42,116876.38,900,63,0
2026.02.24 20:15:00,116942.87,116944.94,116912.52,116937.39,900,63,0
2026.02.24 20:00:00,116930.31,116945.85,116930.31,116942.84,901,63,0
2026.02.24 19:45:00,116903.31,116930.28,116903.31,116930.28,900,63,0
2026.02.24 19:30:00,116876.31,116903.28,116876.31,116903.28,900,63,0
2026.02.24 19:15:00,116870.36,116882.33,116861.31,116876.28,900,63,0
2026.02.24 19:00:00,116843.36,116870.33,116843.36,116870.33,900,63,0
2026.02.24 18:45:00,116855.24,116857.61,116831.36,116843.33,900,63,0
2026.02.24 18:30:00,116846.73,116856.06,116837.60,116855.21,900,63,0
2026.02.24 18:15:00,116819.73,116846.70,116819.73,116846.70,900,63,0
2026.02.24 18:00:00,116818.10,116827.85,116802.51,116819.70,900,63,0
2026.02.24 17:45:00,116806.71,116819.58,116804.00,116818.07,900,63,0
2026.02.24 17:30:00,116848.68,116867.82,116802.15,116806.68,900,63,0
2026.02.24 17:15:00,116821.68,116848.65,116821.68,116848.65,900,63,0
2026.02.24 17:00:00,116819.38,116823.43,116798.76,116821.65,900,63,0
2026.02.24 16:45:00,116828.27,116834.90,116799.04,116819.35,900,63,0
2026.02.24 16:30:00,116834.85,116836.35,116802.80,116828.24,900,63,0
2026.02.24 16:15:00,116843.08,116865.37,116830.17,116834.82,900,63,0
2026.02.24 16:00:00,116816.08,116843.05,116816.08,116843.05,900,63,0
2026.02.24 15:45:00,116815.96,116837.17,116810.32,116816.05,900,63,0
2026.02.24 15:30:00,116822.47,116829.01,116795.53,116815.93,900,63,0
2026.02.24 15:15:00,116817.02,116831.18,116809.66,116822.44,900,63,0
2026.02.24 15:00:00,116790.02,116816.99,116790.02,116816.99,900,63,0
2026.02.24 14:45:00,116763.02,116789.99,116763.02,116789.99,900,63,0
2026.02.24 14:30:00,116750.82,116762.99,116746.58,116762.99,900,63,0
2026.02.24 14:15:00,116800.85,116806.79,116748.57,116750.79,900,63,0
2026.02.24 14:00:00,116791.45,116801.29,116783.72,116800.82,900,63,0
2026.02.24 13:45:00,116764.45,116791.42,116764.45,116791.42,900,63,0
2026.02.24 13:30:00,116737.45,116764.42,116737.45,116764.42,900,63,0
2026.02.24 13:15:00,116727.41,116737.94,116721.01,116737.42,900,63,0
2026.02.24 13:00:00,116747.61,116748.72,116713.69,116727.38,900,63,0
2026.02.24 12:45:00,116764.17,116778.72,116743.80,116747.58,900,63,0
2026.02.24 12:30:00,116737.17,116764.14,116737.17,116764.14,900,63,0
2026.02.24 12:15:00,116724.50,116737.14,116721.15,116737.14,900,63,0
2026.02.24 12:00:00,116727.94,116729.29,116698.88,116724.47,900,63,0
2026.02.24 11:45:00,116756.36,116764.31,116727.37,116727.91,900,63,0
2026.02.24 11:30:00,116729.36,116756.33,116729.36,116756.33,900,63,0
2026.02.24 11:15:00,116702.36,116729.33,116702.36,116729.33,900,63,0
2026.02.24 11:00:00,116698.28,116724.83,116698.28,116702.33,900,63,0
2026.02.24 10:45:00,116671.25,116698.25,116671.25,116698.25,901,63,0
2026.02.24 10:30:00,116724.69,116727.87,116655.74,116671.22,900,63,0
2026.02.24 10:15:00,116802.59,116805.80,116723.88,116724.66,900,63,0
2026.02.24 10:00:00,116775.59,116802.56,116775.59,116802.56,900,63,0
2026.02.24 09:45:00,116775.41,116780.39,116753.60,116775.56,900,63,0
2026.02.24 09:30:00,116777.80,116785.06,116756.57,116775.38,900,63,0
2026.02.24 09:15:00,116778.02,116795.12,116767.93,116777.77,900,63,0
2026.02.24 09:00:00,116751.02,116777.99,116751.02,116777.99,900,63,0
2026.02.24 08:45:00,116738.71,116750.99,116725.40,116750.99,900,63,0
2026.02.24 08:30:00,116743.84,116761.33,116729.23,116738.68,900,63,0
2026.02.24 08:15:00,116747.12,116751.71,116733.94,116743.81,900,63,0
2026.02.24 08:00:00,116733.70,116747.09,116723.48,116747.09,900,63,0
2026.02.24 07:45:00,116755.71,116762.88,116720.23,116733.67,900,63,0
2026.02.24 07:30:00,116829.79,116838.13,116749.68,116755.68,900,63,0
2026.02.24 07:15:00,116802.79,116829.76,116802.79,116829.76,900,63,0
2026.02.24 07:00:00,116804.32,116828.68,116800.18,116802.76,900,63,0
2026.02.24 06:45:00,116793.55,116812.12,116793.55,116804.29,900,63,0
2026.02.24 06:30:00,116766.55,116793.52,116766.55,116793.52,900,63,0
2026.02.24 06:15:00,116739.55,116766.52,116739.55,116766.52,900,63,0
2026.02.24 06:00:00,116734.75,116748.88,116726.71,116739.52,900,63,0
2026.02.24 05:45:00,116707.75,116734.72,116707.75,116734.72,900,63,0
2026.02.24 05:30:00,116680.75,116707.72,116680.75,116707.72,900,63,0
2026.02.24 05:15:00,116653.75,116680.72,116653.75,116680.72,900,63,0
2026.02.24 05:00:00,116657.44,116667.22,116636.56,116653.72,900,63,0
2026.02.24 04:45:00,116630.44,116657.41,116630.44,116657.41,900,63,0
2026.02.24 04:30:00,116666.02,116673.70,116617.96,116630.41,900,63,0
2026.02.24 04:15:00,116661.86,116676.95,116654.14,116665.99,900,63,0
2026.02.24 04:00:00,116634.86,116661.83,116634.86,116661.83,900,63,0
2026.02.24 03:45:00,116627.95,116651.86,116627.95,116634.83,900,63,0
2026.02.24 03:30:00,116655.36,116672.82,116621.77,116627.92,900,63,0
2026.02.24 03:15:00,116682.19,116697.61,116648.55,116655.33,900,63,0
2026.02.24 03:00:00,116781.72,116783.19,116665.93,116682.16,900,63,0
2026.02.24 02:45:00,116787.07,116799.04,116766.72,116781.69,900,63,0
2026.02.24 02:30:00,116820.55,116828.23,116786.68,116787.04,900,63,0
2026.02.24 02:15:00,116793.55,116820.52,116793.55,116820.52,900,63,0
2026.02.24 02:00:00,116766.55,116793.52,116766.55,116793.52,900,63,0
2026.02.24 01:45:00,116763.13,116769.55,116746.00,116766.52,900,63,0
2026.02.24 01:30:00,116736.13,116763.10,116736.13,116763.10,900,63,0
2026.02.24 01:15:00,116729.93,116741.51,116720.74,116736.10,900,63,0
2026.02.24 01:00:00,116747.23,116750.05,116719.13,116729.90,900,63,0
2026.02.24 00:45:00,116779.13,116788.91,116731.24,116747.20,900,63,0
2026.02.24 00:30:00,116777.86,116781.49,116755.79,116779.10,900,63,0
2026.02.24 00:15:00,116792.63,116796.53,116759.26,116777.83,900,63,0
2026.02.24 00:00:00,116801.71,116804.65,116768.60,116792.60,900,63,0
2026.02.23 23:45:00,116816.52,116821.32,116789.50,116801.68,900,63,0
2026.02.23 23:30:00,116803.38,116816.49,116793.93,116816.49,900,63,0
2026.02.23 23:15:00,116804.46,116826.51,116798.46,116803.35,900,63,0
2026.02.23 23:00:00,116790.82,116815.99,116790.82,116804.43,900,63,0
2026.02.23 22:45:00,116763.82,116790.79,116763.82,116790.79,900,63,0
2026.02.23 22:30:00,116774.87,116787.32,116754.70,116763.79,900,63,0
2026.02.23 22:15:00,116747.84,116774.84,116747.84,116774.84,901,63,0
2026.02.23 22:00:00,116756.61,116768.15,116744.90,116747.81,899,63,0
2026.02.23 21:45:00,116741.74,116764.24,116741.74,116756.58,901,63,0
2026.02.23 21:30:00,116731.51,116741.71,116720.86,116741.71,899,63,0
2026.02.23 21:15:00,116704.48,116731.48,116704.48,116731.48,901,63,0
2026.02.23 21:00:00,116677.48,116704.45,116677.48,116704.45,900,63,0
2026.02.23 20:45:00,116650.48,116677.45,116650.48,116677.45,900,63,0
2026.02.23 20:30:00,116623.48,116650.45,116623.48,116650.45,900,63,0
2026.02.23 20:15:00,116608.70,116623.45,116608.70,116623.45,900,63,0
2026.02.23 20:00:00,116614.88,116623.70,116590.55,116608.67,900,63,0
2026.02.23 19:45:00,116629.94,116634.62,116597.06,116614.85,900,63,0
2026.02.23 19:30:00,116615.77,116629.91,116603.60,116629.91,900,63,0
2026.02.23 19:15:00,116604.48,116624.49,116604.48,116615.74,900,63,0
2026.02.23 19:00:00,116577.48,116604.45,116577.48,116604.45,900,63,0
2026.02.23 18:45:00,116656.57,116661.22,116573.31,116577.45,900,63,0
2026.02.23 18:30:00,116629.57,116656.54,116629.57,116656.54,900,63,0
2026.02.23 18:15:00,116602.57,116629.54,116602.57,116629.54,900,63,0
2026.02.23 18:00:00,116626.88,116632.79,116596.84,116602.54,900,63,0
2026.02.23 17:45:00,116623.76,116638.94,116615.09,116626.85,900,63,0
2026.02.23 17:30:00,116643.10,116664.10,116621.60,116623.73,900,63,0
2026.02.23 17:15:00,116616.10,116643.07,116616.10,116643.07,900,63,0
2026.02.23 17:00:00,116602.20,116616.07,116593.42,116616.07,900,63,0
2026.02.23 16:45:00,116639.23,116643.25,116589.66,116602.17,900,63,0
2026.02.23 16:30:00,116612.23,116639.20,116612.23,116639.20,900,63,0
2026.02.23 16:15:00,116649.66,116653.02,116609.39,116612.20,900,63,0
2026.02.23 16:00:00,116622.66,116649.63,116622.66,116649.63,900,63,0
2026.02.23 15:45:00,116595.66,116622.63,116595.66,116622.63,900,63,0
2026.02.23 15:30:00,116568.66,116595.63,116568.66,116595.63,900,63,0
2026.02.23 15:15:00,116563.49,116568.63,116542.17,116568.63,900,63,0
2026.02.23 15:00:00,116653.40,116661.17,116559.29,116563.46,900,63,0
2026.02.23 14:45:00,116648.58,116672.40,116648.58,116653.37,900,63,0
2026.02.23 14:30:00,116686.75,116702.74,116637.90,116648.55,900,63,0
2026.02.23 14:15:00,116659.75,116686.72,116659.75,116686.72,900,63,0
2026.02.23 14:00:00,116645.05,116666.92,116645.05,116659.72,900,63,0
2026.02.23 13:45:00,116634.96,116651.73,116634.85,116645.02,900,63,0
2026.02.23 13:30:00,116641.27,116662.96,116634.12,116634.93,900,63,0
2026.02.23 13:15:00,116632.61,116641.24,116621.41,116641.24,900,63,0
2026.02.23 13:00:00,116664.90,116667.12,116630.48,116632.58,900,63,0
2026.02.23 12:45:00,116674.98,116675.79,116644.86,116664.87,900,63,0
2026.02.23 12:30:00,116721.53,116722.97,116655.66,116674.95,900,63,0
2026.02.23 12:15:00,116750.48,116771.87,116718.77,116721.50,900,63,0
2026.02.23 12:00:00,116795.03,116798.90,116746.28,116750.45,900,63,0
2026.02.23 11:45:00,116784.70,116795.00,116776.52,116795.00,900,63,0
2026.02.23 11:30:00,116757.70,116784.67,116757.70,116784.67,900,63,0
2026.02.23 11:15:00,116730.70,116757.67,116730.70,116757.67,899,63,0
2026.02.23 11:00:00,116730.95,116755.22,116730.58,116730.67,815,63,0
2026.02.23 10:45:00,116703.95,116730.92,116703.95,116730.92,900,63,0
2026.02.23 10:30:00,116676.95,116703.92,116676.95,116703.92,900,63,0
2026.02.23 10:15:00,116669.52,116686.74,116667.20,116676.92,900,63,0
2026.02.23 10:00:00,116642.52,116669.49,116642.52,116669.49,900,63,0
2026.02.23 09:45:00,116615.52,116642.49,116615.52,116642.49,900,63,0
2026.02.23 09:30:00,116602.10,116615.49,116589.12,116615.49,883,63,0
2026.02.23 09:15:00,116634.68,116637.59,116583.41,116602.07,900,63,0
2026.02.23 09:00:00,116682.84,116702.43,116634.62,116634.65,900,63,0
2026.02.23 08:45:00,116674.44,116701.41,116674.44,116701.41,900,63,0
2026.02.23 08:30:00,116674.39,116687.50,116660.58,116674.41,900,63,0
2026.02.23 08:15:00,116671.04,116684.96,116661.34,116674.36,900,63,0
2026.02.23 08:00:00,116667.16,116684.38,116661.29,116671.01,900,63,0
2026.02.23 07:45:00,116715.19,116720.41,116660.26,116667.13,900,63,0
2026.02.23 07:30:00,116741.06,116741.09,116701.03,116715.16,900,63,0
2026.02.23 07:15:00,116859.55,116859.58,116734.97,116741.03,900,63,0
2026.02.23 07:00:00,116898.18,116905.65,116850.28,116859.52,900,63,0
2026.02.23 06:45:00,116889.89,116908.43,116889.75,116898.15,900,63,0
2026.02.23 06:30:00,116862.89,116889.86,116862.89,116889.86,900,63,0
2026.02.23 06:15:00,116835.89,116862.86,116835.89,116862.86,900,63,0
2026.02.23 06:00:00,116808.89,116835.86,116808.89,116835.86,900,63,0
2026.02.23 05:45:00,116781.89,116808.86,116781.89,116808.86,900,63,0
2026.02.23 05:30:00,116754.89,116781.86,116754.89,116781.86,900,63,0
2026.02.23 05:15:00,116799.63,116799.87,116741.36,116754.86,901,63,0
2026.02.23 05:00:00,116834.48,116845.40,116792.19,116799.60,900,63,0
2026.02.23 04:45:00,116807.48,116834.45,116807.48,116834.45,900,63,0
2026.02.23 04:30:00,116824.97,116836.85,116803.79,116807.45,900,63,0
2026.02.23 04:15:00,116797.97,116824.94,116797.97,116824.94,900,63,0
2026.02.23 04:00:00,116800.35,116809.16,116788.01,116797.94,900,63,0
2026.02.23 03:45:00,116826.57,116829.58,116799.00,116800.32,900,63,0
2026.02.23 03:30:00,116799.57,116826.54,116799.57,116826.54,900,63,0
2026.02.23 03:15:00,116772.57,116799.54,116772.57,116799.54,900,63,0
2026.02.23 03:00:00,116787.45,116794.20,116768.55,116772.54,900,63,0
2026.02.23 02:45:00,116893.58,116899.79,116775.00,116787.42,900,63,0
2026.02.23 02:30:00,116885.34,116893.55,116868.26,116893.55,900,63,0
2026.02.23 02:15:00,116858.34,116885.31,116858.34,116885.31,900,63,0
2026.02.23 02:00:00,116868.26,116876.78,116842.29,116858.31,900,63,0
2026.02.23 01:45:00,116841.26,116868.23,116841.26,116868.23,900,63,0
2026.02.23 01:30:00,116814.26,116841.23,116814.26,116841.23,900,63,0
2026.02.23 01:15:00,116843.19,116844.24,116798.51,116814.23,900,63,0
2026.02.23 01:00:00,116816.19,116843.16,116816.19,116843.16,900,63,0
2026.02.23 00:45:00,116839.46,116844.74,116794.86,116816.16,900,63,0
2026.02.23 00:30:00,116812.46,116839.43,116812.46,116839.43,900,63,0
2026.02.23 00:15:00,116818.48,116826.48,116806.11,116812.43,900,63,0
2026.02.23 00:00:00,116813.77,116818.45,116792.89,116818.45,900,63,0
2026.02.22 23:45:00,116802.97,116821.69,116802.97,116813.74,900,63,0
2026.02.22 23:30:00,116795.43,116802.94,116780.23,116802.94,900,63,0
2026.02.22 23:15:00,116815.99,116842.24,116794.80,116795.40,900,63,0
2026.02.22 23:00:00,116788.99,116815.96,116788.99,116815.96,900,63,0
2026.02.22 22:45:00,116776.03,116799.70,116776.03,116788.96,900,63,0
2026.02.22 22:30:00,116749.03,116776.00,116749.03,116776.00,900,63,0
2026.02.22 22:15:00,116722.03,116749.00,116722.03,116749.00,900,63,0
2026.02.22 22:00:00,116729.64,116736.09,116701.51,116722.00,900,63,0
2026.02.22 21:45:00,116702.64,116729.61,116702.64,116729.61,900,63,0
2026.02.22 21:30:00,116746.50,116755.77,116698.56,116702.61,900,63,0
2026.02.22 21:15:00,116719.50,116746.47,116719.50,116746.47,900,63,0
2026.02.22 21:00:00,116728.89,116736.50,116713.68,116719.47,900,63,0
2026.02.22 20:45:00,116782.00,116795.23,116721.39,116728.86,900,63,0
2026.02.22 20:30:00,116755.00,116781.97,116755.00,116781.97,900,63,0
2026.02.22 20:15:00,116778.03,116779.59,116742.13,116754.97,901,63,0
2026.02.22 20:00:00,116751.03,116778.00,116751.03,116778.00,900,63,0
2026.02.22 19:45:00,116756.54,116762.75,116730.27,116751.00,900,63,0
2026.02.22 19:30:00,116782.58,116785.13,116739.35,116756.51,763,63,0
2026.02.22 19:15:00,116774.21,116782.55,116759.87,116782.55,900,63,0
2026.02.22 19:00:00,116879.17,116880.43,116773.43,116774.18,899,63,0
2026.02.22 18:45:00,116852.17,116879.14,116852.17,116879.14,900,63,0
2026.02.22 18:30:00,116853.80,116870.87,116847.79,116852.14,716,63,0
2026.02.22 18:15:00,116885.78,116894.21,116852.95,116853.80,825,63,0
2026.02.22 18:00:00,116914.24,116922.34,116875.97,116885.75,900,63,0
2026.02.22 17:45:00,116979.52,116993.47,116906.62,116914.21,900,63,0
2026.02.22 17:30:00,116952.52,116979.49,116952.52,116979.49,900,63,0
2026.02.22 17:15:00,116954.72,116967.86,116938.69,116952.49,900,63,0
2026.02.22 17:00:00,116950.83,116968.02,116944.94,116954.69,900,63,0
2026.02.22 16:45:00,116923.83,116950.80,116923.83,116950.80,900,63,0
2026.02.22 16:30:00,116948.18,116963.99,116912.67,116923.80,900,63,0
2026.02.22 16:15:00,116921.15,116948.15,116921.15,116948.15,901,63,0
2026.02.22 16:00:00,116956.80,116963.76,116918.90,116921.12,900,63,0
2026.02.22 15:45:00,116947.95,116967.18,116947.95,116956.77,900,63,0
2026.02.22 15:30:00,116920.95,116947.92,116920.95,116947.92,900,63,0
2026.02.22 15:15:00,116893.95,116920.92,116893.95,116920.92,900,63,0
2026.02.22 15:00:00,116892.04,116910.16,116892.04,116893.92,900,63,0
2026.02.22 14:45:00,116914.70,116919.50,116885.37,116892.01,900,63,0
2026.02.22 14:30:00,116904.95,116920.43,116903.21,116914.67,900,63,0
2026.02.22 14:15:00,116877.95,116904.92,116877.95,116904.92,900,63,0
2026.02.22 14:00:00,116850.95,116877.92,116850.95,116877.92,900,63,0
2026.02.22 13:45:00,116823.95,116850.92,116823.95,116850.92,900,63,0
2026.02.22 13:30:00,116817.78,116840.55,116817.78,116823.92,900,63,0
2026.02.22 13:15:00,116869.14,116875.74,116810.52,116817.75,900,63,0
2026.02.22 13:00:00,116870.46,116886.06,116857.77,116869.11,900,63,0
2026.02.22 12:45:00,116843.46,116870.43,116843.46,116870.43,900,63,0
2026.02.22 12:30:00,116837.39,116843.43,116816.88,116843.43,900,63,0
2026.02.22 12:15:00,116810.39,116837.36,116810.39,116837.36,900,63,0
2026.02.22 12:00:00,116801.91,116823.66,116801.91,116810.36,900,63,0
2026.02.22 11:45:00,116815.74,116816.49,116793.48,116801.88,900,63,0
2026.02.22 11:30:00,116882.93,116896.73,116811.15,116815.71,900,63,0
2026.02.22 11:15:00,116872.79,116882.90,116861.75,116882.90,900,63,0
2026.02.22 11:00:00,116869.75,116889.61,116865.68,116872.76,900,63,0
2026.02.22 10:45:00,116842.75,116869.72,116842.75,116869.72,900,63,0
2026.02.22 10:30:00,116829.91,116850.04,116829.91,116842.72,900,63,0
2026.02.22 10:15:00,116802.91,116829.88,116802.91,116829.88,900,63,0
2026.02.22 10:00:00,116808.55,116809.21,116776.60,116802.88,900,63,0
2026.02.22 09:45:00,116781.55,116808.52,116781.55,116808.52,900,63,0
2026.02.22 09:30:00,116754.55,116781.52,116754.55,116781.52,900,63,0
2026.02.22 09:15:00,116727.55,116754.52,116727.55,116754.52,900,63,0
2026.02.22 09:00:00,116700.55,116727.52,116700.55,116727.52,900,63,0
2026.02.22 08:45:00,116694.08,116701.55,116681.05,116700.52,900,63,0
2026.02.22 08:30:00,116667.08,116694.05,116667.08,116694.05,900,63,0
2026.02.22 08:15:00,116657.51,116682.65,116657.51,116667.05,900,63,0
2026.02.22 08:00:00,116706.43,116720.47,116648.45,116657.48,900,63,0
2026.02.22 07:45:00,116717.73,116732.34,116699.68,116706.40,900,63,0
2026.02.22 07:30:00,116774.84,116785.37,116707.92,116717.70,900,63,0
2026.02.22 07:15:00,116783.93,116803.01,116766.92,116774.81,901,63,0
2026.02.22 07:00:00,116773.12,116787.43,116771.27,116783.90,900,63,0
2026.02.22 06:45:00,116764.12,116773.09,116764.12,116773.09,300,63,0
2026.02.22 06:30:00,116768.06,116790.23,116759.32,116764.09,900,63,0
2026.02.22 06:15:00,116757.06,116780.28,116757.06,116768.03,900,63,0
2026.02.22 06:00:00,116782.17,116787.87,116756.82,116757.03,900,63,0
2026.02.22 05:45:00,116755.17,116782.14,116755.17,116782.14,900,63,0
2026.02.22 05:30:00,116759.13,116768.40,116749.56,116755.14,900,63,0
2026.02.22 05:15:00,116754.53,116768.69,116746.32,116759.10,900,63,0
2026.02.22 05:00:00,116754.39,116762.58,116735.75,116754.50,900,63,0
2026.02.22 04:45:00,116727.39,116754.36,116727.39,116754.36,900,63,0
2026.02.22 04:30:00,116768.88,116776.02,116714.82,116727.36,900,63,0
2026.02.22 04:15:00,116772.13,116773.18,116742.96,116768.85,900,63,0
2026.02.22 04:00:00,116782.31,116804.36,116768.29,116772.10,900,63,0
2026.02.22 03:45:00,116755.31,116782.28,116755.31,116782.28,900,63,0
2026.02.22 03:30:00,116793.31,116794.21,116750.54,116755.28,900,63,0
2026.02.22 03:15:00,116863.54,116871.28,116775.85,116793.28,900,63,0
2026.02.22 03:00:00,116861.46,116882.97,116858.08,116863.51,900,63,0
2026.02.22 02:45:00,116847.49,116866.15,116847.49,116861.43,900,63,0
2026.02.22 02:30:00,116820.49,116847.46,116820.49,116847.46,900,63,0
2026.02.22 02:15:00,116856.67,116856.85,116807.20,116820.46,900,63,0
2026.02.22 02:00:00,116829.67,116856.64,116829.67,116856.64,900,63,0
2026.02.22 01:45:00,116802.67,116829.64,116802.67,116829.64,900,63,0
2026.02.22 01:30:00,116799.00,116823.75,116799.00,116802.64,900,63,0
2026.02.22 01:15:00,116772.00,116798.97,116772.00,116798.97,900,63,0
2026.02.22 01:00:00,116774.20,116785.99,116756.82,116771.97,900,63,0
2026.02.22 00:45:00,116833.00,116833.30,116760.13,116774.17,900,63,0
2026.02.22 00:30:00,116806.00,116832.97,116806.00,116832.97,900,63,0
2026.02.22 00:15:00,116779.00,116805.97,116779.00,116805.97,900,63,0
2026.02.22 00:00:00,116752.00,116778.97,116752.00,116778.97,900,63,0
2026.02.21 23:45:00,116769.71,116775.86,116743.93,116751.97,900,63,0
2026.02.21 23:30:00,116760.59,116775.38,116757.53,116769.68,900,63,0
2026.02.21 23:15:00,116785.63,116792.02,116749.37,116760.56,900,63,0
2026.02.21 23:00:00,116758.63,116785.60,116758.63,116785.60,900,63,0
2026.02.21 22:45:00,116731.63,116758.60,116731.63,116758.60,900,63,0
2026.02.21 22:30:00,116751.55,116758.45,116720.05,116731.60,900,63,0
2026.02.21 22:15:00,116738.45,116751.52,116729.53,116751.52,901,63,0
2026.02.21 22:00:00,116711.45,116738.42,116711.45,116738.42,900,63,0
2026.02.21 21:45:00,116723.82,116747.34,116708.00,116711.42,900,63,0
2026.02.21 21:30:00,116771.24,116788.37,116718.57,116723.79,900,63,0
2026.02.21 21:15:00,116789.99,116795.21,116756.09,116771.21,680,63,0
2026.02.21 21:00:00,116810.92,116816.80,116784.35,116789.99,386,63,0
2026.02.21 20:45:00,116801.88,116814.18,116796.25,116810.89,900,63,0
2026.02.21 20:30:00,116831.11,116839.93,116795.85,116801.85,900,63,0
2026.02.21 20:15:00,116804.11,116831.08,116804.11,116831.08,900,63,0
2026.02.21 20:00:00,116808.79,116832.07,116800.42,116804.08,900,63,0
2026.02.21 19:45:00,116781.79,116808.76,116781.79,116808.76,900,63,0
2026.02.21 19:30:00,116846.30,116861.60,116777.59,116781.76,900,63,0
2026.02.21 19:15:00,116819.27,116846.27,116819.27,116846.27,901,63,0
2026.02.21 19:00:00,116807.05,116819.24,116795.24,116819.24,900,63,0
2026.02.21 18:45:00,116844.20,116852.30,116795.59,116807.02,900,63,0
2026.02.21 18:30:00,116835.23,116844.17,116822.09,116844.17,900,63,0
2026.02.21 18:15:00,116838.03,116846.58,116816.81,116835.20,900,63,0
2026.02.21 18:00:00,116868.85,116873.56,116829.39,116838.00,900,63,0
2026.02.21 17:45:00,116841.85,116868.82,116841.85,116868.82,900,63,0
2026.02.21 17:30:00,116838.41,116861.15,116837.62,116841.82,900,63,0
2026.02.21 17:15:00,116811.41,116838.38,116811.41,116838.38,900,63,0
2026.02.21 17:00:00,116784.41,116811.38,116784.41,116811.38,900,63,0
2026.02.21 16:45:00,116783.60,116792.72,116766.56,116784.38,900,63,0
2026.02.21 16:30:00,116821.37,116822.99,116759.72,116783.57,900,63,0
2026.02.21 16:15:00,116832.98,116836.70,116798.12,116821.34,900,63,0
2026.02.21 16:00:00,116835.58,116854.30,116824.73,116832.95,900,63,0
2026.02.21 15:45:00,116808.58,116835.55,116808.58,116835.55,900,63,0
2026.02.21 15:30:00,116781.58,116808.55,116781.58,116808.55,900,63,0
2026.02.21 15:15:00,116811.60,116816.31,116767.30,116781.55,900,63,0
2026.02.21 15:00:00,116855.65,116864.08,116806.86,116811.57,900,63,0
2026.02.21 14:45:00,116828.65,116855.62,116828.65,116855.62,900,63,0
2026.02.21 14:30:00,116886.34,116894.32,116815.87,116828.62,900,63,0
2026.02.21 14:15:00,116880.91,116901.07,116879.53,116886.31,900,63,0
2026.02.21 14:00:00,116878.31,116905.16,116878.31,116880.88,900,63,0
2026.02.21 13:45:00,116851.31,116878.28,116851.31,116878.28,900,63,0
2026.02.21 13:30:00,116954.61,116956.20,116850.74,116851.28,900,63,0
2026.02.21 13:15:00,116946.55,116965.42,116946.51,116954.58,900,63,0
2026.02.21 13:00:00,116919.55,116946.52,116919.55,116946.52,900,63,0
2026.02.21 12:45:00,116892.55,116919.52,116892.55,116919.52,900,63,0
2026.02.21 12:30:00,116865.55,116892.52,116865.55,116892.52,900,63,0
2026.02.21 12:15:00,116867.01,116886.99,116858.56,116865.52,900,63,0
2026.02.21 12:00:00,116854.79,116867.54,116852.79,116866.98,900,63,0
2026.02.21 11:45:00,116851.81,116877.85,116851.81,116854.76,900,63,0
2026.02.21 11:30:00,116874.01,116886.61,116849.11,116851.78,900,63,0
2026.02.21 11:15:00,116871.01,116883.22,116859.25,116873.98,900,63,0
2026.02.21 11:00:00,116897.69,116906.21,116866.18,116870.98,900,63,0
2026.02.21 10:45:00,116906.77,116923.42,116888.90,116897.66,900,63,0
2026.02.21 10:30:00,116901.16,116920.48,116899.12,116906.74,900,63,0
2026.02.21 10:15:00,116893.70,116901.13,116878.48,116901.13,901,63,0
2026.02.21 10:00:00,116891.57,116913.17,116888.33,116893.67,900,63,0
2026.02.21 09:45:00,116929.74,116939.85,116885.63,116891.54,900,63,0
2026.02.21 09:30:00,116902.74,116929.71,116902.74,116929.71,900,63,0
2026.02.21 09:15:00,116923.50,116932.40,116901.00,116902.71,900,63,0
2026.02.21 09:00:00,116946.81,116963.91,116920.26,116923.47,900,63,0
2026.02.21 08:45:00,116919.81,116946.78,116919.81,116946.78,900,63,0
2026.02.21 08:30:00,116917.88,116942.00,116916.96,116919.78,900,63,0
2026.02.21 08:15:00,116890.88,116917.85,116890.88,116917.85,900,63,0
2026.02.21 08:00:00,116863.88,116890.85,116863.88,116890.85,900,63,0
2026.02.21 07:45:00,116850.34,116877.22,116850.34,116863.85,900,63,0
2026.02.21 07:30:00,116823.34,116850.31,116823.34,116850.31,900,63,0
2026.02.21 07:15:00,116796.34,116823.31,116796.34,116823.31,900,63,0
2026.02.21 07:00:00,116863.89,116872.29,116790.97,116796.31,900,63,0
2026.02.21 06:45:00,116855.16,116863.86,116837.01,116863.86,900,63,0
2026.02.21 06:30:00,116828.16,116855.13,116828.16,116855.13,900,63,0
2026.02.21 06:15:00,116849.78,116861.00,116819.04,116828.13,900,63,0
2026.02.21 06:00:00,116872.68,116879.31,116830.67,116849.75,900,63,0
2026.02.21 05:45:00,116863.31,116884.43,116863.31,116872.65,900,63,0
2026.02.21 05:30:00,116836.31,116863.28,116836.31,116863.28,900,63,0
2026.02.21 05:15:00,116809.31,116836.28,116809.31,116836.28,900,63,0
2026.02.21 05:00:00,116843.71,116852.50,116808.89,116809.28,900,63,0
2026.02.21 04:45:00,116876.98,116878.03,116843.65,116843.68,900,63,0
2026.02.21 04:30:00,116849.98,116876.95,116849.98,116876.95,900,63,0
2026.02.21 04:15:00,116850.52,116868.37,116840.86,116849.95,900,63,0
2026.02.21 04:00:00,116839.85,116861.30,116839.85,116850.49,900,63,0
2026.02.21 03:45:00,116812.85,116839.82,116812.85,116839.82,900,63,0
2026.02.21 03:30:00,116785.85,116812.82,116785.85,116812.82,900,63,0
2026.02.21 03:15:00,116758.85,116785.82,116758.85,116785.82,900,63,0
2026.02.21 03:00:00,116749.89,116772.06,116749.89,116758.82,900,63,0
2026.02.21 02:45:00,116722.89,116749.86,116722.89,116749.86,900,63,0
2026.02.21 02:30:00,116716.00,116733.76,116713.68,116722.86,900,63,0
2026.02.21 02:15:00,116725.40,116732.84,116696.47,116715.97,900,63,0
2026.02.21 02:00:00,116721.22,116747.17,116721.22,116725.37,900,63,0
2026.02.21 01:45:00,116718.74,116725.55,116701.06,116721.19,900,63,0
2026.02.21 01:30:00,116775.26,116776.43,116713.58,116718.71,900,63,0
2026.02.21 01:15:00,116786.57,116795.30,116760.38,116775.23,901,63,0
2026.02.21 01:00:00,116786.36,116801.84,116775.08,116786.54,900,63,0
2026.02.21 00:45:00,116759.36,116786.33,116759.36,116786.33,900,63,0
2026.02.21 00:30:00,116751.76,116759.86,116740.49,116759.33,900,63,0
2026.02.21 00:15:00,116766.70,116771.77,116729.86,116751.73,900,63,0
2026.02.21 00:00:00,116763.53,116775.02,116751.22,116766.67,900,63,0
2026.02.20 23:45:00,116763.36,116772.96,116746.16,116763.50,900,63,0
2026.02.20 23:30:00,116736.36,116763.33,116736.36,116763.33,900,63,0
2026.02.20 23:15:00,116753.80,116760.34,116717.19,116736.33,900,63,0
2026.02.20 23:00:00,116757.04,116770.84,116740.63,116753.77,900,63,0
2026.02.20 22:45:00,116750.98,116759.50,116738.59,116757.01,900,63,0
2026.02.20 22:30:00,116723.98,116750.95,116723.98,116750.95,900,63,0
2026.02.20 22:15:00,116755.64,116758.43,116710.00,116723.95,900,63,0
2026.02.20 22:00:00,116728.64,116755.61,116728.64,116755.61,900,63,0
2026.02.20 21:45:00,116701.64,116728.61,116701.64,116728.61,900,63,0
2026.02.20 21:30:00,116674.64,116701.61,116674.64,116701.61,900,63,0
2026.02.20 21:15:00,116647.64,116674.61,116647.64,116674.61,900,63,0
2026.02.20 21:00:00,116656.62,116669.88,116633.93,116647.61,900,63,0
2026.02.20 20:45:00,116718.36,116726.49,116651.94,116656.59,900,63,0
2026.02.20 20:30:00,116733.51,116758.62,116716.50,116718.33,900,63,0
2026.02.20 20:15:00,116749.72,116751.02,116727.42,116733.48,900,63,0
2026.02.20 20:00:00,116722.72,116749.69,116722.72,116749.69,900,63,0
2026.02.20 19:45:00,116695.72,116722.69,116695.72,116722.69,900,63,0
2026.02.20 19:30:00,116668.72,116695.69,116668.72,116695.69,900,63,0
2026.02.20 19:15:00,116683.61,116698.61,116656.75,116668.69,900,63,0
2026.02.20 19:00:00,116686.08,116700.15,116670.71,116683.58,900,63,0
2026.02.20 18:45:00,116703.43,116716.27,116681.58,116686.05,900,63,0
2026.02.20 18:30:00,116711.02,116712.16,116690.59,116703.40,900,63,0
2026.02.20 18:15:00,116764.39,116770.22,116708.59,116710.99,900,63,0
2026.02.20 18:00:00,116791.63,116797.15,116753.71,116764.36,900,63,0
2026.02.20 17:45:00,116800.32,116815.14,116779.48,116791.60,900,63,0
2026.02.20 17:30:00,116890.39,116899.18,116793.75,116800.29,900,63,0
2026.02.20 17:15:00,116863.39,116890.36,116863.39,116890.36,900,63,0
2026.02.20 17:00:00,116836.39,116863.36,116836.39,116863.36,900,63,0
2026.02.20 16:45:00,116809.39,116836.36,116809.39,116836.36,900,63,0
2026.02.20 16:30:00,116802.61,116820.46,116800.27,116809.36,900,63,0
2026.02.20 16:15:00,116806.37,116815.49,116784.73,116802.58,901,63,0
2026.02.20 16:00:00,116833.05,116844.18,116801.66,116806.34,900,63,0
2026.02.20 15:45:00,116806.05,116833.02,116806.05,116833.02,900,63,0
2026.02.20 15:30:00,116810.36,116814.38,116783.10,116806.02,900,63,0
2026.02.20 15:15:00,116815.32,116823.18,116801.87,116810.33,900,63,0
2026.02.20 15:00:00,116819.00,116834.09,116803.44,116815.29,900,63,0
2026.02.20 14:45:00,116908.78,116913.22,116814.53,116818.97,900,63,0
2026.02.20 14:30:00,116905.61,116910.50,116886.70,116908.75,900,63,0
2026.02.20 14:15:00,116908.38,116924.31,116894.57,116905.58,900,63,0
2026.02.20 14:00:00,116881.38,116908.35,116881.38,116908.35,900,63,0
2026.02.20 13:45:00,116917.88,116921.24,116866.44,116881.35,900,63,0
2026.02.20 13:30:00,116924.78,116942.63,116908.76,116917.85,900,63,0
2026.02.20 13:15:00,116897.78,116924.75,116897.78,116924.75,900,63,0
2026.02.20 13:00:00,116884.26,116900.88,116884.26,116897.75,900,63,0
2026.02.20 12:45:00,116857.26,116884.23,116857.26,116884.23,900,63,0
2026.02.20 12:30:00,116830.26,116857.23,116830.26,116857.23,900,63,0
2026.02.20 12:15:00,116803.26,116830.23,116803.26,116830.23,900,63,0
2026.02.20 12:00:00,116776.26,116803.23,116776.26,116803.23,900,63,0
2026.02.20 11:45:00,116789.12,116798.00,116767.59,116776.23,900,63,0
2026.02.20 11:30:00,116794.23,116796.69,116764.61,116789.09,900,63,0
2026.02.20 11:15:00,116843.55,116849.19,116786.16,116794.20,900,63,0
2026.02.20 11:00:00,116816.55,116843.52,116816.55,116843.52,900,63,0
2026.02.20 10:45:00,116807.60,116824.97,116806.95,116816.52,900,63,0
2026.02.20 10:30:00,116865.60,116871.36,116805.50,116807.57,900,63,0
2026.02.20 10:15:00,116838.60,116865.57,116838.60,116865.57,898,63,0
2026.02.20 10:00:00,116811.60,116838.57,116811.60,116838.57,900,63,0
2026.02.20 09:45:00,116834.56,116848.75,116811.30,116811.57,900,63,0
2026.02.20 09:30:00,116807.56,116834.53,116807.56,116834.53,900,63,0
2026.02.20 09:15:00,116836.52,116846.24,116804.86,116807.53,900,63,0
2026.02.20 09:00:00,116809.52,116836.49,116809.52,116836.49,900,63,0
2026.02.20 08:45:00,116782.52,116809.49,116782.52,116809.49,900,63,0
2026.02.20 08:30:00,116755.49,116782.49,116755.49,116782.49,901,63,0
2026.02.20 08:15:00,116756.98,116758.39,116729.93,116755.46,900,63,0
2026.02.20 08:00:00,116729.98,116756.95,116729.98,116756.95,900,63,0
2026.02.20 07:45:00,116755.80,116774.76,116723.89,116729.95,900,63,0
2026.02.20 07:30:00,116728.80,116755.77,116728.80,116755.77,900,63,0
2026.02.20 07:15:00,116716.40,116740.10,116716.40,116728.77,900,63,0
2026.02.20 07:00:00,116689.40,116716.37,116689.40,116716.37,900,63,0
2026.02.20 06:45:00,116731.70,116741.72,116688.17,116689.37,900,63,0
2026.02.20 06:30:00,116704.70,116731.67,116704.70,116731.67,900,63,0
2026.02.20 06:15:00,116749.04,116762.06,116701.31,116704.67,900,63,0
2026.02.20 06:00:00,116759.42,116777.84,116740.49,116749.01,900,63,0
2026.02.20 05:45:00,116732.42,116759.39,116732.42,116759.39,900,63,0
2026.02.20 05:30:00,116726.31,116742.21,116721.35,116732.39,900,63,0
2026.02.20 05:15:00,116717.74,116726.44,116708.04,116726.28,900,63,0
2026.02.20 05:00:00,116708.54,116730.47,116708.54,116717.71,900,63,0
2026.02.20 04:45:00,116698.60,116708.51,116691.23,116708.51,900,63,0
2026.02.20 04:30:00,116692.87,116705.95,116684.71,116698.57,900,63,0
2026.02.20 04:15:00,116665.87,116692.84,116665.87,116692.84,900,63,0
2026.02.20 04:00:00,116657.82,116667.81,116648.89,116665.84,900,63,0
2026.02.20 03:45:00,116690.94,116693.01,116644.74,116657.79,900,63,0
2026.02.20 03:30:00,116663.94,116690.91,116663.94,116690.91,900,63,0
2026.02.20 03:15:00,116667.53,116682.68,116652.12,116663.91,900,63,0
2026.02.20 03:00:00,116640.53,116667.50,116640.53,116667.50,900,63,0
2026.02.20 02:45:00,116613.53,116640.50,116613.53,116640.50,900,63,0
2026.02.20 02:30:00,116611.42,116636.17,116611.31,116613.50,900,63,0
2026.02.20 02:15:00,116650.22,116651.24,116610.25,116611.39,900,63,0
2026.02.20 02:00:00,116661.72,116663.97,116641.85,116650.19,900,63,0
2026.02.20 01:45:00,116634.72,116661.69,116634.72,116661.69,900,63,0
2026.02.20 01:30:00,116620.57,116634.69,116614.95,116634.69,900,63,0
2026.02.20 01:15:00,116593.57,116620.54,116593.57,116620.54,900,63,0
2026.02.20 01:00:00,116566.57,116593.54,116566.57,116593.54,900,63,0
2026.02.20 00:45:00,116565.57,116584.59,116558.62,116566.54,900,63,0
2026.02.20 00:30:00,116560.66,116586.34,116560.66,116565.54,900,63,0
2026.02.20 00:15:00,116533.66,116560.63,116533.66,116560.63,900,63,0
2026.02.20 00:00:00,116506.66,116533.63,116506.66,116533.63,900,63,0
2026.02.19 23:45:00,116538.27,116545.59,116494.48,116506.63,900,63,0
2026.02.19 23:30:00,116526.82,116538.24,116518.68,116538.24,901,63,0
2026.02.19 23:15:00,116521.63,116535.34,116513.56,116526.79,900,63,0
2026.02.19 23:00:00,116534.59,116558.20,116518.27,116521.60,900,63,0
2026.02.19 22:45:00,116520.98,116536.67,116520.98,116534.56,900,63,0
2026.02.19 22:30:00,116527.66,116546.83,116513.18,116520.95,900,63,0
2026.02.19 22:15:00,116532.76,116553.73,116521.66,116527.63,900,63,0
2026.02.19 22:00:00,116570.13,116573.61,116509.84,116532.73,900,63,0
2026.02.19 21:45:00,116562.41,116586.47,116562.41,116570.10,900,63,0
2026.02.19 21:30:00,116585.83,116589.43,116544.98,116562.38,900,63,0
2026.02.19 21:15:00,116610.53,116628.86,116579.83,116585.80,900,63,0
2026.02.19 21:00:00,116583.53,116610.50,116583.53,116610.50,900,63,0
2026.02.19 20:45:00,116556.53,116583.50,116556.53,116583.50,900,63,0
2026.02.19 20:30:00,116646.70,116650.60,116549.90,116556.50,900,63,0
2026.02.19 20:15:00,116688.37,116697.22,116633.26,116646.67,900,63,0
2026.02.19 20:00:00,116661.37,116688.34,116661.37,116688.34,900,63,0
2026.02.19 19:45:00,116655.72,116661.34,116634.91,116661.34,900,63,0
2026.02.19 19:30:00,116648.24,116666.63,116647.14,116655.69,900,63,0
2026.02.19 19:15:00,116642.56,116648.21,116625.20,116648.21,900,63,0
2026.02.19 19:00:00,116615.56,116642.53,116615.56,116642.53,900,63,0
2026.02.19 18:45:00,116588.56,116615.53,116588.56,116615.53,900,63,0
2026.02.19 18:30:00,116611.93,116623.63,116585.35,116588.53,900,63,0
2026.02.19 18:15:00,116643.51,116650.44,116603.20,116611.90,900,63,0
2026.02.19 18:00:00,116616.51,116643.48,116616.51,116643.48,900,63,0
2026.02.19 17:45:00,116601.73,116617.03,116601.73,116616.48,900,63,0
2026.02.19 17:30:00,116631.37,116644.24,116599.72,116601.70,900,63,0
2026.02.19 17:15:00,116681.70,116683.74,116609.23,116631.34,900,63,0
2026.02.19 17:00:00,116654.70,116681.67,116654.70,116681.67,900,63,0
2026.02.19 16:45:00,116668.59,116678.82,116642.40,116654.67,900,63,0
2026.02.19 16:30:00,116641.59,116668.56,116641.59,116668.56,900,63,0
2026.02.19 16:15:00,116734.21,116735.23,116630.76,116641.56,900,63,0
2026.02.19 16:00:00,116731.50,116734.80,116710.54,116734.18,900,63,0
2026.02.19 15:45:00,116728.11,116741.46,116717.88,116731.47,900,63,0
2026.02.19 15:30:00,116796.61,116804.59,116720.70,116728.08,900,63,0
2026.02.19 15:15:00,116798.14,116813.65,116785.15,116796.58,900,63,0
2026.02.19 15:00:00,116804.95,116815.18,116781.40,116798.11,900,63,0
2026.02.19 14:45:00,116842.50,116857.38,116800.21,116804.92,900,63,0
2026.02.19 14:30:00,116878.48,116881.24,116825.19,116842.47,900,63,0
2026.02.19 14:15:00,116873.78,116878.45,116852.86,116878.45,901,63,0
2026.02.19 14:00:00,116905.98,116910.84,116867.78,116873.75,900,63,0
2026.02.19 13:45:00,116904.35,116921.84,116896.50,116905.95,900,63,0
2026.02.19 13:30:00,116877.35,116904.32,116877.35,116904.32,900,63,0
2026.02.19 13:15:00,116882.20,116898.37,116866.55,116877.32,900,63,0
2026.02.19 13:00:00,116891.05,116900.86,116866.03,116882.17,900,63,0
2026.02.19 12:45:00,116887.78,116897.59,116873.89,116891.02,900,63,0
2026.02.19 12:30:00,116874.96,116888.55,116874.40,116887.75,900,63,0
2026.02.19 12:15:00,116874.39,116899.32,116872.92,116874.93,900,63,0
2026.02.19 12:00:00,116847.39,116874.36,116847.39,116874.36,900,63,0
2026.02.19 11:45:00,116820.39,116847.36,116820.39,116847.36,900,63,0
2026.02.19 11:30:00,116807.25,116820.36,116800.29,116820.36,900,63,0
2026.02.19 11:15:00,116816.38,116818.00,116781.90,116807.22,900,63,0
2026.02.19 11:00:00,116819.15,116821.82,116792.08,116816.35,900,63,0
2026.02.19 10:45:00,116878.16,116880.71,116814.14,116819.12,900,63,0
2026.02.19 10:30:00,116864.08,116881.45,116864.08,116878.13,900,63,0
2026.02.19 10:15:00,116858.62,116872.90,116851.39,116864.05,900,63,0
2026.02.19 10:00:00,116849.55,116859.78,116841.88,116858.59,900,63,0
2026.02.19 09:45:00,116848.65,116862.84,116836.77,116849.52,900,63,0
2026.02.19 09:30:00,116860.60,116878.66,116843.10,116848.62,900,63,0
2026.02.19 09:15:00,116833.60,116860.57,116833.60,116860.57,900,63,0
2026.02.19 09:00:00,116826.53,116835.86,116815.96,116833.57,900,63,0
2026.02.19 08:45:00,116836.20,116838.84,116816.75,116826.50,900,63,0
2026.02.19 08:30:00,116824.73,116836.17,116811.45,116836.17,900,63,0
2026.02.19 08:15:00,116843.86,116858.17,116824.25,116824.70,900,63,0
2026.02.19 08:00:00,116856.92,116865.02,116838.58,116843.83,900,63,0
2026.02.19 07:45:00,116862.21,116868.09,116835.83,116856.89,900,63,0
2026.02.19 07:30:00,116889.78,116897.04,116842.59,116862.18,900,63,0
2026.02.19 07:15:00,116899.48,116920.81,116884.14,116889.75,900,63,0
2026.02.19 07:00:00,116885.44,116899.45,116885.44,116899.45,900,63,0
2026.02.19 06:45:00,116901.86,116909.60,116866.21,116885.41,900,63,0
2026.02.19 06:30:00,116945.44,116961.49,116894.81,116901.83,900,63,0
2026.02.19 06:15:00,116950.07,116953.67,116922.07,116945.41,900,63,0
2026.02.19 06:00:00,116987.73,116996.40,116935.82,116950.04,900,63,0
2026.02.19 05:45:00,117000.97,117017.35,117000.97,117015.12,900,63,0
2026.02.19 05:30:00,117001.80,117015.27,116998.93,117000.94,900,63,0
2026.02.19 05:15:00,116974.77,117001.77,116974.77,117001.77,901,63,0
2026.02.19 05:00:00,116991.48,116994.87,116951.19,116974.74,900,63,0
2026.02.19 04:45:00,117015.25,117019.36,116976.93,116991.45,900,63,0
2026.02.19 04:30:00,116988.25,117015.22,116988.25,117015.22,900,63,0
2026.02.19 04:15:00,117005.90,117012.60,116984.62,116988.22,900,63,0
2026.02.19 04:00:00,117010.57,117011.89,116980.25,117005.87,900,63,0
2026.02.19 03:45:00,117046.70,117051.77,117003.49,117010.54,900,63,0
2026.02.19 03:30:00,117086.62,117095.98,117045.83,117046.67,900,63,0
2026.02.19 03:15:00,117059.62,117086.59,117059.62,117086.59,900,63,0
2026.02.19 03:00:00,117050.83,117059.59,117033.46,117059.59,900,63,0
2026.02.19 02:45:00,117023.83,117050.80,117023.83,117050.80,900,63,0
2026.02.19 02:30:00,116996.83,117023.80,116996.83,117023.80,900,63,0
2026.02.19 02:15:00,117012.42,117012.48,116977.03,116996.80,900,63,0
2026.02.19 02:00:00,116998.92,117012.39,116997.09,117012.39,900,63,0
2026.02.19 01:45:00,116986.85,117003.05,116986.85,116998.89,900,63,0
2026.02.19 01:30:00,116959.85,116986.82,116959.85,116986.82,900,63,0
2026.02.19 01:15:00,116932.85,116959.82,116932.85,116959.82,900,63,0
2026.02.19 01:00:00,116938.63,116952.76,116929.37,116932.82,900,63,0
2026.02.19 00:45:00,116933.16,116940.84,116919.34,116938.60,900,63,0
2026.02.19 00:30:00,116906.16,116933.13,116906.16,116933.13,900,63,0
2026.02.19 00:15:00,116910.69,116914.35,116891.07,116906.13,900,63,0
2026.02.19 00:00:00,116914.83,116925.00,116907.12,116910.66,900,63,0
2026.02.18 23:45:00,116911.28,116930.12,116906.70,116914.80,900,63,0
2026.02.18 23:30:00,116902.73,116921.00,116902.58,116911.25,900,63,0
2026.02.18 23:15:00,116904.49,116917.72,116895.80,116902.70,900,63,0
2026.02.18 23:00:00,116905.06,116931.91,116904.37,116904.46,900,63,0
2026.02.18 22:45:00,116878.06,116905.03,116878.06,116905.03,900,63,0
2026.02.18 22:30:00,116868.09,116878.03,116856.58,116878.03,900,63,0
2026.02.18 22:15:00,116878.98,116886.48,116848.62,116868.06,900,63,0
2026.02.18 22:00:00,116928.36,116930.64,116875.08,116878.95,900,63,0
2026.02.18 21:45:00,116916.51,116928.33,116907.45,116928.33,900,63,0
2026.02.18 21:30:00,116889.51,116916.48,116889.51,116916.48,900,63,0
2026.02.18 21:15:00,116862.51,116889.48,116862.51,116889.48,900,63,0
2026.02.18 21:00:00,116850.42,116868.06,116850.42,116862.48,900,63,0
2026.02.18 20:45:00,116873.74,116880.43,116837.58,116850.39,900,63,0
2026.02.18 20:30:00,116889.42,116915.43,116872.78,116873.71,900,63,0
2026.02.18 20:15:00,116945.14,116957.77,116886.78,116889.39,901,63,0
2026.02.18 20:00:00,116918.14,116945.11,116918.14,116945.11,900,63,0
2026.02.18 19:45:00,116914.39,116940.22,116914.39,116918.11,900,63,0
2026.02.18 19:30:00,116902.90,116915.59,116900.11,116914.36,900,63,0
2026.02.18 19:15:00,116875.90,116902.87,116875.90,116902.87,900,63,0
2026.02.18 19:00:00,116895.67,116902.33,116870.47,116875.87,900,63,0
2026.02.18 18:45:00,116915.29,116921.14,116895.52,116895.64,900,63,0
2026.02.18 18:30:00,116928.32,116939.96,116907.85,116915.26,900,63,0
2026.02.18 18:15:00,116901.32,116928.29,116901.32,116928.29,900,63,0
2026.02.18 18:00:00,116874.32,116901.29,116874.32,116901.29,900,63,0
2026.02.18 17:45:00,116887.56,116905.20,116864.99,116874.29,900,63,0
2026.02.18 17:30:00,116907.42,116926.68,116879.97,116887.53,900,63,0
2026.02.18 17:15:00,116880.42,116907.39,116880.42,116907.39,900,63,0
2026.02.18 17:00:00,116870.59,116888.11,116870.59,116880.39,900,63,0
2026.02.18 16:45:00,116843.59,116870.56,116843.59,116870.56,900,63,0
2026.02.18 16:30:00,116843.77,116864.56,116837.41,116843.56,900,63,0
2026.02.18 16:15:00,116816.77,116843.74,116816.77,116843.74,900,63,0
2026.02.18 16:00:00,116789.77,116816.74,116789.77,116816.74,900,63,0
2026.02.18 15:45:00,116762.77,116789.74,116762.77,116789.74,900,63,0
2026.02.18 15:30:00,116798.42,116800.46,116742.85,116762.74,900,63,0
2026.02.18 15:15:00,116836.20,116844.39,116793.74,116798.39,900,63,0
2026.02.18 15:00:00,116851.48,116872.66,116831.55,116836.17,900,63,0
2026.02.18 14:45:00,116923.84,116934.34,116847.85,116851.45,900,63,0
2026.02.18 14:30:00,116896.84,116923.81,116896.84,116923.81,900,63,0
2026.02.18 14:15:00,116886.12,116908.38,116886.12,116896.81,900,63,0
2026.02.18 14:00:00,116871.43,116892.04,116871.43,116886.09,900,63,0
2026.02.18 13:45:00,116844.43,116871.40,116844.43,116871.40,900,63,0
2026.02.18 13:30:00,116851.24,116855.92,116832.52,116844.40,900,63,0
2026.02.18 13:15:00,116850.13,116874.46,116848.60,116851.21,900,63,0
2026.02.18 13:00:00,116878.36,116884.21,116832.46,116850.10,900,63,0
2026.02.18 12:45:00,116893.76,116901.83,116871.73,116878.33,900,63,0
2026.02.18 12:30:00,116866.76,116893.73,116866.76,116893.73,900,63,0
2026.02.18 12:15:00,116839.76,116866.73,116839.76,116866.73,900,63,0
2026.02.18 12:00:00,116873.45,116875.43,116825.81,116839.73,900,63,0
2026.02.18 11:45:00,116871.11,116874.44,116849.81,116873.42,900,63,0
2026.02.18 11:30:00,116869.66,116887.45,116861.93,116871.08,900,63,0
2026.02.18 11:15:00,116842.66,116869.63,116842.66,116869.63,900,63,0
2026.02.18 11:00:00,116839.27,116854.93,116831.32,116842.63,901,63,0
2026.02.18 10:45:00,116812.27,116839.24,116812.27,116839.24,900,63,0
2026.02.18 10:30:00,116862.60,116864.40,116802.52,116812.24,900,63,0
2026.02.18 10:15:00,116853.34,116874.40,116853.34,116862.57,900,63,0
2026.02.18 10:00:00,116903.27,116907.02,116851.27,116853.31,900,63,0
2026.02.18 09:45:00,116912.42,116919.32,116894.57,116903.24,900,63,0
2026.02.18 09:30:00,116919.68,116929.58,116895.35,116912.39,900,63,0
2026.02.18 09:15:00,116912.37,116933.91,116912.37,116919.65,900,63,0
2026.02.18 09:00:00,116885.37,116912.34,116885.37,116912.34,900,63,0
2026.02.18 08:45:00,116872.23,116885.34,116871.18,116885.34,900,63,0
2026.02.18 08:30:00,116878.54,116899.60,116870.82,116872.20,900,63,0
2026.02.18 08:15:00,116880.15,116894.61,116866.03,116878.51,900,63,0
2026.02.18 08:00:00,116910.79,116920.81,116875.62,116880.12,900,63,0
2026.02.18 07:45:00,116928.58,116929.00,116899.48,116910.76,900,63,0
2026.02.18 07:30:00,116917.77,116928.55,116905.87,116928.55,900,63,0
2026.02.18 07:15:00,116951.36,116956.90,116916.60,116917.74,900,63,0
2026.02.18 07:00:00,116924.36,116951.33,116924.36,116951.33,900,63,0
2026.02.18 06:45:00,116918.44,116937.19,116916.14,116924.33,900,63,0
2026.02.18 06:30:00,116891.44,116918.41,116891.44,116918.41,900,63,0
2026.02.18 06:15:00,116880.99,116896.29,116879.77,116891.41,900,63,0
2026.02.18 06:00:00,116897.99,116906.51,116862.54,116880.96,900,63,0
2026.02.18 05:45:00,116895.57,116903.64,116879.09,116897.96,900,63,0
2026.02.18 05:30:00,116887.32,116895.54,116871.93,116895.54,900,63,0
2026.02.18 05:15:00,116860.32,116887.29,116860.32,116887.29,900,63,0
2026.02.18 05:00:00,116912.03,116914.19,116850.87,116860.29,900,63,0
2026.02.18 04:45:00,116902.07,116924.78,116902.07,116912.00,900,63,0
2026.02.18 04:30:00,116875.07,116902.04,116875.07,116902.04,900,63,0
2026.02.18 04:15:00,116886.02,116909.00,116871.08,116875.04,900,63,0
2026.02.18 04:00:00,116884.12,116902.69,116877.62,116885.99,900,63,0
2026.02.18 03:45:00,116952.27,116962.20,116882.77,116884.09,900,63,0
2026.02.18 03:30:00,116937.46,116954.41,116937.46,116952.24,900,63,0
2026.02.18 03:15:00,116930.49,116937.81,116917.81,116937.43,900,63,0
2026.02.18 03:00:00,116918.10,116930.46,116912.76,116930.46,900,63,0
2026.02.18 02:45:00,116891.10,116918.07,116891.10,116918.07,900,63,0
2026.02.18 02:30:00,116912.54,116921.45,116888.85,116891.07,900,63,0
2026.02.18 02:15:00,116885.54,116912.51,116885.54,116912.51,900,63,0
2026.02.18 02:00:00,116907.68,116924.81,116878.91,116885.51,901,63,0
2026.02.18 01:45:00,116926.68,116942.31,116905.31,116907.65,900,63,0
2026.02.18 01:30:00,116899.68,116926.65,116899.68,116926.65,900,63,0
2026.02.18 01:15:00,116921.08,116925.28,116889.00,116899.65,900,63,0
2026.02.18 01:00:00,116953.14,116957.37,116918.89,116921.05,900,63,0
2026.02.18 00:45:00,116926.14,116953.11,116926.14,116953.11,900,63,0
2026.02.18 00:30:00,116955.10,116966.17,116917.89,116926.11,900,63,0
2026.02.18 00:15:00,116957.55,116970.22,116948.92,116955.07,900,63,0
2026.02.18 00:00:00,116948.94,116963.49,116945.13,116957.52,900,63,0
2026.02.17 23:45:00,116936.64,116948.91,116925.90,116948.91,900,63,0
2026.02.17 23:30:00,116931.43,116945.17,116923.41,116936.61,900,63,0
2026.02.17 23:15:00,117056.69,117059.96,116930.47,116931.40,900,63,0
2026.02.17 23:00:00,117052.28,117067.49,117044.93,117056.66,900,63,0
2026.02.17 22:45:00,117081.81,117089.13,117046.91,117052.25,900,63,0
2026.02.17 22:30:00,117121.74,117125.79,117081.57,117081.78,900,63,0
2026.02.17 22:15:00,117151.73,117166.37,117119.73,117121.71,900,63,0
2026.02.17 22:00:00,117124.73,117151.70,117124.73,117151.70,900,63,0
2026.02.17 21:45:00,117130.60,117134.86,117102.02,117124.70,900,63,0
2026.02.17 21:30:00,117121.87,117130.57,117107.23,117130.57,900,63,0
2026.02.17 21:15:00,117133.54,117137.29,117099.52,117121.84,900,63,0
2026.02.17 21:00:00,117134.66,117142.10,117124.81,117133.51,900,63,0
2026.02.17 20:45:00,117107.66,117134.63,117107.66,117134.63,900,63,0
2026.02.17 20:30:00,117080.66,117107.63,117080.66,117107.63,900,63,0
2026.02.17 20:15:00,117074.76,117097.86,117074.76,117080.63,900,63,0
2026.02.17 20:00:00,117117.90,117131.52,117073.23,117074.73,900,63,0
2026.02.17 19:45:00,117090.90,117117.87,117090.90,117117.87,900,63,0
2026.02.17 19:30:00,117063.90,117090.87,117063.90,117090.87,900,63,0
2026.02.17 19:15:00,117036.90,117063.87,117036.90,117063.87,900,63,0
2026.02.17 19:00:00,117009.90,117036.87,117009.90,117036.87,900,63,0
2026.02.17 18:45:00,117000.49,117012.64,116995.08,117009.87,900,63,0
2026.02.17 18:30:00,117022.33,117047.41,116998.72,117000.46,900,63,0
2026.02.17 18:15:00,117023.87,117031.07,117002.56,117022.30,900,63,0
2026.02.17 18:00:00,117035.26,117040.42,117002.06,117023.84,900,63,0
2026.02.17 17:45:00,117028.36,117042.82,117022.75,117035.23,900,63,0
2026.02.17 17:30:00,117033.42,117058.05,117026.02,117028.33,900,63,0
2026.02.17 17:15:00,117006.42,117033.39,117006.42,117033.39,900,63,0
2026.02.17 17:00:00,116979.39,117006.39,116979.39,117006.39,901,63,0
2026.02.17 16:45:00,116971.76,116996.42,116971.76,116979.36,900,63,0
2026.02.17 16:30:00,116944.76,116971.73,116944.76,116971.73,900,63,0
2026.02.17 16:15:00,116917.76,116944.73,116917.76,116944.73,900,63,0
2026.02.17 16:00:00,116909.78,116931.23,116909.78,116917.73,900,63,0
2026.02.17 15:45:00,116955.37,116957.17,116906.57,116909.75,900,63,0
2026.02.17 15:30:00,116928.37,116955.34,116928.37,116955.34,900,63,0
2026.02.17 15:15:00,116990.22,116991.57,116921.44,116928.34,900,63,0
2026.02.17 15:00:00,116963.22,116990.19,116963.22,116990.19,900,63,0
2026.02.17 14:45:00,116992.76,116997.44,116941.65,116963.19,900,63,0
2026.02.17 14:30:00,117020.63,117030.92,116982.23,116992.73,900,63,0
2026.02.17 14:15:00,117015.62,117031.31,117009.35,117020.60,900,63,0
2026.02.17 14:00:00,116988.62,117015.59,116988.62,117015.59,900,63,0
2026.02.17 13:45:00,116961.62,116988.59,116961.62,116988.59,900,63,0
2026.02.17 13:30:00,116982.13,116990.86,116950.01,116961.59,900,63,0
2026.02.17 13:15:00,116955.13,116982.10,116955.13,116982.10,900,63,0
2026.02.17 13:00:00,116976.09,116988.51,116950.78,116955.10,900,63,0
2026.02.17 12:45:00,116980.38,116985.46,116966.70,116976.06,900,63,0
2026.02.17 12:30:00,116994.81,117011.16,116969.76,116980.35,900,63,0
2026.02.17 12:15:00,116990.04,116994.78,116971.38,116994.78,900,63,0
2026.02.17 12:00:00,116997.41,117019.70,116985.36,116990.01,900,63,0
2026.02.17 11:45:00,116970.41,116997.38,116970.41,116997.38,900,63,0
2026.02.17 11:30:00,116977.10,116982.23,116948.57,116970.38,900,63,0
2026.02.17 11:15:00,116950.10,116977.07,116950.10,116977.07,900,63,0
2026.02.17 11:00:00,116923.10,116950.07,116923.10,116950.07,900,63,0
2026.02.17 10:45:00,116912.61,116923.07,116900.03,116923.07,900,63,0
2026.02.17 10:30:00,116929.64,116938.88,116899.92,116912.58,900,63,0
2026.02.17 10:15:00,116902.64,116929.61,116902.64,116929.61,900,63,0
2026.02.17 10:00:00,116901.98,116924.78,116898.47,116902.61,900,63,0
2026.02.17 09:45:00,116917.90,116941.42,116900.42,116901.95,900,63,0
2026.02.17 09:30:00,116913.97,116937.58,116913.97,116917.87,900,63,0
2026.02.17 09:15:00,116946.17,116954.39,116907.97,116913.94,900,63,0
2026.02.17 09:00:00,117002.51,117009.56,116930.60,116946.14,900,63,0
2026.02.17 08:45:00,116990.27,117008.03,116990.27,117002.48,900,63,0
2026.02.17 08:30:00,117001.46,117018.38,116987.18,116990.24,900,63,0
2026.02.17 08:15:00,116986.59,117011.88,116986.59,117001.43,900,63,0
2026.02.17 08:00:00,116999.78,117013.28,116973.09,116986.56,901,63,0
2026.02.17 07:45:00,116998.51,117020.20,116994.50,116999.75,900,63,0
2026.02.17 07:30:00,116971.51,116998.48,116971.51,116998.48,900,63,0
2026.02.17 07:15:00,116944.51,116971.48,116944.51,116971.48,900,63,0
2026.02.17 07:00:00,116950.10,116963.12,116943.94,116944.48,900,63,0
2026.02.17 06:45:00,116923.10,116950.07,116923.10,116950.07,900,63,0
2026.02.17 06:30:00,116967.69,116971.44,116913.71,116923.07,900,63,0
2026.02.17 06:15:00,116959.40,116968.91,116950.23,116967.66,900,63,0
2026.02.17 06:00:00,116932.40,116959.37,116932.40,116959.37,900,63,0
2026.02.17 05:45:00,116945.54,116959.37,116919.26,116932.37,900,63,0
2026.02.17 05:30:00,116951.61,116969.13,116940.14,116945.51,900,63,0
2026.02.17 05:15:00,116975.44,116977.61,116949.24,116951.58,900,63,0
2026.02.17 05:00:00,116948.44,116975.41,116948.44,116975.41,900,63,0
2026.02.17 04:45:00,116921.44,116948.41,116921.44,116948.41,900,63,0
2026.02.17 04:30:00,116921.17,116929.33,116902.63,116921.41,900,63,0
2026.02.17 04:15:00,116967.87,116977.17,116918.89,116921.14,900,63,0
2026.02.17 04:00:00,116940.87,116967.84,116940.87,116967.84,900,63,0
2026.02.17 03:45:00,116953.47,116965.32,116938.05,116940.84,900,63,0
2026.02.17 03:30:00,116949.43,116953.44,116928.30,116953.44,900,63,0
2026.02.17 03:15:00,116966.70,116985.36,116944.69,116949.40,900,63,0
2026.02.17 03:00:00,116939.70,116966.67,116939.70,116966.67,900,63,0
2026.02.17 02:45:00,116958.90,116971.77,116925.60,116939.67,900,63,0
2026.02.17 02:30:00,116983.39,116990.59,116952.78,116958.87,900,63,0
2026.02.17 02:15:00,117013.45,117029.89,116973.88,116983.36,900,63,0
2026.02.17 02:00:00,117019.40,117031.82,116998.90,117013.42,900,63,0
2026.02.17 01:45:00,117046.17,117065.37,117014.84,117019.37,900,63,0
2026.02.17 01:30:00,117032.24,117046.14,117027.03,117046.14,900,63,0
2026.02.17 01:15:00,117005.24,117032.21,117005.24,117032.21,900,63,0
2026.02.17 01:00:00,117093.64,117095.20,116999.54,117005.21,900,63,0
2026.02.17 00:45:00,117087.00,117099.06,117078.73,117093.61,900,63,0
2026.02.17 00:30:00,117060.00,117086.97,117060.00,117086.97,900,63,0
2026.02.17 00:15:00,117033.00,117059.97,117033.00,117059.97,900,63,0
2026.02.17 00:00:00,117061.57,117072.70,117027.42,117032.97,900,63,0
2026.02.16 23:45:00,117034.57,117061.54,117034.57,117061.54,900,63,0
2026.02.16 23:30:00,117007.57,117034.54,117007.57,117034.54,900,63,0
2026.02.16 23:15:00,117076.96,117079.51,116996.47,117007.54,900,63,0
2026.02.16 23:00:00,117049.96,117076.93,117049.96,117076.93,900,63,0
2026.02.16 22:45:00,117061.00,117067.27,117029.23,117049.93,901,63,0
2026.02.16 22:30:00,117034.00,117060.97,117034.00,117060.97,900,63,0
2026.02.16 22:15:00,117007.00,117033.97,117007.00,117033.97,900,63,0
2026.02.16 22:00:00,116980.00,117006.97,116980.00,117006.97,900,63,0
2026.02.16 21:45:00,116953.00,116979.97,116953.00,116979.97,900,63,0
2026.02.16 21:30:00,116977.14,116989.08,116939.38,116952.97,900,63,0
2026.02.16 21:15:00,116963.98,116977.11,116955.18,116977.11,900,63,0
2026.02.16 21:00:00,116936.98,116963.95,116936.98,116963.95,900,63,0
2026.02.16 20:45:00,116909.98,116936.95,116909.98,116936.95,900,63,0
2026.02.16 20:30:00,116930.66,116933.21,116898.40,116909.95,900,63,0
2026.02.16 20:15:00,116903.66,116930.63,116903.66,116930.63,900,63,0
2026.02.16 20:00:00,116891.59,116903.63,116877.80,116903.63,900,63,0
2026.02.16 19:45:00,116920.11,116931.54,116877.73,116891.56,900,63,0
2026.02.16 19:30:00,116920.91,116928.17,116900.40,116920.08,900,63,0
2026.02.16 19:15:00,116909.20,116920.88,116897.96,116920.88,900,63,0
2026.02.16 19:00:00,116934.25,116935.24,116899.39,116909.17,900,63,0
2026.02.16 18:45:00,116928.99,116937.78,116916.07,116934.22,900,63,0
2026.02.16 18:30:00,116901.99,116928.96,116901.99,116928.96,900,63,0
2026.02.16 18:15:00,116928.17,116936.30,116883.15,116901.96,900,63,0
2026.02.16 18:00:00,116920.95,116928.14,116902.37,116928.14,900,63,0
2026.02.16 17:45:00,116893.95,116920.92,116893.95,116920.92,900,63,0
2026.02.16 17:30:00,116883.95,116906.78,116883.95,116893.92,900,63,0
2026.02.16 17:15:00,116879.74,116898.28,116875.52,116883.92,900,63,0
2026.02.16 17:00:00,116852.74,116879.71,116852.74,116879.71,900,63,0
2026.02.16 16:45:00,116825.74,116852.71,116825.74,116852.71,900,63,0
2026.02.16 16:30:00,116811.43,116825.71,116801.59,116825.71,900,63,0
2026.02.16 16:15:00,116810.42,116813.60,116787.64,116811.40,900,63,0
2026.02.16 16:00:00,116783.42,116810.39,116783.42,116810.39,900,63,0
2026.02.16 15:45:00,116756.42,116783.39,116756.42,116783.39,900,63,0
2026.02.16 15:30:00,116766.23,116785.40,116748.62,116756.39,900,63,0
2026.02.16 15:15:00,116739.23,116766.20,116739.23,116766.20,900,63,0
2026.02.16 15:00:00,116725.18,116751.46,116725.18,116739.20,900,63,0
2026.02.16 14:45:00,116743.17,116758.05,116722.00,116725.15,900,63,0
2026.02.16 14:30:00,116716.17,116743.14,116716.17,116743.14,900,63,0
2026.02.16 14:15:00,116689.17,116716.14,116689.17,116716.14,900,63,0
2026.02.16 14:00:00,116701.40,116703.80,116664.60,116689.14,900,63,0
2026.02.16 13:45:00,116674.40,116701.37,116674.40,116701.37,900,63,0
2026.02.16 13:30:00,116647.40,116674.37,116647.40,116674.37,900,63,0
2026.02.16 13:15:00,116643.95,116656.07,116632.55,116647.37,900,63,0
2026.02.16 13:00:00,116632.40,116643.92,116627.36,116643.92,900,63,0
2026.02.16 12:45:00,116659.78,116666.08,116622.35,116632.37,900,63,0
2026.02.16 12:30:00,116678.74,116690.32,116644.39,116659.75,900,63,0
2026.02.16 12:15:00,116673.88,116680.78,116658.67,116678.71,900,63,0
2026.02.16 12:00:00,116668.40,116688.41,116666.92,116673.85,900,63,0
2026.02.16 11:45:00,116756.34,116757.27,116667.74,116668.37,900,63,0
2026.02.16 11:30:00,116729.34,116756.31,116729.34,116756.31,900,63,0
2026.02.16 11:15:00,116702.34,116729.31,116702.34,116729.31,900,63,0
2026.02.16 11:00:00,116739.80,116751.02,116694.51,116702.31,900,63,0
2026.02.16 10:45:00,116712.80,116739.77,116712.80,116739.77,900,63,0
2026.02.16 10:30:00,116712.47,116713.85,116687.21,116712.77,900,63,0
2026.02.16 10:15:00,116722.87,116723.95,116686.58,116712.44,900,63,0
2026.02.16 10:00:00,116718.38,116740.70,116718.22,116722.84,900,63,0
2026.02.16 09:45:00,116716.57,116718.88,116693.72,116718.35,900,63,0
2026.02.16 09:30:00,116738.43,116744.88,116697.28,116716.54,900,63,0
2026.02.16 09:15:00,116731.98,116742.03,116721.51,116738.40,900,63,0
2026.02.16 09:00:00,116750.58,116769.87,116730.39,116731.95,900,63,0
2026.02.16 08:45:00,116723.55,116750.55,116723.55,116750.55,901,63,0
2026.02.16 08:30:00,116731.87,116740.90,116708.67,116723.52,899,63,0
2026.02.16 08:15:00,116704.84,116731.84,116704.84,116731.84,901,63,0
2026.02.16 08:00:00,116677.84,116704.81,116677.84,116704.81,900,63,0
2026.02.16 07:45:00,116682.59,116696.40,116671.08,116677.81,900,63,0
2026.02.16 07:30:00,116668.54,116682.56,116660.87,116682.56,900,63,0
2026.02.16 07:15:00,116658.36,116668.51,116649.88,116668.51,900,63,0
2026.02.16 07:00:00,116645.80,116658.33,116643.42,116658.33,900,63,0
2026.02.16 06:45:00,116674.76,116676.29,116633.29,116645.77,899,63,0
2026.02.16 06:30:00,116647.73,116674.73,116647.73,116674.73,901,63,0
2026.02.16 06:15:00,116648.56,116672.14,116644.34,116647.70,900,63,0
2026.02.16 06:00:00,116621.56,116648.53,116621.56,116648.53,900,63,0
2026.02.16 05:45:00,116620.00,116638.30,116612.89,116621.53,900,63,0
2026.02.16 05:30:00,116664.23,116665.67,116608.12,116619.97,900,63,0
2026.02.16 05:15:00,116637.23,116664.20,116637.23,116664.20,900,63,0
2026.02.16 05:00:00,116610.23,116637.20,116610.23,116637.20,900,63,0
2026.02.16 04:45:00,116603.03,116627.45,116603.03,116610.20,900,63,0
2026.02.16 04:30:00,116635.94,116651.42,116596.01,116603.00,900,63,0
2026.02.16 04:15:00,116626.49,116652.68,116626.49,116635.91,900,63,0
2026.02.16 04:00:00,116636.07,116640.24,116618.51,116626.46,900,63,0
2026.02.16 03:45:00,116651.54,116677.34,116634.90,116636.04,900,63,0
2026.02.16 03:30:00,116665.83,116669.16,116645.84,116651.51,900,63,0
2026.02.16 03:15:00,116682.15,116693.31,116659.29,116665.80,900,63,0
2026.02.16 03:00:00,116655.15,116682.12,116655.15,116682.12,900,63,0
2026.02.16 02:45:00,116681.78,116690.78,116654.10,116655.12,900,63,0
2026.02.16 02:30:00,116710.39,116717.77,116670.26,116681.75,900,63,0
2026.02.16 02:15:00,116683.39,116710.36,116683.39,116710.36,900,63,0
2026.02.16 02:00:00,116656.39,116683.36,116656.39,116683.36,900,63,0
2026.02.16 01:45:00,116718.82,116719.27,116655.28,116656.36,900,63,0
2026.02.16 01:30:00,116691.82,116718.79,116691.82,116718.79,900,63,0
2026.02.16 01:15:00,116664.82,116691.79,116664.82,116691.79,900,63,0
2026.02.16 01:00:00,116665.87,116669.11,116641.09,116664.79,900,63,0
2026.02.16 00:45:00,116654.20,116665.84,116649.82,116665.84,900,63,0
2026.02.16 00:30:00,116684.43,116700.69,116652.70,116654.17,900,63,0
2026.02.16 00:15:00,116735.59,116737.57,116672.22,116684.40,900,63,0
2026.02.16 00:00:00,116708.59,116735.56,116708.59,116735.56,900,63,0
2026.02.15 23:45:00,116715.29,116741.36,116707.69,116708.56,900,63,0
2026.02.15 23:30:00,116706.24,116722.80,116704.88,116715.26,900,63,0
2026.02.15 23:15:00,116679.24,116706.21,116679.24,116706.21,900,63,0
2026.02.15 23:00:00,116676.10,116679.21,116654.49,116679.21,900,63,0
2026.02.15 22:45:00,116663.67,116678.70,116663.67,116676.07,900,63,0
2026.02.15 22:30:00,116636.67,116663.64,116636.67,116663.64,900,63,0
2026.02.15 22:15:00,116609.67,116636.64,116609.67,116636.64,900,63,0
2026.02.15 22:00:00,116596.91,116609.64,116589.51,116609.64,900,63,0
2026.02.15 21:45:00,116609.16,116614.35,116585.54,116596.88,900,63,0
2026.02.15 21:30:00,116616.24,116617.14,116586.36,116609.13,900,63,0
2026.02.15 21:15:00,116653.35,116669.01,116609.97,116616.21,900,63,0
2026.02.15 21:00:00,116645.33,116665.91,116645.33,116653.32,900,63,0
2026.02.15 20:45:00,116651.55,116660.85,116627.66,116645.30,900,63,0
2026.02.15 20:30:00,116624.55,116651.52,116624.55,116651.52,900,63,0
2026.02.15 20:15:00,116643.86,116653.43,116611.05,116624.52,900,63,0
2026.02.15 20:00:00,116678.29,116684.80,116639.90,116643.83,900,63,0
2026.02.15 19:45:00,116651.29,116678.26,116651.29,116678.26,900,63,0
2026.02.15 19:30:00,116624.29,116651.26,116624.29,116651.26,900,63,0
2026.02.15 19:15:00,116638.29,116654.49,116614.69,116624.26,900,63,0
2026.02.15 19:00:00,116631.72,116642.04,116621.64,116638.26,900,63,0
2026.02.15 18:45:00,116638.17,116642.64,116609.22,116631.69,900,63,0
2026.02.15 18:30:00,116611.17,116638.14,116611.17,116638.14,900,63,0
2026.02.15 18:15:00,116628.56,116631.38,116591.97,116611.14,900,63,0
2026.02.15 18:00:00,116601.56,116628.53,116601.56,116628.53,900,63,0
2026.02.15 17:45:00,116602.95,116617.17,116588.81,116601.53,900,63,0
2026.02.15 17:30:00,116596.82,116603.54,116582.70,116602.92,900,63,0
2026.02.15 17:15:00,116596.03,116614.00,116587.82,116596.79,900,63,0
2026.02.15 17:00:00,116616.50,116616.95,116585.71,116596.00,900,63,0
2026.02.15 16:45:00,116589.50,116616.47,116589.50,116616.47,900,63,0
2026.02.15 16:30:00,116591.13,116600.37,116571.77,116589.47,900,63,0
2026.02.15 16:15:00,116564.13,116591.10,116564.13,116591.10,900,63,0
2026.02.15 16:00:00,116557.55,116568.56,116548.17,116564.10,900,63,0
2026.02.15 15:45:00,116624.36,116627.24,116556.59,116557.52,900,63,0
2026.02.15 15:30:00,116615.74,116624.33,116600.69,116624.33,900,63,0
2026.02.15 15:15:00,116618.63,116645.06,116615.20,116615.71,900,63,0
2026.02.15 15:00:00,116616.58,116641.69,116616.58,116618.60,900,63,0
2026.02.15 14:45:00,116589.58,116616.55,116589.58,116616.55,900,63,0
2026.02.15 14:30:00,116590.03,116598.55,116571.13,116589.55,900,63,0
2026.02.15 14:15:00,116563.03,116590.00,116563.03,116590.00,900,63,0
2026.02.15 14:00:00,116582.11,116594.50,116553.88,116563.00,900,63,0
2026.02.15 13:45:00,116580.27,116604.24,116579.11,116582.08,900,63,0
2026.02.15 13:30:00,116567.80,116590.09,116567.80,116580.24,900,63,0
2026.02.15 13:15:00,116565.46,116573.62,116548.99,116567.77,900,63,0
2026.02.15 13:00:00,116590.60,116614.93,116565.31,116565.43,900,63,0
2026.02.15 12:45:00,116603.46,116624.61,116584.78,116590.57,900,63,0
2026.02.15 12:30:00,116624.33,116632.73,116594.28,116603.43,900,63,0
2026.02.15 12:15:00,116597.33,116624.30,116597.33,116624.30,900,63,0
2026.02.15 12:00:00,116608.41,116620.68,116595.17,116597.30,900,63,0
2026.02.15 11:45:00,116622.75,116628.84,116588.40,116608.38,900,63,0
2026.02.15 11:30:00,116663.54,116667.23,116600.22,116622.72,900,63,0
2026.02.15 11:15:00,116657.72,116670.38,116649.23,116663.51,900,63,0
2026.02.15 11:00:00,116683.67,116696.39,116656.73,116657.69,900,63,0
2026.02.15 10:45:00,116689.91,116705.24,116672.03,116683.64,900,63,0
2026.02.15 10:30:00,116693.34,116696.91,116666.51,116689.88,900,63,0
2026.02.15 10:15:00,116699.42,116700.44,116676.66,116693.31,900,63,0
2026.02.15 10:00:00,116704.10,116705.78,116674.13,116699.39,900,63,0
2026.02.15 09:45:00,116677.10,116704.07,116677.10,116704.07,900,63,0
2026.02.15 09:30:00,116663.79,116688.18,116663.79,116677.07,900,63,0
2026.02.15 09:15:00,116672.46,116696.91,116663.76,116663.76,900,63,0
2026.02.15 09:00:00,116645.46,116672.43,116645.46,116672.43,900,63,0
2026.02.15 08:45:00,116618.46,116645.43,116618.46,116645.43,900,63,0
2026.02.15 08:30:00,116591.46,116618.43,116591.46,116618.43,900,63,0
2026.02.15 08:15:00,116609.17,116617.27,116575.11,116591.43,900,63,0
2026.02.15 08:00:00,116617.61,116641.55,116606.14,116609.14,835,63,0
2026.02.15 07:45:00,116697.31,116704.00,116613.14,116617.58,832,63,0
2026.02.15 07:30:00,116685.09,116707.92,116685.09,116697.28,900,63,0
2026.02.15 07:15:00,116658.09,116685.06,116658.09,116685.06,900,63,0
2026.02.15 07:00:00,116668.42,116672.71,116635.44,116658.06,899,63,0
2026.02.15 06:45:00,116659.42,116668.39,116659.42,116668.39,300,63,0
2026.02.15 06:30:00,116661.11,116664.74,116636.08,116659.39,900,63,0
2026.02.15 06:15:00,116649.63,116664.99,116649.50,116661.08,900,63,0
2026.02.15 06:00:00,116640.32,116649.60,116630.25,116649.60,900,63,0
2026.02.15 05:45:00,116632.21,116640.29,116613.86,116640.29,900,63,0
2026.02.15 05:30:00,116633.89,116657.71,116629.06,116632.18,900,63,0
2026.02.15 05:15:00,116627.86,116648.77,116627.83,116633.86,900,63,0
2026.02.15 05:00:00,116690.88,116701.62,116623.00,116627.83,900,63,0
2026.02.15 04:45:00,116697.89,116714.21,116680.23,116690.85,900,63,0
2026.02.15 04:30:00,116749.44,116759.52,116694.45,116697.86,900,63,0
2026.02.15 04:15:00,116787.60,116792.13,116731.14,116749.41,900,63,0
2026.02.15 04:00:00,116803.16,116809.58,116777.88,116787.57,900,63,0
2026.02.15 03:45:00,116793.97,116811.76,116793.97,116803.13,900,63,0
2026.02.15 03:30:00,116811.29,116815.37,116771.08,116793.94,900,63,0
2026.02.15 03:15:00,116848.63,116872.93,116808.83,116811.26,900,63,0
2026.02.15 03:00:00,116843.75,116869.13,116843.75,116848.60,900,63,0
2026.02.15 02:45:00,116869.71,116885.16,116843.18,116843.72,900,63,0
2026.02.15 02:30:00,116951.68,116963.35,116866.50,116869.68,900,63,0
2026.02.15 02:15:00,116956.91,116969.09,116936.86,116951.65,901,63,0
2026.02.15 02:00:00,116929.91,116956.88,116929.91,116956.88,900,63,0
2026.02.15 01:45:00,116902.91,116929.88,116902.91,116929.88,900,63,0
2026.02.15 01:30:00,116875.91,116902.88,116875.91,116902.88,900,63,0
2026.02.15 01:15:00,116878.05,116895.57,116866.46,116875.88,900,63,0
2026.02.15 01:00:00,116879.88,116898.51,116869.71,116878.02,900,63,0
2026.02.15 00:45:00,116852.88,116879.85,116852.88,116879.85,900,63,0
2026.02.15 00:30:00,116825.88,116852.85,116825.88,116852.85,900,63,0
2026.02.15 00:15:00,116834.78,116852.39,116821.11,116825.85,900,63,0
2026.02.15 00:00:00,116868.68,116882.21,116832.41,116834.75,900,63,0
2026.02.14 23:45:00,116871.50,116882.36,116852.57,116868.65,900,63,0
2026.02.14 23:30:00,116844.50,116871.47,116844.50,116871.47,900,63,0
2026.02.14 23:15:00,116817.50,116844.47,116817.50,116844.47,900,63,0
2026.02.14 23:00:00,116790.50,116817.47,116790.50,116817.47,900,63,0
2026.02.14 22:45:00,116763.50,116790.47,116763.50,116790.47,900,63,0
2026.02.14 22:30:00,116772.11,116780.57,116744.99,116763.47,900,63,0
2026.02.14 22:15:00,116817.55,116817.85,116752.40,116772.08,900,63,0
2026.02.14 22:00:00,116790.55,116817.52,116790.55,116817.52,900,63,0
2026.02.14 21:45:00,116803.61,116816.57,116776.54,116790.52,900,63,0
2026.02.14 21:30:00,116809.30,116834.65,116801.99,116803.58,900,63,0
2026.02.14 21:15:00,116805.74,116831.27,116805.74,116809.27,900,63,0
2026.02.14 21:00:00,116824.22,116830.81,116802.86,116805.71,900,63,0
2026.02.14 20:45:00,116820.96,116826.00,116802.29,116824.19,900,63,0
2026.02.14 20:30:00,116793.96,116820.93,116793.96,116820.93,900,63,0
2026.02.14 20:15:00,116792.76,116803.68,116777.91,116793.93,900,63,0
2026.02.14 20:00:00,116765.76,116792.73,116765.76,116792.73,900,63,0
2026.02.14 19:45:00,116770.92,116781.15,116749.02,116765.73,886,63,0
2026.02.14 19:30:00,116759.09,116784.89,116759.09,116770.89,900,63,0
2026.02.14 19:15:00,116732.09,116759.06,116732.09,116759.06,900,63,0
2026.02.14 19:00:00,116705.09,116732.06,116705.09,116732.06,900,63,0
2026.02.14 18:45:00,116704.48,116717.41,116691.05,116705.06,900,63,0
2026.02.14 18:30:00,116726.57,116737.10,116703.19,116704.45,900,63,0
2026.02.14 18:15:00,116737.91,116751.47,116721.77,116726.54,900,63,0
2026.02.14 18:00:00,116784.15,116785.50,116733.08,116737.88,900,63,0
2026.02.14 17:45:00,116757.15,116784.12,116757.15,116784.12,900,63,0
2026.02.14 17:30:00,116786.97,116789.31,116733.42,116757.12,900,63,0
2026.02.14 17:15:00,116834.81,116837.09,116778.09,116786.94,900,63,0
2026.02.14 17:00:00,116807.81,116834.78,116807.81,116834.78,900,63,0
2026.02.14 16:45:00,116780.81,116807.78,116780.81,116807.78,900,63,0
2026.02.14 16:30:00,116773.99,116796.04,116773.99,116780.78,900,63,0
2026.02.14 16:15:00,116746.99,116773.96,116746.99,116773.96,900,63,0
2026.02.14 16:00:00,116719.99,116746.96,116719.99,116746.96,900,63,0
2026.02.14 15:45:00,116714.63,116719.96,116693.26,116719.96,900,63,0
2026.02.14 15:30:00,116749.82,116755.22,116710.85,116714.60,900,63,0
2026.02.14 15:15:00,116779.15,116784.97,116734.52,116749.79,900,63,0
2026.02.14 15:00:00,116752.15,116779.12,116752.15,116779.12,900,63,0
2026.02.14 14:45:00,116744.48,116752.12,116730.16,116752.12,900,63,0
2026.02.14 14:30:00,116731.51,116744.71,116730.71,116744.45,900,63,0
2026.02.14 14:15:00,116704.51,116731.48,116704.51,116731.48,900,63,0
2026.02.14 14:00:00,116689.64,116704.91,116689.64,116704.48,900,63,0
2026.02.14 13:45:00,116675.57,116689.61,116666.75,116689.61,900,63,0
2026.02.14 13:30:00,116689.07,116692.88,116652.41,116675.54,900,63,0
2026.02.14 13:15:00,116662.07,116689.04,116662.07,116689.04,900,63,0
2026.02.14 13:00:00,116635.07,116662.04,116635.07,116662.04,900,63,0
2026.02.14 12:45:00,116633.20,116642.86,116617.76,116635.04,900,63,0
2026.02.14 12:30:00,116606.20,116633.17,116606.20,116633.17,900,63,0
2026.02.14 12:15:00,116600.86,116618.29,116596.66,116606.17,900,63,0
2026.02.14 12:00:00,116594.34,116603.22,116582.77,116600.83,900,63,0
2026.02.14 11:45:00,116615.35,116615.71,116579.79,116594.31,900,63,0
2026.02.14 11:30:00,116588.35,116615.32,116588.35,116615.32,900,63,0
2026.02.14 11:15:00,116600.02,116607.64,116587.27,116588.32,900,63,0
2026.02.14 11:00:00,116606.13,116608.23,116575.15,116599.99,900,63,0
2026.02.14 10:45:00,116579.13,116606.10,116579.13,116606.10,900,63,0
2026.02.14 10:30:00,116568.98,116583.05,116566.23,116579.10,900,63,0
2026.02.14 10:15:00,116555.88,116573.04,116555.88,116568.95,900,63,0
2026.02.14 10:00:00,116564.07,116577.54,116542.38,116555.85,900,63,0
2026.02.14 09:45:00,116537.07,116564.04,116537.07,116564.04,900,63,0
2026.02.14 09:30:00,116538.33,116541.87,116513.64,116537.04,900,63,0
2026.02.14 09:15:00,116511.33,116538.30,116511.33,116538.30,900,63,0
2026.02.14 09:00:00,116521.31,116531.63,116494.68,116511.30,900,63,0
2026.02.14 08:45:00,116520.75,116536.20,116509.79,116521.28,900,63,0
2026.02.14 08:30:00,116540.35,116544.31,116505.24,116520.72,900,63,0
2026.02.14 08:15:00,116513.35,116540.32,116513.35,116540.32,900,63,0
2026.02.14 08:00:00,116501.40,116513.55,116498.53,116513.32,900,63,0
2026.02.14 07:45:00,116474.40,116501.37,116474.40,116501.37,900,63,0
2026.02.14 07:30:00,116447.40,116474.37,116447.40,116474.37,900,63,0
2026.02.14 07:15:00,116450.72,116454.44,116424.15,116447.37,900,63,0
2026.02.14 07:00:00,116423.72,116450.69,116423.72,116450.69,900,63,0
2026.02.14 06:45:00,116478.76,116487.31,116413.22,116423.69,900,63,0
2026.02.14 06:30:00,116451.76,116478.73,116451.76,116478.73,900,63,0
2026.02.14 06:15:00,116458.68,116474.97,116445.82,116451.73,900,63,0
2026.02.14 06:00:00,116431.68,116458.65,116431.68,116458.65,900,63,0
2026.02.14 05:45:00,116404.68,116431.65,116404.68,116431.65,900,63,0
2026.02.14 05:30:00,116403.18,116404.65,116377.74,116404.65,900,63,0
2026.02.14 05:15:00,116453.74,116455.48,116395.86,116403.15,900,63,0
2026.02.14 05:00:00,116463.82,116471.50,116434.45,116453.71,900,63,0
2026.02.14 04:45:00,116466.74,116487.89,116460.73,116463.79,900,63,0
2026.02.14 04:30:00,116439.74,116466.71,116439.74,116466.71,900,63,0
2026.02.14 04:15:00,116470.06,116486.50,116437.28,116439.71,900,63,0
2026.02.14 04:00:00,116457.62,116470.03,116447.44,116470.03,900,63,0
2026.02.14 03:45:00,116446.06,116457.59,116439.26,116457.59,900,63,0
2026.02.14 03:30:00,116437.38,116449.68,116431.39,116446.03,900,63,0
2026.02.14 03:15:00,116431.08,116453.52,116431.08,116437.35,900,63,0
2026.02.14 03:00:00,116404.08,116431.05,116404.08,116431.05,900,63,0
2026.02.14 02:45:00,116408.34,116410.29,116379.06,116404.05,900,63,0
2026.02.14 02:30:00,116393.98,116413.03,116393.98,116408.31,900,63,0
2026.02.14 02:15:00,116366.98,116393.95,116366.98,116393.95,900,63,0
2026.02.14 02:00:00,116339.98,116366.95,116339.98,116366.95,900,63,0
2026.02.14 01:45:00,116348.50,116359.66,116324.17,116339.95,900,63,0
2026.02.14 01:30:00,116365.97,116392.70,116348.26,116348.47,900,63,0
2026.02.14 01:15:00,116338.97,116365.94,116338.97,116365.94,900,63,0
2026.02.14 01:00:00,116395.61,116410.31,116337.65,116338.94,900,63,0
2026.02.14 00:45:00,116387.05,116413.63,116387.05,116395.58,900,63,0
2026.02.14 00:30:00,116412.96,116420.25,116370.04,116387.02,900,63,0
2026.02.14 00:15:00,116423.63,116437.49,116399.85,116412.93,900,63,0
2026.02.14 00:00:00,116423.01,116449.68,116423.01,116423.60,900,63,0
2026.02.13 23:45:00,116409.18,116424.09,116409.18,116422.98,900,63,0
2026.02.13 23:30:00,116415.35,116419.55,116397.90,116409.15,900,63,0
2026.02.13 23:15:00,116405.63,116423.00,116405.63,116415.32,900,63,0
2026.02.13 23:00:00,116405.36,116423.39,116396.69,116405.60,900,63,0
2026.02.13 22:45:00,116407.27,116423.56,116394.68,116405.33,900,63,0
2026.02.13 22:30:00,116380.27,116407.24,116380.27,116407.24,900,63,0
2026.02.13 22:15:00,116376.98,116394.83,116371.15,116380.24,900,63,0
2026.02.13 22:00:00,116376.18,116402.82,116376.18,116376.95,900,63,0
2026.02.13 21:45:00,116349.18,116376.15,116349.18,116376.15,900,63,0
2026.02.13 21:30:00,116386.76,116390.51,116336.07,116349.15,900,63,0
2026.02.13 21:15:00,116426.82,116432.82,116382.77,116386.73,900,63,0
2026.02.13 21:00:00,116517.26,116518.07,116426.25,116426.79,900,63,0
2026.02.13 20:45:00,116575.31,116576.42,116516.66,116517.23,900,63,0
2026.02.13 20:30:00,116584.47,116610.27,116574.14,116575.28,900,63,0
2026.02.13 20:15:00,116638.63,116647.93,116579.73,116584.44,900,63,0
2026.02.13 20:00:00,116677.01,116684.75,116629.42,116638.60,900,63,0
2026.02.13 19:45:00,116650.01,116676.98,116650.01,116676.98,900,63,0
2026.02.13 19:30:00,116623.01,116649.98,116623.01,116649.98,900,63,0
2026.02.13 19:15:00,116596.01,116622.98,116596.01,116622.98,900,63,0
2026.02.13 19:00:00,116587.28,116598.56,116580.32,116595.98,900,63,0
2026.02.13 18:45:00,116650.90,116655.49,116574.56,116587.25,900,63,0
2026.02.13 18:30:00,116653.58,116658.17,116628.52,116650.87,900,63,0
2026.02.13 18:15:00,116673.56,116692.73,116652.53,116653.55,900,63,0
2026.02.13 18:00:00,116646.56,116673.53,116646.56,116673.53,900,63,0
2026.02.13 17:45:00,116671.86,116675.70,116636.63,116646.53,900,63,0
2026.02.13 17:30:00,116686.75,116687.05,116656.92,116671.83,900,63,0
2026.02.13 17:15:00,116659.75,116686.72,116659.75,116686.72,900,63,0
2026.02.13 17:00:00,116659.54,116674.72,116647.96,116659.72,900,63,0
2026.02.13 16:45:00,116720.05,116732.71,116654.08,116659.51,900,63,0
2026.02.13 16:30:00,116709.58,116720.02,116693.83,116720.02,900,63,0
2026.02.13 16:15:00,116682.58,116709.55,116682.58,116709.55,900,63,0
2026.02.13 16:00:00,116668.26,116691.15,116668.26,116682.55,900,63,0
2026.02.13 15:45:00,116641.26,116668.23,116641.26,116668.23,900,63,0
2026.02.13 15:30:00,116614.26,116641.23,116614.26,116641.23,900,63,0
2026.02.13 15:15:00,116587.26,116614.23,116587.26,116614.23,900,63,0
2026.02.13 15:00:00,116599.09,116604.34,116565.54,116587.23,900,63,0
2026.02.13 14:45:00,116585.19,116599.06,116572.36,116599.06,900,63,0
2026.02.13 14:30:00,116588.75,116589.44,116558.91,116585.16,900,63,0
2026.02.13 14:15:00,116561.75,116588.72,116561.75,116588.72,900,63,0
2026.02.13 14:00:00,116549.30,116566.91,116549.30,116561.72,900,63,0
2026.02.13 13:45:00,116545.66,116550.91,116527.58,116549.27,900,63,0
2026.02.13 13:30:00,116533.35,116558.25,116533.35,116545.63,900,63,0
2026.02.13 13:15:00,116535.88,116541.89,116523.86,116533.32,900,63,0
2026.02.13 13:00:00,116529.03,116549.04,116528.92,116535.85,900,63,0
2026.02.13 12:45:00,116627.13,116627.43,116522.46,116529.00,900,63,0
2026.02.13 12:30:00,116666.32,116673.31,116608.47,116627.10,900,63,0
2026.02.13 12:15:00,116653.78,116669.05,116653.78,116666.29,900,63,0
2026.02.13 12:00:00,116653.58,116662.28,116635.51,116653.75,900,63,0
2026.02.13 11:45:00,116640.91,116653.55,116627.60,116653.55,900,63,0
2026.02.13 11:30:00,116668.93,116676.40,116628.94,116640.88,900,63,0
2026.02.13 11:15:00,116676.36,116683.53,116649.13,116668.90,900,63,0
2026.02.13 11:00:00,116649.36,116676.33,116649.36,116676.33,900,63,0
2026.02.13 10:45:00,116642.89,116658.31,116637.81,116649.33,900,63,0
2026.02.13 10:30:00,116615.89,116642.86,116615.89,116642.86,900,63,0
2026.02.13 10:15:00,116625.84,116634.93,116598.01,116615.86,900,63,0
2026.02.13 10:00:00,116598.84,116625.81,116598.84,116625.81,900,63,0
2026.02.13 09:45:00,116605.83,116632.56,116598.60,116598.81,900,63,0
2026.02.13 09:30:00,116611.06,116628.97,116596.77,116605.80,900,63,0
2026.02.13 09:15:00,116608.86,116631.45,116606.68,116611.03,900,63,0
2026.02.13 09:00:00,116603.43,116616.78,116595.24,116608.83,900,63,0
2026.02.13 08:45:00,116576.43,116603.40,116576.43,116603.40,900,63,0
2026.02.13 08:30:00,116549.43,116576.40,116549.43,116576.40,900,63,0
2026.02.13 08:15:00,116535.25,116561.08,116535.25,116549.40,900,63,0
2026.02.13 08:00:00,116508.25,116535.22,116508.25,116535.22,900,63,0
2026.02.13 07:45:00,116527.17,116532.24,116490.04,116508.22,900,63,0
2026.02.13 07:30:00,116539.87,116552.98,116514.21,116527.14,900,63,0
2026.02.13 07:15:00,116512.87,116539.84,116512.87,116539.84,900,63,0
2026.02.13 07:00:00,116507.26,116512.84,116486.89,116512.84,900,63,0
2026.02.13 06:45:00,116535.10,116541.10,116499.19,116507.23,900,63,0
2026.02.13 06:30:00,116547.09,116549.04,116519.08,116535.07,900,63,0
2026.02.13 06:15:00,116546.74,116568.10,116541.48,116547.06,900,63,0
2026.02.13 06:00:00,116600.74,116606.32,116534.44,116546.71,900,63,0
2026.02.13 05:45:00,116591.77,116600.71,116575.33,116600.71,900,63,0
2026.02.13 05:30:00,116624.60,116638.58,116589.31,116591.74,900,63,0
2026.02.13 05:15:00,116623.39,116638.48,116612.72,116624.57,900,63,0
2026.02.13 05:00:00,116640.94,116661.94,116623.36,116623.36,900,63,0
2026.02.13 04:45:00,116693.52,116705.13,116628.25,116640.91,900,63,0
2026.02.13 04:30:00,116666.52,116693.49,116666.52,116693.49,900,63,0
2026.02.13 04:15:00,116639.52,116666.49,116639.52,116666.49,900,63,0
2026.02.13 04:00:00,116612.52,116639.49,116612.52,116639.49,900,63,0
2026.02.13 03:45:00,116585.52,116612.49,116585.52,116612.49,900,63,0
2026.02.13 03:30:00,116558.52,116585.49,116558.52,116585.49,900,63,0
2026.02.13 03:15:00,116531.52,116558.49,116531.52,116558.49,900,63,0
2026.02.13 03:00:00,116532.02,116546.48,116519.01,116531.49,900,63,0
2026.02.13 02:45:00,116556.70,116564.41,116530.76,116531.99,900,63,0
2026.02.13 02:30:00,116566.44,116578.92,116553.97,116556.67,900,63,0
2026.02.13 02:15:00,116615.04,116617.56,116562.45,116566.41,900,63,0
2026.02.13 02:00:00,116644.64,116646.71,116604.81,116615.01,900,63,0
2026.02.13 01:45:00,116617.64,116644.61,116617.64,116644.61,900,63,0
2026.02.13 01:30:00,116627.16,116639.82,116607.80,116617.61,900,63,0
2026.02.13 01:15:00,116752.21,116764.90,116621.16,116627.13,900,63,0
2026.02.13 01:00:00,116749.64,116766.26,116741.86,116752.18,900,63,0
2026.02.13 00:45:00,116791.54,116809.78,116745.32,116749.61,900,63,0
2026.02.13 00:30:00,116764.54,116791.51,116764.54,116791.51,900,63,0
2026.02.13 00:15:00,116802.90,116815.08,116763.58,116764.51,900,63,0
2026.02.13 00:00:00,116793.65,116807.78,116790.06,116802.87,900,63,0
2026.02.12 23:45:00,116815.77,116836.56,116787.47,116793.62,900,63,0
2026.02.12 23:30:00,116849.37,116857.32,116812.50,116815.74,900,63,0
2026.02.12 23:15:00,116822.37,116849.34,116822.37,116849.34,900,63,0
2026.02.12 23:00:00,116821.02,116824.56,116798.94,116822.34,900,63,0
2026.02.12 22:45:00,116807.89,116827.81,116807.89,116820.99,900,63,0
2026.02.12 22:30:00,116780.89,116807.86,116780.89,116807.86,900,63,0
2026.02.12 22:15:00,116789.21,116790.05,116755.09,116780.86,900,63,0
2026.02.12 22:00:00,116780.32,116797.27,116779.19,116789.18,900,63,0
2026.02.12 21:45:00,116753.32,116780.29,116753.32,116780.29,900,63,0
2026.02.12 21:30:00,116750.73,116762.49,116738.11,116753.29,900,63,0
2026.02.12 21:15:00,116758.78,116771.02,116745.66,116750.70,900,63,0
2026.02.12 21:00:00,116774.67,116783.07,116745.52,116758.75,900,63,0
2026.02.12 20:45:00,116773.33,116790.37,116764.74,116774.64,900,63,0
2026.02.12 20:30:00,116781.68,116789.18,116770.79,116773.30,900,63,0
2026.02.12 20:15:00,116773.53,116781.65,116756.15,116781.65,900,63,0
2026.02.12 20:00:00,116768.31,116785.35,116763.60,116773.50,900,63,0
2026.02.12 19:45:00,116753.42,116776.88,116753.42,116768.28,900,63,0
2026.02.12 19:30:00,116726.42,116753.39,116726.42,116753.39,900,63,0
2026.02.12 19:15:00,116699.42,116726.39,116699.42,116726.39,900,63,0
2026.02.12 19:00:00,116718.53,116731.05,116697.86,116699.39,900,63,0
2026.02.12 18:45:00,116691.53,116718.50,116691.53,116718.50,900,63,0
2026.02.12 18:30:00,116689.37,116706.32,116681.51,116691.50,900,63,0
2026.02.12 18:15:00,116674.83,116689.34,116674.83,116689.34,900,63,0
2026.02.12 18:00:00,116661.08,116674.80,116656.02,116674.80,900,63,0
2026.02.12 17:45:00,116717.43,116723.82,116649.41,116661.05,900,63,0
2026.02.12 17:30:00,116706.91,116729.08,116706.91,116717.40,900,63,0
2026.02.12 17:15:00,116692.29,116709.81,116692.29,116706.88,900,63,0
2026.02.12 17:00:00,116690.32,116710.90,116685.90,116692.26,900,63,0
2026.02.12 16:45:00,116692.88,116698.94,116669.41,116690.29,900,63,0
2026.02.12 16:30:00,116688.50,116708.51,116685.92,116692.85,900,63,0
2026.02.12 16:15:00,116691.46,116717.35,116687.42,116688.47,900,63,0
2026.02.12 16:00:00,116716.24,116727.19,116685.16,116691.43,900,63,0
2026.02.12 15:45:00,116729.54,116745.02,116713.66,116716.21,900,63,0
2026.02.12 15:30:00,116702.54,116729.51,116702.54,116729.51,900,63,0
2026.02.12 15:15:00,116675.54,116702.51,116675.54,116702.51,900,63,0
2026.02.12 15:00:00,116690.27,116701.28,116659.58,116675.51,900,63,0
2026.02.12 14:45:00,116678.92,116696.77,116678.92,116690.24,900,63,0
2026.02.12 14:30:00,116698.40,116706.92,116672.97,116678.89,900,63,0
2026.02.12 14:15:00,116717.87,116740.43,116694.53,116698.37,900,63,0
2026.02.12 14:00:00,116736.70,116738.05,116692.25,116717.84,900,63,0
2026.02.12 13:45:00,116724.37,116738.14,116723.50,116736.67,900,63,0
2026.02.12 13:30:00,116755.56,116780.64,116723.86,116724.34,900,63,0
2026.02.12 13:15:00,116728.56,116755.53,116728.56,116755.53,900,63,0
2026.02.12 13:00:00,116733.38,116750.72,116718.93,116728.53,900,63,0
2026.02.12 12:45:00,116768.72,116780.51,116728.40,116733.35,900,63,0
2026.02.12 12:30:00,116766.02,116777.60,116753.33,116768.69,900,63,0
2026.02.12 12:15:00,116813.90,116815.01,116760.29,116765.99,900,63,0
2026.02.12 12:00:00,116805.52,116826.70,116805.52,116813.87,900,63,0
2026.02.12 11:45:00,116778.52,116805.49,116778.52,116805.49,900,63,0
2026.02.12 11:30:00,116769.24,116781.75,116764.06,116778.49,900,63,0
2026.02.12 11:15:00,116773.03,116780.05,116749.29,116769.21,900,63,0
2026.02.12 11:00:00,116746.03,116773.00,116746.03,116773.00,900,63,0
2026.02.12 10:45:00,116719.03,116746.00,116719.03,116746.00,900,63,0
2026.02.12 10:30:00,116704.12,116719.00,116697.19,116719.00,900,63,0
2026.02.12 10:15:00,116720.48,116721.74,116697.67,116704.09,900,63,0
2026.02.12 10:00:00,116710.07,116731.25,116710.07,116720.45,900,63,0
2026.02.12 09:45:00,116683.07,116710.04,116683.07,116710.04,900,63,0
2026.02.12 09:30:00,116656.07,116683.04,116656.07,116683.04,900,63,0
2026.02.12 09:15:00,116641.39,116659.30,116641.39,116656.04,900,63,0
2026.02.12 09:00:00,116614.39,116641.36,116614.39,116641.36,900,63,0
2026.02.12 08:45:00,116587.39,116614.36,116587.39,116614.36,900,63,0
2026.02.12 08:30:00,116611.83,116617.68,116573.38,116587.36,900,63,0
2026.02.12 08:15:00,116584.83,116611.80,116584.83,116611.80,900,63,0
2026.02.12 08:00:00,116594.56,116606.71,116570.01,116584.80,900,63,0
2026.02.12 07:45:00,116613.62,116616.93,116585.53,116594.53,900,63,0
2026.02.12 07:30:00,116586.62,116613.59,116586.62,116613.59,900,63,0
2026.02.12 07:15:00,116653.66,116663.29,116583.53,116586.59,900,63,0
2026.02.12 07:00:00,116656.83,116675.82,116645.68,116653.63,900,63,0
2026.02.12 06:45:00,116646.43,116656.80,116630.04,116656.80,900,63,0
2026.02.12 06:30:00,116659.03,116677.03,116637.49,116646.40,900,63,0
2026.02.12 06:15:00,116663.47,116683.63,116652.22,116659.00,900,63,0
2026.02.12 06:00:00,116681.24,116694.47,116659.60,116663.44,900,63,0
2026.02.12 05:45:00,116654.24,116681.21,116654.24,116681.21,900,63,0
2026.02.12 05:30:00,116627.24,116654.21,116627.24,116654.21,900,63,0
2026.02.12 05:15:00,116600.24,116627.21,116600.24,116627.21,900,63,0
2026.02.12 05:00:00,116585.82,116600.21,116576.48,116600.21,900,63,0
2026.02.12 04:45:00,116583.62,116609.51,116583.62,116585.79,900,63,0
2026.02.12 04:30:00,116556.62,116583.59,116556.62,116583.59,900,63,0
2026.02.12 04:15:00,116529.62,116556.59,116529.62,116556.59,900,63,0
2026.02.12 04:00:00,116559.23,116575.13,116523.38,116529.59,900,63,0
2026.02.12 03:45:00,116544.46,116559.20,116535.92,116559.20,900,63,0
2026.02.12 03:30:00,116517.46,116544.43,116517.46,116544.43,900,63,0
2026.02.12 03:15:00,116521.43,116524.61,116493.67,116517.43,900,63,0
2026.02.12 03:00:00,116508.64,116521.40,116499.77,116521.40,900,63,0
2026.02.12 02:45:00,116481.64,116508.61,116481.64,116508.61,900,63,0
2026.02.12 02:30:00,116477.94,116494.77,116471.50,116481.61,900,63,0
2026.02.12 02:15:00,116463.73,116477.91,116454.54,116477.91,900,63,0
2026.02.12 02:00:00,116436.73,116463.70,116436.73,116463.70,900,63,0
2026.02.12 01:45:00,116464.24,116471.83,116434.60,116436.70,900,63,0
2026.02.12 01:30:00,116501.27,116519.30,116463.52,116464.21,900,63,0
2026.02.12 01:15:00,116509.69,116516.80,116481.83,116501.24,900,63,0
2026.02.12 01:00:00,116501.65,116519.83,116500.90,116509.66,900,63,0
2026.02.12 00:45:00,116495.94,116511.51,116490.25,116501.62,900,63,0
2026.02.12 00:30:00,116481.37,116495.91,116470.83,116495.91,900,63,0
2026.02.12 00:15:00,116454.37,116481.34,116454.37,116481.34,900,63,0
2026.02.12 00:00:00,116444.29,116454.34,116430.61,116454.34,900,63,0
2026.02.11 23:45:00,116488.79,116491.16,116435.47,116444.26,900,63,0
2026.02.11 23:30:00,116461.79,116488.76,116461.79,116488.76,900,63,0
2026.02.11 23:15:00,116434.79,116461.76,116434.79,116461.76,900,63,0
2026.02.11 23:00:00,116445.96,116452.47,116414.33,116434.76,900,63,0
2026.02.11 22:45:00,116418.96,116445.93,116418.96,116445.93,900,63,0
2026.02.11 22:30:00,116420.25,116435.43,116407.17,116418.93,900,63,0
2026.02.11 22:15:00,116435.97,116446.35,116405.22,116420.22,900,63,0
2026.02.11 22:00:00,116444.17,116444.26,116423.22,116435.94,900,63,0
2026.02.11 21:45:00,116456.23,116457.25,116430.91,116444.14,900,63,0
2026.02.11 21:30:00,116473.53,116477.03,116452.31,116456.20,900,63,0
2026.02.11 21:15:00,116446.53,116473.50,116446.53,116473.50,900,63,0
2026.02.11 21:00:00,116435.59,116457.34,116435.59,116446.50,900,63,0
2026.02.11 20:45:00,116430.07,116435.56,116409.64,116435.56,900,63,0
2026.02.11 20:30:00,116403.07,116430.04,116403.07,116430.04,900,63,0
2026.02.11 20:15:00,116391.33,116409.09,116391.33,116403.04,900,63,0
2026.02.11 20:00:00,116392.75,116415.40,116387.01,116391.30,900,63,0
2026.02.11 19:45:00,116382.78,116392.72,116373.76,116392.72,900,63,0
2026.02.11 19:30:00,116379.68,116402.51,116378.64,116382.75,900,63,0
2026.02.11 19:15:00,116384.51,116404.64,116372.84,116379.65,900,63,0
2026.02.11 19:00:00,116372.68,116397.73,116372.68,116384.48,900,63,0
2026.02.11 18:45:00,116370.40,116390.89,116366.20,116372.65,900,63,0
2026.02.11 18:30:00,116378.32,116399.62,116364.73,116370.37,900,63,0
2026.02.11 18:15:00,116351.32,116378.29,116351.32,116378.29,900,63,0
2026.02.11 18:00:00,116386.15,116399.98,116350.57,116351.29,900,63,0
2026.02.11 17:45:00,116401.75,116407.24,116364.67,116386.12,900,63,0
2026.02.11 17:30:00,116374.75,116401.72,116374.75,116401.72,900,63,0
2026.02.11 17:15:00,116369.19,116374.72,116349.70,116374.72,900,63,0
2026.02.11 17:00:00,116342.19,116369.16,116342.19,116369.16,900,63,0
2026.02.11 16:45:00,116394.66,116408.01,116336.85,116342.16,900,63,0
2026.02.11 16:30:00,116384.90,116396.21,116379.00,116394.63,900,63,0
2026.02.11 16:15:00,116383.53,116399.37,116373.77,116384.87,900,63,0
2026.02.11 16:00:00,116376.44,116383.50,116361.81,116383.50,900,63,0
2026.02.11 15:45:00,116368.57,116387.71,116368.57,116376.41,900,63,0
2026.02.11 15:30:00,116383.53,116389.47,116355.13,116368.54,900,63,0
2026.02.11 15:15:00,116395.92,116407.44,116368.80,116383.50,900,63,0
2026.02.11 15:00:00,116381.29,116401.39,116381.29,116395.89,900,63,0
2026.02.11 14:45:00,116354.29,116381.26,116354.29,116381.26,900,63,0
2026.02.11 14:30:00,116404.32,116410.65,116348.98,116354.26,900,63,0
2026.02.11 14:15:00,116402.15,116409.11,116384.31,116404.29,900,63,0
2026.02.11 14:00:00,116395.66,116410.03,116389.55,116402.12,900,63,0
2026.02.11 13:45:00,116396.04,116415.21,116387.86,116395.63,900,63,0
2026.02.11 13:30:00,116385.83,116410.67,116385.83,116396.01,900,63,0
2026.02.11 13:15:00,116358.83,116385.80,116358.83,116385.80,900,63,0
2026.02.11 13:00:00,116331.83,116358.80,116331.83,116358.80,900,63,0
2026.02.11 12:45:00,116304.83,116331.80,116304.83,116331.80,900,63,0
2026.02.11 12:30:00,116302.27,116322.16,116297.75,116304.80,900,63,0
2026.02.11 12:15:00,116341.95,116345.34,116293.57,116302.24,900,63,0
2026.02.11 12:00:00,116314.95,116341.92,116314.95,116341.92,900,63,0
2026.02.11 11:45:00,116306.15,116321.33,116303.16,116314.92,900,63,0
2026.02.11 11:30:00,116304.86,116306.72,116281.04,116306.12,900,63,0
2026.02.11 11:15:00,116298.95,116305.58,116284.52,116304.83,900,63,0
2026.02.11 11:00:00,116306.50,116311.51,116291.06,116298.92,900,63,0
2026.02.11 10:45:00,116315.81,116333.69,116297.41,116306.47,900,63,0
2026.02.11 10:30:00,116307.84,116315.78,116289.50,116315.78,900,63,0
2026.02.11 10:15:00,116298.05,116313.62,116296.44,116307.81,900,63,0
2026.02.11 10:00:00,116293.79,116298.02,116272.04,116298.02,900,63,0
2026.02.11 09:45:00,116314.27,116329.36,116293.07,116293.76,900,63,0
2026.02.11 09:30:00,116304.09,116316.03,116299.24,116314.24,900,63,0
2026.02.11 09:15:00,116320.14,116339.85,116297.16,116304.06,900,63,0
2026.02.11 09:00:00,116312.94,116321.70,116301.90,116320.11,901,63,0
2026.02.11 08:45:00,116340.55,116361.22,116309.25,116312.91,899,63,0
2026.02.11 08:30:00,116313.52,116340.52,116313.52,116340.52,901,63,0
2026.02.11 08:15:00,116388.48,116389.41,116304.52,116313.49,899,63,0
2026.02.11 08:00:00,116361.45,116388.45,116361.45,116388.45,901,63,0
2026.02.11 07:45:00,116418.30,116427.36,116348.34,116361.42,900,63,0
2026.02.11 07:30:00,116404.49,116418.27,116395.38,116418.27,900,63,0
2026.02.11 07:15:00,116445.06,116452.44,116402.72,116404.46,900,63,0
2026.02.11 07:00:00,116547.23,116548.52,116444.19,116445.03,900,63,0
2026.02.11 06:45:00,116538.50,116547.20,116521.19,116547.20,900,63,0
2026.02.11 06:30:00,116511.50,116538.47,116511.50,116538.47,900,63,0
2026.02.11 06:15:00,116535.65,116546.57,116511.20,116511.47,900,63,0
2026.02.11 06:00:00,116564.09,116569.37,116516.15,116535.62,900,63,0
2026.02.11 05:45:00,116554.51,116569.03,116551.64,116564.06,900,63,0
2026.02.11 05:30:00,116599.67,116602.88,116543.95,116554.48,900,63,0
2026.02.11 05:15:00,116608.13,116622.35,116586.92,116599.64,900,63,0
2026.02.11 05:00:00,116636.02,116639.62,116590.55,116608.10,900,63,0
2026.02.11 04:45:00,116609.02,116635.99,116609.02,116635.99,900,63,0
2026.02.11 04:30:00,116608.74,116634.90,116608.21,116608.99,900,63,0
2026.02.11 04:15:00,116601.05,116615.33,116596.05,116608.71,900,63,0
2026.02.11 04:00:00,116655.78,116661.93,116593.88,116601.02,900,63,0
2026.02.11 03:45:00,116628.78,116655.75,116628.78,116655.75,900,63,0
2026.02.11 03:30:00,116637.01,116652.64,116617.44,116628.75,900,63,0
2026.02.11 03:15:00,116658.36,116673.57,116625.25,116636.98,900,63,0
2026.02.11 03:00:00,116631.36,116658.33,116631.36,116658.33,900,63,0
2026.02.11 02:45:00,116661.20,116668.16,116628.81,116631.33,900,63,0
2026.02.11 02:30:00,116634.20,116661.17,116634.20,116661.17,900,63,0
2026.02.11 02:15:00,116621.71,116634.17,116612.24,116634.17,900,63,0
2026.02.11 02:00:00,116629.27,116629.78,116607.54,116621.68,900,63,0
2026.02.11 01:45:00,116632.45,116651.02,116620.87,116629.24,900,63,0
2026.02.11 01:30:00,116632.05,116658.93,116632.05,116632.42,900,63,0
2026.02.11 01:15:00,116691.00,116698.98,116619.30,116632.02,900,63,0
2026.02.11 01:00:00,116683.44,116706.36,116683.44,116690.97,900,63,0
2026.02.11 00:45:00,116685.92,116694.92,116676.51,116683.41,900,63,0
2026.02.11 00:30:00,116676.82,116686.78,116668.91,116685.89,900,63,0
2026.02.11 00:15:00,116686.91,116687.96,116663.50,116676.79,900,63,0
2026.02.11 00:00:00,116700.10,116706.07,116665.91,116686.88,900,63,0
2026.02.10 23:45:00,116691.88,116700.07,116678.14,116700.07,900,63,0
2026.02.10 23:30:00,116664.88,116691.85,116664.88,116691.85,900,63,0
2026.02.10 23:15:00,116665.79,116686.34,116658.46,116664.85,900,63,0
2026.02.10 23:00:00,116657.46,116665.76,116640.83,116665.76,900,63,0
2026.02.10 22:45:00,116668.57,116683.78,116648.55,116657.43,900,63,0
2026.02.10 22:30:00,116678.58,116685.72,116655.16,116668.54,900,63,0
2026.02.10 22:15:00,116670.36,116678.55,116654.34,116678.55,900,63,0
2026.02.10 22:00:00,116657.46,116676.09,116657.46,116670.33,900,63,0
2026.02.10 21:45:00,116671.84,116684.59,116646.90,116657.43,900,63,0
2026.02.10 21:30:00,116661.59,116677.82,116661.10,116671.81,900,63,0
2026.02.10 21:15:00,116634.59,116661.56,116634.59,116661.56,900,63,0
2026.02.10 21:00:00,116639.97,116657.55,116625.20,116634.56,900,63,0
2026.02.10 20:45:00,116672.30,116676.65,116630.67,116639.94,900,63,0
2026.02.10 20:30:00,116645.30,116672.27,116645.30,116672.27,900,63,0
2026.02.10 20:15:00,116673.40,116682.94,116643.95,116645.27,900,63,0
2026.02.10 20:00:00,116674.34,116679.95,116652.04,116673.37,900,63,0
2026.02.10 19:45:00,116681.03,116699.78,116666.12,116674.31,900,63,0
2026.02.10 19:30:00,116716.54,116720.11,116675.75,116681.00,900,63,0
2026.02.10 19:15:00,116704.63,116716.51,116693.68,116716.51,900,63,0
2026.02.10 19:00:00,116709.54,116711.34,116679.46,116704.60,900,63,0
2026.02.10 18:45:00,116736.10,116750.38,116709.36,116709.51,900,63,0
2026.02.10 18:30:00,116728.52,116753.00,116728.52,116736.07,900,63,0
2026.02.10 18:15:00,116701.52,116728.49,116701.52,116728.49,900,63,0
2026.02.10 18:00:00,116674.52,116701.49,116674.52,116701.49,900,63,0
2026.02.10 17:45:00,116699.45,116706.29,116654.57,116674.49,900,63,0
2026.02.10 17:30:00,116672.45,116699.42,116672.45,116699.42,900,63,0
2026.02.10 17:15:00,116674.41,116682.60,116653.67,116672.42,900,63,0
2026.02.10 17:00:00,116660.58,116674.80,116660.58,116674.38,900,63,0
2026.02.10 16:45:00,116682.15,116689.80,116658.57,116660.55,900,63,0
2026.02.10 16:30:00,116655.15,116682.12,116655.15,116682.12,900,63,0
2026.02.10 16:15:00,116628.15,116655.12,116628.15,116655.12,900,63,0
2026.02.10 16:00:00,116601.15,116628.12,116601.15,116628.12,900,63,0
2026.02.10 15:45:00,116589.22,116613.01,116589.22,116601.12,900,63,0
2026.02.10 15:30:00,116562.22,116589.19,116562.22,116589.19,900,63,0
2026.02.10 15:15:00,116563.81,116570.47,116541.91,116562.19,900,63,0
2026.02.10 15:00:00,116565.90,116572.95,116553.76,116563.78,900,63,0
2026.02.10 14:45:00,116601.73,116604.97,116560.83,116565.87,900,63,0
2026.02.10 14:30:00,116590.59,116601.70,116585.11,116601.70,900,63,0
2026.02.10 14:15:00,116575.92,116590.56,116575.02,116590.56,900,63,0
2026.02.10 14:00:00,116572.69,116581.00,116557.26,116575.89,900,63,0
2026.02.10 13:45:00,116545.69,116572.66,116545.69,116572.66,900,63,0
2026.02.10 13:30:00,116546.94,116553.63,116525.41,116545.66,900,63,0
2026.02.10 13:15:00,116568.96,116584.77,116535.78,116546.91,900,63,0
2026.02.10 13:00:00,116555.93,116568.93,116542.98,116568.93,900,63,0
2026.02.10 12:45:00,116573.49,116575.20,116545.88,116555.90,900,63,0
2026.02.10 12:30:00,116591.99,116613.80,116570.37,116573.46,900,63,0
2026.02.10 12:15:00,116594.24,116613.56,116584.34,116591.96,900,63,0
2026.02.10 12:00:00,116567.24,116594.21,116567.24,116594.21,900,63,0
2026.02.10 11:45:00,116558.75,116567.21,116542.37,116567.21,900,63,0
2026.02.10 11:30:00,116544.03,116561.67,116544.03,116558.72,900,63,0
2026.02.10 11:15:00,116535.40,116544.00,116524.68,116544.00,900,63,0
2026.02.10 11:00:00,116508.40,116535.37,116508.40,116535.37,900,63,0
2026.02.10 10:45:00,116481.40,116508.37,116481.40,116508.37,900,63,0
2026.02.10 10:30:00,116487.33,116490.42,116457.52,116481.37,900,63,0
2026.02.10 10:15:00,116499.58,116522.02,116482.80,116487.30,900,63,0
2026.02.10 10:00:00,116472.58,116499.55,116472.58,116499.55,900,63,0
2026.02.10 09:45:00,116500.84,116515.12,116467.51,116472.55,900,63,0
2026.02.10 09:30:00,116527.50,116534.58,116498.05,116500.81,900,63,0
2026.02.10 09:15:00,116561.79,116580.03,116522.40,116527.47,900,63,0
2026.02.10 09:00:00,116552.55,116564.55,116546.82,116561.76,900,63,0
2026.02.10 08:45:00,116525.55,116552.52,116525.55,116552.52,900,63,0
2026.02.10 08:30:00,116498.55,116525.52,116498.55,116525.52,900,63,0
2026.02.10 08:15:00,116484.59,116498.52,116484.59,116498.52,900,63,0
2026.02.10 08:00:00,116481.12,116486.10,116462.60,116484.56,900,63,0
2026.02.10 07:45:00,116470.16,116481.09,116464.08,116481.09,900,63,0
2026.02.10 07:30:00,116502.96,116512.92,116453.96,116470.13,900,63,0
2026.02.10 07:15:00,116475.96,116502.93,116475.96,116502.93,900,63,0
2026.02.10 07:00:00,116477.41,116482.89,116467.35,116475.93,900,63,0
2026.02.10 06:45:00,116496.72,116510.40,116472.13,116477.38,900,63,0
2026.02.10 06:30:00,116469.72,116496.69,116469.72,116496.69,900,63,0
2026.02.10 06:15:00,116509.25,116513.84,116467.83,116469.69,900,63,0
2026.02.10 06:00:00,116482.25,116509.22,116482.25,116509.22,900,63,0
2026.02.10 05:45:00,116455.25,116482.22,116455.25,116482.22,900,63,0
2026.02.10 05:30:00,116443.13,116464.79,116443.13,116455.22,900,63,0
2026.02.10 05:15:00,116437.67,116443.10,116420.45,116443.10,900,63,0
2026.02.10 05:00:00,116466.86,116468.00,116423.12,116437.64,900,63,0
2026.02.10 04:45:00,116487.71,116490.65,116448.29,116466.83,900,63,0
2026.02.10 04:30:00,116549.75,116563.01,116485.94,116487.68,900,63,0
2026.02.10 04:15:00,116567.15,116579.06,116537.51,116549.72,900,63,0
2026.02.10 04:00:00,116592.10,116606.83,116564.36,116567.12,900,63,0
2026.02.10 03:45:00,116590.39,116615.08,116589.82,116592.07,900,63,0
2026.02.10 03:30:00,116563.39,116590.36,116563.39,116590.36,900,63,0
2026.02.10 03:15:00,116624.33,116637.26,116557.54,116563.36,900,63,0
2026.02.10 03:00:00,116613.99,116624.30,116598.83,116624.30,900,63,0
2026.02.10 02:45:00,116606.62,116613.96,116589.78,116613.96,900,63,0
2026.02.10 02:30:00,116600.10,116611.56,116591.11,116606.59,900,63,0
2026.02.10 02:15:00,116595.92,116608.94,116586.15,116600.07,900,63,0
2026.02.10 02:00:00,116568.92,116595.89,116568.92,116595.89,900,63,0
2026.02.10 01:45:00,116568.48,116574.90,116551.43,116568.89,900,63,0
2026.02.10 01:30:00,116559.17,116578.61,116559.17,116568.45,900,63,0
2026.02.10 01:15:00,116548.66,116560.12,116543.66,116559.14,900,63,0
2026.02.10 01:00:00,116554.47,116572.41,116539.63,116548.63,900,63,0
2026.02.10 00:45:00,116527.47,116554.44,116527.47,116554.44,900,63,0
2026.02.10 00:30:00,116500.47,116527.44,116500.47,116527.44,900,63,0
2026.02.10 00:15:00,116535.56,116542.82,116484.27,116500.44,900,63,0
2026.02.10 00:00:00,116568.92,116587.91,116531.87,116535.53,900,63,0
2026.02.09 23:45:00,116563.67,116586.89,116563.67,116568.89,900,63,0
2026.02.09 23:30:00,116581.26,116600.73,116562.92,116563.64,900,63,0
2026.02.09 23:15:00,116554.26,116581.23,116554.26,116581.23,900,63,0
2026.02.09 23:00:00,116604.92,116605.49,116547.15,116554.23,900,63,0
2026.02.09 22:45:00,116606.41,116612.47,116584.01,116604.89,900,63,0
2026.02.09 22:30:00,116629.31,116640.11,116593.66,116606.38,900,63,0
2026.02.09 22:15:00,116656.04,116668.13,116624.87,116629.28,900,63,0
2026.02.09 22:00:00,116629.04,116656.01,116629.04,116656.01,900,63,0
2026.02.09 21:45:00,116602.04,116629.01,116602.04,116629.01,900,63,0
2026.02.09 21:30:00,116608.80,116631.00,116597.27,116602.01,900,63,0
2026.02.09 21:15:00,116581.80,116608.77,116581.80,116608.77,900,63,0
2026.02.09 21:00:00,116554.80,116581.77,116554.80,116581.77,900,63,0
2026.02.09 20:45:00,116527.80,116554.77,116527.80,116554.77,900,63,0
2026.02.09 20:30:00,116547.58,116553.82,116526.87,116527.77,900,63,0
2026.02.09 20:15:00,116563.27,116572.00,116529.97,116547.55,900,63,0
2026.02.09 20:00:00,116551.60,116563.24,116544.55,116563.24,900,63,0
2026.02.09 19:45:00,116550.29,116552.33,116526.67,116551.57,900,63,0
2026.02.09 19:30:00,116523.29,116550.26,116523.29,116550.26,900,63,0
2026.02.09 19:15:00,116513.41,116524.06,116506.97,116523.26,900,63,0
2026.02.09 19:00:00,116486.41,116513.38,116486.41,116513.38,900,63,0
2026.02.09 18:45:00,116503.22,116517.26,116473.54,116486.38,900,63,0
2026.02.09 18:30:00,116539.73,116539.76,116483.96,116503.19,900,63,0
2026.02.09 18:15:00,116531.40,116539.70,116515.55,116539.70,900,63,0
2026.02.09 18:00:00,116523.23,116531.37,116506.59,116531.37,900,63,0
2026.02.09 17:45:00,116528.85,116551.56,116518.97,116523.20,900,63,0
2026.02.09 17:30:00,116501.85,116528.82,116501.85,116528.82,900,63,0
2026.02.09 17:15:00,116474.85,116501.82,116474.85,116501.82,900,63,0
2026.02.09 17:00:00,116447.85,116474.82,116447.85,116474.82,900,63,0
2026.02.09 16:45:00,116483.24,116494.16,116436.21,116447.82,900,63,0
2026.02.09 16:30:00,116456.24,116483.21,116456.24,116483.21,900,63,0
2026.02.09 16:15:00,116429.24,116456.21,116429.24,116456.21,900,63,0
2026.02.09 16:00:00,116425.94,116440.85,116417.18,116429.21,900,63,0
2026.02.09 15:45:00,116398.94,116425.91,116398.94,116425.91,900,63,0
2026.02.09 15:30:00,116429.33,116432.93,116390.30,116398.91,900,63,0
2026.02.09 15:15:00,116485.27,116486.56,116412.23,116429.30,900,63,0
2026.02.09 15:00:00,116476.17,116485.24,116463.46,116485.24,900,63,0
2026.02.09 14:45:00,116465.61,116480.85,116464.44,116476.14,900,63,0
2026.02.09 14:30:00,116482.64,116486.51,116448.78,116465.58,899,63,0
2026.02.09 14:15:00,116478.71,116482.61,116456.63,116482.61,900,63,0
2026.02.09 14:00:00,116476.42,116492.47,116467.79,116478.68,900,63,0
2026.02.09 13:45:00,116556.77,116563.97,116475.82,116476.39,900,63,0
2026.02.09 13:30:00,116549.72,116575.82,116549.72,116556.74,900,63,0
2026.02.09 13:15:00,116522.72,116549.69,116522.72,116549.69,900,63,0
2026.02.09 13:00:00,116495.72,116522.69,116495.72,116522.69,900,63,0
2026.02.09 12:45:00,116468.72,116495.69,116468.72,116495.69,900,63,0
2026.02.09 12:30:00,116464.54,116469.79,116447.00,116468.69,900,63,0
2026.02.09 12:15:00,116437.57,116464.51,116437.57,116464.51,899,63,0
2026.02.09 12:00:00,116447.72,116470.61,116433.49,116437.54,900,63,0
2026.02.09 11:45:00,116438.54,116461.97,116438.54,116447.69,900,63,0
2026.02.09 11:30:00,116411.54,116438.51,116411.54,116438.51,900,63,0
2026.02.09 11:15:00,116384.54,116411.51,116384.54,116411.51,900,63,0
2026.02.09 11:00:00,116357.54,116384.51,116357.54,116384.51,900,63,0
2026.02.09 10:45:00,116347.04,116363.09,116346.62,116357.51,900,63,0
2026.02.09 10:30:00,116320.04,116347.01,116320.04,116347.01,900,63,0
2026.02.09 10:15:00,116374.22,116381.72,116318.27,116320.01,900,63,0
2026.02.09 10:00:00,116371.22,116392.28,116368.31,116374.19,900,63,0
2026.02.09 09:45:00,116386.91,116400.29,116361.11,116371.19,900,63,0
2026.02.09 09:30:00,116379.63,116391.57,116371.88,116386.88,900,63,0
2026.02.09 09:15:00,116405.80,116421.40,116378.04,116379.60,900,63,0
2026.02.09 09:00:00,116410.50,116420.73,116389.06,116405.77,900,63,0
2026.02.09 08:45:00,116383.50,116410.47,116383.50,116410.47,900,63,0
2026.02.09 08:30:00,116369.99,116390.78,116369.99,116383.47,900,63,0
2026.02.09 08:15:00,116385.60,116388.09,116358.44,116369.96,900,63,0
2026.02.09 08:00:00,116389.93,116409.76,116378.46,116385.57,900,63,0
2026.02.09 07:45:00,116411.93,116426.18,116383.39,116389.90,900,63,0
2026.02.09 07:30:00,116384.93,116411.90,116384.93,116411.90,900,63,0
2026.02.09 07:15:00,116372.18,116384.90,116357.99,116384.90,900,63,0
2026.02.09 07:00:00,116345.18,116372.15,116345.18,116372.15,900,63,0
2026.02.09 06:45:00,116318.18,116345.15,116318.18,116345.15,900,63,0
2026.02.09 06:30:00,116317.52,116327.06,116300.75,116318.15,900,63,0
2026.02.09 06:15:00,116290.52,116317.49,116290.52,116317.49,900,63,0
2026.02.09 06:00:00,116263.52,116290.49,116263.52,116290.49,900,63,0
2026.02.09 05:45:00,116288.27,116303.57,116252.24,116263.49,900,63,0
2026.02.09 05:30:00,116328.38,116341.25,116275.64,116288.24,900,63,0
2026.02.09 05:15:00,116329.40,116334.41,116306.42,116328.35,900,63,0
2026.02.09 05:00:00,116370.46,116371.36,116322.47,116329.37,900,63,0
2026.02.09 04:45:00,116343.46,116370.43,116343.46,116370.43,900,63,0
2026.02.09 04:30:00,116414.99,116428.85,116333.29,116343.43,900,63,0
2026.02.09 04:15:00,116414.94,116425.59,116398.67,116414.96,900,63,0
2026.02.09 04:00:00,116400.30,116427.24,116400.30,116414.91,900,63,0
2026.02.09 03:45:00,116373.30,116400.27,116373.30,116400.27,900,63,0
2026.02.09 03:30:00,116394.83,116414.81,116366.31,116373.27,900,63,0
2026.02.09 03:15:00,116381.55,116396.52,116381.55,116394.80,900,63,0
2026.02.09 03:00:00,116421.84,116426.40,116368.38,116381.52,900,63,0
2026.02.09 02:45:00,116394.84,116421.81,116394.84,116421.81,900,63,0
2026.02.09 02:30:00,116394.26,116402.75,116376.36,116394.81,900,63,0
2026.02.09 02:15:00,116367.26,116394.23,116367.26,116394.23,900,63,0
2026.02.09 02:00:00,116355.92,116372.66,116355.92,116367.23,900,63,0
2026.02.09 01:45:00,116438.91,116439.78,116348.33,116355.89,900,63,0
2026.02.09 01:30:00,116454.88,116467.33,116424.39,116438.88,900,63,0
2026.02.09 01:15:00,116440.42,116464.75,116440.42,116454.85,900,63,0
2026.02.09 01:00:00,116413.42,116440.39,116413.42,116440.39,900,63,0
2026.02.09 00:45:00,116386.42,116413.39,116386.42,116413.39,900,63,0
2026.02.09 00:30:00,116359.42,116386.39,116359.42,116386.39,900,63,0
2026.02.09 00:15:00,116352.09,116371.05,116351.41,116359.39,900,63,0
2026.02.09 00:00:00,116325.09,116352.06,116325.09,116352.06,900,63,0
2026.02.08 23:45:00,116298.09,116325.06,116298.09,116325.06,900,63,0
2026.02.08 23:30:00,116347.93,116348.53,116284.17,116298.06,900,63,0
2026.02.08 23:15:00,116411.52,116421.00,116334.31,116347.90,900,63,0
2026.02.08 23:00:00,116421.08,116432.93,116396.40,116411.49,900,63,0
2026.02.08 22:45:00,116394.08,116421.05,116394.08,116421.05,900,63,0
2026.02.08 22:30:00,116382.99,116396.70,116380.82,116394.05,900,63,0
2026.02.08 22:15:00,116375.77,116382.96,116361.54,116382.96,900,63,0
2026.02.08 22:00:00,116363.35,116375.74,116353.60,116375.74,900,63,0
2026.02.08 21:45:00,116336.35,116363.32,116336.35,116363.32,900,63,0
2026.02.08 21:30:00,116309.35,116336.32,116309.35,116336.32,900,63,0
2026.02.08 21:15:00,116305.03,116323.36,116300.71,116309.32,900,63,0
2026.02.08 21:00:00,116278.03,116305.00,116278.03,116305.00,900,63,0
2026.02.08 20:45:00,116251.03,116278.00,116251.03,116278.00,900,63,0
2026.02.08 20:30:00,116224.03,116251.00,116224.03,116251.00,900,63,0
2026.02.08 20:15:00,116232.23,116242.25,116207.08,116224.00,900,63,0
2026.02.08 20:00:00,116250.23,116266.73,116225.18,116232.20,900,63,0
2026.02.08 19:45:00,116238.06,116252.97,116238.06,116250.20,900,63,0
2026.02.08 19:30:00,116277.75,116284.56,116234.34,116238.03,900,63,0
2026.02.08 19:15:00,116250.75,116277.72,116250.75,116277.72,900,63,0
2026.02.08 19:00:00,116240.23,116250.72,116225.10,116250.72,900,63,0
2026.02.08 18:45:00,116213.23,116240.20,116213.23,116240.20,884,63,0
2026.02.08 18:30:00,116186.23,116213.20,116186.23,116213.20,900,63,0
2026.02.08 18:15:00,116185.90,116186.47,116159.83,116186.20,900,63,0
2026.02.08 18:00:00,116246.02,116246.11,116180.56,116185.87,900,63,0
2026.02.08 17:45:00,116219.02,116245.99,116219.02,116245.99,900,63,0
2026.02.08 17:30:00,116256.36,116279.46,116218.45,116218.99,900,63,0
2026.02.08 17:15:00,116256.41,116260.76,116246.10,116256.33,900,63,0
2026.02.08 17:00:00,116250.24,116268.06,116247.26,116256.38,900,63,0
2026.02.08 16:45:00,116223.24,116250.21,116223.24,116250.21,900,63,0
2026.02.08 16:30:00,116214.68,116234.90,116214.68,116223.21,900,63,0
2026.02.08 16:15:00,116235.08,116239.46,116210.41,116214.65,900,63,0
2026.02.08 16:00:00,116224.70,116235.05,116214.80,116235.05,900,63,0
2026.02.08 15:45:00,116245.77,116246.88,116214.17,116224.67,900,63,0
2026.02.08 15:30:00,116218.77,116245.74,116218.77,116245.74,900,63,0
2026.02.08 15:15:00,116243.00,116251.79,116208.99,116218.74,900,63,0
2026.02.08 15:00:00,116216.00,116242.97,116216.00,116242.97,900,63,0
2026.02.08 14:45:00,116307.86,116321.03,116211.05,116215.97,900,63,0
2026.02.08 14:30:00,116280.86,116307.83,116280.86,116307.83,900,63,0
2026.02.08 14:15:00,116253.86,116280.83,116253.86,116280.83,900,63,0
2026.02.08 14:00:00,116244.95,116266.94,116244.95,116253.83,900,63,0
2026.02.08 13:45:00,116251.76,116273.24,116239.46,116244.92,900,63,0
2026.02.08 13:30:00,116224.76,116251.73,116224.76,116251.73,900,63,0
2026.02.08 13:15:00,116213.74,116238.31,116213.74,116224.73,900,63,0
2026.02.08 13:00:00,116226.10,116231.17,116209.40,116213.71,900,63,0
2026.02.08 12:45:00,116277.70,116283.19,116223.85,116226.07,900,63,0
2026.02.08 12:30:00,116274.57,116277.67,116252.35,116277.67,900,63,0
2026.02.08 12:15:00,116285.37,116304.33,116272.35,116274.54,900,63,0
2026.02.08 12:00:00,116277.66,116285.34,116262.84,116285.34,900,63,0
2026.02.08 11:45:00,116288.21,116296.94,116263.74,116277.63,900,63,0
2026.02.08 11:30:00,116261.21,116288.18,116261.21,116288.18,900,63,0
2026.02.08 11:15:00,116258.80,116270.74,116246.18,116261.18,900,63,0
2026.02.08 11:00:00,116264.46,116271.54,116251.03,116258.77,900,63,0
2026.02.08 10:45:00,116279.90,116292.59,116261.70,116264.43,900,63,0
2026.02.08 10:30:00,116252.90,116279.87,116252.90,116279.87,900,63,0
2026.02.08 10:15:00,116225.90,116252.87,116225.90,116252.87,900,63,0
2026.02.08 10:00:00,116218.58,116242.88,116218.58,116225.87,900,63,0
2026.02.08 09:45:00,116191.58,116218.55,116191.58,116218.55,900,63,0
2026.02.08 09:30:00,116248.90,116252.68,116188.37,116191.55,900,63,0
2026.02.08 09:15:00,116221.90,116248.87,116221.90,116248.87,900,63,0
2026.02.08 09:00:00,116218.93,116234.23,116210.23,116221.87,900,63,0
2026.02.08 08:45:00,116229.43,116232.52,116195.05,116218.90,900,63,0
2026.02.08 08:30:00,116248.89,116269.80,116228.50,116229.40,900,63,0
2026.02.08 08:15:00,116237.20,116248.86,116228.16,116248.86,900,63,0
2026.02.08 08:00:00,116279.25,116281.62,116227.75,116237.17,835,63,0
2026.02.08 07:45:00,116252.25,116279.22,116252.25,116279.22,900,63,0
2026.02.08 07:30:00,116225.25,116252.22,116225.25,116252.22,900,63,0
2026.02.08 07:15:00,116198.25,116225.22,116198.25,116225.22,900,63,0
2026.02.08 07:00:00,116171.25,116198.22,116171.25,116198.22,900,63,0
2026.02.08 06:45:00,116190.29,116196.65,116168.64,116171.22,300,63,0
2026.02.08 06:30:00,116196.94,116219.50,116185.88,116190.26,900,63,0
2026.02.08 06:15:00,116228.03,116231.60,116181.73,116196.91,900,63,0
2026.02.08 06:00:00,116201.03,116228.00,116201.03,116228.00,900,63,0
2026.02.08 05:45:00,116207.83,116208.61,116180.75,116201.00,900,63,0
2026.02.08 05:30:00,116208.91,116229.07,116201.02,116207.80,900,63,0
2026.02.08 05:15:00,116251.46,116257.52,116191.75,116208.88,900,63,0
2026.02.08 05:00:00,116224.46,116251.43,116224.46,116251.43,900,63,0
2026.02.08 04:45:00,116214.64,116224.43,116201.69,116224.43,900,63,0
2026.02.08 04:30:00,116187.64,116214.61,116187.64,116214.61,900,63,0
2026.02.08 04:15:00,116210.31,116222.28,116186.74,116187.61,900,63,0
2026.02.08 04:00:00,116235.87,116236.77,116195.31,116210.28,900,63,0
2026.02.08 03:45:00,116262.25,116269.24,116216.49,116235.84,900,63,0
2026.02.08 03:30:00,116235.25,116262.22,116235.25,116262.22,900,63,0
2026.02.08 03:15:00,116208.25,116235.22,116208.25,116235.22,900,63,0
2026.02.08 03:00:00,116266.60,116267.50,116199.34,116208.22,900,63,0
2026.02.08 02:45:00,116261.08,116267.32,116245.87,116266.57,900,63,0
2026.02.08 02:30:00,116295.86,116304.62,116251.06,116261.05,900,63,0
2026.02.08 02:15:00,116268.86,116295.83,116268.86,116295.83,900,63,0
2026.02.08 02:00:00,116276.50,116301.76,116267.15,116268.83,900,63,0
2026.02.08 01:45:00,116269.30,116276.47,116252.11,116276.47,900,63,0
2026.02.08 01:30:00,116265.94,116269.39,116245.78,116269.27,900,63,0
2026.02.08 01:15:00,116238.94,116265.91,116238.94,116265.91,900,63,0
2026.02.08 01:00:00,116260.86,116262.12,116221.48,116238.91,900,63,0
2026.02.08 00:45:00,116260.45,116262.46,116235.90,116260.83,900,63,0
2026.02.08 00:30:00,116298.98,116301.65,116245.06,116260.42,900,63,0
2026.02.08 00:15:00,116288.99,116304.05,116287.07,116298.95,900,63,0
2026.02.08 00:00:00,116261.99,116288.96,116261.99,116288.96,900,63,0
2026.02.07 23:45:00,116253.79,116279.74,116253.79,116261.96,900,63,0
2026.02.07 23:30:00,116294.05,116304.52,116243.95,116253.76,900,63,0
2026.02.07 23:15:00,116267.05,116294.02,116267.05,116294.02,900,63,0
2026.02.07 23:00:00,116279.71,116297.77,116262.61,116267.02,900,63,0
2026.02.07 22:45:00,116293.37,116316.14,116278.51,116279.68,801,63,0
2026.02.07 22:30:00,116346.03,116346.36,116274.50,116293.34,900,63,0
2026.02.07 22:15:00,116319.03,116346.00,116319.03,116346.00,900,63,0
2026.02.07 22:00:00,116292.03,116319.00,116292.03,116319.00,900,63,0
2026.02.07 21:45:00,116329.85,116331.38,116277.33,116292.00,900,63,0
2026.02.07 21:30:00,116329.05,116345.94,116319.77,116329.82,900,63,0
2026.02.07 21:15:00,116331.09,116341.59,116312.58,116329.02,900,63,0
2026.02.07 21:00:00,116322.21,116347.41,116322.21,116331.06,900,63,0
2026.02.07 20:45:00,116332.48,116349.94,116313.63,116322.18,900,63,0
2026.02.07 20:30:00,116342.22,116368.89,116332.18,116332.45,900,63,0
2026.02.07 20:15:00,116336.56,116342.19,116319.72,116342.19,900,63,0
2026.02.07 20:00:00,116352.97,116360.71,116326.84,116336.53,900,63,0
2026.02.07 19:45:00,116362.97,116375.81,116338.84,116352.94,900,63,0
2026.02.07 19:30:00,116335.97,116362.94,116335.97,116362.94,900,63,0
2026.02.07 19:15:00,116372.96,116386.76,116332.34,116335.94,900,63,0
2026.02.07 19:00:00,116345.96,116372.93,116345.96,116372.93,900,63,0
2026.02.07 18:45:00,116377.67,116385.38,116341.07,116345.93,900,63,0
2026.02.07 18:30:00,116365.20,116391.99,116365.20,116377.64,900,63,0
2026.02.07 18:15:00,116372.01,116379.99,116346.33,116365.17,900,63,0
2026.02.07 18:00:00,116345.01,116371.98,116345.01,116371.98,900,63,0
2026.02.07 17:45:00,116334.41,116344.98,116320.68,116344.98,900,63,0
2026.02.07 17:30:00,116339.86,116345.38,116312.96,116334.38,900,63,0
2026.02.07 17:15:00,116329.86,116354.34,116329.86,116339.83,900,63,0
2026.02.07 17:00:00,116413.78,116414.50,116327.01,116329.83,900,63,0
2026.02.07 16:45:00,116386.78,116413.75,116386.78,116413.75,900,63,0
2026.02.07 16:30:00,116402.04,116408.37,116366.14,116386.75,900,63,0
2026.02.07 16:15:00,116395.76,116402.01,116375.52,116402.01,900,63,0
2026.02.07 16:00:00,116428.05,116432.76,116385.26,116395.73,900,63,0
2026.02.07 15:45:00,116401.05,116428.02,116401.05,116428.02,900,63,0
2026.02.07 15:30:00,116387.78,116401.02,116374.20,116401.02,900,63,0
2026.02.07 15:15:00,116419.28,116429.15,116375.39,116387.75,900,63,0
2026.02.07 15:00:00,116405.99,116427.20,116405.99,116419.25,900,63,0
2026.02.07 14:45:00,116420.44,116423.29,116389.82,116405.96,900,63,0
2026.02.07 14:30:00,116430.02,116455.46,116418.91,116420.41,900,63,0
2026.02.07 14:15:00,116420.12,116429.99,116404.19,116429.99,900,63,0
2026.02.07 14:00:00,116393.12,116420.09,116393.12,116420.09,900,63,0
2026.02.07 13:45:00,116387.31,116393.09,116366.63,116393.09,900,63,0
2026.02.07 13:30:00,116390.55,116415.78,116385.57,116387.28,900,63,0
2026.02.07 13:15:00,116363.55,116390.52,116363.55,116390.52,900,63,0
2026.02.07 13:00:00,116349.98,116364.62,116349.98,116363.52,900,63,0
2026.02.07 12:45:00,116322.98,116349.95,116322.98,116349.95,900,63,0
2026.02.07 12:30:00,116295.98,116322.95,116295.98,116322.95,900,63,0
2026.02.07 12:15:00,116283.52,116309.02,116283.52,116295.95,852,63,0
2026.02.07 12:00:00,116294.84,116311.52,116279.92,116283.52,831,63,0
2026.02.07 11:45:00,116295.62,116299.94,116272.19,116294.81,900,63,0
2026.02.07 11:30:00,116293.45,116297.68,116272.88,116295.59,900,63,0
2026.02.07 11:15:00,116351.71,116351.92,116292.19,116293.42,900,63,0
2026.02.07 11:00:00,116324.71,116351.68,116324.71,116351.68,900,63,0
2026.02.07 10:45:00,116328.93,116340.81,116323.54,116324.68,900,63,0
2026.02.07 10:30:00,116334.62,116350.82,116318.16,116328.90,900,63,0
2026.02.07 10:15:00,116330.32,116354.95,116330.32,116334.59,900,63,0
2026.02.07 10:00:00,116330.80,116337.94,116310.49,116330.29,900,63,0
2026.02.07 09:45:00,116341.86,116343.21,116308.51,116330.77,900,63,0
2026.02.07 09:30:00,116314.86,116341.83,116314.86,116341.83,900,63,0
2026.02.07 09:15:00,116308.81,116325.46,116304.54,116314.83,900,63,0
2026.02.07 09:00:00,116281.81,116308.78,116281.81,116308.78,900,63,0
2026.02.07 08:45:00,116254.81,116281.78,116254.81,116281.78,900,63,0
2026.02.07 08:30:00,116271.75,116295.39,116251.48,116254.78,900,63,0
2026.02.07 08:15:00,116261.84,116271.72,116254.59,116271.72,900,63,0
2026.02.07 08:00:00,116262.54,116280.15,116252.48,116261.81,900,63,0
2026.02.07 07:45:00,116305.55,116310.26,116240.73,116262.51,900,63,0
2026.02.07 07:30:00,116318.14,116322.22,116297.08,116305.52,900,63,0
2026.02.07 07:15:00,116354.11,116362.27,116317.24,116318.11,900,63,0
2026.02.07 07:00:00,116327.11,116354.08,116327.11,116354.08,900,63,0
2026.02.07 06:45:00,116315.21,116328.53,116313.46,116327.08,900,63,0
2026.02.07 06:30:00,116288.21,116315.18,116288.21,116315.18,900,63,0
2026.02.07 06:15:00,116338.92,116349.54,116281.10,116288.18,900,63,0
2026.02.07 06:00:00,116329.08,116348.19,116329.08,116338.89,900,63,0
2026.02.07 05:45:00,116302.08,116329.05,116302.08,116329.05,900,63,0
2026.02.07 05:30:00,116275.08,116302.05,116275.08,116302.05,900,63,0
2026.02.07 05:15:00,116248.08,116275.05,116248.08,116275.05,900,63,0
2026.02.07 05:00:00,116243.68,116251.66,116229.09,116248.05,900,63,0
2026.02.07 04:45:00,116240.70,116257.89,116233.90,116243.65,900,63,0
2026.02.07 04:30:00,116287.84,116298.58,116231.94,116240.67,900,63,0
2026.02.07 04:15:00,116313.54,116315.82,116277.22,116287.81,900,63,0
2026.02.07 04:00:00,116286.54,116313.51,116286.54,116313.51,900,63,0
2026.02.07 03:45:00,116324.13,116328.33,116282.07,116286.51,900,63,0
2026.02.07 03:30:00,116359.73,116372.18,116315.73,116324.10,900,63,0
2026.02.07 03:15:00,116377.31,116383.58,116339.03,116359.70,900,63,0
2026.02.07 03:00:00,116385.67,116391.49,116356.16,116377.28,900,63,0
2026.02.07 02:45:00,116373.42,116388.00,116373.28,116385.64,900,63,0
2026.02.07 02:30:00,116407.97,116415.02,116359.89,116373.39,900,63,0
2026.02.07 02:15:00,116399.00,116425.52,116399.00,116407.94,900,63,0
2026.02.07 02:00:00,116372.00,116398.97,116372.00,116398.97,900,63,0
2026.02.07 01:45:00,116380.60,116395.17,116371.79,116371.97,900,63,0
2026.02.07 01:30:00,116353.60,116380.57,116353.60,116380.57,900,63,0
2026.02.07 01:15:00,116348.28,116353.57,116329.93,116353.57,900,63,0
2026.02.07 01:00:00,116321.28,116348.25,116321.28,116348.25,900,63,0
2026.02.07 00:45:00,116321.75,116345.93,116318.49,116321.25,900,63,0
2026.02.07 00:30:00,116353.33,116353.57,116309.42,116321.72,900,63,0
2026.02.07 00:15:00,116349.08,116362.94,116340.22,116353.30,900,63,0
2026.02.07 00:00:00,116350.31,116360.33,116332.13,116349.05,900,63,0
2026.02.06 23:45:00,116338.26,116350.28,116325.53,116350.28,900,63,0
2026.02.06 23:30:00,116311.26,116338.23,116311.26,116338.23,900,63,0
2026.02.06 23:15:00,116307.43,116318.53,116295.39,116311.23,900,63,0
2026.02.06 23:00:00,116305.82,116314.70,116289.34,116307.40,900,63,0
2026.02.06 22:45:00,116299.92,116305.79,116280.29,116305.79,900,63,0
2026.02.06 22:30:00,116369.92,116377.57,116291.31,116299.89,900,63,0
2026.02.06 22:15:00,116366.40,116373.12,116349.67,116369.89,900,63,0
2026.02.06 22:00:00,116339.40,116366.37,116339.40,116366.37,900,63,0
2026.02.06 21:45:00,116312.40,116339.37,116312.40,116339.37,900,63,0
2026.02.06 21:30:00,116353.46,116367.95,116300.91,116312.37,900,63,0
2026.02.06 21:15:00,116356.25,116364.11,116347.39,116353.43,900,63,0
2026.02.06 21:00:00,116397.35,116399.75,116344.37,116356.22,900,63,0
2026.02.06 20:45:00,116427.21,116437.23,116383.07,116397.32,900,63,0
2026.02.06 20:30:00,116419.14,116427.18,116403.90,116427.18,900,63,0
2026.02.06 20:15:00,116427.08,116435.60,116411.61,116419.11,900,63,0
2026.02.06 20:00:00,116400.08,116427.05,116400.08,116427.05,900,63,0
2026.02.06 19:45:00,116373.08,116400.05,116373.08,116400.05,900,63,0
2026.02.06 19:30:00,116381.58,116382.75,116362.17,116373.05,900,63,0
2026.02.06 19:15:00,116376.08,116397.68,116376.08,116381.55,900,63,0
2026.02.06 19:00:00,116349.08,116376.05,116349.08,116376.05,900,63,0
2026.02.06 18:45:00,116322.08,116349.05,116322.08,116349.05,900,63,0
2026.02.06 18:30:00,116295.08,116322.05,116295.08,116322.05,900,63,0
2026.02.06 18:15:00,116268.08,116295.05,116268.08,116295.05,900,63,0
2026.02.06 18:00:00,116253.54,116268.05,116253.54,116268.05,900,63,0
2026.02.06 17:45:00,116226.54,116253.51,116226.54,116253.51,900,63,0
2026.02.06 17:30:00,116199.54,116226.51,116199.54,116226.51,900,63,0
2026.02.06 17:15:00,116196.66,116220.63,116196.54,116199.51,900,63,0
2026.02.06 17:00:00,116169.66,116196.63,116169.66,116196.63,900,63,0
2026.02.06 16:45:00,116177.86,116179.78,116145.48,116169.63,900,63,0
2026.02.06 16:30:00,116173.06,116199.28,116173.06,116177.83,900,63,0
2026.02.06 16:15:00,116160.66,116173.03,116153.53,116173.03,900,63,0
2026.02.06 16:00:00,116206.21,116214.52,116156.55,116160.63,900,63,0
2026.02.06 15:45:00,116194.30,116214.22,116194.30,116206.18,900,63,0
2026.02.06 15:30:00,116167.30,116194.27,116167.30,116194.27,900,63,0
2026.02.06 15:15:00,116140.30,116167.27,116140.30,116167.27,900,63,0
2026.02.06 15:00:00,116113.30,116140.27,116113.30,116140.27,900,63,0
2026.02.06 14:45:00,116098.61,116116.55,116098.61,116113.27,900,63,0
2026.02.06 14:30:00,116112.98,116128.19,116089.19,116098.58,900,63,0
2026.02.06 14:15:00,116119.25,116131.22,116097.98,116112.95,900,63,0
2026.02.06 14:00:00,116092.25,116119.22,116092.25,116119.22,900,63,0
2026.02.06 13:45:00,116095.03,116095.75,116066.00,116092.22,900,63,0
2026.02.06 13:30:00,116068.03,116095.00,116068.03,116095.00,900,63,0
2026.02.06 13:15:00,116075.25,116080.38,116062.12,116068.00,900,63,0
2026.02.06 13:00:00,116048.25,116075.22,116048.25,116075.22,900,63,0
2026.02.06 12:45:00,116049.67,116074.54,116046.15,116048.22,900,63,0
2026.02.06 12:30:00,116110.57,116111.71,116046.73,116049.64,900,63,0
2026.02.06 12:15:00,116083.57,116110.54,116083.57,116110.54,900,63,0
2026.02.06 12:00:00,116056.57,116083.54,116056.57,116083.54,900,63,0
2026.02.06 11:45:00,116029.57,116056.54,116029.57,116056.54,900,63,0
2026.02.06 11:30:00,116002.57,116029.54,116002.57,116029.54,900,63,0
2026.02.06 11:15:00,115993.04,116011.49,115993.04,116002.54,900,63,0
2026.02.06 11:00:00,115966.04,115993.01,115966.04,115993.01,900,63,0
2026.02.06 10:45:00,115957.13,115970.06,115952.00,115966.01,900,63,0
2026.02.06 10:30:00,115930.13,115957.10,115930.13,115957.10,900,63,0
2026.02.06 10:15:00,115903.13,115930.10,115903.13,115930.10,900,63,0
2026.02.06 10:00:00,115876.13,115903.10,115876.13,115903.10,900,63,0
2026.02.06 09:45:00,115885.42,115888.72,115861.22,115876.10,900,63,0
2026.02.06 09:30:00,115878.39,115892.43,115872.49,115885.39,900,63,0
2026.02.06 09:15:00,115866.07,115882.30,115866.07,115878.36,900,63,0
2026.02.06 09:00:00,115880.50,115882.03,115856.26,115866.04,900,63,0
2026.02.06 08:45:00,115853.50,115880.47,115853.50,115880.47,900,63,0
2026.02.06 08:30:00,115873.00,115874.26,115848.25,115853.47,900,63,0
2026.02.06 08:15:00,115846.00,115872.97,115846.00,115872.97,900,63,0
2026.02.06 08:00:00,115863.71,115878.80,115840.96,115845.97,900,63,0
2026.02.06 07:45:00,115881.89,115890.08,115852.97,115863.68,900,63,0
2026.02.06 07:30:00,115893.60,115907.88,115876.43,115881.86,900,63,0
2026.02.06 07:15:00,115993.65,115996.35,115886.16,115893.57,900,63,0
2026.02.06 07:00:00,115966.65,115993.62,115966.65,115993.62,900,63,0
2026.02.06 06:45:00,116015.13,116015.37,115958.10,115966.62,900,63,0
2026.02.06 06:30:00,116033.54,116043.98,116012.16,116015.10,900,63,0
2026.02.06 06:15:00,116006.54,116033.51,116006.54,116033.51,900,63,0
2026.02.06 06:00:00,116001.55,116009.80,115987.82,116006.51,900,63,0
2026.02.06 05:45:00,115994.30,116001.52,115975.69,116001.52,900,63,0
2026.02.06 05:30:00,115990.88,116014.97,115990.88,115994.27,900,63,0
2026.02.06 05:15:00,116021.01,116038.65,115983.11,115990.85,900,63,0
2026.02.06 05:00:00,116007.47,116020.98,115994.49,116020.98,900,63,0
2026.02.06 04:45:00,115980.47,116007.44,115980.47,116007.44,900,63,0
2026.02.06 04:30:00,115966.25,115980.44,115964.57,115980.44,900,63,0
2026.02.06 04:15:00,115966.61,115971.62,115944.29,115966.22,900,63,0
2026.02.06 04:00:00,115957.18,115972.81,115955.27,115966.58,900,63,0
2026.02.06 03:45:00,115981.26,116004.09,115954.96,115957.15,900,63,0
2026.02.06 03:30:00,115981.09,115990.12,115976.26,115981.23,900,63,0
2026.02.06 03:15:00,115994.50,116009.08,115969.96,115981.06,900,63,0
2026.02.06 03:00:00,116007.08,116018.84,115979.29,115994.47,900,63,0
2026.02.06 02:45:00,116046.86,116048.99,116002.85,116007.05,900,63,0
2026.02.06 02:30:00,116063.55,116080.92,116037.26,116046.83,900,63,0
2026.02.06 02:15:00,116078.39,116092.19,116063.16,116063.52,900,63,0
2026.02.06 02:00:00,116070.35,116087.42,116068.49,116078.36,900,63,0
2026.02.06 01:45:00,116043.35,116070.32,116043.35,116070.32,900,63,0
2026.02.06 01:30:00,116044.41,116047.47,116020.55,116043.32,900,63,0
2026.02.06 01:15:00,116029.87,116045.23,116029.87,116044.38,900,63,0
2026.02.06 01:00:00,116027.73,116030.13,116005.30,116029.84,900,63,0
2026.02.06 00:45:00,116033.28,116035.38,116002.86,116027.70,900,63,0
2026.02.06 00:30:00,116006.28,116033.25,116006.28,116033.25,900,63,0
2026.02.06 00:15:00,115979.28,116006.25,115979.28,116006.25,900,63,0
2026.02.06 00:00:00,116044.43,116045.30,115962.36,115979.25,900,63,0
2026.02.05 23:45:00,116116.90,116120.08,116043.80,116044.40,900,63,0
2026.02.05 23:30:00,116176.41,116176.92,116113.96,116116.87,900,63,0
2026.02.05 23:15:00,116161.57,116180.53,116161.57,116176.38,900,63,0
2026.02.05 23:00:00,116176.54,116179.12,116140.48,116161.54,900,63,0
2026.02.05 22:45:00,116170.97,116197.49,116170.97,116176.51,900,63,0
2026.02.05 22:30:00,116166.49,116177.32,116154.83,116170.94,900,63,0
2026.02.05 22:15:00,116152.54,116166.46,116150.41,116166.46,900,63,0
2026.02.05 22:00:00,116138.79,116152.51,116138.79,116152.51,900,63,0
2026.02.05 21:45:00,116124.25,116138.76,116119.65,116138.76,900,63,0
2026.02.05 21:30:00,116097.25,116124.22,116097.25,116124.22,900,63,0
2026.02.05 21:15:00,116124.07,116125.51,116076.07,116097.22,900,63,0
2026.02.05 21:00:00,116097.07,116124.04,116097.07,116124.04,900,63,0
2026.02.05 20:45:00,116092.01,116113.97,116092.01,116097.04,900,63,0
2026.02.05 20:30:00,116099.29,116101.78,116067.53,116091.98,900,63,0
2026.02.05 20:15:00,116099.76,116108.19,116080.75,116099.26,900,63,0
2026.02.05 20:00:00,116072.76,116099.73,116072.76,116099.73,900,63,0
2026.02.05 19:45:00,116092.09,116110.99,116065.68,116072.73,900,63,0
2026.02.05 19:30:00,116065.09,116092.06,116065.09,116092.06,900,63,0
2026.02.05 19:15:00,116070.87,116079.75,116060.05,116065.06,900,63,0
2026.02.05 19:00:00,116076.89,116095.76,116062.77,116070.84,900,63,0
2026.02.05 18:45:00,116084.14,116103.97,116069.75,116076.86,900,63,0
2026.02.05 18:30:00,116082.03,116087.49,116062.63,116084.11,900,63,0
2026.02.05 18:15:00,116073.69,116097.66,116073.69,116082.00,900,63,0
2026.02.05 18:00:00,116086.56,116104.98,116067.45,116073.66,900,63,0
2026.02.05 17:45:00,116059.56,116086.53,116059.56,116086.53,900,63,0
2026.02.05 17:30:00,116032.56,116059.53,116032.56,116059.53,900,63,0
2026.02.05 17:15:00,116044.26,116050.13,116026.56,116032.53,900,63,0
2026.02.05 17:00:00,116067.90,116069.88,116027.55,116044.23,900,63,0
2026.02.05 16:45:00,116040.90,116067.87,116040.90,116067.87,900,63,0
2026.02.05 16:30:00,116013.90,116040.87,116013.90,116040.87,900,63,0
2026.02.05 16:15:00,116011.50,116027.97,116003.40,116013.87,900,63,0
2026.02.05 16:00:00,115984.50,116011.47,115984.50,116011.47,900,63,0
2026.02.05 15:45:00,115972.90,115989.76,115972.90,115984.47,900,63,0
2026.02.05 15:30:00,115945.90,115972.87,115945.90,115972.87,900,63,0
2026.02.05 15:15:00,115918.90,115945.87,115918.90,115945.87,900,63,0
2026.02.05 15:00:00,115936.82,115945.22,115917.61,115918.87,900,63,0
2026.02.05 14:45:00,115933.51,115948.93,115925.27,115936.79,900,63,0
2026.02.05 14:30:00,115928.66,115933.48,115909.87,115933.48,900,63,0
2026.02.05 14:15:00,115923.26,115928.63,115902.32,115928.63,900,63,0
2026.02.05 14:00:00,115909.09,115925.92,115909.09,115923.23,900,63,0
2026.02.05 13:45:00,115912.44,115925.73,115895.41,115909.06,900,63,0
2026.02.05 13:30:00,115903.66,115917.16,115898.97,115912.41,900,63,0
2026.02.05 13:15:00,115876.66,115903.63,115876.66,115903.63,900,63,0
2026.02.05 13:00:00,115849.66,115876.63,115849.66,115876.63,900,63,0
2026.02.05 12:45:00,115849.51,115868.95,115842.13,115849.63,900,63,0
2026.02.05 12:30:00,115822.51,115849.48,115822.51,115849.48,900,63,0
2026.02.05 12:15:00,115795.51,115822.48,115795.51,115822.48,900,63,0
2026.02.05 12:00:00,115810.06,115819.57,115787.65,115795.48,900,63,0
2026.02.05 11:45:00,115783.06,115810.03,115783.06,115810.03,900,63,0
2026.02.05 11:30:00,115772.12,115789.07,115772.12,115783.03,900,63,0
2026.02.05 11:15:00,115745.12,115772.09,115745.12,115772.09,900,63,0
2026.02.05 11:00:00,115718.12,115745.09,115718.12,115745.09,900,63,0
2026.02.05 10:45:00,115691.12,115718.09,115691.12,115718.09,900,63,0
2026.02.05 10:30:00,115705.63,115705.93,115670.84,115691.09,900,63,0
2026.02.05 10:15:00,115693.06,115705.60,115685.59,115705.60,900,63,0
2026.02.05 10:00:00,115696.04,115720.04,115690.09,115693.03,900,63,0
2026.02.05 09:45:00,115669.04,115696.01,115669.04,115696.01,900,63,0
2026.02.05 09:30:00,115701.37,115707.10,115661.33,115669.01,900,63,0
2026.02.05 09:15:00,115744.17,115755.84,115701.28,115701.34,900,63,0
2026.02.05 09:00:00,115736.82,115755.03,115735.41,115744.14,900,63,0
2026.02.05 08:45:00,115738.29,115741.68,115713.24,115736.79,900,63,0
2026.02.05 08:30:00,115711.29,115738.26,115711.29,115738.26,900,63,0
2026.02.05 08:15:00,115724.11,115724.47,115684.68,115711.26,900,63,0
2026.02.05 08:00:00,115726.07,115745.21,115716.28,115724.08,900,63,0
2026.02.05 07:45:00,115699.07,115726.04,115699.07,115726.04,900,63,0
2026.02.05 07:30:00,115741.04,115745.00,115692.26,115699.04,900,63,0
2026.02.05 07:15:00,115714.04,115741.01,115714.04,115741.01,900,63,0
2026.02.05 07:00:00,115748.64,115750.80,115695.08,115714.01,900,63,0
2026.02.05 06:45:00,115721.64,115748.61,115721.64,115748.61,900,63,0
2026.02.05 06:30:00,115720.79,115744.25,115718.13,115721.61,900,63,0
2026.02.05 06:15:00,115717.30,115735.36,115711.88,115720.76,900,63,0
2026.02.05 06:00:00,115734.58,115756.36,115712.20,115717.27,900,63,0
2026.02.05 05:45:00,115739.15,115751.93,115722.31,115734.55,900,63,0
2026.02.05 05:30:00,115745.59,115753.42,115720.01,115739.12,900,63,0
2026.02.05 05:15:00,115758.97,115764.70,115743.79,115745.56,900,63,0
2026.02.05 05:00:00,115843.44,115849.71,115753.96,115758.94,900,63,0
2026.02.05 04:45:00,115860.36,115871.31,115831.83,115843.41,900,63,0
2026.02.05 04:30:00,115860.69,115878.72,115851.42,115860.33,900,63,0
2026.02.05 04:15:00,115879.62,115887.27,115848.75,115860.66,900,63,0
2026.02.05 04:00:00,115882.88,115904.51,115874.28,115879.59,900,63,0
2026.02.05 03:45:00,115884.92,115897.31,115868.30,115882.85,900,63,0
2026.02.05 03:30:00,115876.79,115886.69,115867.85,115884.89,900,63,0
2026.02.05 03:15:00,115888.10,115904.90,115866.62,115876.76,900,63,0
2026.02.05 03:00:00,115861.10,115888.07,115861.10,115888.07,900,63,0
2026.02.05 02:45:00,115868.50,115876.06,115841.69,115861.07,900,63,0
2026.02.05 02:30:00,115869.06,115890.99,115863.46,115868.47,900,63,0
2026.02.05 02:15:00,115904.64,115929.33,115868.88,115869.03,900,63,0
2026.02.05 02:00:00,115877.64,115904.61,115877.64,115904.61,900,63,0
2026.02.05 01:45:00,115885.17,115907.97,115873.47,115877.61,900,63,0
2026.02.05 01:30:00,115858.17,115885.14,115858.17,115885.14,900,63,0
2026.02.05 01:15:00,115831.17,115858.14,115831.17,115858.14,900,63,0
2026.02.05 01:00:00,115858.62,115866.39,115828.53,115831.14,900,63,0
2026.02.05 00:45:00,115850.10,115858.59,115836.54,115858.59,900,63,0
2026.02.05 00:30:00,115859.05,115883.35,115847.43,115850.07,900,63,0
2026.02.05 00:15:00,115995.38,115999.34,115854.49,115859.02,900,63,0
2026.02.05 00:00:00,115968.38,115995.35,115968.38,115995.35,900,63,0
2026.02.04 23:45:00,115998.33,116002.38,115948.64,115968.35,900,63,0
2026.02.04 23:30:00,115971.33,115998.30,115971.33,115998.30,900,63,0
2026.02.04 23:15:00,115944.33,115971.30,115944.33,115971.30,900,63,0
2026.02.04 23:00:00,115937.65,115962.49,115937.65,115944.30,900,63,0
2026.02.04 22:45:00,115978.99,115980.46,115933.48,115937.62,900,63,0
2026.02.04 22:30:00,116044.65,116049.69,115973.59,115978.96,900,63,0
2026.02.04 22:15:00,116103.24,116113.56,116039.13,116044.62,900,63,0
2026.02.04 22:00:00,116150.45,116158.43,116091.36,116103.21,900,63,0
2026.02.04 21:45:00,116164.03,116167.87,116136.17,116150.42,900,63,0
2026.02.04 21:30:00,116187.57,116190.36,116153.71,116164.00,900,63,0
2026.02.04 21:15:00,116160.57,116187.54,116160.57,116187.54,900,63,0
2026.02.04 21:00:00,116200.67,116212.49,116157.21,116160.54,900,63,0
2026.02.04 20:45:00,116213.83,116228.92,116188.79,116200.64,900,63,0
2026.02.04 20:30:00,116186.83,116213.80,116186.83,116213.80,900,63,0
2026.02.04 20:15:00,116190.23,116200.67,116170.30,116186.80,900,63,0
2026.02.04 20:00:00,116188.96,116198.41,116172.71,116190.20,900,63,0
2026.02.04 19:45:00,116161.96,116188.93,116161.96,116188.93,900,63,0
2026.02.04 19:30:00,116183.07,116189.01,116142.67,116161.93,900,63,0
2026.02.04 19:15:00,116156.07,116183.04,116156.07,116183.04,900,63,0
2026.02.04 19:00:00,116172.05,116177.99,116135.04,116156.04,900,63,0
2026.02.04 18:45:00,116145.05,116172.02,116145.05,116172.02,900,63,0
2026.02.04 18:30:00,116118.05,116145.02,116118.05,116145.02,900,63,0
2026.02.04 18:15:00,116195.03,116198.09,116117.90,116118.02,900,63,0
2026.02.04 18:00:00,116180.89,116195.00,116180.89,116195.00,900,63,0
2026.02.04 17:45:00,116198.53,116207.91,116178.49,116180.86,900,63,0
2026.02.04 17:30:00,116199.19,116206.00,116184.91,116198.50,900,63,0
2026.02.04 17:15:00,116172.19,116199.16,116172.19,116199.16,900,63,0
2026.02.04 17:00:00,116160.86,116185.82,116160.86,116172.16,900,63,0
2026.02.04 16:45:00,116163.32,116185.85,116156.42,116160.83,900,63,0
2026.02.04 16:30:00,116202.60,116226.75,116160.71,116163.29,900,63,0
2026.02.04 16:15:00,116291.55,116293.86,116201.61,116202.57,900,63,0
2026.02.04 16:00:00,116279.97,116295.12,116279.73,116291.52,900,63,0
2026.02.04 15:45:00,116252.97,116279.94,116252.97,116279.94,900,63,0
2026.02.04 15:30:00,116225.97,116252.94,116225.97,116252.94,900,63,0
2026.02.04 15:15:00,116225.80,116250.34,116223.54,116225.94,900,63,0
2026.02.04 15:00:00,116277.57,116292.15,116215.99,116225.77,900,63,0
2026.02.04 14:45:00,116283.05,116290.31,116257.86,116277.54,900,63,0
2026.02.04 14:30:00,116256.05,116283.02,116256.05,116283.02,900,63,0
2026.02.04 14:15:00,116252.65,116262.34,116238.77,116256.02,900,63,0
2026.02.04 14:00:00,116225.65,116252.62,116225.65,116252.62,900,63,0
2026.02.04 13:45:00,116198.65,116225.62,116198.65,116225.62,900,63,0
2026.02.04 13:30:00,116196.80,116215.49,116190.37,116198.62,900,63,0
2026.02.04 13:15:00,116204.50,116214.91,116180.24,116196.77,900,63,0
2026.02.04 13:00:00,116257.45,116268.46,116195.14,116204.47,900,63,0
2026.02.04 12:45:00,116245.50,116257.42,116242.30,116257.42,900,63,0
2026.02.04 12:30:00,116243.23,116246.26,116221.56,116245.47,900,63,0
2026.02.04 12:15:00,116242.20,116243.20,116216.32,116243.20,900,63,0
2026.02.04 12:00:00,116278.13,116287.91,116235.84,116242.17,900,63,0
2026.02.04 11:45:00,116251.13,116278.10,116251.13,116278.10,900,63,0
2026.02.04 11:30:00,116241.44,116258.93,116241.44,116251.10,900,63,0
2026.02.04 11:15:00,116264.39,116267.09,116219.93,116241.41,900,63,0
2026.02.04 11:00:00,116237.39,116264.36,116237.39,116264.36,900,63,0
2026.02.04 10:45:00,116210.39,116237.36,116210.39,116237.36,900,63,0
2026.02.04 10:30:00,116208.49,116220.37,116195.30,116210.36,900,63,0
2026.02.04 10:15:00,116214.19,116220.73,116196.58,116208.46,900,63,0
2026.02.04 10:00:00,116187.19,116214.16,116187.19,116214.16,900,63,0
2026.02.04 09:45:00,116177.08,116202.31,116177.08,116187.16,900,63,0
2026.02.04 09:30:00,116150.08,116177.05,116150.08,116177.05,900,63,0
2026.02.04 09:15:00,116123.08,116150.05,116123.08,116150.05,900,63,0
2026.02.04 09:00:00,116157.16,116162.98,116108.44,116123.05,900,63,0
2026.02.04 08:45:00,116130.16,116157.13,116130.16,116157.13,900,63,0
2026.02.04 08:30:00,116160.14,116166.59,116130.13,116130.13,900,63,0
2026.02.04 08:15:00,116151.01,116175.97,116151.01,116160.11,900,63,0
2026.02.04 08:00:00,116124.01,116150.98,116124.01,116150.98,900,63,0
2026.02.04 07:45:00,116175.75,116178.12,116107.06,116123.98,900,63,0
2026.02.04 07:30:00,116183.43,116193.73,116173.11,116175.72,900,63,0
2026.02.04 07:15:00,116156.43,116183.40,116156.43,116183.40,900,63,0
2026.02.04 07:00:00,116204.04,116208.30,116140.47,116156.40,900,63,0
2026.02.04 06:45:00,116177.04,116204.01,116177.04,116204.01,900,63,0
2026.02.04 06:30:00,116247.86,116261.72,116173.50,116177.01,900,63,0
2026.02.04 06:15:00,116220.86,116247.83,116220.86,116247.83,900,63,0
2026.02.04 06:00:00,116266.94,116280.08,116216.81,116220.83,900,63,0
2026.02.04 05:45:00,116280.14,116291.54,116264.30,116266.91,900,63,0
2026.02.04 05:30:00,116253.14,116280.11,116253.14,116280.11,900,63,0
2026.02.04 05:15:00,116254.38,116257.50,116229.29,116253.11,900,63,0
2026.02.04 05:00:00,116257.78,116264.38,116239.65,116254.35,900,63,0
2026.02.04 04:45:00,116230.78,116257.75,116230.78,116257.75,900,63,0
2026.02.04 04:30:00,116268.50,116285.57,116222.05,116230.75,900,63,0
2026.02.04 04:15:00,116259.66,116277.60,116259.47,116268.47,900,63,0
2026.02.04 04:00:00,116258.37,116260.32,116234.64,116259.63,900,63,0
2026.02.04 03:45:00,116231.37,116258.34,116231.37,116258.34,900,63,0
2026.02.04 03:30:00,116204.37,116231.34,116204.37,116231.34,900,63,0
2026.02.04 03:15:00,116177.37,116204.34,116177.37,116204.34,900,63,0
2026.02.04 03:00:00,116177.27,116190.41,116163.54,116177.34,900,63,0
2026.02.04 02:45:00,116166.59,116177.24,116155.64,116177.24,900,63,0
2026.02.04 02:30:00,116139.59,116166.56,116139.59,116166.56,900,63,0
2026.02.04 02:15:00,116112.56,116139.56,116112.56,116139.56,901,63,0
2026.02.04 02:00:00,116102.02,116119.06,116102.02,116112.53,899,63,0
2026.02.04 01:45:00,116116.24,116117.92,116089.30,116101.99,901,63,0
2026.02.04 01:30:00,116107.50,116129.73,116107.50,116116.21,900,63,0
2026.02.04 01:15:00,116100.75,116117.22,116097.00,116107.47,900,63,0
2026.02.04 01:00:00,116126.57,116141.39,116098.92,116100.72,900,63,0
2026.02.04 00:45:00,116099.57,116126.54,116099.57,116126.54,900,63,0
2026.02.04 00:30:00,116090.98,116117.32,116090.98,116099.54,900,63,0
2026.02.04 00:15:00,116082.75,116098.26,116079.52,116090.95,900,63,0
2026.02.04 00:00:00,116071.00,116082.72,116062.11,116082.72,900,63,0
2026.02.03 23:45:00,116066.36,116073.35,116051.02,116070.97,900,63,0
2026.02.03 23:30:00,116039.36,116066.33,116039.36,116066.33,900,63,0
2026.02.03 23:15:00,116012.36,116039.33,116012.36,116039.33,900,63,0
2026.02.03 23:00:00,116005.11,116012.33,115990.64,116012.33,900,63,0
2026.02.03 22:45:00,115978.11,116005.08,115978.11,116005.08,900,63,0
2026.02.03 22:30:00,115972.57,115993.45,115972.02,115978.08,900,63,0
2026.02.03 22:15:00,115983.49,115985.02,115952.14,115972.54,900,63,0
2026.02.03 22:00:00,115956.49,115983.46,115956.49,115983.46,900,63,0
2026.02.03 21:45:00,115929.49,115956.46,115929.49,115956.46,900,63,0
2026.02.03 21:30:00,115902.49,115929.46,115902.49,115929.46,900,63,0
2026.02.03 21:15:00,115900.94,115912.04,115886.62,115902.46,900,63,0
2026.02.03 21:00:00,115909.69,115914.43,115878.71,115900.91,900,63,0
2026.02.03 20:45:00,115882.69,115909.66,115882.69,115909.66,900,63,0
2026.02.03 20:30:00,115855.69,115882.66,115855.69,115882.66,900,63,0
2026.02.03 20:15:00,115863.17,115885.34,115850.89,115855.66,900,63,0
2026.02.03 20:00:00,115902.67,115917.46,115854.05,115863.14,900,63,0
2026.02.03 19:45:00,115875.67,115902.64,115875.67,115902.64,900,63,0
2026.02.03 19:30:00,115848.67,115875.64,115848.67,115875.64,900,63,0
2026.02.03 19:15:00,115861.76,115869.20,115842.31,115848.64,900,63,0
2026.02.03 19:00:00,115879.46,115881.17,115838.93,115861.73,900,63,0
2026.02.03 18:45:00,115852.46,115879.43,115852.46,115879.43,900,63,0
2026.02.03 18:30:00,115887.68,115898.57,115846.43,115852.43,900,63,0
2026.02.03 18:15:00,115860.68,115887.65,115860.68,115887.65,900,63,0
2026.02.03 18:00:00,115875.07,115892.26,115850.90,115860.65,900,63,0
2026.02.03 17:45:00,115848.07,115875.04,115848.07,115875.04,900,63,0
2026.02.03 17:30:00,115875.54,115878.93,115838.86,115848.04,900,63,0
2026.02.03 17:15:00,115914.73,115915.90,115858.77,115875.51,900,63,0
2026.02.03 17:00:00,115887.73,115914.70,115887.73,115914.70,900,63,0
2026.02.03 16:45:00,115860.73,115887.70,115860.73,115887.70,900,63,0
2026.02.03 16:30:00,115889.18,115889.21,115834.00,115860.70,900,63,0
2026.02.03 16:15:00,115920.90,115934.43,115886.84,115889.15,900,63,0
2026.02.03 16:00:00,116012.55,116016.90,115915.02,115920.87,900,63,0
2026.02.03 15:45:00,116004.74,116020.04,116000.88,116012.52,900,63,0
2026.02.03 15:30:00,115977.74,116004.71,115977.74,116004.71,900,63,0
2026.02.03 15:15:00,115985.53,115992.19,115957.43,115977.71,900,63,0
2026.02.03 15:00:00,115958.53,115985.50,115958.53,115985.50,900,63,0
2026.02.03 14:45:00,115931.53,115958.50,115931.53,115958.50,900,63,0
2026.02.03 14:30:00,115936.01,115962.47,115931.02,115931.50,900,63,0
2026.02.03 14:15:00,115931.60,115944.56,115922.00,115935.98,900,63,0
2026.02.03 14:00:00,115904.60,115931.57,115904.60,115931.57,900,63,0
2026.02.03 13:45:00,115949.73,115959.36,115903.43,115904.57,900,63,0
2026.02.03 13:30:00,115946.97,115957.08,115932.87,115949.70,900,63,0
2026.02.03 13:15:00,115945.13,115954.91,115929.78,115946.94,900,63,0
2026.02.03 13:00:00,115918.13,115945.10,115918.13,115945.10,900,63,0
2026.02.03 12:45:00,115911.27,115918.10,115894.70,115918.10,900,63,0
2026.02.03 12:30:00,115884.27,115911.24,115884.27,115911.24,900,63,0
2026.02.03 12:15:00,115879.49,115901.09,115878.90,115884.24,900,63,0
2026.02.03 12:00:00,115852.49,115879.46,115852.49,115879.46,900,63,0
2026.02.03 11:45:00,115825.49,115852.46,115825.49,115852.46,900,63,0
2026.02.03 11:30:00,115810.92,115825.46,115804.85,115825.46,900,63,0
2026.02.03 11:15:00,115783.92,115810.89,115783.92,115810.89,900,63,0
2026.02.03 11:00:00,115793.32,115795.03,115759.41,115783.89,900,63,0
2026.02.03 10:45:00,115766.32,115793.29,115766.32,115793.29,900,63,0
2026.02.03 10:30:00,115751.47,115766.29,115744.51,115766.29,900,63,0
2026.02.03 10:15:00,115724.47,115751.44,115724.47,115751.44,900,63,0
2026.02.03 10:00:00,115739.84,115745.45,115721.74,115724.44,900,63,0
2026.02.03 09:45:00,115759.18,115771.66,115731.29,115739.81,900,63,0
2026.02.03 09:30:00,115751.13,115764.03,115745.11,115759.15,900,63,0
2026.02.03 09:15:00,115756.20,115762.65,115730.61,115751.10,900,63,0
2026.02.03 09:00:00,115729.20,115756.17,115729.20,115756.17,900,63,0
2026.02.03 08:45:00,115721.71,115729.96,115710.48,115729.17,900,63,0
2026.02.03 08:30:00,115694.71,115721.68,115694.71,115721.68,900,63,0
2026.02.03 08:15:00,115753.34,115755.32,115684.81,115694.68,900,63,0
2026.02.03 08:00:00,115726.34,115753.31,115726.34,115753.31,900,63,0
2026.02.03 07:45:00,115823.54,115829.30,115725.83,115726.31,900,63,0
2026.02.03 07:30:00,115844.55,115848.21,115801.31,115823.51,900,63,0
2026.02.03 07:15:00,115843.51,115865.32,115839.39,115844.52,900,63,0
2026.02.03 07:00:00,115856.00,115874.09,115834.63,115843.48,900,63,0
2026.02.03 06:45:00,115851.47,115866.41,115843.97,115855.97,900,63,0
2026.02.03 06:30:00,115864.79,115876.97,115836.68,115851.44,900,63,0
2026.02.03 06:15:00,115919.75,115919.75,115852.25,115864.76,900,63,0
2026.02.03 06:00:00,115957.54,115966.75,115919.72,115919.72,900,63,0
2026.02.03 05:45:00,115965.74,115991.12,115955.95,115957.51,900,63,0
2026.02.03 05:30:00,115993.24,115993.90,115956.62,115965.71,900,63,0
2026.02.03 05:15:00,115984.70,115997.12,115978.69,115993.21,900,63,0
2026.02.03 05:00:00,115957.70,115984.67,115957.70,115984.67,900,63,0
2026.02.03 04:45:00,115930.70,115957.67,115930.70,115957.67,900,63,0
2026.02.03 04:30:00,115903.70,115930.67,115903.70,115930.67,900,63,0
2026.02.03 04:15:00,115905.77,115910.27,115881.23,115903.67,900,63,0
2026.02.03 04:00:00,115878.77,115905.74,115878.77,115905.74,900,63,0
2026.02.03 03:45:00,115874.71,115878.74,115853.24,115878.74,900,63,0
2026.02.03 03:30:00,115863.09,115874.68,115847.74,115874.68,900,63,0
2026.02.03 03:15:00,115872.54,115887.12,115850.70,115863.06,900,63,0
2026.02.03 03:00:00,115876.74,115903.38,115872.21,115872.51,900,63,0
2026.02.03 02:45:00,115849.74,115876.71,115849.74,115876.71,900,63,0
2026.02.03 02:30:00,115841.26,115850.62,115832.13,115849.71,900,63,0
2026.02.03 02:15:00,115814.26,115841.23,115814.26,115841.23,900,63,0
2026.02.03 02:00:00,115817.73,115842.48,115812.04,115814.23,900,63,0
2026.02.03 01:45:00,115790.73,115817.70,115790.73,115817.70,900,63,0
2026.02.03 01:30:00,115763.73,115790.70,115763.73,115790.70,900,63,0
2026.02.03 01:15:00,115736.73,115763.70,115736.73,115763.70,900,63,0
2026.02.03 01:00:00,115768.05,115768.86,115719.93,115736.70,900,63,0
2026.02.03 00:45:00,115775.54,115786.46,115758.51,115768.02,900,63,0
2026.02.03 00:30:00,115748.54,115775.51,115748.54,115775.51,900,63,0
2026.02.03 00:15:00,115815.82,115832.32,115746.47,115748.51,900,63,0
2026.02.03 00:00:00,115788.82,115815.79,115788.82,115815.79,900,63,0
2026.02.02 23:45:00,115761.82,115788.79,115761.82,115788.79,900,63,0
2026.02.02 23:30:00,115753.55,115763.57,115744.87,115761.79,900,63,0
2026.02.02 23:15:00,115741.21,115753.52,115726.94,115753.52,900,63,0
2026.02.02 23:00:00,115714.21,115741.18,115714.21,115741.18,900,63,0
2026.02.02 22:45:00,115687.21,115714.18,115687.21,115714.18,900,63,0
2026.02.02 22:30:00,115732.04,115736.99,115678.93,115687.18,900,63,0
2026.02.02 22:15:00,115822.03,115824.16,115724.75,115732.01,900,63,0
2026.02.02 22:00:00,115809.05,115835.99,115809.05,115822.00,900,63,0
2026.02.02 21:45:00,115837.35,115840.77,115791.47,115809.02,900,63,0
2026.02.02 21:30:00,115810.35,115837.32,115810.35,115837.32,900,63,0
2026.02.02 21:15:00,115800.77,115819.22,115800.77,115810.32,900,63,0
2026.02.02 21:00:00,115792.15,115818.52,115792.15,115800.74,900,63,0
2026.02.02 20:45:00,115765.15,115792.12,115765.15,115792.12,900,63,0
2026.02.02 20:30:00,115809.61,115821.73,115765.09,115765.12,900,63,0
2026.02.02 20:15:00,115782.61,115809.58,115782.61,115809.58,900,63,0
2026.02.02 20:00:00,115792.96,115797.31,115759.99,115782.58,900,63,0
2026.02.02 19:45:00,115798.94,115808.45,115775.50,115792.93,900,63,0
2026.02.02 19:30:00,115771.94,115798.91,115771.94,115798.91,900,63,0
2026.02.02 19:15:00,115744.94,115771.91,115744.94,115771.91,900,63,0
2026.02.02 19:00:00,115730.00,115753.01,115730.00,115744.91,900,63,0
2026.02.02 18:45:00,115725.51,115734.69,115712.21,115729.97,900,63,0
2026.02.02 18:30:00,115740.63,115761.66,115719.57,115725.48,900,63,0
2026.02.02 18:15:00,115748.87,115751.90,115718.22,115740.60,900,63,0
2026.02.02 18:00:00,115736.36,115751.18,115736.36,115748.84,900,63,0
2026.02.02 17:45:00,115738.12,115751.29,115722.56,115736.33,900,63,0
2026.02.02 17:30:00,115747.03,115749.70,115713.82,115738.09,900,63,0
2026.02.02 17:15:00,115720.03,115747.00,115720.03,115747.00,900,63,0
2026.02.02 17:00:00,115742.84,115764.44,115716.55,115720.00,900,63,0
2026.02.02 16:45:00,115715.84,115742.81,115715.84,115742.81,900,63,0
2026.02.02 16:30:00,115706.52,115719.33,115701.68,115715.81,900,63,0
2026.02.02 16:15:00,115679.52,115706.49,115679.52,115706.49,900,63,0
2026.02.02 16:00:00,115669.33,115692.46,115669.33,115679.49,900,63,0
2026.02.02 15:45:00,115654.80,115680.75,115654.80,115669.30,900,63,0
2026.02.02 15:30:00,115645.82,115660.10,115642.11,115654.77,900,63,0
2026.02.02 15:15:00,115666.77,115686.33,115643.42,115645.79,900,63,0
2026.02.02 15:00:00,115674.01,115676.83,115654.92,115666.74,900,63,0
2026.02.02 14:45:00,115647.01,115673.98,115647.01,115673.98,900,63,0
2026.02.02 14:30:00,115643.39,115668.41,115643.39,115646.98,900,63,0
2026.02.02 14:15:00,115706.11,115712.26,115637.63,115643.36,900,63,0
2026.02.02 14:00:00,115697.09,115712.39,115694.44,115706.08,900,63,0
2026.02.02 13:45:00,115670.09,115697.06,115670.09,115697.06,900,63,0
2026.02.02 13:30:00,115643.09,115670.06,115643.09,115670.06,900,63,0
2026.02.02 13:15:00,115616.09,115643.06,115616.09,115643.06,900,63,0
2026.02.02 13:00:00,115589.09,115616.06,115589.09,115616.06,900,63,0
2026.02.02 12:45:00,115577.35,115603.27,115577.35,115589.06,900,63,0
2026.02.02 12:30:00,115550.35,115577.32,115550.35,115577.32,900,63,0
2026.02.02 12:15:00,115548.27,115566.54,115541.65,115550.32,900,63,0
2026.02.02 12:00:00,115521.27,115548.24,115521.27,115548.24,900,63,0
2026.02.02 11:45:00,115511.66,115534.37,115511.66,115521.24,900,63,0
2026.02.02 11:30:00,115529.98,115541.62,115506.83,115511.63,900,63,0
2026.02.02 11:15:00,115548.72,115555.35,115526.32,115529.95,900,63,0
2026.02.02 11:00:00,115521.72,115548.69,115521.72,115548.69,900,63,0
2026.02.02 10:45:00,115515.54,115528.32,115507.53,115521.69,900,63,0
2026.02.02 10:30:00,115506.99,115525.44,115506.99,115515.51,900,63,0
2026.02.02 10:15:00,115536.18,115543.98,115490.43,115506.96,900,63,0
2026.02.02 10:00:00,115509.18,115536.15,115509.18,115536.15,900,63,0
2026.02.02 09:45:00,115512.95,115518.02,115487.28,115509.15,900,63,0
2026.02.02 09:30:00,115565.79,115572.60,115510.28,115512.92,900,63,0
2026.02.02 09:15:00,115538.79,115565.76,115538.79,115565.76,900,63,0
2026.02.02 09:00:00,115511.79,115538.76,115511.79,115538.76,900,63,0
2026.02.02 08:45:00,115484.79,115511.76,115484.79,115511.76,900,63,0
2026.02.02 08:30:00,115490.34,115502.85,115473.12,115484.76,900,63,0
2026.02.02 08:15:00,115478.90,115490.31,115464.63,115490.31,900,63,0
2026.02.02 08:00:00,115486.18,115487.95,115453.70,115478.87,900,63,0
2026.02.02 07:45:00,115516.04,115523.06,115476.79,115486.15,900,63,0
2026.02.02 07:30:00,115489.04,115516.01,115489.04,115516.01,900,63,0
2026.02.02 07:15:00,115462.04,115489.01,115462.04,115489.01,900,63,0
2026.02.02 07:00:00,115447.96,115474.81,115447.96,115462.01,900,63,0
2026.02.02 06:45:00,115420.96,115447.93,115420.96,115447.93,900,63,0
2026.02.02 06:30:00,115415.74,115425.19,115403.44,115420.93,900,63,0
2026.02.02 06:15:00,115422.03,115443.51,115410.25,115415.71,900,63,0
2026.02.02 06:00:00,115425.28,115439.23,115421.25,115422.00,900,63,0
2026.02.02 05:45:00,115421.90,115430.78,115407.19,115425.25,900,63,0
2026.02.02 05:30:00,115415.72,115434.86,115414.07,115421.87,900,63,0
2026.02.02 05:15:00,115388.72,115415.69,115388.72,115415.69,900,63,0
2026.02.02 05:00:00,115385.92,115412.35,115385.92,115388.69,900,63,0
2026.02.02 04:45:00,115381.11,115394.37,115372.21,115385.89,900,63,0
2026.02.02 04:30:00,115378.05,115401.33,115377.42,115381.08,900,63,0
2026.02.02 04:15:00,115427.39,115432.49,115372.44,115378.02,900,63,0
2026.02.02 04:00:00,115427.56,115434.16,115407.02,115427.36,900,63,0
2026.02.02 03:45:00,115427.66,115432.70,115405.63,115427.53,900,63,0
2026.02.02 03:30:00,115400.66,115427.63,115400.66,115427.63,900,63,0
2026.02.02 03:15:00,115373.66,115400.63,115373.66,115400.63,900,63,0
2026.02.02 03:00:00,115384.46,115393.37,115355.60,115373.63,900,63,0
2026.02.02 02:45:00,115357.46,115384.43,115357.46,115384.43,900,63,0
2026.02.02 02:30:00,115330.46,115357.43,115330.46,115357.43,900,63,0
2026.02.02 02:15:00,115303.46,115330.43,115303.46,115330.43,900,63,0
2026.02.02 02:00:00,115298.43,115317.45,115295.51,115303.43,900,63,0
2026.02.02 01:45:00,115271.43,115298.40,115271.43,115298.40,900,63,0
2026.02.02 01:30:00,115244.43,115271.40,115244.43,115271.40,900,63,0
2026.02.02 01:15:00,115217.43,115244.40,115217.43,115244.40,900,63,0
2026.02.02 01:00:00,115190.43,115217.40,115190.43,115217.40,900,63,0
2026.02.02 00:45:00,115179.52,115190.40,115163.76,115190.40,900,63,0
2026.02.02 00:30:00,115241.22,115254.42,115177.12,115179.49,900,63,0
2026.02.02 00:15:00,115248.92,115263.38,115236.42,115241.19,900,63,0
2026.02.02 00:00:00,115221.92,115248.89,115221.92,115248.89,900,63,0
2026.02.01 23:45:00,115228.97,115236.23,115202.21,115221.89,900,63,0
2026.02.01 23:30:00,115238.90,115257.98,115221.08,115228.94,900,63,0
2026.02.01 23:15:00,115250.43,115272.66,115234.16,115238.87,900,63,0
2026.02.01 23:00:00,115316.68,115317.10,115250.13,115250.40,900,63,0
2026.02.01 22:45:00,115321.68,115345.83,115313.86,115316.65,900,63,0
2026.02.01 22:30:00,115310.97,115321.65,115300.20,115321.65,900,63,0
2026.02.01 22:15:00,115283.97,115310.94,115283.97,115310.94,900,63,0
2026.02.01 22:00:00,115256.97,115283.94,115256.97,115283.94,900,63,0
2026.02.01 21:45:00,115294.82,115307.66,115253.73,115256.94,900,63,0
2026.02.01 21:30:00,115331.55,115342.38,115286.33,115294.79,900,63,0
2026.02.01 21:15:00,115436.02,115448.38,115324.86,115331.52,900,63,0
2026.02.01 21:00:00,115409.02,115435.99,115409.02,115435.99,900,63,0
2026.02.01 20:45:00,115382.02,115408.99,115382.02,115408.99,900,63,0
2026.02.01 20:30:00,115399.15,115401.52,115369.30,115381.99,900,63,0
2026.02.01 20:15:00,115372.15,115399.12,115372.15,115399.12,900,63,0
2026.02.01 20:00:00,115377.82,115381.21,115363.24,115372.12,900,63,0
2026.02.01 19:45:00,115375.19,115388.24,115363.90,115377.79,900,63,0
2026.02.01 19:30:00,115348.19,115375.16,115348.19,115375.16,900,63,0
2026.02.01 19:15:00,115321.19,115348.16,115321.19,115348.16,900,63,0
2026.02.01 19:00:00,115308.73,115324.90,115308.73,115321.16,900,63,0
2026.02.01 18:45:00,115281.73,115308.70,115281.73,115308.70,900,63,0
2026.02.01 18:30:00,115320.26,115333.73,115280.56,115281.70,900,63,0
2026.02.01 18:15:00,115293.26,115320.23,115293.26,115320.23,900,63,0
2026.02.01 18:00:00,115266.26,115293.23,115266.26,115293.23,900,63,0
2026.02.01 17:45:00,115281.63,115285.86,115259.70,115266.23,833,63,0
2026.02.01 17:30:00,115254.63,115281.60,115254.63,115281.60,900,63,0
2026.02.01 17:15:00,115227.63,115254.60,115227.63,115254.60,900,63,0
2026.02.01 17:00:00,115200.63,115227.60,115200.63,115227.60,900,63,0
2026.02.01 16:45:00,115186.20,115204.17,115186.20,115200.60,900,63,0
2026.02.01 16:30:00,115186.05,115196.58,115175.82,115186.17,900,63,0
2026.02.01 16:15:00,115184.85,115209.21,115183.44,115186.02,900,63,0
2026.02.01 16:00:00,115189.72,115191.91,115160.07,115184.82,900,63,0
2026.02.01 15:45:00,115162.72,115189.69,115162.72,115189.69,900,63,0
2026.02.01 15:30:00,115135.72,115162.69,115135.72,115162.69,900,63,0
2026.02.01 15:15:00,115144.58,115152.02,115116.19,115135.69,900,63,0
2026.02.01 15:00:00,115117.58,115144.55,115117.58,115144.55,900,63,0
2026.02.01 14:45:00,115090.58,115117.55,115090.58,115117.55,900,63,0
2026.02.01 14:30:00,115113.24,115122.33,115079.57,115090.55,900,63,0
2026.02.01 14:15:00,115099.40,115122.35,115099.40,115113.21,900,63,0
2026.02.01 14:00:00,115106.58,115110.45,115081.88,115099.37,900,63,0
2026.02.01 13:45:00,115210.51,115213.39,115105.32,115106.55,901,63,0
2026.02.01 13:30:00,115218.08,115238.87,115204.33,115210.48,900,63,0
2026.02.01 13:15:00,115211.48,115227.50,115207.13,115218.05,900,63,0
2026.02.01 13:00:00,115184.48,115211.45,115184.48,115211.45,900,63,0
2026.02.01 12:45:00,115157.48,115184.45,115157.48,115184.45,900,63,0
2026.02.01 12:30:00,115130.48,115157.45,115130.48,115157.45,900,63,0
2026.02.01 12:15:00,115118.04,115133.82,115118.04,115130.45,900,63,0
2026.02.01 12:00:00,115118.45,115118.72,115091.34,115118.01,900,63,0
2026.02.01 11:45:00,115091.45,115118.42,115091.45,115118.42,900,63,0
2026.02.01 11:30:00,115064.45,115091.42,115064.45,115091.42,900,63,0
2026.02.01 11:15:00,115096.07,115102.91,115058.24,115064.42,900,63,0
2026.02.01 11:00:00,115082.09,115102.28,115082.09,115096.04,900,63,0
2026.02.01 10:45:00,115055.09,115082.06,115055.09,115082.06,900,63,0
2026.02.01 10:30:00,115028.09,115055.06,115028.09,115055.06,900,63,0
2026.02.01 10:15:00,115026.63,115037.07,115011.56,115028.06,900,63,0
2026.02.01 10:00:00,115074.91,115079.05,115015.92,115026.60,900,63,0
2026.02.01 09:45:00,115065.05,115088.84,115065.05,115074.88,837,63,0
2026.02.01 09:30:00,115061.00,115074.71,115051.79,115065.02,900,63,0
2026.02.01 09:15:00,115034.00,115060.97,115034.00,115060.97,900,63,0
2026.02.01 09:00:00,115007.00,115033.97,115007.00,115033.97,900,63,0
2026.02.01 08:45:00,114980.00,115006.97,114980.00,115006.97,900,63,0
2026.02.01 08:30:00,114986.96,114991.88,114972.77,114979.97,900,63,0
2026.02.01 08:15:00,114986.73,114992.64,114965.90,114986.93,900,63,0
2026.02.01 08:00:00,114996.95,115018.97,114981.78,114986.70,900,63,0
2026.02.01 07:45:00,114993.28,115001.74,114978.44,114996.92,900,63,0
2026.02.01 07:30:00,114988.28,114994.19,114972.22,114993.25,900,63,0
2026.02.01 07:15:00,115010.06,115011.98,114967.19,114988.25,900,63,0
2026.02.01 07:00:00,115047.65,115061.00,115009.28,115010.03,900,63,0
2026.02.01 06:45:00,115064.39,115085.09,115041.38,115047.62,900,63,0
2026.02.01 06:30:00,115065.94,115076.87,115056.89,115064.36,900,63,0
2026.02.01 06:15:00,115064.82,115084.89,115059.04,115065.91,900,63,0
2026.02.01 06:00:00,115037.82,115064.79,115037.82,115064.79,900,63,0
2026.02.01 05:45:00,115010.82,115037.79,115010.82,115037.79,900,63,0
2026.02.01 05:30:00,114983.82,115010.79,114983.82,115010.79,900,63,0
2026.02.01 05:15:00,115001.23,115002.94,114971.03,114983.79,900,63,0
2026.02.01 05:00:00,114974.23,115001.20,114974.23,115001.20,900,63,0
2026.02.01 04:45:00,114973.83,114985.68,114959.11,114974.20,900,63,0
2026.02.01 04:30:00,114968.54,114980.24,114958.56,114973.80,900,63,0
2026.02.01 04:15:00,114962.66,114973.04,114951.95,114968.51,900,63,0
2026.02.01 04:00:00,114935.66,114962.63,114935.66,114962.63,900,63,0
2026.02.01 03:45:00,114929.26,114942.22,114921.65,114935.63,900,63,0
2026.02.01 03:30:00,114949.96,114960.01,114914.80,114929.23,900,63,0
2026.02.01 03:15:00,114943.94,114963.23,114942.28,114949.93,900,63,0
2026.02.01 03:00:00,114916.94,114943.91,114916.94,114943.91,900,63,0
2026.02.01 02:45:00,114905.91,114916.91,114894.44,114916.91,900,63,0
2026.02.01 02:30:00,114894.14,114905.88,114886.32,114905.88,900,63,0
2026.02.01 02:15:00,114913.18,114928.51,114883.10,114894.11,900,63,0
2026.02.01 02:00:00,114927.26,114934.55,114904.48,114913.15,900,63,0
2026.02.01 01:45:00,114983.33,114998.33,114924.62,114927.23,900,63,0
2026.02.01 01:30:00,115009.95,115014.78,114981.14,114983.30,900,63,0
2026.02.01 01:15:00,115002.87,115023.75,115002.87,115009.92,900,63,0
2026.02.01 01:00:00,115004.38,115022.41,114993.93,115002.84,900,63,0
2026.02.01 00:45:00,114977.38,115004.35,114977.38,115004.35,900,63,0
2026.02.01 00:30:00,115063.16,115077.68,114972.19,114977.35,900,63,0
2026.02.01 00:15:00,115036.16,115063.13,115036.16,115063.13,900,63,0
2026.02.01 00:00:00,115035.89,115042.13,115015.43,115036.13,900,63,0
