Time,Open,High,Low,Close,TickVolume,Spread,RealVolume
2026.03.07 00:00:00,93466.66,93471.62,93466.66,93471.62,249,45,0
2026.03.06 23:55:00,93460.66,93466.64,93460.66,93466.64,300,45,0
2026.03.06 23:50:00,93469.02,93470.04,93455.70,93460.64,300,45,0
2026.03.06 23:45:00,93463.02,93469.00,93463.02,93469.00,300,45,0
2026.03.06 23:40:00,93457.02,93463.00,93457.02,93463.00,300,45,0
2026.03.06 23:35:00,93486.51,93491.17,93455.70,93457.00,300,45,0
2026.03.06 23:30:00,93480.51,93486.49,93480.51,93486.49,300,45,0
2026.03.06 23:25:00,93474.51,93480.49,93474.51,93480.49,300,45,0
2026.03.06 23:20:00,93468.51,93474.49,93468.51,93474.49,300,45,0
2026.03.06 23:15:00,93462.51,93468.49,93462.51,93468.49,300,45,0
2026.03.06 23:10:00,93456.51,93462.49,93456.51,93462.49,300,45,0
2026.03.06 23:05:00,93450.51,93456.49,93450.51,93456.49,300,45,0
2026.03.06 23:00:00,93444.51,93450.49,93444.51,93450.49,300,45,0
2026.03.06 22:55:00,93438.51,93444.49,93438.51,93444.49,300,45,0
2026.03.06 22:50:00,93432.51,93438.49,93432.51,93438.49,300,45,0
2026.03.06 22:45:00,93426.51,93432.49,93426.51,93432.49,300,45,0
2026.03.06 22:40:00,93420.51,93426.49,93420.51,93426.49,300,45,0
2026.03.06 22:35:00,93414.51,93420.49,93414.51,93420.49,300,45,0
2026.03.06 22:30:00,93408.51,93414.49,93408.51,93414.49,300,45,0
2026.03.06 22:25:00,93402.51,93408.49,93402.51,93408.49,300,45,0
2026.03.06 22:20:00,93396.51,93402.49,93396.51,93402.49,300,45,0
2026.03.06 22:15:00,93390.49,93396.49,93390.49,93396.49,301,45,0
2026.03.06 22:10:00,93384.49,93390.47,93384.49,93390.47,300,45,0
2026.03.06 22:05:00,93378.49,93384.47,93378.49,93384.47,300,45,0
2026.03.06 22:00:00,93372.49,93378.47,93372.49,93378.47,300,45,0
2026.03.06 21:55:00,93366.49,93372.47,93366.49,93372.47,300,45,0
2026.03.06 21:50:00,93360.49,93366.47,93360.49,93366.47,300,45,0
2026.03.06 21:45:00,93354.49,93360.47,93354.49,93360.47,300,45,0
2026.03.06 21:40:00,93348.49,93354.47,93348.49,93354.47,300,45,0
2026.03.06 21:35:00,93342.49,93348.47,93342.49,93348.47,300,45,0
2026.03.06 21:30:00,93336.49,93342.47,93336.49,93342.47,300,45,0
2026.03.06 21:25:00,93330.49,93336.47,93330.49,93336.47,300,45,0
2026.03.06 21:20:00,93324.49,93330.47,93324.49,93330.47,300,45,0
2026.03.06 21:15:00,93318.49,93324.47,93318.49,93324.47,300,45,0
2026.03.06 21:10:00,93333.66,93334.46,93313.31,93318.47,300,45,0
2026.03.06 21:05:00,93327.66,93333.64,93327.66,93333.64,300,45,0
2026.03.06 21:00:00,93321.66,93327.64,93321.66,93327.64,300,45,0
2026.03.06 20:55:00,93315.66,93321.64,93315.66,93321.64,300,45,0
2026.03.06 20:50:00,93309.66,93315.64,93309.66,93315.64,300,45,0
2026.03.06 20:45:00,93303.66,93309.64,93303.66,93309.64,300,45,0
2026.03.06 20:40:00,93315.24,93317.86,93300.30,93303.64,300,45,0
2026.03.06 20:35:00,93309.24,93315.22,93309.24,93315.22,300,45,0
2026.03.06 20:30:00,93303.24,93309.22,93303.24,93309.22,300,45,0
2026.03.06 20:25:00,93297.24,93303.22,93297.24,93303.22,300,45,0
2026.03.06 20:20:00,93291.24,93297.22,93291.24,93297.22,300,45,0
2026.03.06 20:15:00,93285.24,93291.22,93285.24,93291.22,300,45,0
2026.03.06 20:10:00,93279.24,93285.22,93279.24,93285.22,300,45,0
2026.03.06 20:05:00,93273.24,93279.22,93273.24,93279.22,300,45,0
2026.03.06 20:00:00,93267.24,93273.22,93267.24,93273.22,300,45,0
2026.03.06 19:55:00,93261.24,93267.22,93261.24,93267.22,300,45,0
2026.03.06 19:50:00,93255.24,93261.22,93255.24,93261.22,300,45,0
2026.03.06 19:45:00,93249.24,93255.22,93249.24,93255.22,300,45,0
2026.03.06 19:40:00,93259.52,93263.16,93246.90,93249.22,300,45,0
2026.03.06 19:35:00,93253.52,93259.50,93253.52,93259.50,300,45,0
2026.03.06 19:30:00,93247.52,93253.50,93247.52,93253.50,300,45,0
2026.03.06 19:25:00,93261.63,93265.63,93245.54,93247.50,300,45,0
2026.03.06 19:20:00,93255.63,93261.61,93255.63,93261.61,300,45,0
2026.03.06 19:15:00,93249.63,93255.61,93249.63,93255.61,300,45,0
2026.03.06 19:10:00,93243.63,93249.61,93243.63,93249.61,300,45,0
2026.03.06 19:05:00,93237.63,93243.61,93237.63,93243.61,300,45,0
2026.03.06 19:00:00,93231.63,93237.61,93231.63,93237.61,300,45,0
2026.03.06 18:55:00,93242.57,93243.47,93226.55,93231.61,300,45,0
2026.03.06 18:50:00,93236.57,93242.55,93236.57,93242.55,300,45,0
2026.03.06 18:45:00,93230.57,93236.55,93230.57,93236.55,300,45,0
2026.03.06 18:40:00,93224.57,93230.55,93224.57,93230.55,300,45,0
2026.03.06 18:35:00,93242.02,93247.30,93223.87,93224.55,300,45,0
2026.03.06 18:30:00,93236.02,93242.00,93236.02,93242.00,300,45,0
2026.03.06 18:25:00,93230.02,93236.00,93230.02,93236.00,300,45,0
2026.03.06 18:20:00,93224.02,93230.00,93224.02,93230.00,300,45,0
2026.03.06 18:15:00,93218.02,93224.00,93218.02,93224.00,300,45,0
2026.03.06 18:10:00,93212.02,93218.00,93212.02,93218.00,300,45,0
2026.03.06 18:05:00,93206.02,93212.00,93206.02,93212.00,300,45,0
2026.03.06 18:00:00,93200.02,93206.00,93200.02,93206.00,300,45,0
2026.03.06 17:55:00,93194.02,93200.00,93194.02,93200.00,300,45,0
2026.03.06 17:50:00,93188.02,93194.00,93188.02,93194.00,300,45,0
2026.03.06 17:45:00,93182.02,93188.00,93182.02,93188.00,300,45,0
2026.03.06 17:40:00,93176.02,93182.00,93176.02,93182.00,300,45,0
2026.03.06 17:35:00,93170.02,93176.00,93170.02,93176.00,300,45,0
2026.03.06 17:30:00,93164.02,93170.00,93164.02,93170.00,300,45,0
2026.03.06 17:25:00,93191.69,93196.25,93162.60,93164.00,300,45,0
2026.03.06 17:20:00,93185.69,93191.67,93185.69,93191.67,300,45,0
2026.03.06 17:15:00,93179.69,93185.67,93179.69,93185.67,300,45,0
2026.03.06 17:10:00,93197.16,93202.62,93179.17,93179.67,300,45,0
2026.03.06 17:05:00,93191.16,93197.14,93191.16,93197.14,300,45,0
2026.03.06 17:00:00,93207.94,93211.84,93189.08,93191.14,300,45,0
2026.03.06 16:55:00,93201.94,93207.92,93201.94,93207.92,300,45,0
2026.03.06 16:50:00,93195.94,93201.92,93195.94,93201.92,300,45,0
2026.03.06 16:45:00,93228.60,93230.72,93192.08,93195.92,300,45,0
2026.03.06 16:40:00,93235.39,93237.91,93225.14,93228.58,300,45,0
2026.03.06 16:35:00,93229.39,93235.37,93229.39,93235.37,300,45,0
2026.03.06 16:30:00,93223.39,93229.37,93223.39,93229.37,300,45,0
2026.03.06 16:25:00,93217.39,93223.37,93217.39,93223.37,300,45,0
2026.03.06 16:20:00,93211.39,93217.37,93211.39,93217.37,300,45,0
2026.03.06 16:15:00,93235.88,93237.38,93206.91,93211.37,300,45,0
2026.03.06 16:10:00,93229.88,93235.86,93229.88,93235.86,300,45,0
2026.03.06 16:05:00,93223.88,93229.86,93223.88,93229.86,300,45,0
2026.03.06 16:00:00,93217.88,93223.86,93217.88,93223.86,300,45,0
2026.03.06 15:55:00,93224.49,93228.35,93215.76,93217.86,300,45,0
2026.03.06 15:50:00,93218.49,93224.47,93218.49,93224.47,300,45,0
2026.03.06 15:45:00,93212.49,93218.47,93212.49,93218.47,300,45,0
2026.03.06 15:40:00,93223.43,93225.03,93208.11,93212.47,300,45,0
2026.03.06 15:35:00,93235.74,93240.08,93221.79,93223.41,300,45,0
2026.03.06 15:30:00,93262.04,93268.02,93262.04,93268.02,300,45,0
2026.03.06 15:25:00,93256.04,93262.02,93256.04,93262.02,300,45,0
2026.03.06 15:20:00,93250.04,93256.02,93250.04,93256.02,300,45,0
2026.03.06 15:15:00,93244.04,93250.02,93244.04,93250.02,300,45,0
2026.03.06 15:10:00,93238.04,93244.02,93238.04,93244.02,300,45,0
2026.03.06 15:05:00,93232.04,93238.02,93232.04,93238.02,300,45,0
2026.03.06 15:00:00,93226.04,93232.02,93226.04,93232.02,300,45,0
2026.03.06 14:55:00,93220.04,93226.02,93220.04,93226.02,300,45,0
2026.03.06 14:50:00,93214.04,93220.02,93214.04,93220.02,300,45,0
2026.03.06 14:45:00,93232.77,93234.65,93209.94,93214.02,300,45,0
2026.03.06 14:40:00,93226.77,93232.75,93226.77,93232.75,300,45,0
2026.03.06 14:35:00,93220.77,93226.75,93220.77,93226.75,300,45,0
2026.03.06 14:30:00,93214.77,93220.75,93214.77,93220.75,300,45,0
2026.03.06 14:25:00,93208.77,93214.75,93208.77,93214.75,300,45,0
2026.03.06 14:20:00,93202.77,93208.75,93202.77,93208.75,300,45,0
2026.03.06 14:15:00,93259.63,93261.63,93201.21,93202.75,300,45,0
2026.03.06 14:10:00,93286.29,93291.35,93258.71,93259.61,300,45,0
2026.03.06 14:05:00,93293.06,93295.06,93282.31,93286.27,300,45,0
2026.03.06 14:00:00,93305.18,93308.42,93290.32,93293.04,300,45,0
2026.03.06 13:55:00,93299.18,93305.16,93299.18,93305.16,300,45,0
2026.03.06 13:50:00,93293.18,93299.16,93293.18,93299.16,300,45,0
2026.03.06 13:45:00,93317.07,93317.85,93287.98,93293.16,300,45,0
2026.03.06 13:40:00,93311.07,93317.05,93311.07,93317.05,300,45,0
2026.03.06 13:35:00,93305.07,93311.05,93305.07,93311.05,300,45,0
2026.03.06 13:30:00,93299.07,93305.05,93299.07,93305.05,300,45,0
2026.03.06 13:25:00,93293.07,93299.05,93293.07,93299.05,300,45,0
2026.03.06 13:20:00,93287.07,93293.05,93287.07,93293.05,300,45,0
2026.03.06 13:15:00,93281.07,93287.05,93281.07,93287.05,300,45,0
2026.03.06 13:10:00,93275.07,93281.05,93275.07,93281.05,300,45,0
2026.03.06 13:05:00,93269.05,93275.05,93269.05,93275.05,301,45,0
2026.03.06 13:00:00,93263.05,93269.03,93263.05,93269.03,300,45,0
2026.03.06 12:55:00,93283.16,93288.00,93261.91,93263.03,300,45,0
2026.03.06 12:50:00,93292.14,93296.84,93281.88,93283.14,300,45,0
2026.03.06 12:45:00,93286.14,93292.12,93286.14,93292.12,300,45,0
2026.03.06 12:40:00,93280.14,93286.12,93280.14,93286.12,300,45,0
2026.03.06 12:35:00,93274.14,93280.12,93274.14,93280.12,300,45,0
2026.03.06 12:30:00,93268.14,93274.12,93268.14,93274.12,300,45,0
2026.03.06 12:25:00,93262.14,93268.12,93262.14,93268.12,300,45,0
2026.03.06 12:20:00,93256.14,93262.12,93256.14,93262.12,300,45,0
2026.03.06 12:15:00,93250.14,93256.12,93250.14,93256.12,300,45,0
2026.03.06 12:10:00,93278.79,93281.05,93246.42,93250.12,300,45,0
2026.03.06 12:05:00,93310.98,93313.50,93277.43,93278.77,300,45,0
2026.03.06 12:00:00,93304.98,93310.96,93304.98,93310.96,300,45,0
2026.03.06 11:55:00,93298.98,93304.96,93298.98,93304.96,300,45,0
2026.03.06 11:50:00,93292.98,93298.96,93292.98,93298.96,300,45,0
2026.03.06 11:45:00,93286.98,93292.96,93286.98,93292.96,300,45,0
2026.03.06 11:40:00,93280.98,93286.96,93280.98,93286.96,300,45,0
2026.03.06 11:35:00,93274.98,93280.96,93274.98,93280.96,300,45,0
2026.03.06 11:30:00,93268.98,93274.96,93268.98,93274.96,300,45,0
2026.03.06 11:25:00,93262.98,93268.96,93262.98,93268.96,300,45,0
2026.03.06 11:20:00,93256.98,93262.96,93256.98,93262.96,300,45,0
2026.03.06 11:15:00,93250.98,93256.96,93250.98,93256.96,300,45,0
2026.03.06 11:10:00,93275.65,93281.39,93250.74,93250.96,300,45,0
2026.03.06 11:05:00,93269.65,93275.63,93269.65,93275.63,300,45,0
2026.03.06 11:00:00,93282.03,93287.83,93269.47,93269.63,300,45,0
2026.03.06 10:55:00,93276.03,93282.01,93276.03,93282.01,300,45,0
2026.03.06 10:50:00,93270.03,93276.01,93270.03,93276.01,300,45,0
2026.03.06 10:45:00,93288.56,93292.04,93267.53,93270.01,300,45,0
2026.03.06 10:40:00,93308.22,93311.46,93285.82,93288.54,300,45,0
2026.03.06 10:35:00,93302.22,93308.20,93302.22,93308.20,300,45,0
2026.03.06 10:30:00,93349.42,93353.36,93300.18,93302.20,300,45,0
2026.03.06 10:25:00,93343.42,93349.40,93343.42,93349.40,300,45,0
2026.03.06 10:20:00,93337.42,93343.40,93337.42,93343.40,300,45,0
2026.03.06 10:15:00,93331.42,93337.40,93331.42,93337.40,300,45,0
2026.03.06 10:10:00,93325.42,93331.40,93325.42,93331.40,300,45,0
2026.03.06 10:05:00,93319.42,93325.40,93319.42,93325.40,300,45,0
2026.03.06 10:00:00,93313.42,93319.40,93313.42,93319.40,300,45,0
2026.03.06 09:55:00,93307.42,93313.40,93307.42,93313.40,300,45,0
2026.03.06 09:50:00,93301.42,93307.40,93301.42,93307.40,300,45,0
2026.03.06 09:45:00,93295.42,93301.40,93295.42,93301.40,300,45,0
2026.03.06 09:40:00,93306.95,93310.29,93292.78,93295.40,300,45,0
2026.03.06 09:35:00,93300.95,93306.93,93300.95,93306.93,300,45,0
2026.03.06 09:30:00,93294.95,93300.93,93294.95,93300.93,300,45,0
2026.03.06 09:25:00,93288.95,93294.93,93288.95,93294.93,300,45,0
2026.03.06 09:20:00,93282.95,93288.93,93282.95,93288.93,300,45,0
2026.03.06 09:15:00,93276.95,93282.93,93276.95,93282.93,300,45,0
2026.03.06 09:10:00,93270.95,93276.93,93270.95,93276.93,300,45,0
2026.03.06 09:05:00,93302.28,93305.20,93267.89,93270.93,300,45,0
2026.03.06 09:00:00,93296.28,93302.26,93296.28,93302.26,300,45,0
2026.03.06 08:55:00,93290.28,93296.26,93290.28,93296.26,300,45,0
2026.03.06 08:50:00,93284.28,93290.26,93284.28,93290.26,300,45,0
2026.03.06 08:45:00,93300.00,93305.60,93283.90,93284.26,300,45,0
2026.03.06 08:40:00,93294.00,93299.98,93294.00,93299.98,300,45,0
2026.03.06 08:35:00,93288.00,93293.98,93288.00,93293.98,300,45,0
2026.03.06 08:30:00,93305.21,93308.41,93285.22,93287.98,300,45,0
2026.03.06 08:25:00,93299.21,93305.19,93299.21,93305.19,300,45,0
2026.03.06 08:20:00,93314.52,93319.98,93298.69,93299.19,300,45,0
2026.03.06 08:15:00,93321.87,93323.81,93310.48,93314.50,300,45,0
2026.03.06 08:10:00,93315.87,93321.85,93315.87,93321.85,300,45,0
2026.03.06 08:05:00,93338.28,93339.26,93322.93,93327.91,300,45,0
2026.03.06 08:00:00,93332.28,93338.26,93332.28,93338.26,300,45,0
2026.03.06 07:55:00,93338.83,93343.23,93330.70,93332.26,300,45,0
2026.03.06 07:50:00,93359.66,93364.96,93338.15,93338.81,300,45,0
2026.03.06 07:45:00,93366.59,93367.61,93354.70,93359.64,300,45,0
2026.03.06 07:40:00,93360.59,93366.57,93360.59,93366.57,300,45,0
2026.03.06 07:35:00,93354.59,93360.57,93354.59,93360.57,300,45,0
2026.03.06 07:30:00,93348.59,93354.57,93348.59,93354.57,300,45,0
2026.03.06 07:25:00,93342.59,93348.57,93342.59,93348.57,300,45,0
2026.03.06 07:20:00,93336.59,93342.57,93336.59,93342.57,300,45,0
2026.03.06 07:15:00,93330.59,93336.57,93330.59,93336.57,300,45,0
2026.03.06 07:10:00,93324.59,93330.57,93324.59,93330.57,300,45,0
2026.03.06 07:05:00,93318.59,93324.57,93318.59,93324.57,300,45,0
2026.03.06 07:00:00,93332.05,93332.65,93313.21,93318.57,300,45,0
2026.03.06 06:55:00,93326.05,93332.03,93326.05,93332.03,300,45,0
2026.03.06 06:50:00,93320.05,93326.03,93320.05,93326.03,300,45,0
2026.03.06 06:45:00,93314.05,93320.03,93314.05,93320.03,300,45,0
2026.03.06 06:40:00,93326.74,93327.62,93308.95,93314.03,300,45,0
2026.03.06 06:35:00,93351.08,93352.24,93321.92,93326.72,300,45,0
2026.03.06 06:30:00,93364.20,93366.96,93347.86,93351.06,300,45,0
2026.03.06 06:25:00,93358.20,93364.18,93358.20,93364.18,300,45,0
2026.03.06 06:20:00,93352.20,93358.18,93352.20,93358.18,300,45,0
2026.03.06 06:15:00,93346.20,93352.18,93346.20,93352.18,300,45,0
2026.03.06 06:10:00,93340.20,93346.18,93340.20,93346.18,300,45,0
2026.03.06 06:05:00,93334.20,93340.18,93334.20,93340.18,300,45,0
2026.03.06 06:00:00,93328.20,93334.18,93328.20,93334.18,300,45,0
2026.03.06 05:55:00,93349.98,93352.14,93324.38,93328.18,300,45,0
2026.03.06 05:50:00,93368.31,93373.55,93349.24,93349.96,300,45,0
2026.03.06 05:45:00,93362.31,93368.29,93362.31,93368.29,300,45,0
2026.03.06 05:40:00,93356.31,93362.29,93356.31,93362.29,300,45,0
2026.03.06 05:35:00,93376.39,93377.67,93351.61,93356.29,300,45,0
2026.03.06 05:30:00,93370.39,93376.37,93370.39,93376.37,300,45,0
2026.03.06 05:25:00,93364.39,93370.37,93364.39,93370.37,300,45,0
2026.03.06 05:20:00,93358.39,93364.37,93358.39,93364.37,300,45,0
2026.03.06 05:15:00,93365.20,93368.90,93356.11,93358.37,300,45,0
2026.03.06 05:10:00,93359.20,93365.18,93359.20,93365.18,300,45,0
2026.03.06 05:05:00,93374.96,93376.72,93354.98,93359.18,300,45,0
2026.03.06 05:00:00,93368.96,93374.94,93368.96,93374.94,300,45,0
2026.03.06 04:55:00,93362.96,93368.94,93362.96,93368.94,300,45,0
2026.03.06 04:50:00,93385.00,93388.26,93360.24,93362.94,300,45,0
2026.03.06 04:45:00,93379.00,93384.98,93379.00,93384.98,300,45,0
2026.03.06 04:40:00,93373.00,93378.98,93373.00,93378.98,300,45,0
2026.03.06 04:35:00,93367.00,93372.98,93367.00,93372.98,300,45,0
2026.03.06 04:30:00,93361.00,93366.98,93361.00,93366.98,300,45,0
2026.03.06 04:25:00,93355.00,93360.98,93355.00,93360.98,300,45,0
2026.03.06 04:20:00,93349.00,93354.98,93349.00,93354.98,300,45,0
2026.03.06 04:15:00,93343.00,93348.98,93343.00,93348.98,300,45,0
2026.03.06 04:10:00,93351.58,93353.08,93338.52,93342.98,300,45,0
2026.03.06 04:05:00,93345.56,93351.56,93345.56,93351.56,301,45,0
2026.03.06 04:00:00,93362.04,93362.24,93339.78,93345.54,300,45,0
2026.03.06 03:55:00,93356.04,93362.02,93356.04,93362.02,300,45,0
2026.03.06 03:50:00,93350.04,93356.02,93350.04,93356.02,300,45,0
2026.03.06 03:45:00,93344.04,93350.02,93344.04,93350.02,300,45,0
2026.03.06 03:40:00,93338.04,93344.02,93338.04,93344.02,300,45,0
2026.03.06 03:35:00,93376.86,93379.30,93335.22,93338.02,300,45,0
2026.03.06 03:30:00,93370.86,93376.84,93370.86,93376.84,300,45,0
2026.03.06 03:25:00,93364.86,93370.84,93364.86,93370.84,300,45,0
2026.03.06 03:20:00,93358.86,93364.84,93358.86,93364.84,300,45,0
2026.03.06 03:15:00,93352.86,93358.84,93352.86,93358.84,300,45,0
2026.03.06 03:10:00,93346.86,93352.84,93346.86,93352.84,300,45,0
2026.03.06 03:05:00,93383.76,93383.88,93341.64,93346.84,300,45,0
2026.03.06 03:00:00,93409.93,93410.79,93378.64,93383.74,300,45,0
2026.03.06 02:55:00,93403.93,93409.91,93403.93,93409.91,300,45,0
2026.03.06 02:50:00,93397.93,93403.91,93397.93,93403.91,300,45,0
2026.03.06 02:45:00,93391.93,93397.91,93391.93,93397.91,300,45,0
2026.03.06 02:40:00,93385.93,93391.91,93385.93,93391.91,300,45,0
2026.03.06 02:35:00,93379.93,93385.91,93379.93,93385.91,300,45,0
2026.03.06 02:30:00,93373.93,93379.91,93373.93,93379.91,300,45,0
2026.03.06 02:25:00,93416.13,93419.07,93370.89,93373.91,300,45,0
2026.03.06 02:20:00,93443.04,93445.18,93415.69,93416.11,300,45,0
2026.03.06 02:15:00,93437.04,93443.02,93437.04,93443.02,300,45,0
2026.03.06 02:10:00,93431.04,93437.02,93431.04,93437.02,300,45,0
2026.03.06 02:05:00,93425.04,93431.02,93425.04,93431.02,300,45,0
2026.03.06 02:00:00,93419.04,93425.02,93419.04,93425.02,300,45,0
2026.03.06 01:55:00,93427.97,93433.43,93418.52,93419.02,300,45,0
2026.03.06 01:50:00,93421.97,93427.95,93421.97,93427.95,300,45,0
2026.03.06 01:45:00,93415.97,93421.95,93415.97,93421.95,300,45,0
2026.03.06 01:40:00,93409.97,93415.95,93409.97,93415.95,300,45,0
2026.03.06 01:35:00,93403.97,93409.95,93403.97,93409.95,300,45,0
2026.03.06 01:30:00,93397.97,93403.95,93397.97,93403.95,300,45,0
2026.03.06 01:25:00,93391.97,93397.95,93391.97,93397.95,300,45,0
2026.03.06 01:20:00,93385.97,93391.95,93385.97,93391.95,300,45,0
2026.03.06 01:15:00,93379.97,93385.95,93379.97,93385.95,300,45,0
2026.03.06 01:10:00,93409.48,93409.64,93374.15,93379.95,300,45,0
2026.03.06 01:05:00,93403.48,93409.46,93403.48,93409.46,300,45,0
2026.03.06 01:00:00,93397.48,93403.46,93397.48,93403.46,300,45,0
2026.03.06 00:55:00,93391.48,93397.46,93391.48,93397.46,300,45,0
2026.03.06 00:50:00,93385.48,93391.46,93385.48,93391.46,300,45,0
2026.03.06 00:45:00,93379.48,93385.46,93379.48,93385.46,300,45,0
2026.03.06 00:40:00,93373.48,93379.46,93373.48,93379.46,300,45,0
2026.03.06 00:35:00,93367.48,93373.46,93367.48,93373.46,300,45,0
2026.03.06 00:30:00,93361.48,93367.46,93361.48,93367.46,300,45,0
2026.03.06 00:25:00,93355.48,93361.46,93355.48,93361.46,300,45,0
2026.03.06 00:20:00,93372.82,93377.70,93354.38,93355.46,300,45,0
2026.03.06 00:15:00,93366.82,93372.80,93366.82,93372.80,300,45,0
2026.03.06 00:10:00,93381.16,93386.42,93366.10,93366.80,300,45,0
2026.03.06 00:05:00,93391.17,93393.75,93377.76,93381.14,300,45,0
2026.03.06 00:00:00,93385.17,93391.15,93385.17,93391.15,300,45,0
2026.03.05 23:55:00,93379.17,93385.15,93379.17,93385.15,300,45,0
2026.03.05 23:50:00,93423.60,93428.74,93379.11,93379.15,300,45,0
2026.03.05 23:45:00,93417.60,93423.58,93417.60,93423.58,300,45,0
2026.03.05 23:40:00,93411.60,93417.58,93411.60,93417.58,300,45,0
2026.03.05 23:35:00,93405.60,93411.58,93405.60,93411.58,300,45,0
2026.03.05 23:30:00,93399.60,93405.58,93399.60,93405.58,300,45,0
2026.03.05 23:25:00,93393.60,93399.58,93393.60,93399.58,300,45,0
2026.03.05 23:20:00,93387.60,93393.58,93387.60,93393.58,300,45,0
2026.03.05 23:15:00,93381.60,93387.58,93381.60,93387.58,300,45,0
2026.03.05 23:10:00,93389.83,93395.57,93381.36,93381.58,300,45,0
2026.03.05 23:05:00,93383.83,93389.81,93383.83,93389.81,300,45,0
2026.03.05 23:00:00,93442.29,93445.45,93382.55,93383.81,300,45,0
2026.03.05 22:55:00,93436.29,93442.27,93436.29,93442.27,300,45,0
2026.03.05 22:50:00,93430.29,93436.27,93430.29,93436.27,300,45,0
2026.03.05 22:45:00,93424.29,93430.27,93424.29,93430.27,300,45,0
2026.03.05 22:40:00,93418.29,93424.27,93418.29,93424.27,300,45,0
2026.03.05 22:35:00,93412.29,93418.27,93412.29,93418.27,300,45,0
2026.03.05 22:30:00,93406.29,93412.27,93406.29,93412.27,300,45,0
2026.03.05 22:25:00,93400.29,93406.27,93400.29,93406.27,300,45,0
2026.03.05 22:20:00,93394.29,93400.27,93394.29,93400.27,300,45,0
2026.03.05 22:15:00,93388.29,93394.27,93388.29,93394.27,300,45,0
2026.03.05 22:10:00,93382.29,93388.27,93382.29,93388.27,300,45,0
2026.03.05 22:05:00,93376.29,93382.27,93376.29,93382.27,300,45,0
2026.03.05 22:00:00,93370.29,93376.27,93370.29,93376.27,300,45,0
2026.03.05 21:55:00,93364.29,93370.27,93364.29,93370.27,300,45,0
2026.03.05 21:50:00,93358.29,93364.27,93358.29,93364.27,300,45,0
2026.03.05 21:45:00,93352.29,93358.27,93352.29,93358.27,300,45,0
2026.03.05 21:40:00,93346.29,93352.27,93346.29,93352.27,300,45,0
2026.03.05 21:35:00,93340.29,93346.27,93340.29,93346.27,300,45,0
2026.03.05 21:30:00,93334.29,93340.27,93334.29,93340.27,300,45,0
2026.03.05 21:25:00,93328.29,93334.27,93328.29,93334.27,300,45,0
2026.03.05 21:20:00,93322.29,93328.27,93322.29,93328.27,300,45,0
2026.03.05 21:15:00,93316.29,93322.27,93316.29,93322.27,300,45,0
2026.03.05 21:10:00,93310.29,93316.27,93310.29,93316.27,300,45,0
2026.03.05 21:05:00,93304.29,93310.27,93304.29,93310.27,300,45,0
2026.03.05 21:00:00,93298.29,93304.27,93298.29,93304.27,300,45,0
2026.03.05 20:55:00,93292.29,93298.27,93292.29,93298.27,300,45,0
2026.03.05 20:50:00,93286.29,93292.27,93286.29,93292.27,300,45,0
2026.03.05 20:45:00,93280.29,93286.27,93280.29,93286.27,300,45,0
2026.03.05 20:40:00,93274.29,93280.27,93274.29,93280.27,300,45,0
2026.03.05 20:35:00,93289.31,93294.37,93273.37,93274.27,300,45,0
2026.03.05 20:30:00,93302.86,93307.02,93287.49,93289.29,300,45,0
2026.03.05 20:25:00,93296.86,93302.84,93296.86,93302.84,300,45,0
2026.03.05 20:20:00,93309.41,93310.75,93292.22,93296.84,300,45,0
2026.03.05 20:15:00,93339.56,93343.22,93307.09,93309.39,300,45,0
2026.03.05 20:10:00,93351.11,93354.07,93336.54,93339.54,300,45,0
2026.03.05 20:05:00,93345.11,93351.09,93345.11,93351.09,300,45,0
2026.03.05 20:00:00,93339.11,93345.09,93339.11,93345.09,300,45,0
2026.03.05 19:55:00,93377.16,93380.76,93337.09,93339.09,300,45,0
2026.03.05 19:50:00,93371.16,93377.14,93371.16,93377.14,300,45,0
2026.03.05 19:45:00,93365.16,93371.14,93365.16,93371.14,300,45,0
2026.03.05 19:40:00,93359.16,93365.14,93359.16,93365.14,300,45,0
2026.03.05 19:35:00,93353.16,93359.14,93353.16,93359.14,300,45,0
2026.03.05 19:30:00,93347.16,93353.14,93347.16,93353.14,300,45,0
2026.03.05 19:25:00,93341.16,93347.14,93341.16,93347.14,300,45,0
2026.03.05 19:20:00,93335.16,93341.14,93335.16,93341.14,300,45,0
2026.03.05 19:15:00,93329.16,93335.14,93329.16,93335.14,300,45,0
2026.03.05 19:10:00,93323.16,93329.14,93323.16,93329.14,300,45,0
2026.03.05 19:05:00,93317.16,93323.14,93317.16,93323.14,300,45,0
2026.03.05 19:00:00,93311.14,93317.14,93311.14,93317.14,301,45,0
2026.03.05 18:55:00,93305.14,93311.12,93305.14,93311.12,300,45,0
2026.03.05 18:50:00,93299.14,93305.12,93299.14,93305.12,300,45,0
2026.03.05 18:45:00,93293.14,93299.12,93293.14,93299.12,300,45,0
2026.03.05 18:40:00,93287.14,93293.12,93287.14,93293.12,300,45,0
2026.03.05 18:35:00,93302.14,93308.12,93302.14,93308.12,300,45,0
2026.03.05 18:30:00,93296.14,93302.12,93296.14,93302.12,300,45,0
2026.03.05 18:25:00,93290.14,93296.12,93290.14,93296.12,300,45,0
2026.03.05 18:20:00,93284.14,93290.12,93284.14,93290.12,300,45,0
2026.03.05 18:15:00,93278.14,93284.12,93278.14,93284.12,300,45,0
2026.03.05 18:10:00,93272.14,93278.12,93272.14,93278.12,300,45,0
2026.03.05 18:05:00,93286.63,93292.41,93271.94,93272.12,300,45,0
2026.03.05 18:00:00,93280.63,93286.61,93280.63,93286.61,300,45,0
2026.03.05 17:55:00,93274.63,93280.61,93274.63,93280.61,300,45,0
2026.03.05 17:50:00,93268.63,93274.61,93268.63,93274.61,300,45,0
2026.03.05 17:45:00,93262.63,93268.61,93262.63,93268.61,300,45,0
2026.03.05 17:40:00,93256.63,93262.61,93256.63,93262.61,300,45,0
2026.03.05 17:35:00,93250.63,93256.61,93250.63,93256.61,300,45,0
2026.03.05 17:30:00,93244.63,93250.61,93244.63,93250.61,300,45,0
2026.03.05 17:25:00,93252.34,93254.22,93240.53,93244.61,300,45,0
2026.03.05 17:20:00,93246.34,93252.32,93246.34,93252.32,300,45,0
2026.03.05 17:15:00,93240.34,93246.32,93240.34,93246.32,300,45,0
2026.03.05 17:10:00,93234.34,93240.32,93234.34,93240.32,300,45,0
2026.03.05 17:05:00,93249.50,93252.70,93231.56,93234.32,300,45,0
2026.03.05 17:00:00,93243.50,93249.48,93243.50,93249.48,300,45,0
2026.03.05 16:55:00,93237.50,93243.48,93237.50,93243.48,300,45,0
2026.03.05 16:50:00,93254.27,93258.75,93236.00,93237.48,300,45,0
2026.03.05 16:45:00,93248.27,93254.25,93248.27,93254.25,300,45,0
2026.03.05 16:40:00,93242.27,93248.25,93242.27,93248.25,300,45,0
2026.03.05 16:35:00,93260.68,93264.62,93240.23,93242.25,300,45,0
2026.03.05 16:30:00,93254.68,93260.66,93254.68,93260.66,300,45,0
2026.03.05 16:25:00,93248.68,93254.66,93248.68,93254.66,300,45,0
2026.03.05 16:20:00,93242.68,93248.66,93242.68,93248.66,300,45,0
2026.03.05 16:15:00,93236.68,93242.66,93236.68,93242.66,300,45,0
2026.03.05 16:10:00,93230.68,93236.66,93230.68,93236.66,300,45,0
2026.03.05 16:05:00,93224.68,93230.66,93224.68,93230.66,300,45,0
2026.03.05 16:00:00,93218.68,93224.66,93218.68,93224.66,300,45,0
2026.03.05 15:55:00,93212.68,93218.66,93212.68,93218.66,300,45,0
2026.03.05 15:50:00,93206.68,93212.66,93206.68,93212.66,300,45,0
2026.03.05 15:45:00,93200.68,93206.66,93200.68,93206.66,300,45,0
2026.03.05 15:40:00,93194.68,93200.66,93194.68,93200.66,300,45,0
2026.03.05 15:35:00,93188.68,93194.66,93188.68,93194.66,300,45,0
2026.03.05 15:30:00,93213.65,93214.71,93187.98,93188.66,300,45,0
2026.03.05 15:25:00,93207.65,93213.63,93207.65,93213.63,300,45,0
2026.03.05 15:20:00,93201.65,93207.63,93201.65,93207.63,300,45,0
2026.03.05 15:15:00,93195.65,93201.63,93195.65,93201.63,300,45,0
2026.03.05 15:10:00,93189.65,93195.63,93189.65,93195.63,300,45,0
2026.03.05 15:05:00,93183.65,93189.63,93183.65,93189.63,300,45,0
2026.03.05 15:00:00,93177.65,93183.63,93177.65,93183.63,300,45,0
2026.03.05 14:55:00,93171.65,93177.63,93171.65,93177.63,300,45,0
2026.03.05 14:50:00,93179.64,93185.50,93171.53,93171.63,300,45,0
2026.03.05 14:45:00,93173.64,93179.62,93173.64,93179.62,300,45,0
2026.03.05 14:40:00,93167.64,93173.62,93167.64,93173.62,300,45,0
2026.03.05 14:35:00,93161.64,93167.62,93161.64,93167.62,300,45,0
2026.03.05 14:30:00,93182.50,93186.18,93159.34,93161.62,300,45,0
2026.03.05 14:25:00,93176.50,93182.48,93176.50,93182.48,300,45,0
2026.03.05 14:20:00,93170.50,93176.48,93170.50,93176.48,300,45,0
2026.03.05 14:15:00,93164.50,93170.48,93164.50,93170.48,300,45,0
2026.03.05 14:10:00,93158.50,93164.48,93158.50,93164.48,300,45,0
2026.03.05 14:05:00,93152.50,93158.48,93152.50,93158.48,300,45,0
2026.03.05 14:00:00,93146.50,93152.48,93146.50,93152.48,300,45,0
2026.03.05 13:55:00,93177.17,93180.77,93144.12,93146.48,300,45,0
2026.03.05 13:50:00,93171.17,93177.15,93171.17,93177.15,300,45,0
2026.03.05 13:45:00,93197.43,93200.59,93168.35,93171.15,300,45,0
2026.03.05 13:40:00,93191.43,93197.41,93191.43,93197.41,300,45,0
2026.03.05 13:35:00,93185.43,93191.41,93185.43,93191.41,300,45,0
2026.03.05 13:30:00,93179.43,93185.41,93179.43,93185.41,300,45,0
2026.03.05 13:25:00,93173.43,93179.41,93173.43,93179.41,300,45,0
2026.03.05 13:20:00,93167.43,93173.41,93167.43,93173.41,300,45,0
2026.03.05 13:15:00,93194.39,93195.45,93162.51,93167.41,300,45,0
2026.03.05 13:10:00,93188.39,93194.37,93188.39,93194.37,300,45,0
2026.03.05 13:05:00,93203.19,93203.43,93182.65,93188.37,300,45,0
2026.03.05 13:00:00,93197.19,93203.17,93197.19,93203.17,300,45,0
2026.03.05 12:55:00,93254.27,93255.89,93193.49,93197.17,300,45,0
2026.03.05 12:50:00,93248.27,93254.25,93248.27,93254.25,300,45,0
2026.03.05 12:45:00,93242.27,93248.25,93242.27,93248.25,300,45,0
2026.03.05 12:40:00,93236.27,93242.25,93236.27,93242.25,300,45,0
2026.03.05 12:35:00,93230.27,93236.25,93230.27,93236.25,300,45,0
2026.03.05 12:30:00,93224.27,93230.25,93224.27,93230.25,300,45,0
2026.03.05 12:25:00,93240.42,93241.80,93219.67,93224.25,300,45,0
2026.03.05 12:20:00,93234.42,93240.40,93234.42,93240.40,300,45,0
2026.03.05 12:15:00,93228.42,93234.40,93228.42,93234.40,300,45,0
2026.03.05 12:10:00,93222.42,93228.40,93222.42,93228.40,300,45,0
2026.03.05 12:05:00,93216.42,93222.40,93216.42,93222.40,300,45,0
2026.03.05 12:00:00,93210.42,93216.40,93210.42,93216.40,300,45,0
2026.03.05 11:55:00,93204.42,93210.40,93204.42,93210.40,300,45,0
2026.03.05 11:50:00,93198.42,93204.40,93198.42,93204.40,300,45,0
2026.03.05 11:45:00,93192.42,93198.40,93192.42,93198.40,300,45,0
2026.03.05 11:40:00,93186.42,93192.40,93186.42,93192.40,300,45,0
2026.03.05 11:35:00,93196.82,93200.04,93183.66,93186.40,300,45,0
2026.03.05 11:30:00,93190.82,93196.80,93190.82,93196.80,300,45,0
2026.03.05 11:25:00,93184.82,93190.80,93184.82,93190.80,300,45,0
2026.03.05 11:20:00,93178.82,93184.80,93178.82,93184.80,300,45,0
2026.03.05 11:15:00,93172.82,93178.80,93172.82,93178.80,300,45,0
2026.03.05 11:10:00,93166.82,93172.80,93166.82,93172.80,300,45,0
2026.03.05 11:05:00,93160.82,93166.80,93160.82,93166.80,300,45,0
2026.03.05 11:00:00,93154.82,93160.80,93154.82,93160.80,300,45,0
2026.03.05 10:55:00,93200.59,93204.49,93154.22,93154.80,300,45,0
2026.03.05 10:50:00,93194.59,93200.57,93194.59,93200.57,300,45,0
2026.03.05 10:45:00,93188.59,93194.57,93188.59,93194.57,300,45,0
2026.03.05 10:40:00,93209.02,93210.56,93184.15,93188.57,300,45,0
2026.03.05 10:35:00,93203.02,93209.00,93203.02,93209.00,300,45,0
2026.03.05 10:30:00,93197.02,93203.00,93197.02,93203.00,300,45,0
2026.03.05 10:25:00,93191.02,93197.00,93191.02,93197.00,300,45,0
2026.03.05 10:20:00,93185.02,93191.00,93185.02,93191.00,300,45,0
2026.03.05 10:15:00,93179.02,93185.00,93179.02,93185.00,300,45,0
2026.03.05 10:10:00,93173.02,93179.00,93173.02,93179.00,300,45,0
2026.03.05 10:05:00,93167.02,93173.00,93167.02,93173.00,300,45,0
2026.03.05 10:00:00,93161.02,93167.00,93161.02,93167.00,300,45,0
2026.03.05 09:55:00,93171.21,93176.99,93160.82,93161.00,300,45,0
2026.03.05 09:50:00,93165.21,93171.19,93165.21,93171.19,300,45,0
2026.03.05 09:45:00,93180.79,93183.21,93161.63,93165.19,301,45,0
2026.03.05 09:40:00,93174.79,93180.77,93174.79,93180.77,300,45,0
2026.03.05 09:35:00,93197.50,93197.96,93169.27,93174.77,300,45,0
2026.03.05 09:30:00,93222.34,93228.14,93197.32,93197.48,300,45,0
2026.03.05 09:25:00,93216.34,93222.32,93216.34,93222.32,300,45,0
2026.03.05 09:20:00,93210.34,93216.32,93210.34,93216.32,300,45,0
2026.03.05 09:15:00,93232.56,93233.72,93205.52,93210.32,300,45,0
2026.03.05 09:10:00,93226.56,93232.54,93226.56,93232.54,300,45,0
2026.03.05 09:05:00,93220.56,93226.54,93220.56,93226.54,300,45,0
2026.03.05 09:00:00,93214.56,93220.54,93214.56,93220.54,300,45,0
2026.03.05 08:55:00,93208.56,93214.54,93208.56,93214.54,300,45,0
2026.03.05 08:50:00,93202.56,93208.54,93202.56,93208.54,300,45,0
2026.03.05 08:45:00,93208.81,93210.59,93198.36,93202.54,300,45,0
2026.03.05 08:40:00,93202.81,93208.79,93202.81,93208.79,300,45,0
2026.03.05 08:35:00,93196.81,93202.79,93196.81,93202.79,300,45,0
2026.03.05 08:30:00,93242.86,93243.10,93196.11,93196.79,300,45,0
2026.03.05 08:25:00,93250.00,93254.40,93241.28,93242.84,300,45,0
2026.03.05 08:20:00,93271.55,93276.35,93248.82,93249.98,300,45,0
2026.03.05 08:15:00,93265.55,93271.53,93265.55,93271.53,300,45,0
2026.03.05 08:10:00,93259.55,93265.53,93259.55,93265.53,300,45,0
2026.03.05 08:05:00,93285.01,93285.49,93254.05,93259.53,300,45,0
2026.03.05 08:00:00,93301.83,93307.77,93284.97,93284.99,300,45,0
2026.03.05 07:55:00,93295.83,93301.81,93295.83,93301.81,300,45,0
2026.03.05 07:50:00,93333.28,93333.52,93290.09,93295.81,300,45,0
2026.03.05 07:45:00,93327.28,93333.26,93327.28,93333.26,300,45,0
2026.03.05 07:40:00,93338.79,93341.61,93324.12,93327.26,300,45,0
2026.03.05 07:35:00,93332.79,93338.77,93332.79,93338.77,300,45,0
2026.03.05 07:30:00,93326.79,93332.77,93326.79,93332.77,300,45,0
2026.03.05 07:25:00,93320.79,93326.77,93320.79,93326.77,300,45,0
2026.03.05 07:20:00,93314.79,93320.77,93314.79,93320.77,300,45,0
2026.03.05 07:15:00,93308.79,93314.77,93308.79,93314.77,300,45,0
2026.03.05 07:10:00,93302.79,93308.77,93302.79,93308.77,300,45,0
2026.03.05 07:05:00,93296.79,93302.77,93296.79,93302.77,300,45,0
2026.03.05 07:00:00,93290.79,93296.77,93290.79,93296.77,300,45,0
2026.03.05 06:55:00,93284.79,93290.77,93284.79,93290.77,300,45,0
2026.03.05 06:50:00,93278.79,93284.77,93278.79,93284.77,300,45,0
2026.03.05 06:45:00,93272.79,93278.77,93272.79,93278.77,300,45,0
2026.03.05 06:40:00,93266.79,93272.77,93266.79,93272.77,300,45,0
2026.03.05 06:35:00,93260.79,93266.77,93260.79,93266.77,300,45,0
2026.03.05 06:30:00,93254.79,93260.77,93254.79,93260.77,300,45,0
2026.03.05 06:25:00,93248.79,93254.77,93248.79,93254.77,300,45,0
2026.03.05 06:20:00,93242.79,93248.77,93242.79,93248.77,300,45,0
2026.03.05 06:15:00,93236.79,93242.77,93236.79,93242.77,300,45,0
2026.03.05 06:10:00,93230.79,93236.77,93230.79,93236.77,300,45,0
2026.03.05 06:05:00,93240.14,93241.36,93226.03,93230.77,300,45,0
2026.03.05 06:00:00,93234.14,93240.12,93234.14,93240.12,300,45,0
2026.03.05 05:55:00,93228.14,93234.12,93228.14,93234.12,300,45,0
2026.03.05 05:50:00,93235.93,93237.47,93223.70,93228.12,300,45,0
2026.03.05 05:45:00,93229.93,93235.91,93229.93,93235.91,300,45,0
2026.03.05 05:40:00,93223.93,93229.91,93223.93,93229.91,300,45,0
2026.03.05 05:35:00,93217.93,93223.91,93217.93,93223.91,300,45,0
2026.03.05 05:30:00,93211.93,93217.91,93211.93,93217.91,300,45,0
2026.03.05 05:25:00,93205.93,93211.91,93205.93,93211.91,300,45,0
2026.03.05 05:20:00,93199.93,93205.91,93199.93,93205.91,300,45,0
2026.03.05 05:15:00,93193.93,93199.91,93193.93,93199.91,300,45,0
2026.03.05 05:10:00,93187.93,93193.91,93187.93,93193.91,300,45,0
2026.03.05 05:05:00,93181.93,93187.91,93181.93,93187.91,300,45,0
2026.03.05 05:00:00,93194.06,93194.94,93176.83,93181.91,300,45,0
2026.03.05 04:55:00,93243.44,93245.80,93193.42,93194.04,300,45,0
2026.03.05 04:50:00,93237.44,93243.42,93237.44,93243.42,300,45,0
2026.03.05 04:45:00,93231.44,93237.42,93231.44,93237.42,300,45,0
2026.03.05 04:40:00,93225.44,93231.42,93225.44,93231.42,300,45,0
2026.03.05 04:35:00,93219.44,93225.42,93219.44,93225.42,300,45,0
2026.03.05 04:30:00,93239.66,93240.50,93214.30,93219.42,300,45,0
2026.03.05 04:25:00,93233.66,93239.64,93233.66,93239.64,300,45,0
2026.03.05 04:20:00,93227.66,93233.64,93227.66,93233.64,300,45,0
2026.03.05 04:15:00,93242.06,93245.46,93225.08,93227.64,300,45,0
2026.03.05 04:10:00,93270.44,93274.42,93240.06,93242.04,300,45,0
2026.03.05 04:05:00,93277.21,93280.03,93267.28,93270.42,300,45,0
2026.03.05 04:00:00,93271.21,93277.19,93271.21,93277.19,300,45,0
2026.03.05 03:55:00,93265.21,93271.19,93265.21,93271.19,300,45,0
2026.03.05 03:50:00,93259.21,93265.19,93259.21,93265.19,300,45,0
2026.03.05 03:45:00,93253.21,93259.19,93253.21,93259.19,300,45,0
2026.03.05 03:40:00,93247.21,93253.19,93247.21,93253.19,300,45,0
2026.03.05 03:35:00,93241.21,93247.19,93241.21,93247.19,300,45,0
2026.03.05 03:30:00,93292.65,93294.73,93239.81,93241.19,300,45,0
2026.03.05 03:25:00,93286.65,93292.63,93286.65,93292.63,300,45,0
2026.03.05 03:20:00,93295.34,93296.48,93281.81,93286.63,300,45,0
2026.03.05 03:15:00,93316.53,93317.27,93290.10,93295.32,300,45,0
2026.03.05 03:10:00,93310.53,93316.51,93310.53,93316.51,300,45,0
2026.03.05 03:05:00,93304.53,93310.51,93304.53,93310.51,300,45,0
2026.03.05 03:00:00,93298.53,93304.51,93298.53,93304.51,300,45,0
2026.03.05 02:55:00,93292.53,93298.51,93292.53,93298.51,300,45,0
2026.03.05 02:50:00,93321.48,93326.08,93291.15,93292.51,300,45,0
2026.03.05 02:45:00,93315.48,93321.46,93315.48,93321.46,300,45,0
2026.03.05 02:40:00,93333.51,93339.03,93315.02,93315.46,300,45,0
2026.03.05 02:35:00,93327.51,93333.49,93327.51,93333.49,300,45,0
2026.03.05 02:30:00,93321.51,93327.49,93321.51,93327.49,300,45,0
2026.03.05 02:25:00,93334.32,93340.28,93321.49,93321.49,300,45,0
2026.03.05 02:20:00,93328.32,93334.30,93328.32,93334.30,300,45,0
2026.03.05 02:15:00,93338.08,93340.32,93324.58,93328.30,300,45,0
2026.03.05 02:10:00,93332.08,93338.06,93332.08,93338.06,300,45,0
2026.03.05 02:05:00,93326.08,93332.06,93326.08,93332.06,300,45,0
2026.03.05 02:00:00,93320.08,93326.06,93320.08,93326.06,300,45,0
2026.03.05 01:55:00,93314.08,93320.06,93314.08,93320.06,300,45,0
2026.03.05 01:50:00,93308.08,93314.06,93308.08,93314.06,300,45,0
2026.03.05 01:45:00,93302.08,93308.06,93302.08,93308.06,300,45,0
2026.03.05 01:40:00,93296.08,93302.06,93296.08,93302.06,300,45,0
2026.03.05 01:35:00,93290.08,93296.06,93290.08,93296.06,300,45,0
2026.03.05 01:30:00,93284.08,93290.06,93284.08,93290.06,300,45,0
2026.03.05 01:25:00,93278.08,93284.06,93278.08,93284.06,300,45,0
2026.03.05 01:20:00,93294.08,93294.96,93272.98,93278.06,300,45,0
2026.03.05 01:15:00,93288.08,93294.06,93288.08,93294.06,300,45,0
2026.03.05 01:10:00,93282.08,93288.06,93282.08,93288.06,300,45,0
2026.03.05 01:05:00,93276.08,93282.06,93276.08,93282.06,300,45,0
2026.03.05 01:00:00,93270.08,93276.06,93270.08,93276.06,300,45,0
2026.03.05 00:55:00,93285.35,93286.77,93265.52,93270.06,300,45,0
2026.03.05 00:50:00,93279.35,93285.33,93279.35,93285.33,300,45,0
2026.03.05 00:45:00,93273.33,93279.33,93273.33,93279.33,301,45,0
2026.03.05 00:40:00,93267.33,93273.31,93267.33,93273.31,300,45,0
2026.03.05 00:35:00,93261.33,93267.31,93261.33,93267.31,300,45,0
2026.03.05 00:30:00,93255.33,93261.31,93255.33,93261.31,300,45,0
2026.03.05 00:25:00,93249.33,93255.31,93249.33,93255.31,300,45,0
2026.03.05 00:20:00,93275.80,93278.50,93246.05,93249.31,300,45,0
2026.03.05 00:15:00,93269.80,93275.78,93269.80,93275.78,300,45,0
2026.03.05 00:10:00,93291.21,93293.81,93266.42,93269.78,300,45,0
2026.03.05 00:05:00,93285.21,93291.19,93285.21,93291.19,300,45,0
2026.03.05 00:00:00,93305.98,93309.44,93282.69,93285.19,300,45,0
2026.03.04 23:55:00,93313.30,93318.58,93305.28,93305.96,300,45,0
2026.03.04 23:50:00,93307.30,93313.28,93307.30,93313.28,300,45,0
2026.03.04 23:45:00,93301.30,93307.28,93301.30,93307.28,300,45,0
2026.03.04 23:40:00,93295.30,93301.28,93295.30,93301.28,300,45,0
2026.03.04 23:35:00,93289.30,93295.28,93289.30,93295.28,300,45,0
2026.03.04 23:30:00,93283.30,93289.28,93283.30,93289.28,300,45,0
2026.03.04 23:25:00,93277.30,93283.28,93277.30,93283.28,300,45,0
2026.03.04 23:20:00,93271.30,93277.28,93271.30,93277.28,300,45,0
2026.03.04 23:15:00,93265.30,93271.28,93265.30,93271.28,300,45,0
2026.03.04 23:10:00,93259.30,93265.28,93259.30,93265.28,300,45,0
2026.03.04 23:05:00,93253.30,93259.28,93253.30,93259.28,300,45,0
2026.03.04 23:00:00,93247.30,93253.28,93247.30,93253.28,300,45,0
2026.03.04 22:55:00,93241.30,93247.28,93241.30,93247.28,300,45,0
2026.03.04 22:50:00,93235.30,93241.28,93235.30,93241.28,300,45,0
2026.03.04 22:45:00,93229.30,93235.28,93229.30,93235.28,300,45,0
2026.03.04 22:40:00,93255.90,93258.54,93225.96,93229.28,300,45,0
2026.03.04 22:35:00,93249.90,93255.88,93249.90,93255.88,300,45,0
2026.03.04 22:30:00,93243.90,93249.88,93243.90,93249.88,300,45,0
2026.03.04 22:25:00,93237.90,93243.88,93237.90,93243.88,300,45,0
2026.03.04 22:20:00,93231.90,93237.88,93231.90,93237.88,300,45,0
2026.03.04 22:15:00,93225.90,93231.88,93225.90,93231.88,300,45,0
2026.03.04 22:10:00,93219.90,93225.88,93219.90,93225.88,300,45,0
2026.03.04 22:05:00,93228.96,93233.76,93218.72,93219.88,300,45,0
2026.03.04 22:00:00,93222.96,93228.94,93222.96,93228.94,300,45,0
2026.03.04 21:55:00,93216.96,93222.94,93216.96,93222.94,300,45,0
2026.03.04 21:50:00,93210.96,93216.94,93210.96,93216.94,300,45,0
2026.03.04 21:45:00,93204.96,93210.94,93204.96,93210.94,300,45,0
2026.03.04 21:40:00,93211.02,93216.96,93204.92,93204.94,300,45,0
2026.03.04 21:35:00,93205.02,93211.00,93205.02,93211.00,300,45,0
2026.03.04 21:30:00,93199.02,93205.00,93199.02,93205.00,300,45,0
2026.03.04 21:25:00,93208.23,93212.05,93196.86,93199.00,300,45,0
2026.03.04 21:20:00,93202.23,93208.21,93202.23,93208.21,300,45,0
2026.03.04 21:15:00,93196.23,93202.21,93196.23,93202.21,300,45,0
2026.03.04 21:10:00,93217.65,93218.81,93191.41,93196.21,300,45,0
2026.03.04 21:05:00,93211.65,93217.63,93211.65,93217.63,300,45,0
2026.03.04 21:00:00,93205.65,93211.63,93205.65,93211.63,300,45,0
2026.03.04 20:55:00,93199.65,93205.63,93199.65,93205.63,300,45,0
2026.03.04 20:50:00,93193.65,93199.63,93193.65,93199.63,300,45,0
2026.03.04 20:45:00,93187.65,93193.63,93187.65,93193.63,300,45,0
2026.03.04 20:40:00,93181.65,93187.63,93181.65,93187.63,300,45,0
2026.03.04 20:35:00,93175.65,93181.63,93175.65,93181.63,300,45,0
2026.03.04 20:30:00,93193.28,93195.82,93172.21,93175.63,300,45,0
2026.03.04 20:25:00,93187.28,93193.26,93187.28,93193.26,300,45,0
2026.03.04 20:20:00,93181.28,93187.26,93181.28,93187.26,300,45,0
2026.03.04 20:15:00,93175.28,93181.26,93175.28,93181.26,300,45,0
2026.03.04 20:10:00,93169.28,93175.26,93169.28,93175.26,300,45,0
2026.03.04 20:05:00,93163.28,93169.26,93163.28,93169.26,300,45,0
2026.03.04 20:00:00,93157.28,93163.26,93157.28,93163.26,300,45,0
2026.03.04 19:55:00,93151.28,93157.26,93151.28,93157.26,300,45,0
2026.03.04 19:50:00,93145.28,93151.26,93145.28,93151.26,300,45,0
2026.03.04 19:45:00,93139.28,93145.26,93139.28,93145.26,300,45,0
2026.03.04 19:40:00,93133.28,93139.26,93133.28,93139.26,300,45,0
2026.03.04 19:35:00,93127.28,93133.26,93127.28,93133.26,300,45,0
2026.03.04 19:30:00,93121.28,93127.26,93121.28,93127.26,300,45,0
2026.03.04 19:25:00,93115.28,93121.26,93115.28,93121.26,300,45,0
2026.03.04 19:20:00,93109.28,93115.26,93109.28,93115.26,300,45,0
2026.03.04 19:15:00,93103.28,93109.26,93103.28,93109.26,300,45,0
2026.03.04 19:10:00,93097.28,93103.26,93097.28,93103.26,300,45,0
2026.03.04 19:05:00,93091.28,93097.26,93091.28,93097.26,300,45,0
2026.03.04 19:00:00,93103.53,93107.43,93089.20,93091.26,300,45,0
2026.03.04 18:55:00,93097.53,93103.51,93097.53,93103.51,300,45,0
2026.03.04 18:50:00,93091.53,93097.51,93091.53,93097.51,300,45,0
2026.03.04 18:45:00,93085.53,93091.51,93085.53,93091.51,300,45,0
2026.03.04 18:40:00,93079.53,93085.51,93079.53,93085.51,300,45,0
2026.03.04 18:35:00,93073.53,93079.51,93073.53,93079.51,300,45,0
2026.03.04 18:30:00,93067.53,93073.51,93067.53,93073.51,300,45,0
2026.03.04 18:25:00,93061.53,93067.51,93061.53,93067.51,300,45,0
2026.03.04 18:20:00,93055.53,93061.51,93055.53,93061.51,300,45,0
2026.03.04 18:15:00,93049.53,93055.51,93049.53,93055.51,300,45,0
2026.03.04 18:10:00,93043.53,93049.51,93043.53,93049.51,300,45,0
2026.03.04 18:05:00,93037.53,93043.51,93037.53,93043.51,300,45,0
2026.03.04 18:00:00,93068.90,93074.50,93037.15,93037.51,300,45,0
2026.03.04 17:55:00,93062.90,93068.88,93062.90,93068.88,300,45,0
2026.03.04 17:50:00,93056.90,93062.88,93056.90,93062.88,300,45,0
2026.03.04 17:45:00,93050.90,93056.88,93050.90,93056.88,300,45,0
2026.03.04 17:40:00,93044.90,93050.88,93044.90,93050.88,300,45,0
2026.03.04 17:35:00,93038.90,93044.88,93038.90,93044.88,300,45,0
2026.03.04 17:30:00,93032.90,93038.88,93032.90,93038.88,300,45,0
2026.03.04 17:25:00,93041.86,93043.46,93028.52,93032.88,300,45,0
2026.03.04 17:20:00,93035.86,93041.84,93035.86,93041.84,300,45,0
2026.03.04 17:15:00,93029.86,93035.84,93029.86,93035.84,300,45,0
2026.03.04 17:10:00,93023.86,93029.84,93023.86,93029.84,300,45,0
2026.03.04 17:05:00,93017.86,93023.84,93017.86,93023.84,300,45,0
2026.03.04 17:00:00,93011.86,93017.84,93011.86,93017.84,300,45,0
2026.03.04 16:55:00,93005.86,93011.84,93005.86,93011.84,300,45,0
2026.03.04 16:50:00,93016.32,93019.84,93003.40,93005.84,300,45,0
2026.03.04 16:45:00,93010.32,93016.30,93010.32,93016.30,300,45,0
2026.03.04 16:40:00,93004.32,93010.30,93004.32,93010.30,300,45,0
2026.03.04 16:35:00,92998.32,93004.30,92998.32,93004.30,300,45,0
2026.03.04 16:30:00,93006.83,93011.31,92996.82,92998.30,300,45,0
2026.03.04 16:25:00,93000.83,93006.81,93000.83,93006.81,300,45,0
2026.03.04 16:20:00,92994.83,93000.81,92994.83,93000.81,300,45,0
2026.03.04 16:15:00,93012.16,93017.16,92993.85,92994.81,300,45,0
2026.03.04 16:10:00,93006.16,93012.14,93006.16,93012.14,300,45,0
2026.03.04 16:05:00,93027.29,93031.57,93004.46,93006.14,300,45,0
2026.03.04 16:00:00,93021.29,93027.27,93021.29,93027.27,300,45,0
2026.03.04 15:55:00,93015.29,93021.27,93015.29,93021.27,300,45,0
2026.03.04 15:50:00,93009.29,93015.27,93009.29,93015.27,300,45,0
2026.03.04 15:45:00,93003.29,93009.27,93003.29,93009.27,300,45,0
2026.03.04 15:40:00,92997.29,93003.27,92997.29,93003.27,300,45,0
2026.03.04 15:35:00,92991.29,92997.27,92991.29,92997.27,300,45,0
2026.03.04 15:30:00,92985.29,92991.27,92985.29,92991.27,300,45,0
2026.03.04 15:25:00,93009.06,93010.82,92981.07,92985.27,300,45,0
2026.03.04 15:20:00,93038.71,93044.17,93008.54,93009.04,300,45,0
2026.03.04 15:15:00,93054.82,93056.74,93034.65,93038.69,300,45,0
2026.03.04 15:10:00,93048.82,93054.80,93048.82,93054.80,300,45,0
2026.03.04 15:05:00,93042.82,93048.80,93042.82,93048.80,300,45,0
2026.03.04 15:00:00,93036.82,93042.80,93036.82,93042.80,300,45,0
2026.03.04 14:55:00,93030.82,93036.80,93030.82,93036.80,300,45,0
2026.03.04 14:50:00,93024.82,93030.80,93024.82,93030.80,300,45,0
2026.03.04 14:45:00,93018.82,93024.80,93018.82,93024.80,300,45,0
2026.03.04 14:40:00,93024.90,93025.36,93013.30,93018.80,300,45,0
2026.03.04 14:35:00,93018.90,93024.88,93018.90,93024.88,300,45,0
2026.03.04 14:30:00,93012.90,93018.88,93012.90,93018.88,300,45,0
2026.03.04 14:25:00,93006.90,93012.88,93006.90,93012.88,300,45,0
2026.03.04 14:20:00,93000.90,93006.88,93000.90,93006.88,300,45,0
2026.03.04 14:15:00,93008.83,93009.07,92995.16,93000.88,300,45,0
2026.03.04 14:10:00,93021.13,93025.65,93007.37,93008.81,300,45,0
2026.03.04 14:05:00,93015.13,93021.11,93015.13,93021.11,300,45,0
2026.03.04 14:00:00,93009.13,93015.11,93009.13,93015.11,300,45,0
2026.03.04 13:55:00,93035.31,93039.29,93007.13,93009.11,300,45,0
2026.03.04 13:50:00,93094.21,93096.41,93033.07,93035.29,300,45,0
2026.03.04 13:45:00,93088.21,93094.19,93088.21,93094.19,300,45,0
2026.03.04 13:40:00,93098.07,93100.67,93084.83,93088.19,300,45,0
2026.03.04 13:35:00,93092.07,93098.05,93092.07,93098.05,300,45,0
2026.03.04 13:30:00,93086.07,93092.05,93086.07,93092.05,300,45,0
2026.03.04 13:25:00,93080.07,93086.05,93080.07,93086.05,300,45,0
2026.03.04 13:20:00,93074.07,93080.05,93074.07,93080.05,300,45,0
2026.03.04 13:15:00,93087.56,93092.36,93072.89,93074.05,300,45,0
2026.03.04 13:10:00,93081.56,93087.54,93081.56,93087.54,300,45,0
2026.03.04 13:05:00,93075.56,93081.54,93075.56,93081.54,300,45,0
2026.03.04 13:00:00,93069.56,93075.54,93069.56,93075.54,300,45,0
2026.03.04 12:55:00,93063.56,93069.54,93063.56,93069.54,300,45,0
2026.03.04 12:50:00,93057.56,93063.54,93057.56,93063.54,300,45,0
2026.03.04 12:45:00,93051.56,93057.54,93051.56,93057.54,300,45,0
2026.03.04 12:40:00,93077.67,93078.33,93046.24,93051.54,300,45,0
2026.03.04 12:35:00,93071.67,93077.65,93071.67,93077.65,300,45,0
2026.03.04 12:30:00,93097.83,93102.79,93070.65,93071.65,300,45,0
2026.03.04 12:25:00,93091.83,93097.81,93091.83,93097.81,300,45,0
2026.03.04 12:20:00,93085.83,93091.81,93085.83,93091.81,300,45,0
2026.03.04 12:15:00,93079.83,93085.81,93079.83,93085.81,300,45,0
2026.03.04 12:10:00,93097.17,93099.39,93076.07,93079.81,300,45,0
2026.03.04 12:05:00,93144.92,93150.50,93096.77,93097.15,300,45,0
2026.03.04 12:00:00,93138.92,93144.90,93138.92,93144.90,300,45,0
2026.03.04 11:55:00,93132.92,93138.90,93132.92,93138.90,300,45,0
2026.03.04 11:50:00,93126.92,93132.90,93126.92,93132.90,300,45,0
2026.03.04 11:45:00,93157.84,93161.34,93124.44,93126.90,300,45,0
2026.03.04 11:40:00,93151.84,93157.82,93151.84,93157.82,300,45,0
2026.03.04 11:35:00,93145.84,93151.82,93145.84,93151.82,300,45,0
2026.03.04 11:30:00,93139.84,93145.82,93139.84,93145.82,300,45,0
2026.03.04 11:25:00,93133.84,93139.82,93133.84,93139.82,300,45,0
2026.03.04 11:20:00,93127.84,93133.82,93127.84,93133.82,300,45,0
2026.03.04 11:15:00,93149.12,93149.42,93122.16,93127.82,300,45,0
2026.03.04 11:10:00,93143.12,93149.10,93143.12,93149.10,300,45,0
2026.03.04 11:05:00,93137.12,93143.10,93137.12,93143.10,300,45,0
2026.03.04 11:00:00,93131.12,93137.10,93131.12,93137.10,300,45,0
2026.03.04 10:55:00,93141.69,93145.87,93129.32,93131.10,300,45,0
2026.03.04 10:50:00,93135.69,93141.67,93135.69,93141.67,300,45,0
2026.03.04 10:45:00,93129.69,93135.67,93129.69,93135.67,300,45,0
2026.03.04 10:40:00,93123.69,93129.67,93123.69,93129.67,300,45,0
2026.03.04 10:35:00,93117.69,93123.67,93117.69,93123.67,300,45,0
2026.03.04 10:30:00,93111.69,93117.67,93111.69,93117.67,300,45,0
2026.03.04 10:25:00,93105.69,93111.67,93105.69,93111.67,300,45,0
2026.03.04 10:20:00,93099.69,93105.67,93099.69,93105.67,300,45,0
2026.03.04 10:15:00,93110.17,93111.47,93095.01,93099.67,300,45,0
2026.03.04 10:10:00,93104.17,93110.15,93104.17,93110.15,300,45,0
2026.03.04 10:05:00,93098.17,93104.15,93098.17,93104.15,300,45,0
2026.03.04 10:00:00,93092.17,93098.15,93092.17,93098.15,300,45,0
2026.03.04 09:55:00,93102.47,93104.97,93088.69,93092.15,300,45,0
2026.03.04 09:50:00,93096.47,93102.45,93096.47,93102.45,300,45,0
2026.03.04 09:45:00,93105.26,93110.74,93095.97,93096.45,300,45,0
2026.03.04 09:40:00,93197.42,93200.66,93104.06,93105.24,300,45,0
2026.03.04 09:35:00,93191.42,93197.40,93191.42,93197.40,300,45,0
2026.03.04 09:30:00,93185.42,93191.40,93185.42,93191.40,300,45,0
2026.03.04 09:25:00,93179.42,93185.40,93179.42,93185.40,300,45,0
2026.03.04 09:20:00,93173.42,93179.40,93173.42,93179.40,300,45,0
2026.03.04 09:15:00,93167.42,93173.40,93167.42,93173.40,300,45,0
2026.03.04 09:10:00,93161.42,93167.40,93161.42,93167.40,300,45,0
2026.03.04 09:05:00,93155.42,93161.40,93155.42,93161.40,300,45,0
2026.03.04 09:00:00,93202.61,93203.65,93154.98,93155.40,300,45,0
2026.03.04 08:55:00,93196.61,93202.59,93196.61,93202.59,300,45,0
2026.03.04 08:50:00,93207.28,93210.88,93194.23,93196.59,300,45,0
2026.03.04 08:45:00,93201.28,93207.26,93201.28,93207.26,300,45,0
2026.03.04 08:40:00,93195.28,93201.26,93195.28,93201.26,300,45,0
2026.03.04 08:35:00,93229.36,93230.36,93190.30,93195.26,300,45,0
2026.03.04 08:30:00,93223.36,93229.34,93223.36,93229.34,300,45,0
2026.03.04 08:25:00,93217.36,93223.34,93217.36,93223.34,300,45,0
2026.03.04 08:20:00,93211.36,93217.34,93211.36,93217.34,300,45,0
2026.03.04 08:15:00,93205.36,93211.34,93205.36,93211.34,300,45,0
2026.03.04 08:10:00,93199.36,93205.34,93199.36,93205.34,300,45,0
2026.03.04 08:05:00,93193.36,93199.34,93193.36,93199.34,300,45,0
2026.03.04 08:00:00,93187.36,93193.34,93187.36,93193.34,300,45,0
2026.03.04 07:55:00,93181.36,93187.34,93181.36,93187.34,300,45,0
2026.03.04 07:50:00,93175.36,93181.34,93175.36,93181.34,300,45,0
2026.03.04 07:45:00,93169.36,93175.34,93169.36,93175.34,300,45,0
2026.03.04 07:40:00,93163.36,93169.34,93163.36,93169.34,300,45,0
2026.03.04 07:35:00,93179.36,93180.32,93158.34,93163.34,300,45,0
2026.03.04 07:30:00,93173.36,93179.34,93173.36,93179.34,300,45,0
2026.03.04 07:25:00,93167.36,93173.34,93167.36,93173.34,300,45,0
2026.03.04 07:20:00,93161.36,93167.34,93161.36,93167.34,300,45,0
2026.03.04 07:15:00,93155.36,93161.34,93155.36,93161.34,300,45,0
2026.03.04 07:10:00,93149.36,93155.34,93149.36,93155.34,300,45,0
2026.03.04 07:05:00,93143.36,93149.34,93143.36,93149.34,300,45,0
2026.03.04 07:00:00,93137.36,93143.34,93137.36,93143.34,300,45,0
2026.03.04 06:55:00,93131.36,93137.34,93131.36,93137.34,300,45,0
2026.03.04 06:50:00,93125.36,93131.34,93125.36,93131.34,300,45,0
2026.03.04 06:45:00,93131.69,93132.31,93120.00,93125.34,300,45,0
2026.03.04 06:40:00,93125.69,93131.67,93125.69,93131.67,300,45,0
2026.03.04 06:35:00,93119.69,93125.67,93119.69,93125.67,300,45,0
2026.03.04 06:30:00,93113.69,93119.67,93113.69,93119.67,300,45,0
2026.03.04 06:25:00,93107.69,93113.67,93107.69,93113.67,300,45,0
2026.03.04 06:20:00,93101.69,93107.67,93101.69,93107.67,300,45,0
2026.03.04 06:15:00,93111.65,93115.93,93099.99,93101.67,300,45,0
2026.03.04 06:10:00,93105.65,93111.63,93105.65,93111.63,300,45,0
2026.03.04 06:05:00,93099.65,93105.63,93099.65,93105.63,300,45,0
2026.03.04 06:00:00,93093.65,93099.63,93093.65,93099.63,300,45,0
2026.03.04 05:55:00,93087.65,93093.63,93087.65,93093.63,300,45,0
2026.03.04 05:50:00,93129.23,93132.21,93087.27,93087.63,300,45,0
2026.03.04 05:45:00,93123.23,93129.21,93123.23,93129.21,300,45,0
2026.03.04 05:40:00,93153.08,93156.70,93122.87,93123.21,300,45,0
2026.03.04 05:35:00,93147.08,93153.06,93147.08,93153.06,300,45,0
2026.03.04 05:30:00,93141.08,93147.06,93141.08,93147.06,300,45,0
2026.03.04 05:25:00,93135.08,93141.06,93135.08,93141.06,300,45,0
2026.03.04 05:20:00,93129.08,93135.06,93129.08,93135.06,300,45,0
2026.03.04 05:15:00,93123.08,93129.06,93123.08,93129.06,300,45,0
2026.03.04 05:10:00,93155.75,93156.71,93118.06,93123.06,300,45,0
2026.03.04 05:05:00,93149.75,93155.73,93149.75,93155.73,300,45,0
2026.03.04 05:00:00,93143.75,93149.73,93143.75,93149.73,300,45,0
2026.03.04 04:55:00,93137.87,93143.73,93137.87,93143.73,294,45,0
2026.03.04 04:50:00,93144.70,93145.68,93132.87,93137.85,300,45,0
2026.03.04 04:45:00,93138.70,93144.68,93138.70,93144.68,300,45,0
2026.03.04 04:40:00,93132.70,93138.68,93132.70,93138.68,300,45,0
2026.03.04 04:35:00,93126.70,93132.68,93126.70,93132.68,300,45,0
2026.03.04 04:30:00,93120.70,93126.68,93120.70,93126.68,300,45,0
2026.03.04 04:25:00,93140.46,93141.40,93115.66,93120.68,300,45,0
2026.03.04 04:20:00,93134.46,93140.44,93134.46,93140.44,300,45,0
2026.03.04 04:15:00,93128.46,93134.44,93128.46,93134.44,300,45,0
2026.03.04 04:10:00,93122.46,93128.44,93122.46,93128.44,300,45,0
2026.03.04 04:05:00,93116.46,93122.44,93116.46,93122.44,300,45,0
2026.03.04 04:00:00,93110.46,93116.44,93110.46,93116.44,300,45,0
2026.03.04 03:55:00,93104.46,93110.44,93104.46,93110.44,300,45,0
2026.03.04 03:50:00,93098.46,93104.44,93098.46,93104.44,300,45,0
2026.03.04 03:45:00,93092.46,93098.44,93092.46,93098.44,300,45,0
2026.03.04 03:40:00,93107.04,93111.98,93091.42,93092.44,300,45,0
2026.03.04 03:35:00,93101.04,93107.02,93101.04,93107.02,300,45,0
2026.03.04 03:30:00,93095.04,93101.02,93095.04,93101.02,300,45,0
2026.03.04 03:25:00,93089.04,93095.02,93089.04,93095.02,300,45,0
2026.03.04 03:20:00,93083.04,93089.02,93083.04,93089.02,300,45,0
2026.03.04 03:15:00,93077.04,93083.02,93077.04,93083.02,300,45,0
2026.03.04 03:10:00,93093.59,93096.59,93074.06,93077.02,300,45,0
2026.03.04 03:05:00,93087.59,93093.57,93087.59,93093.57,300,45,0
2026.03.04 03:00:00,93081.59,93087.57,93081.59,93087.57,300,45,0
2026.03.04 02:55:00,93075.59,93081.57,93075.59,93081.57,300,45,0
2026.03.04 02:50:00,93069.59,93075.57,93069.59,93075.57,300,45,0
2026.03.04 02:45:00,93063.59,93069.57,93063.59,93069.57,300,45,0
2026.03.04 02:40:00,93057.59,93063.57,93057.59,93063.57,300,45,0
2026.03.04 02:35:00,93051.59,93057.57,93051.59,93057.57,300,45,0
2026.03.04 02:30:00,93045.59,93051.57,93045.59,93051.57,300,45,0
2026.03.04 02:25:00,93039.59,93045.57,93039.59,93045.57,300,45,0
2026.03.04 02:20:00,93090.13,93092.01,93035.85,93039.57,300,45,0
2026.03.04 02:15:00,93084.13,93090.11,93084.13,93090.11,300,45,0
2026.03.04 02:10:00,93078.13,93084.11,93078.13,93084.11,300,45,0
2026.03.04 02:05:00,93072.13,93078.11,93072.13,93078.11,300,45,0
2026.03.04 02:00:00,93066.13,93072.11,93066.13,93072.11,300,45,0
2026.03.04 01:55:00,93060.13,93066.11,93060.13,93066.11,300,45,0
2026.03.04 01:50:00,93054.13,93060.11,93054.13,93060.11,300,45,0
2026.03.04 01:45:00,93048.13,93054.11,93048.13,93054.11,300,45,0
2026.03.04 01:40:00,93042.13,93048.11,93042.13,93048.11,300,45,0
2026.03.04 01:35:00,93055.82,93056.46,93036.79,93042.11,300,45,0
2026.03.04 01:30:00,93049.82,93055.80,93049.82,93055.80,300,45,0
2026.03.04 01:25:00,93043.82,93049.80,93043.82,93049.80,300,45,0
2026.03.04 01:20:00,93037.82,93043.80,93037.82,93043.80,300,45,0
2026.03.04 01:15:00,93053.42,93057.86,93036.28,93037.80,300,45,0
2026.03.04 01:10:00,93047.42,93053.40,93047.42,93053.40,300,45,0
2026.03.04 01:05:00,93063.65,93067.51,93045.30,93047.40,300,45,0
2026.03.04 01:00:00,93057.65,93063.63,93057.65,93063.63,300,45,0
2026.03.04 00:55:00,93051.65,93057.63,93051.65,93057.63,300,45,0
2026.03.04 00:50:00,93045.65,93051.63,93045.65,93051.63,300,45,0
2026.03.04 00:45:00,93039.65,93045.63,93039.65,93045.63,300,45,0
2026.03.04 00:40:00,93033.65,93039.63,93033.65,93039.63,300,45,0
2026.03.04 00:35:00,93057.71,93063.17,93033.13,93033.63,300,45,0
2026.03.04 00:30:00,93071.31,93072.09,93052.51,93057.69,300,45,0
2026.03.04 00:25:00,93065.31,93071.29,93065.31,93071.29,300,45,0
2026.03.04 00:20:00,93059.31,93065.29,93059.31,93065.29,300,45,0
2026.03.04 00:15:00,93089.71,93094.13,93057.75,93059.29,300,45,0
2026.03.04 00:10:00,93083.71,93089.69,93083.71,93089.69,300,45,0
2026.03.04 00:05:00,93077.71,93083.69,93077.71,93083.69,300,45,0
2026.03.04 00:00:00,93071.71,93077.69,93071.71,93077.69,300,45,0
2026.03.03 23:55:00,93065.71,93071.69,93065.71,93071.69,300,45,0
2026.03.03 23:50:00,93059.71,93065.69,93059.71,93065.69,300,45,0
2026.03.03 23:45:00,93053.71,93059.69,93053.71,93059.69,300,45,0
2026.03.03 23:40:00,93047.71,93053.69,93047.71,93053.69,300,45,0
2026.03.03 23:35:00,93041.71,93047.69,93041.71,93047.69,300,45,0
2026.03.03 23:30:00,93035.71,93041.69,93035.71,93041.69,300,45,0
2026.03.03 23:25:00,93060.19,93061.11,93034.61,93035.69,300,45,0
2026.03.03 23:20:00,93054.19,93060.17,93054.19,93060.17,300,45,0
2026.03.03 23:15:00,93048.19,93054.17,93048.19,93054.17,300,45,0
2026.03.03 23:10:00,93042.19,93048.17,93042.19,93048.17,300,45,0
2026.03.03 23:05:00,93036.17,93042.17,93036.17,93042.17,301,45,0
2026.03.03 23:00:00,93059.09,93060.29,93031.39,93036.15,300,45,0
2026.03.03 22:55:00,93053.09,93059.07,93053.09,93059.07,300,45,0
2026.03.03 22:50:00,93047.09,93053.07,93047.09,93053.07,300,45,0
2026.03.03 22:45:00,93041.09,93047.07,93041.09,93047.07,300,45,0
2026.03.03 22:40:00,93035.09,93041.07,93035.09,93041.07,300,45,0
2026.03.03 22:35:00,93029.09,93035.07,93029.09,93035.07,300,45,0
2026.03.03 22:30:00,93023.09,93029.07,93023.09,93029.07,300,45,0
2026.03.03 22:25:00,93017.09,93023.07,93017.09,93023.07,300,45,0
2026.03.03 22:20:00,93011.09,93017.07,93011.09,93017.07,300,45,0
2026.03.03 22:15:00,93005.09,93011.07,93005.09,93011.07,300,45,0
2026.03.03 22:10:00,92999.09,93005.07,92999.09,93005.07,300,45,0
2026.03.03 22:05:00,92993.09,92999.07,92993.09,92999.07,300,45,0
2026.03.03 22:00:00,92987.09,92993.07,92987.09,92993.07,300,45,0
2026.03.03 21:55:00,92981.09,92987.07,92981.09,92987.07,300,45,0
2026.03.03 21:50:00,92992.42,92998.38,92981.07,92981.07,300,45,0
2026.03.03 21:45:00,92986.42,92992.40,92986.42,92992.40,300,45,0
2026.03.03 21:40:00,92980.42,92986.40,92980.42,92986.40,300,45,0
2026.03.03 21:35:00,92999.10,92999.62,92974.96,92980.40,300,45,0
2026.03.03 21:30:00,92993.10,92999.08,92993.10,92999.08,300,45,0
2026.03.03 21:25:00,92987.10,92993.08,92987.10,92993.08,300,45,0
2026.03.03 21:20:00,92981.10,92987.08,92981.10,92987.08,300,45,0
2026.03.03 21:15:00,92975.10,92981.08,92975.10,92981.08,300,45,0
2026.03.03 21:10:00,92969.10,92975.08,92969.10,92975.08,300,45,0
2026.03.03 21:05:00,92963.10,92969.08,92963.10,92969.08,300,45,0
2026.03.03 21:00:00,92957.10,92963.08,92957.10,92963.08,300,45,0
2026.03.03 20:55:00,92951.10,92957.08,92951.10,92957.08,300,45,0
2026.03.03 20:50:00,92945.10,92951.08,92945.10,92951.08,300,45,0
2026.03.03 20:45:00,92939.10,92945.08,92939.10,92945.08,300,45,0
2026.03.03 20:40:00,92933.10,92939.08,92933.10,92939.08,300,45,0
2026.03.03 20:35:00,92927.10,92933.08,92927.10,92933.08,300,45,0
2026.03.03 20:30:00,92921.10,92927.08,92921.10,92927.08,300,45,0
2026.03.03 20:25:00,92915.10,92921.08,92915.10,92921.08,300,45,0
2026.03.03 20:20:00,92909.10,92915.08,92909.10,92915.08,300,45,0
2026.03.03 20:15:00,92903.10,92909.08,92903.10,92909.08,300,45,0
2026.03.03 20:10:00,92897.10,92903.08,92897.10,92903.08,300,45,0
2026.03.03 20:05:00,92891.10,92897.08,92891.10,92897.08,300,45,0
2026.03.03 20:00:00,92885.10,92891.08,92885.10,92891.08,300,45,0
2026.03.03 19:55:00,92879.10,92885.08,92879.10,92885.08,300,45,0
2026.03.03 19:50:00,92887.42,92888.90,92874.60,92879.08,300,45,0
2026.03.03 19:45:00,92907.13,92912.79,92887.10,92887.40,300,45,0
2026.03.03 19:40:00,92901.13,92907.11,92901.13,92907.11,300,45,0
2026.03.03 19:35:00,92895.13,92901.11,92895.13,92901.11,300,45,0
2026.03.03 19:30:00,92911.39,92916.19,92893.95,92895.11,300,45,0
2026.03.03 19:25:00,92905.39,92911.37,92905.39,92911.37,300,45,0
2026.03.03 19:20:00,92899.39,92905.37,92899.39,92905.37,300,45,0
2026.03.03 19:15:00,92893.39,92899.37,92893.39,92899.37,300,45,0
2026.03.03 19:10:00,92887.39,92893.37,92887.39,92893.37,300,45,0
2026.03.03 19:05:00,92907.25,92912.13,92886.29,92887.37,300,45,0
2026.03.03 19:00:00,92901.25,92907.23,92901.25,92907.23,300,45,0
2026.03.03 18:55:00,92895.25,92901.23,92895.25,92901.23,300,45,0
2026.03.03 18:50:00,92889.25,92895.23,92889.25,92895.23,300,45,0
2026.03.03 18:45:00,92883.25,92889.23,92883.25,92889.23,300,45,0
2026.03.03 18:40:00,92905.22,92908.58,92880.63,92883.23,300,45,0
2026.03.03 18:35:00,92899.22,92905.20,92899.22,92905.20,300,45,0
2026.03.03 18:30:00,92893.22,92899.20,92893.22,92899.20,300,45,0
2026.03.03 18:25:00,92887.22,92893.20,92887.22,92893.20,300,45,0
2026.03.03 18:20:00,92881.22,92887.20,92881.22,92887.20,300,45,0
2026.03.03 18:15:00,92875.22,92881.20,92875.22,92881.20,300,45,0
2026.03.03 18:10:00,92869.22,92875.20,92869.22,92875.20,300,45,0
2026.03.03 18:05:00,92863.22,92869.20,92863.22,92869.20,300,45,0
2026.03.03 18:00:00,92890.47,92893.01,92862.98,92863.20,300,45,0
2026.03.03 17:55:00,92884.47,92890.45,92884.47,92890.45,300,45,0
2026.03.03 17:50:00,92878.47,92884.45,92878.47,92884.45,300,45,0
2026.03.03 17:45:00,92872.47,92878.45,92872.47,92878.45,300,45,0
2026.03.03 17:40:00,92866.47,92872.45,92866.47,92872.45,300,45,0
2026.03.03 17:35:00,92860.47,92866.45,92860.47,92866.45,300,45,0
2026.03.03 17:30:00,92854.47,92860.45,92854.47,92860.45,300,45,0
2026.03.03 17:25:00,92848.47,92854.45,92848.47,92854.45,300,45,0
2026.03.03 17:20:00,92842.47,92848.45,92842.47,92848.45,300,45,0
2026.03.03 17:15:00,92836.47,92842.45,92836.47,92842.45,300,45,0
2026.03.03 17:10:00,92830.47,92836.45,92830.47,92836.45,300,45,0
2026.03.03 17:05:00,92824.47,92830.45,92824.47,92830.45,300,45,0
2026.03.03 17:00:00,92835.93,92840.97,92823.53,92824.45,300,45,0
2026.03.03 16:55:00,92829.93,92835.91,92829.93,92835.91,300,45,0
2026.03.03 16:50:00,92823.93,92829.91,92823.93,92829.91,300,45,0
2026.03.03 16:45:00,92817.93,92823.91,92817.93,92823.91,300,45,0
2026.03.03 16:40:00,92811.93,92817.91,92811.93,92817.91,300,45,0
2026.03.03 16:35:00,92805.93,92811.91,92805.93,92811.91,300,45,0
2026.03.03 16:30:00,92823.93,92827.01,92803.03,92805.91,300,45,0
2026.03.03 16:25:00,92817.93,92823.91,92817.93,92823.91,300,45,0
2026.03.03 16:20:00,92811.93,92817.91,92811.93,92817.91,300,45,0
2026.03.03 16:15:00,92805.93,92811.91,92805.93,92811.91,300,45,0
2026.03.03 16:10:00,92799.93,92805.91,92799.93,92805.91,300,45,0
2026.03.03 16:05:00,92793.93,92799.91,92793.93,92799.91,300,45,0
2026.03.03 16:00:00,92787.93,92793.91,92787.93,92793.91,300,45,0
2026.03.03 15:55:00,92781.93,92787.91,92781.93,92787.91,300,45,0
2026.03.03 15:50:00,92775.93,92781.91,92775.93,92781.91,300,45,0
2026.03.03 15:45:00,92769.93,92775.91,92769.93,92775.91,300,45,0
2026.03.03 15:40:00,92763.93,92769.91,92763.93,92769.91,300,45,0
2026.03.03 15:35:00,92757.93,92763.91,92757.93,92763.91,300,45,0
2026.03.03 15:30:00,92751.93,92757.91,92751.93,92757.91,300,45,0
2026.03.03 15:25:00,92745.93,92751.91,92745.93,92751.91,300,45,0
2026.03.03 15:20:00,92739.93,92745.91,92739.93,92745.91,300,45,0
2026.03.03 15:15:00,92733.93,92739.91,92733.93,92739.91,300,45,0
2026.03.03 15:10:00,92727.93,92733.91,92727.93,92733.91,300,45,0
2026.03.03 15:05:00,92721.93,92727.91,92721.93,92727.91,300,45,0
2026.03.03 15:00:00,92715.93,92721.91,92715.93,92721.91,300,45,0
2026.03.03 14:55:00,92709.93,92715.91,92709.93,92715.91,300,45,0
2026.03.03 14:50:00,92703.93,92709.91,92703.93,92709.91,300,45,0
2026.03.03 14:45:00,92697.93,92703.91,92697.93,92703.91,300,45,0
2026.03.03 14:40:00,92691.93,92697.91,92691.93,92697.91,300,45,0
2026.03.03 14:35:00,92685.93,92691.91,92685.93,92691.91,300,45,0
2026.03.03 14:30:00,92679.93,92685.91,92679.93,92685.91,300,45,0
2026.03.03 14:25:00,92728.55,92730.09,92676.55,92679.91,300,45,0
2026.03.03 14:20:00,92722.55,92728.53,92722.55,92728.53,300,45,0
2026.03.03 14:15:00,92716.55,92722.53,92716.55,92722.53,300,45,0
2026.03.03 14:10:00,92710.55,92716.53,92710.55,92716.53,300,45,0
2026.03.03 14:05:00,92727.02,92729.54,92707.09,92710.53,300,45,0
2026.03.03 14:00:00,92721.00,92727.00,92721.00,92727.00,301,45,0
2026.03.03 13:55:00,92715.00,92720.98,92715.00,92720.98,300,45,0
2026.03.03 13:50:00,92740.75,92744.15,92712.42,92714.98,300,45,0
2026.03.03 13:45:00,92747.73,92753.55,92740.59,92740.73,300,45,0
2026.03.03 13:40:00,92741.73,92747.71,92741.73,92747.71,300,45,0
2026.03.03 13:35:00,92735.73,92741.71,92735.73,92741.71,300,45,0
2026.03.03 13:30:00,92729.73,92735.71,92729.73,92735.71,300,45,0
2026.03.03 13:25:00,92785.41,92786.95,92726.89,92729.71,300,45,0
2026.03.03 13:20:00,92779.41,92785.39,92779.41,92785.39,300,45,0
2026.03.03 13:15:00,92807.00,92808.32,92774.75,92779.39,300,45,0
2026.03.03 13:10:00,92801.00,92806.98,92801.00,92806.98,300,45,0
2026.03.03 13:05:00,92826.52,92826.54,92795.04,92800.98,300,45,0
2026.03.03 13:00:00,92820.52,92826.50,92820.52,92826.50,300,45,0
2026.03.03 12:55:00,92814.52,92820.50,92814.52,92820.50,300,45,0
2026.03.03 12:50:00,92808.52,92814.50,92808.52,92814.50,300,45,0
2026.03.03 12:45:00,92879.07,92881.69,92808.34,92808.50,300,45,0
2026.03.03 12:40:00,92873.07,92879.05,92873.07,92879.05,300,45,0
2026.03.03 12:35:00,92867.07,92873.05,92867.07,92873.05,300,45,0
2026.03.03 12:30:00,92861.07,92867.05,92861.07,92867.05,300,45,0
2026.03.03 12:25:00,92855.07,92861.05,92855.07,92861.05,300,45,0
2026.03.03 12:20:00,92849.07,92855.05,92849.07,92855.05,300,45,0
2026.03.03 12:15:00,92843.07,92849.05,92843.07,92849.05,300,45,0
2026.03.03 12:10:00,92837.07,92843.05,92837.07,92843.05,300,45,0
2026.03.03 12:05:00,92831.07,92837.05,92831.07,92837.05,300,45,0
2026.03.03 12:00:00,92825.07,92831.05,92825.07,92831.05,300,45,0
2026.03.03 11:55:00,92819.07,92825.05,92819.07,92825.05,300,45,0
2026.03.03 11:50:00,92813.07,92819.05,92813.07,92819.05,300,45,0
2026.03.03 11:45:00,92807.07,92813.05,92807.07,92813.05,300,45,0
2026.03.03 11:40:00,92801.07,92807.05,92801.07,92807.05,300,45,0
2026.03.03 11:35:00,92795.07,92801.05,92795.07,92801.05,300,45,0
2026.03.03 11:30:00,92789.07,92795.05,92789.07,92795.05,300,45,0
2026.03.03 11:25:00,92809.86,92812.58,92785.81,92789.05,300,45,0
2026.03.03 11:20:00,92803.86,92809.84,92803.86,92809.84,300,45,0
2026.03.03 11:15:00,92797.86,92803.84,92797.86,92803.84,300,45,0
2026.03.03 11:10:00,92814.28,92818.48,92796.08,92797.84,300,45,0
2026.03.03 11:05:00,92822.08,92826.46,92812.68,92814.26,300,45,0
2026.03.03 11:00:00,92816.08,92822.06,92816.08,92822.06,300,45,0
2026.03.03 10:55:00,92810.08,92816.06,92810.08,92816.06,300,45,0
2026.03.03 10:50:00,92804.08,92810.06,92804.08,92810.06,300,45,0
2026.03.03 10:45:00,92856.61,92857.13,92803.02,92804.06,300,45,0
2026.03.03 10:40:00,92850.61,92856.59,92850.61,92856.59,300,45,0
2026.03.03 10:35:00,92844.61,92850.59,92844.61,92850.59,300,45,0
2026.03.03 10:30:00,92838.61,92844.59,92838.61,92844.59,300,45,0
2026.03.03 10:25:00,92832.61,92838.59,92832.61,92838.59,300,45,0
2026.03.03 10:20:00,92826.61,92832.59,92826.61,92832.59,300,45,0
2026.03.03 10:15:00,92820.61,92826.59,92820.61,92826.59,300,45,0
2026.03.03 10:10:00,92814.61,92820.59,92814.61,92820.59,300,45,0
2026.03.03 10:05:00,92808.61,92814.59,92808.61,92814.59,300,45,0
2026.03.03 10:00:00,92802.61,92808.59,92802.61,92808.59,300,45,0
2026.03.03 09:55:00,92796.61,92802.59,92796.61,92802.59,300,45,0
2026.03.03 09:50:00,92790.61,92796.59,92790.61,92796.59,300,45,0
2026.03.03 09:45:00,92784.61,92790.59,92784.61,92790.59,300,45,0
2026.03.03 09:40:00,92778.61,92784.59,92778.61,92784.59,300,45,0
2026.03.03 09:35:00,92772.61,92778.59,92772.61,92778.59,300,45,0
2026.03.03 09:30:00,92787.66,92792.90,92771.87,92772.59,300,45,0
2026.03.03 09:25:00,92781.66,92787.64,92781.66,92787.64,300,45,0
2026.03.03 09:20:00,92823.14,92824.64,92780.64,92781.64,300,45,0
2026.03.03 09:15:00,92832.41,92834.83,92819.58,92823.12,300,45,0
2026.03.03 09:10:00,92826.41,92832.39,92826.41,92832.39,300,45,0
2026.03.03 09:05:00,92820.41,92826.39,92820.41,92826.39,300,45,0
2026.03.03 09:00:00,92814.41,92820.39,92814.41,92820.39,300,45,0
2026.03.03 08:55:00,92808.41,92814.39,92808.41,92814.39,300,45,0
2026.03.03 08:50:00,92802.41,92808.39,92802.41,92808.39,300,45,0
2026.03.03 08:45:00,92796.41,92802.39,92796.41,92802.39,300,45,0
2026.03.03 08:40:00,92790.41,92796.39,92790.41,92796.39,300,45,0
2026.03.03 08:35:00,92816.35,92820.49,92788.57,92790.39,300,45,0
2026.03.03 08:30:00,92810.35,92816.33,92810.35,92816.33,300,45,0
2026.03.03 08:25:00,92804.35,92810.33,92804.35,92810.33,300,45,0
2026.03.03 08:20:00,92798.35,92804.33,92798.35,92804.33,300,45,0
2026.03.03 08:15:00,92805.78,92810.46,92797.05,92798.33,300,45,0
2026.03.03 08:10:00,92799.78,92805.76,92799.78,92805.76,300,45,0
2026.03.03 08:05:00,92793.78,92799.76,92793.78,92799.76,300,45,0
2026.03.03 08:00:00,92787.78,92793.76,92787.78,92793.76,300,45,0
2026.03.03 07:55:00,92781.78,92787.76,92781.78,92787.76,300,45,0
2026.03.03 07:50:00,92775.78,92781.76,92775.78,92781.76,300,45,0
2026.03.03 07:45:00,92769.78,92775.76,92769.78,92775.76,300,45,0
2026.03.03 07:40:00,92763.78,92769.76,92763.78,92769.76,300,45,0
2026.03.03 07:35:00,92757.78,92763.76,92757.78,92763.76,300,45,0
2026.03.03 07:30:00,92751.78,92757.76,92751.78,92757.76,300,45,0
2026.03.03 07:25:00,92801.82,92803.20,92749.34,92751.76,300,45,0
2026.03.03 07:20:00,92795.82,92801.80,92795.82,92801.80,300,45,0
2026.03.03 07:15:00,92789.82,92795.80,92789.82,92795.80,300,45,0
2026.03.03 07:10:00,92800.22,92801.18,92784.80,92789.80,300,45,0
2026.03.03 07:05:00,92794.22,92800.20,92794.22,92800.20,300,45,0
2026.03.03 07:00:00,92788.22,92794.20,92788.22,92794.20,300,45,0
2026.03.03 06:55:00,92782.22,92788.20,92782.22,92788.20,300,45,0
2026.03.03 06:50:00,92803.27,92806.41,92779.38,92782.20,300,45,0
2026.03.03 06:45:00,92797.27,92803.25,92797.27,92803.25,300,45,0
2026.03.03 06:40:00,92791.27,92797.25,92791.27,92797.25,300,45,0
2026.03.03 06:35:00,92785.27,92791.25,92785.27,92791.25,300,45,0
2026.03.03 06:30:00,92779.27,92785.25,92779.27,92785.25,300,45,0
2026.03.03 06:25:00,92773.27,92779.25,92773.27,92779.25,300,45,0
2026.03.03 06:20:00,92788.31,92790.03,92769.01,92773.25,300,45,0
2026.03.03 06:15:00,92782.31,92788.29,92782.31,92788.29,300,45,0
2026.03.03 06:10:00,92791.00,92792.18,92777.51,92782.29,300,45,0
2026.03.03 06:05:00,92826.23,92830.55,92789.34,92790.98,300,45,0
2026.03.03 06:00:00,92820.23,92826.21,92820.23,92826.21,300,45,0
2026.03.03 05:55:00,92857.68,92860.02,92816.79,92820.21,300,45,0
2026.03.03 05:50:00,92886.27,92886.85,92852.28,92857.66,300,45,0
2026.03.03 05:45:00,92880.27,92886.25,92880.27,92886.25,300,45,0
2026.03.03 05:40:00,92895.10,92897.36,92876.55,92880.25,300,45,0
2026.03.03 05:35:00,92889.10,92895.08,92889.10,92895.08,300,45,0
2026.03.03 05:30:00,92883.10,92889.08,92883.10,92889.08,300,45,0
2026.03.03 05:25:00,92877.10,92883.08,92877.10,92883.08,300,45,0
2026.03.03 05:20:00,92871.10,92877.08,92871.10,92877.08,300,45,0
2026.03.03 05:15:00,92865.10,92871.08,92865.10,92871.08,300,45,0
2026.03.03 05:10:00,92859.10,92865.08,92859.10,92865.08,300,45,0
2026.03.03 05:05:00,92889.17,92891.41,92855.36,92859.08,300,45,0
2026.03.03 05:00:00,92883.15,92889.15,92883.15,92889.15,301,45,0
2026.03.03 04:55:00,92877.15,92883.13,92877.15,92883.13,300,45,0
2026.03.03 04:50:00,92871.15,92877.13,92871.15,92877.13,300,45,0
2026.03.03 04:45:00,92893.24,92897.60,92869.53,92871.13,300,45,0
2026.03.03 04:40:00,92887.24,92893.22,92887.24,92893.22,300,45,0
2026.03.03 04:35:00,92881.24,92887.22,92881.24,92887.22,300,45,0
2026.03.03 04:30:00,92875.24,92881.22,92875.24,92881.22,300,45,0
2026.03.03 04:25:00,92869.24,92875.22,92869.24,92875.22,300,45,0
2026.03.03 04:20:00,92879.41,92881.77,92865.62,92869.22,300,45,0
2026.03.03 04:15:00,92873.41,92879.39,92873.41,92879.39,300,45,0
2026.03.03 04:10:00,92867.41,92873.39,92867.41,92873.39,300,45,0
2026.03.03 04:05:00,92861.41,92867.39,92861.41,92867.39,300,45,0
2026.03.03 04:00:00,92907.38,92907.88,92856.31,92861.39,300,45,0
2026.03.03 03:55:00,92901.38,92907.36,92901.38,92907.36,300,45,0
2026.03.03 03:50:00,92895.38,92901.36,92895.38,92901.36,300,45,0
2026.03.03 03:45:00,92889.38,92895.36,92889.38,92895.36,300,45,0
2026.03.03 03:40:00,92883.38,92889.36,92883.38,92889.36,300,45,0
2026.03.03 03:35:00,92877.38,92883.36,92877.38,92883.36,300,45,0
2026.03.03 03:30:00,92889.11,92891.69,92873.98,92877.36,300,45,0
2026.03.03 03:25:00,92899.73,92901.73,92885.13,92889.09,300,45,0
2026.03.03 03:20:00,92893.73,92899.71,92893.73,92899.71,300,45,0
2026.03.03 03:15:00,92887.73,92893.71,92887.73,92893.71,300,45,0
2026.03.03 03:10:00,92881.73,92887.71,92881.73,92887.71,300,45,0
2026.03.03 03:05:00,92875.73,92881.71,92875.73,92881.71,300,45,0
2026.03.03 03:00:00,92896.26,92900.10,92873.59,92875.71,300,45,0
2026.03.03 02:55:00,92890.26,92896.24,92890.26,92896.24,300,45,0
2026.03.03 02:50:00,92910.85,92912.25,92885.68,92890.24,300,45,0
2026.03.03 02:45:00,92904.85,92910.83,92904.85,92910.83,300,45,0
2026.03.03 02:40:00,92913.93,92916.19,92901.13,92904.83,300,45,0
2026.03.03 02:35:00,92907.93,92913.91,92907.93,92913.91,300,45,0
2026.03.03 02:30:00,92901.93,92907.91,92901.93,92907.91,300,45,0
2026.03.03 02:25:00,92895.93,92901.91,92895.93,92901.91,300,45,0
2026.03.03 02:20:00,92889.93,92895.91,92889.93,92895.91,300,45,0
2026.03.03 02:15:00,92897.69,92903.49,92889.75,92889.91,300,45,0
2026.03.03 02:10:00,92891.69,92897.67,92891.69,92897.67,300,45,0
2026.03.03 02:05:00,92885.69,92891.67,92885.69,92891.67,300,45,0
2026.03.03 02:00:00,92879.69,92885.67,92879.69,92885.67,300,45,0
2026.03.03 01:55:00,92873.69,92879.67,92873.69,92879.67,300,45,0
2026.03.03 01:50:00,92867.69,92873.67,92867.69,92873.67,300,45,0
2026.03.03 01:45:00,92861.69,92867.67,92861.69,92867.67,300,45,0
2026.03.03 01:40:00,92890.35,92891.27,92856.63,92861.67,300,45,0
2026.03.03 01:35:00,92903.37,92907.15,92888.15,92890.33,300,45,0
2026.03.03 01:30:00,92910.96,92912.86,92899.29,92903.35,300,45,0
2026.03.03 01:25:00,92904.96,92910.94,92904.96,92910.94,300,45,0
2026.03.03 01:20:00,92898.96,92904.94,92898.96,92904.94,300,45,0
2026.03.03 01:15:00,92911.17,92913.91,92895.72,92898.94,300,45,0
2026.03.03 01:10:00,92905.17,92911.15,92905.17,92911.15,300,45,0
2026.03.03 01:05:00,92899.17,92905.15,92899.17,92905.15,300,45,0
2026.03.03 01:00:00,92906.14,92909.04,92896.09,92899.15,300,45,0
2026.03.03 00:55:00,92900.14,92906.12,92900.14,92906.12,300,45,0
2026.03.03 00:50:00,92894.14,92900.12,92894.14,92900.12,300,45,0
2026.03.03 00:45:00,92888.14,92894.12,92888.14,92894.12,300,45,0
2026.03.03 00:40:00,92882.14,92888.12,92882.14,92888.12,300,45,0
2026.03.03 00:35:00,92876.14,92882.12,92876.14,92882.12,300,45,0
2026.03.03 00:30:00,92870.14,92876.12,92870.14,92876.12,300,45,0
2026.03.03 00:25:00,92864.14,92870.12,92864.14,92870.12,300,45,0
2026.03.03 00:20:00,92858.14,92864.12,92858.14,92864.12,300,45,0
2026.03.03 00:15:00,92852.14,92858.12,92852.14,92858.12,300,45,0
2026.03.03 00:10:00,92846.14,92852.12,92846.14,92852.12,300,45,0
2026.03.03 00:05:00,92840.14,92846.12,92840.14,92846.12,300,45,0
2026.03.03 00:00:00,92834.14,92840.12,92834.14,92840.12,300,45,0
2026.03.02 23:55:00,92828.14,92834.12,92828.14,92834.12,300,45,0
2026.03.02 23:50:00,92822.14,92828.12,92822.14,92828.12,300,45,0
2026.03.02 23:45:00,92816.14,92822.12,92816.14,92822.12,300,45,0
2026.03.02 23:40:00,92810.14,92816.12,92810.14,92816.12,300,45,0
2026.03.02 23:35:00,92804.14,92810.12,92804.14,92810.12,300,45,0
2026.03.02 23:30:00,92831.18,92834.88,92801.86,92804.12,300,45,0
2026.03.02 23:25:00,92844.80,92847.52,92827.92,92831.16,300,45,0
2026.03.02 23:20:00,92878.55,92882.81,92843.08,92844.78,300,45,0
2026.03.02 23:15:00,92872.55,92878.53,92872.55,92878.53,300,45,0
2026.03.02 23:10:00,92866.55,92872.53,92866.55,92872.53,300,45,0
2026.03.02 23:05:00,92860.55,92866.53,92860.55,92866.53,300,45,0
2026.03.02 23:00:00,92854.55,92860.53,92854.55,92860.53,300,45,0
2026.03.02 22:55:00,92848.55,92854.53,92848.55,92854.53,300,45,0
2026.03.02 22:50:00,92842.55,92848.53,92842.55,92848.53,300,45,0
2026.03.02 22:45:00,92836.55,92842.53,92836.55,92842.53,300,45,0
2026.03.02 22:40:00,92830.55,92836.53,92830.55,92836.53,300,45,0
2026.03.02 22:35:00,92824.55,92830.53,92824.55,92830.53,300,45,0
2026.03.02 22:30:00,92818.55,92824.53,92818.55,92824.53,300,45,0
2026.03.02 22:25:00,92812.55,92818.53,92812.55,92818.53,300,45,0
2026.03.02 22:20:00,92806.55,92812.53,92806.55,92812.53,300,45,0
2026.03.02 22:15:00,92800.55,92806.53,92800.55,92806.53,300,45,0
2026.03.02 22:10:00,92811.48,92815.04,92798.13,92800.53,300,45,0
2026.03.02 22:05:00,92823.23,92824.75,92807.02,92811.46,300,45,0
2026.03.02 22:00:00,92817.23,92823.21,92817.23,92823.21,300,45,0
2026.03.02 21:55:00,92811.23,92817.21,92811.23,92817.21,300,45,0
2026.03.02 21:50:00,92805.23,92811.21,92805.23,92811.21,300,45,0
2026.03.02 21:45:00,92799.23,92805.21,92799.23,92805.21,300,45,0
2026.03.02 21:40:00,92829.83,92833.65,92797.49,92799.21,300,45,0
2026.03.02 21:35:00,92823.83,92829.81,92823.83,92829.81,300,45,0
2026.03.02 21:30:00,92841.04,92845.44,92822.25,92823.81,300,45,0
2026.03.02 21:25:00,92851.69,92854.97,92838.34,92841.02,300,45,0
2026.03.02 21:20:00,92845.69,92851.67,92845.69,92851.67,300,45,0
2026.03.02 21:15:00,92839.69,92845.67,92839.69,92845.67,300,45,0
2026.03.02 21:10:00,92833.69,92839.67,92833.69,92839.67,300,45,0
2026.03.02 21:05:00,92868.68,92869.44,92831.33,92833.67,300,45,0
2026.03.02 21:00:00,92862.68,92868.66,92862.68,92868.66,300,45,0
2026.03.02 20:55:00,92856.68,92862.66,92856.68,92862.66,300,45,0
2026.03.02 20:50:00,92850.68,92856.66,92850.68,92856.66,300,45,0
2026.03.02 20:45:00,92844.68,92850.66,92844.68,92850.66,300,45,0
2026.03.02 20:40:00,92838.68,92844.66,92838.68,92844.66,300,45,0
2026.03.02 20:35:00,92832.68,92838.66,92832.68,92838.66,300,45,0
2026.03.02 20:30:00,92826.68,92832.66,92826.68,92832.66,300,45,0
2026.03.02 20:25:00,92820.68,92826.66,92820.68,92826.66,300,45,0
2026.03.02 20:20:00,92814.68,92820.66,92814.68,92820.66,300,45,0
2026.03.02 20:15:00,92808.68,92814.66,92808.68,92814.66,300,45,0
2026.03.02 20:10:00,92802.68,92808.66,92802.68,92808.66,300,45,0
2026.03.02 20:05:00,92796.68,92802.66,92796.68,92802.66,300,45,0
2026.03.02 20:00:00,92812.86,92816.14,92793.98,92796.66,300,45,0
2026.03.02 19:55:00,92806.84,92812.84,92806.84,92812.84,301,45,0
2026.03.02 19:50:00,92800.84,92806.82,92800.84,92806.82,300,45,0
2026.03.02 19:45:00,92794.84,92800.82,92794.84,92800.82,300,45,0
2026.03.02 19:40:00,92788.84,92794.82,92788.84,92794.82,300,45,0
2026.03.02 19:35:00,92802.29,92805.51,92786.08,92788.82,300,45,0
2026.03.02 19:30:00,92796.29,92802.27,92796.29,92802.27,300,45,0
2026.03.02 19:25:00,92821.37,92825.83,92794.77,92796.27,300,45,0
2026.03.02 19:20:00,92815.37,92821.35,92815.37,92821.35,300,45,0
2026.03.02 19:15:00,92809.37,92815.35,92809.37,92815.35,300,45,0
2026.03.02 19:10:00,92823.14,92826.14,92806.39,92809.35,300,45,0
2026.03.02 19:05:00,92817.14,92823.12,92817.14,92823.12,300,45,0
2026.03.02 19:00:00,92811.14,92817.12,92811.14,92817.12,300,45,0
2026.03.02 18:55:00,92805.14,92811.12,92805.14,92811.12,300,45,0
2026.03.02 18:50:00,92799.14,92805.12,92799.14,92805.12,300,45,0
2026.03.02 18:45:00,92793.14,92799.12,92793.14,92799.12,300,45,0
2026.03.02 18:40:00,92787.14,92793.12,92787.14,92793.12,300,45,0
2026.03.02 18:35:00,92781.14,92787.12,92781.14,92787.12,300,45,0
2026.03.02 18:30:00,92775.14,92781.12,92775.14,92781.12,300,45,0
2026.03.02 18:25:00,92781.78,92785.52,92772.90,92775.12,300,45,0
2026.03.02 18:20:00,92775.78,92781.76,92775.78,92781.76,300,45,0
2026.03.02 18:15:00,92800.51,92804.69,92773.98,92775.76,300,45,0
2026.03.02 18:10:00,92794.51,92800.49,92794.51,92800.49,300,45,0
2026.03.02 18:05:00,92788.51,92794.49,92788.51,92794.49,300,45,0
2026.03.02 18:00:00,92782.51,92788.49,92782.51,92788.49,300,45,0
2026.03.02 17:55:00,92815.54,92815.86,92780.47,92782.49,300,45,0
2026.03.02 17:50:00,92809.54,92815.52,92809.54,92815.52,300,45,0
2026.03.02 17:45:00,92803.54,92809.52,92803.54,92809.52,300,45,0
2026.03.02 17:40:00,92797.54,92803.52,92797.54,92803.52,300,45,0
2026.03.02 17:35:00,92791.54,92797.52,92791.54,92797.52,300,45,0
2026.03.02 17:30:00,92785.54,92791.52,92785.54,92791.52,300,45,0
2026.03.02 17:25:00,92818.70,92822.18,92783.04,92785.52,300,45,0
2026.03.02 17:20:00,92812.70,92818.68,92812.70,92818.68,300,45,0
2026.03.02 17:15:00,92819.49,92823.13,92810.36,92812.68,300,45,0
2026.03.02 17:10:00,92813.49,92819.47,92813.49,92819.47,300,45,0
2026.03.02 17:05:00,92807.49,92813.47,92807.49,92813.47,300,45,0
2026.03.02 17:00:00,92801.49,92807.47,92801.49,92807.47,300,45,0
2026.03.02 16:55:00,92795.49,92801.47,92795.49,92801.47,300,45,0
2026.03.02 16:50:00,92789.49,92795.47,92789.49,92795.47,300,45,0
2026.03.02 16:45:00,92797.85,92802.97,92788.63,92789.47,300,45,0
2026.03.02 16:40:00,92791.85,92797.83,92791.85,92797.83,300,45,0
2026.03.02 16:35:00,92785.85,92791.83,92785.85,92791.83,300,45,0
2026.03.02 16:30:00,92779.85,92785.83,92779.85,92785.83,300,45,0
2026.03.02 16:25:00,92790.27,92791.13,92774.73,92779.83,300,45,0
2026.03.02 16:20:00,92784.27,92790.25,92784.27,92790.25,300,45,0
2026.03.02 16:15:00,92803.71,92806.07,92780.65,92784.25,300,45,0
2026.03.02 16:10:00,92797.71,92803.69,92797.71,92803.69,300,45,0
2026.03.02 16:05:00,92822.61,92827.93,92797.05,92797.69,300,45,0
2026.03.02 16:00:00,92842.84,92846.02,92819.81,92822.59,300,45,0
2026.03.02 15:55:00,92836.84,92842.82,92836.84,92842.82,300,45,0
2026.03.02 15:50:00,92830.84,92836.82,92830.84,92836.82,300,45,0
2026.03.02 15:45:00,92824.84,92830.82,92824.84,92830.82,300,45,0
2026.03.02 15:40:00,92818.84,92824.82,92818.84,92824.82,300,45,0
2026.03.02 15:35:00,92812.84,92818.82,92812.84,92818.82,300,45,0
2026.03.02 15:30:00,92806.84,92812.82,92806.84,92812.82,300,45,0
2026.03.02 15:25:00,92800.84,92806.82,92800.84,92806.82,300,45,0
2026.03.02 15:20:00,92794.84,92800.82,92794.84,92800.82,300,45,0
2026.03.02 15:15:00,92788.84,92794.82,92788.84,92794.82,300,45,0
2026.03.02 15:10:00,92782.84,92788.82,92782.84,92788.82,300,45,0
2026.03.02 15:05:00,92806.78,92811.12,92781.20,92782.82,300,45,0
2026.03.02 15:00:00,92835.27,92841.17,92806.70,92806.76,300,45,0
2026.03.02 14:55:00,92829.27,92835.25,92829.27,92835.25,300,45,0
2026.03.02 14:50:00,92823.27,92829.25,92823.27,92829.25,300,45,0
2026.03.02 14:45:00,92817.27,92823.25,92817.27,92823.25,300,45,0
2026.03.02 14:40:00,92849.99,92852.29,92813.59,92817.25,300,45,0
2026.03.02 14:35:00,92843.99,92849.97,92843.99,92849.97,300,45,0
2026.03.02 14:30:00,92837.99,92843.97,92837.99,92843.97,300,45,0
2026.03.02 14:25:00,92831.99,92837.97,92831.99,92837.97,300,45,0
2026.03.02 14:20:00,92825.99,92831.97,92825.99,92831.97,300,45,0
2026.03.02 14:15:00,92819.99,92825.97,92819.99,92825.97,300,45,0
2026.03.02 14:10:00,92813.99,92819.97,92813.99,92819.97,300,45,0
2026.03.02 14:05:00,92807.99,92813.97,92807.99,92813.97,300,45,0
2026.03.02 14:00:00,92801.99,92807.97,92801.99,92807.97,300,45,0
2026.03.02 13:55:00,92795.99,92801.97,92795.99,92801.97,300,45,0
2026.03.02 13:50:00,92789.99,92795.97,92789.99,92795.97,300,45,0
2026.03.02 13:45:00,92783.99,92789.97,92783.99,92789.97,300,45,0
2026.03.02 13:40:00,92777.99,92783.97,92777.99,92783.97,300,45,0
2026.03.02 13:35:00,92798.56,92804.40,92777.85,92777.97,300,45,0
2026.03.02 13:30:00,92792.56,92798.54,92792.56,92798.54,300,45,0
2026.03.02 13:25:00,92811.34,92815.06,92790.30,92792.54,300,45,0
2026.03.02 13:20:00,92805.34,92811.32,92805.34,92811.32,300,45,0
2026.03.02 13:15:00,92799.34,92805.32,92799.34,92805.32,300,45,0
2026.03.02 13:10:00,92793.34,92799.32,92793.34,92799.32,300,45,0
2026.03.02 13:05:00,92787.34,92793.32,92787.34,92793.32,300,45,0
2026.03.02 13:00:00,92793.46,92799.10,92787.00,92787.32,300,45,0
2026.03.02 12:55:00,92804.57,92807.75,92790.66,92793.44,300,45,0
2026.03.02 12:50:00,92798.57,92804.55,92798.57,92804.55,300,45,0
2026.03.02 12:45:00,92814.99,92820.53,92798.13,92798.55,300,45,0
2026.03.02 12:40:00,92808.99,92814.97,92808.99,92814.97,300,45,0
2026.03.02 12:35:00,92802.99,92808.97,92802.99,92808.97,300,45,0
2026.03.02 12:30:00,92796.99,92802.97,92796.99,92802.97,300,45,0
2026.03.02 12:25:00,92790.99,92796.97,92790.99,92796.97,300,45,0
2026.03.02 12:20:00,92784.99,92790.97,92784.99,92790.97,300,45,0
2026.03.02 12:15:00,92778.99,92784.97,92778.99,92784.97,300,45,0
2026.03.02 12:10:00,92794.47,92796.25,92774.79,92778.97,300,45,0
2026.03.02 12:05:00,92788.47,92794.45,92788.47,92794.45,300,45,0
2026.03.02 12:00:00,92782.47,92788.45,92782.47,92788.45,300,45,0
2026.03.02 11:55:00,92812.21,92817.87,92782.15,92782.45,300,45,0
2026.03.02 11:50:00,92806.21,92812.19,92806.21,92812.19,300,45,0
2026.03.02 11:45:00,92800.21,92806.19,92800.21,92806.19,300,45,0
2026.03.02 11:40:00,92817.92,92820.76,92797.07,92800.19,300,45,0
2026.03.02 11:35:00,92811.92,92817.90,92811.92,92817.90,300,45,0
2026.03.02 11:30:00,92828.75,92833.71,92810.90,92811.90,300,45,0
2026.03.02 11:25:00,92822.75,92828.73,92822.75,92828.73,300,45,0
2026.03.02 11:20:00,92849.38,92853.54,92820.93,92822.73,300,45,0
2026.03.02 11:15:00,92843.38,92849.36,92843.38,92849.36,300,45,0
2026.03.02 11:10:00,92837.38,92843.36,92837.38,92843.36,300,45,0
2026.03.02 11:05:00,92850.35,92852.45,92833.50,92837.36,300,45,0
2026.03.02 11:00:00,92844.35,92850.33,92844.35,92850.33,300,45,0
2026.03.02 10:55:00,92838.35,92844.33,92838.35,92844.33,300,45,0
2026.03.02 10:50:00,92832.35,92838.33,92832.35,92838.33,300,45,0
2026.03.02 10:45:00,92869.50,92873.70,92830.55,92832.33,301,45,0
2026.03.02 10:40:00,92863.50,92869.48,92863.50,92869.48,300,45,0
2026.03.02 10:35:00,92857.50,92863.48,92857.50,92863.48,300,45,0
2026.03.02 10:30:00,92851.50,92857.48,92851.50,92857.48,300,45,0
2026.03.02 10:25:00,92845.50,92851.48,92845.50,92851.48,300,45,0
2026.03.02 10:20:00,92839.50,92845.48,92839.50,92845.48,300,45,0
2026.03.02 10:15:00,92833.50,92839.48,92833.50,92839.48,300,45,0
2026.03.02 10:10:00,92827.50,92833.48,92827.50,92833.48,300,45,0
2026.03.02 10:05:00,92834.74,92838.56,92825.34,92827.48,300,45,0
2026.03.02 10:00:00,92828.74,92834.72,92828.74,92834.72,300,45,0
2026.03.02 09:55:00,92836.30,92838.00,92824.46,92828.72,300,45,0
2026.03.02 09:50:00,92830.30,92836.28,92830.30,92836.28,300,45,0
2026.03.02 09:45:00,92842.41,92845.33,92827.24,92830.28,300,45,0
2026.03.02 09:40:00,92854.10,92855.00,92837.33,92842.39,300,45,0
2026.03.02 09:35:00,92848.10,92854.08,92848.10,92854.08,300,45,0
2026.03.02 09:30:00,92842.10,92848.08,92842.10,92848.08,300,45,0
2026.03.02 09:25:00,92836.10,92842.08,92836.10,92842.08,300,45,0
2026.03.02 09:20:00,92861.69,92862.79,92831.22,92836.08,300,45,0
2026.03.02 09:15:00,92855.69,92861.67,92855.69,92861.67,300,45,0
2026.03.02 09:10:00,92849.69,92855.67,92849.69,92855.67,300,45,0
2026.03.02 09:05:00,92865.82,92869.12,92847.01,92849.67,300,45,0
2026.03.02 09:00:00,92859.82,92865.80,92859.82,92865.80,300,45,0
2026.03.02 08:55:00,92867.92,92868.68,92854.60,92859.80,300,45,0
2026.03.02 08:50:00,92861.92,92867.90,92861.92,92867.90,300,45,0
2026.03.02 08:45:00,92855.92,92861.90,92855.92,92861.90,300,45,0
2026.03.02 08:40:00,92849.92,92855.90,92849.92,92855.90,300,45,0
2026.03.02 08:35:00,92843.92,92849.90,92843.92,92849.90,300,45,0
2026.03.02 08:30:00,92863.34,92868.58,92843.18,92843.90,300,45,0
2026.03.02 08:25:00,92857.34,92863.32,92857.34,92863.32,300,45,0
2026.03.02 08:20:00,92851.34,92857.32,92851.34,92857.32,300,45,0
2026.03.02 08:15:00,92858.22,92861.94,92849.08,92851.32,300,45,0
2026.03.02 08:10:00,92852.22,92858.20,92852.22,92858.20,300,45,0
2026.03.02 08:05:00,92887.68,92889.08,92851.10,92852.20,300,45,0
2026.03.02 08:00:00,92921.42,92924.24,92884.52,92887.66,300,45,0
2026.03.02 07:55:00,92915.42,92921.40,92915.42,92921.40,300,45,0
2026.03.02 07:50:00,92909.42,92915.40,92909.42,92915.40,300,45,0
2026.03.02 07:45:00,92919.19,92922.15,92906.40,92909.40,300,45,0
2026.03.02 07:40:00,92913.19,92919.17,92913.19,92919.17,300,45,0
2026.03.02 07:35:00,92907.19,92913.17,92907.19,92913.17,300,45,0
2026.03.02 07:30:00,92901.19,92907.17,92901.19,92907.17,300,45,0
2026.03.02 07:25:00,92895.19,92901.17,92895.19,92901.17,300,45,0
2026.03.02 07:20:00,92889.19,92895.17,92889.19,92895.17,300,45,0
2026.03.02 07:15:00,92895.53,92897.55,92885.23,92889.17,300,45,0
2026.03.02 07:10:00,92889.53,92895.51,92889.53,92895.51,300,45,0
2026.03.02 07:05:00,92937.48,92938.96,92885.25,92889.51,300,45,0
2026.03.02 07:00:00,92952.44,92957.04,92936.10,92937.46,300,45,0
2026.03.02 06:55:00,92946.44,92952.42,92946.44,92952.42,300,45,0
2026.03.02 06:50:00,92940.44,92946.42,92940.44,92946.42,300,45,0
2026.03.02 06:45:00,92934.44,92940.42,92934.44,92940.42,300,45,0
2026.03.02 06:40:00,92928.44,92934.42,92928.44,92934.42,300,45,0
2026.03.02 06:35:00,92922.44,92928.42,92922.44,92928.42,300,45,0
2026.03.02 06:30:00,92916.44,92922.42,92916.44,92922.42,300,45,0
2026.03.02 06:25:00,92939.14,92944.68,92916.00,92916.42,300,45,0
2026.03.02 06:20:00,92933.14,92939.12,92933.14,92939.12,300,45,0
2026.03.02 06:15:00,92927.14,92933.12,92927.14,92933.12,300,45,0
2026.03.02 06:10:00,92921.14,92927.12,92921.14,92927.12,300,45,0
2026.03.02 06:05:00,92934.50,92938.32,92918.98,92921.12,300,45,0
2026.03.02 06:00:00,92956.52,92960.20,92932.20,92934.48,300,45,0
2026.03.02 05:55:00,92950.52,92956.50,92950.52,92956.50,300,45,0
2026.03.02 05:50:00,92944.52,92950.50,92944.52,92950.50,300,45,0
2026.03.02 05:45:00,92962.03,92965.73,92942.24,92944.50,300,45,0
2026.03.02 05:40:00,92956.03,92962.01,92956.03,92962.01,300,45,0
2026.03.02 05:35:00,92950.03,92956.01,92950.03,92956.01,300,45,0
2026.03.02 05:30:00,92944.03,92950.01,92944.03,92950.01,300,45,0
2026.03.02 05:25:00,92938.03,92944.01,92938.03,92944.01,300,45,0
2026.03.02 05:20:00,92932.03,92938.01,92932.03,92938.01,300,45,0
2026.03.02 05:15:00,92926.03,92932.01,92926.03,92932.01,300,45,0
2026.03.02 05:10:00,92940.59,92944.33,92923.79,92926.01,300,45,0
2026.03.02 05:05:00,92934.59,92940.57,92934.59,92940.57,300,45,0
2026.03.02 05:00:00,92928.59,92934.57,92928.59,92934.57,300,45,0
2026.03.02 04:55:00,92939.76,92944.02,92926.87,92928.57,300,45,0
2026.03.02 04:50:00,92933.76,92939.74,92933.76,92939.74,300,45,0
2026.03.02 04:45:00,92974.48,92975.58,92928.88,92933.74,300,45,0
2026.03.02 04:40:00,92968.48,92974.46,92968.48,92974.46,300,45,0
2026.03.02 04:35:00,92962.48,92968.46,92962.48,92968.46,300,45,0
2026.03.02 04:30:00,92956.48,92962.46,92956.48,92962.46,300,45,0
2026.03.02 04:25:00,92992.09,92997.31,92956.14,92956.46,300,45,0
2026.03.02 04:20:00,92986.09,92992.07,92986.09,92992.07,300,45,0
2026.03.02 04:15:00,92980.09,92986.07,92980.09,92986.07,300,45,0
2026.03.02 04:10:00,92999.14,92999.18,92974.15,92980.07,300,45,0
2026.03.02 04:05:00,93014.36,93015.76,92994.56,92999.12,300,45,0
2026.03.02 04:00:00,93008.36,93014.34,93008.36,93014.34,300,45,0
2026.03.02 03:55:00,93002.36,93008.34,93002.36,93008.34,300,45,0
2026.03.02 03:50:00,93008.64,93010.54,92998.28,93002.34,300,45,0
2026.03.02 03:45:00,93002.64,93008.62,93002.64,93008.62,300,45,0
2026.03.02 03:40:00,92996.64,93002.62,92996.64,93002.62,300,45,0
2026.03.02 03:35:00,92990.64,92996.62,92990.64,92996.62,300,45,0
2026.03.02 03:30:00,92984.64,92990.62,92984.64,92990.62,300,45,0
2026.03.02 03:25:00,92978.64,92984.62,92978.64,92984.62,300,45,0
2026.03.02 03:20:00,92972.64,92978.62,92972.64,92978.62,300,45,0
2026.03.02 03:15:00,92966.64,92972.62,92966.64,92972.62,300,45,0
2026.03.02 03:10:00,92960.64,92966.62,92960.64,92966.62,300,45,0
2026.03.02 03:05:00,93010.41,93012.89,92957.16,92960.62,300,45,0
2026.03.02 03:00:00,93022.18,93022.98,93005.23,93010.39,300,45,0
2026.03.02 02:55:00,93016.18,93022.16,93016.18,93022.16,300,45,0
2026.03.02 02:50:00,93010.18,93016.16,93010.18,93016.16,300,45,0
2026.03.02 02:45:00,93004.18,93010.16,93004.18,93010.16,300,45,0
2026.03.02 02:40:00,93015.67,93018.57,93001.10,93004.16,300,45,0
2026.03.02 02:35:00,93009.67,93015.65,93009.67,93015.65,300,45,0
2026.03.02 02:30:00,93003.67,93009.65,93003.67,93009.65,300,45,0
2026.03.02 02:25:00,92997.67,93003.65,92997.67,93003.65,300,45,0
2026.03.02 02:20:00,92991.67,92997.65,92991.67,92997.65,300,45,0
2026.03.02 02:15:00,93004.54,93005.80,92986.95,92991.65,300,45,0
2026.03.02 02:10:00,93027.77,93030.37,93001.32,93004.52,300,45,0
2026.03.02 02:05:00,93021.77,93027.75,93021.77,93027.75,300,45,0
2026.03.02 02:00:00,93015.77,93021.75,93015.77,93021.75,300,45,0
2026.03.02 01:55:00,93009.77,93015.75,93009.77,93015.75,300,45,0
2026.03.02 01:50:00,93003.77,93009.75,93003.77,93009.75,300,45,0
2026.03.02 01:45:00,92997.75,93003.75,92997.75,93003.75,301,45,0
2026.03.02 01:40:00,92991.75,92997.73,92991.75,92997.73,300,45,0
2026.03.02 01:35:00,92985.75,92991.73,92985.75,92991.73,300,45,0
2026.03.02 01:30:00,92979.75,92985.73,92979.75,92985.73,300,45,0
2026.03.02 01:25:00,92973.75,92979.73,92973.75,92979.73,300,45,0
2026.03.02 01:20:00,92967.75,92973.73,92967.75,92973.73,300,45,0
2026.03.02 01:15:00,92961.75,92967.73,92961.75,92967.73,300,45,0
2026.03.02 01:10:00,92955.75,92961.73,92955.75,92961.73,300,45,0
2026.03.02 01:05:00,92967.71,92972.39,92954.45,92955.73,300,45,0
2026.03.02 01:00:00,92975.09,92977.03,92963.67,92967.69,300,45,0
2026.03.02 00:55:00,92969.09,92975.07,92969.09,92975.07,300,45,0
2026.03.02 00:50:00,92963.09,92969.07,92963.09,92969.07,300,45,0
2026.03.02 00:45:00,92957.09,92963.07,92957.09,92963.07,300,45,0
2026.03.02 00:40:00,92951.09,92957.07,92951.09,92957.07,300,45,0
2026.03.02 00:35:00,92945.09,92951.07,92945.09,92951.07,300,45,0
2026.03.02 00:30:00,92939.09,92945.07,92939.09,92945.07,300,45,0
2026.03.02 00:25:00,92933.09,92939.07,92933.09,92939.07,300,45,0
2026.03.02 00:20:00,92927.09,92933.07,92927.09,92933.07,300,45,0
2026.03.02 00:15:00,92921.09,92927.07,92921.09,92927.07,300,45,0
2026.03.02 00:10:00,92953.49,92957.73,92919.35,92921.07,300,45,0
2026.03.02 00:05:00,92947.49,92953.47,92947.49,92953.47,300,45,0
2026.03.02 00:00:00,92941.49,92947.47,92941.49,92947.47,300,45,0
2026.03.01 23:55:00,92935.49,92941.47,92935.49,92941.47,300,45,0
2026.03.01 23:50:00,92929.49,92935.47,92929.49,92935.47,300,45,0
2026.03.01 23:45:00,92950.09,92954.17,92927.59,92929.47,300,45,0
2026.03.01 23:40:00,92944.09,92950.07,92944.09,92950.07,300,45,0
2026.03.01 23:35:00,92938.09,92944.07,92938.09,92944.07,300,45,0
2026.03.01 23:30:00,92932.09,92938.07,92932.09,92938.07,300,45,0
2026.03.01 23:25:00,92959.64,92964.24,92930.71,92932.07,300,45,0
2026.03.01 23:20:00,92953.64,92959.62,92953.64,92959.62,300,45,0
2026.03.01 23:15:00,92947.64,92953.62,92947.64,92953.62,300,45,0
2026.03.01 23:10:00,92941.64,92947.62,92941.64,92947.62,300,45,0
2026.03.01 23:05:00,92935.64,92941.62,92935.64,92941.62,300,45,0
2026.03.01 23:00:00,92929.64,92935.62,92929.64,92935.62,300,45,0
2026.03.01 22:55:00,92923.64,92929.62,92923.64,92929.62,300,45,0
2026.03.01 22:50:00,92940.55,92946.15,92923.26,92923.62,300,45,0
2026.03.01 22:45:00,92950.57,92951.73,92935.73,92940.53,300,45,0
2026.03.01 22:40:00,92970.93,92975.25,92948.91,92950.55,300,45,0
2026.03.01 22:35:00,92996.50,92998.00,92967.95,92970.91,300,45,0
2026.03.01 22:30:00,92990.50,92996.48,92990.50,92996.48,300,45,0
2026.03.01 22:25:00,92984.50,92990.48,92984.50,92990.48,300,45,0
2026.03.01 22:20:00,92990.56,92991.90,92979.86,92984.48,300,45,0
2026.03.01 22:15:00,92984.56,92990.54,92984.56,92990.54,300,45,0
2026.03.01 22:10:00,92978.56,92984.54,92978.56,92984.54,300,45,0
2026.03.01 22:05:00,92997.64,93002.18,92977.12,92978.54,300,45,0
2026.03.01 22:00:00,92991.64,92997.62,92991.64,92997.62,300,45,0
2026.03.01 21:55:00,93015.31,93018.85,92989.20,92991.62,300,45,0
2026.03.01 21:50:00,93033.61,93034.79,93010.51,93015.29,300,45,0
2026.03.01 21:45:00,93027.61,93033.59,93027.61,93033.59,300,45,0
2026.03.01 21:40:00,93066.70,93069.08,93024.01,93027.59,300,45,0
2026.03.01 21:35:00,93060.70,93066.68,93060.70,93066.68,300,45,0
2026.03.01 21:30:00,93054.70,93060.68,93054.70,93060.68,300,45,0
2026.03.01 21:25:00,93073.61,93074.15,93049.26,93054.68,300,45,0
2026.03.01 21:20:00,93082.73,93083.21,93068.11,93073.59,300,45,0
2026.03.01 21:15:00,93076.73,93082.71,93076.73,93082.71,300,45,0
2026.03.01 21:10:00,93070.73,93076.71,93070.73,93076.71,300,45,0
2026.03.01 21:05:00,93064.73,93070.71,93064.73,93070.71,300,45,0
2026.03.01 21:00:00,93058.73,93064.71,93058.73,93064.71,300,45,0
2026.03.01 20:55:00,93052.73,93058.71,93052.73,93058.71,300,45,0
2026.03.01 20:50:00,93046.73,93052.71,93046.73,93052.71,300,45,0
2026.03.01 20:45:00,93040.73,93046.71,93040.73,93046.71,300,45,0
2026.03.01 20:40:00,93034.73,93040.71,93034.73,93040.71,300,45,0
2026.03.01 20:35:00,93028.73,93034.71,93028.73,93034.71,300,45,0
2026.03.01 20:30:00,93022.73,93028.71,93022.73,93028.71,300,45,0
2026.03.01 20:25:00,93016.73,93022.71,93016.73,93022.71,300,45,0
2026.03.01 20:20:00,93010.73,93016.71,93010.73,93016.71,300,45,0
2026.03.01 20:15:00,93004.73,93010.71,93004.73,93010.71,300,45,0
2026.03.01 20:10:00,93031.54,93034.72,93001.93,93004.71,300,45,0
2026.03.01 20:05:00,93052.14,93055.04,93028.46,93031.52,300,45,0
2026.03.01 20:00:00,93046.14,93052.12,93046.14,93052.12,300,45,0
2026.03.01 19:55:00,93040.14,93046.12,93040.14,93046.12,300,45,0
2026.03.01 19:50:00,93034.14,93040.12,93034.14,93040.12,300,45,0
2026.03.01 19:45:00,93028.14,93034.12,93028.14,93034.12,300,45,0
2026.03.01 19:40:00,93046.79,93052.61,93027.98,93028.12,300,45,0
2026.03.01 19:35:00,93040.79,93046.77,93040.79,93046.77,300,45,0
2026.03.01 19:30:00,93034.79,93040.77,93034.79,93040.77,300,45,0
2026.03.01 19:25:00,93028.79,93034.77,93028.79,93034.77,300,45,0
2026.03.01 19:20:00,93068.75,93070.89,93027.45,93028.77,300,45,0
2026.03.01 19:15:00,93062.75,93068.73,93062.75,93068.73,300,45,0
2026.03.01 19:10:00,93056.75,93062.73,93056.75,93062.73,300,45,0
2026.03.01 19:05:00,93105.11,93108.51,93054.33,93056.73,300,45,0
2026.03.01 19:00:00,93099.11,93105.09,93099.11,93105.09,300,45,0
2026.03.01 18:55:00,93106.44,93110.64,93097.33,93099.09,300,45,0
2026.03.01 18:50:00,93100.44,93106.42,93100.44,93106.42,300,45,0
2026.03.01 18:45:00,93094.44,93100.42,93094.44,93100.42,300,45,0
2026.03.01 18:40:00,93088.44,93094.42,93088.44,93094.42,300,45,0
2026.03.01 18:35:00,93082.44,93088.42,93082.44,93088.42,300,45,0
2026.03.01 18:30:00,93108.82,93114.06,93081.70,93082.42,300,45,0
2026.03.01 18:25:00,93119.81,93123.95,93106.98,93108.80,300,45,0
2026.03.01 18:20:00,93138.67,93139.47,93114.63,93119.79,300,45,0
2026.03.01 18:15:00,93132.67,93138.65,93132.67,93138.65,300,45,0
2026.03.01 18:10:00,93126.67,93132.65,93126.67,93132.65,300,45,0
2026.03.01 18:05:00,93154.05,93155.41,93122.05,93126.65,300,45,0
2026.03.01 18:00:00,93148.05,93154.03,93148.05,93154.03,300,45,0
2026.03.01 17:55:00,93142.05,93148.03,93142.05,93148.03,300,45,0
2026.03.01 17:50:00,93136.05,93142.03,93136.05,93142.03,300,45,0
2026.03.01 17:45:00,93143.00,93144.88,93131.95,93136.03,300,45,0
2026.03.01 17:40:00,93137.00,93142.98,93137.00,93142.98,300,45,0
2026.03.01 17:35:00,93144.41,93145.85,93132.46,93136.98,300,45,0
2026.03.01 17:30:00,93138.41,93144.39,93138.41,93144.39,300,45,0
2026.03.01 17:25:00,93132.41,93138.39,93132.41,93138.39,300,45,0
2026.03.01 17:20:00,93126.41,93132.39,93126.41,93132.39,300,45,0
2026.03.01 17:15:00,93137.40,93139.86,93122.89,93126.39,300,45,0
2026.03.01 17:10:00,93131.40,93137.38,93131.40,93137.38,300,45,0
2026.03.01 17:05:00,93140.25,93144.01,93129.18,93131.38,300,45,0
2026.03.01 17:00:00,93134.25,93140.23,93134.25,93140.23,300,45,0
2026.03.01 16:55:00,93128.25,93134.23,93128.25,93134.23,300,45,0
2026.03.01 16:50:00,93122.25,93128.23,93122.25,93128.23,300,45,0
2026.03.01 16:45:00,93116.25,93122.23,93116.25,93122.23,300,45,0
2026.03.01 16:40:00,93110.23,93116.23,93110.23,93116.23,301,45,0
2026.03.01 16:35:00,93139.53,93144.65,93109.37,93110.21,300,45,0
2026.03.01 16:30:00,93133.53,93139.51,93133.53,93139.51,300,45,0
2026.03.01 16:25:00,93127.53,93133.51,93127.53,93133.51,300,45,0
2026.03.01 16:20:00,93121.53,93127.51,93121.53,93127.51,300,45,0
2026.03.01 16:15:00,93115.53,93121.51,93115.53,93121.51,300,45,0
2026.03.01 16:10:00,93109.53,93115.51,93109.53,93115.51,300,45,0
2026.03.01 16:05:00,93103.53,93109.51,93103.53,93109.51,300,45,0
2026.03.01 16:00:00,93097.53,93103.51,93097.53,93103.51,300,45,0
2026.03.01 15:55:00,93106.88,93107.60,93092.27,93097.51,300,45,0
2026.03.01 15:50:00,93100.88,93106.86,93100.88,93106.86,300,45,0
2026.03.01 15:45:00,93094.88,93100.86,93094.88,93100.86,300,45,0
2026.03.01 15:40:00,93088.88,93094.86,93088.88,93094.86,300,45,0
2026.03.01 15:35:00,93082.88,93088.86,93082.88,93088.86,300,45,0
2026.03.01 15:30:00,93076.88,93082.86,93076.88,93082.86,300,45,0
2026.03.01 15:25:00,93070.88,93076.86,93070.88,93076.86,300,45,0
2026.03.01 15:20:00,93064.88,93070.86,93064.88,93070.86,300,45,0
2026.03.01 15:15:00,93058.88,93064.86,93058.88,93064.86,300,45,0
2026.03.01 15:10:00,93052.88,93058.86,93052.88,93058.86,300,45,0
2026.03.01 15:05:00,93046.88,93052.86,93046.88,93052.86,300,45,0
2026.03.01 15:00:00,93040.88,93046.86,93040.88,93046.86,300,45,0
2026.03.01 14:55:00,93034.88,93040.86,93034.88,93040.86,300,45,0
2026.03.01 14:50:00,93028.88,93034.86,93028.88,93034.86,300,45,0
2026.03.01 14:45:00,93022.88,93028.86,93022.88,93028.86,300,45,0
2026.03.01 14:40:00,93036.34,93042.02,93022.58,93022.86,300,45,0
2026.03.01 14:35:00,93056.61,93061.95,93035.70,93036.32,300,45,0
2026.03.01 14:30:00,93050.61,93056.59,93050.61,93056.59,300,45,0
2026.03.01 14:25:00,93044.61,93050.59,93044.61,93050.59,300,45,0
2026.03.01 14:20:00,93038.61,93044.59,93038.61,93044.59,300,45,0
2026.03.01 14:15:00,93067.38,93070.26,93036.53,93038.59,300,45,0
2026.03.01 14:10:00,93061.38,93067.36,93061.38,93067.36,300,45,0
2026.03.01 14:05:00,93055.38,93061.36,93055.38,93061.36,300,45,0
2026.03.01 14:00:00,93049.38,93055.36,93049.38,93055.36,300,45,0
2026.03.01 13:55:00,93069.97,93070.75,93044.18,93049.36,300,45,0
2026.03.01 13:50:00,93063.97,93069.95,93063.97,93069.95,300,45,0
2026.03.01 13:45:00,93057.97,93063.95,93057.97,93063.95,300,45,0
2026.03.01 13:40:00,93068.28,93072.84,93056.55,93057.95,300,45,0
2026.03.01 13:35:00,93062.28,93068.26,93062.28,93068.26,300,45,0
2026.03.01 13:30:00,93056.28,93062.26,93056.28,93062.26,300,45,0
2026.03.01 13:25:00,93050.28,93056.26,93050.28,93056.26,300,45,0
2026.03.01 13:20:00,93073.59,93077.23,93047.94,93050.26,300,45,0
2026.03.01 13:15:00,93067.59,93073.57,93067.59,93073.57,300,45,0
2026.03.01 13:10:00,93061.59,93067.57,93061.59,93067.57,300,45,0
2026.03.01 13:05:00,93055.59,93061.57,93055.59,93061.57,300,45,0
2026.03.01 13:00:00,93049.59,93055.57,93049.59,93055.57,300,45,0
2026.03.01 12:55:00,93043.59,93049.57,93043.59,93049.57,300,45,0
2026.03.01 12:50:00,93037.59,93043.57,93037.59,93043.57,300,45,0
2026.03.01 12:45:00,93031.59,93037.57,93031.59,93037.57,300,45,0
2026.03.01 12:40:00,93044.96,93045.30,93025.95,93031.57,300,45,0
2026.03.01 12:35:00,93038.96,93044.94,93038.96,93044.94,300,45,0
2026.03.01 12:30:00,93032.96,93038.94,93032.96,93038.94,300,45,0
2026.03.01 12:25:00,93026.96,93032.94,93026.96,93032.94,300,45,0
2026.03.01 12:20:00,93045.02,93046.06,93022.02,93026.94,300,45,0
2026.03.01 12:15:00,93039.02,93045.00,93039.02,93045.00,300,45,0
2026.03.01 12:10:00,93033.02,93039.00,93033.02,93039.00,300,45,0
2026.03.01 12:05:00,93027.02,93033.00,93027.02,93033.00,300,45,0
2026.03.01 12:00:00,93021.02,93027.00,93021.02,93027.00,300,45,0
2026.03.01 11:55:00,93015.02,93021.00,93015.02,93021.00,300,45,0
2026.03.01 11:50:00,93009.02,93015.00,93009.02,93015.00,300,45,0
2026.03.01 11:45:00,93018.95,93021.59,93005.68,93009.00,300,45,0
2026.03.01 11:40:00,93012.95,93018.93,93012.95,93018.93,300,45,0
2026.03.01 11:35:00,93033.16,93036.44,93010.25,93012.93,300,45,0
2026.03.01 11:30:00,93027.16,93033.14,93027.16,93033.14,300,45,0
2026.03.01 11:25:00,93021.16,93027.14,93021.16,93027.14,300,45,0
2026.03.01 11:20:00,93015.16,93021.14,93015.16,93021.14,300,45,0
2026.03.01 11:15:00,93026.38,93032.24,93015.04,93015.14,300,45,0
2026.03.01 11:10:00,93020.38,93026.36,93020.38,93026.36,300,45,0
2026.03.01 11:05:00,93014.38,93020.36,93014.38,93020.36,300,45,0
2026.03.01 11:00:00,93041.49,93046.83,93013.74,93014.36,300,45,0
2026.03.01 10:55:00,93035.49,93041.47,93035.49,93041.47,300,45,0
2026.03.01 10:50:00,93029.49,93035.47,93029.49,93035.47,300,45,0
2026.03.01 10:45:00,93023.49,93029.47,93023.49,93029.47,300,45,0
2026.03.01 10:40:00,93017.49,93023.47,93017.49,93023.47,300,45,0
2026.03.01 10:35:00,93011.49,93017.47,93011.49,93017.47,300,45,0
2026.03.01 10:30:00,93005.49,93011.47,93005.49,93011.47,300,45,0
2026.03.01 10:25:00,93013.56,93014.60,93000.55,93005.47,300,45,0
2026.03.01 10:20:00,93007.56,93013.54,93007.56,93013.54,300,45,0
2026.03.01 10:15:00,93001.56,93007.54,93001.56,93007.54,300,45,0
2026.03.01 10:10:00,92995.56,93001.54,92995.56,93001.54,300,45,0
2026.03.01 10:05:00,92989.56,92995.54,92989.56,92995.54,300,45,0
2026.03.01 10:00:00,92999.01,92999.25,92983.82,92989.54,300,45,0
2026.03.01 09:55:00,92993.01,92998.99,92993.01,92998.99,300,45,0
2026.03.01 09:50:00,92987.01,92992.99,92987.01,92992.99,300,45,0
2026.03.01 09:45:00,92996.74,93000.04,92984.33,92986.99,300,45,0
2026.03.01 09:40:00,92990.74,92996.72,92990.74,92996.72,300,45,0
2026.03.01 09:35:00,92984.74,92990.72,92984.74,92990.72,300,45,0
2026.03.01 09:30:00,92978.74,92984.72,92978.74,92984.72,300,45,0
2026.03.01 09:25:00,92972.74,92978.72,92972.74,92978.72,300,45,0
2026.03.01 09:20:00,92989.48,92989.48,92966.76,92972.72,300,45,0
2026.03.01 09:15:00,93034.92,93037.10,92989.26,92989.46,300,45,0
2026.03.01 09:10:00,93028.92,93034.90,93028.92,93034.90,300,45,0
2026.03.01 09:05:00,93022.92,93028.90,93022.92,93028.90,300,45,0
2026.03.01 09:00:00,93038.15,93038.49,93017.28,93022.90,300,45,0
2026.03.01 08:55:00,93058.59,93058.81,93032.39,93038.13,300,45,0
2026.03.01 08:50:00,93052.59,93058.57,93052.59,93058.57,300,45,0
2026.03.01 08:45:00,93074.41,93076.47,93048.67,93052.57,300,45,0
2026.03.01 08:40:00,93068.41,93074.39,93068.41,93074.39,300,45,0
2026.03.01 08:35:00,93076.13,93081.77,93068.07,93068.39,300,45,0
2026.03.01 08:30:00,93070.13,93076.11,93070.13,93076.11,300,45,0
2026.03.01 08:25:00,93114.20,93114.94,93068.01,93070.11,300,45,0
2026.03.01 08:20:00,93108.20,93114.18,93108.20,93114.18,300,45,0
2026.03.01 08:15:00,93102.20,93108.18,93102.20,93108.18,300,45,0
2026.03.01 08:10:00,93096.20,93102.18,93096.20,93102.18,300,45,0
2026.03.01 08:05:00,93090.20,93096.18,93090.20,93096.18,300,45,0
2026.03.01 08:00:00,93084.20,93090.18,93084.20,93090.18,236,45,0
2026.03.01 07:55:00,93078.20,93084.18,93078.20,93084.18,300,45,0
2026.03.01 07:50:00,93112.18,93113.62,93075.12,93078.18,300,45,0
2026.03.01 07:45:00,93106.18,93112.16,93106.18,93112.16,300,45,0
2026.03.01 07:40:00,93100.18,93106.16,93100.18,93106.16,300,45,0
2026.03.01 07:35:00,93094.18,93100.16,93094.18,93100.16,300,45,0
2026.03.01 07:30:00,93088.18,93094.16,93088.18,93094.16,300,45,0
2026.03.01 07:25:00,93113.33,93116.73,93085.60,93088.16,300,45,0
2026.03.01 07:20:00,93107.33,93113.31,93107.33,93113.31,300,45,0
2026.03.01 07:15:00,93101.33,93107.31,93101.33,93107.31,300,45,0
2026.03.01 07:10:00,93095.33,93101.31,93095.33,93101.31,300,45,0
2026.03.01 07:05:00,93089.33,93095.31,93089.33,93095.31,300,45,0
2026.03.01 07:00:00,93083.33,93089.31,93083.33,93089.31,300,45,0
2026.03.01 06:45:00,93101.67,93102.73,93078.41,93083.31,300,45,0
2026.03.01 06:40:00,93095.67,93101.65,93095.67,93101.65,300,45,0
2026.03.01 06:35:00,93120.18,93120.32,93089.83,93095.65,300,45,0
2026.03.01 06:30:00,93114.18,93120.16,93114.18,93120.16,300,45,0
2026.03.01 06:25:00,93134.04,93136.36,93110.52,93114.16,300,45,0
2026.03.01 06:20:00,93128.04,93134.02,93128.04,93134.02,300,45,0
2026.03.01 06:15:00,93122.04,93128.02,93122.04,93128.02,300,45,0
2026.03.01 06:10:00,93116.04,93122.02,93116.04,93122.02,300,45,0
2026.03.01 06:05:00,93110.04,93116.02,93110.04,93116.02,300,45,0
2026.03.01 06:00:00,93104.04,93110.02,93104.04,93110.02,300,45,0
2026.03.01 05:55:00,93098.04,93104.02,93098.04,93104.02,300,45,0
2026.03.01 05:50:00,93092.04,93098.02,93092.04,93098.02,300,45,0
2026.03.01 05:45:00,93086.04,93092.02,93086.04,93092.02,300,45,0
2026.03.01 05:40:00,93080.04,93086.02,93080.04,93086.02,300,45,0
2026.03.01 05:35:00,93074.04,93080.02,93074.04,93080.02,300,45,0
2026.03.01 05:30:00,93068.04,93074.02,93068.04,93074.02,300,45,0
2026.03.01 05:25:00,93062.04,93068.02,93062.04,93068.02,300,45,0
2026.03.01 05:20:00,93056.04,93062.02,93056.04,93062.02,300,45,0
2026.03.01 05:15:00,93050.04,93056.02,93050.04,93056.02,300,45,0
2026.03.01 05:10:00,93044.04,93050.02,93044.04,93050.02,300,45,0
2026.03.01 05:05:00,93038.04,93044.02,93038.04,93044.02,300,45,0
2026.03.01 05:00:00,93032.04,93038.02,93032.04,93038.02,300,45,0
2026.03.01 04:55:00,93026.04,93032.02,93026.04,93032.02,300,45,0
2026.03.01 04:50:00,93020.04,93026.02,93020.04,93026.02,300,45,0
2026.03.01 04:45:00,93039.40,93040.80,93015.46,93020.02,300,45,0
2026.03.01 04:40:00,93033.40,93039.38,93033.40,93039.38,300,45,0
2026.03.01 04:35:00,93027.40,93033.38,93027.40,93033.38,300,45,0
2026.03.01 04:30:00,93051.56,93055.60,93025.46,93027.38,300,45,0
2026.03.01 04:25:00,93045.56,93051.54,93045.56,93051.54,300,45,0
2026.03.01 04:20:00,93086.18,93087.74,93044.60,93045.54,300,45,0
2026.03.01 04:15:00,93080.18,93086.16,93080.18,93086.16,300,45,0
2026.03.01 04:10:00,93074.18,93080.16,93074.18,93080.16,300,45,0
2026.03.01 04:05:00,93068.18,93074.16,93068.18,93074.16,300,45,0
2026.03.01 04:00:00,93062.18,93068.16,93062.18,93068.16,300,45,0
2026.03.01 03:55:00,93056.18,93062.16,93056.18,93062.16,300,45,0
2026.03.01 03:50:00,93050.18,93056.16,93050.18,93056.16,300,45,0
2026.03.01 03:45:00,93044.18,93050.16,93044.18,93050.16,300,45,0
2026.03.01 03:40:00,93038.18,93044.16,93038.18,93044.16,300,45,0
2026.03.01 03:35:00,93077.56,93082.92,93037.56,93038.16,300,45,0
2026.03.01 03:30:00,93071.56,93077.54,93071.56,93077.54,300,45,0
2026.03.01 03:25:00,93065.56,93071.54,93065.56,93071.54,300,45,0
2026.03.01 03:20:00,93059.56,93065.54,93059.56,93065.54,300,45,0
2026.03.01 03:15:00,93053.56,93059.54,93053.56,93059.54,300,45,0
2026.03.01 03:10:00,93047.56,93053.54,93047.56,93053.54,300,45,0
2026.03.01 03:05:00,93041.56,93047.54,93041.56,93047.54,300,45,0
2026.03.01 03:00:00,93035.56,93041.54,93035.56,93041.54,300,45,0
2026.03.01 02:55:00,93029.56,93035.54,93029.56,93035.54,300,45,0
2026.03.01 02:50:00,93023.56,93029.54,93023.56,93029.54,300,45,0
2026.03.01 02:45:00,93017.56,93023.54,93017.56,93023.54,300,45,0
2026.03.01 02:40:00,93011.56,93017.54,93011.56,93017.54,300,45,0
2026.03.01 02:35:00,93005.56,93011.54,93005.56,93011.54,300,45,0
2026.03.01 02:30:00,92999.56,93005.54,92999.56,93005.54,300,45,0
2026.03.01 02:25:00,93018.17,93019.27,92994.68,92999.54,300,45,0
2026.03.01 02:20:00,93050.80,93055.76,93017.15,93018.15,300,45,0
2026.03.01 02:15:00,93044.80,93050.78,93044.80,93050.78,300,45,0
2026.03.01 02:10:00,93063.99,93068.75,93043.58,93044.78,300,45,0
2026.03.01 02:05:00,93057.99,93063.97,93057.99,93063.97,300,45,0
2026.03.01 02:00:00,93051.99,93057.97,93051.99,93057.97,300,45,0
2026.03.01 01:55:00,93045.99,93051.97,93045.99,93051.97,300,45,0
2026.03.01 01:50:00,93069.30,93073.16,93043.87,93045.97,300,45,0
2026.03.01 01:45:00,93078.55,93079.35,93064.12,93069.28,300,45,0
2026.03.01 01:40:00,93072.55,93078.53,93072.55,93078.53,300,45,0
2026.03.01 01:35:00,93066.55,93072.53,93066.55,93072.53,300,45,0
2026.03.01 01:30:00,93081.80,93081.96,93060.73,93066.53,300,45,0
2026.03.01 01:25:00,93075.80,93081.78,93075.80,93081.78,300,45,0
2026.03.01 01:20:00,93069.80,93075.78,93069.80,93075.78,300,45,0
2026.03.01 01:15:00,93063.80,93069.78,93063.80,93069.78,300,45,0
2026.03.01 01:10:00,93057.80,93063.78,93057.80,93063.78,300,45,0
2026.03.01 01:05:00,93051.80,93057.78,93051.80,93057.78,300,45,0
2026.03.01 01:00:00,93088.31,93092.71,93050.22,93051.78,300,45,0
2026.03.01 00:55:00,93082.31,93088.29,93082.31,93088.29,300,45,0
2026.03.01 00:50:00,93076.31,93082.29,93076.31,93082.29,300,45,0
2026.03.01 00:45:00,93094.10,93096.04,93072.27,93076.29,300,45,0
2026.03.01 00:40:00,93088.10,93094.08,93088.10,93094.08,300,45,0
2026.03.01 00:35:00,93082.10,93088.08,93082.10,93088.08,300,45,0
2026.03.01 00:30:00,93076.10,93082.08,93076.10,93082.08,300,45,0
2026.03.01 00:25:00,93070.10,93076.08,93070.10,93076.08,300,45,0
2026.03.01 00:20:00,93077.25,93081.49,93068.36,93070.08,300,45,0
2026.03.01 00:15:00,93071.25,93077.23,93071.25,93077.23,300,45,0
2026.03.01 00:10:00,93065.25,93071.23,93065.25,93071.23,300,45,0
2026.03.01 00:05:00,93059.25,93065.23,93059.25,93065.23,300,45,0
2026.03.01 00:00:00,93053.25,93059.23,93053.25,93059.23,300,45,0
2026.02.28 23:55:00,93059.81,93061.51,93048.97,93053.23,300,45,0
2026.02.28 23:50:00,93053.81,93059.79,93053.81,93059.79,300,45,0
2026.02.28 23:45:00,93047.81,93053.79,93047.81,93053.79,300,45,0
2026.02.28 23:40:00,93041.81,93047.79,93041.81,93047.79,300,45,0
2026.02.28 23:35:00,93035.81,93041.79,93035.81,93041.79,300,45,0
2026.02.28 23:30:00,93029.81,93035.79,93029.81,93035.79,300,45,0
2026.02.28 23:25:00,93023.81,93029.79,93023.81,93029.79,300,45,0
2026.02.28 23:20:00,93017.81,93023.79,93017.81,93023.79,300,45,0
2026.02.28 23:15:00,93011.81,93017.79,93011.81,93017.79,300,45,0
2026.02.28 23:10:00,93005.81,93011.79,93005.81,93011.79,300,45,0
2026.02.28 23:05:00,93023.47,93024.37,93000.73,93005.79,300,45,0
2026.02.28 23:00:00,93017.47,93023.45,93017.47,93023.45,300,45,0
2026.02.28 22:55:00,93011.47,93017.45,93011.47,93017.45,300,45,0
2026.02.28 22:50:00,93035.03,93037.25,93007.77,93011.45,274,45,0
2026.02.28 22:45:00,93029.03,93035.01,93029.03,93035.01,300,45,0
2026.02.28 22:40:00,93023.03,93029.01,93023.03,93029.01,300,45,0
2026.02.28 22:35:00,93052.49,93053.37,93022.01,93023.01,300,45,0
2026.02.28 22:30:00,93046.49,93052.47,93046.49,93052.47,300,45,0
2026.02.28 22:25:00,93040.49,93046.47,93040.49,93046.47,300,45,0
2026.02.28 22:20:00,93051.76,93053.68,93036.43,93040.47,300,45,0
2026.02.28 22:15:00,93045.76,93051.74,93045.76,93051.74,300,45,0
2026.02.28 22:10:00,93039.76,93045.74,93039.76,93045.74,300,45,0
2026.02.28 22:05:00,93033.76,93039.74,93033.76,93039.74,300,45,0
2026.02.28 22:00:00,93027.76,93033.74,93027.76,93033.74,300,45,0
2026.02.28 21:55:00,93021.76,93027.74,93021.76,93027.74,300,45,0
2026.02.28 21:50:00,93015.76,93021.74,93015.76,93021.74,300,45,0
2026.02.28 21:45:00,93009.76,93015.74,93009.76,93015.74,300,45,0
2026.02.28 21:40:00,93003.76,93009.74,93003.76,93009.74,300,45,0
2026.02.28 21:35:00,92997.76,93003.74,92997.76,93003.74,300,45,0
2026.02.28 21:30:00,92991.74,92997.74,92991.74,92997.74,301,45,0
2026.02.28 21:25:00,92985.74,92991.72,92985.74,92991.72,300,45,0
2026.02.28 21:20:00,92992.88,92998.02,92984.90,92985.72,300,45,0
2026.02.28 21:15:00,92986.88,92992.86,92986.88,92992.86,300,45,0
2026.02.28 21:10:00,92980.88,92986.86,92980.88,92986.86,300,45,0
2026.02.28 21:05:00,92974.88,92980.86,92974.88,92980.86,300,45,0
2026.02.28 21:00:00,92968.88,92974.86,92968.88,92974.86,300,45,0
2026.02.28 20:55:00,93017.53,93019.73,92966.02,92968.86,300,45,0
2026.02.28 20:50:00,93011.53,93017.51,93011.53,93017.51,300,45,0
2026.02.28 20:45:00,93005.53,93011.51,93005.53,93011.51,300,45,0
2026.02.28 20:40:00,93017.70,93021.42,93003.27,93005.51,300,45,0
2026.02.28 20:35:00,93030.84,93035.56,93016.44,93017.68,300,45,0
2026.02.28 20:30:00,93061.86,93062.44,93027.14,93030.82,300,45,0
2026.02.28 20:25:00,93069.01,93070.59,93057.46,93061.84,300,45,0
2026.02.28 20:20:00,93117.47,93119.13,93068.71,93068.99,300,45,0
2026.02.28 20:15:00,93111.47,93117.45,93111.47,93117.45,300,45,0
2026.02.28 20:10:00,93105.47,93111.45,93105.47,93111.45,300,45,0
2026.02.28 20:05:00,93099.47,93105.45,93099.47,93105.45,300,45,0
2026.02.28 20:00:00,93093.47,93099.45,93093.47,93099.45,300,45,0
2026.02.28 19:55:00,93087.47,93093.45,93087.47,93093.45,300,45,0
2026.02.28 19:50:00,93081.47,93087.45,93081.47,93087.45,300,45,0
2026.02.28 19:45:00,93075.47,93081.45,93075.47,93081.45,300,45,0
2026.02.28 19:40:00,93069.47,93075.45,93069.47,93075.45,300,45,0
2026.02.28 19:35:00,93063.47,93069.45,93063.47,93069.45,300,45,0
2026.02.28 19:30:00,93057.47,93063.45,93057.47,93063.45,300,45,0
2026.02.28 19:25:00,93051.47,93057.45,93051.47,93057.45,300,45,0
2026.02.28 19:20:00,93045.47,93051.45,93045.47,93051.45,300,45,0
2026.02.28 19:15:00,93041.61,93045.45,93041.61,93045.45,176,45,0
2026.02.28 19:10:00,93035.61,93041.59,93035.61,93041.59,300,45,0
2026.02.28 19:05:00,93029.61,93035.59,93029.61,93035.59,300,45,0
2026.02.28 19:00:00,93023.61,93029.59,93023.61,93029.59,300,45,0
2026.02.28 18:55:00,93034.05,93035.97,93019.55,93023.59,300,45,0
2026.02.28 18:50:00,93028.05,93034.03,93028.05,93034.03,300,45,0
2026.02.28 18:45:00,93022.05,93028.03,93022.05,93028.03,300,45,0
2026.02.28 18:40:00,93016.05,93022.03,93016.05,93022.03,300,45,0
2026.02.28 18:35:00,93010.05,93016.03,93010.05,93016.03,300,45,0
2026.02.28 18:30:00,93004.05,93010.03,93004.05,93010.03,300,45,0
2026.02.28 18:25:00,92998.05,93004.03,92998.05,93004.03,300,45,0
2026.02.28 18:20:00,92992.05,92998.03,92992.05,92998.03,300,45,0
2026.02.28 18:15:00,93036.99,93037.59,92987.77,92992.03,300,45,0
2026.02.28 18:10:00,93030.99,93036.97,93030.99,93036.97,300,45,0
2026.02.28 18:05:00,93024.99,93030.97,93024.99,93030.97,300,45,0
2026.02.28 18:00:00,93018.99,93024.97,93018.99,93024.97,300,45,0
2026.02.28 17:55:00,93012.99,93018.97,93012.99,93018.97,300,45,0
2026.02.28 17:50:00,93006.99,93012.97,93006.99,93012.97,300,45,0
2026.02.28 17:45:00,93000.99,93006.97,93000.99,93006.97,300,45,0
2026.02.28 17:40:00,92994.99,93000.97,92994.99,93000.97,300,45,0
2026.02.28 17:35:00,92988.99,92994.97,92988.99,92994.97,300,45,0
2026.02.28 17:30:00,92982.99,92988.97,92982.99,92988.97,300,45,0
2026.02.28 17:25:00,92976.99,92982.97,92976.99,92982.97,300,45,0
2026.02.28 17:20:00,92970.99,92976.97,92970.99,92976.97,300,45,0
2026.02.28 17:15:00,92964.99,92970.97,92964.99,92970.97,300,45,0
2026.02.28 17:10:00,92983.66,92986.82,92962.17,92964.97,300,45,0
2026.02.28 17:05:00,93069.91,93072.63,92982.68,92983.64,300,45,0
2026.02.28 17:00:00,93063.89,93069.89,93063.89,93069.89,301,45,0
2026.02.28 16:55:00,93057.89,93063.87,93057.89,93063.87,300,45,0
2026.02.28 16:50:00,93051.89,93057.87,93051.89,93057.87,300,45,0
2026.02.28 16:45:00,93045.89,93051.87,93045.89,93051.87,300,45,0
2026.02.28 16:40:00,93039.89,93045.87,93039.89,93045.87,300,45,0
2026.02.28 16:35:00,93057.37,93057.55,93034.09,93039.87,300,45,0
2026.02.28 16:30:00,93051.37,93057.35,93051.37,93057.35,300,45,0
2026.02.28 16:25:00,93045.37,93051.35,93045.37,93051.35,300,45,0
2026.02.28 16:20:00,93039.37,93045.35,93039.37,93045.35,300,45,0
2026.02.28 16:15:00,93033.37,93039.35,93033.37,93039.35,300,45,0
2026.02.28 16:10:00,93043.77,93044.37,93027.99,93033.35,300,45,0
2026.02.28 16:05:00,93056.54,93061.02,93042.27,93043.75,300,45,0
2026.02.28 16:00:00,93050.54,93056.52,93050.54,93056.52,300,45,0
2026.02.28 15:55:00,93044.54,93050.52,93044.54,93050.52,300,45,0
2026.02.28 15:50:00,93038.54,93044.52,93038.54,93044.52,300,45,0
2026.02.28 15:45:00,93032.54,93038.52,93032.54,93038.52,300,45,0
2026.02.28 15:40:00,93026.54,93032.52,93026.54,93032.52,300,45,0
2026.02.28 15:35:00,93035.80,93041.62,93026.38,93026.52,300,45,0
2026.02.28 15:30:00,93029.80,93035.78,93029.80,93035.78,300,45,0
2026.02.28 15:25:00,93023.80,93029.78,93023.80,93029.78,300,45,0
2026.02.28 15:20:00,93017.80,93023.78,93017.80,93023.78,300,45,0
2026.02.28 15:15:00,93011.80,93017.78,93011.80,93017.78,300,45,0
2026.02.28 15:10:00,93005.80,93011.78,93005.80,93011.78,300,45,0
2026.02.28 15:05:00,92999.80,93005.78,92999.80,93005.78,300,45,0
2026.02.28 15:00:00,92993.80,92999.78,92993.80,92999.78,300,45,0
2026.02.28 14:55:00,92987.80,92993.78,92987.80,92993.78,300,45,0
2026.02.28 14:50:00,92981.80,92987.78,92981.80,92987.78,300,45,0
2026.02.28 14:45:00,92975.80,92981.78,92975.80,92981.78,300,45,0
2026.02.28 14:40:00,92969.80,92975.78,92969.80,92975.78,300,45,0
2026.02.28 14:35:00,92963.80,92969.78,92963.80,92969.78,300,45,0
2026.02.28 14:30:00,92972.99,92974.67,92959.50,92963.78,300,45,0
2026.02.28 14:25:00,93032.02,93034.66,92971.79,92972.97,300,45,0
2026.02.28 14:20:00,93053.80,93056.18,93028.42,93032.00,300,45,0
2026.02.28 14:15:00,93047.80,93053.78,93047.80,93053.78,300,45,0
2026.02.28 14:10:00,93074.29,93079.25,93046.78,93047.78,300,45,0
2026.02.28 14:05:00,93068.29,93074.27,93068.29,93074.27,300,45,0
2026.02.28 14:00:00,93099.26,93103.44,93066.49,93068.27,300,45,0
2026.02.28 13:55:00,93093.26,93099.24,93093.26,93099.24,300,45,0
2026.02.28 13:50:00,93106.48,93107.54,93088.34,93093.24,300,45,0
2026.02.28 13:45:00,93126.48,93126.96,93100.98,93106.46,300,45,0
2026.02.28 13:40:00,93120.48,93126.46,93120.48,93126.46,300,45,0
2026.02.28 13:35:00,93114.48,93120.46,93114.48,93120.46,300,45,0
2026.02.28 13:30:00,93108.48,93114.46,93108.48,93114.46,300,45,0
2026.02.28 13:25:00,93102.48,93108.46,93102.48,93108.46,300,45,0
2026.02.28 13:20:00,93096.48,93102.46,93096.48,93102.46,300,45,0
2026.02.28 13:15:00,93114.55,93117.19,93093.14,93096.46,300,45,0
2026.02.28 13:10:00,93108.55,93114.53,93108.55,93114.53,300,45,0
2026.02.28 13:05:00,93102.55,93108.53,93102.55,93108.53,300,45,0
2026.02.28 13:00:00,93124.15,93124.65,93097.07,93102.53,300,45,0
2026.02.28 12:55:00,93118.15,93124.13,93118.15,93124.13,300,45,0
2026.02.28 12:50:00,93112.15,93118.13,93112.15,93118.13,300,45,0
2026.02.28 12:45:00,93118.81,93120.55,93107.91,93112.13,300,45,0
2026.02.28 12:40:00,93112.81,93118.79,93112.81,93118.79,300,45,0
2026.02.28 12:35:00,93106.81,93112.79,93106.81,93112.79,300,45,0
2026.02.28 12:30:00,93124.70,93129.80,93105.93,93106.79,300,45,0
2026.02.28 12:25:00,93118.70,93124.68,93118.70,93124.68,300,45,0
2026.02.28 12:20:00,93112.70,93118.68,93112.70,93118.68,300,45,0
2026.02.28 12:15:00,93106.70,93112.68,93106.70,93112.68,300,45,0
2026.02.28 12:10:00,93100.70,93106.68,93100.70,93106.68,300,45,0
2026.02.28 12:05:00,93094.70,93100.68,93094.70,93100.68,300,45,0
2026.02.28 12:00:00,93088.70,93094.68,93088.70,93094.68,300,45,0
2026.02.28 11:55:00,93099.76,93103.96,93086.92,93088.68,300,45,0
2026.02.28 11:50:00,93093.76,93099.74,93093.76,93099.74,300,45,0
2026.02.28 11:45:00,93087.76,93093.74,93087.76,93093.74,300,45,0
2026.02.28 11:40:00,93105.44,93110.96,93087.30,93087.74,300,45,0
2026.02.28 11:35:00,93099.44,93105.42,93099.44,93105.42,300,45,0
2026.02.28 11:30:00,93093.44,93099.42,93093.44,93099.42,300,45,0
2026.02.28 11:25:00,93087.44,93093.42,93087.44,93093.42,300,45,0
2026.02.28 11:20:00,93081.44,93087.42,93081.44,93087.42,300,45,0
2026.02.28 11:15:00,93075.44,93081.42,93075.44,93081.42,300,45,0
2026.02.28 11:10:00,93069.44,93075.42,93069.44,93075.42,300,45,0
2026.02.28 11:05:00,93098.62,93103.50,93068.34,93069.42,300,45,0
2026.02.28 11:00:00,93092.62,93098.60,93092.62,93098.60,300,45,0
2026.02.28 10:55:00,93086.62,93092.60,93086.62,93092.60,300,45,0
2026.02.28 10:50:00,93080.62,93086.60,93080.62,93086.60,300,45,0
2026.02.28 10:45:00,93074.62,93080.60,93074.62,93080.60,300,45,0
2026.02.28 10:40:00,93068.62,93074.60,93068.62,93074.60,300,45,0
2026.02.28 10:35:00,93111.96,93113.42,93065.90,93068.60,300,45,0
2026.02.28 10:30:00,93137.02,93142.68,93111.64,93111.94,300,45,0
2026.02.28 10:25:00,93144.72,93144.86,93131.18,93137.00,300,45,0
2026.02.28 10:20:00,93138.72,93144.70,93138.72,93144.70,300,45,0
2026.02.28 10:15:00,93132.72,93138.70,93132.72,93138.70,300,45,0
2026.02.28 10:10:00,93126.72,93132.70,93126.72,93132.70,300,45,0
2026.02.28 10:05:00,93135.83,93136.51,93121.42,93126.70,300,45,0
2026.02.28 10:00:00,93149.22,93151.38,93132.01,93135.81,300,45,0
2026.02.28 09:55:00,93175.82,93180.20,93147.62,93149.20,300,45,0
2026.02.28 09:50:00,93169.82,93175.80,93169.82,93175.80,300,45,0
2026.02.28 09:45:00,93198.93,93199.05,93163.96,93169.80,300,45,0
2026.02.28 09:40:00,93192.93,93198.91,93192.93,93198.91,300,45,0
2026.02.28 09:35:00,93186.93,93192.91,93186.93,93192.91,300,45,0
2026.02.28 09:30:00,93180.93,93186.91,93180.93,93186.91,300,45,0
2026.02.28 09:25:00,93196.93,93197.93,93175.95,93180.91,300,45,0
2026.02.28 09:20:00,93190.93,93196.91,93190.93,93196.91,300,45,0
2026.02.28 09:15:00,93184.93,93190.91,93184.93,93190.91,300,45,0
2026.02.28 09:10:00,93178.93,93184.91,93178.93,93184.91,300,45,0
2026.02.28 09:05:00,93172.93,93178.91,93172.93,93178.91,300,45,0
2026.02.28 09:00:00,93166.93,93172.91,93166.93,93172.91,300,45,0
2026.02.28 08:55:00,93160.93,93166.91,93160.93,93166.91,300,45,0
2026.02.28 08:50:00,93154.93,93160.91,93154.93,93160.91,300,45,0
2026.02.28 08:45:00,93148.93,93154.91,93148.93,93154.91,300,45,0
2026.02.28 08:40:00,93160.95,93163.17,93145.17,93148.91,300,45,0
2026.02.28 08:35:00,93154.95,93160.93,93154.95,93160.93,300,45,0
2026.02.28 08:30:00,93161.31,93161.37,93149.03,93154.93,300,45,0
2026.02.28 08:25:00,93155.31,93161.29,93155.31,93161.29,300,45,0
2026.02.28 08:20:00,93179.19,93180.01,93150.15,93155.29,300,45,0
2026.02.28 08:15:00,93173.19,93179.17,93173.19,93179.17,300,45,0
2026.02.28 08:10:00,93167.19,93173.17,93167.19,93173.17,300,45,0
2026.02.28 08:05:00,93161.19,93167.17,93161.19,93167.17,300,45,0
2026.02.28 08:00:00,93155.19,93161.17,93155.19,93161.17,300,45,0
2026.02.28 07:55:00,93149.17,93155.17,93149.17,93155.17,301,45,0
2026.02.28 07:50:00,93143.17,93149.15,93143.17,93149.15,300,45,0
2026.02.28 07:45:00,93137.17,93143.15,93137.17,93143.15,300,45,0
2026.02.28 07:40:00,93131.17,93137.15,93131.17,93137.15,300,45,0
2026.02.28 07:35:00,93158.38,93158.58,93125.39,93131.15,300,45,0
2026.02.28 07:30:00,93152.38,93158.36,93152.38,93158.36,300,45,0
2026.02.28 07:25:00,93146.38,93152.36,93146.38,93152.36,300,45,0
2026.02.28 07:20:00,93140.38,93146.36,93140.38,93146.36,300,45,0
2026.02.28 07:15:00,93157.17,93160.19,93137.42,93140.36,300,45,0
2026.02.28 07:10:00,93151.17,93157.15,93151.17,93157.15,300,45,0
2026.02.28 07:05:00,93145.17,93151.15,93145.17,93151.15,300,45,0
2026.02.28 07:00:00,93139.17,93145.15,93139.17,93145.15,300,45,0
2026.02.28 06:55:00,93148.71,93148.97,93133.45,93139.15,300,45,0
2026.02.28 06:50:00,93142.71,93148.69,93142.71,93148.69,300,45,0
2026.02.28 06:45:00,93169.94,93174.58,93141.37,93142.69,300,45,0
2026.02.28 06:40:00,93163.94,93169.92,93163.94,93169.92,300,45,0
2026.02.28 06:35:00,93157.94,93163.92,93157.94,93163.92,300,45,0
2026.02.28 06:30:00,93151.94,93157.92,93151.94,93157.92,300,45,0
2026.02.28 06:25:00,93145.94,93151.92,93145.94,93151.92,300,45,0
2026.02.28 06:20:00,93139.94,93145.92,93139.94,93145.92,300,45,0
2026.02.28 06:15:00,93133.94,93139.92,93133.94,93139.92,300,45,0
2026.02.28 06:10:00,93127.94,93133.92,93127.94,93133.92,300,45,0
2026.02.28 06:05:00,93121.94,93127.92,93121.94,93127.92,300,45,0
2026.02.28 06:00:00,93115.94,93121.92,93115.94,93121.92,300,45,0
2026.02.28 05:55:00,93109.94,93115.92,93109.94,93115.92,300,45,0
2026.02.28 05:50:00,93103.94,93109.92,93103.94,93109.92,300,45,0
2026.02.28 05:45:00,93097.94,93103.92,93097.94,93103.92,300,45,0
2026.02.28 05:40:00,93091.94,93097.92,93091.94,93097.92,300,45,0
2026.02.28 05:35:00,93105.04,93110.18,93091.10,93091.92,300,45,0
2026.02.28 05:30:00,93099.04,93105.02,93099.04,93105.02,300,45,0
2026.02.28 05:25:00,93093.04,93099.02,93093.04,93099.02,300,45,0
2026.02.28 05:20:00,93087.04,93093.02,93087.04,93093.02,300,45,0
2026.02.28 05:15:00,93081.04,93087.02,93081.04,93087.02,300,45,0
2026.02.28 05:10:00,93075.04,93081.02,93075.04,93081.02,300,45,0
2026.02.28 05:05:00,93069.04,93075.02,93069.04,93075.02,300,45,0
2026.02.28 05:00:00,93092.66,93097.48,93067.88,93069.02,300,45,0
2026.02.28 04:55:00,93086.66,93092.64,93086.66,93092.64,300,45,0
2026.02.28 04:50:00,93093.19,93097.63,93085.12,93086.64,300,45,0
2026.02.28 04:45:00,93087.19,93093.17,93087.19,93093.17,300,45,0
2026.02.28 04:40:00,93081.19,93087.17,93081.19,93087.17,300,45,0
2026.02.28 04:35:00,93075.19,93081.17,93075.19,93081.17,300,45,0
2026.02.28 04:30:00,93069.19,93075.17,93069.19,93075.17,300,45,0
2026.02.28 04:25:00,93063.19,93069.17,93063.19,93069.17,300,45,0
2026.02.28 04:20:00,93057.19,93063.17,93057.19,93063.17,300,45,0
2026.02.28 04:15:00,93051.19,93057.17,93051.19,93057.17,300,45,0
2026.02.28 04:10:00,93045.19,93051.17,93045.19,93051.17,300,45,0
2026.02.28 04:05:00,93063.49,93068.43,93044.15,93045.17,300,45,0
2026.02.28 04:00:00,93057.49,93063.47,93057.49,93063.47,300,45,0
2026.02.28 03:55:00,93051.49,93057.47,93051.49,93057.47,300,45,0
2026.02.28 03:50:00,93045.49,93051.47,93045.49,93051.47,300,45,0
2026.02.28 03:45:00,93039.49,93045.47,93039.49,93045.47,300,45,0
2026.02.28 03:40:00,93033.49,93039.47,93033.49,93039.47,300,45,0
2026.02.28 03:35:00,93027.49,93033.47,93027.49,93033.47,300,45,0
2026.02.28 03:30:00,93021.49,93027.47,93021.49,93027.47,300,45,0
2026.02.28 03:25:00,93028.87,93030.83,93017.47,93021.47,300,45,0
2026.02.28 03:20:00,93022.87,93028.85,93022.87,93028.85,300,45,0
2026.02.28 03:15:00,93016.87,93022.85,93016.87,93022.85,300,45,0
2026.02.28 03:10:00,93010.87,93016.85,93010.87,93016.85,300,45,0
2026.02.28 03:05:00,93036.58,93041.60,93009.91,93010.85,300,45,0
2026.02.28 03:00:00,93030.58,93036.56,93030.58,93036.56,300,45,0
2026.02.28 02:55:00,93024.58,93030.56,93024.58,93030.56,300,45,0
2026.02.28 02:50:00,93018.58,93024.56,93018.58,93024.56,300,45,0
2026.02.28 02:45:00,93012.58,93018.56,93012.58,93018.56,300,45,0
2026.02.28 02:40:00,93006.58,93012.56,93006.58,93012.56,300,45,0
2026.02.28 02:35:00,93000.58,93006.56,93000.58,93006.56,300,45,0
2026.02.28 02:30:00,92994.58,93000.56,92994.58,93000.56,300,45,0
2026.02.28 02:25:00,92988.58,92994.56,92988.58,92994.56,300,45,0
2026.02.28 02:20:00,92982.58,92988.56,92982.58,92988.56,300,45,0
2026.02.28 02:15:00,92976.58,92982.56,92976.58,92982.56,300,45,0
2026.02.28 02:10:00,92987.78,92988.02,92970.84,92976.56,300,45,0
2026.02.28 02:05:00,92981.78,92987.76,92981.78,92987.76,300,45,0
2026.02.28 02:00:00,92975.78,92981.76,92975.78,92981.76,300,45,0
2026.02.28 01:55:00,92997.40,93002.44,92974.84,92975.76,300,45,0
2026.02.28 01:50:00,93035.44,93040.60,92996.58,92997.38,300,45,0
2026.02.28 01:45:00,93056.01,93058.97,93032.42,93035.42,300,45,0
2026.02.28 01:40:00,93050.01,93055.99,93050.01,93055.99,300,45,0
2026.02.28 01:35:00,93075.47,93076.33,93044.89,93049.99,300,45,0
2026.02.28 01:30:00,93069.47,93075.45,93069.47,93075.45,300,45,0
2026.02.28 01:25:00,93063.47,93069.45,93063.47,93069.45,300,45,0
2026.02.28 01:20:00,93057.47,93063.45,93057.47,93063.45,300,45,0
2026.02.28 01:15:00,93051.47,93057.45,93051.47,93057.45,300,45,0
2026.02.28 01:10:00,93045.47,93051.45,93045.47,93051.45,300,45,0
2026.02.28 01:05:00,93039.47,93045.45,93039.47,93045.45,300,45,0
2026.02.28 01:00:00,93033.47,93039.45,93033.47,93039.45,300,45,0
2026.02.28 00:55:00,93027.47,93033.45,93027.47,93033.45,300,45,0
2026.02.28 00:50:00,93021.47,93027.45,93021.47,93027.45,300,45,0
2026.02.28 00:45:00,93015.47,93021.45,93015.47,93021.45,300,45,0
2026.02.28 00:40:00,93009.47,93015.45,93009.47,93015.45,300,45,0
2026.02.28 00:35:00,93003.47,93009.45,93003.47,93009.45,300,45,0
2026.02.28 00:30:00,92997.47,93003.45,92997.47,93003.45,300,45,0
2026.02.28 00:25:00,92991.47,92997.45,92991.47,92997.45,300,45,0
2026.02.28 00:20:00,93018.51,93023.63,92990.61,92991.45,300,45,0
2026.02.28 00:15:00,93012.51,93018.49,93012.51,93018.49,300,45,0
2026.02.28 00:10:00,93039.54,93042.18,93009.17,93012.49,300,45,0
2026.02.28 00:05:00,93063.62,93064.90,93034.84,93039.52,300,45,0
2026.02.28 00:00:00,93057.62,93063.60,93057.62,93063.60,300,45,0
2026.02.27 23:55:00,93051.62,93057.60,93051.62,93057.60,300,45,0
2026.02.27 23:50:00,93045.62,93051.60,93045.62,93051.60,300,45,0
2026.02.27 23:45:00,93039.62,93045.60,93039.62,93045.60,300,45,0
2026.02.27 23:40:00,93078.46,93081.60,93038.10,93039.60,300,45,0
2026.02.27 23:35:00,93072.46,93078.44,93072.46,93078.44,300,45,0
2026.02.27 23:30:00,93066.46,93072.44,93066.46,93072.44,300,45,0
2026.02.27 23:25:00,93060.46,93066.44,93060.46,93066.44,300,45,0
2026.02.27 23:20:00,93054.46,93060.44,93054.46,93060.44,300,45,0
2026.02.27 23:15:00,93048.46,93054.44,93048.46,93054.44,300,45,0
2026.02.27 23:10:00,93042.46,93048.44,93042.46,93048.44,300,45,0
2026.02.27 23:05:00,93036.46,93042.44,93036.46,93042.44,300,45,0
2026.02.27 23:00:00,93030.46,93036.44,93030.46,93036.44,300,45,0
2026.02.27 22:55:00,93024.46,93030.44,93024.46,93030.44,300,45,0
2026.02.27 22:50:00,93018.44,93024.44,93018.44,93024.44,301,45,0
2026.02.27 22:45:00,93046.41,93048.85,93014.90,93018.42,300,45,0
2026.02.27 22:40:00,93040.41,93046.39,93040.41,93046.39,300,45,0
2026.02.27 22:35:00,93059.77,93064.49,93039.15,93040.39,300,45,0
2026.02.27 22:30:00,93053.77,93059.75,93053.77,93059.75,300,45,0
2026.02.27 22:25:00,93047.77,93053.75,93047.77,93053.75,300,45,0
2026.02.27 22:20:00,93041.77,93047.75,93041.77,93047.75,300,45,0
2026.02.27 22:15:00,93035.77,93041.75,93035.77,93041.75,300,45,0
2026.02.27 22:10:00,93029.77,93035.75,93029.77,93035.75,300,45,0
2026.02.27 22:05:00,93023.77,93029.75,93023.77,93029.75,300,45,0
2026.02.27 22:00:00,93017.77,93023.75,93017.77,93023.75,300,45,0
2026.02.27 21:55:00,93011.77,93017.75,93011.77,93017.75,300,45,0
2026.02.27 21:50:00,93005.77,93011.75,93005.77,93011.75,300,45,0
2026.02.27 21:45:00,92999.77,93005.75,92999.77,93005.75,300,45,0
2026.02.27 21:40:00,93019.13,93022.51,92997.17,92999.75,300,45,0
2026.02.27 21:35:00,93013.13,93019.11,93013.13,93019.11,300,45,0
2026.02.27 21:30:00,93007.13,93013.11,93007.13,93013.11,300,45,0
2026.02.27 21:25:00,93036.01,93038.91,93004.05,93007.11,300,45,0
2026.02.27 21:20:00,93048.56,93049.24,93030.71,93035.99,300,45,0
2026.02.27 21:15:00,93042.56,93048.54,93042.56,93048.54,300,45,0
2026.02.27 21:10:00,93036.56,93042.54,93036.56,93042.54,300,45,0
2026.02.27 21:05:00,93030.56,93036.54,93030.56,93036.54,300,45,0
2026.02.27 21:00:00,93024.56,93030.54,93024.56,93030.54,300,45,0
2026.02.27 20:55:00,93018.56,93024.54,93018.56,93024.54,300,45,0
2026.02.27 20:50:00,93012.56,93018.54,93012.56,93018.54,300,45,0
2026.02.27 20:45:00,93006.56,93012.54,93006.56,93012.54,300,45,0
2026.02.27 20:40:00,93000.56,93006.54,93000.56,93006.54,300,45,0
2026.02.27 20:35:00,92994.56,93000.54,92994.56,93000.54,300,45,0
2026.02.27 20:30:00,92988.56,92994.54,92988.56,92994.54,300,45,0
2026.02.27 20:25:00,92982.56,92988.54,92982.56,92988.54,300,45,0
2026.02.27 20:20:00,93000.42,93005.24,92981.40,92982.54,300,45,0
2026.02.27 20:15:00,92994.42,93000.40,92994.42,93000.40,300,45,0
2026.02.27 20:10:00,92988.42,92994.40,92988.42,92994.40,300,45,0
2026.02.27 20:05:00,92982.42,92988.40,92982.42,92988.40,300,45,0
2026.02.27 20:00:00,93009.30,93013.82,92980.96,92982.40,300,45,0
2026.02.27 19:55:00,93003.30,93009.28,93003.30,93009.28,300,45,0
2026.02.27 19:50:00,92997.30,93003.28,92997.30,93003.28,300,45,0
2026.02.27 19:45:00,92991.30,92997.28,92991.30,92997.28,300,45,0
2026.02.27 19:40:00,92985.30,92991.28,92985.30,92991.28,300,45,0
2026.02.27 19:35:00,92979.30,92985.28,92979.30,92985.28,300,45,0
2026.02.27 19:30:00,92973.30,92979.28,92973.30,92979.28,300,45,0
2026.02.27 19:25:00,92967.30,92973.28,92967.30,92973.28,300,45,0
2026.02.27 19:20:00,92993.49,92998.39,92966.22,92967.28,300,45,0
2026.02.27 19:15:00,92987.49,92993.47,92987.49,92993.47,300,45,0
2026.02.27 19:10:00,92981.49,92987.47,92981.49,92987.47,300,45,0
2026.02.27 19:05:00,92975.49,92981.47,92975.49,92981.47,300,45,0
2026.02.27 19:00:00,92969.49,92975.47,92969.49,92975.47,300,45,0
2026.02.27 18:55:00,92963.49,92969.47,92963.49,92969.47,300,45,0
2026.02.27 18:50:00,92976.51,92981.41,92962.41,92963.47,300,45,0
2026.02.27 18:45:00,93009.45,93013.33,92974.41,92976.49,300,45,0
2026.02.27 18:40:00,93042.22,93044.86,93006.11,93009.43,300,45,0
2026.02.27 18:35:00,93036.22,93042.20,93036.22,93042.20,300,45,0
2026.02.27 18:30:00,93030.22,93036.20,93030.22,93036.20,300,45,0
2026.02.27 18:25:00,93024.22,93030.20,93024.22,93030.20,300,45,0
2026.02.27 18:20:00,93018.22,93024.20,93018.22,93024.20,300,45,0
2026.02.27 18:15:00,93073.04,93074.88,93018.04,93018.20,300,45,0
2026.02.27 18:10:00,93067.04,93073.02,93067.04,93073.02,300,45,0
2026.02.27 18:05:00,93081.39,93083.35,93063.02,93067.02,300,45,0
2026.02.27 18:00:00,93075.39,93081.37,93075.39,93081.37,300,45,0
2026.02.27 17:55:00,93069.39,93075.37,93069.39,93075.37,300,45,0
2026.02.27 17:50:00,93063.39,93069.37,93063.39,93069.37,300,45,0
2026.02.27 17:45:00,93057.39,93063.37,93057.39,93063.37,300,45,0
2026.02.27 17:40:00,93051.39,93057.37,93051.39,93057.37,300,45,0
2026.02.27 17:35:00,93045.39,93051.37,93045.39,93051.37,300,45,0
2026.02.27 17:30:00,93069.96,93073.00,93042.45,93045.37,300,45,0
2026.02.27 17:25:00,93063.96,93069.94,93063.96,93069.94,300,45,0
2026.02.27 17:20:00,93057.96,93063.94,93057.96,93063.94,300,45,0
2026.02.27 17:15:00,93051.96,93057.94,93051.96,93057.94,300,45,0
2026.02.27 17:10:00,93045.96,93051.94,93045.96,93051.94,300,45,0
2026.02.27 17:05:00,93039.96,93045.94,93039.96,93045.94,300,45,0
2026.02.27 17:00:00,93064.37,93064.77,93036.34,93039.94,300,45,0
2026.02.27 16:55:00,93096.08,93096.44,93058.75,93064.35,300,45,0
2026.02.27 16:50:00,93090.08,93096.06,93090.08,93096.06,300,45,0
2026.02.27 16:45:00,93084.08,93090.06,93084.08,93090.06,300,45,0
2026.02.27 16:40:00,93078.08,93084.06,93078.08,93084.06,300,45,0
2026.02.27 16:35:00,93090.05,93093.85,93075.90,93078.06,300,45,0
2026.02.27 16:30:00,93084.05,93090.03,93084.05,93090.03,300,45,0
2026.02.27 16:25:00,93078.05,93084.03,93078.05,93084.03,300,45,0
2026.02.27 16:20:00,93089.79,93090.93,93073.21,93078.03,300,45,0
2026.02.27 16:15:00,93083.79,93089.77,93083.79,93089.77,300,45,0
2026.02.27 16:10:00,93077.79,93083.77,93077.79,93083.77,300,45,0
2026.02.27 16:05:00,93071.79,93077.77,93071.79,93077.77,300,45,0
2026.02.27 16:00:00,93065.79,93071.77,93065.79,93071.77,300,45,0
2026.02.27 15:55:00,93059.79,93065.77,93059.79,93065.77,300,45,0
2026.02.27 15:50:00,93053.79,93059.77,93053.79,93059.77,300,45,0
2026.02.27 15:45:00,93067.03,93072.05,93052.83,93053.77,300,45,0
2026.02.27 15:40:00,93061.03,93067.01,93061.03,93067.01,300,45,0
2026.02.27 15:35:00,93055.03,93061.01,93055.03,93061.01,300,45,0
2026.02.27 15:30:00,93049.03,93055.01,93049.03,93055.01,300,45,0
2026.02.27 15:25:00,93043.03,93049.01,93043.03,93049.01,300,45,0
2026.02.27 15:20:00,93037.03,93043.01,93037.03,93043.01,300,45,0
2026.02.27 15:15:00,93031.03,93037.01,93031.03,93037.01,300,45,0
2026.02.27 15:10:00,93025.03,93031.01,93025.03,93031.01,300,45,0
2026.02.27 15:05:00,93019.03,93025.01,93019.03,93025.01,300,45,0
2026.02.27 15:00:00,93013.03,93019.01,93013.03,93019.01,300,45,0
2026.02.27 14:55:00,93007.03,93013.01,93007.03,93013.01,300,45,0
2026.02.27 14:50:00,93001.03,93007.01,93001.03,93007.01,300,45,0
2026.02.27 14:45:00,92995.03,93001.01,92995.03,93001.01,300,45,0
2026.02.27 14:40:00,92989.03,92995.01,92989.03,92995.01,300,45,0
2026.02.27 14:35:00,92983.03,92989.01,92983.03,92989.01,300,45,0
2026.02.27 14:30:00,92977.03,92983.01,92977.03,92983.01,300,45,0
2026.02.27 14:25:00,92971.03,92977.01,92971.03,92977.01,300,45,0
2026.02.27 14:20:00,92965.03,92971.01,92965.03,92971.01,300,45,0
2026.02.27 14:15:00,92959.03,92965.01,92959.03,92965.01,300,45,0
2026.02.27 14:10:00,92953.03,92959.01,92953.03,92959.01,300,45,0
2026.02.27 14:05:00,92947.03,92953.01,92947.03,92953.01,300,45,0
2026.02.27 14:00:00,92963.42,92968.70,92946.33,92947.01,300,45,0
2026.02.27 13:55:00,92957.42,92963.40,92957.42,92963.40,300,45,0
2026.02.27 13:50:00,92978.25,92983.67,92956.86,92957.40,300,45,0
2026.02.27 13:45:00,92972.25,92978.23,92972.25,92978.23,300,45,0
2026.02.27 13:40:00,92966.25,92972.23,92966.25,92972.23,300,45,0
2026.02.27 13:35:00,92997.56,92999.92,92962.63,92966.23,300,45,0
2026.02.27 13:30:00,93007.29,93010.79,92995.08,92997.54,300,45,0
2026.02.27 13:25:00,93001.29,93007.27,93001.29,93007.27,300,45,0
2026.02.27 13:20:00,92995.29,93001.27,92995.29,93001.27,300,45,0
2026.02.27 13:15:00,92989.29,92995.27,92989.29,92995.27,300,45,0
2026.02.27 13:10:00,93000.14,93002.06,92985.23,92989.27,300,45,0
2026.02.27 13:05:00,92994.14,93000.12,92994.14,93000.12,300,45,0
2026.02.27 13:00:00,92988.14,92994.12,92988.14,92994.12,300,45,0
2026.02.27 12:55:00,92982.14,92988.12,92982.14,92988.12,300,45,0
2026.02.27 12:50:00,93004.51,93006.51,92978.16,92982.12,300,45,0
2026.02.27 12:45:00,92998.51,93004.49,92998.51,93004.49,300,45,0
2026.02.27 12:40:00,92992.51,92998.49,92992.51,92998.49,300,45,0
2026.02.27 12:35:00,92986.51,92992.49,92986.51,92992.49,300,45,0
2026.02.27 12:30:00,92980.51,92986.49,92980.51,92986.49,300,45,0
2026.02.27 12:25:00,93004.88,93008.68,92978.33,92980.49,300,45,0
2026.02.27 12:20:00,93011.93,93016.21,93003.18,93004.86,300,45,0
2026.02.27 12:15:00,93005.93,93011.91,93005.93,93011.91,300,45,0
2026.02.27 12:10:00,92999.93,93005.91,92999.93,93005.91,300,45,0
2026.02.27 12:05:00,92993.93,92999.91,92993.93,92999.91,300,45,0
2026.02.27 12:00:00,93012.20,93012.30,92988.05,92993.91,300,45,0
2026.02.27 11:55:00,93006.20,93012.18,93006.20,93012.18,300,45,0
2026.02.27 11:50:00,93000.20,93006.18,93000.20,93006.18,300,45,0
2026.02.27 11:45:00,93066.65,93068.93,92999.26,93000.18,300,45,0
2026.02.27 11:40:00,93088.81,93093.19,93065.05,93066.63,300,45,0
2026.02.27 11:35:00,93082.81,93088.79,93082.81,93088.79,300,45,0
2026.02.27 11:30:00,93134.98,93138.42,93081.49,93082.79,300,45,0
2026.02.27 11:25:00,93128.98,93134.96,93128.98,93134.96,300,45,0
2026.02.27 11:20:00,93122.98,93128.96,93122.98,93128.96,300,45,0
2026.02.27 11:15:00,93116.98,93122.96,93116.98,93122.96,300,45,0
2026.02.27 11:10:00,93129.59,93131.55,93112.96,93116.96,300,45,0
2026.02.27 11:05:00,93123.59,93129.57,93123.59,93129.57,300,45,0
2026.02.27 11:00:00,93117.59,93123.57,93117.59,93123.57,300,45,0
2026.02.27 10:55:00,93111.59,93117.57,93111.59,93117.57,300,45,0
2026.02.27 10:50:00,93105.59,93111.57,93105.59,93111.57,300,45,0
2026.02.27 10:45:00,93099.59,93105.57,93099.59,93105.57,300,45,0
2026.02.27 10:40:00,93106.14,93108.50,93095.97,93099.57,300,45,0
2026.02.27 10:35:00,93100.14,93106.12,93100.14,93106.12,300,45,0
2026.02.27 10:30:00,93094.14,93100.12,93094.14,93100.12,300,45,0
2026.02.27 10:25:00,93088.14,93094.12,93088.14,93094.12,300,45,0
2026.02.27 10:20:00,93157.67,93160.51,93085.48,93088.12,300,45,0
2026.02.27 10:15:00,93190.56,93190.94,93154.91,93157.65,300,45,0
2026.02.27 10:10:00,93184.56,93190.54,93184.56,93190.54,300,45,0
2026.02.27 10:05:00,93178.56,93184.54,93178.56,93184.54,300,45,0
2026.02.27 10:00:00,93172.56,93178.54,93172.56,93178.54,300,45,0
2026.02.27 09:55:00,93166.56,93172.54,93166.56,93172.54,300,45,0
2026.02.27 09:50:00,93160.56,93166.54,93160.56,93166.54,300,45,0
2026.02.27 09:45:00,93154.56,93160.54,93154.56,93160.54,300,45,0
2026.02.27 09:40:00,93171.57,93174.29,93151.30,93154.54,300,45,0
2026.02.27 09:35:00,93165.57,93171.55,93165.57,93171.55,300,45,0
2026.02.27 09:30:00,93159.57,93165.55,93159.57,93165.55,300,45,0
2026.02.27 09:25:00,93153.57,93159.55,93153.57,93159.55,300,45,0
2026.02.27 09:20:00,93147.57,93153.55,93147.57,93153.55,300,45,0
2026.02.27 09:15:00,93141.57,93147.55,93141.57,93147.55,300,45,0
2026.02.27 09:10:00,93162.75,93163.71,93136.55,93141.55,300,45,0
2026.02.27 09:05:00,93156.75,93162.73,93156.75,93162.73,300,45,0
2026.02.27 09:00:00,93150.75,93156.73,93150.75,93156.73,300,45,0
2026.02.27 08:55:00,93157.13,93161.69,93149.33,93150.73,300,45,0
2026.02.27 08:50:00,93151.13,93157.11,93151.13,93157.11,300,45,0
2026.02.27 08:45:00,93145.13,93151.11,93145.13,93151.11,300,45,0
2026.02.27 08:40:00,93165.26,93169.62,93143.51,93145.11,300,45,0
2026.02.27 08:35:00,93159.26,93165.24,93159.26,93165.24,300,45,0
2026.02.27 08:30:00,93153.26,93159.24,93153.26,93159.24,300,45,0
2026.02.27 08:25:00,93170.67,93171.95,93148.56,93153.24,300,45,0
2026.02.27 08:20:00,93164.67,93170.65,93164.67,93170.65,300,45,0
2026.02.27 08:15:00,93191.63,93193.01,93160.07,93164.65,300,45,0
2026.02.27 08:10:00,93185.63,93191.61,93185.63,93191.61,300,45,0
2026.02.27 08:05:00,93179.63,93185.61,93179.63,93185.61,300,45,0
2026.02.27 08:00:00,93173.63,93179.61,93173.63,93179.61,300,45,0
2026.02.27 07:55:00,93167.63,93173.61,93167.63,93173.61,300,45,0
2026.02.27 07:50:00,93161.63,93167.61,93161.63,93167.61,300,45,0
2026.02.27 07:45:00,93155.63,93161.61,93155.63,93161.61,300,45,0
2026.02.27 07:40:00,93149.63,93155.61,93149.63,93155.61,300,45,0
2026.02.27 07:35:00,93143.63,93149.61,93143.63,93149.61,300,45,0
2026.02.27 07:30:00,93137.61,93143.61,93137.61,93143.61,301,45,0
2026.02.27 07:25:00,93131.61,93137.59,93131.61,93137.59,300,45,0
2026.02.27 07:20:00,93125.63,93131.59,93125.63,93131.59,299,45,0
2026.02.27 07:15:00,93119.63,93125.61,93119.63,93125.61,300,45,0
2026.02.27 07:10:00,93113.63,93119.61,93113.63,93119.61,300,45,0
2026.02.27 07:05:00,93133.97,93139.01,93112.69,93113.61,300,45,0
2026.02.27 07:00:00,93153.63,93154.27,93128.63,93133.95,300,45,0
2026.02.27 06:55:00,93164.26,93167.06,93150.45,93153.61,300,45,0
2026.02.27 06:50:00,93158.26,93164.24,93158.26,93164.24,300,45,0
2026.02.27 06:45:00,93152.26,93158.24,93152.26,93158.24,300,45,0
2026.02.27 06:40:00,93146.26,93152.24,93146.26,93152.24,300,45,0
2026.02.27 06:35:00,93140.26,93146.24,93140.26,93146.24,300,45,0
2026.02.27 06:30:00,93187.95,93188.33,93139.00,93140.24,300,45,0
2026.02.27 06:25:00,93181.95,93187.93,93181.95,93187.93,300,45,0
2026.02.27 06:20:00,93189.83,93191.89,93178.03,93181.93,300,45,0
2026.02.27 06:15:00,93183.83,93189.81,93183.83,93189.81,300,45,0
2026.02.27 06:10:00,93177.83,93183.81,93177.83,93183.81,300,45,0
2026.02.27 06:05:00,93171.83,93177.81,93171.83,93177.81,300,45,0
2026.02.27 06:00:00,93241.13,93243.87,93170.67,93171.81,300,45,0
2026.02.27 05:55:00,93235.13,93241.11,93235.13,93241.11,300,45,0
2026.02.27 05:50:00,93229.13,93235.11,93229.13,93235.11,300,45,0
2026.02.27 05:45:00,93223.13,93229.11,93223.13,93229.11,300,45,0
2026.02.27 05:40:00,93251.30,93256.50,93222.35,93223.11,300,45,0
2026.02.27 05:35:00,93282.45,93283.37,93246.24,93251.28,300,45,0
2026.02.27 05:30:00,93276.45,93282.43,93276.45,93282.43,300,45,0
2026.02.27 05:25:00,93270.45,93276.43,93270.45,93276.43,300,45,0
2026.02.27 05:20:00,93264.45,93270.43,93264.45,93270.43,300,45,0
2026.02.27 05:15:00,93258.45,93264.43,93258.45,93264.43,300,45,0
2026.02.27 05:10:00,93252.45,93258.43,93252.45,93258.43,300,45,0
2026.02.27 05:05:00,93246.45,93252.43,93246.45,93252.43,300,45,0
2026.02.27 05:00:00,93240.45,93246.43,93240.45,93246.43,300,45,0
2026.02.27 04:55:00,93252.05,93257.39,93239.81,93240.43,300,45,0
2026.02.27 04:50:00,93246.05,93252.03,93246.05,93252.03,300,45,0
2026.02.27 04:45:00,93240.05,93246.03,93240.05,93246.03,300,45,0
2026.02.27 04:40:00,93257.39,93260.59,93237.27,93240.03,300,45,0
2026.02.27 04:35:00,93274.48,93278.44,93255.37,93257.37,300,45,0
2026.02.27 04:30:00,93268.48,93274.46,93268.48,93274.46,300,45,0
2026.02.27 04:25:00,93262.48,93268.46,93262.48,93268.46,300,45,0
2026.02.27 04:20:00,93256.48,93262.46,93256.48,93262.46,300,45,0
2026.02.27 04:15:00,93250.48,93256.46,93250.48,93256.46,300,45,0
2026.02.27 04:10:00,93244.48,93250.46,93244.48,93250.46,300,45,0
2026.02.27 04:05:00,93238.48,93244.46,93238.48,93244.46,300,45,0
2026.02.27 04:00:00,93232.48,93238.46,93232.48,93238.46,300,45,0
2026.02.27 03:55:00,93226.48,93232.46,93226.48,93232.46,300,45,0
2026.02.27 03:50:00,93220.48,93226.46,93220.48,93226.46,300,45,0
2026.02.27 03:45:00,93214.48,93220.46,93214.48,93220.46,300,45,0
2026.02.27 03:40:00,93208.48,93214.46,93208.48,93214.46,300,45,0
2026.02.27 03:35:00,93202.48,93208.46,93202.48,93208.46,300,45,0
2026.02.27 03:30:00,93196.48,93202.46,93196.48,93202.46,300,45,0
2026.02.27 03:25:00,93190.48,93196.46,93190.48,93196.46,300,45,0
2026.02.27 03:20:00,93184.48,93190.46,93184.48,93190.46,300,45,0
2026.02.27 03:15:00,93178.48,93184.46,93178.48,93184.46,300,45,0
2026.02.27 03:10:00,93172.48,93178.46,93172.48,93178.46,300,45,0
2026.02.27 03:05:00,93166.48,93172.46,93166.48,93172.46,300,45,0
2026.02.27 03:00:00,93160.48,93166.46,93160.48,93166.46,300,45,0
2026.02.27 02:55:00,93154.48,93160.46,93154.48,93160.46,300,45,0
2026.02.27 02:50:00,93148.48,93154.46,93148.48,93154.46,300,45,0
2026.02.27 02:45:00,93142.48,93148.46,93142.48,93148.46,300,45,0
2026.02.27 02:40:00,93136.48,93142.46,93136.48,93142.46,300,45,0
2026.02.27 02:35:00,93130.48,93136.46,93130.48,93136.46,300,45,0
2026.02.27 02:30:00,93124.48,93130.46,93124.48,93130.46,300,45,0
2026.02.27 02:25:00,93118.48,93124.46,93118.48,93124.46,300,45,0
2026.02.27 02:20:00,93112.48,93118.46,93112.48,93118.46,300,45,0
2026.02.27 02:15:00,93106.48,93112.46,93106.48,93112.46,300,45,0
2026.02.27 02:10:00,93100.48,93106.46,93100.48,93106.46,300,45,0
2026.02.27 02:05:00,93094.48,93100.46,93094.48,93100.46,300,45,0
2026.02.27 02:00:00,93088.48,93094.46,93088.48,93094.46,300,45,0
2026.02.27 01:55:00,93120.04,93121.86,93084.32,93088.46,300,45,0
2026.02.27 01:50:00,93114.04,93120.02,93114.04,93120.02,300,45,0
2026.02.27 01:45:00,93108.04,93114.02,93108.04,93114.02,300,45,0
2026.02.27 01:40:00,93102.04,93108.02,93102.04,93108.02,300,45,0
2026.02.27 01:35:00,93096.04,93102.02,93096.04,93102.02,300,45,0
2026.02.27 01:30:00,93090.04,93096.02,93090.04,93096.02,300,45,0
2026.02.27 01:25:00,93084.04,93090.02,93084.04,93090.02,300,45,0
2026.02.27 01:20:00,93099.83,93100.09,93078.32,93084.02,300,45,0
2026.02.27 01:15:00,93093.83,93099.81,93093.83,93099.81,300,45,0
2026.02.27 01:10:00,93087.83,93093.81,93087.83,93093.81,300,45,0
2026.02.27 01:05:00,93081.83,93087.81,93081.83,93087.81,300,45,0
2026.02.27 01:00:00,93075.83,93081.81,93075.83,93081.81,300,45,0
2026.02.27 00:55:00,93101.74,93107.56,93075.67,93075.81,300,45,0
2026.02.27 00:50:00,93123.17,93128.13,93100.72,93101.72,300,45,0
2026.02.27 00:45:00,93117.17,93123.15,93117.17,93123.15,300,45,0
2026.02.27 00:40:00,93111.17,93117.15,93111.17,93117.15,300,45,0
2026.02.27 00:35:00,93105.17,93111.15,93105.17,93111.15,300,45,0
2026.02.27 00:30:00,93099.17,93105.15,93099.17,93105.15,300,45,0
2026.02.27 00:25:00,93122.76,93128.18,93098.61,93099.15,300,45,0
2026.02.27 00:20:00,93116.76,93122.74,93116.76,93122.74,300,45,0
2026.02.27 00:15:00,93110.76,93116.74,93110.76,93116.74,300,45,0
2026.02.27 00:10:00,93132.30,93132.46,93104.94,93110.74,300,45,0
2026.02.27 00:05:00,93126.30,93132.28,93126.30,93132.28,300,45,0
2026.02.27 00:00:00,93150.25,93156.11,93126.18,93126.28,300,45,0
2026.02.26 23:55:00,93199.51,93199.65,93144.41,93150.23,300,45,0
2026.02.26 23:50:00,93193.51,93199.49,93193.51,93199.49,300,45,0
2026.02.26 23:45:00,93237.43,93238.13,93192.05,93193.49,300,45,0
2026.02.26 23:40:00,93231.43,93237.41,93231.43,93237.41,300,45,0
2026.02.26 23:35:00,93225.43,93231.41,93225.43,93231.41,300,45,0
2026.02.26 23:30:00,93219.43,93225.41,93219.43,93225.41,300,45,0
2026.02.26 23:25:00,93213.43,93219.41,93213.43,93219.41,300,45,0
2026.02.26 23:20:00,93207.43,93213.41,93207.43,93213.41,300,45,0
2026.02.26 23:15:00,93201.43,93207.41,93201.43,93207.41,300,45,0
2026.02.26 23:10:00,93195.43,93201.41,93195.43,93201.41,300,45,0
2026.02.26 23:05:00,93189.43,93195.41,93189.43,93195.41,300,45,0
2026.02.26 23:00:00,93183.43,93189.41,93183.43,93189.41,300,45,0
2026.02.26 22:55:00,93177.43,93183.41,93177.43,93183.41,300,45,0
2026.02.26 22:50:00,93171.43,93177.41,93171.43,93177.41,300,45,0
2026.02.26 22:45:00,93198.02,93200.22,93167.65,93171.41,300,45,0
2026.02.26 22:40:00,93192.02,93198.00,93192.02,93198.00,300,45,0
2026.02.26 22:35:00,93186.02,93192.00,93186.02,93192.00,300,45,0
2026.02.26 22:30:00,93180.02,93186.00,93180.02,93186.00,300,45,0
2026.02.26 22:25:00,93191.56,93195.36,93177.84,93180.00,300,45,0
2026.02.26 22:20:00,93185.56,93191.54,93185.56,93191.54,300,45,0
2026.02.26 22:15:00,93179.56,93185.54,93179.56,93185.54,300,45,0
2026.02.26 22:10:00,93173.56,93179.54,93173.56,93179.54,300,45,0
2026.02.26 22:05:00,93167.56,93173.54,93167.56,93173.54,300,45,0
2026.02.26 22:00:00,93189.19,93195.11,93167.50,93167.54,300,45,0
2026.02.26 21:55:00,93183.19,93189.17,93183.19,93189.17,300,45,0
2026.02.26 21:50:00,93177.19,93183.17,93177.19,93183.17,300,45,0
2026.02.26 21:45:00,93171.19,93177.17,93171.19,93177.17,300,45,0
2026.02.26 21:40:00,93165.19,93171.17,93165.19,93171.17,300,45,0
2026.02.26 21:35:00,93159.19,93165.17,93159.19,93165.17,300,45,0
2026.02.26 21:30:00,93153.19,93159.17,93153.19,93159.17,300,45,0
2026.02.26 21:25:00,93161.92,93165.26,93150.55,93153.17,300,45,0
2026.02.26 21:20:00,93155.92,93161.90,93155.92,93161.90,300,45,0
2026.02.26 21:15:00,93149.92,93155.90,93149.92,93155.90,300,45,0
2026.02.26 21:10:00,93169.22,93174.86,93149.58,93149.90,300,45,0
2026.02.26 21:05:00,93163.22,93169.20,93163.22,93169.20,300,45,0
2026.02.26 21:00:00,93169.56,93175.16,93162.84,93163.20,300,45,0
2026.02.26 20:55:00,93163.56,93169.54,93163.56,93169.54,300,45,0
2026.02.26 20:50:00,93157.56,93163.54,93157.56,93163.54,300,45,0
2026.02.26 20:45:00,93151.56,93157.54,93151.56,93157.54,300,45,0
2026.02.26 20:40:00,93145.56,93151.54,93145.56,93151.54,300,45,0
2026.02.26 20:35:00,93139.56,93145.54,93139.56,93145.54,300,45,0
2026.02.26 20:30:00,93171.08,93172.24,93134.74,93139.54,300,45,0
2026.02.26 20:25:00,93189.67,93191.75,93167.18,93171.06,300,45,0
2026.02.26 20:20:00,93183.67,93189.65,93183.67,93189.65,300,45,0
2026.02.26 20:15:00,93177.67,93183.65,93177.67,93183.65,300,45,0
2026.02.26 20:10:00,93171.67,93177.65,93171.67,93177.65,300,45,0
2026.02.26 20:05:00,93178.81,93183.87,93170.75,93171.65,300,45,0
2026.02.26 20:00:00,93172.81,93178.79,93172.81,93178.79,300,45,0
2026.02.26 19:55:00,93180.09,93184.81,93171.55,93172.79,300,45,0
2026.02.26 19:50:00,93174.09,93180.07,93174.09,93180.07,300,45,0
2026.02.26 19:45:00,93168.09,93174.07,93168.09,93174.07,300,45,0
2026.02.26 19:40:00,93162.09,93168.07,93162.09,93168.07,300,45,0
2026.02.26 19:35:00,93156.09,93162.07,93156.09,93162.07,300,45,0
2026.02.26 19:30:00,93150.09,93156.07,93150.09,93156.07,300,45,0
2026.02.26 19:25:00,93144.09,93150.07,93144.09,93150.07,300,45,0
2026.02.26 19:20:00,93138.09,93144.07,93138.09,93144.07,300,45,0
2026.02.26 19:15:00,93132.09,93138.07,93132.09,93138.07,300,45,0
2026.02.26 19:10:00,93126.09,93132.07,93126.09,93132.07,300,45,0
2026.02.26 19:05:00,93135.62,93136.02,93120.51,93126.07,300,45,0
2026.02.26 19:00:00,93129.62,93135.60,93129.62,93135.60,300,45,0
2026.02.26 18:55:00,93123.62,93129.60,93123.62,93129.60,300,45,0
2026.02.26 18:50:00,93148.04,93149.74,93119.34,93123.60,300,45,0
2026.02.26 18:45:00,93142.04,93148.02,93142.04,93148.02,300,45,0
2026.02.26 18:40:00,93179.21,93181.13,93139.42,93142.02,300,45,0
2026.02.26 18:35:00,93173.21,93179.19,93173.21,93179.19,300,45,0
2026.02.26 18:30:00,93189.17,93192.95,93171.01,93173.19,300,45,0
2026.02.26 18:25:00,93196.01,93199.75,93186.93,93189.15,300,45,0
2026.02.26 18:20:00,93190.01,93195.99,93190.01,93195.99,300,45,0
2026.02.26 18:15:00,93184.01,93189.99,93184.01,93189.99,300,45,0
2026.02.26 18:10:00,93178.01,93183.99,93178.01,93183.99,300,45,0
2026.02.26 18:05:00,93198.75,93198.87,93172.15,93177.99,300,45,0
2026.02.26 18:00:00,93192.75,93198.73,93192.75,93198.73,300,45,0
2026.02.26 17:55:00,93186.75,93192.73,93186.75,93192.73,300,45,0
2026.02.26 17:50:00,93202.05,93203.83,93182.55,93186.73,300,45,0
2026.02.26 17:45:00,93196.05,93202.03,93196.05,93202.03,300,45,0
2026.02.26 17:40:00,93215.01,93220.59,93195.65,93196.03,300,45,0
2026.02.26 17:35:00,93209.01,93214.99,93209.01,93214.99,300,45,0
2026.02.26 17:30:00,93203.01,93208.99,93203.01,93208.99,300,45,0
2026.02.26 17:25:00,93197.01,93202.99,93197.01,93202.99,300,45,0
2026.02.26 17:20:00,93191.01,93196.99,93191.01,93196.99,300,45,0
2026.02.26 17:15:00,93185.01,93190.99,93185.01,93190.99,300,45,0
2026.02.26 17:10:00,93179.01,93184.99,93179.01,93184.99,300,45,0
2026.02.26 17:05:00,93173.01,93178.99,93173.01,93178.99,300,45,0
2026.02.26 17:00:00,93167.01,93172.99,93167.01,93172.99,300,45,0
2026.02.26 16:55:00,93161.01,93166.99,93161.01,93166.99,300,45,0
2026.02.26 16:50:00,93173.48,93178.70,93160.25,93160.99,300,45,0
2026.02.26 16:45:00,93167.48,93173.46,93167.48,93173.46,300,45,0
2026.02.26 16:40:00,93161.48,93167.46,93161.48,93167.46,300,45,0
2026.02.26 16:35:00,93195.95,93201.19,93160.74,93161.46,300,45,0
2026.02.26 16:30:00,93221.59,93223.11,93191.49,93195.93,300,45,0
2026.02.26 16:25:00,93215.59,93221.57,93215.59,93221.57,300,45,0
2026.02.26 16:20:00,93209.59,93215.57,93209.59,93215.57,300,45,0
2026.02.26 16:15:00,93203.59,93209.57,93203.59,93209.57,300,45,0
2026.02.26 16:10:00,93197.59,93203.57,93197.59,93203.57,300,45,0
2026.02.26 16:05:00,93191.59,93197.57,93191.59,93197.57,300,45,0
2026.02.26 16:00:00,93185.59,93191.57,93185.59,93191.57,300,45,0
2026.02.26 15:55:00,93191.92,93197.82,93185.51,93185.57,300,45,0
2026.02.26 15:50:00,93185.92,93191.90,93185.92,93191.90,300,45,0
2026.02.26 15:45:00,93202.13,93202.35,93180.16,93185.90,300,45,0
2026.02.26 15:40:00,93196.13,93202.11,93196.13,93202.11,300,45,0
2026.02.26 15:35:00,93190.13,93196.11,93190.13,93196.11,300,45,0
2026.02.26 15:30:00,93184.13,93190.11,93184.13,93190.11,300,45,0
2026.02.26 15:25:00,93178.13,93184.11,93178.13,93184.11,300,45,0
2026.02.26 15:20:00,93172.13,93178.11,93172.13,93178.11,300,45,0
2026.02.26 15:15:00,93166.13,93172.11,93166.13,93172.11,300,45,0
2026.02.26 15:10:00,93203.12,93204.60,93161.63,93166.11,300,45,0
2026.02.26 15:05:00,93197.12,93203.10,93197.12,93203.10,300,45,0
2026.02.26 15:00:00,93191.12,93197.10,93191.12,93197.10,300,45,0
2026.02.26 14:55:00,93185.12,93191.10,93185.12,93191.10,300,45,0
2026.02.26 14:50:00,93179.12,93185.10,93179.12,93185.10,300,45,0
2026.02.26 14:45:00,93173.12,93179.10,93173.12,93179.10,300,45,0
2026.02.26 14:40:00,93167.12,93173.10,93167.12,93173.10,300,45,0
2026.02.26 14:35:00,93183.47,93189.01,93166.68,93167.10,300,45,0
2026.02.26 14:30:00,93240.35,93241.91,93179.49,93183.45,300,45,0
2026.02.26 14:25:00,93234.35,93240.33,93234.35,93240.33,300,45,0
2026.02.26 14:20:00,93228.35,93234.33,93228.35,93234.33,300,45,0
2026.02.26 14:15:00,93222.35,93228.33,93222.35,93228.33,300,45,0
2026.02.26 14:10:00,93264.63,93268.73,93220.47,93222.33,300,45,0
2026.02.26 14:05:00,93258.63,93264.61,93258.63,93264.61,300,45,0
2026.02.26 14:00:00,93268.50,93270.60,93254.75,93258.61,300,45,0
2026.02.26 13:55:00,93262.50,93268.48,93262.50,93268.48,300,45,0
2026.02.26 13:50:00,93256.50,93262.48,93256.50,93262.48,300,45,0
2026.02.26 13:45:00,93279.19,93282.11,93253.44,93256.48,300,45,0
2026.02.26 13:40:00,93301.94,93304.54,93275.81,93279.17,300,45,0
2026.02.26 13:35:00,93295.94,93301.92,93295.94,93301.92,300,45,0
2026.02.26 13:30:00,93289.94,93295.92,93289.94,93295.92,300,45,0
2026.02.26 13:25:00,93283.94,93289.92,93283.94,93289.92,300,45,0
2026.02.26 13:20:00,93277.94,93283.92,93277.94,93283.92,300,45,0
2026.02.26 13:15:00,93271.94,93277.92,93271.94,93277.92,300,45,0
2026.02.26 13:10:00,93265.94,93271.92,93265.94,93271.92,300,45,0
2026.02.26 13:05:00,93275.76,93276.38,93260.58,93265.92,300,45,0
2026.02.26 13:00:00,93269.76,93275.74,93269.76,93275.74,300,45,0
2026.02.26 12:55:00,93263.76,93269.74,93263.76,93269.74,300,45,0
2026.02.26 12:50:00,93257.76,93263.74,93257.76,93263.74,300,45,0
2026.02.26 12:45:00,93251.76,93257.74,93251.76,93257.74,300,45,0
2026.02.26 12:40:00,93245.76,93251.74,93245.76,93251.74,300,45,0
2026.02.26 12:35:00,93239.76,93245.74,93239.76,93245.74,300,45,0
2026.02.26 12:30:00,93233.76,93239.74,93233.76,93239.74,300,45,0
2026.02.26 12:25:00,93227.76,93233.74,93227.76,93233.74,300,45,0
2026.02.26 12:20:00,93260.82,93262.64,93223.60,93227.74,300,45,0
2026.02.26 12:15:00,93299.28,93300.08,93255.98,93260.80,300,45,0
2026.02.26 12:10:00,93293.28,93299.26,93293.28,93299.26,300,45,0
2026.02.26 12:05:00,93287.28,93293.26,93287.28,93293.26,300,45,0
2026.02.26 12:00:00,93281.28,93287.26,93281.28,93287.26,300,45,0
2026.02.26 11:55:00,93296.73,93298.17,93276.74,93281.26,300,45,0
2026.02.26 11:50:00,93314.99,93320.17,93295.93,93296.71,300,45,0
2026.02.26 11:45:00,93308.99,93314.97,93308.99,93314.97,300,45,0
2026.02.26 11:40:00,93342.13,93345.01,93305.89,93308.97,300,45,0
2026.02.26 11:35:00,93375.02,93380.06,93341.19,93342.11,300,45,0
2026.02.26 11:30:00,93369.02,93375.00,93369.02,93375.00,300,45,0
2026.02.26 11:25:00,93363.02,93369.00,93363.02,93369.00,300,45,0
2026.02.26 11:20:00,93357.02,93363.00,93357.02,93363.00,300,45,0
2026.02.26 11:15:00,93363.50,93368.14,93355.68,93357.00,300,45,0
2026.02.26 11:10:00,93357.50,93363.48,93357.50,93363.48,300,45,0
2026.02.26 11:05:00,93351.50,93357.48,93351.50,93357.48,300,45,0
2026.02.26 11:00:00,93345.50,93351.48,93345.50,93351.48,300,45,0
2026.02.26 10:55:00,93339.50,93345.48,93339.50,93345.48,300,45,0
2026.02.26 10:50:00,93333.50,93339.48,93333.50,93339.48,300,45,0
2026.02.26 10:45:00,93340.45,93343.33,93330.40,93333.48,300,45,0
2026.02.26 10:40:00,93334.45,93340.43,93334.45,93340.43,300,45,0
2026.02.26 10:35:00,93360.73,93361.47,93329.21,93334.43,300,45,0
2026.02.26 10:30:00,93366.83,93371.69,93359.61,93360.71,300,45,0
2026.02.26 10:25:00,93373.45,93373.97,93361.37,93366.81,300,45,0
2026.02.26 10:20:00,93367.45,93373.43,93367.45,93373.43,300,45,0
2026.02.26 10:15:00,93361.45,93367.43,93361.45,93367.43,300,45,0
2026.02.26 10:10:00,93355.45,93361.43,93355.45,93361.43,300,45,0
2026.02.26 10:05:00,93349.45,93355.43,93349.45,93355.43,300,45,0
2026.02.26 10:00:00,93343.45,93349.43,93343.45,93349.43,300,45,0
2026.02.26 09:55:00,93337.45,93343.43,93337.45,93343.43,300,45,0
2026.02.26 09:50:00,93331.45,93337.43,93331.45,93337.43,300,45,0
2026.02.26 09:45:00,93325.45,93331.43,93325.45,93331.43,300,45,0
2026.02.26 09:40:00,93319.45,93325.43,93319.45,93325.43,300,45,0
2026.02.26 09:35:00,93313.45,93319.43,93313.45,93319.43,300,45,0
2026.02.26 09:30:00,93307.57,93313.43,93307.57,93313.43,294,45,0
2026.02.26 09:25:00,93330.63,93332.91,93303.87,93307.55,300,45,0
2026.02.26 09:20:00,93324.63,93330.61,93324.63,93330.61,300,45,0
2026.02.26 09:15:00,93318.63,93324.61,93318.63,93324.61,300,45,0
2026.02.26 09:10:00,93312.63,93318.61,93312.63,93318.61,300,45,0
2026.02.26 09:05:00,93306.63,93312.61,93306.63,93312.61,300,45,0
2026.02.26 09:00:00,93300.63,93306.61,93300.63,93306.61,300,45,0
2026.02.26 08:55:00,93306.78,93312.02,93299.89,93300.61,300,45,0
2026.02.26 08:50:00,93330.53,93335.07,93305.34,93306.76,300,45,0
2026.02.26 08:45:00,93324.53,93330.51,93324.53,93330.51,300,45,0
2026.02.26 08:40:00,93318.53,93324.51,93318.53,93324.51,300,45,0
2026.02.26 08:35:00,93312.53,93318.51,93312.53,93318.51,300,45,0
2026.02.26 08:30:00,93306.51,93312.51,93306.51,93312.51,301,45,0
2026.02.26 08:25:00,93300.51,93306.49,93300.51,93306.49,300,45,0
2026.02.26 08:20:00,93326.94,93329.14,93296.73,93300.49,300,45,0
2026.02.26 08:15:00,93320.94,93326.92,93320.94,93326.92,300,45,0
2026.02.26 08:10:00,93314.94,93320.92,93314.94,93320.92,300,45,0
2026.02.26 08:05:00,93308.94,93314.92,93308.94,93314.92,300,45,0
2026.02.26 08:00:00,93302.94,93308.92,93302.94,93308.92,300,45,0
2026.02.26 07:55:00,93296.94,93302.92,93296.94,93302.92,300,45,0
2026.02.26 07:50:00,93290.94,93296.92,93290.94,93296.92,300,45,0
2026.02.26 07:45:00,93284.94,93290.92,93284.94,93290.92,300,45,0
2026.02.26 07:40:00,93278.94,93284.92,93278.94,93284.92,300,45,0
2026.02.26 07:35:00,93272.94,93278.92,93272.94,93278.92,300,45,0
2026.02.26 07:30:00,93266.94,93272.92,93266.94,93272.92,300,45,0
2026.02.26 07:25:00,93260.94,93266.92,93260.94,93266.92,300,45,0
2026.02.26 07:20:00,93254.94,93260.92,93254.94,93260.92,300,45,0
2026.02.26 07:15:00,93248.94,93254.92,93248.94,93254.92,300,45,0
2026.02.26 07:10:00,93242.94,93248.92,93242.94,93248.92,300,45,0
2026.02.26 07:05:00,93236.94,93242.92,93236.94,93242.92,300,45,0
2026.02.26 07:00:00,93230.94,93236.92,93230.94,93236.92,300,45,0
2026.02.26 06:55:00,93254.38,93256.78,93228.36,93230.92,300,45,0
2026.02.26 06:50:00,93248.38,93254.36,93248.38,93254.36,300,45,0
2026.02.26 06:45:00,93242.38,93248.36,93242.38,93248.36,300,45,0
2026.02.26 06:40:00,93236.38,93242.36,93236.38,93242.36,300,45,0
2026.02.26 06:35:00,93230.38,93236.36,93230.38,93236.36,300,45,0
2026.02.26 06:30:00,93224.38,93230.36,93224.38,93230.36,300,45,0
2026.02.26 06:25:00,93253.01,93255.03,93220.42,93224.36,300,45,0
2026.02.26 06:20:00,93247.01,93252.99,93247.01,93252.99,300,45,0
2026.02.26 06:15:00,93241.01,93246.99,93241.01,93246.99,300,45,0
2026.02.26 06:10:00,93235.01,93240.99,93235.01,93240.99,300,45,0
2026.02.26 06:05:00,93229.01,93234.99,93229.01,93234.99,300,45,0
2026.02.26 06:00:00,93223.01,93228.99,93223.01,93228.99,300,45,0
2026.02.26 05:55:00,93217.01,93222.99,93217.01,93222.99,300,45,0
2026.02.26 05:50:00,93211.01,93216.99,93211.01,93216.99,300,45,0
2026.02.26 05:45:00,93205.01,93210.99,93205.01,93210.99,300,45,0
2026.02.26 05:40:00,93255.22,93256.54,93201.03,93204.99,300,45,0
2026.02.26 05:35:00,93249.22,93255.20,93249.22,93255.20,300,45,0
2026.02.26 05:30:00,93243.22,93249.20,93243.22,93249.20,300,45,0
2026.02.26 05:25:00,93237.22,93243.20,93237.22,93243.20,300,45,0
2026.02.26 05:20:00,93256.25,93256.75,93231.74,93237.20,300,45,0
2026.02.26 05:15:00,93274.44,93278.28,93254.11,93256.23,300,45,0
2026.02.26 05:10:00,93301.93,93305.95,93272.48,93274.42,300,45,0
2026.02.26 05:05:00,93322.61,93327.23,93300.57,93301.91,300,45,0
2026.02.26 05:00:00,93332.11,93335.11,93319.63,93322.59,300,45,0
2026.02.26 04:55:00,93352.46,93357.26,93330.93,93332.09,300,45,0
2026.02.26 04:50:00,93346.46,93352.44,93346.46,93352.44,300,45,0
2026.02.26 04:45:00,93340.46,93346.44,93340.46,93346.44,300,45,0
2026.02.26 04:40:00,93334.46,93340.44,93334.46,93340.44,300,45,0
2026.02.26 04:35:00,93354.50,93355.06,93329.04,93334.44,300,45,0
2026.02.26 04:30:00,93348.50,93354.48,93348.50,93354.48,300,45,0
2026.02.26 04:25:00,93342.50,93348.48,93342.50,93348.48,300,45,0
2026.02.26 04:20:00,93366.44,93367.02,93337.10,93342.48,300,45,0
2026.02.26 04:15:00,93360.44,93366.42,93360.44,93366.42,300,45,0
2026.02.26 04:10:00,93382.58,93383.84,93355.72,93360.42,300,45,0
2026.02.26 04:05:00,93376.58,93382.56,93376.58,93382.56,300,45,0
2026.02.26 04:00:00,93370.58,93376.56,93370.58,93376.56,300,45,0
2026.02.26 03:55:00,93364.58,93370.56,93364.58,93370.56,300,45,0
2026.02.26 03:50:00,93358.58,93364.56,93358.58,93364.56,300,45,0
2026.02.26 03:45:00,93352.58,93358.56,93352.58,93358.56,300,45,0
2026.02.26 03:40:00,93369.29,93369.59,93346.90,93352.56,300,45,0
2026.02.26 03:35:00,93363.29,93369.27,93363.29,93369.27,300,45,0
2026.02.26 03:30:00,93357.29,93363.27,93357.29,93363.27,300,45,0
2026.02.26 03:25:00,93351.29,93357.27,93351.29,93357.27,300,45,0
2026.02.26 03:20:00,93345.29,93351.27,93345.29,93351.27,300,45,0
2026.02.26 03:15:00,93339.29,93345.27,93339.29,93345.27,300,45,0
2026.02.26 03:10:00,93333.29,93339.27,93333.29,93339.27,300,45,0
2026.02.26 03:05:00,93327.29,93333.27,93327.29,93333.27,300,45,0
2026.02.26 03:00:00,93321.29,93327.27,93321.29,93327.27,300,45,0
2026.02.26 02:55:00,93315.29,93321.27,93315.29,93321.27,300,45,0
2026.02.26 02:50:00,93309.29,93315.27,93309.29,93315.27,300,45,0
2026.02.26 02:45:00,93303.29,93309.27,93303.29,93309.27,300,45,0
2026.02.26 02:40:00,93297.29,93303.27,93297.29,93303.27,300,45,0
2026.02.26 02:35:00,93317.42,93319.98,93293.87,93297.27,300,45,0
2026.02.26 02:30:00,93334.76,93340.42,93317.10,93317.40,300,45,0
2026.02.26 02:25:00,93328.76,93334.74,93328.76,93334.74,300,45,0
2026.02.26 02:20:00,93322.76,93328.74,93322.76,93328.74,300,45,0
2026.02.26 02:15:00,93357.49,93357.79,93317.08,93322.74,300,45,0
2026.02.26 02:10:00,93351.49,93357.47,93351.49,93357.47,300,45,0
2026.02.26 02:05:00,93345.49,93351.47,93345.49,93351.47,300,45,0
2026.02.26 02:00:00,93352.45,93353.05,93340.11,93345.47,300,45,0
2026.02.26 01:55:00,93346.45,93352.43,93346.45,93352.43,300,45,0
2026.02.26 01:50:00,93340.45,93346.43,93340.45,93346.43,300,45,0
2026.02.26 01:45:00,93334.45,93340.43,93334.45,93340.43,300,45,0
2026.02.26 01:40:00,93328.45,93334.43,93328.45,93334.43,300,45,0
2026.02.26 01:35:00,93322.45,93328.43,93322.45,93328.43,300,45,0
2026.02.26 01:30:00,93316.45,93322.43,93316.45,93322.43,300,45,0
2026.02.26 01:25:00,93354.33,93359.69,93315.83,93316.43,300,45,0
2026.02.26 01:20:00,93348.33,93354.31,93348.33,93354.31,300,45,0
2026.02.26 01:15:00,93376.73,93380.35,93345.97,93348.31,300,45,0
2026.02.26 01:10:00,93388.22,93390.16,93372.69,93376.71,300,45,0
2026.02.26 01:05:00,93382.22,93388.20,93382.22,93388.20,300,45,0
2026.02.26 01:00:00,93433.49,93436.55,93379.34,93382.20,300,45,0
2026.02.26 00:55:00,93427.49,93433.47,93427.49,93433.47,300,45,0
2026.02.26 00:50:00,93421.49,93427.47,93421.49,93427.47,300,45,0
2026.02.26 00:45:00,93415.49,93421.47,93415.49,93421.47,300,45,0
2026.02.26 00:40:00,93426.67,93429.49,93412.33,93415.47,300,45,0
2026.02.26 00:35:00,93420.67,93426.65,93420.67,93426.65,300,45,0
2026.02.26 00:30:00,93414.67,93420.65,93414.67,93420.65,300,45,0
2026.02.26 00:25:00,93408.67,93414.65,93408.67,93414.65,300,45,0
2026.02.26 00:20:00,93402.67,93408.65,93402.67,93408.65,300,45,0
2026.02.26 00:15:00,93396.67,93402.65,93396.67,93402.65,300,45,0
2026.02.26 00:10:00,93390.67,93396.65,93390.67,93396.65,300,45,0
2026.02.26 00:05:00,93384.67,93390.65,93384.67,93390.65,300,45,0
2026.02.26 00:00:00,93378.67,93384.65,93378.67,93384.65,300,45,0
2026.02.25 23:55:00,93394.85,93400.49,93378.33,93378.65,300,45,0
2026.02.25 23:50:00,93388.85,93394.83,93388.85,93394.83,300,45,0
2026.02.25 23:45:00,93382.85,93388.83,93382.85,93388.83,300,45,0
2026.02.25 23:40:00,93409.00,93412.84,93380.71,93382.83,300,45,0
2026.02.25 23:35:00,93403.00,93408.98,93403.00,93408.98,300,45,0
2026.02.25 23:30:00,93397.00,93402.98,93397.00,93402.98,300,45,0
2026.02.25 23:25:00,93452.74,93453.38,93391.98,93396.98,301,45,0
2026.02.25 23:20:00,93446.74,93452.72,93446.74,93452.72,300,45,0
2026.02.25 23:15:00,93440.74,93446.72,93440.74,93446.72,300,45,0
2026.02.25 23:10:00,93434.74,93440.72,93434.74,93440.72,300,45,0
2026.02.25 23:05:00,93455.05,93457.89,93431.60,93434.72,300,45,0
2026.02.25 23:00:00,93478.50,93481.94,93452.51,93455.03,300,45,0
2026.02.25 22:55:00,93472.50,93478.48,93472.50,93478.48,300,45,0
2026.02.25 22:50:00,93466.50,93472.48,93466.50,93472.48,300,45,0
2026.02.25 22:45:00,93460.50,93466.48,93460.50,93466.48,300,45,0
2026.02.25 22:40:00,93454.50,93460.48,93454.50,93460.48,300,45,0
2026.02.25 22:35:00,93448.50,93454.48,93448.50,93454.48,300,45,0
2026.02.25 22:30:00,93442.50,93448.48,93442.50,93448.48,300,45,0
2026.02.25 22:25:00,93436.50,93442.48,93436.50,93442.48,300,45,0
2026.02.25 22:20:00,93430.50,93436.48,93430.50,93436.48,300,45,0
2026.02.25 22:15:00,93436.64,93437.74,93425.62,93430.48,300,45,0
2026.02.25 22:10:00,93452.84,93457.46,93435.28,93436.62,300,45,0
2026.02.25 22:05:00,93446.84,93452.82,93446.84,93452.82,300,45,0
2026.02.25 22:00:00,93440.84,93446.82,93440.84,93446.82,300,45,0
2026.02.25 21:55:00,93434.84,93440.82,93434.84,93440.82,300,45,0
2026.02.25 21:50:00,93428.84,93434.82,93428.84,93434.82,300,45,0
2026.02.25 21:45:00,93422.84,93428.82,93422.84,93428.82,300,45,0
2026.02.25 21:40:00,93416.84,93422.82,93416.84,93422.82,300,45,0
2026.02.25 21:35:00,93410.84,93416.82,93410.84,93416.82,300,45,0
2026.02.25 21:30:00,93404.84,93410.82,93404.84,93410.82,300,45,0
2026.02.25 21:25:00,93422.34,93422.40,93398.92,93404.82,300,45,0
2026.02.25 21:20:00,93438.20,93439.90,93418.06,93422.32,300,45,0
2026.02.25 21:15:00,93432.20,93438.18,93432.20,93438.18,300,45,0
2026.02.25 21:10:00,93426.20,93432.18,93426.20,93432.18,300,45,0
2026.02.25 21:05:00,93420.20,93426.18,93420.20,93426.18,300,45,0
2026.02.25 21:00:00,93414.20,93420.18,93414.20,93420.18,300,45,0
2026.02.25 20:55:00,93408.20,93414.18,93408.20,93414.18,300,45,0
2026.02.25 20:50:00,93435.83,93438.91,93405.30,93408.18,300,45,0
2026.02.25 20:45:00,93429.83,93435.81,93429.83,93435.81,300,45,0
2026.02.25 20:40:00,93423.83,93429.81,93423.83,93429.81,300,45,0
2026.02.25 20:35:00,93417.83,93423.81,93417.83,93423.81,300,45,0
2026.02.25 20:30:00,93411.83,93417.81,93411.83,93417.81,300,45,0
2026.02.25 20:25:00,93436.66,93440.32,93409.51,93411.81,300,45,0
2026.02.25 20:20:00,93430.66,93436.64,93430.66,93436.64,300,45,0
2026.02.25 20:15:00,93424.66,93430.64,93424.66,93430.64,300,45,0
2026.02.25 20:10:00,93418.66,93424.64,93418.66,93424.64,300,45,0
2026.02.25 20:05:00,93412.66,93418.64,93412.66,93418.64,300,45,0
2026.02.25 20:00:00,93406.66,93412.64,93406.66,93412.64,300,45,0
2026.02.25 19:55:00,93417.72,93420.66,93403.62,93406.64,300,45,0
2026.02.25 19:50:00,93411.72,93417.70,93411.72,93417.70,300,45,0
2026.02.25 19:45:00,93405.72,93411.70,93405.72,93411.70,300,45,0
2026.02.25 19:40:00,93439.13,93442.23,93402.84,93405.70,300,45,0
2026.02.25 19:35:00,93433.13,93439.11,93433.13,93439.11,300,45,0
2026.02.25 19:30:00,93427.13,93433.11,93427.13,93433.11,300,45,0
2026.02.25 19:25:00,93468.79,93469.97,93423.85,93427.11,300,45,0
2026.02.25 19:20:00,93462.79,93468.77,93462.79,93468.77,300,45,0
2026.02.25 19:15:00,93456.79,93462.77,93456.79,93462.77,300,45,0
2026.02.25 19:10:00,93467.69,93471.07,93454.19,93456.77,300,45,0
2026.02.25 19:05:00,93461.69,93467.67,93461.69,93467.67,300,45,0
2026.02.25 19:00:00,93477.21,93482.11,93460.61,93461.67,300,45,0
2026.02.25 18:55:00,93471.21,93477.19,93471.21,93477.19,300,45,0
2026.02.25 18:50:00,93465.21,93471.19,93465.21,93471.19,300,45,0
2026.02.25 18:45:00,93459.21,93465.19,93459.21,93465.19,300,45,0
2026.02.25 18:40:00,93475.07,93477.29,93455.45,93459.19,300,45,0
2026.02.25 18:35:00,93502.27,93505.17,93471.99,93475.05,300,45,0
2026.02.25 18:30:00,93496.27,93502.25,93496.27,93502.25,300,45,0
2026.02.25 18:25:00,93490.27,93496.25,93490.27,93496.25,300,45,0
2026.02.25 18:20:00,93484.27,93490.25,93484.27,93490.25,300,45,0
2026.02.25 18:15:00,93478.27,93484.25,93478.27,93484.25,300,45,0
2026.02.25 18:10:00,93472.27,93478.25,93472.27,93478.25,300,45,0
2026.02.25 18:05:00,93466.27,93472.25,93466.27,93472.25,300,45,0
2026.02.25 18:00:00,93460.27,93466.25,93460.27,93466.25,300,45,0
2026.02.25 17:55:00,93454.27,93460.25,93454.27,93460.25,300,45,0
2026.02.25 17:50:00,93448.27,93454.25,93448.27,93454.25,300,45,0
2026.02.25 17:45:00,93442.27,93448.25,93442.27,93448.25,300,45,0
2026.02.25 17:40:00,93436.27,93442.25,93436.27,93442.25,300,45,0
2026.02.25 17:35:00,93430.27,93436.25,93430.27,93436.25,300,45,0
2026.02.25 17:30:00,93447.06,93447.76,93424.99,93430.25,300,45,0
2026.02.25 17:25:00,93463.41,93463.43,93441.10,93447.04,300,45,0
2026.02.25 17:20:00,93469.75,93475.71,93463.39,93463.39,300,45,0
2026.02.25 17:15:00,93463.75,93469.73,93463.75,93469.73,300,45,0
2026.02.25 17:10:00,93457.75,93463.73,93457.75,93463.73,300,45,0
2026.02.25 17:05:00,93451.75,93457.73,93451.75,93457.73,300,45,0
2026.02.25 17:00:00,93445.75,93451.73,93445.75,93451.73,300,45,0
2026.02.25 16:55:00,93439.75,93445.73,93439.75,93445.73,300,45,0
2026.02.25 16:50:00,93433.75,93439.73,93433.75,93439.73,300,45,0
2026.02.25 16:45:00,93465.29,93465.43,93427.91,93433.73,300,45,0
2026.02.25 16:40:00,93459.29,93465.27,93459.29,93465.27,300,45,0
2026.02.25 16:35:00,93453.29,93459.27,93453.29,93459.27,300,45,0
2026.02.25 16:30:00,93447.29,93453.27,93447.29,93453.27,300,45,0
2026.02.25 16:25:00,93495.76,93496.18,93443.77,93447.27,300,45,0
2026.02.25 16:20:00,93489.76,93495.74,93489.76,93495.74,300,45,0
2026.02.25 16:15:00,93483.76,93489.74,93483.76,93489.74,300,45,0
2026.02.25 16:10:00,93508.90,93513.56,93482.44,93483.74,300,45,0
2026.02.25 16:05:00,93502.90,93508.88,93502.90,93508.88,300,45,0
2026.02.25 16:00:00,93496.90,93502.88,93496.90,93502.88,300,45,0
2026.02.25 15:55:00,93514.84,93515.48,93491.56,93496.88,300,45,0
2026.02.25 15:50:00,93508.84,93514.82,93508.84,93514.82,300,45,0
2026.02.25 15:45:00,93502.84,93508.82,93502.84,93508.82,300,45,0
2026.02.25 15:40:00,93514.37,93519.03,93501.52,93502.82,300,45,0
2026.02.25 15:35:00,93532.10,93535.10,93511.39,93514.35,300,45,0
2026.02.25 15:30:00,93526.10,93532.08,93526.10,93532.08,300,45,0
2026.02.25 15:25:00,93520.10,93526.08,93520.10,93526.08,300,45,0
2026.02.25 15:20:00,93514.10,93520.08,93514.10,93520.08,300,45,0
2026.02.25 15:15:00,93537.50,93540.62,93511.24,93514.08,300,45,0
2026.02.25 15:10:00,93531.50,93537.48,93531.50,93537.48,300,45,0
2026.02.25 15:05:00,93525.50,93531.48,93525.50,93531.48,300,45,0
2026.02.25 15:00:00,93519.50,93525.48,93519.50,93525.48,300,45,0
2026.02.25 14:55:00,93513.50,93519.48,93513.50,93519.48,300,45,0
2026.02.25 14:50:00,93507.50,93513.48,93507.50,93513.48,300,45,0
2026.02.25 14:45:00,93524.20,93526.26,93503.58,93507.48,300,45,0
2026.02.25 14:40:00,93518.20,93524.18,93518.20,93524.18,300,45,0
2026.02.25 14:35:00,93512.20,93518.18,93512.20,93518.18,300,45,0
2026.02.25 14:30:00,93506.20,93512.18,93506.20,93512.18,300,45,0
2026.02.25 14:25:00,93527.89,93532.01,93504.34,93506.18,300,45,0
2026.02.25 14:20:00,93521.89,93527.87,93521.89,93527.87,300,45,0
2026.02.25 14:15:00,93515.89,93521.87,93515.89,93521.87,300,45,0
2026.02.25 14:10:00,93509.89,93515.87,93509.89,93515.87,300,45,0
2026.02.25 14:05:00,93537.95,93539.61,93505.55,93509.87,301,45,0
2026.02.25 14:00:00,93580.60,93580.74,93537.43,93537.93,300,45,0
2026.02.25 13:55:00,93574.60,93580.58,93574.60,93580.58,300,45,0
2026.02.25 13:50:00,93568.60,93574.58,93568.60,93574.58,300,45,0
2026.02.25 13:45:00,93594.63,93595.11,93568.38,93568.58,300,45,0
2026.02.25 13:40:00,93588.63,93594.61,93588.63,93594.61,300,45,0
2026.02.25 13:35:00,93606.19,93610.59,93587.05,93588.61,300,45,0
2026.02.25 13:30:00,93651.39,93651.81,93601.47,93606.17,300,45,0
2026.02.25 13:25:00,93665.99,93671.59,93651.01,93651.37,300,45,0
2026.02.25 13:20:00,93659.99,93665.97,93659.99,93665.97,300,45,0
2026.02.25 13:15:00,93679.55,93680.21,93654.67,93659.97,300,45,0
2026.02.25 13:10:00,93673.55,93679.53,93673.55,93679.53,300,45,0
2026.02.25 13:05:00,93667.55,93673.53,93667.55,93673.53,300,45,0
2026.02.25 13:00:00,93705.03,93710.45,93666.99,93667.53,300,45,0
2026.02.25 12:55:00,93699.03,93705.01,93699.03,93705.01,300,45,0
2026.02.25 12:50:00,93693.03,93699.01,93693.03,93699.01,300,45,0
2026.02.25 12:45:00,93709.74,93714.26,93691.57,93693.01,300,45,0
2026.02.25 12:40:00,93703.74,93709.72,93703.74,93709.72,300,45,0
2026.02.25 12:35:00,93697.74,93703.72,93697.74,93703.72,300,45,0
2026.02.25 12:30:00,93691.74,93697.72,93691.74,93697.72,300,45,0
2026.02.25 12:25:00,93685.74,93691.72,93685.74,93691.72,300,45,0
2026.02.25 12:20:00,93710.42,93713.48,93682.82,93685.72,300,45,0
2026.02.25 12:15:00,93704.42,93710.40,93704.42,93710.40,300,45,0
2026.02.25 12:10:00,93698.42,93704.40,93698.42,93704.40,300,45,0
2026.02.25 12:05:00,93692.42,93698.40,93692.42,93698.40,300,45,0
2026.02.25 12:00:00,93686.42,93692.40,93686.42,93692.40,300,45,0
2026.02.25 11:55:00,93680.42,93686.40,93680.42,93686.40,300,45,0
2026.02.25 11:50:00,93674.42,93680.40,93674.42,93680.40,300,45,0
2026.02.25 11:45:00,93668.42,93674.40,93668.42,93674.40,300,45,0
2026.02.25 11:40:00,93675.20,93678.28,93665.52,93668.40,300,45,0
2026.02.25 11:35:00,93669.20,93675.18,93669.20,93675.18,300,45,0
2026.02.25 11:30:00,93663.20,93669.18,93663.20,93669.18,300,45,0
2026.02.25 11:25:00,93657.20,93663.18,93657.20,93663.18,300,45,0
2026.02.25 11:20:00,93651.20,93657.18,93651.20,93657.18,300,45,0
2026.02.25 11:15:00,93645.20,93651.18,93645.20,93651.18,300,45,0
2026.02.25 11:10:00,93651.67,93654.69,93642.24,93645.18,300,45,0
2026.02.25 11:05:00,93645.67,93651.65,93645.67,93651.65,300,45,0
2026.02.25 11:00:00,93639.67,93645.65,93639.67,93645.65,300,45,0
2026.02.25 10:55:00,93633.67,93639.65,93633.67,93639.65,300,45,0
2026.02.25 10:50:00,93671.42,93672.08,93629.89,93633.65,300,45,0
2026.02.25 10:45:00,93680.13,93684.89,93670.20,93671.40,300,45,0
2026.02.25 10:40:00,93700.57,93704.33,93677.91,93680.11,300,45,0
2026.02.25 10:35:00,93694.57,93700.55,93694.57,93700.55,300,45,0
2026.02.25 10:30:00,93688.57,93694.55,93688.57,93694.55,300,45,0
2026.02.25 10:25:00,93682.57,93688.55,93682.57,93688.55,300,45,0
2026.02.25 10:20:00,93676.57,93682.55,93676.57,93682.55,300,45,0
2026.02.25 10:15:00,93670.57,93676.55,93670.57,93676.55,300,45,0
2026.02.25 10:10:00,93664.57,93670.55,93664.57,93670.55,300,45,0
2026.02.25 10:05:00,93688.04,93688.06,93658.61,93664.55,300,45,0
2026.02.25 10:00:00,93682.04,93688.02,93682.04,93688.02,300,45,0
2026.02.25 09:55:00,93676.04,93682.02,93676.04,93682.02,300,45,0
2026.02.25 09:50:00,93670.04,93676.02,93670.04,93676.02,300,45,0
2026.02.25 09:45:00,93689.40,93689.84,93664.50,93670.02,300,45,0
2026.02.25 09:40:00,93683.40,93689.38,93683.40,93689.38,300,45,0
2026.02.25 09:35:00,93677.40,93683.38,93677.40,93683.38,300,45,0
2026.02.25 09:30:00,93671.40,93677.38,93671.40,93677.38,300,45,0
2026.02.25 09:25:00,93665.40,93671.38,93665.40,93671.38,300,45,0
2026.02.25 09:20:00,93684.55,93686.15,93661.02,93665.38,300,45,0
2026.02.25 09:15:00,93678.55,93684.53,93678.55,93684.53,300,45,0
2026.02.25 09:10:00,93693.18,93695.04,93674.43,93678.53,300,45,0
2026.02.25 09:05:00,93687.18,93693.16,93687.18,93693.16,300,45,0
2026.02.25 09:00:00,93706.99,93707.71,93681.92,93687.16,300,45,0
2026.02.25 08:55:00,93700.99,93706.97,93700.99,93706.97,300,45,0
2026.02.25 08:50:00,93694.99,93700.97,93694.99,93700.97,300,45,0
2026.02.25 08:45:00,93720.18,93720.60,93689.43,93694.97,300,45,0
2026.02.25 08:40:00,93714.18,93720.16,93714.18,93720.16,300,45,0
2026.02.25 08:35:00,93708.18,93714.16,93708.18,93714.16,300,45,0
2026.02.25 08:30:00,93702.18,93708.16,93702.18,93708.16,300,45,0
2026.02.25 08:25:00,93746.53,93749.65,93699.60,93702.16,300,45,0
2026.02.25 08:20:00,93740.53,93746.51,93740.53,93746.51,300,45,0
2026.02.25 08:15:00,93734.53,93740.51,93734.53,93740.51,300,45,0
2026.02.25 08:10:00,93728.53,93734.51,93728.53,93734.51,300,45,0
2026.02.25 08:05:00,93722.53,93728.51,93722.53,93728.51,300,45,0
2026.02.25 08:00:00,93731.17,93733.31,93718.69,93722.51,300,45,0
2026.02.25 07:55:00,93725.17,93731.15,93725.17,93731.15,300,45,0
2026.02.25 07:50:00,93719.17,93725.15,93719.17,93725.15,300,45,0
2026.02.25 07:45:00,93713.17,93719.15,93713.17,93719.15,300,45,0
2026.02.25 07:40:00,93707.17,93713.15,93707.17,93713.15,300,45,0
2026.02.25 07:35:00,93701.17,93707.15,93701.17,93707.15,300,45,0
2026.02.25 07:30:00,93713.56,93718.02,93699.65,93701.15,300,45,0
2026.02.25 07:25:00,93707.56,93713.54,93707.56,93713.54,300,45,0
2026.02.25 07:20:00,93724.90,93729.60,93706.28,93707.54,300,45,0
2026.02.25 07:15:00,93718.90,93724.88,93718.90,93724.88,300,45,0
2026.02.25 07:10:00,93712.90,93718.88,93712.90,93718.88,300,45,0
2026.02.25 07:05:00,93722.75,93723.01,93707.18,93712.88,300,45,0
2026.02.25 07:00:00,93716.75,93722.73,93716.75,93722.73,300,45,0
2026.02.25 06:55:00,93710.75,93716.73,93710.75,93716.73,300,45,0
2026.02.25 06:50:00,93704.75,93710.73,93704.75,93710.73,300,45,0
2026.02.25 06:45:00,93698.75,93704.73,93698.75,93704.73,300,45,0
2026.02.25 06:40:00,93692.75,93698.73,93692.75,93698.73,300,45,0
2026.02.25 06:35:00,93686.75,93692.73,93686.75,93692.73,300,45,0
2026.02.25 06:30:00,93680.75,93686.73,93680.75,93686.73,300,45,0
2026.02.25 06:25:00,93674.75,93680.73,93674.75,93680.73,300,45,0
2026.02.25 06:20:00,93668.75,93674.73,93668.75,93674.73,300,45,0
2026.02.25 06:15:00,93662.75,93668.73,93662.75,93668.73,300,45,0
2026.02.25 06:10:00,93676.39,93681.43,93661.81,93662.73,300,45,0
2026.02.25 06:05:00,93670.39,93676.37,93670.39,93676.37,300,45,0
2026.02.25 06:00:00,93664.39,93670.37,93664.39,93670.37,300,45,0
2026.02.25 05:55:00,93658.39,93664.37,93658.39,93664.37,300,45,0
2026.02.25 05:50:00,93652.39,93658.37,93652.39,93658.37,300,45,0
2026.02.25 05:45:00,93646.39,93652.37,93646.39,93652.37,300,45,0
2026.02.25 05:40:00,93640.39,93646.37,93640.39,93646.37,300,45,0
2026.02.25 05:35:00,93634.39,93640.37,93634.39,93640.37,300,45,0
2026.02.25 05:30:00,93628.39,93634.37,93628.39,93634.37,300,45,0
2026.02.25 05:25:00,93655.13,93656.93,93624.21,93628.37,300,45,0
2026.02.25 05:20:00,93649.13,93655.11,93649.13,93655.11,300,45,0
2026.02.25 05:15:00,93643.13,93649.11,93643.13,93649.11,300,45,0
2026.02.25 05:10:00,93637.13,93643.11,93637.13,93643.11,300,45,0
2026.02.25 05:05:00,93631.13,93637.11,93631.13,93637.11,300,45,0
2026.02.25 05:00:00,93625.11,93631.11,93625.11,93631.11,301,45,0
2026.02.25 04:55:00,93619.11,93625.09,93619.11,93625.09,300,45,0
2026.02.25 04:50:00,93613.11,93619.09,93613.11,93619.09,300,45,0
2026.02.25 04:45:00,93627.13,93630.13,93610.13,93613.09,300,45,0
2026.02.25 04:40:00,93621.13,93627.11,93621.13,93627.11,300,45,0
2026.02.25 04:35:00,93615.13,93621.11,93615.13,93621.11,300,45,0
2026.02.25 04:30:00,93609.13,93615.11,93609.13,93615.11,300,45,0
2026.02.25 04:25:00,93603.13,93609.11,93603.13,93609.11,300,45,0
2026.02.25 04:20:00,93597.13,93603.11,93597.13,93603.11,300,45,0
2026.02.25 04:15:00,93591.13,93597.11,93591.13,93597.11,300,45,0
2026.02.25 04:10:00,93585.13,93591.11,93585.13,93591.11,300,45,0
2026.02.25 04:05:00,93579.13,93585.11,93579.13,93585.11,300,45,0
2026.02.25 04:00:00,93573.13,93579.11,93573.13,93579.11,300,45,0
2026.02.25 03:55:00,93567.13,93573.11,93567.13,93573.11,300,45,0
2026.02.25 03:50:00,93561.13,93567.11,93561.13,93567.11,300,45,0
2026.02.25 03:45:00,93555.13,93561.11,93555.13,93561.11,300,45,0
2026.02.25 03:40:00,93549.13,93555.11,93549.13,93555.11,300,45,0
2026.02.25 03:35:00,93543.13,93549.11,93543.13,93549.11,300,45,0
2026.02.25 03:30:00,93537.13,93543.11,93537.13,93543.11,300,45,0
2026.02.25 03:25:00,93531.13,93537.11,93531.13,93537.11,300,45,0
2026.02.25 03:20:00,93525.13,93531.11,93525.13,93531.11,300,45,0
2026.02.25 03:15:00,93519.13,93525.11,93519.13,93525.11,300,45,0
2026.02.25 03:10:00,93513.13,93519.11,93513.13,93519.11,300,45,0
2026.02.25 03:05:00,93507.13,93513.11,93507.13,93513.11,300,45,0
2026.02.25 03:00:00,93516.65,93519.41,93503.91,93507.11,300,45,0
2026.02.25 02:55:00,93510.65,93516.63,93510.65,93516.63,300,45,0
2026.02.25 02:50:00,93504.65,93510.63,93504.65,93510.63,300,45,0
2026.02.25 02:45:00,93498.65,93504.63,93498.65,93504.63,300,45,0
2026.02.25 02:40:00,93492.65,93498.63,93492.65,93498.63,300,45,0
2026.02.25 02:35:00,93486.65,93492.63,93486.65,93492.63,300,45,0
2026.02.25 02:30:00,93480.65,93486.63,93480.65,93486.63,300,45,0
2026.02.25 02:25:00,93474.65,93480.63,93474.65,93480.63,300,45,0
2026.02.25 02:20:00,93468.65,93474.63,93468.65,93474.63,300,45,0
2026.02.25 02:15:00,93496.19,93497.87,93464.35,93468.63,300,45,0
2026.02.25 02:10:00,93490.19,93496.17,93490.19,93496.17,300,45,0
2026.02.25 02:05:00,93484.19,93490.17,93484.19,93490.17,300,45,0
2026.02.25 02:00:00,93478.19,93484.17,93478.19,93484.17,300,45,0
2026.02.25 01:55:00,93472.19,93478.17,93472.19,93478.17,300,45,0
2026.02.25 01:50:00,93466.19,93472.17,93466.19,93472.17,300,45,0
2026.02.25 01:45:00,93476.93,93477.71,93460.99,93466.17,300,45,0
2026.02.25 01:40:00,93470.93,93476.91,93470.93,93476.91,300,45,0
2026.02.25 01:35:00,93464.93,93470.91,93464.93,93470.91,300,45,0
2026.02.25 01:30:00,93458.93,93464.91,93458.93,93464.91,300,45,0
2026.02.25 01:25:00,93452.93,93458.91,93452.93,93458.91,300,45,0
2026.02.25 01:20:00,93446.93,93452.91,93446.93,93452.91,300,45,0
2026.02.25 01:15:00,93440.93,93446.91,93440.93,93446.91,300,45,0
2026.02.25 01:10:00,93463.94,93464.22,93435.23,93440.91,300,45,0
2026.02.25 01:05:00,93457.94,93463.92,93457.94,93463.92,300,45,0
2026.02.25 01:00:00,93451.94,93457.92,93451.94,93457.92,300,45,0
2026.02.25 00:55:00,93445.94,93451.92,93445.94,93451.92,300,45,0
2026.02.25 00:50:00,93439.94,93445.92,93439.94,93445.92,300,45,0
2026.02.25 00:45:00,93433.94,93439.92,93433.94,93439.92,300,45,0
2026.02.25 00:40:00,93427.94,93433.92,93427.94,93433.92,300,45,0
2026.02.25 00:35:00,93435.43,93438.67,93425.20,93427.92,300,45,0
2026.02.25 00:30:00,93429.43,93435.41,93429.43,93435.41,300,45,0
2026.02.25 00:25:00,93423.43,93429.41,93423.43,93429.41,300,45,0
2026.02.25 00:20:00,93441.71,93445.11,93420.85,93423.41,300,45,0
2026.02.25 00:15:00,93454.97,93455.69,93436.45,93441.69,300,45,0
2026.02.25 00:10:00,93448.97,93454.95,93448.97,93454.95,300,45,0
2026.02.25 00:05:00,93442.97,93448.95,93442.97,93448.95,300,45,0
2026.02.25 00:00:00,93436.97,93442.95,93436.97,93442.95,300,45,0
2026.02.24 23:55:00,93430.97,93436.95,93430.97,93436.95,300,45,0
2026.02.24 23:50:00,93424.97,93430.95,93424.97,93430.95,300,45,0
2026.02.24 23:45:00,93418.97,93424.95,93418.97,93424.95,300,45,0
2026.02.24 23:40:00,93412.97,93418.95,93412.97,93418.95,300,45,0
2026.02.24 23:35:00,93406.97,93412.95,93406.97,93412.95,300,45,0
2026.02.24 23:30:00,93400.97,93406.95,93400.97,93406.95,300,45,0
2026.02.24 23:25:00,93394.97,93400.95,93394.97,93400.95,300,45,0
2026.02.24 23:20:00,93388.97,93394.95,93388.97,93394.95,300,45,0
2026.02.24 23:15:00,93413.15,93415.35,93385.19,93388.95,300,45,0
2026.02.24 23:10:00,93407.15,93413.13,93407.15,93413.13,300,45,0
2026.02.24 23:05:00,93401.15,93407.13,93401.15,93407.13,300,45,0
2026.02.24 23:00:00,93422.08,93425.88,93398.97,93401.13,300,45,0
2026.02.24 22:55:00,93416.08,93422.06,93416.08,93422.06,300,45,0
2026.02.24 22:50:00,93410.08,93416.06,93410.08,93416.06,300,45,0
2026.02.24 22:45:00,93404.08,93410.06,93404.08,93410.06,300,45,0
2026.02.24 22:40:00,93398.08,93404.06,93398.08,93404.06,300,45,0
2026.02.24 22:35:00,93410.32,93415.38,93397.16,93398.06,300,45,0
2026.02.24 22:30:00,93454.78,93457.10,93408.16,93410.30,300,45,0
2026.02.24 22:25:00,93448.78,93454.76,93448.78,93454.76,300,45,0
2026.02.24 22:20:00,93442.78,93448.76,93442.78,93448.76,300,45,0
2026.02.24 22:15:00,93455.97,93457.71,93438.54,93442.76,300,45,0
2026.02.24 22:10:00,93449.97,93455.95,93449.97,93455.95,300,45,0
2026.02.24 22:05:00,93443.97,93449.95,93443.97,93449.95,300,45,0
2026.02.24 22:00:00,93437.97,93443.95,93437.97,93443.95,300,45,0
2026.02.24 21:55:00,93431.97,93437.95,93431.97,93437.95,300,45,0
2026.02.24 21:50:00,93425.97,93431.95,93425.97,93431.95,300,45,0
2026.02.24 21:45:00,93419.97,93425.95,93419.97,93425.95,300,45,0
2026.02.24 21:40:00,93413.97,93419.95,93413.97,93419.95,300,45,0
2026.02.24 21:35:00,93407.97,93413.95,93407.97,93413.95,300,45,0
2026.02.24 21:30:00,93401.97,93407.95,93401.97,93407.95,300,45,0
2026.02.24 21:25:00,93395.97,93401.95,93395.97,93401.95,300,45,0
2026.02.24 21:20:00,93389.97,93395.95,93389.97,93395.95,300,45,0
2026.02.24 21:15:00,93383.97,93389.95,93383.97,93389.95,300,45,0
2026.02.24 21:10:00,93377.97,93383.95,93377.97,93383.95,300,45,0
2026.02.24 21:05:00,93371.97,93377.95,93371.97,93377.95,300,45,0
2026.02.24 21:00:00,93365.97,93371.95,93365.97,93371.95,300,45,0
2026.02.24 20:55:00,93359.97,93365.95,93359.97,93365.95,300,45,0
2026.02.24 20:50:00,93384.06,93388.34,93358.27,93359.95,300,45,0
2026.02.24 20:45:00,93397.52,93401.58,93382.14,93384.04,300,45,0
2026.02.24 20:40:00,93391.52,93397.50,93391.52,93397.50,300,45,0
2026.02.24 20:35:00,93385.52,93391.50,93385.52,93391.50,300,45,0
2026.02.24 20:30:00,93379.52,93385.50,93379.52,93385.50,300,45,0
2026.02.24 20:25:00,93373.52,93379.50,93373.52,93379.50,300,45,0
2026.02.24 20:20:00,93367.52,93373.50,93367.52,93373.50,300,45,0
2026.02.24 20:15:00,93361.52,93367.50,93361.52,93367.50,300,45,0
2026.02.24 20:10:00,93387.82,93390.18,93357.90,93361.50,300,45,0
2026.02.24 20:05:00,93423.49,93424.49,93382.84,93387.80,300,45,0
2026.02.24 20:00:00,93417.47,93423.47,93417.47,93423.47,301,45,0
2026.02.24 19:55:00,93411.47,93417.45,93411.47,93417.45,300,45,0
2026.02.24 19:50:00,93405.47,93411.45,93405.47,93411.45,300,45,0
2026.02.24 19:45:00,93399.47,93405.45,93399.47,93405.45,300,45,0
2026.02.24 19:40:00,93393.47,93399.45,93393.47,93399.45,300,45,0
2026.02.24 19:35:00,93387.47,93393.45,93387.47,93393.45,300,45,0
2026.02.24 19:30:00,93381.47,93387.45,93381.47,93387.45,300,45,0
2026.02.24 19:25:00,93375.47,93381.45,93375.47,93381.45,300,45,0
2026.02.24 19:20:00,93369.47,93375.45,93369.47,93375.45,300,45,0
2026.02.24 19:15:00,93402.61,93407.25,93368.13,93369.45,300,45,0
2026.02.24 19:10:00,93414.86,93416.86,93398.63,93402.59,300,45,0
2026.02.24 19:05:00,93408.86,93414.84,93408.86,93414.84,300,45,0
2026.02.24 19:00:00,93402.86,93408.84,93402.86,93408.84,300,45,0
2026.02.24 18:55:00,93396.86,93402.84,93396.86,93402.84,300,45,0
2026.02.24 18:50:00,93390.86,93396.84,93390.86,93396.84,300,45,0
2026.02.24 18:45:00,93384.86,93390.84,93384.86,93390.84,300,45,0
2026.02.24 18:40:00,93378.86,93384.84,93378.86,93384.84,300,45,0
2026.02.24 18:35:00,93387.03,93388.05,93373.90,93378.84,300,45,0
2026.02.24 18:30:00,93381.03,93387.01,93381.03,93387.01,300,45,0
2026.02.24 18:25:00,93400.99,93405.57,93379.63,93381.01,300,45,0
2026.02.24 18:20:00,93394.99,93400.97,93394.99,93400.97,300,45,0
2026.02.24 18:15:00,93403.43,93404.47,93390.05,93394.97,300,45,0
2026.02.24 18:10:00,93397.43,93403.41,93397.43,93403.41,300,45,0
2026.02.24 18:05:00,93391.43,93397.41,93391.43,93397.41,300,45,0
2026.02.24 18:00:00,93398.07,93400.07,93387.45,93391.41,300,45,0
2026.02.24 17:55:00,93392.07,93398.05,93392.07,93398.05,300,45,0
2026.02.24 17:50:00,93386.07,93392.05,93386.07,93392.05,300,45,0
2026.02.24 17:45:00,93380.07,93386.05,93380.07,93386.05,300,45,0
2026.02.24 17:40:00,93397.14,93400.66,93377.61,93380.05,300,45,0
2026.02.24 17:35:00,93391.14,93397.12,93391.14,93397.12,300,45,0
2026.02.24 17:30:00,93385.14,93391.12,93385.14,93391.12,300,45,0
2026.02.24 17:25:00,93379.14,93385.12,93379.14,93385.12,300,45,0
2026.02.24 17:20:00,93373.14,93379.12,93373.14,93379.12,300,45,0
2026.02.24 17:15:00,93367.14,93373.12,93367.14,93373.12,300,45,0
2026.02.24 17:10:00,93361.14,93367.12,93361.14,93367.12,300,45,0
2026.02.24 17:05:00,93368.19,93369.85,93356.82,93361.12,300,45,0
2026.02.24 17:00:00,93362.19,93368.17,93362.19,93368.17,300,45,0
2026.02.24 16:55:00,93373.54,93373.94,93356.61,93362.17,300,45,0
2026.02.24 16:50:00,93367.54,93373.52,93367.54,93373.52,300,45,0
2026.02.24 16:45:00,93361.54,93367.52,93361.54,93367.52,300,45,0
2026.02.24 16:40:00,93355.54,93361.52,93355.54,93361.52,300,45,0
2026.02.24 16:35:00,93349.54,93355.52,93349.54,93355.52,300,45,0
2026.02.24 16:30:00,93343.54,93349.52,93343.54,93349.52,300,45,0
2026.02.24 16:25:00,93364.21,93364.63,93337.98,93343.52,300,45,0
2026.02.24 16:20:00,93358.21,93364.19,93358.21,93364.19,300,45,0
2026.02.24 16:15:00,93352.21,93358.19,93352.21,93358.19,300,45,0
2026.02.24 16:10:00,93346.21,93352.19,93346.21,93352.19,300,45,0
2026.02.24 16:05:00,93340.21,93346.19,93340.21,93346.19,300,45,0
2026.02.24 16:00:00,93356.61,93359.07,93336.69,93340.19,300,45,0
2026.02.24 15:55:00,93369.30,93374.32,93355.65,93356.59,300,45,0
2026.02.24 15:50:00,93363.30,93369.28,93363.30,93369.28,300,45,0
2026.02.24 15:45:00,93357.30,93363.28,93357.30,93363.28,300,45,0
2026.02.24 15:40:00,93351.30,93357.28,93351.30,93357.28,300,45,0
2026.02.24 15:35:00,93345.30,93351.28,93345.30,93351.28,300,45,0
2026.02.24 15:30:00,93356.77,93358.67,93341.22,93345.28,300,45,0
2026.02.24 15:25:00,93350.77,93356.75,93350.77,93356.75,300,45,0
2026.02.24 15:20:00,93344.77,93350.75,93344.77,93350.75,300,45,0
2026.02.24 15:15:00,93338.77,93344.75,93338.77,93344.75,300,45,0
2026.02.24 15:10:00,93332.77,93338.75,93332.77,93338.75,300,45,0
2026.02.24 15:05:00,93326.77,93332.75,93326.77,93332.75,300,45,0
2026.02.24 15:00:00,93345.60,93345.66,93320.85,93326.75,300,45,0
2026.02.24 14:55:00,93356.20,93359.14,93342.56,93345.58,300,45,0
2026.02.24 14:50:00,93350.20,93356.18,93350.20,93356.18,300,45,0
2026.02.24 14:45:00,93344.20,93350.18,93344.20,93350.18,300,45,0
2026.02.24 14:40:00,93403.39,93404.25,93343.56,93344.18,300,45,0
2026.02.24 14:35:00,93397.39,93403.37,93397.39,93403.37,300,45,0
2026.02.24 14:30:00,93391.39,93397.37,93391.39,93397.37,300,45,0
2026.02.24 14:25:00,93385.39,93391.37,93385.39,93391.37,300,45,0
2026.02.24 14:20:00,93379.39,93385.37,93379.39,93385.37,300,45,0
2026.02.24 14:15:00,93397.27,93400.67,93376.81,93379.37,300,45,0
2026.02.24 14:10:00,93414.68,93416.02,93392.63,93397.25,300,45,0
2026.02.24 14:05:00,93408.68,93414.66,93408.68,93414.66,300,45,0
2026.02.24 14:00:00,93402.68,93408.66,93402.68,93408.66,300,45,0
2026.02.24 13:55:00,93396.68,93402.66,93396.68,93402.66,300,45,0
2026.02.24 13:50:00,93390.68,93396.66,93390.68,93396.66,300,45,0
2026.02.24 13:45:00,93384.68,93390.66,93384.68,93390.66,300,45,0
2026.02.24 13:40:00,93402.55,93404.87,93381.02,93384.66,300,45,0
2026.02.24 13:35:00,93410.38,93416.14,93402.33,93402.53,300,45,0
2026.02.24 13:30:00,93404.38,93410.36,93404.38,93410.36,300,45,0
2026.02.24 13:25:00,93398.38,93404.36,93398.38,93404.36,300,45,0
2026.02.24 13:20:00,93392.38,93398.36,93392.38,93398.36,300,45,0
2026.02.24 13:15:00,93386.38,93392.36,93386.38,93392.36,300,45,0
2026.02.24 13:10:00,93380.38,93386.36,93380.38,93386.36,300,45,0
2026.02.24 13:05:00,93374.38,93380.36,93374.38,93380.36,300,45,0
2026.02.24 13:00:00,93408.20,93408.76,93373.42,93374.36,300,45,0
2026.02.24 12:55:00,93402.20,93408.18,93402.20,93408.18,300,45,0
2026.02.24 12:50:00,93396.20,93402.18,93396.20,93402.18,300,45,0
2026.02.24 12:45:00,93406.20,93406.84,93390.86,93396.18,300,45,0
2026.02.24 12:40:00,93400.20,93406.18,93400.20,93406.18,300,45,0
2026.02.24 12:35:00,93394.20,93400.18,93394.20,93400.18,300,45,0
2026.02.24 12:30:00,93388.20,93394.18,93388.20,93394.18,300,45,0
2026.02.24 12:25:00,93454.15,93456.11,93387.64,93388.18,300,45,0
2026.02.24 12:20:00,93448.15,93454.13,93448.15,93454.13,300,45,0
2026.02.24 12:15:00,93442.15,93448.13,93442.15,93448.13,300,45,0
2026.02.24 12:10:00,93436.15,93442.13,93436.15,93442.13,300,45,0
2026.02.24 12:05:00,93430.15,93436.13,93430.15,93436.13,300,45,0
2026.02.24 12:00:00,93424.15,93430.13,93424.15,93430.13,300,45,0
2026.02.24 11:55:00,93418.15,93424.13,93418.15,93424.13,300,45,0
2026.02.24 11:50:00,93436.60,93441.10,93416.67,93418.13,300,45,0
2026.02.24 11:45:00,93430.60,93436.58,93430.60,93436.58,300,45,0
2026.02.24 11:40:00,93424.60,93430.58,93424.60,93430.58,300,45,0
2026.02.24 11:35:00,93418.60,93424.58,93418.60,93424.58,300,45,0
2026.02.24 11:30:00,93412.60,93418.58,93412.60,93418.58,300,45,0
2026.02.24 11:25:00,93406.60,93412.58,93406.60,93412.58,300,45,0
2026.02.24 11:20:00,93400.60,93406.58,93400.60,93406.58,300,45,0
2026.02.24 11:15:00,93414.41,93419.75,93399.96,93400.58,300,45,0
2026.02.24 11:10:00,93423.68,93425.52,93410.27,93414.39,300,45,0
2026.02.24 11:05:00,93417.68,93423.66,93417.68,93423.66,300,45,0
2026.02.24 11:00:00,93411.68,93417.66,93411.68,93417.66,300,45,0
2026.02.24 10:55:00,93435.23,93438.59,93409.04,93411.66,301,45,0
2026.02.24 10:50:00,93429.23,93435.21,93429.23,93435.21,300,45,0
2026.02.24 10:45:00,93423.23,93429.21,93423.23,93429.21,300,45,0
2026.02.24 10:40:00,93417.23,93423.21,93417.23,93423.21,300,45,0
2026.02.24 10:35:00,93411.23,93417.21,93411.23,93417.21,300,45,0
2026.02.24 10:30:00,93405.23,93411.21,93405.23,93411.21,300,45,0
2026.02.24 10:25:00,93399.23,93405.21,93399.23,93405.21,300,45,0
2026.02.24 10:20:00,93393.23,93399.21,93393.23,93399.21,300,45,0
2026.02.24 10:15:00,93387.23,93393.21,93387.23,93393.21,300,45,0
2026.02.24 10:10:00,93381.23,93387.21,93381.23,93387.21,300,45,0
2026.02.24 10:05:00,93394.11,93398.81,93379.95,93381.21,300,45,0
2026.02.24 10:00:00,93388.11,93394.09,93388.11,93394.09,300,45,0
2026.02.24 09:55:00,93382.11,93388.09,93382.11,93388.09,300,45,0
2026.02.24 09:50:00,93376.11,93382.09,93376.11,93382.09,300,45,0
2026.02.24 09:45:00,93408.39,93409.53,93373.95,93376.09,300,45,0
2026.02.24 09:40:00,93416.78,93419.70,93405.33,93408.37,300,45,0
2026.02.24 09:35:00,93447.92,93450.14,93413.18,93416.76,300,45,0
2026.02.24 09:30:00,93464.24,93469.96,93447.66,93447.90,300,45,0
2026.02.24 09:25:00,93458.24,93464.22,93458.24,93464.22,300,45,0
2026.02.24 09:20:00,93491.50,93496.50,93458.06,93458.22,300,45,0
2026.02.24 09:15:00,93485.50,93491.48,93485.50,93491.48,300,45,0
2026.02.24 09:10:00,93479.50,93485.48,93479.50,93485.48,300,45,0
2026.02.24 09:05:00,93496.22,93496.26,93473.56,93479.48,300,45,0
2026.02.24 09:00:00,93490.22,93496.20,93490.22,93496.20,300,45,0
2026.02.24 08:55:00,93484.22,93490.20,93484.22,93490.20,300,45,0
2026.02.24 08:50:00,93478.22,93484.20,93478.22,93484.20,300,45,0
2026.02.24 08:45:00,93472.22,93478.20,93472.22,93478.20,300,45,0
2026.02.24 08:40:00,93466.22,93472.20,93466.22,93472.20,300,45,0
2026.02.24 08:35:00,93460.22,93466.20,93460.22,93466.20,300,45,0
2026.02.24 08:30:00,93454.22,93460.20,93454.22,93460.20,300,45,0
2026.02.24 08:25:00,93448.22,93454.20,93448.22,93454.20,300,45,0
2026.02.24 08:20:00,93485.57,93487.63,93447.74,93448.20,300,45,0
2026.02.24 08:15:00,93479.57,93485.55,93479.57,93485.55,300,45,0
2026.02.24 08:10:00,93473.57,93479.55,93473.57,93479.55,300,45,0
2026.02.24 08:05:00,93467.57,93473.55,93467.57,93473.55,300,45,0
2026.02.24 08:00:00,93461.57,93467.55,93461.57,93467.55,300,45,0
2026.02.24 07:55:00,93455.57,93461.55,93455.57,93461.55,300,45,0
2026.02.24 07:50:00,93461.63,93467.25,93455.21,93455.55,300,45,0
2026.02.24 07:45:00,93455.63,93461.61,93455.63,93461.61,300,45,0
2026.02.24 07:40:00,93449.63,93455.61,93449.63,93455.61,300,45,0
2026.02.24 07:35:00,93443.63,93449.61,93443.63,93449.61,300,45,0
2026.02.24 07:30:00,93437.63,93443.61,93437.63,93443.61,300,45,0
2026.02.24 07:25:00,93468.57,93474.53,93437.61,93437.61,300,45,0
2026.02.24 07:20:00,93493.56,93496.10,93465.13,93468.55,300,45,0
2026.02.24 07:15:00,93554.43,93557.59,93492.04,93493.54,300,45,0
2026.02.24 07:10:00,93548.43,93554.41,93548.43,93554.41,300,45,0
2026.02.24 07:05:00,93542.43,93548.41,93542.43,93548.41,300,45,0
2026.02.24 07:00:00,93575.66,93578.96,93541.23,93542.41,300,45,0
2026.02.24 06:55:00,93569.66,93575.64,93569.66,93575.64,300,45,0
2026.02.24 06:50:00,93563.66,93569.64,93563.66,93569.64,300,45,0
2026.02.24 06:45:00,93557.66,93563.64,93557.66,93563.64,300,45,0
2026.02.24 06:40:00,93551.66,93557.64,93551.66,93557.64,300,45,0
2026.02.24 06:35:00,93545.66,93551.64,93545.66,93551.64,300,45,0
2026.02.24 06:30:00,93539.66,93545.64,93539.66,93545.64,300,45,0
2026.02.24 06:25:00,93533.66,93539.64,93533.66,93539.64,300,45,0
2026.02.24 06:20:00,93527.66,93533.64,93527.66,93533.64,300,45,0
2026.02.24 06:15:00,93521.66,93527.64,93521.66,93527.64,300,45,0
2026.02.24 06:10:00,93546.35,93546.39,93515.78,93521.64,300,45,0
2026.02.24 06:05:00,93540.35,93546.33,93540.35,93546.33,300,45,0
2026.02.24 06:00:00,93534.35,93540.33,93534.35,93540.33,300,45,0
2026.02.24 05:55:00,93528.35,93534.33,93528.35,93534.33,300,45,0
2026.02.24 05:50:00,93522.35,93528.33,93522.35,93528.33,300,45,0
2026.02.24 05:45:00,93542.92,93545.14,93518.59,93522.33,300,45,0
2026.02.24 05:40:00,93536.92,93542.90,93536.92,93542.90,300,45,0
2026.02.24 05:35:00,93530.92,93536.90,93530.92,93536.90,300,45,0
2026.02.24 05:30:00,93524.92,93530.90,93524.92,93530.90,300,45,0
2026.02.24 05:25:00,93518.92,93524.90,93518.92,93524.90,300,45,0
2026.02.24 05:20:00,93512.92,93518.90,93512.92,93518.90,300,45,0
2026.02.24 05:15:00,93506.92,93512.90,93506.92,93512.90,300,45,0
2026.02.24 05:10:00,93513.39,93516.13,93503.68,93506.90,300,45,0
2026.02.24 05:05:00,93507.39,93513.37,93507.39,93513.37,300,45,0
2026.02.24 05:00:00,93501.39,93507.37,93501.39,93507.37,300,45,0
2026.02.24 04:55:00,93509.30,93513.16,93499.27,93501.37,300,45,0
2026.02.24 04:50:00,93503.30,93509.28,93503.30,93509.28,300,45,0
2026.02.24 04:45:00,93497.30,93503.28,93497.30,93503.28,300,45,0
2026.02.24 04:40:00,93491.30,93497.28,93491.30,93497.28,300,45,0
2026.02.24 04:35:00,93485.30,93491.28,93485.30,93491.28,300,45,0
2026.02.24 04:30:00,93479.30,93485.28,93479.30,93485.28,300,45,0
2026.02.24 04:25:00,93473.30,93479.28,93473.30,93479.28,300,45,0
2026.02.24 04:20:00,93483.95,93486.81,93470.18,93473.28,300,45,0
2026.02.24 04:15:00,93477.95,93483.93,93477.95,93483.93,300,45,0
2026.02.24 04:10:00,93471.95,93477.93,93471.95,93477.93,300,45,0
2026.02.24 04:05:00,93465.95,93471.93,93465.95,93471.93,300,45,0
2026.02.24 04:00:00,93459.95,93465.93,93459.95,93465.93,300,45,0
2026.02.24 03:55:00,93453.95,93459.93,93453.95,93459.93,300,45,0
2026.02.24 03:50:00,93447.95,93453.93,93447.95,93453.93,300,45,0
2026.02.24 03:45:00,93441.95,93447.93,93441.95,93447.93,300,45,0
2026.02.24 03:40:00,93450.07,93452.47,93438.37,93441.93,300,45,0
2026.02.24 03:35:00,93456.39,93460.87,93448.57,93450.05,300,45,0
2026.02.24 03:30:00,93474.17,93479.07,93455.31,93456.37,300,45,0
2026.02.24 03:25:00,93468.17,93474.15,93468.17,93474.15,300,45,0
2026.02.24 03:20:00,93462.17,93468.15,93462.17,93468.15,300,45,0
2026.02.24 03:15:00,93511.89,93515.61,93460.45,93462.15,300,45,0
2026.02.24 03:10:00,93505.89,93511.87,93505.89,93511.87,300,45,0
2026.02.24 03:05:00,93512.78,93518.66,93505.79,93505.87,300,45,0
2026.02.24 03:00:00,93506.78,93512.76,93506.78,93512.76,300,45,0
2026.02.24 02:55:00,93500.78,93506.76,93500.78,93506.76,300,45,0
2026.02.24 02:50:00,93494.78,93500.76,93494.78,93500.76,300,45,0
2026.02.24 02:45:00,93501.51,93501.69,93488.98,93494.76,300,45,0
2026.02.24 02:40:00,93495.51,93501.49,93495.51,93501.49,300,45,0
2026.02.24 02:35:00,93489.51,93495.49,93489.51,93495.49,300,45,0
2026.02.24 02:30:00,93483.51,93489.49,93483.51,93489.49,300,45,0
2026.02.24 02:25:00,93477.51,93483.49,93477.51,93483.49,300,45,0
2026.02.24 02:20:00,93471.51,93477.49,93471.51,93477.49,300,45,0
2026.02.24 02:15:00,93465.51,93471.49,93465.51,93471.49,300,45,0
2026.02.24 02:10:00,93459.51,93465.49,93459.51,93465.49,300,45,0
2026.02.24 02:05:00,93453.51,93459.49,93453.51,93459.49,300,45,0
2026.02.24 02:00:00,93447.51,93453.49,93447.51,93453.49,300,45,0
2026.02.24 01:55:00,93441.51,93447.49,93441.51,93447.49,300,45,0
2026.02.24 01:50:00,93435.51,93441.49,93435.51,93441.49,300,45,0
2026.02.24 01:45:00,93429.51,93435.49,93429.51,93435.49,300,45,0
2026.02.24 01:40:00,93423.51,93429.49,93423.51,93429.49,300,45,0
2026.02.24 01:35:00,93471.04,93473.40,93422.99,93423.49,300,45,0
2026.02.24 01:30:00,93465.04,93471.02,93465.04,93471.02,300,45,0
2026.02.24 01:25:00,93473.79,93475.37,93460.64,93465.02,300,45,0
2026.02.24 01:20:00,93467.79,93473.77,93467.79,93473.77,300,45,0
2026.02.24 01:15:00,93461.79,93467.77,93461.79,93467.77,300,45,0
2026.02.24 01:10:00,93471.21,93471.49,93456.09,93461.77,300,45,0
2026.02.24 01:05:00,93465.21,93471.19,93465.21,93471.19,300,45,0
2026.02.24 01:00:00,93459.21,93465.19,93459.21,93465.19,300,45,0
2026.02.24 00:55:00,93453.21,93459.19,93453.21,93459.19,300,45,0
2026.02.24 00:50:00,93447.21,93453.19,93447.21,93453.19,300,45,0
2026.02.24 00:45:00,93458.49,93462.79,93445.53,93447.19,300,45,0
2026.02.24 00:40:00,93452.49,93458.47,93452.49,93458.47,300,45,0
2026.02.24 00:35:00,93446.49,93452.47,93446.49,93452.47,300,45,0
2026.02.24 00:30:00,93440.49,93446.47,93440.49,93446.47,300,45,0
2026.02.24 00:25:00,93434.49,93440.47,93434.49,93440.47,300,45,0
2026.02.24 00:20:00,93428.49,93434.47,93428.49,93434.47,300,45,0
2026.02.24 00:15:00,93422.49,93428.47,93422.49,93428.47,300,45,0
2026.02.24 00:10:00,93450.58,93452.74,93418.67,93422.47,300,45,0
2026.02.24 00:05:00,93444.58,93450.56,93444.58,93450.56,300,45,0
2026.02.24 00:00:00,93438.58,93444.56,93438.58,93444.56,300,45,0
2026.02.23 23:55:00,93432.58,93438.56,93432.58,93438.56,300,45,0
2026.02.23 23:50:00,93426.58,93432.56,93426.58,93432.56,300,45,0
2026.02.23 23:45:00,93420.58,93426.56,93420.58,93426.56,300,45,0
2026.02.23 23:40:00,93414.58,93420.56,93414.58,93420.56,300,45,0
2026.02.23 23:35:00,93408.58,93414.56,93408.58,93414.56,300,45,0
2026.02.23 23:30:00,93414.79,93417.63,93405.44,93408.56,300,45,0
2026.02.23 23:25:00,93408.79,93414.77,93408.79,93414.77,300,45,0
2026.02.23 23:20:00,93402.79,93408.77,93402.79,93408.77,300,45,0
2026.02.23 23:15:00,93396.79,93402.77,93396.79,93402.77,300,45,0
2026.02.23 23:10:00,93390.79,93396.77,93390.79,93396.77,300,45,0
2026.02.23 23:05:00,93384.79,93390.77,93384.79,93390.77,300,45,0
2026.02.23 23:00:00,93378.79,93384.77,93378.79,93384.77,300,45,0
2026.02.23 22:55:00,93372.79,93378.77,93372.79,93378.77,300,45,0
2026.02.23 22:50:00,93366.79,93372.77,93366.79,93372.77,300,45,0
2026.02.23 22:45:00,93360.79,93366.77,93360.79,93366.77,300,45,0
2026.02.23 22:40:00,93354.79,93360.77,93354.79,93360.77,300,45,0
2026.02.23 22:35:00,93348.79,93354.77,93348.79,93354.77,300,45,0
2026.02.23 22:30:00,93342.79,93348.77,93342.79,93348.77,300,45,0
2026.02.23 22:25:00,93336.77,93342.77,93336.77,93342.77,301,45,0
2026.02.23 22:20:00,93330.79,93336.75,93330.79,93336.75,299,45,0
2026.02.23 22:15:00,93324.77,93330.77,93324.77,93330.77,301,45,0
2026.02.23 22:10:00,93318.79,93324.75,93318.79,93324.75,299,45,0
2026.02.23 22:05:00,93312.77,93318.77,93312.77,93318.77,301,45,0
2026.02.23 22:00:00,93329.52,93330.36,93307.65,93312.75,299,45,0
2026.02.23 21:55:00,93342.62,93342.94,93323.84,93329.50,301,45,0
2026.02.23 21:50:00,93336.64,93342.60,93336.64,93342.60,299,45,0
2026.02.23 21:45:00,93330.62,93336.62,93330.62,93336.62,301,45,0
2026.02.23 21:40:00,93324.64,93330.60,93324.64,93330.60,299,45,0
2026.02.23 21:35:00,93318.62,93324.62,93318.62,93324.62,301,45,0
2026.02.23 21:30:00,93312.64,93318.60,93312.64,93318.60,299,45,0
2026.02.23 21:25:00,93306.62,93312.62,93306.62,93312.62,301,45,0
2026.02.23 21:20:00,93300.62,93306.60,93300.62,93306.60,300,45,0
2026.02.23 21:15:00,93294.62,93300.60,93294.62,93300.60,300,45,0
2026.02.23 21:10:00,93288.62,93294.60,93288.62,93294.60,300,45,0
2026.02.23 21:05:00,93282.62,93288.60,93282.62,93288.60,300,45,0
2026.02.23 21:00:00,93276.62,93282.60,93276.62,93282.60,300,45,0
2026.02.23 20:55:00,93270.62,93276.60,93270.62,93276.60,300,45,0
2026.02.23 20:50:00,93264.62,93270.60,93264.62,93270.60,300,45,0
2026.02.23 20:45:00,93295.47,93300.87,93264.04,93264.60,300,45,0
2026.02.23 20:40:00,93289.47,93295.45,93289.47,93295.45,300,45,0
2026.02.23 20:35:00,93283.47,93289.45,93283.47,93289.45,300,45,0
2026.02.23 20:30:00,93277.47,93283.45,93277.47,93283.45,300,45,0
2026.02.23 20:25:00,93271.47,93277.45,93271.47,93277.45,300,45,0
2026.02.23 20:20:00,93265.47,93271.45,93265.47,93271.45,300,45,0
2026.02.23 20:15:00,93259.47,93265.45,93259.47,93265.45,300,45,0
2026.02.23 20:10:00,93253.47,93259.45,93253.47,93259.45,300,45,0
2026.02.23 20:05:00,93247.47,93253.45,93247.47,93253.45,300,45,0
2026.02.23 20:00:00,93241.47,93247.45,93241.47,93247.45,300,45,0
2026.02.23 19:55:00,93235.47,93241.45,93235.47,93241.45,300,45,0
2026.02.23 19:50:00,93260.64,93265.62,93234.47,93235.45,300,45,0
2026.02.23 19:45:00,93254.64,93260.62,93254.64,93260.62,300,45,0
2026.02.23 19:40:00,93248.64,93254.62,93248.64,93254.62,300,45,0
2026.02.23 19:35:00,93261.42,93261.56,93242.80,93248.62,300,45,0
2026.02.23 19:30:00,93255.42,93261.40,93255.42,93261.40,300,45,0
2026.02.23 19:25:00,93249.42,93255.40,93249.42,93255.40,300,45,0
2026.02.23 19:20:00,93243.42,93249.40,93243.42,93249.40,300,45,0
2026.02.23 19:15:00,93269.25,93270.01,93238.20,93243.40,300,45,0
2026.02.23 19:10:00,93263.25,93269.23,93263.25,93269.23,300,45,0
2026.02.23 19:05:00,93257.25,93263.23,93257.25,93263.23,300,45,0
2026.02.23 19:00:00,93294.97,93297.85,93254.15,93257.23,300,45,0
2026.02.23 18:55:00,93306.33,93310.83,93293.49,93294.95,300,45,0
2026.02.23 18:50:00,93300.33,93306.31,93300.33,93306.31,300,45,0
2026.02.23 18:45:00,93294.33,93300.31,93294.33,93300.31,300,45,0
2026.02.23 18:40:00,93288.33,93294.31,93288.33,93294.31,300,45,0
2026.02.23 18:35:00,93296.11,93296.45,93282.69,93288.31,300,45,0
2026.02.23 18:30:00,93290.11,93296.09,93290.11,93296.09,300,45,0
2026.02.23 18:25:00,93284.11,93290.09,93284.11,93290.09,300,45,0
2026.02.23 18:20:00,93278.11,93284.09,93278.11,93284.09,300,45,0
2026.02.23 18:15:00,93272.11,93278.09,93272.11,93278.09,300,45,0
2026.02.23 18:10:00,93266.11,93272.09,93266.11,93272.09,300,45,0
2026.02.23 18:05:00,93260.11,93266.09,93260.11,93266.09,300,45,0
2026.02.23 18:00:00,93254.11,93260.09,93254.11,93260.09,300,45,0
2026.02.23 17:55:00,93277.06,93282.36,93253.43,93254.09,300,45,0
2026.02.23 17:50:00,93271.06,93277.04,93271.06,93277.04,300,45,0
2026.02.23 17:45:00,93265.06,93271.04,93265.06,93271.04,300,45,0
2026.02.23 17:40:00,93259.06,93265.04,93259.06,93265.04,300,45,0
2026.02.23 17:35:00,93270.81,93274.69,93256.96,93259.04,300,45,0
2026.02.23 17:30:00,93291.34,93295.90,93269.39,93270.79,300,45,0
2026.02.23 17:25:00,93285.34,93291.32,93285.34,93291.32,300,45,0
2026.02.23 17:20:00,93314.89,93316.39,93280.86,93285.32,300,45,0
2026.02.23 17:15:00,93308.89,93314.87,93308.89,93314.87,300,45,0
2026.02.23 17:10:00,93302.89,93308.87,93302.89,93308.87,300,45,0
2026.02.23 17:05:00,93296.89,93302.87,93296.89,93302.87,300,45,0
2026.02.23 17:00:00,93290.89,93296.87,93290.89,93296.87,300,45,0
2026.02.23 16:55:00,93284.89,93290.87,93284.89,93290.87,300,45,0
2026.02.23 16:50:00,93278.89,93284.87,93278.89,93284.87,300,45,0
2026.02.23 16:45:00,93272.89,93278.87,93272.89,93278.87,300,45,0
2026.02.23 16:40:00,93266.89,93272.87,93266.89,93272.87,300,45,0
2026.02.23 16:35:00,93275.65,93277.49,93262.75,93266.87,300,45,0
2026.02.23 16:30:00,93301.41,93306.17,93274.43,93275.63,300,45,0
2026.02.23 16:25:00,93295.41,93301.39,93295.41,93301.39,300,45,0
2026.02.23 16:20:00,93289.41,93295.39,93289.41,93295.39,300,45,0
2026.02.23 16:15:00,93305.50,93310.04,93287.97,93289.39,300,45,0
2026.02.23 16:10:00,93299.50,93305.48,93299.50,93305.48,300,45,0
2026.02.23 16:05:00,93293.50,93299.48,93293.50,93299.48,300,45,0
2026.02.23 16:00:00,93287.50,93293.48,93287.50,93293.48,300,45,0
2026.02.23 15:55:00,93281.50,93287.48,93281.50,93287.48,300,45,0
2026.02.23 15:50:00,93275.50,93281.48,93275.50,93281.48,300,45,0
2026.02.23 15:45:00,93269.50,93275.48,93269.50,93275.48,300,45,0
2026.02.23 15:40:00,93279.92,93282.26,93265.86,93269.48,300,45,0
2026.02.23 15:35:00,93273.92,93279.90,93273.92,93279.90,300,45,0
2026.02.23 15:30:00,93267.92,93273.90,93267.92,93273.90,300,45,0
2026.02.23 15:25:00,93261.92,93267.90,93261.92,93267.90,300,45,0
2026.02.23 15:20:00,93255.92,93261.90,93255.92,93261.90,300,45,0
2026.02.23 15:15:00,93249.92,93255.90,93249.92,93255.90,300,45,0
2026.02.23 15:10:00,93243.92,93249.90,93243.92,93249.90,300,45,0
2026.02.23 15:05:00,93237.92,93243.90,93237.92,93243.90,300,45,0
2026.02.23 15:00:00,93259.71,93265.61,93237.84,93237.90,300,45,0
2026.02.23 14:55:00,93272.80,93276.38,93257.31,93259.69,300,45,0
2026.02.23 14:50:00,93266.80,93272.78,93266.80,93272.78,300,45,0
2026.02.23 14:45:00,93285.58,93290.22,93265.46,93266.78,300,45,0
2026.02.23 14:40:00,93279.58,93285.56,93279.58,93285.56,300,45,0
2026.02.23 14:35:00,93273.58,93279.56,93273.58,93279.56,300,45,0
2026.02.23 14:30:00,93267.58,93273.56,93267.58,93273.56,300,45,0
2026.02.23 14:25:00,93261.58,93267.56,93261.58,93267.56,300,45,0
2026.02.23 14:20:00,93255.58,93261.56,93255.58,93261.56,300,45,0
2026.02.23 14:15:00,93284.10,93285.24,93250.74,93255.56,300,45,0
2026.02.23 14:10:00,93278.10,93284.08,93278.10,93284.08,300,45,0
2026.02.23 14:05:00,93272.10,93278.08,93272.10,93278.08,300,45,0
2026.02.23 14:00:00,93266.10,93272.08,93266.10,93272.08,300,45,0
2026.02.23 13:55:00,93260.10,93266.08,93260.10,93266.08,300,45,0
2026.02.23 13:50:00,93254.10,93260.08,93254.10,93260.08,300,45,0
2026.02.23 13:45:00,93248.10,93254.08,93248.10,93254.08,300,45,0
2026.02.23 13:40:00,93292.17,93294.47,93246.36,93248.08,300,45,0
2026.02.23 13:35:00,93286.17,93292.15,93286.17,93292.15,300,45,0
2026.02.23 13:30:00,93280.17,93286.15,93280.17,93286.15,300,45,0
2026.02.23 13:25:00,93274.17,93280.15,93274.17,93280.15,300,45,0
2026.02.23 13:20:00,93268.17,93274.15,93268.17,93274.15,300,45,0
2026.02.23 13:15:00,93262.17,93268.15,93262.17,93268.15,300,45,0
2026.02.23 13:10:00,93270.51,93272.83,93258.51,93262.15,300,45,0
2026.02.23 13:05:00,93264.51,93270.49,93264.51,93270.49,300,45,0
2026.02.23 13:00:00,93258.51,93264.49,93258.51,93264.49,300,45,0
2026.02.23 12:55:00,93252.51,93258.49,93252.51,93258.49,300,45,0
2026.02.23 12:50:00,93246.51,93252.49,93246.51,93252.49,300,45,0
2026.02.23 12:45:00,93240.51,93246.49,93240.51,93246.49,300,45,0
2026.02.23 12:40:00,93234.51,93240.49,93234.51,93240.49,300,45,0
2026.02.23 12:35:00,93228.51,93234.49,93228.51,93234.49,300,45,0
2026.02.23 12:30:00,93222.51,93228.49,93222.51,93228.49,300,45,0
2026.02.23 12:25:00,93216.51,93222.49,93216.51,93222.49,300,45,0
2026.02.23 12:20:00,93210.51,93216.49,93210.51,93216.49,300,45,0
2026.02.23 12:15:00,93217.02,93219.60,93207.11,93210.49,300,45,0
2026.02.23 12:10:00,93211.02,93217.00,93211.02,93217.00,300,45,0
2026.02.23 12:05:00,93205.02,93211.00,93205.02,93211.00,300,45,0
2026.02.23 12:00:00,93216.85,93217.65,93199.84,93205.00,300,45,0
2026.02.23 11:55:00,93210.85,93216.83,93210.85,93216.83,300,45,0
2026.02.23 11:50:00,93204.85,93210.83,93204.85,93210.83,300,45,0
2026.02.23 11:45:00,93224.03,93224.05,93198.89,93204.83,300,45,0
2026.02.23 11:40:00,93218.03,93224.01,93218.03,93224.01,300,45,0
2026.02.23 11:35:00,93226.00,93230.32,93216.37,93218.01,300,45,0
2026.02.23 11:30:00,93220.00,93225.98,93220.00,93225.98,300,45,0
2026.02.23 11:25:00,93214.00,93219.98,93214.00,93219.98,299,45,0
2026.02.23 11:20:00,93208.00,93213.98,93208.00,93213.98,300,45,0
2026.02.23 11:15:00,93202.00,93207.98,93202.00,93207.98,300,45,0
2026.02.23 11:10:00,93196.16,93201.98,93196.16,93201.98,292,45,0
2026.02.23 11:05:00,93191.72,93196.16,93191.72,93196.16,223,45,0
2026.02.23 11:00:00,93185.72,93191.70,93185.72,93191.70,300,45,0
2026.02.23 10:55:00,93179.72,93185.70,93179.72,93185.70,300,45,0
2026.02.23 10:50:00,93214.04,93217.98,93177.68,93179.70,300,45,0
2026.02.23 10:45:00,93208.04,93214.02,93208.04,93214.02,300,45,0
2026.02.23 10:40:00,93202.04,93208.02,93202.04,93208.02,300,45,0
2026.02.23 10:35:00,93196.04,93202.02,93196.04,93202.02,300,45,0
2026.02.23 10:30:00,93190.04,93196.02,93190.04,93196.02,300,45,0
2026.02.23 10:25:00,93199.32,93199.74,93184.48,93190.02,300,45,0
2026.02.23 10:20:00,93193.32,93199.30,93193.32,93199.30,300,45,0
2026.02.23 10:15:00,93187.32,93193.30,93187.32,93193.30,300,45,0
2026.02.23 10:10:00,93198.11,93202.53,93185.76,93187.30,300,45,0
2026.02.23 10:05:00,93212.75,93215.23,93194.61,93198.09,300,45,0
2026.02.23 10:00:00,93206.75,93212.73,93206.75,93212.73,300,45,0
2026.02.23 09:55:00,93200.75,93206.73,93200.75,93206.73,300,45,0
2026.02.23 09:50:00,93220.88,93226.10,93199.99,93200.73,300,45,0
2026.02.23 09:45:00,93214.88,93220.86,93214.88,93220.86,300,45,0
2026.02.23 09:40:00,93208.88,93214.86,93208.88,93214.86,300,45,0
2026.02.23 09:35:00,93202.88,93208.86,93202.88,93208.86,300,45,0
2026.02.23 09:30:00,93197.22,93202.86,93197.22,93202.86,283,45,0
2026.02.23 09:25:00,93191.22,93197.20,93191.22,93197.20,300,45,0
2026.02.23 09:20:00,93185.22,93191.20,93185.22,93191.20,300,45,0
2026.02.23 09:15:00,93179.22,93185.20,93179.22,93185.20,300,45,0
2026.02.23 09:10:00,93194.13,93198.51,93177.62,93179.20,300,45,0
2026.02.23 09:05:00,93212.07,93217.95,93194.03,93194.11,300,45,0
2026.02.23 09:00:00,93206.07,93212.05,93206.07,93212.05,300,45,0
2026.02.23 08:55:00,93200.07,93206.05,93200.07,93206.05,300,45,0
2026.02.23 08:50:00,93194.07,93200.05,93194.07,93200.05,300,45,0
2026.02.23 08:45:00,93188.07,93194.05,93188.07,93194.05,300,45,0
2026.02.23 08:40:00,93182.07,93188.05,93182.07,93188.05,300,45,0
2026.02.23 08:35:00,93176.07,93182.05,93176.07,93182.05,300,45,0
2026.02.23 08:30:00,93184.77,93189.37,93174.69,93176.05,300,45,0
2026.02.23 08:25:00,93178.77,93184.75,93178.77,93184.75,300,45,0
2026.02.23 08:20:00,93172.77,93178.75,93172.77,93178.75,300,45,0
2026.02.23 08:15:00,93166.77,93172.75,93166.77,93172.75,300,45,0
2026.02.23 08:10:00,93160.77,93166.75,93160.77,93166.75,300,45,0
2026.02.23 08:05:00,93154.77,93160.75,93154.77,93160.75,300,45,0
2026.02.23 08:00:00,93148.77,93154.75,93148.77,93154.75,300,45,0
2026.02.23 07:55:00,93142.77,93148.75,93142.77,93148.75,300,45,0
2026.02.23 07:50:00,93136.77,93142.75,93136.77,93142.75,300,45,0
2026.02.23 07:45:00,93157.68,93162.52,93135.63,93136.75,300,45,0
2026.02.23 07:40:00,93151.68,93157.66,93151.68,93157.66,300,45,0
2026.02.23 07:35:00,93179.32,93184.46,93150.84,93151.66,300,45,0
2026.02.23 07:30:00,93173.32,93179.30,93173.32,93179.30,300,45,0
2026.02.23 07:25:00,93167.32,93173.30,93167.32,93173.30,300,45,0
2026.02.23 07:20:00,93161.32,93167.30,93161.32,93167.30,300,45,0
2026.02.23 07:15:00,93155.32,93161.30,93155.32,93161.30,300,45,0
2026.02.23 07:10:00,93149.32,93155.30,93149.32,93155.30,300,45,0
2026.02.23 07:05:00,93143.32,93149.30,93143.32,93149.30,300,45,0
2026.02.23 07:00:00,93137.32,93143.30,93137.32,93143.30,300,45,0
2026.02.23 06:55:00,93131.32,93137.30,93131.32,93137.30,300,45,0
2026.02.23 06:50:00,93125.32,93131.30,93125.32,93131.30,300,45,0
2026.02.23 06:45:00,93137.03,93139.77,93122.08,93125.30,300,45,0
2026.02.23 06:40:00,93147.44,93151.26,93134.87,93137.01,300,45,0
2026.02.23 06:35:00,93141.44,93147.42,93141.44,93147.42,300,45,0
2026.02.23 06:30:00,93224.52,93226.10,93139.26,93141.42,300,45,0
2026.02.23 06:25:00,93218.52,93224.50,93218.52,93224.50,300,45,0
2026.02.23 06:20:00,93236.50,93239.70,93215.74,93218.50,300,45,0
2026.02.23 06:15:00,93230.50,93236.48,93230.50,93236.48,300,45,0
2026.02.23 06:10:00,93224.50,93230.48,93224.50,93230.48,300,45,0
2026.02.23 06:05:00,93218.50,93224.48,93218.50,93224.48,300,45,0
2026.02.23 06:00:00,93212.50,93218.48,93212.50,93218.48,300,45,0
2026.02.23 05:55:00,93260.37,93260.67,93210.38,93212.48,300,45,0
2026.02.23 05:50:00,93308.26,93308.74,93256.95,93260.35,300,45,0
2026.02.23 05:45:00,93302.26,93308.24,93302.26,93308.24,300,45,0
2026.02.23 05:40:00,93296.26,93302.24,93296.26,93302.24,300,45,0
2026.02.23 05:35:00,93290.26,93296.24,93290.26,93296.24,300,45,0
2026.02.23 05:30:00,93284.26,93290.24,93284.26,93290.24,300,45,0
2026.02.23 05:25:00,93278.24,93284.24,93278.24,93284.24,301,45,0
2026.02.23 05:20:00,93272.24,93278.22,93272.24,93278.22,300,45,0
2026.02.23 05:15:00,93266.24,93272.22,93266.24,93272.22,300,45,0
2026.02.23 05:10:00,93260.24,93266.22,93260.24,93266.22,300,45,0
2026.02.23 05:05:00,93254.24,93260.22,93254.24,93260.22,300,45,0
2026.02.23 05:00:00,93248.24,93254.22,93248.24,93254.22,300,45,0
2026.02.23 04:55:00,93242.24,93248.22,93242.24,93248.22,300,45,0
2026.02.23 04:50:00,93236.24,93242.22,93236.24,93242.22,300,45,0
2026.02.23 04:45:00,93230.24,93236.22,93230.24,93236.22,300,45,0
2026.02.23 04:40:00,93238.88,93239.56,93224.94,93230.22,300,45,0
2026.02.23 04:35:00,93248.20,93248.62,93233.32,93238.86,300,45,0
2026.02.23 04:30:00,93242.20,93248.18,93242.20,93248.18,300,45,0
2026.02.23 04:25:00,93236.20,93242.18,93236.20,93242.18,300,45,0
2026.02.23 04:20:00,93272.44,93274.18,93231.96,93236.18,300,45,0
2026.02.23 04:15:00,93266.44,93272.42,93266.44,93272.42,300,45,0
2026.02.23 04:10:00,93284.26,93285.08,93261.28,93266.42,300,45,0
2026.02.23 04:05:00,93278.26,93284.24,93278.26,93284.24,300,45,0
2026.02.23 04:00:00,93301.65,93307.27,93277.90,93278.24,300,45,0
2026.02.23 03:55:00,93295.65,93301.63,93295.65,93301.63,300,45,0
2026.02.23 03:50:00,93289.65,93295.63,93289.65,93295.63,300,45,0
2026.02.23 03:45:00,93302.97,93305.01,93285.71,93289.63,300,45,0
2026.02.23 03:40:00,93296.97,93302.95,93296.97,93302.95,300,45,0
2026.02.23 03:35:00,93290.97,93296.95,93290.97,93296.95,300,45,0
2026.02.23 03:30:00,93303.47,93308.29,93289.81,93290.95,300,45,0
2026.02.23 03:25:00,93297.47,93303.45,93297.47,93303.45,300,45,0
2026.02.23 03:20:00,93291.47,93297.45,93291.47,93297.45,300,45,0
2026.02.23 03:15:00,93285.47,93291.45,93285.47,93291.45,300,45,0
2026.02.23 03:10:00,93306.53,93308.13,93281.09,93285.45,300,45,0
2026.02.23 03:05:00,93300.53,93306.51,93300.53,93306.51,300,45,0
2026.02.23 03:00:00,93294.53,93300.51,93294.53,93300.51,300,45,0
2026.02.23 02:55:00,93288.53,93294.51,93288.53,93294.51,300,45,0
2026.02.23 02:50:00,93331.94,93334.02,93285.81,93288.51,300,45,0
2026.02.23 02:45:00,93325.94,93331.92,93325.94,93331.92,300,45,0
2026.02.23 02:40:00,93319.94,93325.92,93319.94,93325.92,300,45,0
2026.02.23 02:35:00,93350.68,93350.80,93314.08,93319.92,300,45,0
2026.02.23 02:30:00,93344.68,93350.66,93344.68,93350.66,300,45,0
2026.02.23 02:25:00,93338.68,93344.66,93338.68,93344.66,300,45,0
2026.02.23 02:20:00,93332.68,93338.66,93332.68,93338.66,300,45,0
2026.02.23 02:15:00,93326.68,93332.66,93326.68,93332.66,300,45,0
2026.02.23 02:10:00,93333.25,93338.79,93326.24,93326.66,300,45,0
2026.02.23 02:05:00,93327.25,93333.23,93327.25,93333.23,300,45,0
2026.02.23 02:00:00,93321.25,93327.23,93321.25,93327.23,300,45,0
2026.02.23 01:55:00,93315.25,93321.23,93315.25,93321.23,300,45,0
2026.02.23 01:50:00,93309.25,93315.23,93309.25,93315.23,300,45,0
2026.02.23 01:45:00,93303.25,93309.23,93303.25,93309.23,300,45,0
2026.02.23 01:40:00,93297.25,93303.23,93297.25,93303.23,300,45,0
2026.02.23 01:35:00,93291.25,93297.23,93291.25,93297.23,300,45,0
2026.02.23 01:30:00,93332.88,93335.50,93287.89,93291.23,300,45,0
2026.02.23 01:25:00,93326.88,93332.86,93326.88,93332.86,300,45,0
2026.02.23 01:20:00,93320.88,93326.86,93320.88,93326.86,300,45,0
2026.02.23 01:15:00,93314.88,93320.86,93314.88,93320.86,300,45,0
2026.02.23 01:10:00,93339.07,93343.69,93313.52,93314.86,300,45,0
2026.02.23 01:05:00,93333.07,93339.05,93333.07,93339.05,300,45,0
2026.02.23 01:00:00,93327.07,93333.05,93327.07,93333.05,300,45,0
2026.02.23 00:55:00,93321.07,93327.05,93321.07,93327.05,300,45,0
2026.02.23 00:50:00,93315.07,93321.05,93315.07,93321.05,300,45,0
2026.02.23 00:45:00,93309.07,93315.05,93309.07,93315.05,300,45,0
2026.02.23 00:40:00,93303.07,93309.05,93303.07,93309.05,300,45,0
2026.02.23 00:35:00,93330.84,93336.74,93302.99,93303.05,300,45,0
2026.02.23 00:30:00,93324.84,93330.82,93324.84,93330.82,300,45,0
2026.02.23 00:25:00,93318.84,93324.82,93318.84,93324.82,300,45,0
2026.02.23 00:20:00,93312.84,93318.82,93312.84,93318.82,300,45,0
2026.02.23 00:15:00,93306.84,93312.82,93306.84,93312.82,300,45,0
2026.02.23 00:10:00,93300.84,93306.82,93300.84,93306.82,300,45,0
2026.02.23 00:05:00,93337.90,93338.22,93297.32,93300.82,300,45,0
2026.02.23 00:00:00,93345.34,93345.78,93332.36,93337.88,300,45,0
2026.02.22 23:55:00,93339.34,93345.32,93339.34,93345.32,300,45,0
2026.02.22 23:50:00,93355.92,93357.62,93335.06,93339.32,300,45,0
2026.02.22 23:45:00,93349.92,93355.90,93349.92,93355.90,300,45,0
2026.02.22 23:40:00,93343.92,93349.90,93343.92,93349.90,300,45,0
2026.02.22 23:35:00,93337.92,93343.90,93337.92,93343.90,300,45,0
2026.02.22 23:30:00,93347.47,93353.19,93337.66,93337.90,300,45,0
2026.02.22 23:25:00,93341.47,93347.45,93341.47,93347.45,300,45,0
2026.02.22 23:20:00,93335.47,93341.45,93335.47,93341.45,300,45,0
2026.02.22 23:15:00,93329.47,93335.45,93329.47,93335.45,300,45,0
2026.02.22 23:10:00,93323.47,93329.45,93323.47,93329.45,300,45,0
2026.02.22 23:05:00,93317.47,93323.45,93317.47,93323.45,300,45,0
2026.02.22 23:00:00,93311.47,93317.45,93311.47,93317.45,300,45,0
2026.02.22 22:55:00,93305.47,93311.45,93305.47,93311.45,300,45,0
2026.02.22 22:50:00,93327.77,93329.03,93300.75,93305.45,300,45,0
2026.02.22 22:45:00,93321.77,93327.75,93321.77,93327.75,300,45,0
2026.02.22 22:40:00,93315.77,93321.75,93315.77,93321.75,300,45,0
2026.02.22 22:35:00,93333.64,93338.58,93314.73,93315.75,300,45,0
2026.02.22 22:30:00,93327.64,93333.62,93327.64,93333.62,300,45,0
2026.02.22 22:25:00,93321.64,93327.62,93321.64,93327.62,300,45,0
2026.02.22 22:20:00,93315.64,93321.62,93315.64,93321.62,300,45,0
2026.02.22 22:15:00,93309.64,93315.62,93309.64,93315.62,300,45,0
2026.02.22 22:10:00,93303.64,93309.62,93303.64,93309.62,300,45,0
2026.02.22 22:05:00,93297.64,93303.62,93297.64,93303.62,300,45,0
2026.02.22 22:00:00,93291.64,93297.62,93291.64,93297.62,300,45,0
2026.02.22 21:55:00,93306.44,93309.94,93289.16,93291.62,300,45,0
2026.02.22 21:50:00,93300.44,93306.42,93300.44,93306.42,300,45,0
2026.02.22 21:45:00,93294.44,93300.42,93294.44,93300.42,300,45,0
2026.02.22 21:40:00,93288.44,93294.42,93288.44,93294.42,300,45,0
2026.02.22 21:35:00,93282.44,93288.42,93282.44,93288.42,300,45,0
2026.02.22 21:30:00,93276.44,93282.42,93276.44,93282.42,300,45,0
2026.02.22 21:25:00,93317.20,93318.88,93274.00,93276.42,300,45,0
2026.02.22 21:20:00,93311.20,93317.18,93311.20,93317.18,300,45,0
2026.02.22 21:15:00,93358.86,93363.70,93310.84,93311.18,300,45,0
2026.02.22 21:10:00,93352.86,93358.84,93352.86,93358.84,300,45,0
2026.02.22 21:05:00,93346.86,93352.84,93346.86,93352.84,300,45,0
2026.02.22 21:00:00,93340.86,93346.84,93340.86,93346.84,300,45,0
2026.02.22 20:55:00,93334.86,93340.84,93334.86,93340.84,300,45,0
2026.02.22 20:50:00,93328.86,93334.84,93328.86,93334.84,300,45,0
2026.02.22 20:45:00,93322.86,93328.84,93322.86,93328.84,300,45,0
2026.02.22 20:40:00,93343.84,93344.88,93317.92,93322.84,300,45,0
2026.02.22 20:35:00,93337.84,93343.82,93337.84,93343.82,300,45,0
2026.02.22 20:30:00,93331.84,93337.82,93331.84,93337.82,300,45,0
2026.02.22 20:25:00,93325.84,93331.82,93325.84,93331.82,300,45,0
2026.02.22 20:20:00,93319.82,93325.82,93319.82,93325.82,301,45,0
2026.02.22 20:15:00,93354.67,93357.47,93316.88,93319.80,300,45,0
2026.02.22 20:10:00,93348.67,93354.65,93348.67,93354.65,300,45,0
2026.02.22 20:05:00,93354.85,93359.61,93347.45,93348.65,300,45,0
2026.02.22 20:00:00,93348.85,93354.83,93348.85,93354.83,300,45,0
2026.02.22 19:55:00,93368.82,93374.00,93348.05,93348.83,300,45,0
2026.02.22 19:50:00,93362.82,93368.80,93362.82,93368.80,300,45,0
2026.02.22 19:45:00,93379.10,93381.56,93359.30,93362.80,300,45,0
2026.02.22 19:40:00,93373.10,93379.08,93373.10,93379.08,300,45,0
2026.02.22 19:35:00,93369.86,93373.08,93369.86,93373.08,163,45,0
2026.02.22 19:30:00,93363.86,93369.84,93363.86,93369.84,300,45,0
2026.02.22 19:25:00,93357.86,93363.84,93357.86,93363.84,300,45,0
2026.02.22 19:20:00,93351.86,93357.84,93351.86,93357.84,300,45,0
2026.02.22 19:15:00,93345.86,93351.84,93345.86,93351.84,300,45,0
2026.02.22 19:10:00,93358.52,93358.56,93339.92,93345.84,300,45,0
2026.02.22 19:05:00,93352.52,93358.50,93352.52,93358.50,299,45,0
2026.02.22 19:00:00,93359.60,93361.08,93348.02,93352.50,300,45,0
2026.02.22 18:55:00,93378.30,93383.24,93358.56,93359.58,300,45,0
2026.02.22 18:50:00,93372.30,93378.28,93372.30,93378.28,300,45,0
2026.02.22 18:45:00,93366.30,93372.28,93366.30,93372.28,300,45,0
2026.02.22 18:40:00,93374.11,93378.43,93364.64,93366.28,300,45,0
2026.02.22 18:35:00,93368.11,93374.09,93368.11,93374.09,300,45,0
2026.02.22 18:30:00,93365.79,93368.09,93365.79,93368.09,116,45,0
2026.02.22 18:25:00,93361.31,93365.79,93361.31,93365.79,225,45,0
2026.02.22 18:20:00,93355.31,93361.29,93355.31,93361.29,300,45,0
2026.02.22 18:15:00,93349.31,93355.29,93349.31,93355.29,300,45,0
2026.02.22 18:10:00,93362.38,93366.82,93347.77,93349.29,300,45,0
2026.02.22 18:05:00,93356.38,93362.36,93356.38,93362.36,300,45,0
2026.02.22 18:00:00,93350.38,93356.36,93350.38,93356.36,300,45,0
2026.02.22 17:55:00,93344.38,93350.36,93344.38,93350.36,300,45,0
2026.02.22 17:50:00,93366.25,93368.59,93340.74,93344.36,300,45,0
2026.02.22 17:45:00,93360.25,93366.23,93360.25,93366.23,300,45,0
2026.02.22 17:40:00,93354.25,93360.23,93354.25,93360.23,300,45,0
2026.02.22 17:35:00,93364.60,93364.90,93348.57,93354.23,300,45,0
2026.02.22 17:30:00,93358.60,93364.58,93358.60,93364.58,300,45,0
2026.02.22 17:25:00,93352.60,93358.58,93352.60,93358.58,300,45,0
2026.02.22 17:20:00,93346.60,93352.58,93346.60,93352.58,300,45,0
2026.02.22 17:15:00,93340.60,93346.58,93340.60,93346.58,300,45,0
2026.02.22 17:10:00,93334.60,93340.58,93334.60,93340.58,300,45,0
2026.02.22 17:05:00,93328.60,93334.58,93328.60,93334.58,300,45,0
2026.02.22 17:00:00,93370.38,93371.02,93325.10,93328.58,300,45,0
2026.02.22 16:55:00,93364.38,93370.36,93364.38,93370.36,300,45,0
2026.02.22 16:50:00,93358.38,93364.36,93358.38,93364.36,300,45,0
2026.02.22 16:45:00,93375.35,93375.99,93353.04,93358.36,300,45,0
2026.02.22 16:40:00,93369.35,93375.33,93369.35,93375.33,300,45,0
2026.02.22 16:35:00,93363.35,93369.33,93363.35,93369.33,300,45,0
2026.02.22 16:30:00,93357.35,93363.33,93357.35,93363.33,300,45,0
2026.02.22 16:25:00,93351.35,93357.33,93351.35,93357.33,300,45,0
2026.02.22 16:20:00,93345.35,93351.33,93345.35,93351.33,300,45,0
2026.02.22 16:15:00,93339.33,93345.33,93339.33,93345.33,301,45,0
2026.02.22 16:10:00,93333.33,93339.31,93333.33,93339.31,300,45,0
2026.02.22 16:05:00,93363.24,93368.10,93332.21,93333.31,300,45,0
2026.02.22 16:00:00,93357.24,93363.22,93357.24,93363.22,300,45,0
2026.02.22 15:55:00,93351.24,93357.22,93351.24,93357.22,300,45,0
2026.02.22 15:50:00,93345.24,93351.22,93345.24,93351.22,300,45,0
2026.02.22 15:45:00,93339.24,93345.22,93339.24,93345.22,300,45,0
2026.02.22 15:40:00,93333.24,93339.22,93333.24,93339.22,300,45,0
2026.02.22 15:35:00,93327.24,93333.22,93327.24,93333.22,300,45,0
2026.02.22 15:30:00,93321.24,93327.22,93321.24,93327.22,300,45,0
2026.02.22 15:25:00,93315.24,93321.22,93315.24,93321.22,300,45,0
2026.02.22 15:20:00,93309.24,93315.22,93309.24,93315.22,300,45,0
2026.02.22 15:15:00,93303.24,93309.22,93303.24,93309.22,300,45,0
2026.02.22 15:10:00,93297.24,93303.22,93297.24,93303.22,300,45,0
2026.02.22 15:05:00,93291.24,93297.22,93291.24,93297.22,300,45,0
2026.02.22 15:00:00,93285.24,93291.22,93285.24,93291.22,300,45,0
2026.02.22 14:55:00,93279.24,93285.22,93279.24,93285.22,300,45,0
2026.02.22 14:50:00,93326.57,93328.67,93277.86,93279.22,300,45,0
2026.02.22 14:45:00,93320.57,93326.55,93320.57,93326.55,300,45,0
2026.02.22 14:40:00,93330.79,93333.15,93316.95,93320.55,300,45,0
2026.02.22 14:35:00,93324.79,93330.77,93324.79,93330.77,300,45,0
2026.02.22 14:30:00,93364.51,93368.85,93323.15,93324.77,300,45,0
2026.02.22 14:25:00,93409.26,93414.38,93363.65,93364.49,300,45,0
2026.02.22 14:20:00,93403.26,93409.24,93403.26,93409.24,300,45,0
2026.02.22 14:15:00,93397.26,93403.24,93397.26,93403.24,300,45,0
2026.02.22 14:10:00,93416.11,93420.19,93395.36,93397.24,300,45,0
2026.02.22 14:05:00,93428.35,93432.13,93413.91,93416.09,300,45,0
2026.02.22 14:00:00,93422.35,93428.33,93422.35,93428.33,300,45,0
2026.02.22 13:55:00,93449.45,93455.13,93422.05,93422.33,300,45,0
2026.02.22 13:50:00,93443.45,93449.43,93443.45,93449.43,300,45,0
2026.02.22 13:45:00,93437.45,93443.43,93437.45,93443.43,300,45,0
2026.02.22 13:40:00,93431.45,93437.43,93431.45,93437.43,300,45,0
2026.02.22 13:35:00,93464.00,93465.40,93429.43,93431.43,300,45,0
2026.02.22 13:30:00,93473.39,93474.63,93459.26,93463.98,300,45,0
2026.02.22 13:25:00,93467.39,93473.37,93467.39,93473.37,300,45,0
2026.02.22 13:20:00,93461.39,93467.37,93461.39,93467.37,300,45,0
2026.02.22 13:15:00,93455.39,93461.37,93455.39,93461.37,300,45,0
2026.02.22 13:10:00,93449.39,93455.37,93449.39,93455.37,300,45,0
2026.02.22 13:05:00,93443.39,93449.37,93443.39,93449.37,300,45,0
2026.02.22 13:00:00,93452.88,93456.32,93440.85,93443.37,300,45,0
2026.02.22 12:55:00,93473.85,93476.33,93449.38,93452.86,300,45,0
2026.02.22 12:50:00,93486.80,93492.06,93473.13,93473.83,300,45,0
2026.02.22 12:45:00,93480.80,93486.78,93480.80,93486.78,300,45,0
2026.02.22 12:40:00,93474.80,93480.78,93474.80,93480.78,300,45,0
2026.02.22 12:35:00,93468.80,93474.78,93468.80,93474.78,300,45,0
2026.02.22 12:30:00,93462.80,93468.78,93462.80,93468.78,300,45,0
2026.02.22 12:25:00,93456.80,93462.78,93456.80,93462.78,300,45,0
2026.02.22 12:20:00,93450.80,93456.78,93450.80,93456.78,300,45,0
2026.02.22 12:15:00,93444.80,93450.78,93444.80,93450.78,300,45,0
2026.02.22 12:10:00,93438.80,93444.78,93438.80,93444.78,300,45,0
2026.02.22 12:05:00,93432.80,93438.78,93432.80,93438.78,300,45,0
2026.02.22 12:00:00,93470.37,93470.37,93432.04,93432.78,300,45,0
2026.02.22 11:55:00,93464.37,93470.35,93464.37,93470.35,300,45,0
2026.02.22 11:50:00,93498.41,93502.27,93463.97,93464.35,300,45,0
2026.02.22 11:45:00,93492.41,93498.39,93492.41,93498.39,300,45,0
2026.02.22 11:40:00,93486.41,93492.39,93486.41,93492.39,300,45,0
2026.02.22 11:35:00,93480.41,93486.39,93480.41,93486.39,300,45,0
2026.02.22 11:30:00,93506.35,93506.51,93474.59,93480.39,300,45,0
2026.02.22 11:25:00,93534.37,93539.89,93505.89,93506.33,300,45,0
2026.02.22 11:20:00,93559.38,93561.20,93530.21,93534.35,300,45,0
2026.02.22 11:15:00,93553.38,93559.36,93553.38,93559.36,300,45,0
2026.02.22 11:10:00,93547.38,93553.36,93547.38,93553.36,300,45,0
2026.02.22 11:05:00,93561.32,93562.60,93542.68,93547.36,300,45,0
2026.02.22 11:00:00,93571.51,93572.43,93556.26,93561.30,300,45,0
2026.02.22 10:55:00,93565.51,93571.49,93565.51,93571.49,300,45,0
2026.02.22 10:50:00,93559.51,93565.49,93559.51,93565.49,300,45,0
2026.02.22 10:45:00,93553.51,93559.49,93553.51,93559.49,300,45,0
2026.02.22 10:40:00,93547.51,93553.49,93547.51,93553.49,300,45,0
2026.02.22 10:35:00,93541.51,93547.49,93541.51,93547.49,300,45,0
2026.02.22 10:30:00,93594.64,93597.20,93538.09,93541.49,300,45,0
2026.02.22 10:25:00,93588.64,93594.62,93588.64,93594.62,300,45,0
2026.02.22 10:20:00,93582.64,93588.62,93582.64,93588.62,300,45,0
2026.02.22 10:15:00,93576.64,93582.62,93576.64,93582.62,300,45,0
2026.02.22 10:10:00,93570.64,93576.62,93570.64,93576.62,300,45,0
2026.02.22 10:05:00,93564.64,93570.62,93564.64,93570.62,300,45,0
2026.02.22 10:00:00,93558.64,93564.62,93558.64,93564.62,300,45,0
2026.02.22 09:55:00,93552.64,93558.62,93552.64,93558.62,300,45,0
2026.02.22 09:50:00,93593.68,93594.44,93549.48,93552.62,300,45,0
2026.02.22 09:45:00,93587.68,93593.66,93587.68,93593.66,300,45,0
2026.02.22 09:40:00,93612.30,93612.64,93582.04,93587.66,300,45,0
2026.02.22 09:35:00,93606.30,93612.28,93606.30,93612.28,300,45,0
2026.02.22 09:30:00,93625.94,93630.10,93604.48,93606.28,300,45,0
2026.02.22 09:25:00,93619.94,93625.92,93619.94,93625.92,300,45,0
2026.02.22 09:20:00,93613.94,93619.92,93613.94,93619.92,300,45,0
2026.02.22 09:15:00,93607.94,93613.92,93607.94,93613.92,300,45,0
2026.02.22 09:10:00,93614.29,93616.89,93604.56,93607.92,300,45,0
2026.02.22 09:05:00,93608.29,93614.27,93608.29,93614.27,300,45,0
2026.02.22 09:00:00,93602.29,93608.27,93602.29,93608.27,300,45,0
2026.02.22 08:55:00,93596.29,93602.27,93596.29,93602.27,300,45,0
2026.02.22 08:50:00,93590.29,93596.27,93590.29,93596.27,300,45,0
2026.02.22 08:45:00,93584.29,93590.27,93584.29,93590.27,300,45,0
2026.02.22 08:40:00,93578.29,93584.27,93578.29,93584.27,300,45,0
2026.02.22 08:35:00,93572.29,93578.27,93572.29,93578.27,300,45,0
2026.02.22 08:30:00,93566.29,93572.27,93566.29,93572.27,300,45,0
2026.02.22 08:25:00,93560.29,93566.27,93560.29,93566.27,300,45,0
2026.02.22 08:20:00,93554.29,93560.27,93554.29,93560.27,300,45,0
2026.02.22 08:15:00,93548.29,93554.27,93548.29,93554.27,300,45,0
2026.02.22 08:10:00,93542.29,93548.27,93542.29,93548.27,300,45,0
2026.02.22 08:05:00,93536.29,93542.27,93536.29,93542.27,300,45,0
2026.02.22 08:00:00,93530.29,93536.27,93530.29,93536.27,300,45,0
2026.02.22 07:55:00,93524.29,93530.27,93524.29,93530.27,300,45,0
2026.02.22 07:50:00,93518.29,93524.27,93518.29,93524.27,300,45,0
2026.02.22 07:45:00,93512.29,93518.27,93512.29,93518.27,300,45,0
2026.02.22 07:40:00,93506.29,93512.27,93506.29,93512.27,300,45,0
2026.02.22 07:35:00,93500.29,93506.27,93500.29,93506.27,300,45,0
2026.02.22 07:30:00,93494.29,93500.27,93494.29,93500.27,300,45,0
2026.02.22 07:25:00,93488.29,93494.27,93488.29,93494.27,300,45,0
2026.02.22 07:20:00,93513.96,93514.64,93482.99,93488.27,300,45,0
2026.02.22 07:15:00,93507.94,93513.94,93507.94,93513.94,301,45,0
2026.02.22 07:10:00,93526.85,93527.19,93502.30,93507.92,300,45,0
2026.02.22 07:05:00,93520.85,93526.83,93520.85,93526.83,300,45,0
2026.02.22 07:00:00,93514.85,93520.83,93514.85,93520.83,300,45,0
2026.02.22 06:55:00,93514.59,93514.83,93514.59,93514.83,13,45,0
2026.02.22 06:45:00,93508.85,93514.57,93508.85,93514.57,287,45,0
2026.02.22 06:40:00,93502.85,93508.83,93502.85,93508.83,300,45,0
2026.02.22 06:35:00,93496.85,93502.83,93496.85,93502.83,300,45,0
2026.02.22 06:30:00,93490.85,93496.83,93490.85,93496.83,300,45,0
2026.02.22 06:25:00,93484.85,93490.83,93484.85,93490.83,300,45,0
2026.02.22 06:20:00,93478.85,93484.83,93478.85,93484.83,300,45,0
2026.02.22 06:15:00,93536.00,93537.50,93476.81,93478.83,300,45,0
2026.02.22 06:10:00,93530.00,93535.98,93530.00,93535.98,300,45,0
2026.02.22 06:05:00,93524.00,93529.98,93524.00,93529.98,300,45,0
2026.02.22 06:00:00,93518.00,93523.98,93518.00,93523.98,300,45,0
2026.02.22 05:55:00,93528.95,93532.27,93515.34,93517.98,300,45,0
2026.02.22 05:50:00,93522.95,93528.93,93522.95,93528.93,300,45,0
2026.02.22 05:45:00,93516.95,93522.93,93516.95,93522.93,300,45,0
2026.02.22 05:40:00,93510.95,93516.93,93510.95,93516.93,300,45,0
2026.02.22 05:35:00,93504.95,93510.93,93504.95,93510.93,300,45,0
2026.02.22 05:30:00,93498.95,93504.93,93498.95,93504.93,300,45,0
2026.02.22 05:25:00,93492.95,93498.93,93492.95,93498.93,300,45,0
2026.02.22 05:20:00,93518.13,93519.49,93488.33,93492.93,300,45,0
2026.02.22 05:15:00,93512.13,93518.11,93512.13,93518.11,300,45,0
2026.02.22 05:10:00,93506.13,93512.11,93506.13,93512.11,300,45,0
2026.02.22 05:05:00,93500.13,93506.11,93500.13,93506.11,300,45,0
2026.02.22 05:00:00,93494.13,93500.11,93494.13,93500.11,300,45,0
2026.02.22 04:55:00,93525.65,93528.97,93493.05,93494.11,300,45,0
2026.02.22 04:50:00,93519.65,93525.63,93519.65,93525.63,300,45,0
2026.02.22 04:45:00,93528.89,93531.45,93516.23,93519.63,300,45,0
2026.02.22 04:40:00,93522.89,93528.87,93522.89,93528.87,300,45,0
2026.02.22 04:35:00,93546.59,93552.39,93522.71,93522.87,300,45,0
2026.02.22 04:30:00,93570.71,93572.75,93542.65,93546.57,300,45,0
2026.02.22 04:25:00,93582.48,93584.02,93566.27,93570.69,300,45,0
2026.02.22 04:20:00,93576.48,93582.46,93576.48,93582.46,300,45,0
2026.02.22 04:15:00,93570.48,93576.46,93570.48,93576.46,300,45,0
2026.02.22 04:10:00,93564.48,93570.46,93564.48,93570.46,300,45,0
2026.02.22 04:05:00,93576.68,93580.72,93562.54,93564.46,300,45,0
2026.02.22 04:00:00,93570.68,93576.66,93570.68,93576.66,300,45,0
2026.02.22 03:55:00,93564.68,93570.66,93564.68,93570.66,300,45,0
2026.02.22 03:50:00,93558.68,93564.66,93558.68,93564.66,300,45,0
2026.02.22 03:45:00,93552.68,93558.66,93552.68,93558.66,300,45,0
2026.02.22 03:40:00,93572.78,93577.76,93551.68,93552.66,300,45,0
2026.02.22 03:35:00,93566.78,93572.76,93566.78,93572.76,300,45,0
2026.02.22 03:30:00,93560.78,93566.76,93560.78,93566.76,300,45,0
2026.02.22 03:25:00,93589.36,93594.66,93560.10,93560.76,300,45,0
2026.02.22 03:20:00,93583.36,93589.34,93583.36,93589.34,300,45,0
2026.02.22 03:15:00,93577.36,93583.34,93577.36,93583.34,300,45,0
2026.02.22 03:10:00,93571.36,93577.34,93571.36,93577.34,300,45,0
2026.02.22 03:05:00,93565.36,93571.34,93565.36,93571.34,300,45,0
2026.02.22 03:00:00,93559.36,93565.34,93559.36,93565.34,300,45,0
2026.02.22 02:55:00,93570.38,93576.10,93559.10,93559.34,300,45,0
2026.02.22 02:50:00,93564.38,93570.36,93564.38,93570.36,300,45,0
2026.02.22 02:45:00,93558.38,93564.36,93558.38,93564.36,300,45,0
2026.02.22 02:40:00,93552.38,93558.36,93552.38,93558.36,300,45,0
2026.02.22 02:35:00,93546.38,93552.36,93546.38,93552.36,300,45,0
2026.02.22 02:30:00,93540.38,93546.36,93540.38,93546.36,300,45,0
2026.02.22 02:25:00,93560.06,93562.36,93536.70,93540.36,300,45,0
2026.02.22 02:20:00,93554.06,93560.04,93554.06,93560.04,300,45,0
2026.02.22 02:15:00,93548.06,93554.04,93548.06,93554.04,300,45,0
2026.02.22 02:10:00,93542.06,93548.04,93542.06,93548.04,300,45,0
2026.02.22 02:05:00,93568.14,93573.72,93541.66,93542.04,300,45,0
2026.02.22 02:00:00,93562.14,93568.12,93562.14,93568.12,300,45,0
2026.02.22 01:55:00,93556.14,93562.12,93556.14,93562.12,300,45,0
2026.02.22 01:50:00,93588.03,93592.99,93555.12,93556.12,300,45,0
2026.02.22 01:45:00,93582.03,93588.01,93582.03,93588.01,300,45,0
2026.02.22 01:40:00,93588.78,93590.94,93578.21,93582.01,300,45,0
2026.02.22 01:35:00,93582.78,93588.76,93582.78,93588.76,300,45,0
2026.02.22 01:30:00,93576.78,93582.76,93576.78,93582.76,300,45,0
2026.02.22 01:25:00,93598.57,93602.19,93574.42,93576.76,300,45,0
2026.02.22 01:20:00,93604.71,93606.67,93594.55,93598.55,300,45,0
2026.02.22 01:15:00,93598.71,93604.69,93598.71,93604.69,300,45,0
2026.02.22 01:10:00,93629.08,93631.44,93597.39,93598.69,300,45,0
2026.02.22 01:05:00,93642.21,93644.57,93625.46,93629.06,300,45,0
2026.02.22 01:00:00,93649.74,93652.70,93639.19,93642.19,300,45,0
2026.02.22 00:55:00,93672.41,93674.23,93645.58,93649.72,300,45,0
2026.02.22 00:50:00,93666.41,93672.39,93666.41,93672.39,300,45,0
2026.02.22 00:45:00,93660.41,93666.39,93660.41,93666.39,300,45,0
2026.02.22 00:40:00,93654.41,93660.39,93654.41,93660.39,300,45,0
2026.02.22 00:35:00,93648.41,93654.39,93648.41,93654.39,300,45,0
2026.02.22 00:30:00,93642.41,93648.39,93642.41,93648.39,300,45,0
2026.02.22 00:25:00,93636.41,93642.39,93636.41,93642.39,300,45,0
2026.02.22 00:20:00,93630.41,93636.39,93630.41,93636.39,300,45,0
2026.02.22 00:15:00,93624.41,93630.39,93624.41,93630.39,300,45,0
2026.02.22 00:10:00,93618.41,93624.39,93618.41,93624.39,300,45,0
2026.02.22 00:05:00,93612.41,93618.39,93612.41,93618.39,300,45,0
2026.02.22 00:00:00,93606.41,93612.39,93606.41,93612.39,300,45,0
2026.02.21 23:55:00,93600.41,93606.39,93600.41,93606.39,300,45,0
2026.02.21 23:50:00,93594.41,93600.39,93594.41,93600.39,300,45,0
2026.02.21 23:45:00,93617.45,93620.83,93591.81,93594.39,300,45,0
2026.02.21 23:40:00,93674.64,93675.56,93613.73,93617.43,300,45,0
2026.02.21 23:35:00,93668.64,93674.62,93668.64,93674.62,300,45,0
2026.02.21 23:30:00,93662.64,93668.62,93662.64,93668.62,300,45,0
2026.02.21 23:25:00,93656.64,93662.62,93656.64,93662.62,300,45,0
2026.02.21 23:20:00,93666.57,93671.29,93655.38,93656.62,300,45,0
2026.02.21 23:15:00,93677.49,93677.89,93660.99,93666.55,300,45,0
2026.02.21 23:10:00,93735.43,93739.61,93675.91,93677.47,300,45,0
2026.02.21 23:05:00,93743.24,93748.04,93734.25,93735.41,300,45,0
2026.02.21 23:00:00,93737.24,93743.22,93737.24,93743.22,300,45,0
2026.02.21 22:55:00,93731.24,93737.22,93731.24,93737.22,300,45,0
2026.02.21 22:50:00,93725.24,93731.22,93725.24,93731.22,300,45,0
2026.02.21 22:45:00,93746.36,93747.38,93720.28,93725.22,300,45,0
2026.02.21 22:40:00,93740.36,93746.34,93740.36,93746.34,300,45,0
2026.02.21 22:35:00,93734.36,93740.34,93734.36,93740.34,300,45,0
2026.02.21 22:30:00,93728.36,93734.34,93728.36,93734.34,300,45,0
2026.02.21 22:25:00,93722.36,93728.34,93722.36,93728.34,300,45,0
2026.02.21 22:20:00,93716.36,93722.34,93716.36,93722.34,300,45,0
2026.02.21 22:15:00,93710.34,93716.34,93710.34,93716.34,301,45,0
2026.02.21 22:10:00,93704.34,93710.32,93704.34,93710.32,300,45,0
2026.02.21 22:05:00,93698.34,93704.32,93698.34,93704.32,300,45,0
2026.02.21 22:00:00,93705.22,93709.42,93696.56,93698.32,300,45,0
2026.02.21 21:55:00,93699.22,93705.20,93699.22,93705.20,300,45,0
2026.02.21 21:50:00,93738.94,93740.00,93694.30,93699.20,300,45,0
2026.02.21 21:45:00,93778.49,93778.67,93735.58,93738.92,300,45,0
2026.02.21 21:40:00,93772.49,93778.47,93772.49,93778.47,300,45,0
2026.02.21 21:35:00,93766.49,93772.47,93766.49,93772.47,300,45,0
2026.02.21 21:30:00,93760.49,93766.47,93760.49,93766.47,300,45,0
2026.02.21 21:25:00,93775.60,93776.10,93755.01,93760.47,300,45,0
2026.02.21 21:20:00,93786.94,93790.62,93773.30,93775.58,300,45,0
2026.02.21 21:15:00,93785.34,93786.92,93785.34,93786.92,80,45,0
2026.02.21 21:05:00,93783.64,93785.34,93783.64,93785.34,86,45,0
2026.02.21 21:00:00,93777.64,93783.62,93777.64,93783.62,300,45,0
2026.02.21 20:55:00,93771.64,93777.62,93771.64,93777.62,300,45,0
2026.02.21 20:50:00,93765.64,93771.62,93765.64,93771.62,300,45,0
2026.02.21 20:45:00,93773.74,93775.28,93761.20,93765.62,300,45,0
2026.02.21 20:40:00,93767.74,93773.72,93767.74,93773.72,300,45,0
2026.02.21 20:35:00,93761.74,93767.72,93761.74,93767.72,300,45,0
2026.02.21 20:30:00,93755.74,93761.72,93755.74,93761.72,300,45,0
2026.02.21 20:25:00,93770.21,93774.51,93754.06,93755.72,300,45,0
2026.02.21 20:20:00,93803.29,93805.49,93766.43,93770.19,300,45,0
2026.02.21 20:15:00,93797.29,93803.27,93797.29,93803.27,300,45,0
2026.02.21 20:10:00,93791.29,93797.27,93791.29,93797.27,300,45,0
2026.02.21 20:05:00,93798.57,93801.79,93788.53,93791.27,300,45,0
2026.02.21 20:00:00,93823.51,93824.59,93793.67,93798.55,300,45,0
2026.02.21 19:55:00,93817.51,93823.49,93817.51,93823.49,300,45,0
2026.02.21 19:50:00,93826.04,93830.20,93815.69,93817.49,300,45,0
2026.02.21 19:45:00,93820.04,93826.02,93820.04,93826.02,300,45,0
2026.02.21 19:40:00,93814.04,93820.02,93814.04,93820.02,300,45,0
2026.02.21 19:35:00,93808.04,93814.02,93808.04,93814.02,300,45,0
2026.02.21 19:30:00,93802.04,93808.02,93802.04,93808.02,300,45,0
2026.02.21 19:25:00,93796.02,93802.02,93796.02,93802.02,301,45,0
2026.02.21 19:20:00,93824.14,93828.92,93794.82,93796.00,300,45,0
2026.02.21 19:15:00,93836.72,93837.60,93819.04,93824.12,300,45,0
2026.02.21 19:10:00,93830.72,93836.70,93830.72,93836.70,300,45,0
2026.02.21 19:05:00,93845.24,93846.70,93826.20,93830.70,300,45,0
2026.02.21 19:00:00,93839.24,93845.22,93839.24,93845.22,300,45,0
2026.02.21 18:55:00,93833.24,93839.22,93833.24,93839.22,300,45,0
2026.02.21 18:50:00,93827.24,93833.22,93827.24,93833.22,300,45,0
2026.02.21 18:45:00,93821.24,93827.22,93821.24,93827.22,300,45,0
2026.02.21 18:40:00,93815.24,93821.22,93815.24,93821.22,300,45,0
2026.02.21 18:35:00,93840.56,93840.66,93809.36,93815.22,300,45,0
2026.02.21 18:30:00,93834.56,93840.54,93834.56,93840.54,300,45,0
2026.02.21 18:25:00,93828.56,93834.54,93828.56,93834.54,300,45,0
2026.02.21 18:20:00,93822.56,93828.54,93822.56,93828.54,300,45,0
2026.02.21 18:15:00,93816.56,93822.54,93816.56,93822.54,300,45,0
2026.02.21 18:10:00,93847.38,93848.16,93811.36,93816.54,300,45,0
2026.02.21 18:05:00,93841.38,93847.36,93841.38,93847.36,300,45,0
2026.02.21 18:00:00,93857.84,93860.88,93838.44,93841.36,300,45,0
2026.02.21 17:55:00,93851.84,93857.82,93851.84,93857.82,300,45,0
2026.02.21 17:50:00,93862.78,93867.48,93850.56,93851.82,300,45,0
2026.02.21 17:45:00,93856.78,93862.76,93856.78,93862.76,300,45,0
2026.02.21 17:40:00,93850.78,93856.76,93850.78,93856.76,300,45,0
2026.02.21 17:35:00,93844.78,93850.76,93844.78,93850.76,300,45,0
2026.02.21 17:30:00,93838.78,93844.76,93838.78,93844.76,300,45,0
2026.02.21 17:25:00,93885.28,93887.26,93837.92,93838.76,300,45,0
2026.02.21 17:20:00,93909.13,93912.89,93883.98,93885.26,300,45,0
2026.02.21 17:15:00,93903.13,93909.11,93903.13,93909.11,300,45,0
2026.02.21 17:10:00,93897.13,93903.11,93897.13,93903.11,300,45,0
2026.02.21 17:05:00,93903.58,93904.20,93891.77,93897.11,300,45,0
2026.02.21 17:00:00,93915.31,93916.13,93898.42,93903.56,300,45,0
2026.02.21 16:55:00,93909.31,93915.29,93909.31,93915.29,300,45,0
2026.02.21 16:50:00,93930.35,93931.81,93904.79,93909.29,300,45,0
2026.02.21 16:45:00,93924.35,93930.33,93924.35,93930.33,300,45,0
2026.02.21 16:40:00,93918.35,93924.33,93918.35,93924.33,300,45,0
2026.02.21 16:35:00,93912.35,93918.33,93912.35,93918.33,300,45,0
2026.02.21 16:30:00,93946.01,93948.77,93909.13,93912.33,300,45,0
2026.02.21 16:25:00,93940.01,93945.99,93940.01,93945.99,300,45,0
2026.02.21 16:20:00,93953.16,93958.56,93939.43,93939.99,300,45,0
2026.02.21 16:15:00,93947.16,93953.14,93947.16,93953.14,300,45,0
2026.02.21 16:10:00,93941.16,93947.14,93941.16,93947.14,300,45,0
2026.02.21 16:05:00,93935.16,93941.14,93935.16,93941.14,300,45,0
2026.02.21 16:00:00,93929.16,93935.14,93929.16,93935.14,300,45,0
2026.02.21 15:55:00,93923.16,93929.14,93923.16,93929.14,300,45,0
2026.02.21 15:50:00,93917.16,93923.14,93917.16,93923.14,300,45,0
2026.02.21 15:45:00,93911.16,93917.14,93911.16,93917.14,300,45,0
2026.02.21 15:40:00,93922.98,93925.96,93908.16,93911.14,300,45,0
2026.02.21 15:35:00,93916.98,93922.96,93916.98,93922.96,300,45,0
2026.02.21 15:30:00,93924.15,93929.77,93916.62,93916.96,300,45,0
2026.02.21 15:25:00,93918.15,93924.13,93918.15,93924.13,300,45,0
2026.02.21 15:20:00,93935.70,93939.80,93916.27,93918.13,300,45,0
2026.02.21 15:15:00,93929.70,93935.68,93929.70,93935.68,300,45,0
2026.02.21 15:10:00,93923.70,93929.68,93923.70,93929.68,300,45,0
2026.02.21 15:05:00,93917.70,93923.68,93917.70,93923.68,300,45,0
2026.02.21 15:00:00,93931.76,93937.30,93917.26,93917.68,300,45,0
2026.02.21 14:55:00,93925.76,93931.74,93925.76,93931.74,300,45,0
2026.02.21 14:50:00,93950.39,93952.61,93922.00,93925.74,300,45,0
2026.02.21 14:45:00,93972.18,93975.88,93948.11,93950.37,300,45,0
2026.02.21 14:40:00,93966.18,93972.16,93966.18,93972.16,300,45,0
2026.02.21 14:35:00,93960.18,93966.16,93960.18,93966.16,300,45,0
2026.02.21 14:30:00,93995.97,93999.83,93959.02,93960.16,300,45,0
2026.02.21 14:25:00,93989.97,93995.95,93989.97,93995.95,300,45,0
2026.02.21 14:20:00,94037.23,94037.59,93984.69,93989.95,300,45,0
2026.02.21 14:15:00,94065.19,94066.91,94032.97,94037.21,300,45,0
2026.02.21 14:10:00,94059.19,94065.17,94059.19,94065.17,300,45,0
2026.02.21 14:05:00,94053.19,94059.17,94053.19,94059.17,300,45,0
2026.02.21 14:00:00,94047.19,94053.17,94047.19,94053.17,300,45,0
2026.02.21 13:55:00,94079.55,94085.17,94046.83,94047.17,300,45,0
2026.02.21 13:50:00,94073.55,94079.53,94073.55,94079.53,300,45,0
2026.02.21 13:45:00,94092.00,94094.64,94070.21,94073.53,300,45,0
2026.02.21 13:40:00,94135.95,94139.51,94091.04,94091.98,300,45,0
2026.02.21 13:35:00,94164.15,94167.13,94132.95,94135.93,300,45,0
2026.02.21 13:30:00,94158.15,94164.13,94158.15,94164.13,300,45,0
2026.02.21 13:25:00,94152.15,94158.13,94152.15,94158.13,300,45,0
2026.02.21 13:20:00,94191.89,94192.97,94150.11,94152.13,300,45,0
2026.02.21 13:15:00,94207.90,94210.66,94188.67,94191.87,300,45,0
2026.02.21 13:10:00,94201.90,94207.88,94201.90,94207.88,300,45,0
2026.02.21 13:05:00,94195.90,94201.88,94195.90,94201.88,300,45,0
2026.02.21 13:00:00,94189.90,94195.88,94189.90,94195.88,300,45,0
2026.02.21 12:55:00,94200.80,94202.30,94185.42,94189.88,300,45,0
2026.02.21 12:50:00,94194.80,94200.78,94194.80,94200.78,300,45,0
2026.02.21 12:45:00,94205.90,94210.50,94193.42,94194.78,300,45,0
2026.02.21 12:40:00,94199.90,94205.88,94199.90,94205.88,300,45,0
2026.02.21 12:35:00,94193.90,94199.88,94193.90,94199.88,300,45,0
2026.02.21 12:30:00,94187.90,94193.88,94187.90,94193.88,300,45,0
2026.02.21 12:25:00,94181.90,94187.88,94181.90,94187.88,300,45,0
2026.02.21 12:20:00,94175.90,94181.88,94175.90,94181.88,300,45,0
2026.02.21 12:15:00,94169.90,94175.88,94169.90,94175.88,300,45,0
2026.02.21 12:10:00,94176.49,94179.63,94167.06,94169.88,300,45,0
2026.02.21 12:05:00,94205.30,94205.92,94171.13,94176.47,300,45,0
2026.02.21 12:00:00,94216.98,94218.08,94200.42,94205.28,300,45,0
2026.02.21 11:55:00,94210.98,94216.96,94210.98,94216.96,300,45,0
2026.02.21 11:50:00,94204.98,94210.96,94204.98,94210.96,300,45,0
2026.02.21 11:45:00,94198.98,94204.96,94198.98,94204.96,300,45,0
2026.02.21 11:40:00,94192.98,94198.96,94192.98,94198.96,300,45,0
2026.02.21 11:35:00,94186.98,94192.96,94186.98,94192.96,300,45,0
2026.02.21 11:30:00,94180.98,94186.96,94180.98,94186.96,300,45,0
2026.02.21 11:25:00,94174.98,94180.96,94174.98,94180.96,300,45,0
2026.02.21 11:20:00,94168.98,94174.96,94168.98,94174.96,300,45,0
2026.02.21 11:15:00,94182.14,94182.30,94163.16,94168.96,300,45,0
2026.02.21 11:10:00,94225.93,94228.17,94180.32,94182.12,300,45,0
2026.02.21 11:05:00,94238.17,94239.73,94221.51,94225.91,300,45,0
2026.02.21 11:00:00,94232.17,94238.15,94232.17,94238.15,300,45,0
2026.02.21 10:55:00,94226.17,94232.15,94226.17,94232.15,300,45,0
2026.02.21 10:50:00,94220.17,94226.15,94220.17,94226.15,300,45,0
2026.02.21 10:45:00,94214.17,94220.15,94214.17,94220.15,300,45,0
2026.02.21 10:40:00,94222.57,94227.59,94213.21,94214.15,300,45,0
2026.02.21 10:35:00,94242.66,94244.12,94218.05,94222.55,300,45,0
2026.02.21 10:30:00,94236.66,94242.64,94236.66,94242.64,300,45,0
2026.02.21 10:25:00,94230.64,94236.64,94230.64,94236.64,301,45,0
2026.02.21 10:20:00,94282.05,94284.63,94228.30,94230.62,300,45,0
2026.02.21 10:15:00,94276.05,94282.03,94276.05,94282.03,300,45,0
2026.02.21 10:10:00,94270.05,94276.03,94270.05,94276.03,300,45,0
2026.02.21 10:05:00,94264.05,94270.03,94264.05,94270.03,300,45,0
2026.02.21 10:00:00,94258.05,94264.03,94258.05,94264.03,300,45,0
2026.02.21 09:55:00,94264.35,94264.55,94252.27,94258.03,300,45,0
2026.02.21 09:50:00,94258.35,94264.33,94258.35,94264.33,300,45,0
2026.02.21 09:45:00,94272.54,94276.76,94256.59,94258.33,300,45,0
2026.02.21 09:40:00,94284.67,94289.97,94271.86,94272.52,300,45,0
2026.02.21 09:35:00,94278.67,94284.65,94278.67,94284.65,300,45,0
2026.02.21 09:30:00,94300.45,94302.15,94274.39,94278.65,300,45,0
2026.02.21 09:25:00,94294.45,94300.43,94294.45,94300.43,300,45,0
2026.02.21 09:20:00,94288.45,94294.43,94288.45,94294.43,300,45,0
2026.02.21 09:15:00,94282.45,94288.43,94282.45,94288.43,300,45,0
2026.02.21 09:10:00,94276.45,94282.43,94276.45,94282.43,300,45,0
2026.02.21 09:05:00,94270.45,94276.43,94270.45,94276.43,300,45,0
2026.02.21 09:00:00,94264.45,94270.43,94264.45,94270.43,300,45,0
2026.02.21 08:55:00,94287.37,94291.31,94262.41,94264.43,300,45,0
2026.02.21 08:50:00,94281.37,94287.35,94281.37,94287.35,300,45,0
2026.02.21 08:45:00,94297.40,94300.30,94278.29,94281.35,300,45,0
2026.02.21 08:40:00,94291.40,94297.38,94291.40,94297.38,300,45,0
2026.02.21 08:35:00,94285.40,94291.38,94285.40,94291.38,300,45,0
2026.02.21 08:30:00,94291.76,94293.78,94281.44,94285.38,300,45,0
2026.02.21 08:25:00,94304.35,94306.93,94288.36,94291.74,300,45,0
2026.02.21 08:20:00,94298.35,94304.33,94298.35,94304.33,300,45,0
2026.02.21 08:15:00,94292.35,94298.33,94292.35,94298.33,300,45,0
2026.02.21 08:10:00,94299.70,94300.34,94287.01,94292.33,300,45,0
2026.02.21 08:05:00,94305.78,94306.56,94294.50,94299.68,300,45,0
2026.02.21 08:00:00,94299.78,94305.76,94299.78,94305.76,300,45,0
2026.02.21 07:55:00,94293.78,94299.76,94293.78,94299.76,300,45,0
2026.02.21 07:50:00,94323.39,94328.23,94292.64,94293.76,300,45,0
2026.02.21 07:45:00,94317.39,94323.37,94317.39,94323.37,300,45,0
2026.02.21 07:40:00,94311.39,94317.37,94311.39,94317.37,300,45,0
2026.02.21 07:35:00,94305.39,94311.37,94305.39,94311.37,300,45,0
2026.02.21 07:30:00,94316.03,94320.01,94303.39,94305.37,300,45,0
2026.02.21 07:25:00,94310.03,94316.01,94310.03,94316.01,300,45,0
2026.02.21 07:20:00,94320.70,94325.66,94309.01,94310.01,300,45,0
2026.02.21 07:15:00,94314.70,94320.68,94314.70,94320.68,300,45,0
2026.02.21 07:10:00,94308.70,94314.68,94308.70,94314.68,300,45,0
2026.02.21 07:05:00,94302.70,94308.68,94302.70,94308.68,300,45,0
2026.02.21 07:00:00,94296.70,94302.68,94296.70,94302.68,300,45,0
2026.02.21 06:55:00,94290.70,94296.68,94290.70,94296.68,300,45,0
2026.02.21 06:50:00,94284.70,94290.68,94284.70,94290.68,300,45,0
2026.02.21 06:45:00,94278.70,94284.68,94278.70,94284.68,300,45,0
2026.02.21 06:40:00,94272.70,94278.68,94272.70,94278.68,300,45,0
2026.02.21 06:35:00,94266.70,94272.68,94266.70,94272.68,300,45,0
2026.02.21 06:30:00,94273.53,94276.09,94263.28,94266.68,300,45,0
2026.02.21 06:25:00,94267.53,94273.51,94267.53,94273.51,300,45,0
2026.02.21 06:20:00,94261.53,94267.51,94261.53,94267.51,300,45,0
2026.02.21 06:15:00,94255.53,94261.51,94255.53,94261.51,300,45,0
2026.02.21 06:10:00,94272.52,94273.00,94250.03,94255.51,300,45,0
2026.02.21 06:05:00,94266.52,94272.50,94266.52,94272.50,300,45,0
2026.02.21 06:00:00,94260.52,94266.50,94260.52,94266.50,300,45,0
2026.02.21 05:55:00,94254.52,94260.50,94254.52,94260.50,300,45,0
2026.02.21 05:50:00,94248.52,94254.50,94248.52,94254.50,300,45,0
2026.02.21 05:45:00,94242.52,94248.50,94242.52,94248.50,300,45,0
2026.02.21 05:40:00,94236.52,94242.50,94236.52,94242.50,300,45,0
2026.02.21 05:35:00,94230.52,94236.50,94230.52,94236.50,300,45,0
2026.02.21 05:30:00,94224.52,94230.50,94224.52,94230.50,300,45,0
2026.02.21 05:25:00,94218.52,94224.50,94218.52,94224.50,300,45,0
2026.02.21 05:20:00,94212.52,94218.50,94212.52,94218.50,300,45,0
2026.02.21 05:15:00,94233.99,94236.41,94208.96,94212.50,300,45,0
2026.02.21 05:10:00,94227.99,94233.97,94227.99,94233.97,300,45,0
2026.02.21 05:05:00,94221.99,94227.97,94221.99,94227.97,300,45,0
2026.02.21 05:00:00,94215.99,94221.97,94215.99,94221.97,300,45,0
2026.02.21 04:55:00,94264.29,94265.31,94213.67,94215.97,300,45,0
2026.02.21 04:50:00,94258.29,94264.27,94258.29,94264.27,300,45,0
2026.02.21 04:45:00,94252.29,94258.27,94252.29,94258.27,300,45,0
2026.02.21 04:40:00,94246.29,94252.27,94246.29,94252.27,300,45,0
2026.02.21 04:35:00,94240.29,94246.27,94240.29,94246.27,300,45,0
2026.02.21 04:30:00,94234.29,94240.27,94234.29,94240.27,300,45,0
2026.02.21 04:25:00,94228.29,94234.27,94228.29,94234.27,300,45,0
2026.02.21 04:20:00,94240.50,94241.26,94223.07,94228.27,300,45,0
2026.02.21 04:15:00,94234.50,94240.48,94234.50,94240.48,300,45,0
2026.02.21 04:10:00,94228.50,94234.48,94228.50,94234.48,300,45,0
2026.02.21 04:05:00,94243.74,94248.98,94227.76,94228.48,300,45,0
2026.02.21 04:00:00,94256.20,94258.72,94240.28,94243.72,300,45,0
2026.02.21 03:55:00,94266.83,94270.27,94253.66,94256.18,300,45,0
2026.02.21 03:50:00,94275.59,94276.47,94261.73,94266.81,300,45,0
2026.02.21 03:45:00,94269.59,94275.57,94269.59,94275.57,300,45,0
2026.02.21 03:40:00,94263.59,94269.57,94263.59,94269.57,300,45,0
2026.02.21 03:35:00,94257.59,94263.57,94257.59,94263.57,300,45,0
2026.02.21 03:30:00,94265.14,94265.88,94252.35,94257.57,300,45,0
2026.02.21 03:25:00,94259.14,94265.12,94259.14,94265.12,300,45,0
2026.02.21 03:20:00,94253.14,94259.12,94253.14,94259.12,300,45,0
2026.02.21 03:15:00,94247.14,94253.12,94247.14,94253.12,300,45,0
2026.02.21 03:10:00,94241.14,94247.12,94241.14,94247.12,300,45,0
2026.02.21 03:05:00,94235.14,94241.12,94235.14,94241.12,300,45,0
2026.02.21 03:00:00,94264.13,94264.97,94232.82,94235.12,300,45,0
2026.02.21 02:55:00,94258.13,94264.11,94258.13,94264.11,300,45,0
2026.02.21 02:50:00,94252.13,94258.11,94252.13,94258.11,300,45,0
2026.02.21 02:45:00,94271.03,94272.55,94247.67,94252.11,300,45,0
2026.02.21 02:40:00,94292.93,94298.69,94270.81,94271.01,300,45,0
2026.02.21 02:35:00,94286.93,94292.91,94286.93,94292.91,300,45,0
2026.02.21 02:30:00,94280.93,94286.91,94280.93,94286.91,300,45,0
2026.02.21 02:25:00,94301.98,94303.86,94276.83,94280.91,300,45,0
2026.02.21 02:20:00,94295.98,94301.96,94295.98,94301.96,300,45,0
2026.02.21 02:15:00,94289.98,94295.96,94289.98,94295.96,300,45,0
2026.02.21 02:10:00,94283.98,94289.96,94283.98,94289.96,300,45,0
2026.02.21 02:05:00,94277.98,94283.96,94277.98,94283.96,300,45,0
2026.02.21 02:00:00,94271.98,94277.96,94271.98,94277.96,300,45,0
2026.02.21 01:55:00,94265.98,94271.96,94265.98,94271.96,300,45,0
2026.02.21 01:50:00,94259.98,94265.96,94259.98,94265.96,300,45,0
2026.02.21 01:45:00,94253.98,94259.96,94253.98,94259.96,300,45,0
2026.02.21 01:40:00,94247.98,94253.96,94247.98,94253.96,300,45,0
2026.02.21 01:35:00,94241.98,94247.96,94241.98,94247.96,300,45,0
2026.02.21 01:30:00,94235.98,94241.96,94235.98,94241.96,300,45,0
2026.02.21 01:25:00,94229.96,94235.96,94229.96,94235.96,301,45,0
2026.02.21 01:20:00,94223.96,94229.94,94223.96,94229.94,300,45,0
2026.02.21 01:15:00,94217.96,94223.94,94217.96,94223.94,300,45,0
2026.02.21 01:10:00,94211.96,94217.94,94211.96,94217.94,300,45,0
2026.02.21 01:05:00,94205.96,94211.94,94205.96,94211.94,300,45,0
2026.02.21 01:00:00,94199.96,94205.94,94199.96,94205.94,300,45,0
2026.02.21 00:55:00,94227.91,94229.65,94195.72,94199.94,300,45,0
2026.02.21 00:50:00,94221.91,94227.89,94221.91,94227.89,300,45,0
2026.02.21 00:45:00,94215.91,94221.89,94215.91,94221.89,300,45,0
2026.02.21 00:40:00,94245.14,94249.20,94213.99,94215.89,300,45,0
2026.02.21 00:35:00,94271.60,94274.88,94242.44,94245.12,300,45,0
2026.02.21 00:30:00,94265.60,94271.58,94265.60,94271.58,300,45,0
2026.02.21 00:25:00,94259.60,94265.58,94259.60,94265.58,300,45,0
2026.02.21 00:20:00,94253.60,94259.58,94253.60,94259.58,300,45,0
2026.02.21 00:15:00,94247.60,94253.58,94247.60,94253.58,300,45,0
2026.02.21 00:10:00,94241.60,94247.58,94241.60,94247.58,300,45,0
2026.02.21 00:05:00,94235.60,94241.58,94235.60,94241.58,300,45,0
2026.02.21 00:00:00,94229.60,94235.58,94229.60,94235.58,300,45,0
2026.02.20 23:55:00,94250.61,94252.03,94225.04,94229.58,300,45,0
2026.02.20 23:50:00,94244.61,94250.59,94244.61,94250.59,300,45,0
2026.02.20 23:45:00,94238.61,94244.59,94238.61,94244.59,300,45,0
2026.02.20 23:40:00,94232.61,94238.59,94232.61,94238.59,300,45,0
2026.02.20 23:35:00,94226.61,94232.59,94226.61,94232.59,300,45,0
2026.02.20 23:30:00,94220.61,94226.59,94220.61,94226.59,300,45,0
2026.02.20 23:25:00,94214.61,94220.59,94214.61,94220.59,300,45,0
2026.02.20 23:20:00,94208.61,94214.59,94208.61,94214.59,300,45,0
2026.02.20 23:15:00,94202.61,94208.59,94202.61,94208.59,300,45,0
2026.02.20 23:10:00,94214.83,94215.71,94197.51,94202.59,300,45,0
2026.02.20 23:05:00,94208.83,94214.81,94208.83,94214.81,300,45,0
2026.02.20 23:00:00,94202.83,94208.81,94202.83,94208.81,300,45,0
2026.02.20 22:55:00,94196.83,94202.81,94196.83,94202.81,300,45,0
2026.02.20 22:50:00,94190.83,94196.81,94190.83,94196.81,300,45,0
2026.02.20 22:45:00,94201.33,94205.95,94189.47,94190.81,300,45,0
2026.02.20 22:40:00,94195.33,94201.31,94195.33,94201.31,300,45,0
2026.02.20 22:35:00,94189.33,94195.31,94189.33,94195.31,300,45,0
2026.02.20 22:30:00,94183.33,94189.31,94183.33,94189.31,300,45,0
2026.02.20 22:25:00,94177.33,94183.31,94177.33,94183.31,300,45,0
2026.02.20 22:20:00,94171.33,94177.31,94171.33,94177.31,300,45,0
2026.02.20 22:15:00,94204.36,94206.54,94167.53,94171.31,300,45,0
2026.02.20 22:10:00,94211.48,94215.36,94202.26,94204.34,300,45,0
2026.02.20 22:05:00,94222.44,94228.08,94211.14,94211.46,300,45,0
2026.02.20 22:00:00,94216.44,94222.42,94216.44,94222.42,300,45,0
2026.02.20 21:55:00,94210.44,94216.42,94210.44,94216.42,300,45,0
2026.02.20 21:50:00,94204.44,94210.42,94204.44,94210.42,300,45,0
2026.02.20 21:45:00,94198.44,94204.42,94198.44,94204.42,300,45,0
2026.02.20 21:40:00,94218.66,94222.90,94196.70,94198.42,300,45,0
2026.02.20 21:35:00,94212.66,94218.64,94212.66,94218.64,300,45,0
2026.02.20 21:30:00,94235.72,94237.04,94208.00,94212.64,300,45,0
2026.02.20 21:25:00,94229.72,94235.70,94229.72,94235.70,300,45,0
2026.02.20 21:20:00,94223.72,94229.70,94223.72,94229.70,300,45,0
2026.02.20 21:15:00,94236.04,94240.70,94222.40,94223.70,300,45,0
2026.02.20 21:10:00,94230.04,94236.02,94230.04,94236.02,300,45,0
2026.02.20 21:05:00,94224.04,94230.02,94224.04,94230.02,300,45,0
2026.02.20 21:00:00,94243.93,94245.81,94219.94,94224.02,300,45,0
2026.02.20 20:55:00,94237.93,94243.91,94237.93,94243.91,300,45,0
2026.02.20 20:50:00,94231.93,94237.91,94231.93,94237.91,300,45,0
2026.02.20 20:45:00,94243.84,94248.24,94230.35,94231.91,300,45,0
2026.02.20 20:40:00,94237.84,94243.82,94237.84,94243.82,300,45,0
2026.02.20 20:35:00,94231.84,94237.82,94231.84,94237.82,300,45,0
2026.02.20 20:30:00,94225.84,94231.82,94225.84,94231.82,300,45,0
2026.02.20 20:25:00,94219.84,94225.82,94219.84,94225.82,300,45,0
2026.02.20 20:20:00,94213.84,94219.82,94213.84,94219.82,300,45,0
2026.02.20 20:15:00,94247.39,94247.61,94212.60,94213.82,300,45,0
2026.02.20 20:10:00,94241.39,94247.37,94241.39,94247.37,300,45,0
2026.02.20 20:05:00,94235.39,94241.37,94235.39,94241.37,300,45,0
2026.02.20 20:00:00,94229.39,94235.37,94229.39,94235.37,300,45,0
2026.02.20 19:55:00,94280.38,94282.84,94228.99,94229.37,300,45,0
2026.02.20 19:50:00,94274.38,94280.36,94274.38,94280.36,300,45,0
2026.02.20 19:45:00,94268.38,94274.36,94268.38,94274.36,300,45,0
2026.02.20 19:40:00,94262.38,94268.36,94262.38,94268.36,300,45,0
2026.02.20 19:35:00,94256.38,94262.36,94256.38,94262.36,300,45,0
2026.02.20 19:30:00,94264.80,94269.40,94255.00,94256.36,300,45,0
2026.02.20 19:25:00,94277.41,94278.37,94259.78,94264.78,300,45,0
2026.02.20 19:20:00,94271.41,94277.39,94271.41,94277.39,300,45,0
2026.02.20 19:15:00,94265.41,94271.39,94265.41,94271.39,300,45,0
2026.02.20 19:10:00,94259.41,94265.39,94259.41,94265.39,300,45,0
2026.02.20 19:05:00,94265.68,94267.40,94255.15,94259.39,300,45,0
2026.02.20 19:00:00,94259.68,94265.66,94259.68,94265.66,300,45,0
2026.02.20 18:55:00,94266.78,94272.74,94259.66,94259.66,300,45,0
2026.02.20 18:50:00,94260.78,94266.76,94260.78,94266.76,300,45,0
2026.02.20 18:45:00,94254.78,94260.76,94254.78,94260.76,300,45,0
2026.02.20 18:40:00,94248.78,94254.76,94248.78,94254.76,300,45,0
2026.02.20 18:35:00,94242.78,94248.76,94242.78,94248.76,300,45,0
2026.02.20 18:30:00,94236.78,94242.76,94236.78,94242.76,300,45,0
2026.02.20 18:25:00,94230.78,94236.76,94230.78,94236.76,300,45,0
2026.02.20 18:20:00,94224.78,94230.76,94224.78,94230.76,300,45,0
2026.02.20 18:15:00,94218.78,94224.76,94218.78,94224.76,300,45,0
2026.02.20 18:10:00,94212.78,94218.76,94212.78,94218.76,300,45,0
2026.02.20 18:05:00,94206.78,94212.76,94206.78,94212.76,300,45,0
2026.02.20 18:00:00,94200.78,94206.76,94200.78,94206.76,300,45,0
2026.02.20 17:55:00,94194.78,94200.76,94194.78,94200.76,300,45,0
2026.02.20 17:50:00,94188.78,94194.76,94188.78,94194.76,300,45,0
2026.02.20 17:45:00,94182.78,94188.76,94182.78,94188.76,300,45,0
2026.02.20 17:40:00,94176.78,94182.76,94176.78,94182.76,300,45,0
2026.02.20 17:35:00,94170.78,94176.76,94170.78,94176.76,300,45,0
2026.02.20 17:30:00,94164.78,94170.76,94164.78,94170.76,300,45,0
2026.02.20 17:25:00,94158.78,94164.76,94158.78,94164.76,300,45,0
2026.02.20 17:20:00,94152.78,94158.76,94152.78,94158.76,300,45,0
2026.02.20 17:15:00,94146.78,94152.76,94146.78,94152.76,300,45,0
2026.02.20 17:10:00,94157.11,94161.73,94145.42,94146.76,300,45,0
2026.02.20 17:05:00,94151.11,94157.09,94151.11,94157.09,300,45,0
2026.02.20 17:00:00,94145.11,94151.09,94145.11,94151.09,300,45,0
2026.02.20 16:55:00,94139.11,94145.09,94139.11,94145.09,300,45,0
2026.02.20 16:50:00,94133.11,94139.09,94133.11,94139.09,300,45,0
2026.02.20 16:45:00,94127.11,94133.09,94127.11,94133.09,300,45,0
2026.02.20 16:40:00,94121.11,94127.09,94121.11,94127.09,300,45,0
2026.02.20 16:35:00,94115.11,94121.09,94115.11,94121.09,300,45,0
2026.02.20 16:30:00,94109.11,94115.09,94109.11,94115.09,300,45,0
2026.02.20 16:25:00,94103.09,94109.09,94103.09,94109.09,301,45,0
2026.02.20 16:20:00,94097.09,94103.07,94097.09,94103.07,300,45,0
2026.02.20 16:15:00,94091.09,94097.07,94091.09,94097.07,300,45,0
2026.02.20 16:10:00,94085.09,94091.07,94085.09,94091.07,300,45,0
2026.02.20 16:05:00,94079.09,94085.07,94079.09,94085.07,300,45,0
2026.02.20 16:00:00,94073.09,94079.07,94073.09,94079.07,300,45,0
2026.02.20 15:55:00,94067.09,94073.07,94067.09,94073.07,300,45,0
2026.02.20 15:50:00,94061.09,94067.07,94061.09,94067.07,300,45,0
2026.02.20 15:45:00,94055.09,94061.07,94055.09,94061.07,300,45,0
2026.02.20 15:40:00,94049.09,94055.07,94049.09,94055.07,300,45,0
2026.02.20 15:35:00,94043.09,94049.07,94043.09,94049.07,300,45,0
2026.02.20 15:30:00,94037.09,94043.07,94037.09,94043.07,300,45,0
2026.02.20 15:25:00,94051.58,94055.28,94034.81,94037.07,300,45,0
2026.02.20 15:20:00,94072.85,94078.07,94050.82,94051.56,300,45,0
2026.02.20 15:15:00,94085.90,94090.76,94071.73,94072.83,300,45,0
2026.02.20 15:10:00,94079.90,94085.88,94079.90,94085.88,300,45,0
2026.02.20 15:05:00,94073.90,94079.88,94073.90,94079.88,300,45,0
2026.02.20 15:00:00,94067.90,94073.88,94067.90,94073.88,300,45,0
2026.02.20 14:55:00,94061.90,94067.88,94061.90,94067.88,300,45,0
2026.02.20 14:50:00,94055.90,94061.88,94055.90,94061.88,300,45,0
2026.02.20 14:45:00,94049.90,94055.88,94049.90,94055.88,300,45,0
2026.02.20 14:40:00,94043.90,94049.88,94043.90,94049.88,300,45,0
2026.02.20 14:35:00,94037.90,94043.88,94037.90,94043.88,300,45,0
2026.02.20 14:30:00,94031.90,94037.88,94031.90,94037.88,300,45,0
2026.02.20 14:25:00,94025.90,94031.88,94025.90,94031.88,300,45,0
2026.02.20 14:20:00,94019.90,94025.88,94019.90,94025.88,300,45,0
2026.02.20 14:15:00,94013.90,94019.88,94013.90,94019.88,300,45,0
2026.02.20 14:10:00,94007.90,94013.88,94007.90,94013.88,300,45,0
2026.02.20 14:05:00,94001.90,94007.88,94001.90,94007.88,300,45,0
2026.02.20 14:00:00,94046.12,94049.92,94001.80,94001.88,300,45,0
2026.02.20 13:55:00,94040.12,94046.10,94040.12,94046.10,300,45,0
2026.02.20 13:50:00,94049.43,94055.25,94039.96,94040.10,300,45,0
2026.02.20 13:45:00,94043.43,94049.41,94043.43,94049.41,300,45,0
2026.02.20 13:40:00,94037.43,94043.41,94037.43,94043.41,300,45,0
2026.02.20 13:35:00,94031.43,94037.41,94031.43,94037.41,300,45,0
2026.02.20 13:30:00,94025.43,94031.41,94025.43,94031.41,300,45,0
2026.02.20 13:25:00,94019.43,94025.41,94019.43,94025.41,300,45,0
2026.02.20 13:20:00,94031.65,94033.57,94015.37,94019.41,300,45,0
2026.02.20 13:15:00,94056.71,94058.19,94027.15,94031.63,300,45,0
2026.02.20 13:10:00,94050.71,94056.69,94050.71,94056.69,300,45,0
2026.02.20 13:05:00,94044.71,94050.69,94044.71,94050.69,300,45,0
2026.02.20 13:00:00,94057.62,94057.66,94038.77,94044.69,300,45,0
2026.02.20 12:55:00,94051.62,94057.60,94051.62,94057.60,300,45,0
2026.02.20 12:50:00,94045.62,94051.60,94045.62,94051.60,300,45,0
2026.02.20 12:45:00,94039.62,94045.60,94039.62,94045.60,300,45,0
2026.02.20 12:40:00,94033.62,94039.60,94033.62,94039.60,300,45,0
2026.02.20 12:35:00,94027.62,94033.60,94027.62,94033.60,300,45,0
2026.02.20 12:30:00,94021.62,94027.60,94021.62,94027.60,300,45,0
2026.02.20 12:25:00,94015.62,94021.60,94015.62,94021.60,300,45,0
2026.02.20 12:20:00,94045.40,94050.28,94014.52,94015.60,300,45,0
2026.02.20 12:15:00,94055.92,94060.42,94043.92,94045.38,300,45,0
2026.02.20 12:10:00,94049.92,94055.90,94049.92,94055.90,300,45,0
2026.02.20 12:05:00,94043.92,94049.90,94043.92,94049.90,300,45,0
2026.02.20 12:00:00,94037.92,94043.90,94037.92,94043.90,300,45,0
2026.02.20 11:55:00,94031.92,94037.90,94031.92,94037.90,300,45,0
2026.02.20 11:50:00,94025.92,94031.90,94025.92,94031.90,300,45,0
2026.02.20 11:45:00,94019.92,94025.90,94019.92,94025.90,300,45,0
2026.02.20 11:40:00,94054.00,94056.70,94017.84,94019.90,300,45,0
2026.02.20 11:35:00,94048.00,94053.98,94048.00,94053.98,300,45,0
2026.02.20 11:30:00,94042.00,94047.98,94042.00,94047.98,300,45,0
2026.02.20 11:25:00,94052.05,94054.95,94038.92,94041.98,300,45,0
2026.02.20 11:20:00,94046.05,94052.03,94046.05,94052.03,300,45,0
2026.02.20 11:15:00,94040.05,94046.03,94040.05,94046.03,300,45,0
2026.02.20 11:10:00,94034.05,94040.03,94034.05,94040.03,300,45,0
2026.02.20 11:05:00,94028.05,94034.03,94028.05,94034.03,300,45,0
2026.02.20 11:00:00,94022.05,94028.03,94022.05,94028.03,300,45,0
2026.02.20 10:55:00,94059.78,94061.04,94017.33,94022.03,300,45,0
2026.02.20 10:50:00,94053.78,94059.76,94053.78,94059.76,300,45,0
2026.02.20 10:45:00,94068.78,94074.28,94053.30,94053.76,300,45,0
2026.02.20 10:40:00,94062.78,94068.76,94062.78,94068.76,300,45,0
2026.02.20 10:35:00,94056.78,94062.76,94056.78,94062.76,300,45,0
2026.02.20 10:30:00,94050.78,94056.76,94050.78,94056.76,300,45,0
2026.02.20 10:25:00,94110.24,94113.90,94050.64,94050.76,300,45,0
2026.02.20 10:20:00,94104.24,94110.22,94104.24,94110.22,300,45,0
2026.02.20 10:15:00,94098.24,94104.22,94098.24,94104.22,298,45,0
2026.02.20 10:10:00,94092.24,94098.22,94092.24,94098.22,300,45,0
2026.02.20 10:05:00,94086.24,94092.22,94086.24,94092.22,300,45,0
2026.02.20 10:00:00,94080.24,94086.22,94080.24,94086.22,300,45,0
2026.02.20 09:55:00,94074.24,94080.22,94074.24,94080.22,300,45,0
2026.02.20 09:50:00,94068.24,94074.22,94068.24,94074.22,300,45,0
2026.02.20 09:45:00,94062.24,94068.22,94062.24,94068.22,300,45,0
2026.02.20 09:40:00,94056.24,94062.22,94056.24,94062.22,300,45,0
2026.02.20 09:35:00,94050.24,94056.22,94050.24,94056.22,300,45,0
2026.02.20 09:30:00,94044.24,94050.22,94044.24,94050.22,300,45,0
2026.02.20 09:25:00,94038.24,94044.22,94038.24,94044.22,300,45,0
2026.02.20 09:20:00,94032.24,94038.22,94032.24,94038.22,300,45,0
2026.02.20 09:15:00,94078.21,94082.29,94031.06,94032.22,300,45,0
2026.02.20 09:10:00,94072.21,94078.19,94072.21,94078.19,300,45,0
2026.02.20 09:05:00,94066.21,94072.19,94066.21,94072.19,300,45,0
2026.02.20 09:00:00,94060.21,94066.19,94060.21,94066.19,300,45,0
2026.02.20 08:55:00,94054.21,94060.19,94054.21,94060.19,300,45,0
2026.02.20 08:50:00,94048.21,94054.19,94048.21,94054.19,300,45,0
2026.02.20 08:45:00,94042.21,94048.19,94042.21,94048.19,300,45,0
2026.02.20 08:40:00,94036.19,94042.19,94036.19,94042.19,301,45,0
2026.02.20 08:35:00,94030.19,94036.17,94030.19,94036.17,300,45,0
2026.02.20 08:30:00,94024.19,94030.17,94024.19,94030.17,300,45,0
2026.02.20 08:25:00,94018.19,94024.17,94018.19,94024.17,300,45,0
2026.02.20 08:20:00,94012.19,94018.17,94012.19,94018.17,300,45,0
2026.02.20 08:15:00,94033.45,94036.63,94009.39,94012.17,300,45,0
2026.02.20 08:10:00,94027.45,94033.43,94027.45,94033.43,300,45,0
2026.02.20 08:05:00,94021.45,94027.43,94021.45,94027.43,300,45,0
2026.02.20 08:00:00,94015.45,94021.43,94015.45,94021.43,300,45,0
2026.02.20 07:55:00,94009.45,94015.43,94009.45,94015.43,300,45,0
2026.02.20 07:50:00,94003.45,94009.43,94003.45,94009.43,300,45,0
2026.02.20 07:45:00,93997.45,94003.43,93997.45,94003.43,300,45,0
2026.02.20 07:40:00,93991.45,93997.43,93991.45,93997.43,300,45,0
2026.02.20 07:35:00,93985.45,93991.43,93985.45,93991.43,300,45,0
2026.02.20 07:30:00,93979.45,93985.43,93979.45,93985.43,300,45,0
2026.02.20 07:25:00,93973.45,93979.43,93973.45,93979.43,300,45,0
2026.02.20 07:20:00,93967.45,93973.43,93967.45,93973.43,300,45,0
2026.02.20 07:15:00,93961.45,93967.43,93961.45,93967.43,300,45,0
2026.02.20 07:10:00,93968.23,93970.51,93957.75,93961.43,300,45,0
2026.02.20 07:05:00,93962.23,93968.21,93962.23,93968.21,300,45,0
2026.02.20 07:00:00,93982.05,93986.83,93961.03,93962.21,300,45,0
2026.02.20 06:55:00,93976.05,93982.03,93976.05,93982.03,300,45,0
2026.02.20 06:50:00,94004.02,94007.94,93975.07,93976.03,300,45,0
2026.02.20 06:45:00,93998.02,94004.00,93998.02,94004.00,300,45,0
2026.02.20 06:40:00,93992.02,93998.00,93992.02,93998.00,300,45,0
2026.02.20 06:35:00,93986.02,93992.00,93986.02,93992.00,300,45,0
2026.02.20 06:30:00,93980.02,93986.00,93980.02,93986.00,300,45,0
2026.02.20 06:25:00,93974.02,93980.00,93974.02,93980.00,300,45,0
2026.02.20 06:20:00,93968.02,93974.00,93968.02,93974.00,300,45,0
2026.02.20 06:15:00,93962.02,93968.00,93962.02,93968.00,300,45,0
2026.02.20 06:10:00,93981.22,93983.66,93958.48,93962.00,300,45,0
2026.02.20 06:05:00,93975.22,93981.20,93975.22,93981.20,300,45,0
2026.02.20 06:00:00,93969.22,93975.20,93969.22,93975.20,300,45,0
2026.02.20 05:55:00,93963.22,93969.20,93963.22,93969.20,300,45,0
2026.02.20 05:50:00,93977.01,93978.77,93959.00,93963.20,300,45,0
2026.02.20 05:45:00,93971.01,93976.99,93971.01,93976.99,300,45,0
2026.02.20 05:40:00,93965.01,93970.99,93965.01,93970.99,300,45,0
2026.02.20 05:35:00,93959.01,93964.99,93959.01,93964.99,300,45,0
2026.02.20 05:30:00,93953.01,93958.99,93953.01,93958.99,300,45,0
2026.02.20 05:25:00,93947.01,93952.99,93947.01,93952.99,300,45,0
2026.02.20 05:20:00,93941.01,93946.99,93941.01,93946.99,300,45,0
2026.02.20 05:15:00,93935.01,93940.99,93935.01,93940.99,300,45,0
2026.02.20 05:10:00,93929.01,93934.99,93929.01,93934.99,300,45,0
2026.02.20 05:05:00,93923.01,93928.99,93923.01,93928.99,300,45,0
2026.02.20 05:00:00,93917.01,93922.99,93917.01,93922.99,300,45,0
2026.02.20 04:55:00,93911.01,93916.99,93911.01,93916.99,300,45,0
2026.02.20 04:50:00,93905.01,93910.99,93905.01,93910.99,300,45,0
2026.02.20 04:45:00,93899.01,93904.99,93899.01,93904.99,300,45,0
2026.02.20 04:40:00,93893.01,93898.99,93893.01,93898.99,300,45,0
2026.02.20 04:35:00,93887.01,93892.99,93887.01,93892.99,300,45,0
2026.02.20 04:30:00,93881.01,93886.99,93881.01,93886.99,300,45,0
2026.02.20 04:25:00,93875.01,93880.99,93875.01,93880.99,300,45,0
2026.02.20 04:20:00,93869.01,93874.99,93869.01,93874.99,300,45,0
2026.02.20 04:15:00,93863.01,93868.99,93863.01,93868.99,300,45,0
2026.02.20 04:10:00,93857.01,93862.99,93857.01,93862.99,300,45,0
2026.02.20 04:05:00,93851.01,93856.99,93851.01,93856.99,300,45,0
2026.02.20 04:00:00,93845.01,93850.99,93845.01,93850.99,300,45,0
2026.02.20 03:55:00,93885.03,93889.27,93843.27,93844.99,300,45,0
2026.02.20 03:50:00,93879.03,93885.01,93879.03,93885.01,300,45,0
2026.02.20 03:45:00,93873.03,93879.01,93873.03,93879.01,300,45,0
2026.02.20 03:40:00,93887.30,93888.74,93868.49,93873.01,300,45,0
2026.02.20 03:35:00,93881.30,93887.28,93881.30,93887.28,300,45,0
2026.02.20 03:30:00,93887.38,93892.76,93880.70,93881.28,300,45,0
2026.02.20 03:25:00,93899.16,93900.82,93883.06,93887.36,300,45,0
2026.02.20 03:20:00,93893.16,93899.14,93893.16,93899.14,300,45,0
2026.02.20 03:15:00,93887.16,93893.14,93887.16,93893.14,300,45,0
2026.02.20 03:10:00,93881.16,93887.14,93881.16,93887.14,300,45,0
2026.02.20 03:05:00,93875.16,93881.14,93875.16,93881.14,300,45,0
2026.02.20 03:00:00,93869.16,93875.14,93869.16,93875.14,300,45,0
2026.02.20 02:55:00,93863.16,93869.14,93863.16,93869.14,300,45,0
2026.02.20 02:50:00,93857.16,93863.14,93857.16,93863.14,300,45,0
2026.02.20 02:45:00,93851.16,93857.14,93851.16,93857.14,300,45,0
2026.02.20 02:40:00,93845.16,93851.14,93845.16,93851.14,300,45,0
2026.02.20 02:35:00,93839.16,93845.14,93839.16,93845.14,300,45,0
2026.02.20 02:30:00,93833.16,93839.14,93833.16,93839.14,300,45,0
2026.02.20 02:25:00,93827.16,93833.14,93827.16,93833.14,300,45,0
2026.02.20 02:20:00,93821.16,93827.14,93821.16,93827.14,300,45,0
2026.02.20 02:15:00,93815.16,93821.14,93815.16,93821.14,300,45,0
2026.02.20 02:10:00,93809.16,93815.14,93809.16,93815.14,300,45,0
2026.02.20 02:05:00,93803.16,93809.14,93803.16,93809.14,300,45,0
2026.02.20 02:00:00,93797.16,93803.14,93797.16,93803.14,300,45,0
2026.02.20 01:55:00,93791.16,93797.14,93791.16,93797.14,300,45,0
2026.02.20 01:50:00,93785.16,93791.14,93785.16,93791.14,300,45,0
2026.02.20 01:45:00,93804.12,93808.30,93783.36,93785.14,300,45,0
2026.02.20 01:40:00,93798.12,93804.10,93798.12,93804.10,300,45,0
2026.02.20 01:35:00,93792.12,93798.10,93792.12,93798.10,300,45,0
2026.02.20 01:30:00,93803.02,93807.72,93790.84,93792.10,300,45,0
2026.02.20 01:25:00,93797.02,93803.00,93797.02,93803.00,300,45,0
2026.02.20 01:20:00,93791.02,93797.00,93791.02,93797.00,300,45,0
2026.02.20 01:15:00,93785.02,93791.00,93785.02,93791.00,300,45,0
2026.02.20 01:10:00,93779.02,93785.00,93779.02,93785.00,300,45,0
2026.02.20 01:05:00,93773.02,93779.00,93773.02,93779.00,300,45,0
2026.02.20 01:00:00,93767.02,93773.00,93767.02,93773.00,300,45,0
2026.02.20 00:55:00,93761.02,93767.00,93761.02,93767.00,300,45,0
2026.02.20 00:50:00,93755.02,93761.00,93755.02,93761.00,300,45,0
2026.02.20 00:45:00,93749.02,93755.00,93749.02,93755.00,300,45,0
2026.02.20 00:40:00,93743.02,93749.00,93743.02,93749.00,300,45,0
2026.02.20 00:35:00,93737.02,93743.00,93737.02,93743.00,300,45,0
2026.02.20 00:30:00,93731.02,93737.00,93731.02,93737.00,300,45,0
2026.02.20 00:25:00,93725.02,93731.00,93725.02,93731.00,300,45,0
2026.02.20 00:20:00,93719.02,93725.00,93719.02,93725.00,300,45,0
2026.02.20 00:15:00,93713.02,93719.00,93713.02,93719.00,300,45,0
2026.02.20 00:10:00,93707.02,93713.00,93707.02,93713.00,300,45,0
2026.02.20 00:05:00,93701.02,93707.00,93701.02,93707.00,300,45,0
2026.02.20 00:00:00,93695.02,93701.00,93695.02,93701.00,300,45,0
2026.02.19 23:55:00,93689.02,93695.00,93689.02,93695.00,300,45,0
2026.02.19 23:50:00,93683.02,93689.00,93683.02,93689.00,300,45,0
2026.02.19 23:45:00,93677.02,93683.00,93677.02,93683.00,300,45,0
2026.02.19 23:40:00,93671.02,93677.00,93671.02,93677.00,300,45,0
2026.02.19 23:35:00,93715.33,93718.61,93668.66,93671.00,301,45,0
2026.02.19 23:30:00,93709.33,93715.31,93709.33,93715.31,300,45,0
2026.02.19 23:25:00,93703.33,93709.31,93703.33,93709.31,300,45,0
2026.02.19 23:20:00,93729.92,93734.56,93701.99,93703.31,300,45,0
2026.02.19 23:15:00,93723.92,93729.90,93723.92,93729.90,300,45,0
2026.02.19 23:10:00,93717.92,93723.90,93717.92,93723.90,300,45,0
2026.02.19 23:05:00,93711.92,93717.90,93711.92,93717.90,300,45,0
2026.02.19 23:00:00,93705.92,93711.90,93705.92,93711.90,300,45,0
2026.02.19 22:55:00,93699.92,93705.90,93699.92,93705.90,300,45,0
2026.02.19 22:50:00,93693.92,93699.90,93693.92,93699.90,300,45,0
2026.02.19 22:45:00,93687.92,93693.90,93687.92,93693.90,300,45,0
2026.02.19 22:40:00,93681.92,93687.90,93681.92,93687.90,300,45,0
2026.02.19 22:35:00,93675.92,93681.90,93675.92,93681.90,300,45,0
2026.02.19 22:30:00,93669.92,93675.90,93669.92,93675.90,300,45,0
2026.02.19 22:25:00,93663.92,93669.90,93663.92,93669.90,300,45,0
2026.02.19 22:20:00,93657.92,93663.90,93657.92,93663.90,300,45,0
2026.02.19 22:15:00,93651.92,93657.90,93651.92,93657.90,300,45,0
2026.02.19 22:10:00,93645.92,93651.90,93645.92,93651.90,300,45,0
2026.02.19 22:05:00,93656.77,93660.45,93643.62,93645.90,300,45,0
2026.02.19 22:00:00,93650.77,93656.75,93650.77,93656.75,300,45,0
2026.02.19 21:55:00,93692.17,93695.81,93650.53,93650.75,300,45,0
2026.02.19 21:50:00,93686.17,93692.15,93686.17,93692.15,300,45,0
2026.02.19 21:45:00,93710.53,93712.01,93681.67,93686.15,300,45,0
2026.02.19 21:40:00,93704.53,93710.51,93704.53,93710.51,300,45,0
2026.02.19 21:35:00,93698.53,93704.51,93698.53,93704.51,300,45,0
2026.02.19 21:30:00,93720.18,93723.70,93696.07,93698.51,300,45,0
2026.02.19 21:25:00,93714.18,93720.16,93714.18,93720.16,300,45,0
2026.02.19 21:20:00,93708.18,93714.16,93708.18,93714.16,300,45,0
2026.02.19 21:15:00,93702.18,93708.16,93702.18,93708.16,300,45,0
2026.02.19 21:10:00,93710.83,93711.65,93697.02,93702.16,300,45,0
2026.02.19 21:05:00,93704.83,93710.81,93704.83,93710.81,300,45,0
2026.02.19 21:00:00,93698.83,93704.81,93698.83,93704.81,300,45,0
2026.02.19 20:55:00,93692.83,93698.81,93692.83,93698.81,300,45,0
2026.02.19 20:50:00,93751.57,93752.27,93691.03,93692.81,300,45,0
2026.02.19 20:45:00,93745.57,93751.55,93745.57,93751.55,300,45,0
2026.02.19 20:40:00,93754.59,93758.53,93743.53,93745.55,300,45,0
2026.02.19 20:35:00,93748.59,93754.57,93748.59,93754.57,300,45,0
2026.02.19 20:30:00,93742.59,93748.57,93742.59,93748.57,300,45,0
2026.02.19 20:25:00,93736.59,93742.57,93736.59,93742.57,300,45,0
2026.02.19 20:20:00,93768.26,93769.66,93734.09,93736.57,300,45,0
2026.02.19 20:15:00,93778.83,93784.49,93767.94,93768.24,300,45,0
2026.02.19 20:10:00,93772.83,93778.81,93772.83,93778.81,300,45,0
2026.02.19 20:05:00,93786.97,93789.13,93769.01,93772.81,300,45,0
2026.02.19 20:00:00,93780.97,93786.95,93780.97,93786.95,300,45,0
2026.02.19 19:55:00,93774.97,93780.95,93774.97,93780.95,300,45,0
2026.02.19 19:50:00,93768.97,93774.95,93768.97,93774.95,300,45,0
2026.02.19 19:45:00,93798.21,93799.97,93764.75,93768.95,300,45,0
2026.02.19 19:40:00,93792.21,93798.19,93792.21,93798.19,300,45,0
2026.02.19 19:35:00,93786.21,93792.19,93786.21,93792.19,300,45,0
2026.02.19 19:30:00,93780.21,93786.19,93780.21,93786.19,300,45,0
2026.02.19 19:25:00,93796.94,93798.14,93775.43,93780.19,300,45,0
2026.02.19 19:20:00,93790.94,93796.92,93790.94,93796.92,300,45,0
2026.02.19 19:15:00,93784.94,93790.92,93784.94,93790.92,300,45,0
2026.02.19 19:10:00,93816.71,93819.47,93781.72,93784.92,300,45,0
2026.02.19 19:05:00,93810.71,93816.69,93810.71,93816.69,300,45,0
2026.02.19 19:00:00,93804.71,93810.69,93804.71,93810.69,300,45,0
2026.02.19 18:55:00,93815.85,93818.87,93801.75,93804.69,300,45,0
2026.02.19 18:50:00,93809.85,93815.83,93809.85,93815.83,300,45,0
2026.02.19 18:45:00,93803.85,93809.83,93803.85,93809.83,300,45,0
2026.02.19 18:40:00,93797.85,93803.83,93797.85,93803.83,300,45,0
2026.02.19 18:35:00,93791.85,93797.83,93791.85,93797.83,300,45,0
2026.02.19 18:30:00,93785.85,93791.83,93785.85,93791.83,300,45,0
2026.02.19 18:25:00,93779.85,93785.83,93779.85,93785.83,300,45,0
2026.02.19 18:20:00,93773.85,93779.83,93773.85,93779.83,300,45,0
2026.02.19 18:15:00,93767.85,93773.83,93767.85,93773.83,300,45,0
2026.02.19 18:10:00,93804.54,93805.78,93764.19,93767.83,300,45,0
2026.02.19 18:05:00,93798.54,93804.52,93798.54,93804.52,300,45,0
2026.02.19 18:00:00,93792.54,93798.52,93792.54,93798.52,300,45,0
2026.02.19 17:55:00,93859.72,93864.06,93792.42,93792.52,300,45,0
2026.02.19 17:50:00,93853.72,93859.70,93853.72,93859.70,300,45,0
2026.02.19 17:45:00,93870.48,93874.22,93851.48,93853.70,300,45,0
2026.02.19 17:40:00,93864.48,93870.46,93864.48,93870.46,300,45,0
2026.02.19 17:35:00,93872.67,93877.07,93862.90,93864.46,300,45,0
2026.02.19 17:30:00,93866.67,93872.65,93866.67,93872.65,300,45,0
2026.02.19 17:25:00,93860.67,93866.65,93860.67,93866.65,300,45,0
2026.02.19 17:20:00,93877.25,93878.15,93855.59,93860.65,300,45,0
2026.02.19 17:15:00,93918.69,93920.63,93873.21,93877.23,300,45,0
2026.02.19 17:10:00,93912.69,93918.67,93912.69,93918.67,300,45,0
2026.02.19 17:05:00,93906.69,93912.67,93906.69,93912.67,300,45,0
2026.02.19 17:00:00,93900.69,93906.67,93900.69,93906.67,300,45,0
2026.02.19 16:55:00,93943.70,93948.02,93899.11,93900.67,300,45,0
2026.02.19 16:50:00,93937.70,93943.68,93937.70,93943.68,300,45,0
2026.02.19 16:45:00,93953.23,93953.79,93932.28,93937.68,300,45,0
2026.02.19 16:40:00,93947.23,93953.21,93947.23,93953.21,300,45,0
2026.02.19 16:35:00,93962.09,93964.17,93943.33,93947.21,300,45,0
2026.02.19 16:30:00,93956.09,93962.07,93956.09,93962.07,300,45,0
2026.02.19 16:25:00,93972.09,93977.83,93955.85,93956.07,300,45,0
2026.02.19 16:20:00,93966.09,93972.07,93966.09,93972.07,300,45,0
2026.02.19 16:15:00,93981.95,93987.87,93966.03,93966.07,300,45,0
2026.02.19 16:10:00,94001.36,94003.90,93978.51,93981.93,300,45,0
2026.02.19 16:05:00,93995.36,94001.34,93995.36,94001.34,300,45,0
2026.02.19 16:00:00,93989.36,93995.34,93989.36,93995.34,300,45,0
2026.02.19 15:55:00,93983.36,93989.34,93983.36,93989.34,300,45,0
2026.02.19 15:50:00,93977.36,93983.34,93977.36,93983.34,300,45,0
2026.02.19 15:45:00,93989.45,93990.75,93972.68,93977.34,300,45,0
2026.02.19 15:40:00,93983.45,93989.43,93983.45,93989.43,300,45,0
2026.02.19 15:35:00,93991.70,93996.52,93982.29,93983.43,300,45,0
2026.02.19 15:30:00,93985.70,93991.68,93985.70,93991.68,300,45,0
2026.02.19 15:25:00,94024.10,94027.08,93984.20,93985.68,300,45,0
2026.02.19 15:20:00,94018.10,94024.08,94018.10,94024.08,300,45,0
2026.02.19 15:15:00,94012.10,94018.08,94012.10,94018.08,300,45,0
2026.02.19 15:10:00,94006.10,94012.08,94006.10,94012.08,300,45,0
2026.02.19 15:05:00,94000.10,94006.08,94000.10,94006.08,300,45,0
2026.02.19 15:00:00,93994.10,94000.08,93994.10,94000.08,300,45,0
2026.02.19 14:55:00,93988.10,93994.08,93988.10,93994.08,300,45,0
2026.02.19 14:50:00,94010.85,94012.25,93983.52,93988.08,300,45,0
2026.02.19 14:45:00,94004.85,94010.83,94004.85,94010.83,300,45,0
2026.02.19 14:40:00,93998.85,94004.83,93998.85,94004.83,300,45,0
2026.02.19 14:35:00,93992.85,93998.83,93992.85,93998.83,300,45,0
2026.02.19 14:30:00,93986.85,93992.83,93986.85,93992.83,300,45,0
2026.02.19 14:25:00,93980.83,93986.83,93980.83,93986.83,301,45,0
2026.02.19 14:20:00,93974.83,93980.81,93974.83,93980.81,300,45,0
2026.02.19 14:15:00,93968.83,93974.81,93968.83,93974.81,300,45,0
2026.02.19 14:10:00,93981.02,93984.92,93966.75,93968.81,300,45,0
2026.02.19 14:05:00,94014.44,94016.72,93977.32,93981.00,300,45,0
2026.02.19 14:00:00,94008.44,94014.42,94008.44,94014.42,300,45,0
2026.02.19 13:55:00,94014.74,94015.68,94003.40,94008.42,300,45,0
2026.02.19 13:50:00,94008.74,94014.72,94008.74,94014.72,300,45,0
2026.02.19 13:45:00,94002.74,94008.72,94002.74,94008.72,300,45,0
2026.02.19 13:40:00,94018.06,94022.02,94000.72,94002.72,300,45,0
2026.02.19 13:35:00,94012.06,94018.04,94012.06,94018.04,300,45,0
2026.02.19 13:30:00,94006.06,94012.04,94006.06,94012.04,300,45,0
2026.02.19 13:25:00,94031.00,94031.24,94002.06,94006.04,300,45,0
2026.02.19 13:20:00,94025.00,94030.98,94025.00,94030.98,300,45,0
2026.02.19 13:15:00,94019.00,94024.98,94019.00,94024.98,300,45,0
2026.02.19 13:10:00,94013.00,94018.98,94013.00,94018.98,300,45,0
2026.02.19 13:05:00,94007.00,94012.98,94007.00,94012.98,300,45,0
2026.02.19 13:00:00,94001.00,94006.98,94001.00,94006.98,300,45,0
2026.02.19 12:55:00,93995.00,94000.98,93995.00,94000.98,300,45,0
2026.02.19 12:50:00,93989.00,93994.98,93989.00,93994.98,300,45,0
2026.02.19 12:45:00,93983.00,93988.98,93983.00,93988.98,300,45,0
2026.02.19 12:40:00,93977.00,93982.98,93977.00,93982.98,300,45,0
2026.02.19 12:35:00,93999.80,94005.70,93976.92,93976.98,300,45,0
2026.02.19 12:30:00,94012.83,94014.19,93995.18,93999.78,300,45,0
2026.02.19 12:25:00,94046.22,94047.66,94008.29,94012.81,300,45,0
2026.02.19 12:20:00,94040.22,94046.20,94040.22,94046.20,300,45,0
2026.02.19 12:15:00,94095.66,94097.92,94038.02,94040.20,300,45,0
2026.02.19 12:10:00,94106.69,94109.63,94092.62,94095.64,300,45,0
2026.02.19 12:05:00,94131.09,94136.63,94106.25,94106.67,300,45,0
2026.02.19 12:00:00,94125.09,94131.07,94125.09,94131.07,300,45,0
2026.02.19 11:55:00,94119.09,94125.07,94119.09,94125.07,300,45,0
2026.02.19 11:50:00,94113.09,94119.07,94113.09,94119.07,300,45,0
2026.02.19 11:45:00,94107.09,94113.07,94107.09,94113.07,300,45,0
2026.02.19 11:40:00,94117.06,94122.22,94106.27,94107.07,300,45,0
2026.02.19 11:35:00,94111.06,94117.04,94111.06,94117.04,300,45,0
2026.02.19 11:30:00,94105.06,94111.04,94105.06,94111.04,300,45,0
2026.02.19 11:25:00,94099.06,94105.04,94099.06,94105.04,300,45,0
2026.02.19 11:20:00,94093.06,94099.04,94093.06,94099.04,300,45,0
2026.02.19 11:15:00,94087.06,94093.04,94087.06,94093.04,300,45,0
2026.02.19 11:10:00,94081.06,94087.04,94081.06,94087.04,300,45,0
2026.02.19 11:05:00,94075.06,94081.04,94075.06,94081.04,300,45,0
2026.02.19 11:00:00,94069.06,94075.04,94069.06,94075.04,300,45,0
2026.02.19 10:55:00,94063.06,94069.04,94063.06,94069.04,300,45,0
2026.02.19 10:50:00,94057.06,94063.04,94057.06,94063.04,300,45,0
2026.02.19 10:45:00,94051.06,94057.04,94051.06,94057.04,300,45,0
2026.02.19 10:40:00,94074.78,94077.68,94048.60,94051.04,300,45,0
2026.02.19 10:35:00,94068.78,94074.76,94068.78,94074.76,300,45,0
2026.02.19 10:30:00,94082.26,94083.08,94063.62,94068.76,300,45,0
2026.02.19 10:25:00,94076.26,94082.24,94076.26,94082.24,300,45,0
2026.02.19 10:20:00,94086.83,94087.99,94071.44,94076.24,300,45,0
2026.02.19 10:15:00,94094.68,94099.32,94085.49,94086.81,300,45,0
2026.02.19 10:10:00,94109.91,94114.97,94093.76,94094.66,300,45,0
2026.02.19 10:05:00,94136.93,94142.45,94109.45,94109.89,300,45,0
2026.02.19 10:00:00,94144.48,94146.80,94133.27,94136.91,300,45,0
2026.02.19 09:55:00,94138.48,94144.46,94138.48,94144.46,300,45,0
2026.02.19 09:50:00,94132.48,94138.46,94132.48,94138.46,300,45,0
2026.02.19 09:45:00,94126.48,94132.46,94126.48,94132.46,300,45,0
2026.02.19 09:40:00,94120.48,94126.46,94120.48,94126.46,300,45,0
2026.02.19 09:35:00,94114.48,94120.46,94114.48,94120.46,300,45,0
2026.02.19 09:30:00,94108.48,94114.46,94108.48,94114.46,300,45,0
2026.02.19 09:25:00,94102.48,94108.46,94102.48,94108.46,300,45,0
2026.02.19 09:20:00,94096.48,94102.46,94096.48,94102.46,300,45,0
2026.02.19 09:15:00,94090.48,94096.46,94090.48,94096.46,300,45,0
2026.02.19 09:10:00,94131.82,94136.80,94089.48,94090.46,300,45,0
2026.02.19 09:05:00,94162.08,94162.52,94126.28,94131.80,300,45,0
2026.02.19 09:00:00,94156.08,94162.06,94156.08,94162.06,300,45,0
2026.02.19 08:55:00,94150.08,94156.06,94150.08,94156.06,300,45,0
2026.02.19 08:50:00,94144.08,94150.06,94144.08,94150.06,300,45,0
2026.02.19 08:45:00,94138.08,94144.06,94138.08,94144.06,300,45,0
2026.02.19 08:40:00,94132.08,94138.06,94132.08,94138.06,300,45,0
2026.02.19 08:35:00,94160.86,94161.24,94129.90,94132.06,300,45,0
2026.02.19 08:30:00,94154.86,94160.84,94154.86,94160.84,300,45,0
2026.02.19 08:25:00,94215.20,94215.54,94152.90,94154.84,300,45,0
2026.02.19 08:20:00,94209.20,94215.18,94209.20,94215.18,300,45,0
2026.02.19 08:15:00,94203.20,94209.18,94203.20,94209.18,300,45,0
2026.02.19 08:10:00,94197.20,94203.18,94197.20,94203.18,300,45,0
2026.02.19 08:05:00,94191.20,94197.18,94191.20,94197.18,300,45,0
2026.02.19 08:00:00,94185.20,94191.18,94185.20,94191.18,300,45,0
2026.02.19 07:55:00,94179.20,94185.18,94179.20,94185.18,300,45,0
2026.02.19 07:50:00,94173.20,94179.18,94173.20,94179.18,300,45,0
2026.02.19 07:45:00,94167.20,94173.18,94167.20,94173.18,300,45,0
2026.02.19 07:40:00,94161.20,94167.18,94161.20,94167.18,300,45,0
2026.02.19 07:35:00,94155.20,94161.18,94155.20,94161.18,300,45,0
2026.02.19 07:30:00,94149.20,94155.18,94149.20,94155.18,300,45,0
2026.02.19 07:25:00,94143.20,94149.18,94143.20,94149.18,300,45,0
2026.02.19 07:20:00,94137.20,94143.18,94137.20,94143.18,300,45,0
2026.02.19 07:15:00,94172.43,94175.09,94133.88,94137.18,300,45,0
2026.02.19 07:10:00,94166.43,94172.41,94166.43,94172.41,300,45,0
2026.02.19 07:05:00,94160.43,94166.41,94160.43,94166.41,300,45,0
2026.02.19 07:00:00,94154.43,94160.41,94154.43,94160.41,300,45,0
2026.02.19 06:55:00,94148.43,94154.41,94148.43,94154.41,300,45,0
2026.02.19 06:50:00,94142.43,94148.41,94142.43,94148.41,300,45,0
2026.02.19 06:45:00,94136.43,94142.41,94136.43,94142.41,300,45,0
2026.02.19 06:40:00,94130.43,94136.41,94130.43,94136.41,300,45,0
2026.02.19 06:35:00,94124.43,94130.41,94124.43,94130.41,300,45,0
2026.02.19 06:30:00,94118.43,94124.41,94118.43,94124.41,300,45,0
2026.02.19 06:25:00,94112.43,94118.41,94112.43,94118.41,300,45,0
2026.02.19 06:20:00,94130.44,94134.62,94110.63,94112.41,300,45,0
2026.02.19 06:15:00,94124.44,94130.42,94124.44,94130.42,300,45,0
2026.02.19 06:10:00,94118.44,94124.42,94118.44,94124.42,300,45,0
2026.02.19 06:05:00,94112.44,94118.42,94112.44,94118.42,300,45,0
2026.02.19 06:00:00,94106.44,94112.42,94106.44,94112.42,300,45,0
2026.02.19 05:55:00,94113.74,94116.78,94103.50,94106.42,300,45,0
2026.02.19 05:50:00,94107.74,94113.72,94107.74,94113.72,300,45,0
2026.02.19 05:45:00,94101.74,94107.72,94101.74,94107.72,300,45,0
2026.02.19 05:40:00,94107.97,94108.53,94096.32,94101.72,300,45,0
2026.02.19 05:35:00,94118.10,94123.46,94107.35,94107.95,300,45,0
2026.02.19 05:30:00,94112.10,94118.08,94112.10,94118.08,300,45,0
2026.02.19 05:25:00,94106.10,94112.08,94106.10,94112.08,300,45,0
2026.02.19 05:20:00,94116.86,94121.40,94104.64,94106.08,301,45,0
2026.02.19 05:15:00,94110.86,94116.84,94110.86,94116.84,300,45,0
2026.02.19 05:10:00,94146.46,94149.92,94108.34,94110.84,300,45,0
2026.02.19 05:05:00,94140.46,94146.44,94140.46,94146.44,300,45,0
2026.02.19 05:00:00,94134.46,94140.44,94134.46,94140.44,300,45,0
2026.02.19 04:55:00,94128.46,94134.44,94128.46,94134.44,300,45,0
2026.02.19 04:50:00,94122.46,94128.44,94122.46,94128.44,300,45,0
2026.02.19 04:45:00,94144.70,94144.96,94116.74,94122.44,300,45,0
2026.02.19 04:40:00,94162.06,94163.14,94139.80,94144.68,300,45,0
2026.02.19 04:35:00,94156.06,94162.04,94156.06,94162.04,300,45,0
2026.02.19 04:30:00,94191.80,94192.62,94155.26,94156.04,300,45,0
2026.02.19 04:25:00,94185.80,94191.78,94185.80,94191.78,300,45,0
2026.02.19 04:20:00,94179.80,94185.78,94179.80,94185.78,300,45,0
2026.02.19 04:15:00,94173.80,94179.78,94173.80,94179.78,300,45,0
2026.02.19 04:10:00,94167.80,94173.78,94167.80,94173.78,300,45,0
2026.02.19 04:05:00,94195.23,94199.85,94166.44,94167.78,300,45,0
2026.02.19 04:00:00,94189.23,94195.21,94189.23,94195.21,300,45,0
2026.02.19 03:55:00,94183.23,94189.21,94183.23,94189.21,300,45,0
2026.02.19 03:50:00,94177.23,94183.21,94177.23,94183.21,300,45,0
2026.02.19 03:45:00,94171.23,94177.21,94171.23,94177.21,300,45,0
2026.02.19 03:40:00,94165.23,94171.21,94165.23,94171.21,300,45,0
2026.02.19 03:35:00,94159.23,94165.21,94159.23,94165.21,300,45,0
2026.02.19 03:30:00,94170.73,94175.57,94158.09,94159.21,300,45,0
2026.02.19 03:25:00,94164.73,94170.71,94164.73,94170.71,300,45,0
2026.02.19 03:20:00,94171.72,94175.04,94162.07,94164.71,300,45,0
2026.02.19 03:15:00,94165.72,94171.70,94165.72,94171.70,300,45,0
2026.02.19 03:10:00,94159.72,94165.70,94159.72,94165.70,300,45,0
2026.02.19 03:05:00,94179.08,94181.28,94155.94,94159.70,300,45,0
2026.02.19 03:00:00,94191.59,94191.61,94173.12,94179.06,300,45,0
2026.02.19 02:55:00,94185.59,94191.57,94185.59,94191.57,300,45,0
2026.02.19 02:50:00,94179.59,94185.57,94179.59,94185.57,300,45,0
2026.02.19 02:45:00,94190.41,94195.57,94178.77,94179.57,300,45,0
2026.02.19 02:40:00,94184.41,94190.39,94184.41,94190.39,300,45,0
2026.02.19 02:35:00,94178.41,94184.39,94178.41,94184.39,300,45,0
2026.02.19 02:30:00,94172.41,94178.39,94172.41,94178.39,300,45,0
2026.02.19 02:25:00,94166.41,94172.39,94166.41,94172.39,300,45,0
2026.02.19 02:20:00,94160.41,94166.39,94160.41,94166.39,300,45,0
2026.02.19 02:15:00,94166.79,94170.93,94158.57,94160.39,300,45,0
2026.02.19 02:10:00,94160.79,94166.77,94160.79,94166.77,300,45,0
2026.02.19 02:05:00,94154.79,94160.77,94154.79,94160.77,300,45,0
2026.02.19 02:00:00,94148.79,94154.77,94148.79,94154.77,300,45,0
2026.02.19 01:55:00,94142.79,94148.77,94142.79,94148.77,300,45,0
2026.02.19 01:50:00,94136.79,94142.77,94136.79,94142.77,300,45,0
2026.02.19 01:45:00,94130.79,94136.77,94130.79,94136.77,300,45,0
2026.02.19 01:40:00,94124.79,94130.77,94124.79,94130.77,300,45,0
2026.02.19 01:35:00,94118.79,94124.77,94118.79,94124.77,300,45,0
2026.02.19 01:30:00,94112.79,94118.77,94112.79,94118.77,300,45,0
2026.02.19 01:25:00,94106.79,94112.77,94106.79,94112.77,300,45,0
2026.02.19 01:20:00,94130.67,94131.27,94101.41,94106.77,300,45,0
2026.02.19 01:15:00,94124.67,94130.65,94124.67,94130.65,300,45,0
2026.02.19 01:10:00,94118.67,94124.65,94118.67,94124.65,300,45,0
2026.02.19 01:05:00,94112.67,94118.65,94112.67,94118.65,300,45,0
2026.02.19 01:00:00,94106.67,94112.65,94106.67,94112.65,300,45,0
2026.02.19 00:55:00,94100.67,94106.65,94100.67,94106.65,300,45,0
2026.02.19 00:50:00,94094.67,94100.65,94094.67,94100.65,300,45,0
2026.02.19 00:45:00,94105.12,94109.56,94093.13,94094.65,300,45,0
2026.02.19 00:40:00,94099.12,94105.10,94099.12,94105.10,300,45,0
2026.02.19 00:35:00,94093.12,94099.10,94093.12,94099.10,300,45,0
2026.02.19 00:30:00,94087.12,94093.10,94087.12,94093.10,300,45,0
2026.02.19 00:25:00,94081.12,94087.10,94081.12,94087.10,300,45,0
2026.02.19 00:20:00,94075.12,94081.10,94075.12,94081.10,300,45,0
2026.02.19 00:15:00,94069.12,94075.10,94069.12,94075.10,300,45,0
2026.02.19 00:10:00,94063.12,94069.10,94063.12,94069.10,300,45,0
2026.02.19 00:05:00,94070.24,94071.16,94058.06,94063.10,300,45,0
2026.02.19 00:00:00,94064.24,94070.22,94064.24,94070.22,300,45,0
2026.02.18 23:55:00,94058.24,94064.22,94058.24,94064.22,300,45,0
2026.02.18 23:50:00,94052.24,94058.22,94052.24,94058.22,300,45,0
2026.02.18 23:45:00,94046.24,94052.22,94046.24,94052.22,300,45,0
2026.02.18 23:40:00,94075.41,94075.63,94040.48,94046.22,300,45,0
2026.02.18 23:35:00,94069.41,94075.39,94069.41,94075.39,300,45,0
2026.02.18 23:30:00,94076.15,94077.05,94064.33,94069.39,300,45,0
2026.02.18 23:25:00,94070.15,94076.13,94070.15,94076.13,300,45,0
2026.02.18 23:20:00,94064.15,94070.13,94064.15,94070.13,300,45,0
2026.02.18 23:15:00,94058.15,94064.13,94058.15,94064.13,300,45,0
2026.02.18 23:10:00,94052.15,94058.13,94052.15,94058.13,300,45,0
2026.02.18 23:05:00,94046.15,94052.13,94046.15,94052.13,300,45,0
2026.02.18 23:00:00,94060.55,94060.99,94040.61,94046.13,300,45,0
2026.02.18 22:55:00,94054.55,94060.53,94054.55,94060.53,300,45,0
2026.02.18 22:50:00,94048.55,94054.53,94048.55,94054.53,300,45,0
2026.02.18 22:45:00,94058.77,94063.67,94047.47,94048.53,300,45,0
2026.02.18 22:40:00,94052.77,94058.75,94052.77,94058.75,300,45,0
2026.02.18 22:35:00,94046.77,94052.75,94046.77,94052.75,300,45,0
2026.02.18 22:30:00,94040.77,94046.75,94040.77,94046.75,300,45,0
2026.02.18 22:25:00,94034.77,94040.75,94034.77,94040.75,300,45,0
2026.02.18 22:20:00,94028.77,94034.75,94028.77,94034.75,300,45,0
2026.02.18 22:15:00,94022.77,94028.75,94022.77,94028.75,300,45,0
2026.02.18 22:10:00,94045.29,94047.65,94019.15,94022.75,300,45,0
2026.02.18 22:05:00,94039.29,94045.27,94039.29,94045.27,300,45,0
2026.02.18 22:00:00,94033.29,94039.27,94033.29,94039.27,300,45,0
2026.02.18 21:55:00,94027.29,94033.27,94027.29,94033.27,300,45,0
2026.02.18 21:50:00,94021.29,94027.27,94021.29,94027.27,300,45,0
2026.02.18 21:45:00,94015.29,94021.27,94015.29,94021.27,300,45,0
2026.02.18 21:40:00,94042.17,94044.19,94011.33,94015.27,300,45,0
2026.02.18 21:35:00,94051.37,94052.31,94037.13,94042.15,300,45,0
2026.02.18 21:30:00,94045.37,94051.35,94045.37,94051.35,300,45,0
2026.02.18 21:25:00,94039.37,94045.35,94039.37,94045.35,300,45,0
2026.02.18 21:20:00,94082.54,94082.82,94036.75,94039.35,300,45,0
2026.02.18 21:15:00,94076.54,94082.52,94076.54,94082.52,300,45,0
2026.02.18 21:10:00,94070.54,94076.52,94070.54,94076.52,300,45,0
2026.02.18 21:05:00,94064.54,94070.52,94064.54,94070.52,300,45,0
2026.02.18 21:00:00,94058.54,94064.52,94058.54,94064.52,300,45,0
2026.02.18 20:55:00,94052.54,94058.52,94052.54,94058.52,300,45,0
2026.02.18 20:50:00,94046.54,94052.52,94046.54,94052.52,300,45,0
2026.02.18 20:45:00,94040.54,94046.52,94040.54,94046.52,300,45,0
2026.02.18 20:40:00,94034.54,94040.52,94034.54,94040.52,300,45,0
2026.02.18 20:35:00,94028.54,94034.52,94028.54,94034.52,300,45,0
2026.02.18 20:30:00,94022.54,94028.52,94022.54,94028.52,300,45,0
2026.02.18 20:25:00,94016.54,94022.52,94016.54,94022.52,300,45,0
2026.02.18 20:20:00,94010.54,94016.52,94010.54,94016.52,300,45,0
2026.02.18 20:15:00,94004.52,94010.52,94004.52,94010.52,301,45,0
2026.02.18 20:10:00,93998.52,94004.50,93998.52,94004.50,300,45,0
2026.02.18 20:05:00,94014.63,94015.25,93993.16,93998.50,300,45,0
2026.02.18 20:00:00,94008.63,94014.61,94008.63,94014.61,300,45,0
2026.02.18 19:55:00,94002.63,94008.61,94002.63,94008.61,300,45,0
2026.02.18 19:50:00,93996.63,94002.61,93996.63,94002.61,300,45,0
2026.02.18 19:45:00,93990.63,93996.61,93990.63,93996.61,300,45,0
2026.02.18 19:40:00,94018.25,94020.63,93987.03,93990.61,300,45,0
2026.02.18 19:35:00,94012.25,94018.23,94012.25,94018.23,300,45,0
2026.02.18 19:30:00,94006.25,94012.23,94006.25,94012.23,300,45,0
2026.02.18 19:25:00,94000.25,94006.23,94000.25,94006.23,300,45,0
2026.02.18 19:20:00,93994.25,94000.23,93994.25,94000.23,300,45,0
2026.02.18 19:15:00,94004.37,94009.65,93993.55,93994.23,300,45,0
2026.02.18 19:10:00,93998.37,94004.35,93998.37,94004.35,300,45,0
2026.02.18 19:05:00,93992.37,93998.35,93992.37,93998.35,300,45,0
2026.02.18 19:00:00,93986.37,93992.35,93986.37,93992.35,300,45,0
2026.02.18 18:55:00,93980.37,93986.35,93980.37,93986.35,300,45,0
2026.02.18 18:50:00,93974.37,93980.35,93974.37,93980.35,300,45,0
2026.02.18 18:45:00,93987.03,93989.93,93971.29,93974.35,300,45,0
2026.02.18 18:40:00,94015.58,94018.90,93984.37,93987.01,300,45,0
2026.02.18 18:35:00,94009.58,94015.56,94009.58,94015.56,300,45,0
2026.02.18 18:30:00,94003.58,94009.56,94003.58,94009.56,300,45,0
2026.02.18 18:25:00,93997.58,94003.56,93997.58,94003.56,300,45,0
2026.02.18 18:20:00,93991.58,93997.56,93991.58,93997.56,300,45,0
2026.02.18 18:15:00,93985.58,93991.56,93985.58,93991.56,300,45,0
2026.02.18 18:10:00,93979.58,93985.56,93979.58,93985.56,300,45,0
2026.02.18 18:05:00,93973.58,93979.56,93973.58,93979.56,300,45,0
2026.02.18 18:00:00,93967.58,93973.56,93967.58,93973.56,300,45,0
2026.02.18 17:55:00,93961.58,93967.56,93961.58,93967.56,300,45,0
2026.02.18 17:50:00,93955.58,93961.56,93955.58,93961.56,300,45,0
2026.02.18 17:45:00,93949.58,93955.56,93949.58,93955.56,300,45,0
2026.02.18 17:40:00,93943.58,93949.56,93943.58,93949.56,300,45,0
2026.02.18 17:35:00,93959.76,93964.26,93942.10,93943.56,300,45,0
2026.02.18 17:30:00,93984.80,93985.48,93954.46,93959.74,300,45,0
2026.02.18 17:25:00,93978.80,93984.78,93978.80,93984.78,300,45,0
2026.02.18 17:20:00,93972.80,93978.78,93972.80,93978.78,300,45,0
2026.02.18 17:15:00,93991.05,93991.23,93967.00,93972.78,300,45,0
2026.02.18 17:10:00,93997.22,94000.82,93988.67,93991.03,300,45,0
2026.02.18 17:05:00,93991.22,93997.20,93991.22,93997.20,300,45,0
2026.02.18 17:00:00,94014.27,94017.19,93988.16,93991.20,300,45,0
2026.02.18 16:55:00,94008.27,94014.25,94008.27,94014.25,300,45,0
2026.02.18 16:50:00,94020.84,94024.68,94006.13,94008.25,300,45,0
2026.02.18 16:45:00,94014.84,94020.82,94014.84,94020.82,300,45,0
2026.02.18 16:40:00,94008.84,94014.82,94008.84,94014.82,300,45,0
2026.02.18 16:35:00,94032.56,94036.58,94006.88,94008.82,300,45,0
2026.02.18 16:30:00,94026.56,94032.54,94026.56,94032.54,300,45,0
2026.02.18 16:25:00,94020.56,94026.54,94020.56,94026.54,300,45,0
2026.02.18 16:20:00,94014.56,94020.54,94014.56,94020.54,300,45,0
2026.02.18 16:15:00,94031.07,94033.97,94011.48,94014.54,300,45,0
2026.02.18 16:10:00,94041.70,94042.68,94026.07,94031.05,300,45,0
2026.02.18 16:05:00,94056.91,94058.05,94036.86,94041.68,300,45,0
2026.02.18 16:00:00,94050.91,94056.89,94050.91,94056.89,300,45,0
2026.02.18 15:55:00,94044.91,94050.89,94044.91,94050.89,300,45,0
2026.02.18 15:50:00,94038.91,94044.89,94038.91,94044.89,300,45,0
2026.02.18 15:45:00,94032.91,94038.89,94032.91,94038.89,300,45,0
2026.02.18 15:40:00,94026.91,94032.89,94026.91,94032.89,300,45,0
2026.02.18 15:35:00,94020.91,94026.89,94020.91,94026.89,300,45,0
2026.02.18 15:30:00,94014.91,94020.89,94014.91,94020.89,300,45,0
2026.02.18 15:25:00,94008.91,94014.89,94008.91,94014.89,300,45,0
2026.02.18 15:20:00,94002.91,94008.89,94002.91,94008.89,300,45,0
2026.02.18 15:15:00,93996.91,94002.89,93996.91,94002.89,300,45,0
2026.02.18 15:10:00,93990.91,93996.89,93990.91,93996.89,300,45,0
2026.02.18 15:05:00,94004.68,94010.20,93990.45,93990.89,300,45,0
2026.02.18 15:00:00,94023.15,94027.21,94002.76,94004.66,300,45,0
2026.02.18 14:55:00,94017.15,94023.13,94017.15,94023.13,300,45,0
2026.02.18 14:50:00,94011.15,94017.13,94011.15,94017.13,300,45,0
2026.02.18 14:45:00,94005.15,94011.13,94005.15,94011.13,300,45,0
2026.02.18 14:40:00,93999.15,94005.13,93999.15,94005.13,300,45,0
2026.02.18 14:35:00,93993.15,93999.13,93993.15,93999.13,300,45,0
2026.02.18 14:30:00,93987.15,93993.13,93987.15,93993.13,300,45,0
2026.02.18 14:25:00,93981.15,93987.13,93981.15,93987.13,300,45,0
2026.02.18 14:20:00,93975.15,93981.13,93975.15,93981.13,300,45,0
2026.02.18 14:15:00,93969.15,93975.13,93969.15,93975.13,300,45,0
2026.02.18 14:10:00,93963.15,93969.13,93963.15,93969.13,300,45,0
2026.02.18 14:05:00,93957.15,93963.13,93957.15,93963.13,300,45,0
2026.02.18 14:00:00,93951.15,93957.13,93951.15,93957.13,300,45,0
2026.02.18 13:55:00,93945.15,93951.13,93945.15,93951.13,300,45,0
2026.02.18 13:50:00,93939.15,93945.13,93939.15,93945.13,300,45,0
2026.02.18 13:45:00,93933.15,93939.13,93933.15,93939.13,300,45,0
2026.02.18 13:40:00,93955.22,93960.78,93932.73,93933.13,300,45,0
2026.02.18 13:35:00,93963.95,93964.25,93949.54,93955.20,300,45,0
2026.02.18 13:30:00,93957.95,93963.93,93957.95,93963.93,300,45,0
2026.02.18 13:25:00,93951.95,93957.93,93951.95,93957.93,300,45,0
2026.02.18 13:20:00,93945.95,93951.93,93945.95,93951.93,300,45,0
2026.02.18 13:15:00,93939.95,93945.93,93939.95,93945.93,300,45,0
2026.02.18 13:10:00,93951.41,93955.83,93938.39,93939.93,300,45,0
2026.02.18 13:05:00,93959.82,93962.06,93947.67,93951.39,300,45,0
2026.02.18 13:00:00,93953.82,93959.80,93953.82,93959.80,300,45,0
2026.02.18 12:55:00,93947.82,93953.80,93947.82,93953.80,300,45,0
2026.02.18 12:50:00,93941.82,93947.80,93941.82,93947.80,300,45,0
2026.02.18 12:45:00,93935.82,93941.80,93935.82,93941.80,300,45,0
2026.02.18 12:40:00,93957.98,93963.58,93935.44,93935.80,300,45,0
2026.02.18 12:35:00,93968.80,93970.82,93954.02,93957.96,300,45,0
2026.02.18 12:30:00,93962.80,93968.78,93962.80,93968.78,300,45,0
2026.02.18 12:25:00,93956.80,93962.78,93956.80,93962.78,300,45,0
2026.02.18 12:20:00,93976.51,93978.77,93953.08,93956.78,300,45,0
2026.02.18 12:15:00,93970.51,93976.49,93970.51,93976.49,300,45,0
2026.02.18 12:10:00,93964.51,93970.49,93964.51,93970.49,300,45,0
2026.02.18 12:05:00,93958.51,93964.49,93958.51,93964.49,300,45,0
2026.02.18 12:00:00,93952.51,93958.49,93952.51,93958.49,300,45,0
2026.02.18 11:55:00,93946.51,93952.49,93946.51,93952.49,300,45,0
2026.02.18 11:50:00,93940.51,93946.49,93940.51,93946.49,300,45,0
2026.02.18 11:45:00,93951.71,93951.81,93934.63,93940.49,300,45,0
2026.02.18 11:40:00,93945.71,93951.69,93945.71,93951.69,300,45,0
2026.02.18 11:35:00,94017.86,94018.74,93944.29,93945.69,300,45,0
2026.02.18 11:30:00,94011.86,94017.84,94011.86,94017.84,300,45,0
2026.02.18 11:25:00,94005.86,94011.84,94005.86,94011.84,300,45,0
2026.02.18 11:20:00,93999.86,94005.84,93999.86,94005.84,300,45,0
2026.02.18 11:15:00,93993.86,93999.84,93993.86,93999.84,300,45,0
2026.02.18 11:10:00,94007.05,94009.47,93990.30,93993.84,300,45,0
2026.02.18 11:05:00,94001.03,94007.03,94001.03,94007.03,301,45,0
2026.02.18 11:00:00,93995.03,94001.01,93995.03,94001.01,300,45,0
2026.02.18 10:55:00,93989.03,93995.01,93989.03,93995.01,300,45,0
2026.02.18 10:50:00,93983.03,93989.01,93983.03,93989.01,300,45,0
2026.02.18 10:45:00,93977.03,93983.01,93977.03,93983.01,300,45,0
2026.02.18 10:40:00,93971.03,93977.01,93971.03,93977.01,300,45,0
2026.02.18 10:35:00,93965.03,93971.01,93965.03,93971.01,300,45,0
2026.02.18 10:30:00,93972.64,93975.68,93962.09,93965.01,300,45,0
2026.02.18 10:25:00,93966.64,93972.62,93966.64,93972.62,300,45,0
2026.02.18 10:20:00,93960.64,93966.62,93960.64,93966.62,300,45,0
2026.02.18 10:15:00,93954.64,93960.62,93954.64,93960.62,300,45,0
2026.02.18 10:10:00,93948.64,93954.62,93948.64,93954.62,300,45,0
2026.02.18 10:05:00,93942.64,93948.62,93942.64,93948.62,300,45,0
2026.02.18 10:00:00,93936.64,93942.62,93936.64,93942.62,300,45,0
2026.02.18 09:55:00,93930.64,93936.62,93930.64,93936.62,300,45,0
2026.02.18 09:50:00,93924.64,93930.62,93924.64,93930.62,300,45,0
2026.02.18 09:45:00,93918.64,93924.62,93918.64,93924.62,300,45,0
2026.02.18 09:40:00,93948.21,93951.87,93916.32,93918.62,300,45,0
2026.02.18 09:35:00,93942.21,93948.19,93942.21,93948.19,300,45,0
2026.02.18 09:30:00,93936.21,93942.19,93936.21,93942.19,300,45,0
2026.02.18 09:25:00,93957.65,93962.47,93935.05,93936.19,300,45,0
2026.02.18 09:20:00,93951.65,93957.63,93951.65,93957.63,300,45,0
2026.02.18 09:15:00,93945.65,93951.63,93945.65,93951.63,300,45,0
2026.02.18 09:10:00,93939.65,93945.63,93939.65,93945.63,300,45,0
2026.02.18 09:05:00,93951.70,93955.38,93937.35,93939.63,300,45,0
2026.02.18 09:00:00,93945.70,93951.68,93945.70,93951.68,300,45,0
2026.02.18 08:55:00,93964.65,93967.41,93942.48,93945.68,300,45,0
2026.02.18 08:50:00,93958.65,93964.63,93958.65,93964.63,300,45,0
2026.02.18 08:45:00,93952.65,93958.63,93952.65,93958.63,300,45,0
2026.02.18 08:40:00,93946.65,93952.63,93946.65,93952.63,300,45,0
2026.02.18 08:35:00,93940.65,93946.63,93940.65,93946.63,300,45,0
2026.02.18 08:30:00,93934.65,93940.63,93934.65,93940.63,300,45,0
2026.02.18 08:25:00,93928.65,93934.63,93928.65,93934.63,300,45,0
2026.02.18 08:20:00,93955.24,93958.34,93925.77,93928.63,300,45,0
2026.02.18 08:15:00,93949.24,93955.22,93949.24,93955.22,300,45,0
2026.02.18 08:10:00,93943.24,93949.22,93943.24,93949.22,300,45,0
2026.02.18 08:05:00,93937.24,93943.22,93937.24,93943.22,300,45,0
2026.02.18 08:00:00,93931.24,93937.22,93931.24,93937.22,300,45,0
2026.02.18 07:55:00,93925.24,93931.22,93925.24,93931.22,300,45,0
2026.02.18 07:50:00,93919.24,93925.22,93919.24,93925.22,300,45,0
2026.02.18 07:45:00,93913.24,93919.22,93913.24,93919.22,300,45,0
2026.02.18 07:40:00,93907.24,93913.22,93907.24,93913.22,300,45,0
2026.02.18 07:35:00,93901.24,93907.22,93901.24,93907.22,300,45,0
2026.02.18 07:30:00,93895.24,93901.22,93895.24,93901.22,300,45,0
2026.02.18 07:25:00,93889.24,93895.22,93889.24,93895.22,300,45,0
2026.02.18 07:20:00,93883.24,93889.22,93883.24,93889.22,300,45,0
2026.02.18 07:15:00,93915.20,93915.30,93879.62,93883.22,300,45,0
2026.02.18 07:10:00,93926.12,93930.00,93913.10,93915.18,300,45,0
2026.02.18 07:05:00,93949.27,93949.51,93920.38,93926.10,300,45,0
2026.02.18 07:00:00,93943.27,93949.25,93943.27,93949.25,300,45,0
2026.02.18 06:55:00,93937.27,93943.25,93937.27,93943.25,300,45,0
2026.02.18 06:50:00,93931.27,93937.25,93931.27,93937.25,300,45,0
2026.02.18 06:45:00,93925.27,93931.25,93925.27,93931.25,300,45,0
2026.02.18 06:40:00,93919.27,93925.25,93919.27,93925.25,300,45,0
2026.02.18 06:35:00,93913.27,93919.25,93913.27,93919.25,300,45,0
2026.02.18 06:30:00,93907.27,93913.25,93907.27,93913.25,300,45,0
2026.02.18 06:25:00,93901.27,93907.25,93901.27,93907.25,300,45,0
2026.02.18 06:20:00,93895.27,93901.25,93895.27,93901.25,300,45,0
2026.02.18 06:15:00,93889.27,93895.25,93889.27,93895.25,300,45,0
2026.02.18 06:10:00,93883.27,93889.25,93883.27,93889.25,300,45,0
2026.02.18 06:05:00,93877.27,93883.25,93877.27,93883.25,300,45,0
2026.02.18 06:00:00,93901.55,93903.47,93873.21,93877.25,300,45,0
2026.02.18 05:55:00,93895.55,93901.53,93895.55,93901.53,300,45,0
2026.02.18 05:50:00,93889.55,93895.53,93889.55,93895.53,300,45,0
2026.02.18 05:45:00,93883.55,93889.53,93883.55,93889.53,300,45,0
2026.02.18 05:40:00,93877.55,93883.53,93877.55,93883.53,300,45,0
2026.02.18 05:35:00,93900.32,93905.76,93877.01,93877.53,300,45,0
2026.02.18 05:30:00,93894.32,93900.30,93894.32,93900.30,300,45,0
2026.02.18 05:25:00,93888.32,93894.30,93888.32,93894.30,300,45,0
2026.02.18 05:20:00,93919.39,93921.31,93884.26,93888.30,300,45,0
2026.02.18 05:15:00,93913.39,93919.37,93913.39,93919.37,300,45,0
2026.02.18 05:10:00,93907.39,93913.37,93907.39,93913.37,300,45,0
2026.02.18 05:05:00,93923.32,93927.14,93905.23,93907.37,300,45,0
2026.02.18 05:00:00,93917.32,93923.30,93917.32,93923.30,300,45,0
2026.02.18 04:55:00,93944.27,93949.33,93916.40,93917.30,300,45,0
2026.02.18 04:50:00,93938.27,93944.25,93938.27,93944.25,300,45,0
2026.02.18 04:45:00,93932.27,93938.25,93932.27,93938.25,300,45,0
2026.02.18 04:40:00,93926.27,93932.25,93926.27,93932.25,300,45,0
2026.02.18 04:35:00,93920.27,93926.25,93920.27,93926.25,300,45,0
2026.02.18 04:30:00,93914.27,93920.25,93914.27,93920.25,300,45,0
2026.02.18 04:25:00,93908.27,93914.25,93908.27,93914.25,300,45,0
2026.02.18 04:20:00,93902.27,93908.25,93902.27,93908.25,300,45,0
2026.02.18 04:15:00,93896.27,93902.25,93896.27,93902.25,300,45,0
2026.02.18 04:10:00,93890.27,93896.25,93890.27,93896.25,300,45,0
2026.02.18 04:05:00,93920.97,93922.75,93886.07,93890.25,300,45,0
2026.02.18 04:00:00,93928.84,93929.08,93915.23,93920.95,300,45,0
2026.02.18 03:55:00,93922.84,93928.82,93922.84,93928.82,300,45,0
2026.02.18 03:50:00,93916.84,93922.82,93916.84,93922.82,300,45,0
2026.02.18 03:45:00,93910.84,93916.82,93910.84,93916.82,300,45,0
2026.02.18 03:40:00,93904.84,93910.82,93904.84,93910.82,300,45,0
2026.02.18 03:35:00,93898.84,93904.82,93898.84,93904.82,300,45,0
2026.02.18 03:30:00,93892.84,93898.82,93892.84,93898.82,300,45,0
2026.02.18 03:25:00,93886.84,93892.82,93886.84,93892.82,300,45,0
2026.02.18 03:20:00,93925.90,93927.30,93882.26,93886.82,300,45,0
2026.02.18 03:15:00,93919.90,93925.88,93919.90,93925.88,300,45,0
2026.02.18 03:10:00,93913.90,93919.88,93913.90,93919.88,300,45,0
2026.02.18 03:05:00,93907.90,93913.88,93907.90,93913.88,300,45,0
2026.02.18 03:00:00,93901.90,93907.88,93901.90,93907.88,300,45,0
2026.02.18 02:55:00,93895.90,93901.88,93895.90,93901.88,300,45,0
2026.02.18 02:50:00,93889.90,93895.88,93889.90,93895.88,300,45,0
2026.02.18 02:45:00,93883.90,93889.88,93883.90,93889.88,300,45,0
2026.02.18 02:40:00,93890.91,93892.85,93879.86,93883.88,300,45,0
2026.02.18 02:35:00,93884.91,93890.89,93884.91,93890.89,300,45,0
2026.02.18 02:30:00,93878.91,93884.89,93878.91,93884.89,300,45,0
2026.02.18 02:25:00,93872.91,93878.89,93872.91,93878.89,300,45,0
2026.02.18 02:20:00,93866.91,93872.89,93866.91,93872.89,300,45,0
2026.02.18 02:15:00,93860.91,93866.89,93860.91,93866.89,300,45,0
2026.02.18 02:10:00,93867.38,93869.94,93857.49,93860.89,300,45,0
2026.02.18 02:05:00,93861.38,93867.36,93861.38,93867.36,300,45,0
2026.02.18 02:00:00,93892.37,93892.61,93855.62,93861.36,301,45,0
2026.02.18 01:55:00,93886.37,93892.35,93886.37,93892.35,300,45,0
2026.02.18 01:50:00,93880.37,93886.35,93880.37,93886.35,300,45,0
2026.02.18 01:45:00,93925.75,93927.51,93878.41,93880.35,300,45,0
2026.02.18 01:40:00,93962.46,93965.64,93922.95,93925.73,300,45,0
2026.02.18 01:35:00,93956.46,93962.44,93956.46,93962.44,300,45,0
2026.02.18 01:30:00,93950.46,93956.44,93950.46,93956.44,300,45,0
2026.02.18 01:25:00,93944.46,93950.44,93944.46,93950.44,300,45,0
2026.02.18 01:20:00,93938.46,93944.44,93938.46,93944.44,300,45,0
2026.02.18 01:15:00,93950.60,93953.20,93935.08,93938.44,300,45,0
2026.02.18 01:10:00,93944.60,93950.58,93944.60,93950.58,300,45,0
2026.02.18 01:05:00,93938.60,93944.58,93938.60,93944.58,300,45,0
2026.02.18 01:00:00,93932.60,93938.58,93932.60,93938.58,300,45,0
2026.02.18 00:55:00,93926.60,93932.58,93926.60,93932.58,300,45,0
2026.02.18 00:50:00,93964.43,93964.99,93921.18,93926.58,300,45,0
2026.02.18 00:45:00,93975.96,93976.34,93958.83,93964.41,300,45,0
2026.02.18 00:40:00,93969.96,93975.94,93969.96,93975.94,300,45,0
2026.02.18 00:35:00,94001.24,94002.46,93967.98,93969.94,300,45,0
2026.02.18 00:30:00,93995.24,94001.22,93995.24,94001.22,300,45,0
2026.02.18 00:25:00,93989.24,93995.22,93989.24,93995.22,300,45,0
2026.02.18 00:20:00,93983.24,93989.22,93983.24,93989.22,300,45,0
2026.02.18 00:15:00,93977.24,93983.22,93977.24,93983.22,300,45,0
2026.02.18 00:10:00,93971.24,93977.22,93971.24,93977.22,300,45,0
2026.02.18 00:05:00,93991.42,93991.58,93965.42,93971.22,300,45,0
2026.02.18 00:00:00,93985.42,93991.40,93985.42,93991.40,300,45,0
2026.02.17 23:55:00,94001.28,94005.56,93983.72,93985.40,300,45,0
2026.02.17 23:50:00,93995.28,94001.26,93995.28,94001.26,300,45,0
2026.02.17 23:45:00,93989.28,93995.26,93989.28,93995.26,300,45,0
2026.02.17 23:40:00,93983.28,93989.26,93983.28,93989.26,300,45,0
2026.02.17 23:35:00,93996.81,93999.87,93980.36,93983.26,300,45,0
2026.02.17 23:30:00,93990.81,93996.79,93990.81,93996.79,300,45,0
2026.02.17 23:25:00,93984.81,93990.79,93984.81,93990.79,300,45,0
2026.02.17 23:20:00,93978.81,93984.79,93978.81,93984.79,300,45,0
2026.02.17 23:15:00,93972.81,93978.79,93972.81,93978.79,300,45,0
2026.02.17 23:10:00,93966.81,93972.79,93966.81,93972.79,300,45,0
2026.02.17 23:05:00,93986.22,93989.74,93964.35,93966.79,300,45,0
2026.02.17 23:00:00,93997.97,93999.13,93981.40,93986.20,300,45,0
2026.02.17 22:55:00,93991.97,93997.95,93991.97,93997.95,300,45,0
2026.02.17 22:50:00,93985.97,93991.95,93985.97,93991.95,300,45,0
2026.02.17 22:45:00,93979.97,93985.95,93979.97,93985.95,300,45,0
2026.02.17 22:40:00,93973.97,93979.95,93973.97,93979.95,300,45,0
2026.02.17 22:35:00,94006.12,94009.80,93971.67,93973.95,300,45,0
2026.02.17 22:30:00,94000.12,94006.10,94000.12,94006.10,300,45,0
2026.02.17 22:25:00,93994.12,94000.10,93994.12,94000.10,300,45,0
2026.02.17 22:20:00,93988.12,93994.10,93988.12,93994.10,300,45,0
2026.02.17 22:15:00,93982.12,93988.10,93982.12,93988.10,300,45,0
2026.02.17 22:10:00,93976.12,93982.10,93976.12,93982.10,300,45,0
2026.02.17 22:05:00,93970.12,93976.10,93970.12,93976.10,300,45,0
2026.02.17 22:00:00,93964.12,93970.10,93964.12,93970.10,300,45,0
2026.02.17 21:55:00,93984.85,93989.53,93962.82,93964.10,300,45,0
2026.02.17 21:50:00,93978.85,93984.83,93978.85,93984.83,300,45,0
2026.02.17 21:45:00,93972.85,93978.83,93972.85,93978.83,300,45,0
2026.02.17 21:40:00,93966.85,93972.83,93966.85,93972.83,300,45,0
2026.02.17 21:35:00,93988.95,93991.07,93962.99,93966.83,300,45,0
2026.02.17 21:30:00,93982.95,93988.93,93982.95,93988.93,300,45,0
2026.02.17 21:25:00,93976.95,93982.93,93976.95,93982.93,300,45,0
2026.02.17 21:20:00,93970.95,93976.93,93970.95,93976.93,300,45,0
2026.02.17 21:15:00,93964.95,93970.93,93964.95,93970.93,300,45,0
2026.02.17 21:10:00,93958.95,93964.93,93958.95,93964.93,300,45,0
2026.02.17 21:05:00,93952.95,93958.93,93952.95,93958.93,300,45,0
2026.02.17 21:00:00,93946.95,93952.93,93946.95,93952.93,300,45,0
2026.02.17 20:55:00,93940.95,93946.93,93940.95,93946.93,300,45,0
2026.02.17 20:50:00,93934.95,93940.93,93934.95,93940.93,300,45,0
2026.02.17 20:45:00,93928.95,93934.93,93928.95,93934.93,300,45,0
2026.02.17 20:40:00,93943.70,93945.18,93924.45,93928.93,300,45,0
2026.02.17 20:35:00,93973.11,93977.59,93942.20,93943.68,300,45,0
2026.02.17 20:30:00,93967.11,93973.09,93967.11,93973.09,300,45,0
2026.02.17 20:25:00,93961.11,93967.09,93961.11,93967.09,300,45,0
2026.02.17 20:20:00,93975.69,93977.01,93956.45,93961.09,300,45,0
2026.02.17 20:15:00,93988.17,93989.21,93970.75,93975.67,300,45,0
2026.02.17 20:10:00,93982.17,93988.15,93982.17,93988.15,300,45,0
2026.02.17 20:05:00,93976.17,93982.15,93976.17,93982.15,300,45,0
2026.02.17 20:00:00,94012.44,94016.80,93974.55,93976.15,300,45,0
2026.02.17 19:55:00,94021.93,94026.59,94011.12,94012.42,300,45,0
2026.02.17 19:50:00,94037.65,94039.27,94017.57,94021.91,300,45,0
2026.02.17 19:45:00,94031.65,94037.63,94031.65,94037.63,300,45,0
2026.02.17 19:40:00,94058.01,94059.49,94027.15,94031.63,300,45,0
2026.02.17 19:35:00,94052.01,94057.99,94052.01,94057.99,300,45,0
2026.02.17 19:30:00,94046.01,94051.99,94046.01,94051.99,300,45,0
2026.02.17 19:25:00,94040.01,94045.99,94040.01,94045.99,300,45,0
2026.02.17 19:20:00,94034.01,94039.99,94034.01,94039.99,300,45,0
2026.02.17 19:15:00,94028.01,94033.99,94028.01,94033.99,300,45,0
2026.02.17 19:10:00,94035.25,94036.27,94023.05,94027.99,300,45,0
2026.02.17 19:05:00,94029.25,94035.23,94029.25,94035.23,300,45,0
2026.02.17 19:00:00,94023.25,94029.23,94023.25,94029.23,300,45,0
2026.02.17 18:55:00,94017.25,94023.23,94017.25,94023.23,300,45,0
2026.02.17 18:50:00,94011.25,94017.23,94011.25,94017.23,300,45,0
2026.02.17 18:45:00,94005.25,94011.23,94005.25,94011.23,300,45,0
2026.02.17 18:40:00,93999.25,94005.23,93999.25,94005.23,300,45,0
2026.02.17 18:35:00,93993.25,93999.23,93993.25,93999.23,300,45,0
2026.02.17 18:30:00,93987.25,93993.23,93987.25,93993.23,300,45,0
2026.02.17 18:25:00,93981.25,93987.23,93981.25,93987.23,300,45,0
2026.02.17 18:20:00,93975.25,93981.23,93975.25,93981.23,300,45,0
2026.02.17 18:15:00,93969.25,93975.23,93969.25,93975.23,300,45,0
2026.02.17 18:10:00,93963.25,93969.23,93963.25,93969.23,300,45,0
2026.02.17 18:05:00,93957.25,93963.23,93957.25,93963.23,300,45,0
2026.02.17 18:00:00,93951.25,93957.23,93951.25,93957.23,300,45,0
2026.02.17 17:55:00,93945.25,93951.23,93945.25,93951.23,300,45,0
2026.02.17 17:50:00,93939.25,93945.23,93939.25,93945.23,300,45,0
2026.02.17 17:45:00,93933.25,93939.23,93933.25,93939.23,300,45,0
2026.02.17 17:40:00,93927.25,93933.23,93927.25,93933.23,300,45,0
2026.02.17 17:35:00,93921.25,93927.23,93921.25,93927.23,300,45,0
2026.02.17 17:30:00,93915.25,93921.23,93915.25,93921.23,300,45,0
2026.02.17 17:25:00,93909.25,93915.23,93909.25,93915.23,300,45,0
2026.02.17 17:20:00,93919.30,93923.66,93907.63,93909.23,300,45,0
2026.02.17 17:15:00,93929.86,93929.92,93913.38,93919.28,300,45,0
2026.02.17 17:10:00,93923.86,93929.84,93923.86,93929.84,300,45,0
2026.02.17 17:05:00,93917.86,93923.84,93917.86,93923.84,300,45,0
2026.02.17 17:00:00,93911.84,93917.84,93911.84,93917.84,301,45,0
2026.02.17 16:55:00,93905.84,93911.82,93905.84,93911.82,300,45,0
2026.02.17 16:50:00,93899.84,93905.82,93899.84,93905.82,300,45,0
2026.02.17 16:45:00,93930.18,93933.60,93897.64,93899.82,300,45,0
2026.02.17 16:40:00,93924.18,93930.16,93924.18,93930.16,300,45,0
2026.02.17 16:35:00,93918.18,93924.16,93918.18,93924.16,300,45,0
2026.02.17 16:30:00,93912.18,93918.16,93912.18,93918.16,300,45,0
2026.02.17 16:25:00,93948.66,93950.36,93910.28,93912.16,300,45,0
2026.02.17 16:20:00,93942.66,93948.64,93942.66,93948.64,300,45,0
2026.02.17 16:15:00,93936.66,93942.64,93936.66,93942.64,300,45,0
2026.02.17 16:10:00,93930.66,93936.64,93930.66,93936.64,300,45,0
2026.02.17 16:05:00,93924.66,93930.64,93924.66,93930.64,300,45,0
2026.02.17 16:00:00,93960.54,93963.58,93922.82,93924.64,300,45,0
2026.02.17 15:55:00,93954.54,93960.52,93954.54,93960.52,300,45,0
2026.02.17 15:50:00,93948.54,93954.52,93948.54,93954.52,300,45,0
2026.02.17 15:45:00,93942.54,93948.52,93942.54,93948.52,300,45,0
2026.02.17 15:40:00,93936.54,93942.52,93936.54,93942.52,300,45,0
2026.02.17 15:35:00,93930.54,93936.52,93930.54,93936.52,300,45,0
2026.02.17 15:30:00,93945.90,93949.70,93928.36,93930.52,300,45,0
2026.02.17 15:25:00,93939.90,93945.88,93939.90,93945.88,300,45,0
2026.02.17 15:20:00,93933.90,93939.88,93933.90,93939.88,300,45,0
2026.02.17 15:15:00,93927.90,93933.88,93927.90,93933.88,300,45,0
2026.02.17 15:10:00,93921.90,93927.88,93921.90,93927.88,300,45,0
2026.02.17 15:05:00,93915.90,93921.88,93915.90,93921.88,300,45,0
2026.02.17 15:00:00,93929.66,93934.90,93915.16,93915.88,300,45,0
2026.02.17 14:55:00,93945.12,93948.64,93927.20,93929.64,300,45,0
2026.02.17 14:50:00,93939.12,93945.10,93939.12,93945.10,300,45,0
2026.02.17 14:45:00,93933.12,93939.10,93933.12,93939.10,300,45,0
2026.02.17 14:40:00,93927.12,93933.10,93927.12,93933.10,300,45,0
2026.02.17 14:35:00,93934.32,93939.42,93926.24,93927.10,300,45,0
2026.02.17 14:30:00,93951.51,93956.53,93933.36,93934.30,300,45,0
2026.02.17 14:25:00,93945.51,93951.49,93945.51,93951.49,300,45,0
2026.02.17 14:20:00,93939.51,93945.49,93939.51,93945.49,300,45,0
2026.02.17 14:15:00,93946.16,93950.86,93938.23,93939.49,300,45,0
2026.02.17 14:10:00,93940.16,93946.14,93940.16,93946.14,300,45,0
2026.02.17 14:05:00,93934.16,93940.14,93934.16,93940.14,300,45,0
2026.02.17 14:00:00,93928.16,93934.14,93928.16,93934.14,300,45,0
2026.02.17 13:55:00,93922.16,93928.14,93922.16,93928.14,300,45,0
2026.02.17 13:50:00,93916.16,93922.14,93916.16,93922.14,300,45,0
2026.02.17 13:45:00,93910.16,93916.14,93910.16,93916.14,300,45,0
2026.02.17 13:40:00,93904.16,93910.14,93904.16,93910.14,300,45,0
2026.02.17 13:35:00,93898.16,93904.14,93898.16,93904.14,300,45,0
2026.02.17 13:30:00,93911.06,93916.98,93898.10,93898.14,300,45,0
2026.02.17 13:25:00,93905.06,93911.04,93905.06,93911.04,300,45,0
2026.02.17 13:20:00,93899.06,93905.04,93899.06,93905.04,300,45,0
2026.02.17 13:15:00,93893.06,93899.04,93893.06,93899.04,300,45,0
2026.02.17 13:10:00,93887.06,93893.04,93887.06,93893.04,300,45,0
2026.02.17 13:05:00,93881.06,93887.04,93881.06,93887.04,300,45,0
2026.02.17 13:00:00,93875.06,93881.04,93875.06,93881.04,300,45,0
2026.02.17 12:55:00,93869.06,93875.04,93869.06,93875.04,300,45,0
2026.02.17 12:50:00,93863.06,93869.04,93863.06,93869.04,300,45,0
2026.02.17 12:45:00,93857.06,93863.04,93857.06,93863.04,300,45,0
2026.02.17 12:40:00,93851.06,93857.04,93851.06,93857.04,300,45,0
2026.02.17 12:35:00,93880.27,93881.99,93846.80,93851.04,300,45,0
2026.02.17 12:30:00,93874.27,93880.25,93874.27,93880.25,300,45,0
2026.02.17 12:25:00,93868.27,93874.25,93868.27,93874.25,300,45,0
2026.02.17 12:20:00,93862.27,93868.25,93862.27,93868.25,300,45,0
2026.02.17 12:15:00,93856.27,93862.25,93856.27,93862.25,300,45,0
2026.02.17 12:10:00,93850.27,93856.25,93850.27,93856.25,300,45,0
2026.02.17 12:05:00,93844.27,93850.25,93844.27,93850.25,300,45,0
2026.02.17 12:00:00,93838.27,93844.25,93838.27,93844.25,300,45,0
2026.02.17 11:55:00,93832.27,93838.25,93832.27,93838.25,300,45,0
2026.02.17 11:50:00,93826.27,93832.25,93826.27,93832.25,300,45,0
2026.02.17 11:45:00,93820.27,93826.25,93820.27,93826.25,300,45,0
2026.02.17 11:40:00,93814.27,93820.25,93814.27,93820.25,300,45,0
2026.02.17 11:35:00,93808.27,93814.25,93808.27,93814.25,300,45,0
2026.02.17 11:30:00,93802.27,93808.25,93802.27,93808.25,300,45,0
2026.02.17 11:25:00,93796.27,93802.25,93796.27,93802.25,300,45,0
2026.02.17 11:20:00,93790.27,93796.25,93790.27,93796.25,300,45,0
2026.02.17 11:15:00,93784.27,93790.25,93784.27,93790.25,300,45,0
2026.02.17 11:10:00,93778.27,93784.25,93778.27,93784.25,300,45,0
2026.02.17 11:05:00,93772.27,93778.25,93772.27,93778.25,300,45,0
2026.02.17 11:00:00,93786.55,93787.99,93767.73,93772.25,300,45,0
2026.02.17 10:55:00,93794.08,93794.28,93780.77,93786.53,300,45,0
2026.02.17 10:50:00,93788.08,93794.06,93788.08,93794.06,300,45,0
2026.02.17 10:45:00,93782.08,93788.06,93782.08,93788.06,300,45,0
2026.02.17 10:40:00,93776.08,93782.06,93776.08,93782.06,300,45,0
2026.02.17 10:35:00,93770.08,93776.06,93770.08,93776.06,300,45,0
2026.02.17 10:30:00,93789.93,93794.41,93768.58,93770.06,300,45,0
2026.02.17 10:25:00,93783.93,93789.91,93783.93,93789.91,300,45,0
2026.02.17 10:20:00,93777.93,93783.91,93777.93,93783.91,300,45,0
2026.02.17 10:15:00,93771.93,93777.91,93771.93,93777.91,300,45,0
2026.02.17 10:10:00,93765.93,93771.91,93765.93,93771.91,300,45,0
2026.02.17 10:05:00,93759.93,93765.91,93759.93,93765.91,300,45,0
2026.02.17 10:00:00,93753.93,93759.91,93753.93,93759.91,300,45,0
2026.02.17 09:55:00,93747.93,93753.91,93747.93,93753.91,300,45,0
2026.02.17 09:50:00,93741.93,93747.91,93741.93,93747.91,300,45,0
2026.02.17 09:45:00,93735.93,93741.91,93735.93,93741.91,300,45,0
2026.02.17 09:40:00,93729.93,93735.91,93729.93,93735.91,300,45,0
2026.02.17 09:35:00,93767.77,93768.35,93728.61,93729.91,300,45,0
2026.02.17 09:30:00,93816.14,93816.32,93765.43,93767.75,300,45,0
2026.02.17 09:25:00,93810.14,93816.12,93810.14,93816.12,300,45,0
2026.02.17 09:20:00,93804.14,93810.12,93804.14,93810.12,300,45,0
2026.02.17 09:15:00,93798.14,93804.12,93798.14,93804.12,300,45,0
2026.02.17 09:10:00,93792.14,93798.12,93792.14,93798.12,300,45,0
2026.02.17 09:05:00,93812.53,93813.63,93787.26,93792.12,300,45,0
2026.02.17 09:00:00,93806.53,93812.51,93806.53,93812.51,300,45,0
2026.02.17 08:55:00,93817.45,93822.17,93805.27,93806.51,300,45,0
2026.02.17 08:50:00,93811.45,93817.43,93811.45,93817.43,300,45,0
2026.02.17 08:45:00,93805.45,93811.43,93805.45,93811.43,300,45,0
2026.02.17 08:40:00,93799.45,93805.43,93799.45,93805.43,300,45,0
2026.02.17 08:35:00,93793.45,93799.43,93793.45,93799.43,300,45,0
2026.02.17 08:30:00,93787.45,93793.43,93787.45,93793.43,300,45,0
2026.02.17 08:25:00,93781.45,93787.43,93781.45,93787.43,300,45,0
2026.02.17 08:20:00,93775.45,93781.43,93775.45,93781.43,300,45,0
2026.02.17 08:15:00,93786.75,93790.23,93772.95,93775.43,300,45,0
2026.02.17 08:10:00,93780.75,93786.73,93780.75,93786.73,300,45,0
2026.02.17 08:05:00,93774.75,93780.73,93774.75,93780.73,300,45,0
2026.02.17 08:00:00,93768.73,93774.73,93768.73,93774.73,301,45,0
2026.02.17 07:55:00,93762.73,93768.71,93762.73,93768.71,300,45,0
2026.02.17 07:50:00,93756.73,93762.71,93756.73,93762.71,300,45,0
2026.02.17 07:45:00,93750.73,93756.71,93750.73,93756.71,300,45,0
2026.02.17 07:40:00,93765.46,93768.18,93747.47,93750.71,300,45,0
2026.02.17 07:35:00,93807.72,93808.86,93760.62,93765.44,300,45,0
2026.02.17 07:30:00,93801.72,93807.70,93801.72,93807.70,300,45,0
2026.02.17 07:25:00,93853.73,93855.97,93798.24,93801.70,300,45,0
2026.02.17 07:20:00,93906.62,93907.72,93850.65,93853.71,300,45,0
2026.02.17 07:15:00,93900.62,93906.60,93900.62,93906.60,300,45,0
2026.02.17 07:10:00,93894.62,93900.60,93894.62,93900.60,300,45,0
2026.02.17 07:05:00,93888.62,93894.60,93888.62,93894.60,300,45,0
2026.02.17 07:00:00,93882.62,93888.60,93882.62,93888.60,300,45,0
2026.02.17 06:55:00,93876.62,93882.60,93876.62,93882.60,300,45,0
2026.02.17 06:50:00,93885.60,93886.86,93871.90,93876.60,300,45,0
2026.02.17 06:45:00,93879.60,93885.58,93879.60,93885.58,300,45,0
2026.02.17 06:40:00,93873.60,93879.58,93873.60,93879.58,300,45,0
2026.02.17 06:35:00,93867.60,93873.58,93867.60,93873.58,300,45,0
2026.02.17 06:30:00,93882.29,93883.35,93862.68,93867.58,300,45,0
2026.02.17 06:25:00,93892.75,93894.95,93878.51,93882.27,300,45,0
2026.02.17 06:20:00,93906.35,93908.91,93889.33,93892.73,300,45,0
2026.02.17 06:15:00,93900.35,93906.33,93900.35,93906.33,300,45,0
2026.02.17 06:10:00,93894.35,93900.33,93894.35,93900.33,300,45,0
2026.02.17 06:05:00,93910.29,93913.31,93891.39,93894.33,300,45,0
2026.02.17 06:00:00,93904.29,93910.27,93904.29,93910.27,300,45,0
2026.02.17 05:55:00,93898.29,93904.27,93898.29,93904.27,300,45,0
2026.02.17 05:50:00,93892.29,93898.27,93892.29,93898.27,300,45,0
2026.02.17 05:45:00,93886.29,93892.27,93886.29,93892.27,300,45,0
2026.02.17 05:40:00,93906.63,93909.19,93882.87,93886.27,300,45,0
2026.02.17 05:35:00,93900.63,93906.61,93900.63,93906.61,300,45,0
2026.02.17 05:30:00,93906.76,93908.32,93896.21,93900.61,300,45,0
2026.02.17 05:25:00,93900.76,93906.74,93900.76,93906.74,300,45,0
2026.02.17 05:20:00,93894.76,93900.74,93894.76,93900.74,300,45,0
2026.02.17 05:15:00,93888.76,93894.74,93888.76,93894.74,300,45,0
2026.02.17 05:10:00,93882.76,93888.74,93882.76,93888.74,300,45,0
2026.02.17 05:05:00,93876.76,93882.74,93876.76,93882.74,300,45,0
2026.02.17 05:00:00,93870.76,93876.74,93870.76,93876.74,300,45,0
2026.02.17 04:55:00,93880.65,93881.79,93865.92,93870.74,300,45,0
2026.02.17 04:50:00,93874.65,93880.63,93874.65,93880.63,300,45,0
2026.02.17 04:45:00,93868.65,93874.63,93868.65,93874.63,300,45,0
2026.02.17 04:40:00,93862.65,93868.63,93862.65,93868.63,300,45,0
2026.02.17 04:35:00,93856.65,93862.63,93856.65,93862.63,300,45,0
2026.02.17 04:30:00,93850.65,93856.63,93850.65,93856.63,300,45,0
2026.02.17 04:25:00,93844.65,93850.63,93844.65,93850.63,300,45,0
2026.02.17 04:20:00,93838.65,93844.63,93838.65,93844.63,300,45,0
2026.02.17 04:15:00,93851.81,93857.35,93838.21,93838.63,300,45,0
2026.02.17 04:10:00,93845.81,93851.79,93845.81,93851.79,300,45,0
2026.02.17 04:05:00,93839.81,93845.79,93839.81,93845.79,300,45,0
2026.02.17 04:00:00,93856.06,93857.72,93835.49,93839.79,300,45,0
2026.02.17 03:55:00,93850.06,93856.04,93850.06,93856.04,300,45,0
2026.02.17 03:50:00,93844.06,93850.04,93844.06,93850.04,300,45,0
2026.02.17 03:45:00,93838.06,93844.04,93838.06,93844.04,300,45,0
2026.02.17 03:40:00,93832.06,93838.04,93832.06,93838.04,300,45,0
2026.02.17 03:35:00,93826.06,93832.04,93826.06,93832.04,300,45,0
2026.02.17 03:30:00,93820.06,93826.04,93820.06,93826.04,300,45,0
2026.02.17 03:25:00,93814.06,93820.04,93814.06,93820.04,300,45,0
2026.02.17 03:20:00,93808.06,93814.04,93808.06,93814.04,300,45,0
2026.02.17 03:15:00,93802.06,93808.04,93802.06,93808.04,300,45,0
2026.02.17 03:10:00,93796.06,93802.04,93796.06,93802.04,300,45,0
2026.02.17 03:05:00,93790.06,93796.04,93790.06,93796.04,300,45,0
2026.02.17 03:00:00,93784.06,93790.04,93784.06,93790.04,300,45,0
2026.02.17 02:55:00,93778.06,93784.04,93778.06,93784.04,300,45,0
2026.02.17 02:50:00,93772.06,93778.04,93772.06,93778.04,300,45,0
2026.02.17 02:45:00,93779.62,93784.82,93771.28,93772.04,300,45,0
2026.02.17 02:40:00,93793.53,93797.01,93777.12,93779.60,300,45,0
2026.02.17 02:35:00,93787.53,93793.51,93787.53,93793.51,300,45,0
2026.02.17 02:30:00,93821.93,93822.21,93781.83,93787.51,300,45,0
2026.02.17 02:25:00,93815.93,93821.91,93815.93,93821.91,300,45,0
2026.02.17 02:20:00,93809.93,93815.91,93809.93,93815.91,300,45,0
2026.02.17 02:15:00,93803.93,93809.91,93803.93,93809.91,300,45,0
2026.02.17 02:10:00,93797.93,93803.91,93797.93,93803.91,300,45,0
2026.02.17 02:05:00,93791.93,93797.91,93791.93,93797.91,300,45,0
2026.02.17 02:00:00,93785.93,93791.91,93785.93,93791.91,300,45,0
2026.02.17 01:55:00,93799.84,93803.58,93783.69,93785.91,300,45,0
2026.02.17 01:50:00,93793.84,93799.82,93793.84,93799.82,300,45,0
2026.02.17 01:45:00,93787.84,93793.82,93787.84,93793.82,300,45,0
2026.02.17 01:40:00,93794.23,93795.33,93782.96,93787.82,300,45,0
2026.02.17 01:35:00,93788.23,93794.21,93788.23,93794.21,300,45,0
2026.02.17 01:30:00,93782.23,93788.21,93782.23,93788.21,300,45,0
2026.02.17 01:25:00,93776.23,93782.21,93776.23,93782.21,300,45,0
2026.02.17 01:20:00,93770.23,93776.21,93770.23,93776.21,300,45,0
2026.02.17 01:15:00,93796.24,93801.78,93769.79,93770.21,300,45,0
2026.02.17 01:10:00,93808.26,93808.64,93790.64,93796.22,300,45,0
2026.02.17 01:05:00,93802.26,93808.24,93802.26,93808.24,300,45,0
2026.02.17 01:00:00,93796.26,93802.24,93796.26,93802.24,300,45,0
2026.02.17 00:55:00,93790.26,93796.24,93790.26,93796.24,300,45,0
2026.02.17 00:50:00,93784.26,93790.24,93784.26,93790.24,300,45,0
2026.02.17 00:45:00,93778.26,93784.24,93778.26,93784.24,300,45,0
2026.02.17 00:40:00,93772.26,93778.24,93772.26,93778.24,300,45,0
2026.02.17 00:35:00,93779.20,93779.74,93766.82,93772.24,300,45,0
2026.02.17 00:30:00,93773.20,93779.18,93773.20,93779.18,300,45,0
2026.02.17 00:25:00,93803.45,93804.73,93768.50,93773.18,300,45,0
2026.02.17 00:20:00,93797.45,93803.43,93797.45,93803.43,300,45,0
2026.02.17 00:15:00,93791.45,93797.43,93791.45,93797.43,300,45,0
2026.02.17 00:10:00,93785.45,93791.43,93785.45,93791.43,300,45,0
2026.02.17 00:05:00,93779.45,93785.43,93779.45,93785.43,300,45,0
2026.02.17 00:00:00,93773.43,93779.43,93773.43,93779.43,301,45,0
2026.02.16 23:55:00,93767.45,93773.41,93767.45,93773.41,299,45,0
2026.02.16 23:50:00,93774.69,93779.53,93766.31,93767.43,300,45,0
2026.02.16 23:45:00,93823.96,93824.54,93773.33,93774.67,300,45,0
2026.02.16 23:40:00,93817.96,93823.94,93817.96,93823.94,300,45,0
2026.02.16 23:35:00,93811.96,93817.94,93811.96,93817.94,300,45,0
2026.02.16 23:30:00,93805.96,93811.94,93805.96,93811.94,300,45,0
2026.02.16 23:25:00,93799.96,93805.94,93799.96,93805.94,300,45,0
2026.02.16 23:20:00,93793.96,93799.94,93793.96,93799.94,300,45,0
2026.02.16 23:15:00,93787.96,93793.94,93787.96,93793.94,300,45,0
2026.02.16 23:10:00,93781.96,93787.94,93781.96,93787.94,300,45,0
2026.02.16 23:05:00,93804.77,93809.93,93781.14,93781.94,300,45,0
2026.02.16 23:00:00,93798.75,93804.75,93798.75,93804.75,301,45,0
2026.02.16 22:55:00,93792.75,93798.73,93792.75,93798.73,300,45,0
2026.02.16 22:50:00,93786.75,93792.73,93786.75,93792.73,300,45,0
2026.02.16 22:45:00,93798.26,93802.62,93785.13,93786.73,300,45,0
2026.02.16 22:40:00,93822.84,93823.62,93793.06,93798.24,300,45,0
2026.02.16 22:35:00,93816.84,93822.82,93816.84,93822.82,300,45,0
2026.02.16 22:30:00,93810.84,93816.82,93810.84,93816.82,300,45,0
2026.02.16 22:25:00,93804.84,93810.82,93804.84,93810.82,300,45,0
2026.02.16 22:20:00,93820.90,93821.72,93799.68,93804.82,300,45,0
2026.02.16 22:15:00,93814.90,93820.88,93814.90,93820.88,300,45,0
2026.02.16 22:10:00,93808.90,93814.88,93808.90,93814.88,300,45,0
2026.02.16 22:05:00,93802.90,93808.88,93802.90,93808.88,300,45,0
2026.02.16 22:00:00,93841.88,93843.76,93800.64,93802.88,300,45,0
2026.02.16 21:55:00,93835.88,93841.86,93835.88,93841.86,300,45,0
2026.02.16 21:50:00,93829.88,93835.86,93829.88,93835.86,300,45,0
2026.02.16 21:45:00,93835.93,93838.91,93826.88,93829.86,300,45,0
2026.02.16 21:40:00,93829.93,93835.91,93829.93,93835.91,300,45,0
2026.02.16 21:35:00,93823.93,93829.91,93823.93,93829.91,300,45,0
2026.02.16 21:30:00,93817.93,93823.91,93817.93,93823.91,300,45,0
2026.02.16 21:25:00,93811.93,93817.91,93811.93,93817.91,300,45,0
2026.02.16 21:20:00,93805.93,93811.91,93805.93,93811.91,300,45,0
2026.02.16 21:15:00,93799.93,93805.91,93799.93,93805.91,300,45,0
2026.02.16 21:10:00,93793.93,93799.91,93793.93,93799.91,300,45,0
2026.02.16 21:05:00,93787.93,93793.91,93787.93,93793.91,300,45,0
2026.02.16 21:00:00,93781.93,93787.91,93781.93,93787.91,300,45,0
2026.02.16 20:55:00,93775.93,93781.91,93775.93,93781.91,300,45,0
2026.02.16 20:50:00,93769.93,93775.91,93769.93,93775.91,300,45,0
2026.02.16 20:45:00,93763.93,93769.91,93763.93,93769.91,300,45,0
2026.02.16 20:40:00,93831.65,93833.45,93761.09,93763.91,300,45,0
2026.02.16 20:35:00,93825.65,93831.63,93825.65,93831.63,300,45,0
2026.02.16 20:30:00,93832.01,93832.07,93819.73,93825.63,300,45,0
2026.02.16 20:25:00,93826.01,93831.99,93826.01,93831.99,300,45,0
2026.02.16 20:20:00,93820.01,93825.99,93820.01,93825.99,300,45,0
2026.02.16 20:15:00,93814.01,93819.99,93814.01,93819.99,300,45,0
2026.02.16 20:10:00,93824.13,93828.07,93811.97,93813.99,300,45,0
2026.02.16 20:05:00,93818.13,93824.11,93818.13,93824.11,300,45,0
2026.02.16 20:00:00,93812.13,93818.11,93812.13,93818.11,300,45,0
2026.02.16 19:55:00,93806.13,93812.11,93806.13,93812.11,300,45,0
2026.02.16 19:50:00,93800.13,93806.11,93800.13,93806.11,300,45,0
2026.02.16 19:45:00,93794.13,93800.11,93794.13,93800.11,300,45,0
2026.02.16 19:40:00,93788.13,93794.11,93788.13,93794.11,300,45,0
2026.02.16 19:35:00,93782.13,93788.11,93782.13,93788.11,300,45,0
2026.02.16 19:30:00,93776.13,93782.11,93776.13,93782.11,300,45,0
2026.02.16 19:25:00,93770.13,93776.11,93770.13,93776.11,300,45,0
2026.02.16 19:20:00,93764.13,93770.11,93764.13,93770.11,300,45,0
2026.02.16 19:15:00,93758.13,93764.11,93758.13,93764.11,300,45,0
2026.02.16 19:10:00,93752.13,93758.11,93752.13,93758.11,300,45,0
2026.02.16 19:05:00,93746.13,93752.11,93746.13,93752.11,300,45,0
2026.02.16 19:00:00,93761.81,93767.43,93745.77,93746.11,300,45,0
2026.02.16 18:55:00,93755.81,93761.79,93755.81,93761.79,300,45,0
2026.02.16 18:50:00,93749.81,93755.79,93749.81,93755.79,300,45,0
2026.02.16 18:45:00,93743.81,93749.79,93743.81,93749.79,300,45,0
2026.02.16 18:40:00,93737.81,93743.79,93737.81,93743.79,300,45,0
2026.02.16 18:35:00,93731.81,93737.79,93731.81,93737.79,300,45,0
2026.02.16 18:30:00,93725.81,93731.79,93725.81,93731.79,300,45,0
2026.02.16 18:25:00,93719.81,93725.79,93719.81,93725.79,300,45,0
2026.02.16 18:20:00,93713.81,93719.79,93713.81,93719.79,300,45,0
2026.02.16 18:15:00,93707.81,93713.79,93707.81,93713.79,300,45,0
2026.02.16 18:10:00,93716.15,93716.37,93702.05,93707.79,300,45,0
2026.02.16 18:05:00,93740.68,93744.10,93713.59,93716.13,300,45,0
2026.02.16 18:00:00,93759.12,93759.96,93735.54,93740.66,300,45,0
2026.02.16 17:55:00,93753.12,93759.10,93753.12,93759.10,300,45,0
2026.02.16 17:50:00,93747.12,93753.10,93747.12,93753.10,300,45,0
2026.02.16 17:45:00,93803.20,93806.32,93745.64,93747.10,300,45,0
2026.02.16 17:40:00,93797.20,93803.18,93797.20,93803.18,300,45,0
2026.02.16 17:35:00,93791.20,93797.18,93791.20,93797.18,300,45,0
2026.02.16 17:30:00,93785.20,93791.18,93785.20,93791.18,300,45,0
2026.02.16 17:25:00,93797.52,93798.52,93780.22,93785.18,300,45,0
2026.02.16 17:20:00,93791.52,93797.50,93791.52,93797.50,300,45,0
2026.02.16 17:15:00,93805.89,93810.51,93790.16,93791.50,300,45,0
2026.02.16 17:10:00,93799.89,93805.87,93799.89,93805.87,300,45,0
2026.02.16 17:05:00,93793.89,93799.87,93793.89,93799.87,300,45,0
2026.02.16 17:00:00,93787.89,93793.87,93787.89,93793.87,300,45,0
2026.02.16 16:55:00,93781.89,93787.87,93781.89,93787.87,300,45,0
2026.02.16 16:50:00,93805.68,93808.52,93778.75,93781.87,300,45,0
2026.02.16 16:45:00,93799.68,93805.66,93799.68,93805.66,300,45,0
2026.02.16 16:40:00,93820.21,93826.13,93799.62,93799.66,300,45,0
2026.02.16 16:35:00,93814.21,93820.19,93814.21,93820.19,300,45,0
2026.02.16 16:30:00,93808.21,93814.19,93808.21,93814.19,300,45,0
2026.02.16 16:25:00,93802.21,93808.19,93802.21,93808.19,300,45,0
2026.02.16 16:20:00,93796.21,93802.19,93796.21,93802.19,300,45,0
2026.02.16 16:15:00,93815.76,93821.48,93795.95,93796.19,300,45,0
2026.02.16 16:10:00,93809.76,93815.74,93809.76,93815.74,300,45,0
2026.02.16 16:05:00,93846.23,93851.05,93824.73,93825.87,300,45,0
2026.02.16 16:00:00,93840.23,93846.21,93840.23,93846.21,300,45,0
2026.02.16 15:55:00,93834.23,93840.21,93834.23,93840.21,300,45,0
2026.02.16 15:50:00,93828.23,93834.21,93828.23,93834.21,300,45,0
2026.02.16 15:45:00,93822.23,93828.21,93822.23,93828.21,300,45,0
2026.02.16 15:40:00,93816.23,93822.21,93816.23,93822.21,300,45,0
2026.02.16 15:35:00,93810.23,93816.21,93810.23,93816.21,300,45,0
2026.02.16 15:30:00,93804.23,93810.21,93804.23,93810.21,300,45,0
2026.02.16 15:25:00,93798.23,93804.21,93798.23,93804.21,300,45,0
2026.02.16 15:20:00,93792.23,93798.21,93792.23,93798.21,300,45,0
2026.02.16 15:15:00,93786.23,93792.21,93786.23,93792.21,300,45,0
2026.02.16 15:10:00,93780.23,93786.21,93780.23,93786.21,300,45,0
2026.02.16 15:05:00,93774.23,93780.21,93774.23,93780.21,300,45,0
2026.02.16 15:00:00,93768.23,93774.21,93768.23,93774.21,300,45,0
2026.02.16 14:55:00,93762.23,93768.21,93762.23,93768.21,300,45,0
2026.02.16 14:50:00,93756.23,93762.21,93756.23,93762.21,300,45,0
2026.02.16 14:45:00,93750.23,93756.21,93750.23,93756.21,300,45,0
2026.02.16 14:40:00,93744.23,93750.21,93744.23,93750.21,300,45,0
2026.02.16 14:35:00,93738.23,93744.21,93738.23,93744.21,300,45,0
2026.02.16 14:30:00,93732.23,93738.21,93732.23,93738.21,300,45,0
2026.02.16 14:25:00,93726.23,93732.21,93726.23,93732.21,300,45,0
2026.02.16 14:20:00,93720.23,93726.21,93720.23,93726.21,300,45,0
2026.02.16 14:15:00,93742.00,93743.24,93715.49,93720.21,300,45,0
2026.02.16 14:10:00,93736.00,93741.98,93736.00,93741.98,300,45,0
2026.02.16 14:05:00,93730.00,93735.98,93730.00,93735.98,300,45,0
2026.02.16 14:00:00,93724.00,93729.98,93724.00,93729.98,300,45,0
2026.02.16 13:55:00,93718.00,93723.98,93718.00,93723.98,300,45,0
2026.02.16 13:50:00,93712.00,93717.98,93712.00,93717.98,300,45,0
2026.02.16 13:45:00,93706.00,93711.98,93706.00,93711.98,300,45,0
2026.02.16 13:40:00,93700.00,93705.98,93700.00,93705.98,300,45,0
2026.02.16 13:35:00,93694.00,93699.98,93694.00,93699.98,300,45,0
2026.02.16 13:30:00,93688.00,93693.98,93688.00,93693.98,300,45,0
2026.02.16 13:25:00,93695.83,93698.89,93685.08,93687.98,300,45,0
2026.02.16 13:20:00,93689.83,93695.81,93689.83,93695.81,300,45,0
2026.02.16 13:15:00,93683.83,93689.81,93683.83,93689.81,300,45,0
2026.02.16 13:10:00,93677.83,93683.81,93677.83,93683.81,300,45,0
2026.02.16 13:05:00,93671.83,93677.81,93671.83,93677.81,300,45,0
2026.02.16 13:00:00,93665.83,93671.81,93665.83,93671.81,300,45,0
2026.02.16 12:55:00,93677.98,93681.78,93663.65,93665.81,300,45,0
2026.02.16 12:50:00,93701.67,93704.13,93674.46,93677.96,300,45,0
2026.02.16 12:45:00,93695.67,93701.65,93695.67,93701.65,300,45,0
2026.02.16 12:40:00,93689.67,93695.65,93689.67,93695.65,300,45,0
2026.02.16 12:35:00,93683.67,93689.65,93683.67,93689.65,300,45,0
2026.02.16 12:30:00,93677.67,93683.65,93677.67,93683.65,300,45,0
2026.02.16 12:25:00,93671.67,93677.65,93671.67,93677.65,300,45,0
2026.02.16 12:20:00,93665.67,93671.65,93665.67,93671.65,300,45,0
2026.02.16 12:15:00,93659.67,93665.65,93659.67,93665.65,300,45,0
2026.02.16 12:10:00,93689.58,93693.38,93657.49,93659.65,300,45,0
2026.02.16 12:05:00,93683.58,93689.56,93683.58,93689.56,300,45,0
2026.02.16 12:00:00,93677.58,93683.56,93677.58,93683.56,300,45,0
2026.02.16 11:55:00,93708.92,93709.78,93672.46,93677.56,300,45,0
2026.02.16 11:50:00,93702.92,93708.90,93702.92,93708.90,300,45,0
2026.02.16 11:45:00,93696.92,93702.90,93696.92,93702.90,300,45,0
2026.02.16 11:40:00,93714.14,93717.14,93693.94,93696.90,300,45,0
2026.02.16 11:35:00,93777.94,93779.98,93712.92,93714.12,300,45,0
2026.02.16 11:30:00,93800.98,93804.88,93775.86,93777.92,300,45,0
2026.02.16 11:25:00,93794.98,93800.96,93794.98,93800.96,300,45,0
2026.02.16 11:20:00,93788.98,93794.96,93788.98,93794.96,300,45,0
2026.02.16 11:15:00,93782.98,93788.96,93782.98,93788.96,300,45,0
2026.02.16 11:10:00,93776.98,93782.96,93776.98,93782.96,300,45,0
2026.02.16 11:05:00,93770.98,93776.96,93770.98,93776.96,300,45,0
2026.02.16 11:00:00,93764.98,93770.96,93764.98,93770.96,300,45,0
2026.02.16 10:55:00,93758.98,93764.96,93758.98,93764.96,300,45,0
2026.02.16 10:50:00,93784.28,93786.96,93755.68,93758.96,300,45,0
2026.02.16 10:45:00,93778.28,93784.26,93778.28,93784.26,300,45,0
2026.02.16 10:40:00,93824.92,93825.18,93778.18,93778.26,300,45,0
2026.02.16 10:35:00,93818.92,93824.90,93818.92,93824.90,300,45,0
2026.02.16 10:30:00,93812.92,93818.90,93812.92,93818.90,300,45,0
2026.02.16 10:25:00,93806.92,93812.90,93806.92,93812.90,300,45,0
2026.02.16 10:20:00,93800.92,93806.90,93800.92,93806.90,300,45,0
2026.02.16 10:15:00,93794.92,93800.90,93794.92,93800.90,300,45,0
2026.02.16 10:10:00,93788.92,93794.90,93788.92,93794.90,300,45,0
2026.02.16 10:05:00,93782.92,93788.90,93782.92,93788.90,300,45,0
2026.02.16 10:00:00,93776.92,93782.90,93776.92,93782.90,300,45,0
2026.02.16 09:55:00,93770.92,93776.90,93770.92,93776.90,300,45,0
2026.02.16 09:50:00,93764.92,93770.90,93764.92,93770.90,300,45,0
2026.02.16 09:45:00,93758.92,93764.90,93758.92,93764.90,300,45,0
2026.02.16 09:40:00,93752.92,93758.90,93752.92,93758.90,300,45,0
2026.02.16 09:35:00,93746.92,93752.90,93746.92,93752.90,300,45,0
2026.02.16 09:30:00,93740.92,93746.90,93740.92,93746.90,300,45,0
2026.02.16 09:25:00,93734.92,93740.90,93734.92,93740.90,300,45,0
2026.02.16 09:20:00,93728.92,93734.90,93728.92,93734.90,300,45,0
2026.02.16 09:15:00,93722.92,93728.90,93722.92,93728.90,300,45,0
2026.02.16 09:10:00,93716.92,93722.90,93716.92,93722.90,300,45,0
2026.02.16 09:05:00,93737.98,93739.26,93712.22,93716.90,300,45,0
2026.02.16 09:00:00,93731.98,93737.96,93731.98,93737.96,300,45,0
2026.02.16 08:55:00,93725.96,93731.96,93725.96,93731.96,301,45,0
2026.02.16 08:50:00,93719.98,93725.94,93719.98,93725.94,299,45,0
2026.02.16 08:45:00,93713.96,93719.96,93713.96,93719.96,301,45,0
2026.02.16 08:40:00,93707.98,93713.94,93707.98,93713.94,299,45,0
2026.02.16 08:35:00,93738.17,93742.75,93707.38,93707.96,301,45,0
2026.02.16 08:30:00,93746.31,93752.23,93738.13,93738.15,299,45,0
2026.02.16 08:25:00,93776.10,93776.74,93743.99,93746.29,301,45,0
2026.02.16 08:20:00,93770.12,93776.08,93770.12,93776.08,299,45,0
2026.02.16 08:15:00,93764.10,93770.10,93764.10,93770.10,301,45,0
2026.02.16 08:10:00,93758.10,93764.08,93758.10,93764.08,300,45,0
2026.02.16 08:05:00,93752.10,93758.08,93752.10,93758.08,300,45,0
2026.02.16 08:00:00,93746.12,93752.08,93746.12,93752.08,299,45,0
2026.02.16 07:55:00,93762.24,93765.76,93743.64,93746.10,301,45,0
2026.02.16 07:50:00,93807.25,93810.89,93762.04,93762.22,300,45,0
2026.02.16 07:45:00,93801.25,93807.23,93801.25,93807.23,300,45,0
2026.02.16 07:40:00,93795.25,93801.23,93795.25,93801.23,300,45,0
2026.02.16 07:35:00,93789.25,93795.23,93789.25,93795.23,300,45,0
2026.02.16 07:30:00,93809.07,93812.45,93786.65,93789.23,300,45,0
2026.02.16 07:25:00,93818.06,93823.86,93808.89,93809.05,300,45,0
2026.02.16 07:20:00,93869.55,93871.27,93817.54,93818.04,300,45,0
2026.02.16 07:15:00,93863.55,93869.53,93863.55,93869.53,300,45,0
2026.02.16 07:10:00,93857.55,93863.53,93857.55,93863.53,300,45,0
2026.02.16 07:05:00,93851.55,93857.53,93851.55,93857.53,300,45,0
2026.02.16 07:00:00,93861.43,93865.81,93849.95,93851.53,300,45,0
2026.02.16 06:55:00,93889.07,93891.89,93858.27,93861.41,300,45,0
2026.02.16 06:50:00,93883.09,93889.05,93883.09,93889.05,299,45,0
2026.02.16 06:45:00,93900.94,93901.64,93877.81,93883.07,300,45,0
2026.02.16 06:40:00,93894.92,93900.92,93894.92,93900.92,301,45,0
2026.02.16 06:35:00,93923.18,93928.18,93893.94,93894.90,300,45,0
2026.02.16 06:30:00,93917.18,93923.16,93917.18,93923.16,300,45,0
2026.02.16 06:25:00,93911.18,93917.16,93911.18,93917.16,300,45,0
2026.02.16 06:20:00,93933.19,93933.53,93905.54,93911.16,300,45,0
2026.02.16 06:15:00,93927.19,93933.17,93927.19,93933.17,300,45,0
2026.02.16 06:10:00,93921.19,93927.17,93921.19,93927.17,300,45,0
2026.02.16 06:05:00,93915.19,93921.17,93915.19,93921.17,300,45,0
2026.02.16 06:00:00,93927.21,93930.11,93912.11,93915.17,300,45,0
2026.02.16 05:55:00,93921.21,93927.19,93921.21,93927.19,300,45,0
2026.02.16 05:50:00,93915.21,93921.19,93915.21,93921.19,300,45,0
2026.02.16 05:45:00,93909.21,93915.19,93909.21,93915.19,300,45,0
2026.02.16 05:40:00,93903.21,93909.19,93903.21,93909.19,300,45,0
2026.02.16 05:35:00,93897.21,93903.19,93897.21,93903.19,300,45,0
2026.02.16 05:30:00,93891.21,93897.19,93891.21,93897.19,300,45,0
2026.02.16 05:25:00,93885.21,93891.19,93885.21,93891.19,300,45,0
2026.02.16 05:20:00,93907.63,93911.35,93882.95,93885.19,300,45,0
2026.02.16 05:15:00,93901.63,93907.61,93901.63,93907.61,300,45,0
2026.02.16 05:10:00,93895.63,93901.61,93895.63,93901.61,300,45,0
2026.02.16 05:05:00,93889.63,93895.61,93889.63,93895.61,300,45,0
2026.02.16 05:00:00,93883.63,93889.61,93883.63,93889.61,300,45,0
2026.02.16 04:55:00,93877.63,93883.61,93877.63,93883.61,300,45,0
2026.02.16 04:50:00,93871.63,93877.61,93871.63,93877.61,300,45,0
2026.02.16 04:45:00,93865.63,93871.61,93865.63,93871.61,300,45,0
2026.02.16 04:40:00,93859.63,93865.61,93859.63,93865.61,300,45,0
2026.02.16 04:35:00,93853.63,93859.61,93853.63,93859.61,300,45,0
2026.02.16 04:30:00,93847.63,93853.61,93847.63,93853.61,300,45,0
2026.02.16 04:25:00,93868.73,93874.43,93847.35,93847.61,300,45,0
2026.02.16 04:20:00,93862.73,93868.71,93862.73,93868.71,300,45,0
2026.02.16 04:15:00,93856.73,93862.71,93856.73,93862.71,300,45,0
2026.02.16 04:10:00,93850.73,93856.71,93850.73,93856.71,300,45,0
2026.02.16 04:05:00,93844.73,93850.71,93844.73,93850.71,300,45,0
2026.02.16 04:00:00,93879.21,93884.63,93844.17,93844.71,300,45,0
2026.02.16 03:55:00,93873.21,93879.19,93873.21,93879.19,300,45,0
2026.02.16 03:50:00,93867.21,93873.19,93867.21,93873.19,300,45,0
2026.02.16 03:45:00,93861.21,93867.19,93861.21,93867.19,300,45,0
2026.02.16 03:40:00,93855.21,93861.19,93855.21,93861.19,300,45,0
2026.02.16 03:35:00,93849.21,93855.19,93849.21,93855.19,300,45,0
2026.02.16 03:30:00,93843.21,93849.19,93843.21,93849.19,300,45,0
2026.02.16 03:25:00,93837.21,93843.19,93837.21,93843.19,300,45,0
2026.02.16 03:20:00,93831.21,93837.19,93831.21,93837.19,300,45,0
2026.02.16 03:15:00,93875.19,93875.95,93829.03,93831.19,300,45,0
2026.02.16 03:10:00,93901.66,93901.78,93869.33,93875.17,300,45,0
2026.02.16 03:05:00,93913.27,93918.55,93900.96,93901.64,300,45,0
2026.02.16 03:00:00,93907.27,93913.25,93907.27,93913.25,300,45,0
2026.02.16 02:55:00,93947.73,93951.09,93907.11,93907.25,300,45,0
2026.02.16 02:50:00,93941.73,93947.71,93941.73,93947.71,300,45,0
2026.02.16 02:45:00,93935.73,93941.71,93935.73,93941.71,300,45,0
2026.02.16 02:40:00,93929.73,93935.71,93929.73,93935.71,300,45,0
2026.02.16 02:35:00,93923.73,93929.71,93923.73,93929.71,300,45,0
2026.02.16 02:30:00,93931.39,93935.95,93922.31,93923.71,300,45,0
2026.02.16 02:25:00,93962.70,93968.50,93931.21,93931.37,300,45,0
2026.02.16 02:20:00,93956.70,93962.68,93956.70,93962.68,300,45,0
2026.02.16 02:15:00,93950.70,93956.68,93950.70,93956.68,300,45,0
2026.02.16 02:10:00,93964.89,93965.13,93944.96,93950.68,300,45,0
2026.02.16 02:05:00,93958.89,93964.87,93958.89,93964.87,300,45,0
2026.02.16 02:00:00,93952.89,93958.87,93952.89,93958.87,300,45,0
2026.02.16 01:55:00,93946.89,93952.87,93946.89,93952.87,300,45,0
2026.02.16 01:50:00,93940.89,93946.87,93940.89,93946.87,300,45,0
2026.02.16 01:45:00,93934.89,93940.87,93934.89,93940.87,300,45,0
2026.02.16 01:40:00,93928.89,93934.87,93928.89,93934.87,300,45,0
2026.02.16 01:35:00,93922.89,93928.87,93922.89,93928.87,300,45,0
2026.02.16 01:30:00,93916.89,93922.87,93916.89,93922.87,300,45,0
2026.02.16 01:25:00,93910.89,93916.87,93910.89,93916.87,300,45,0
2026.02.16 01:20:00,93949.29,93950.05,93909.87,93910.87,300,45,0
2026.02.16 01:15:00,93943.29,93949.27,93943.29,93949.27,300,45,0
2026.02.16 01:10:00,93937.29,93943.27,93937.29,93943.27,300,45,0
2026.02.16 01:05:00,93931.29,93937.27,93931.29,93937.27,300,45,0
2026.02.16 01:00:00,93925.29,93931.27,93925.29,93931.27,300,45,0
2026.02.16 00:55:00,93919.29,93925.27,93919.29,93925.27,300,45,0
2026.02.16 00:50:00,93913.29,93919.27,93913.29,93919.27,300,45,0
2026.02.16 00:45:00,93907.29,93913.27,93907.29,93913.27,300,45,0
2026.02.16 00:40:00,93917.51,93920.59,93904.39,93907.27,300,45,0
2026.02.16 00:35:00,93911.51,93917.49,93911.51,93917.49,300,45,0
2026.02.16 00:30:00,93905.51,93911.49,93905.51,93911.49,300,45,0
2026.02.16 00:25:00,93949.03,93952.37,93903.49,93905.49,300,45,0
2026.02.16 00:20:00,93943.03,93949.01,93943.03,93949.01,300,45,0
2026.02.16 00:15:00,93937.03,93943.01,93937.03,93943.01,300,45,0
2026.02.16 00:10:00,93931.03,93937.01,93931.03,93937.01,300,45,0
2026.02.16 00:05:00,93925.03,93931.01,93925.03,93931.01,300,45,0
2026.02.16 00:00:00,93919.03,93925.01,93919.03,93925.01,300,45,0
2026.02.15 23:55:00,93913.03,93919.01,93913.03,93919.01,300,45,0
2026.02.15 23:50:00,93938.46,93942.02,93910.61,93913.01,300,45,0
2026.02.15 23:45:00,93932.46,93938.44,93932.46,93938.44,300,45,0
2026.02.15 23:40:00,93926.46,93932.44,93926.46,93932.44,300,45,0
2026.02.15 23:35:00,93920.46,93926.44,93920.46,93926.44,300,45,0
2026.02.15 23:30:00,93914.46,93920.44,93914.46,93920.44,300,45,0
2026.02.15 23:25:00,93908.46,93914.44,93908.46,93914.44,300,45,0
2026.02.15 23:20:00,93902.46,93908.44,93902.46,93908.44,300,45,0
2026.02.15 23:15:00,93896.46,93902.44,93896.46,93902.44,300,45,0
2026.02.15 23:10:00,93910.23,93913.29,93893.54,93896.44,300,45,0
2026.02.15 23:05:00,93929.76,93932.46,93906.95,93910.21,300,45,0
2026.02.15 23:00:00,93923.76,93929.74,93923.76,93929.74,300,45,0
2026.02.15 22:55:00,93917.76,93923.74,93917.76,93923.74,300,45,0
2026.02.15 22:50:00,93911.76,93917.74,93911.76,93917.74,300,45,0
2026.02.15 22:45:00,93905.76,93911.74,93905.76,93911.74,300,45,0
2026.02.15 22:40:00,93899.76,93905.74,93899.76,93905.74,300,45,0
2026.02.15 22:35:00,93893.76,93899.74,93893.76,93899.74,300,45,0
2026.02.15 22:30:00,93887.76,93893.74,93887.76,93893.74,300,45,0
2026.02.15 22:25:00,93881.76,93887.74,93881.76,93887.74,300,45,0
2026.02.15 22:20:00,93875.76,93881.74,93875.76,93881.74,300,45,0
2026.02.15 22:15:00,93869.76,93875.74,93869.76,93875.74,300,45,0
2026.02.15 22:10:00,93863.76,93869.74,93863.76,93869.74,300,45,0
2026.02.15 22:05:00,93857.76,93863.74,93857.76,93863.74,300,45,0
2026.02.15 22:00:00,93867.68,93869.60,93853.70,93857.74,300,45,0
2026.02.15 21:55:00,93861.68,93867.66,93861.68,93867.66,300,45,0
2026.02.15 21:50:00,93855.68,93861.66,93855.68,93861.66,300,45,0
2026.02.15 21:45:00,93849.68,93855.66,93849.68,93855.66,300,45,0
2026.02.15 21:40:00,93843.68,93849.66,93843.68,93849.66,300,45,0
2026.02.15 21:35:00,93837.68,93843.66,93837.68,93843.66,300,45,0
2026.02.15 21:30:00,93831.68,93837.66,93831.68,93837.66,300,45,0
2026.02.15 21:25:00,93825.68,93831.66,93825.68,93831.66,300,45,0
2026.02.15 21:20:00,93819.68,93825.66,93819.68,93825.66,300,45,0
2026.02.15 21:15:00,93813.68,93819.66,93813.68,93819.66,300,45,0
2026.02.15 21:10:00,93832.29,93835.57,93810.98,93813.66,300,45,0
2026.02.15 21:05:00,93865.69,93866.37,93828.65,93832.27,300,45,0
2026.02.15 21:00:00,93885.98,93887.46,93861.19,93865.67,300,45,0
2026.02.15 20:55:00,93879.98,93885.96,93879.98,93885.96,300,45,0
2026.02.15 20:50:00,93873.98,93879.96,93873.98,93879.96,300,45,0
2026.02.15 20:45:00,93867.98,93873.96,93867.98,93873.96,300,45,0
2026.02.15 20:40:00,93901.37,93902.21,93862.84,93867.96,300,45,0
2026.02.15 20:35:00,93895.37,93901.35,93895.37,93901.35,300,45,0
2026.02.15 20:30:00,93908.20,93913.40,93894.59,93895.35,300,45,0
2026.02.15 20:25:00,93902.20,93908.18,93902.20,93908.18,300,45,0
2026.02.15 20:20:00,93896.20,93902.18,93896.20,93902.18,300,45,0
2026.02.15 20:15:00,93928.32,93933.70,93895.60,93896.18,300,45,0
2026.02.15 20:10:00,93922.32,93928.30,93922.32,93928.30,300,45,0
2026.02.15 20:05:00,93954.50,93954.84,93916.68,93922.30,300,45,0
2026.02.15 20:00:00,93948.50,93954.48,93948.50,93954.48,300,45,0
2026.02.15 19:55:00,93942.50,93948.48,93942.50,93948.48,300,45,0
2026.02.15 19:50:00,93936.50,93942.48,93936.50,93942.48,300,45,0
2026.02.15 19:45:00,93960.61,93964.21,93934.12,93936.48,300,45,0
2026.02.15 19:40:00,93954.61,93960.59,93954.61,93960.59,300,45,0
2026.02.15 19:35:00,93948.61,93954.59,93948.61,93954.59,300,45,0
2026.02.15 19:30:00,93972.49,93973.45,93943.59,93948.59,300,45,0
2026.02.15 19:25:00,93966.49,93972.47,93966.49,93972.47,300,45,0
2026.02.15 19:20:00,93960.49,93966.47,93960.49,93966.47,300,45,0
2026.02.15 19:15:00,93954.49,93960.47,93954.49,93960.47,300,45,0
2026.02.15 19:10:00,93948.49,93954.47,93948.49,93954.47,300,45,0
2026.02.15 19:05:00,93942.49,93948.47,93942.49,93948.47,300,45,0
2026.02.15 19:00:00,93936.49,93942.47,93936.49,93942.47,300,45,0
2026.02.15 18:55:00,93953.86,93957.42,93934.07,93936.47,300,45,0
2026.02.15 18:50:00,93983.03,93984.71,93949.56,93953.84,300,45,0
2026.02.15 18:45:00,93977.03,93983.01,93977.03,93983.01,300,45,0
2026.02.15 18:40:00,93997.59,94002.85,93976.31,93977.01,300,45,0
2026.02.15 18:35:00,93991.59,93997.57,93991.59,93997.57,300,45,0
2026.02.15 18:30:00,93985.59,93991.57,93985.59,93991.57,300,45,0
2026.02.15 18:25:00,93979.59,93985.57,93979.59,93985.57,300,45,0
2026.02.15 18:20:00,93998.90,94004.88,93998.90,94004.88,300,45,0
2026.02.15 18:15:00,93992.90,93998.88,93992.90,93998.88,300,45,0
2026.02.15 18:10:00,93986.90,93992.88,93986.90,93992.88,300,45,0
2026.02.15 18:05:00,93980.90,93986.88,93980.90,93986.88,300,45,0
2026.02.15 18:00:00,93974.90,93980.88,93974.90,93980.88,300,45,0
2026.02.15 17:55:00,93968.90,93974.88,93968.90,93974.88,300,45,0
2026.02.15 17:50:00,93988.89,93993.41,93967.44,93968.88,300,45,0
2026.02.15 17:45:00,94037.10,94042.02,93987.83,93988.87,300,45,0
2026.02.15 17:40:00,94031.10,94037.08,94031.10,94037.08,300,45,0
2026.02.15 17:35:00,94025.10,94031.08,94025.10,94031.08,300,45,0
2026.02.15 17:30:00,94019.10,94025.08,94019.10,94025.08,300,45,0
2026.02.15 17:25:00,94031.86,94035.50,94016.76,94019.08,300,45,0
2026.02.15 17:20:00,94025.86,94031.84,94025.86,94031.84,300,45,0
2026.02.15 17:15:00,94036.16,94038.06,94021.78,94025.84,300,45,0
2026.02.15 17:10:00,94030.16,94036.14,94030.16,94036.14,300,45,0
2026.02.15 17:05:00,94024.16,94030.14,94024.16,94030.14,300,45,0
2026.02.15 17:00:00,94033.23,94037.13,94022.08,94024.14,300,45,0
2026.02.15 16:55:00,94027.23,94033.21,94027.23,94033.21,300,45,0
2026.02.15 16:50:00,94021.23,94027.21,94021.23,94027.21,300,45,0
2026.02.15 16:45:00,94037.83,94039.49,94016.91,94021.21,300,45,0
2026.02.15 16:40:00,94031.83,94037.81,94031.83,94037.81,300,45,0
2026.02.15 16:35:00,94025.83,94031.81,94025.83,94031.81,300,45,0
2026.02.15 16:30:00,94019.83,94025.81,94019.83,94025.81,300,45,0
2026.02.15 16:25:00,94013.83,94019.81,94013.83,94019.81,300,45,0
2026.02.15 16:20:00,94029.89,94030.19,94008.15,94013.81,300,45,0
2026.02.15 16:15:00,94023.89,94029.87,94023.89,94029.87,300,45,0
2026.02.15 16:10:00,94017.89,94023.87,94017.89,94023.87,300,45,0
2026.02.15 16:05:00,94011.89,94017.87,94011.89,94017.87,300,45,0
2026.02.15 16:00:00,94005.89,94011.87,94005.89,94011.87,300,45,0
2026.02.15 15:55:00,93999.89,94005.87,93999.89,94005.87,300,45,0
2026.02.15 15:50:00,93993.89,93999.87,93993.89,93999.87,300,45,0
2026.02.15 15:45:00,93987.89,93993.87,93987.89,93993.87,300,45,0
2026.02.15 15:40:00,94011.17,94016.13,93986.87,93987.87,300,45,0
2026.02.15 15:35:00,94005.17,94011.15,94005.17,94011.15,300,45,0
2026.02.15 15:30:00,93999.17,94005.15,93999.17,94005.15,300,45,0
2026.02.15 15:25:00,93993.17,93999.15,93993.17,93999.15,300,45,0
2026.02.15 15:20:00,94010.28,94011.54,93988.45,93993.15,300,45,0
2026.02.15 15:15:00,94004.28,94010.26,94004.28,94010.26,300,45,0
2026.02.15 15:10:00,93998.28,94004.26,93998.28,94004.26,300,45,0
2026.02.15 15:05:00,94016.30,94021.52,93997.52,93998.26,300,45,0
2026.02.15 15:00:00,94010.30,94016.28,94010.30,94016.28,300,45,0
2026.02.15 14:55:00,94004.30,94010.28,94004.30,94010.28,300,45,0
2026.02.15 14:50:00,94031.80,94033.04,93999.56,94004.28,300,45,0
2026.02.15 14:45:00,94025.80,94031.78,94025.80,94031.78,300,45,0
2026.02.15 14:40:00,94019.80,94025.78,94019.80,94025.78,300,45,0
2026.02.15 14:35:00,94013.80,94019.78,94013.80,94019.78,300,45,0
2026.02.15 14:30:00,94007.80,94013.78,94007.80,94013.78,300,45,0
2026.02.15 14:25:00,94001.80,94007.78,94001.80,94007.78,300,45,0
2026.02.15 14:20:00,93995.80,94001.78,93995.80,94001.78,300,45,0
2026.02.15 14:15:00,94034.20,94034.42,93995.08,93995.78,300,45,0
2026.02.15 14:10:00,94028.20,94034.18,94028.20,94034.18,300,45,0
2026.02.15 14:05:00,94022.20,94028.18,94022.20,94028.18,300,45,0
2026.02.15 14:00:00,94039.13,94040.57,94017.66,94022.18,300,45,0
2026.02.15 13:55:00,94033.13,94039.11,94033.13,94039.11,300,45,0
2026.02.15 13:50:00,94027.13,94033.11,94027.13,94033.11,300,45,0
2026.02.15 13:45:00,94021.13,94027.11,94021.13,94027.11,300,45,0
2026.02.15 13:40:00,94049.26,94054.24,94020.13,94021.11,300,45,0
2026.02.15 13:35:00,94043.26,94049.24,94043.26,94049.24,300,45,0
2026.02.15 13:30:00,94037.26,94043.24,94037.26,94043.24,300,45,0
2026.02.15 13:25:00,94031.26,94037.24,94031.26,94037.24,300,45,0
2026.02.15 13:20:00,94025.26,94031.24,94025.26,94031.24,300,45,0
2026.02.15 13:15:00,94019.26,94025.24,94019.26,94025.24,300,45,0
2026.02.15 13:10:00,94032.46,94034.72,94015.54,94019.24,300,45,0
2026.02.15 13:05:00,94026.46,94032.44,94026.46,94032.44,300,45,0
2026.02.15 13:00:00,94052.34,94057.14,94025.28,94026.44,300,45,0
2026.02.15 12:55:00,94046.34,94052.32,94046.34,94052.32,300,45,0
2026.02.15 12:50:00,94040.34,94046.32,94040.34,94046.32,300,45,0
2026.02.15 12:45:00,94053.90,94055.10,94035.56,94040.32,300,45,0
2026.02.15 12:40:00,94047.90,94053.88,94047.90,94053.88,300,45,0
2026.02.15 12:35:00,94041.90,94047.88,94041.90,94047.88,300,45,0
2026.02.15 12:30:00,94035.90,94041.88,94035.90,94041.88,300,45,0
2026.02.15 12:25:00,94029.90,94035.88,94029.90,94035.88,300,45,0
2026.02.15 12:20:00,94023.90,94029.88,94023.90,94029.88,300,45,0
2026.02.15 12:15:00,94064.43,94067.03,94022.12,94023.88,300,45,0
2026.02.15 12:10:00,94058.43,94064.41,94058.43,94064.41,300,45,0
2026.02.15 12:05:00,94052.43,94058.41,94052.43,94058.41,300,45,0
2026.02.15 12:00:00,94046.43,94052.41,94046.43,94052.41,300,45,0
2026.02.15 11:55:00,94040.43,94046.41,94040.43,94046.41,300,45,0
2026.02.15 11:50:00,94056.51,94061.41,94039.35,94040.41,300,45,0
2026.02.15 11:45:00,94050.51,94056.49,94050.51,94056.49,300,45,0
2026.02.15 11:40:00,94044.51,94050.49,94044.51,94050.49,300,45,0
2026.02.15 11:35:00,94038.51,94044.49,94038.51,94044.49,300,45,0
2026.02.15 11:30:00,94032.51,94038.49,94032.51,94038.49,300,45,0
2026.02.15 11:25:00,94026.51,94032.49,94026.51,94032.49,300,45,0
2026.02.15 11:20:00,94050.64,94055.34,94025.23,94026.49,300,45,0
2026.02.15 11:15:00,94044.64,94050.62,94044.64,94050.62,300,45,0
2026.02.15 11:10:00,94057.19,94061.61,94043.08,94044.62,300,45,0
2026.02.15 11:05:00,94051.19,94057.17,94051.19,94057.17,300,45,0
2026.02.15 11:00:00,94045.19,94051.17,94045.19,94051.17,300,45,0
2026.02.15 10:55:00,94039.19,94045.17,94039.19,94045.17,300,45,0
2026.02.15 10:50:00,94055.52,94059.92,94037.61,94039.17,300,45,0
2026.02.15 10:45:00,94078.46,94081.60,94055.12,94055.50,300,45,0
2026.02.15 10:40:00,94072.46,94078.44,94072.46,94078.44,300,45,0
2026.02.15 10:35:00,94066.46,94072.44,94066.46,94072.44,300,45,0
2026.02.15 10:30:00,94060.46,94066.44,94060.46,94066.44,300,45,0
2026.02.15 10:25:00,94068.39,94073.89,94059.98,94060.44,300,45,0
2026.02.15 10:20:00,94062.39,94068.37,94062.39,94068.37,300,45,0
2026.02.15 10:15:00,94056.39,94062.37,94056.39,94062.37,300,45,0
2026.02.15 10:10:00,94050.39,94056.37,94050.39,94056.37,300,45,0
2026.02.15 10:05:00,94069.77,94072.11,94046.75,94050.37,300,45,0
2026.02.15 10:00:00,94063.77,94069.75,94063.77,94069.75,300,45,0
2026.02.15 09:55:00,94057.77,94063.75,94057.77,94063.75,300,45,0
2026.02.15 09:50:00,94051.77,94057.75,94051.77,94057.75,300,45,0
2026.02.15 09:45:00,94045.77,94051.75,94045.77,94051.75,300,45,0
2026.02.15 09:40:00,94039.77,94045.75,94039.77,94045.75,300,45,0
2026.02.15 09:35:00,94033.77,94039.75,94033.77,94039.75,300,45,0
2026.02.15 09:30:00,94027.77,94033.75,94027.77,94033.75,300,45,0
2026.02.15 09:25:00,94021.77,94027.75,94021.77,94027.75,300,45,0
2026.02.15 09:20:00,94015.77,94021.75,94015.77,94021.75,300,45,0
2026.02.15 09:15:00,94009.77,94015.75,94009.77,94015.75,300,45,0
2026.02.15 09:10:00,94003.77,94009.75,94003.77,94009.75,300,45,0
2026.02.15 09:05:00,93997.77,94003.75,93997.77,94003.75,300,45,0
2026.02.15 09:00:00,94006.16,94007.96,93993.59,93997.75,300,45,0
2026.02.15 08:55:00,94000.16,94006.14,94000.16,94006.14,300,45,0
2026.02.15 08:50:00,93994.16,94000.14,93994.16,94000.14,300,45,0
2026.02.15 08:45:00,93988.16,93994.14,93988.16,93994.14,300,45,0
2026.02.15 08:40:00,93982.16,93988.14,93982.16,93988.14,300,45,0
2026.02.15 08:35:00,93976.16,93982.14,93976.16,93982.14,300,45,0
2026.02.15 08:30:00,93970.16,93976.14,93970.16,93976.14,300,45,0
2026.02.15 08:25:00,93964.16,93970.14,93964.16,93970.14,300,45,0
2026.02.15 08:20:00,93958.16,93964.14,93958.16,93964.14,300,45,0
2026.02.15 08:15:00,93972.61,93975.51,93955.08,93958.14,300,45,0
2026.02.15 08:10:00,93966.61,93972.59,93966.61,93972.59,300,45,0
2026.02.15 08:05:00,93960.61,93966.59,93960.61,93966.59,300,45,0
2026.02.15 08:00:00,93954.61,93960.59,93954.61,93960.59,236,45,0
2026.02.15 07:55:00,93948.61,93954.59,93948.61,93954.59,300,45,0
2026.02.15 07:50:00,93942.95,93948.59,93942.95,93948.59,233,45,0
2026.02.15 07:45:00,93960.29,93961.31,93937.99,93942.93,300,45,0
2026.02.15 07:40:00,93954.29,93960.27,93954.29,93960.27,300,45,0
2026.02.15 07:35:00,93948.29,93954.27,93948.29,93954.27,300,45,0
2026.02.15 07:30:00,93942.29,93948.27,93942.29,93948.27,300,45,0
2026.02.15 07:25:00,93936.29,93942.27,93936.29,93942.27,300,45,0
2026.02.15 07:20:00,93930.29,93936.27,93930.29,93936.27,300,45,0
2026.02.15 07:15:00,93924.29,93930.27,93924.29,93930.27,300,45,0
2026.02.15 07:10:00,93933.11,93938.07,93923.27,93924.27,300,45,0
2026.02.15 07:05:00,93927.11,93933.09,93927.11,93933.09,300,45,0
2026.02.15 07:00:00,93921.13,93927.09,93921.13,93927.09,299,45,0
2026.02.15 06:55:00,93921.11,93921.11,93921.11,93921.11,1,45,0
2026.02.15 06:45:00,93915.13,93921.09,93915.13,93921.09,299,45,0
2026.02.15 06:40:00,93909.13,93915.11,93909.13,93915.11,300,45,0
2026.02.15 06:35:00,93903.13,93909.11,93903.13,93909.11,300,45,0
2026.02.15 06:30:00,93897.13,93903.11,93897.13,93903.11,300,45,0
2026.02.15 06:25:00,93891.13,93897.11,93891.13,93897.11,300,45,0
2026.02.15 06:20:00,93885.13,93891.11,93885.13,93891.11,300,45,0
2026.02.15 06:15:00,93879.13,93885.11,93879.13,93885.11,300,45,0
2026.02.15 06:10:00,93873.13,93879.11,93873.13,93879.11,300,45,0
2026.02.15 06:05:00,93867.13,93873.11,93867.13,93873.11,300,45,0
2026.02.15 06:00:00,93882.66,93886.42,93864.91,93867.11,300,45,0
2026.02.15 05:55:00,93876.66,93882.64,93876.66,93882.64,300,45,0
2026.02.15 05:50:00,93870.66,93876.64,93870.66,93876.64,300,45,0
2026.02.15 05:45:00,93894.57,93898.07,93868.18,93870.64,300,45,0
2026.02.15 05:40:00,93888.57,93894.55,93888.57,93894.55,300,45,0
2026.02.15 05:35:00,93882.57,93888.55,93882.57,93888.55,300,45,0
2026.02.15 05:30:00,93876.57,93882.55,93876.57,93882.55,300,45,0
2026.02.15 05:25:00,93907.70,93912.44,93875.33,93876.55,300,45,0
2026.02.15 05:20:00,93901.70,93907.68,93901.70,93907.68,300,45,0
2026.02.15 05:15:00,93895.70,93901.68,93895.70,93901.68,300,45,0
2026.02.15 05:10:00,93919.46,93923.26,93893.52,93895.68,300,45,0
2026.02.15 05:05:00,93913.46,93919.44,93913.46,93919.44,300,45,0
2026.02.15 05:00:00,93907.46,93913.44,93907.46,93913.44,300,45,0
2026.02.15 04:55:00,93901.46,93907.44,93901.46,93907.44,300,45,0
2026.02.15 04:50:00,93895.46,93901.44,93895.46,93901.44,300,45,0
2026.02.15 04:45:00,93889.46,93895.44,93889.46,93895.44,300,45,0
2026.02.15 04:40:00,93883.46,93889.44,93883.46,93889.44,300,45,0
2026.02.15 04:35:00,93877.46,93883.44,93877.46,93883.44,300,45,0
2026.02.15 04:30:00,93871.46,93877.44,93871.46,93877.44,300,45,0
2026.02.15 04:25:00,93865.46,93871.44,93865.46,93871.44,300,45,0
2026.02.15 04:20:00,93859.46,93865.44,93859.46,93865.44,300,45,0
2026.02.15 04:15:00,93853.46,93859.44,93853.46,93859.44,300,45,0
2026.02.15 04:10:00,93847.46,93853.44,93847.46,93853.44,300,45,0
2026.02.15 04:05:00,93841.46,93847.44,93841.46,93847.44,300,45,0
2026.02.15 04:00:00,93835.46,93841.44,93835.46,93841.44,300,45,0
2026.02.15 03:55:00,93829.46,93835.44,93829.46,93835.44,300,45,0
2026.02.15 03:50:00,93823.46,93829.44,93823.46,93829.44,300,45,0
2026.02.15 03:45:00,93817.46,93823.44,93817.46,93823.44,300,45,0
2026.02.15 03:40:00,93849.04,93854.48,93816.92,93817.44,300,45,0
2026.02.15 03:35:00,93843.04,93849.02,93843.04,93849.02,300,45,0
2026.02.15 03:30:00,93891.92,93894.02,93841.04,93843.02,300,45,0
2026.02.15 03:25:00,93898.11,93901.41,93889.24,93891.90,300,45,0
2026.02.15 03:20:00,93892.11,93898.09,93892.11,93898.09,300,45,0
2026.02.15 03:15:00,93886.11,93892.09,93886.11,93892.09,300,45,0
2026.02.15 03:10:00,93880.11,93886.09,93880.11,93886.09,300,45,0
2026.02.15 03:05:00,93874.11,93880.09,93874.11,93880.09,300,45,0
2026.02.15 03:00:00,93868.11,93874.09,93868.11,93874.09,300,45,0
2026.02.15 02:55:00,93862.11,93868.09,93862.11,93868.09,300,45,0
2026.02.15 02:50:00,93856.11,93862.09,93856.11,93862.09,300,45,0
2026.02.15 02:45:00,93850.11,93856.09,93850.11,93856.09,300,45,0
2026.02.15 02:40:00,93844.11,93850.09,93844.11,93850.09,300,45,0
2026.02.15 02:35:00,93838.11,93844.09,93838.11,93844.09,300,45,0
2026.02.15 02:30:00,93832.11,93838.09,93832.11,93838.09,300,45,0
2026.02.15 02:25:00,93858.90,93861.94,93829.17,93832.09,300,45,0
2026.02.15 02:20:00,93852.88,93858.88,93852.88,93858.88,301,45,0
2026.02.15 02:15:00,93846.88,93852.86,93846.88,93852.86,300,45,0
2026.02.15 02:10:00,93862.78,93866.16,93844.28,93846.86,300,45,0
2026.02.15 02:05:00,93856.78,93862.76,93856.78,93862.76,300,45,0
2026.02.15 02:00:00,93850.78,93856.76,93850.78,93856.76,300,45,0
2026.02.15 01:55:00,93844.78,93850.76,93844.78,93850.76,300,45,0
2026.02.15 01:50:00,93838.78,93844.76,93838.78,93844.76,300,45,0
2026.02.15 01:45:00,93832.78,93838.76,93832.78,93838.76,300,45,0
2026.02.15 01:40:00,93826.78,93832.76,93826.78,93832.76,300,45,0
2026.02.15 01:35:00,93820.78,93826.76,93820.78,93826.76,300,45,0
2026.02.15 01:30:00,93814.78,93820.76,93814.78,93820.76,300,45,0
2026.02.15 01:25:00,93822.40,93822.42,93808.82,93814.76,300,45,0
2026.02.15 01:20:00,93816.40,93822.38,93816.40,93822.38,300,45,0
2026.02.15 01:15:00,93810.40,93816.38,93810.40,93816.38,300,45,0
2026.02.15 01:10:00,93830.05,93834.15,93808.52,93810.38,300,45,0
2026.02.15 01:05:00,93824.05,93830.03,93824.05,93830.03,300,45,0
2026.02.15 01:00:00,93831.67,93836.09,93822.49,93824.03,300,45,0
2026.02.15 00:55:00,93861.11,93864.07,93828.65,93831.65,300,45,0
2026.02.15 00:50:00,93855.11,93861.09,93855.11,93861.09,300,45,0
2026.02.15 00:45:00,93849.11,93855.09,93849.11,93855.09,300,45,0
2026.02.15 00:40:00,93843.11,93849.09,93843.11,93849.09,300,45,0
2026.02.15 00:35:00,93837.11,93843.09,93837.11,93843.09,300,45,0
2026.02.15 00:30:00,93831.11,93837.09,93831.11,93837.09,300,45,0
2026.02.15 00:25:00,93825.11,93831.09,93825.11,93831.09,300,45,0
2026.02.15 00:20:00,93819.11,93825.09,93819.11,93825.09,300,45,0
2026.02.15 00:15:00,93813.11,93819.09,93813.11,93819.09,300,45,0
2026.02.15 00:10:00,93807.11,93813.09,93807.11,93813.09,300,45,0
2026.02.15 00:05:00,93801.11,93807.09,93801.11,93807.09,300,45,0
2026.02.15 00:00:00,93795.11,93801.09,93795.11,93801.09,300,45,0
2026.02.14 23:55:00,93824.57,93829.41,93793.97,93795.09,300,45,0
2026.02.14 23:50:00,93818.57,93824.55,93818.57,93824.55,300,45,0
2026.02.14 23:45:00,93812.57,93818.55,93812.57,93818.55,300,45,0
2026.02.14 23:40:00,93806.57,93812.55,93806.57,93812.55,300,45,0
2026.02.14 23:35:00,93859.45,93862.51,93806.45,93806.55,300,45,0
2026.02.14 23:30:00,93853.45,93859.43,93853.45,93859.43,300,45,0
2026.02.14 23:25:00,93868.03,93873.89,93853.33,93853.43,300,45,0
2026.02.14 23:20:00,93862.03,93868.01,93862.03,93868.01,300,45,0
2026.02.14 23:15:00,93856.03,93862.01,93856.03,93862.01,300,45,0
2026.02.14 23:10:00,93850.03,93856.01,93850.03,93856.01,300,45,0
2026.02.14 23:05:00,93844.03,93850.01,93844.03,93850.01,300,45,0
2026.02.14 23:00:00,93838.03,93844.01,93838.03,93844.01,300,45,0
2026.02.14 22:55:00,93832.03,93838.01,93832.03,93838.01,300,45,0
2026.02.14 22:50:00,93826.03,93832.01,93826.03,93832.01,300,45,0
2026.02.14 22:45:00,93835.19,93836.07,93820.93,93826.01,300,45,0
2026.02.14 22:40:00,93829.19,93835.17,93829.19,93835.17,300,45,0
2026.02.14 22:35:00,93823.19,93829.17,93823.19,93829.17,300,45,0
2026.02.14 22:30:00,93817.19,93823.17,93817.19,93823.17,300,45,0
2026.02.14 22:25:00,93811.19,93817.17,93811.19,93817.17,300,45,0
2026.02.14 22:20:00,93805.19,93811.17,93805.19,93811.17,300,45,0
2026.02.14 22:15:00,93799.19,93805.17,93799.19,93805.17,300,45,0
2026.02.14 22:10:00,93816.89,93820.73,93797.05,93799.17,300,45,0
2026.02.14 22:05:00,93810.89,93816.87,93810.89,93816.87,300,45,0
2026.02.14 22:00:00,93804.89,93810.87,93804.89,93810.87,300,45,0
2026.02.14 21:55:00,93798.89,93804.87,93798.89,93804.87,300,45,0
2026.02.14 21:50:00,93792.89,93798.87,93792.89,93798.87,300,45,0
2026.02.14 21:45:00,93786.89,93792.87,93786.89,93792.87,300,45,0
2026.02.14 21:40:00,93780.89,93786.87,93780.89,93786.87,300,45,0
2026.02.14 21:35:00,93774.89,93780.87,93774.89,93780.87,300,45,0
2026.02.14 21:30:00,93768.89,93774.87,93768.89,93774.87,300,45,0
2026.02.14 21:25:00,93762.89,93768.87,93762.89,93768.87,300,45,0
2026.02.14 21:20:00,93756.89,93762.87,93756.89,93762.87,300,45,0
2026.02.14 21:15:00,93750.89,93756.87,93750.89,93756.87,300,45,0
2026.02.14 21:10:00,93744.89,93750.87,93744.89,93750.87,300,45,0
2026.02.14 21:05:00,93784.12,93785.44,93740.23,93744.87,300,45,0
2026.02.14 21:00:00,93819.55,93824.09,93782.68,93784.10,300,45,0
2026.02.14 20:55:00,93849.52,93850.98,93815.03,93819.53,300,45,0
2026.02.14 20:50:00,93843.52,93849.50,93843.52,93849.50,300,45,0
2026.02.14 20:45:00,93837.52,93843.50,93837.52,93843.50,300,45,0
2026.02.14 20:40:00,93831.52,93837.50,93831.52,93837.50,300,45,0
2026.02.14 20:35:00,93844.61,93845.89,93826.82,93831.50,300,45,0
2026.02.14 20:30:00,93838.61,93844.59,93838.61,93844.59,300,45,0
2026.02.14 20:25:00,93832.61,93838.59,93832.61,93838.59,300,45,0
2026.02.14 20:20:00,93826.61,93832.59,93826.61,93832.59,300,45,0
2026.02.14 20:15:00,93820.61,93826.59,93820.61,93826.59,300,45,0
2026.02.14 20:10:00,93814.61,93820.59,93814.61,93820.59,300,45,0
2026.02.14 20:05:00,93808.61,93814.59,93808.61,93814.59,300,45,0
2026.02.14 20:00:00,93824.09,93829.81,93808.35,93808.59,300,45,0
2026.02.14 19:55:00,93818.09,93824.07,93818.09,93824.07,300,45,0
2026.02.14 19:50:00,93812.09,93818.07,93812.09,93818.07,286,45,0
2026.02.14 19:45:00,93806.09,93812.07,93806.09,93812.07,300,45,0
2026.02.14 19:40:00,93823.79,93828.27,93804.59,93806.07,300,45,0
2026.02.14 19:35:00,93817.79,93823.77,93817.79,93823.77,300,45,0
2026.02.14 19:30:00,93859.19,93859.91,93817.11,93817.77,300,45,0
2026.02.14 19:25:00,93890.13,93891.47,93854.55,93859.17,300,45,0
2026.02.14 19:20:00,93902.68,93907.24,93888.71,93890.11,300,45,0
2026.02.14 19:15:00,93908.91,93914.81,93902.60,93902.66,300,45,0
2026.02.14 19:10:00,93902.91,93908.89,93902.91,93908.89,300,45,0
2026.02.14 19:05:00,93896.91,93902.89,93896.91,93902.89,300,45,0
2026.02.14 19:00:00,93890.91,93896.89,93890.91,93896.89,300,45,0
2026.02.14 18:55:00,93898.59,93902.49,93888.83,93890.89,300,45,0
2026.02.14 18:50:00,93892.59,93898.57,93892.59,93898.57,300,45,0
2026.02.14 18:45:00,93886.59,93892.57,93886.59,93892.57,300,45,0
2026.02.14 18:40:00,93880.59,93886.57,93880.59,93886.57,300,45,0
2026.02.14 18:35:00,93874.59,93880.57,93874.59,93880.57,300,45,0
2026.02.14 18:30:00,93868.59,93874.57,93868.59,93874.57,300,45,0
2026.02.14 18:25:00,93885.27,93890.91,93868.25,93868.57,300,45,0
2026.02.14 18:20:00,93879.27,93885.25,93879.27,93885.25,300,45,0
2026.02.14 18:15:00,93873.27,93879.25,93873.27,93879.25,300,45,0
2026.02.14 18:10:00,93867.27,93873.25,93867.27,93873.25,300,45,0
2026.02.14 18:05:00,93887.06,93891.54,93865.77,93867.25,300,45,0
2026.02.14 18:00:00,93881.06,93887.04,93881.06,93887.04,300,45,0
2026.02.14 17:55:00,93875.06,93881.04,93875.06,93881.04,300,45,0
2026.02.14 17:50:00,93869.06,93875.04,93869.06,93875.04,300,45,0
2026.02.14 17:45:00,93863.06,93869.04,93863.06,93869.04,300,45,0
2026.02.14 17:40:00,93857.06,93863.04,93857.06,93863.04,300,45,0
2026.02.14 17:35:00,93851.06,93857.04,93851.06,93857.04,300,45,0
2026.02.14 17:30:00,93845.06,93851.04,93845.06,93851.04,300,45,0
2026.02.14 17:25:00,93839.06,93845.04,93839.06,93845.04,300,45,0
2026.02.14 17:20:00,93853.46,93857.90,93837.52,93839.04,300,45,0
2026.02.14 17:15:00,93847.46,93853.44,93847.46,93853.44,300,45,0
2026.02.14 17:10:00,93841.46,93847.44,93841.46,93847.44,300,45,0
2026.02.14 17:05:00,93835.46,93841.44,93835.46,93841.44,300,45,0
2026.02.14 17:00:00,93873.18,93873.74,93832.70,93835.44,300,45,0
2026.02.14 16:55:00,93867.18,93873.16,93867.18,93873.16,300,45,0
2026.02.14 16:50:00,93861.18,93867.16,93861.18,93867.16,300,45,0
2026.02.14 16:45:00,93855.18,93861.16,93855.18,93861.16,300,45,0
2026.02.14 16:40:00,93849.18,93855.16,93849.18,93855.16,300,45,0
2026.02.14 16:35:00,93843.18,93849.16,93843.18,93849.16,300,45,0
2026.02.14 16:30:00,93837.18,93843.16,93837.18,93843.16,300,45,0
2026.02.14 16:25:00,93831.18,93837.16,93831.18,93837.16,300,45,0
2026.02.14 16:20:00,93825.18,93831.16,93825.18,93831.16,300,45,0
2026.02.14 16:15:00,93819.18,93825.16,93819.18,93825.16,300,45,0
2026.02.14 16:10:00,93813.18,93819.16,93813.18,93819.16,300,45,0
2026.02.14 16:05:00,93807.18,93813.16,93807.18,93813.16,300,45,0
2026.02.14 16:00:00,93837.36,93842.82,93806.66,93807.16,300,45,0
2026.02.14 15:55:00,93831.36,93837.34,93831.36,93837.34,300,45,0
2026.02.14 15:50:00,93845.35,93847.57,93827.60,93831.34,300,45,0
2026.02.14 15:45:00,93839.35,93845.33,93839.35,93845.33,300,45,0
2026.02.14 15:40:00,93833.35,93839.33,93833.35,93839.33,300,45,0
2026.02.14 15:35:00,93827.35,93833.33,93827.35,93833.33,300,45,0
2026.02.14 15:30:00,93821.35,93827.33,93821.35,93827.33,300,45,0
2026.02.14 15:25:00,93815.35,93821.33,93815.35,93821.33,300,45,0
2026.02.14 15:20:00,93809.35,93815.33,93809.35,93815.33,300,45,0
2026.02.14 15:15:00,93803.35,93809.33,93803.35,93809.33,300,45,0
2026.02.14 15:10:00,93797.35,93803.33,93797.35,93803.33,300,45,0
2026.02.14 15:05:00,93818.35,93820.25,93793.27,93797.33,300,45,0
2026.02.14 15:00:00,93812.35,93818.33,93812.35,93818.33,300,45,0
2026.02.14 14:55:00,93806.35,93812.33,93806.35,93812.33,300,45,0
2026.02.14 14:50:00,93800.35,93806.33,93800.35,93806.33,300,45,0
2026.02.14 14:45:00,93794.35,93800.33,93794.35,93800.33,300,45,0
2026.02.14 14:40:00,93788.35,93794.33,93788.35,93794.33,300,45,0
2026.02.14 14:35:00,93782.35,93788.33,93782.35,93788.33,300,45,0
2026.02.14 14:30:00,93776.35,93782.33,93776.35,93782.33,300,45,0
2026.02.14 14:25:00,93770.35,93776.33,93770.35,93776.33,300,45,0
2026.02.14 14:20:00,93764.35,93770.33,93764.35,93770.33,300,45,0
2026.02.14 14:15:00,93758.35,93764.33,93758.35,93764.33,300,45,0
2026.02.14 14:10:00,93752.35,93758.33,93752.35,93758.33,300,45,0
2026.02.14 14:05:00,93746.35,93752.33,93746.35,93752.33,300,45,0
2026.02.14 14:00:00,93740.35,93746.33,93740.35,93746.33,300,45,0
2026.02.14 13:55:00,93734.35,93740.33,93734.35,93740.33,300,45,0
2026.02.14 13:50:00,93728.35,93734.33,93728.35,93734.33,300,45,0
2026.02.14 13:45:00,93722.35,93728.33,93722.35,93728.33,300,45,0
2026.02.14 13:40:00,93716.35,93722.33,93716.35,93722.33,300,45,0
2026.02.14 13:35:00,93710.35,93716.33,93710.35,93716.33,300,45,0
2026.02.14 13:30:00,93704.35,93710.33,93704.35,93710.33,300,45,0
2026.02.14 13:25:00,93714.63,93719.91,93703.65,93704.33,300,45,0
2026.02.14 13:20:00,93708.63,93714.61,93708.63,93714.61,300,45,0
2026.02.14 13:15:00,93736.18,93741.04,93707.51,93708.61,300,45,0
2026.02.14 13:10:00,93758.39,93758.61,93730.42,93736.16,300,45,0
2026.02.14 13:05:00,93752.39,93758.37,93752.39,93758.37,300,45,0
2026.02.14 13:00:00,93782.05,93785.05,93749.41,93752.37,300,45,0
2026.02.14 12:55:00,93776.05,93782.03,93776.05,93782.03,300,45,0
2026.02.14 12:50:00,93770.05,93776.03,93770.05,93776.03,300,45,0
2026.02.14 12:45:00,93764.05,93770.03,93764.05,93770.03,300,45,0
2026.02.14 12:40:00,93758.05,93764.03,93758.05,93764.03,300,45,0
2026.02.14 12:35:00,93752.05,93758.03,93752.05,93758.03,300,45,0
2026.02.14 12:30:00,93768.55,93773.41,93750.93,93752.03,300,45,0
2026.02.14 12:25:00,93762.55,93768.53,93762.55,93768.53,300,45,0
2026.02.14 12:20:00,93756.55,93762.53,93756.55,93762.53,300,45,0
2026.02.14 12:15:00,93750.55,93756.53,93750.55,93756.53,300,45,0
2026.02.14 12:10:00,93757.15,93761.73,93749.15,93750.53,300,45,0
2026.02.14 12:05:00,93751.15,93757.13,93751.15,93757.13,300,45,0
2026.02.14 12:00:00,93745.15,93751.13,93745.15,93751.13,300,45,0
2026.02.14 11:55:00,93739.15,93745.13,93739.15,93745.13,300,45,0
2026.02.14 11:50:00,93755.22,93756.52,93734.47,93739.13,300,45,0
2026.02.14 11:45:00,93749.22,93755.20,93749.22,93755.20,300,45,0
2026.02.14 11:40:00,93743.22,93749.20,93743.22,93749.20,300,45,0
2026.02.14 11:35:00,93737.22,93743.20,93737.22,93743.20,300,45,0
2026.02.14 11:30:00,93731.22,93737.20,93731.22,93737.20,300,45,0
2026.02.14 11:25:00,93725.22,93731.20,93725.22,93731.20,300,45,0
2026.02.14 11:20:00,93719.22,93725.20,93719.22,93725.20,300,45,0
2026.02.14 11:15:00,93713.22,93719.20,93713.22,93719.20,300,45,0
2026.02.14 11:10:00,93707.22,93713.20,93707.22,93713.20,300,45,0
2026.02.14 11:05:00,93701.22,93707.20,93701.22,93707.20,300,45,0
2026.02.14 11:00:00,93695.22,93701.20,93695.22,93701.20,300,45,0
2026.02.14 10:55:00,93689.22,93695.20,93689.22,93695.20,300,45,0
2026.02.14 10:50:00,93683.22,93689.20,93683.22,93689.20,300,45,0
2026.02.14 10:45:00,93677.22,93683.20,93677.22,93683.20,300,45,0
2026.02.14 10:40:00,93671.22,93677.20,93671.22,93677.20,300,45,0
2026.02.14 10:35:00,93665.22,93671.20,93665.22,93671.20,300,45,0
2026.02.14 10:30:00,93659.22,93665.20,93659.22,93665.20,300,45,0
2026.02.14 10:25:00,93758.50,93761.22,93657.76,93659.20,300,45,0
2026.02.14 10:20:00,93752.50,93758.48,93752.50,93758.48,300,45,0
2026.02.14 10:15:00,93784.04,93784.72,93750.96,93752.48,300,45,0
2026.02.14 10:10:00,93778.04,93784.02,93778.04,93784.02,300,45,0
2026.02.14 10:05:00,93790.53,93796.27,93777.80,93778.02,300,45,0
2026.02.14 10:00:00,93817.18,93820.88,93788.25,93790.51,300,45,0
2026.02.14 09:55:00,93811.18,93817.16,93811.18,93817.16,300,45,0
2026.02.14 09:50:00,93805.18,93811.16,93805.18,93811.16,300,45,0
2026.02.14 09:45:00,93799.18,93805.16,93799.18,93805.16,300,45,0
2026.02.14 09:40:00,93793.18,93799.16,93793.18,93799.16,300,45,0
2026.02.14 09:35:00,93787.18,93793.16,93787.18,93793.16,300,45,0
2026.02.14 09:30:00,93781.18,93787.16,93781.18,93787.16,300,45,0
2026.02.14 09:25:00,93801.61,93805.35,93778.94,93781.16,300,45,0
2026.02.14 09:20:00,93795.61,93801.59,93795.61,93801.59,300,45,0
2026.02.14 09:15:00,93789.61,93795.59,93789.61,93795.59,300,45,0
2026.02.14 09:10:00,93783.61,93789.59,93783.61,93789.59,300,45,0
2026.02.14 09:05:00,93798.29,93802.37,93781.71,93783.59,300,45,0
2026.02.14 09:00:00,93792.29,93798.27,93792.29,93798.27,300,45,0
2026.02.14 08:55:00,93786.29,93792.27,93786.29,93792.27,300,45,0
2026.02.14 08:50:00,93809.66,93810.00,93780.65,93786.27,300,45,0
2026.02.14 08:45:00,93803.66,93809.64,93803.66,93809.64,300,45,0
2026.02.14 08:40:00,93831.39,93833.15,93799.44,93803.64,300,45,0
2026.02.14 08:35:00,93825.39,93831.37,93825.39,93831.37,300,45,0
2026.02.14 08:30:00,93885.31,93888.59,93822.97,93825.37,300,45,0
2026.02.14 08:25:00,93879.31,93885.29,93879.31,93885.29,300,45,0
2026.02.14 08:20:00,93914.83,93918.93,93878.81,93879.29,300,45,0
2026.02.14 08:15:00,93940.49,93945.87,93914.23,93914.81,300,45,0
2026.02.14 08:10:00,93981.89,93983.43,93936.51,93940.47,300,45,0
2026.02.14 08:05:00,93975.89,93981.87,93975.89,93981.87,300,45,0
2026.02.14 08:00:00,93969.89,93975.87,93969.89,93975.87,300,45,0
2026.02.14 07:55:00,93988.83,93991.65,93966.73,93969.87,300,45,0
2026.02.14 07:50:00,94011.10,94012.64,93984.39,93988.81,300,45,0
2026.02.14 07:45:00,94005.10,94011.08,94005.10,94011.08,300,45,0
2026.02.14 07:40:00,93999.10,94005.08,93999.10,94005.08,300,45,0
2026.02.14 07:35:00,93993.10,93999.08,93993.10,93999.08,300,45,0
2026.02.14 07:30:00,93987.10,93993.08,93987.10,93993.08,300,45,0
2026.02.14 07:25:00,93981.10,93987.08,93981.10,93987.08,300,45,0
2026.02.14 07:20:00,93975.10,93981.08,93975.10,93981.08,300,45,0
2026.02.14 07:15:00,93969.10,93975.08,93969.10,93975.08,300,45,0
2026.02.14 07:10:00,93963.10,93969.08,93963.10,93969.08,300,45,0
2026.02.14 07:05:00,93957.10,93963.08,93957.10,93963.08,300,45,0
2026.02.14 07:00:00,93951.10,93957.08,93951.10,93957.08,300,45,0
2026.02.14 06:55:00,93945.10,93951.08,93945.10,93951.08,300,45,0
2026.02.14 06:50:00,93939.10,93945.08,93939.10,93945.08,300,45,0
2026.02.14 06:45:00,93960.23,93961.59,93934.48,93939.08,300,45,0
2026.02.14 06:40:00,93954.23,93960.21,93954.23,93960.21,300,45,0
2026.02.14 06:35:00,93948.23,93954.21,93948.23,93954.21,300,45,0
2026.02.14 06:30:00,93942.23,93948.21,93942.23,93948.21,300,45,0
2026.02.14 06:25:00,93936.23,93942.21,93936.23,93942.21,300,45,0
2026.02.14 06:20:00,93930.23,93936.21,93930.23,93936.21,300,45,0
2026.02.14 06:15:00,93924.23,93930.21,93924.23,93930.21,300,45,0
2026.02.14 06:10:00,93918.23,93924.21,93918.23,93924.21,300,45,0
2026.02.14 06:05:00,93955.00,93955.66,93913.95,93918.21,300,45,0
2026.02.14 06:00:00,93949.00,93954.98,93949.00,93954.98,300,45,0
2026.02.14 05:55:00,93943.00,93948.98,93943.00,93948.98,300,45,0
2026.02.14 05:50:00,93937.00,93942.98,93937.00,93942.98,300,45,0
2026.02.14 05:45:00,93946.10,93949.06,93933.98,93936.98,300,45,0
2026.02.14 05:40:00,93940.10,93946.08,93940.10,93946.08,300,45,0
2026.02.14 05:35:00,93934.10,93940.08,93934.10,93940.08,300,45,0
2026.02.14 05:30:00,93928.10,93934.08,93928.10,93934.08,300,45,0
2026.02.14 05:25:00,93922.10,93928.08,93922.10,93928.08,300,45,0
2026.02.14 05:20:00,93916.10,93922.08,93916.10,93922.08,300,45,0
2026.02.14 05:15:00,93910.10,93916.08,93910.10,93916.08,300,45,0
2026.02.14 05:10:00,93904.10,93910.08,93904.10,93910.08,300,45,0
2026.02.14 05:05:00,93898.10,93904.08,93898.10,93904.08,300,45,0
2026.02.14 05:00:00,93892.10,93898.08,93892.10,93898.08,300,45,0
2026.02.14 04:55:00,93886.10,93892.08,93886.10,93892.08,300,45,0
2026.02.14 04:50:00,93880.10,93886.08,93880.10,93886.08,300,45,0
2026.02.14 04:45:00,93874.10,93880.08,93874.10,93880.08,300,45,0
2026.02.14 04:40:00,93868.10,93874.08,93868.10,93874.08,300,45,0
2026.02.14 04:35:00,93862.10,93868.08,93862.10,93868.08,300,45,0
2026.02.14 04:30:00,93856.10,93862.08,93856.10,93862.08,300,45,0
2026.02.14 04:25:00,93850.10,93856.08,93850.10,93856.08,300,45,0
2026.02.14 04:20:00,93861.71,93863.77,93846.18,93850.08,300,45,0
2026.02.14 04:15:00,93855.71,93861.69,93855.71,93861.69,300,45,0
2026.02.14 04:10:00,93866.58,93871.12,93854.27,93855.69,300,45,0
2026.02.14 04:05:00,93860.58,93866.56,93860.58,93866.56,300,45,0
2026.02.14 04:00:00,93854.58,93860.56,93854.58,93860.56,300,45,0
2026.02.14 03:55:00,93880.75,93883.45,93851.30,93854.56,300,45,0
2026.02.14 03:50:00,93907.87,93910.37,93877.27,93880.73,300,45,0
2026.02.14 03:45:00,93901.87,93907.85,93901.87,93907.85,300,45,0
2026.02.14 03:40:00,93895.87,93901.85,93895.87,93901.85,300,45,0
2026.02.14 03:35:00,93889.87,93895.85,93889.87,93895.85,300,45,0
2026.02.14 03:30:00,93883.87,93889.85,93883.87,93889.85,300,45,0
2026.02.14 03:25:00,93877.87,93883.85,93877.87,93883.85,300,45,0
2026.02.14 03:20:00,93871.87,93877.85,93871.87,93877.85,300,45,0
2026.02.14 03:15:00,93865.87,93871.85,93865.87,93871.85,300,45,0
2026.02.14 03:10:00,93859.87,93865.85,93859.87,93865.85,300,45,0
2026.02.14 03:05:00,93853.87,93859.85,93853.87,93859.85,300,45,0
2026.02.14 03:00:00,93847.87,93853.85,93847.87,93853.85,300,45,0
2026.02.14 02:55:00,93865.17,93867.13,93843.85,93847.85,300,45,0
2026.02.14 02:50:00,93859.17,93865.15,93859.17,93865.15,300,45,0
2026.02.14 02:45:00,93853.17,93859.15,93853.17,93859.15,300,45,0
2026.02.14 02:40:00,93847.17,93853.15,93847.17,93853.15,300,45,0
2026.02.14 02:35:00,93857.87,93858.53,93841.85,93847.15,300,45,0
2026.02.14 02:30:00,93851.87,93857.85,93851.87,93857.85,300,45,0
2026.02.14 02:25:00,93859.48,93864.90,93851.31,93851.85,300,45,0
2026.02.14 02:20:00,93878.94,93884.52,93859.08,93859.46,300,45,0
2026.02.14 02:15:00,93872.94,93878.92,93872.94,93878.92,300,45,0
2026.02.14 02:10:00,93866.94,93872.92,93866.94,93872.92,300,45,0
2026.02.14 02:05:00,93860.94,93866.92,93860.94,93866.92,300,45,0
2026.02.14 02:00:00,93854.94,93860.92,93854.94,93860.92,300,45,0
2026.02.14 01:55:00,93848.94,93854.92,93848.94,93854.92,300,45,0
2026.02.14 01:50:00,93842.94,93848.92,93842.94,93848.92,300,45,0
2026.02.14 01:45:00,93836.94,93842.92,93836.94,93842.92,300,45,0
2026.02.14 01:40:00,93879.39,93882.35,93835.74,93836.92,300,45,0
2026.02.14 01:35:00,93873.39,93879.37,93873.39,93879.37,300,45,0
2026.02.14 01:30:00,93867.39,93873.37,93867.39,93873.37,300,45,0
2026.02.14 01:25:00,93861.39,93867.37,93861.39,93867.37,300,45,0
2026.02.14 01:20:00,93882.76,93885.60,93858.25,93861.37,300,45,0
2026.02.14 01:15:00,93933.75,93934.21,93878.58,93882.74,300,45,0
2026.02.14 01:10:00,93927.75,93933.73,93927.75,93933.73,300,45,0
2026.02.14 01:05:00,93956.69,93960.05,93925.13,93927.73,300,45,0
2026.02.14 01:00:00,93950.69,93956.67,93950.69,93956.67,300,45,0
2026.02.14 00:55:00,93944.69,93950.67,93944.69,93950.67,300,45,0
2026.02.14 00:50:00,93976.95,93978.15,93939.91,93944.67,300,45,0
2026.02.14 00:45:00,93990.08,93992.08,93972.97,93976.93,300,45,0
2026.02.14 00:40:00,94009.15,94012.29,93987.24,93990.06,300,45,0
2026.02.14 00:35:00,94003.15,94009.13,94003.15,94009.13,300,45,0
2026.02.14 00:30:00,93997.15,94003.13,93997.15,94003.13,300,45,0
2026.02.14 00:25:00,93991.15,93997.13,93991.15,93997.13,300,45,0
2026.02.14 00:20:00,93985.15,93991.13,93985.15,93991.13,300,45,0
2026.02.14 00:15:00,93979.15,93985.13,93979.15,93985.13,300,45,0
2026.02.14 00:10:00,93973.15,93979.13,93973.15,93979.13,300,45,0
2026.02.14 00:05:00,93997.19,93998.03,93968.01,93973.13,300,45,0
2026.02.14 00:00:00,93991.19,93997.17,93991.19,93997.17,300,45,0
2026.02.13 23:55:00,94011.38,94017.36,94011.38,94017.36,300,45,0
2026.02.13 23:50:00,94005.38,94011.36,94005.38,94011.36,300,45,0
2026.02.13 23:45:00,93999.38,94005.36,93999.38,94005.36,300,45,0
2026.02.13 23:40:00,93993.38,93999.36,93993.38,93999.36,300,45,0
2026.02.13 23:35:00,93987.38,93993.36,93987.38,93993.36,300,45,0
2026.02.13 23:30:00,93981.38,93987.36,93981.38,93987.36,300,45,0
2026.02.13 23:25:00,93975.38,93981.36,93975.38,93981.36,300,45,0
2026.02.13 23:20:00,93969.38,93975.36,93969.38,93975.36,300,45,0
2026.02.13 23:15:00,93963.38,93969.36,93963.38,93969.36,300,45,0
2026.02.13 23:10:00,93957.38,93963.36,93957.38,93963.36,300,45,0
2026.02.13 23:05:00,93971.86,93977.54,93957.08,93957.36,300,45,0
2026.02.13 23:00:00,93965.86,93971.84,93965.86,93971.84,300,45,0
2026.02.13 22:55:00,93959.86,93965.84,93959.86,93965.84,300,45,0
2026.02.13 22:50:00,93971.13,93971.61,93954.36,93959.84,300,45,0
2026.02.13 22:45:00,93993.94,93995.50,93966.71,93971.11,300,45,0
2026.02.13 22:40:00,93987.94,93993.92,93987.94,93993.92,300,45,0
2026.02.13 22:35:00,93981.94,93987.92,93981.94,93987.92,300,45,0
2026.02.13 22:30:00,93975.94,93981.92,93975.94,93981.92,300,45,0
2026.02.13 22:25:00,93993.68,93996.34,93972.62,93975.92,300,45,0
2026.02.13 22:20:00,93987.68,93993.66,93987.68,93993.66,300,45,0
2026.02.13 22:15:00,93981.68,93987.66,93981.68,93987.66,300,45,0
2026.02.13 22:10:00,93975.68,93981.66,93975.68,93981.66,300,45,0
2026.02.13 22:05:00,93969.68,93975.66,93969.68,93975.66,300,45,0
2026.02.13 22:00:00,93990.47,93994.05,93967.28,93969.66,300,45,0
2026.02.13 21:55:00,93984.47,93990.45,93984.47,93990.45,300,45,0
2026.02.13 21:50:00,93978.47,93984.45,93978.47,93984.45,300,45,0
2026.02.13 21:45:00,93972.47,93978.45,93972.47,93978.45,300,45,0
2026.02.13 21:40:00,93966.47,93972.45,93966.47,93972.45,300,45,0
2026.02.13 21:35:00,93960.47,93966.45,93960.47,93966.45,300,45,0
2026.02.13 21:30:00,93986.79,93991.93,93959.63,93960.45,300,45,0
2026.02.13 21:25:00,93980.79,93986.77,93980.79,93986.77,300,45,0
2026.02.13 21:20:00,93974.79,93980.77,93974.79,93980.77,300,45,0
2026.02.13 21:15:00,93968.79,93974.77,93968.79,93974.77,300,45,0
2026.02.13 21:10:00,93962.79,93968.77,93962.79,93968.77,300,45,0
2026.02.13 21:05:00,93956.79,93962.77,93956.79,93962.77,300,45,0
2026.02.13 21:00:00,93983.98,93987.86,93954.69,93956.77,300,45,0
2026.02.13 20:55:00,93977.98,93983.96,93977.98,93983.96,300,45,0
2026.02.13 20:50:00,94001.71,94007.07,93977.36,93977.96,300,45,0
2026.02.13 20:45:00,93995.71,94001.69,93995.71,94001.69,300,45,0
2026.02.13 20:40:00,93989.71,93995.69,93989.71,93995.69,300,45,0
2026.02.13 20:35:00,94010.95,94014.35,93987.13,93989.69,300,45,0
2026.02.13 20:30:00,94004.95,94010.93,94004.95,94010.93,300,45,0
2026.02.13 20:25:00,94029.27,94033.03,94002.73,94004.93,300,45,0
2026.02.13 20:20:00,94023.27,94029.25,94023.27,94029.25,300,45,0
2026.02.13 20:15:00,94017.27,94023.25,94017.27,94023.25,300,45,0
2026.02.13 20:10:00,94011.27,94017.25,94011.27,94017.25,300,45,0
2026.02.13 20:05:00,94005.27,94011.25,94005.27,94011.25,300,45,0
2026.02.13 20:00:00,93999.27,94005.25,93999.27,94005.25,300,45,0
2026.02.13 19:55:00,93993.27,93999.25,93993.27,93999.25,300,45,0
2026.02.13 19:50:00,93987.27,93993.25,93987.27,93993.25,300,45,0
2026.02.13 19:45:00,93981.27,93987.25,93981.27,93987.25,300,45,0
2026.02.13 19:40:00,93997.06,93998.96,93977.19,93981.25,300,45,0
2026.02.13 19:35:00,93991.06,93997.04,93991.06,93997.04,300,45,0
2026.02.13 19:30:00,93985.06,93991.04,93985.06,93991.04,300,45,0
2026.02.13 19:25:00,93979.06,93985.04,93979.06,93985.04,300,45,0
2026.02.13 19:20:00,93973.06,93979.04,93973.06,93979.04,300,45,0
2026.02.13 19:15:00,93984.27,93986.27,93969.08,93973.04,300,45,0
2026.02.13 19:10:00,93978.27,93984.25,93978.27,93984.25,300,45,0
2026.02.13 19:05:00,94008.45,94009.15,93972.99,93978.25,300,45,0
2026.02.13 19:00:00,94023.09,94025.95,94005.33,94008.43,300,45,0
2026.02.13 18:55:00,94017.09,94023.07,94017.09,94023.07,300,45,0
2026.02.13 18:50:00,94011.09,94017.07,94011.09,94017.07,300,45,0
2026.02.13 18:45:00,94005.09,94011.07,94005.09,94011.07,300,45,0
2026.02.13 18:40:00,94057.78,94061.94,94004.45,94005.07,300,45,0
2026.02.13 18:35:00,94051.78,94057.76,94051.78,94057.76,300,45,0
2026.02.13 18:30:00,94045.78,94051.76,94045.78,94051.76,300,45,0
2026.02.13 18:25:00,94066.54,94071.10,94044.36,94045.76,300,45,0
2026.02.13 18:20:00,94060.54,94066.52,94060.54,94066.52,300,45,0
2026.02.13 18:15:00,94054.54,94060.52,94054.54,94060.52,300,45,0
2026.02.13 18:10:00,94048.54,94054.52,94048.54,94054.52,300,45,0
2026.02.13 18:05:00,94059.43,94064.87,94048.00,94048.52,300,45,0
2026.02.13 18:00:00,94053.43,94059.41,94053.43,94059.41,300,45,0
2026.02.13 17:55:00,94070.64,94074.08,94050.89,94053.41,300,45,0
2026.02.13 17:50:00,94064.64,94070.62,94064.64,94070.62,300,45,0
2026.02.13 17:45:00,94058.64,94064.62,94058.64,94064.62,300,45,0
2026.02.13 17:40:00,94052.64,94058.62,94052.64,94058.62,300,45,0
2026.02.13 17:35:00,94061.36,94061.48,94046.78,94052.62,300,45,0
2026.02.13 17:30:00,94055.36,94061.34,94055.36,94061.34,300,45,0
2026.02.13 17:25:00,94049.36,94055.34,94049.36,94055.34,300,45,0
2026.02.13 17:20:00,94043.36,94049.34,94043.36,94049.34,300,45,0
2026.02.13 17:15:00,94037.36,94043.34,94037.36,94043.34,300,45,0
2026.02.13 17:10:00,94090.58,94093.34,94070.85,94074.05,300,45,0
2026.02.13 17:05:00,94084.58,94090.56,94084.58,94090.56,300,45,0
2026.02.13 17:00:00,94078.58,94084.56,94078.58,94084.56,300,45,0
2026.02.13 16:55:00,94102.56,94104.50,94074.54,94078.56,300,45,0
2026.02.13 16:50:00,94096.56,94102.54,94096.56,94102.54,300,45,0
2026.02.13 16:45:00,94090.56,94096.54,94090.56,94096.54,300,45,0
2026.02.13 16:40:00,94123.05,94124.13,94089.80,94090.54,300,45,0
2026.02.13 16:35:00,94117.05,94123.03,94117.05,94123.03,300,45,0
2026.02.13 16:30:00,94142.37,94142.95,94111.65,94117.03,300,45,0
2026.02.13 16:25:00,94136.37,94142.35,94136.37,94142.35,300,45,0
2026.02.13 16:20:00,94130.37,94136.35,94130.37,94136.35,300,45,0
2026.02.13 16:15:00,94152.44,94156.62,94128.57,94130.35,300,45,0
2026.02.13 16:10:00,94146.44,94152.42,94146.44,94152.42,300,45,0
2026.02.13 16:05:00,94140.44,94146.42,94140.44,94146.42,300,45,0
2026.02.13 16:00:00,94134.44,94140.42,94134.44,94140.42,300,45,0
2026.02.13 15:55:00,94128.44,94134.42,94128.44,94134.42,300,45,0
2026.02.13 15:50:00,94122.44,94128.42,94122.44,94128.42,300,45,0
2026.02.13 15:45:00,94135.18,94138.96,94120.24,94122.42,300,45,0
2026.02.13 15:40:00,94129.18,94135.16,94129.18,94135.16,300,45,0
2026.02.13 15:35:00,94123.18,94129.16,94123.18,94129.16,300,45,0
2026.02.13 15:30:00,94117.18,94123.16,94117.18,94123.16,300,45,0
2026.02.13 15:25:00,94139.03,94141.01,94113.18,94117.16,300,45,0
2026.02.13 15:20:00,94133.03,94139.01,94133.03,94139.01,300,45,0
2026.02.13 15:15:00,94141.05,94145.69,94131.69,94133.01,300,45,0
2026.02.13 15:10:00,94135.05,94141.03,94135.05,94141.03,300,45,0
2026.02.13 15:05:00,94144.88,94144.90,94129.09,94135.03,300,45,0
2026.02.13 15:00:00,94138.88,94144.86,94138.88,94144.86,300,45,0
2026.02.13 14:55:00,94132.88,94138.86,94132.88,94138.86,300,45,0
2026.02.13 14:50:00,94154.46,94160.04,94132.48,94132.86,300,45,0
2026.02.13 14:45:00,94148.46,94154.44,94148.46,94154.44,300,45,0
2026.02.13 14:40:00,94142.46,94148.44,94142.46,94148.44,300,45,0
2026.02.13 14:35:00,94136.46,94142.44,94136.46,94142.44,300,45,0
2026.02.13 14:30:00,94130.46,94136.44,94130.46,94136.44,300,45,0
2026.02.13 14:25:00,94124.46,94130.44,94124.46,94130.44,300,45,0
2026.02.13 14:20:00,94166.01,94170.11,94122.74,94124.44,300,45,0
2026.02.13 14:15:00,94160.01,94165.99,94160.01,94165.99,300,45,0
2026.02.13 14:10:00,94193.42,94193.72,94154.33,94159.99,300,45,0
2026.02.13 14:05:00,94187.42,94193.40,94187.42,94193.40,300,45,0
2026.02.13 14:00:00,94181.42,94187.40,94181.42,94187.40,300,45,0
2026.02.13 13:55:00,94175.42,94181.40,94175.42,94181.40,300,45,0
2026.02.13 13:50:00,94183.25,94188.67,94174.86,94175.40,300,45,0
2026.02.13 13:45:00,94195.78,94196.08,94177.57,94183.23,300,45,0
2026.02.13 13:40:00,94189.78,94195.76,94189.78,94195.76,300,45,0
2026.02.13 13:35:00,94183.78,94189.76,94183.78,94189.76,300,45,0
2026.02.13 13:30:00,94177.78,94183.76,94177.78,94183.76,300,45,0
2026.02.13 13:25:00,94171.78,94177.76,94171.78,94177.76,300,45,0
2026.02.13 13:20:00,94207.84,94213.62,94171.58,94171.76,300,45,0
2026.02.13 13:15:00,94201.84,94207.82,94201.84,94207.82,300,45,0
2026.02.13 13:10:00,94195.84,94201.82,94195.84,94201.82,300,45,0
2026.02.13 13:05:00,94189.84,94195.82,94189.84,94195.82,300,45,0
2026.02.13 13:00:00,94183.84,94189.82,94183.84,94189.82,300,45,0
2026.02.13 12:55:00,94177.84,94183.82,94177.84,94183.82,300,45,0
2026.02.13 12:50:00,94212.90,94216.38,94175.34,94177.82,300,45,0
2026.02.13 12:45:00,94206.90,94212.88,94206.90,94212.88,300,45,0
2026.02.13 12:40:00,94215.21,94220.99,94206.70,94206.88,300,45,0
2026.02.13 12:35:00,94256.55,94259.95,94212.63,94215.19,300,45,0
2026.02.13 12:30:00,94285.00,94287.26,94252.83,94256.53,300,45,0
2026.02.13 12:25:00,94279.00,94284.98,94279.00,94284.98,300,45,0
2026.02.13 12:20:00,94332.74,94332.84,94277.46,94278.98,300,45,0
2026.02.13 12:15:00,94339.16,94344.02,94331.62,94332.72,300,45,0
2026.02.13 12:10:00,94333.16,94339.14,94333.16,94339.14,300,45,0
2026.02.13 12:05:00,94327.16,94333.14,94327.16,94333.14,300,45,0
2026.02.13 12:00:00,94321.16,94327.14,94321.16,94327.14,300,45,0
2026.02.13 11:55:00,94338.36,94340.94,94317.76,94321.14,300,45,0
2026.02.13 11:50:00,94332.36,94338.34,94332.36,94338.34,300,45,0
2026.02.13 11:45:00,94326.36,94332.34,94326.36,94332.34,300,45,0
2026.02.13 11:40:00,94320.36,94326.34,94320.36,94326.34,300,45,0
2026.02.13 11:35:00,94314.36,94320.34,94314.36,94320.34,300,45,0
2026.02.13 11:30:00,94308.36,94314.34,94308.36,94314.34,300,45,0
2026.02.13 11:25:00,94302.36,94308.34,94302.36,94308.34,300,45,0
2026.02.13 11:20:00,94296.36,94302.34,94296.36,94302.34,300,45,0
2026.02.13 11:15:00,94290.36,94296.34,94290.36,94296.34,300,45,0
2026.02.13 11:10:00,94284.36,94290.34,94284.36,94290.34,300,45,0
2026.02.13 11:05:00,94278.36,94284.34,94278.36,94284.34,300,45,0
2026.02.13 11:00:00,94272.36,94278.34,94272.36,94278.34,300,45,0
2026.02.13 10:55:00,94328.44,94328.60,94271.80,94272.34,300,45,0
2026.02.13 10:50:00,94357.10,94361.34,94326.70,94328.42,300,45,0
2026.02.13 10:45:00,94370.14,94370.44,94351.42,94357.08,300,45,0
2026.02.13 10:40:00,94364.14,94370.12,94364.14,94370.12,300,45,0
2026.02.13 10:35:00,94358.14,94364.12,94358.14,94364.12,300,45,0
2026.02.13 10:30:00,94368.96,94374.84,94358.04,94358.12,300,45,0
2026.02.13 10:25:00,94362.96,94368.94,94362.96,94368.94,300,45,0
2026.02.13 10:20:00,94356.96,94362.94,94356.96,94362.94,300,45,0
2026.02.13 10:15:00,94350.96,94356.94,94350.96,94356.94,300,45,0
2026.02.13 10:10:00,94372.23,94374.83,94347.58,94350.94,300,45,0
2026.02.13 10:05:00,94366.23,94372.21,94366.23,94372.21,300,45,0
2026.02.13 10:00:00,94360.23,94366.21,94360.23,94366.21,300,45,0
2026.02.13 09:55:00,94354.23,94360.21,94354.23,94360.21,300,45,0
2026.02.13 09:50:00,94348.23,94354.21,94348.23,94354.21,300,45,0
2026.02.13 09:45:00,94374.54,94376.40,94344.11,94348.21,300,45,0
2026.02.13 09:40:00,94389.47,94390.01,94369.10,94374.52,300,45,0
2026.02.13 09:35:00,94383.47,94389.45,94383.47,94389.45,300,45,0
2026.02.13 09:30:00,94377.47,94383.45,94377.47,94383.45,300,45,0
2026.02.13 09:25:00,94371.47,94377.45,94371.47,94377.45,300,45,0
2026.02.13 09:20:00,94365.47,94371.45,94365.47,94371.45,300,45,0
2026.02.13 09:15:00,94359.47,94365.45,94359.47,94365.45,300,45,0
2026.02.13 09:10:00,94353.47,94359.45,94353.47,94359.45,300,45,0
2026.02.13 09:05:00,94347.47,94353.45,94347.47,94353.45,300,45,0
2026.02.13 09:00:00,94341.47,94347.45,94341.47,94347.45,300,45,0
2026.02.13 08:55:00,94335.47,94341.45,94335.47,94341.45,300,45,0
2026.02.13 08:50:00,94329.47,94335.45,94329.47,94335.45,300,45,0
2026.02.13 08:45:00,94323.47,94329.45,94323.47,94329.45,300,45,0
2026.02.13 08:40:00,94317.47,94323.45,94317.47,94323.45,300,45,0
2026.02.13 08:35:00,94311.47,94317.45,94311.47,94317.45,300,45,0
2026.02.13 08:30:00,94322.74,94324.84,94307.59,94311.45,300,45,0
2026.02.13 08:25:00,94316.74,94322.72,94316.74,94322.72,300,45,0
2026.02.13 08:20:00,94310.74,94316.72,94310.74,94316.72,300,45,0
2026.02.13 08:15:00,94304.74,94310.72,94304.74,94310.72,300,45,0
2026.02.13 08:10:00,94298.74,94304.72,94298.74,94304.72,300,45,0
2026.02.13 08:05:00,94292.74,94298.72,94292.74,94298.72,300,45,0
2026.02.13 08:00:00,94286.74,94292.72,94286.74,94292.72,300,45,0
2026.02.13 07:55:00,94324.85,94325.15,94281.06,94286.72,300,45,0
2026.02.13 07:50:00,94318.85,94324.83,94318.85,94324.83,300,45,0
2026.02.13 07:45:00,94312.85,94318.83,94312.85,94318.83,300,45,0
2026.02.13 07:40:00,94323.86,94326.34,94309.35,94312.83,300,45,0
2026.02.13 07:35:00,94317.86,94323.84,94317.86,94323.84,300,45,0
2026.02.13 07:30:00,94311.86,94317.84,94311.86,94317.84,300,45,0
2026.02.13 07:25:00,94305.86,94311.84,94305.86,94311.84,300,45,0
2026.02.13 07:20:00,94325.51,94328.81,94303.18,94305.84,300,45,0
2026.02.13 07:15:00,94339.34,94339.90,94320.09,94325.49,300,45,0
2026.02.13 07:10:00,94333.34,94339.32,94333.34,94339.32,300,45,0
2026.02.13 07:05:00,94327.34,94333.32,94327.34,94333.32,300,45,0
2026.02.13 07:00:00,94321.34,94327.32,94321.34,94327.32,300,45,0
2026.02.13 06:55:00,94315.34,94321.32,94315.34,94321.32,300,45,0
2026.02.13 06:50:00,94334.96,94335.60,94310.00,94315.32,300,45,0
2026.02.13 06:45:00,94328.96,94334.94,94328.96,94334.94,300,45,0
2026.02.13 06:40:00,94322.96,94328.94,94322.96,94328.94,300,45,0
2026.02.13 06:35:00,94330.75,94332.79,94319.02,94322.94,300,45,0
2026.02.13 06:30:00,94324.75,94330.73,94324.75,94330.73,300,45,0
2026.02.13 06:25:00,94318.75,94324.73,94318.75,94324.73,300,45,0
2026.02.13 06:20:00,94312.75,94318.73,94312.75,94318.73,300,45,0
2026.02.13 06:15:00,94373.21,94374.93,94309.51,94312.73,300,45,0
2026.02.13 06:10:00,94367.21,94373.19,94367.21,94373.19,300,45,0
2026.02.13 06:05:00,94361.21,94367.19,94361.21,94367.19,300,45,0
2026.02.13 06:00:00,94355.21,94361.19,94355.21,94361.19,300,45,0
2026.02.13 05:55:00,94349.21,94355.19,94349.21,94355.19,300,45,0
2026.02.13 05:50:00,94382.11,94387.79,94348.91,94349.19,300,45,0
2026.02.13 05:45:00,94376.11,94382.09,94376.11,94382.09,300,45,0
2026.02.13 05:40:00,94370.11,94376.09,94370.11,94376.09,300,45,0
2026.02.13 05:35:00,94398.01,94403.25,94369.37,94370.09,300,45,0
2026.02.13 05:30:00,94392.01,94397.99,94392.01,94397.99,300,45,0
2026.02.13 05:25:00,94386.01,94391.99,94386.01,94391.99,300,45,0
2026.02.13 05:20:00,94380.01,94385.99,94380.01,94385.99,300,45,0
2026.02.13 05:15:00,94374.01,94379.99,94374.01,94379.99,300,45,0
2026.02.13 05:10:00,94368.01,94373.99,94368.01,94373.99,300,45,0
2026.02.13 05:05:00,94380.27,94382.63,94364.39,94367.99,300,45,0
2026.02.13 05:00:00,94391.26,94394.42,94377.45,94380.25,300,45,0
2026.02.13 04:55:00,94401.77,94407.41,94390.92,94391.24,300,45,0
2026.02.13 04:50:00,94395.77,94401.75,94395.77,94401.75,300,45,0
2026.02.13 04:45:00,94389.77,94395.75,94389.77,94395.75,300,45,0
2026.02.13 04:40:00,94398.51,94404.11,94389.39,94389.75,300,45,0
2026.02.13 04:35:00,94392.51,94398.49,94392.51,94398.49,300,45,0
2026.02.13 04:30:00,94386.51,94392.49,94386.51,94392.49,300,45,0
2026.02.13 04:25:00,94380.51,94386.49,94380.51,94386.49,300,45,0
2026.02.13 04:20:00,94390.04,94391.54,94376.03,94380.49,300,45,0
2026.02.13 04:15:00,94408.92,94413.56,94388.70,94390.02,300,45,0
2026.02.13 04:10:00,94421.71,94424.95,94406.18,94408.90,300,45,0
2026.02.13 04:05:00,94415.71,94421.69,94415.71,94421.69,300,45,0
2026.02.13 04:00:00,94409.71,94415.69,94409.71,94415.69,300,45,0
2026.02.13 03:55:00,94403.71,94409.69,94403.71,94409.69,300,45,0
2026.02.13 03:50:00,94397.71,94403.69,94397.71,94403.69,300,45,0
2026.02.13 03:45:00,94391.71,94397.69,94391.71,94397.69,300,45,0
2026.02.13 03:40:00,94385.71,94391.69,94385.71,94391.69,300,45,0
2026.02.13 03:35:00,94379.71,94385.69,94379.71,94385.69,300,45,0
2026.02.13 03:30:00,94373.71,94379.69,94373.71,94379.69,300,45,0
2026.02.13 03:25:00,94367.71,94373.69,94367.71,94373.69,300,45,0
2026.02.13 03:20:00,94361.71,94367.69,94361.71,94367.69,300,45,0
2026.02.13 03:15:00,94355.71,94361.69,94355.71,94361.69,300,45,0
2026.02.13 03:10:00,94349.71,94355.69,94349.71,94355.69,300,45,0
2026.02.13 03:05:00,94373.62,94375.02,94345.13,94349.69,300,45,0
2026.02.13 03:00:00,94367.62,94373.60,94367.62,94373.60,300,45,0
2026.02.13 02:55:00,94361.62,94367.60,94361.62,94367.60,300,45,0
2026.02.13 02:50:00,94355.62,94361.60,94355.62,94361.60,300,45,0
2026.02.13 02:45:00,94363.75,94364.09,94349.98,94355.60,300,45,0
2026.02.13 02:40:00,94357.75,94363.73,94357.75,94363.73,300,45,0
2026.02.13 02:35:00,94351.75,94357.73,94351.75,94357.73,300,45,0
2026.02.13 02:30:00,94345.75,94351.73,94345.75,94351.73,300,45,0
2026.02.13 02:25:00,94339.75,94345.73,94339.75,94345.73,300,45,0
2026.02.13 02:20:00,94333.75,94339.73,94333.75,94339.73,300,45,0
2026.02.13 02:15:00,94327.75,94333.73,94327.75,94333.73,300,45,0
2026.02.13 02:10:00,94336.94,94338.52,94323.35,94327.73,300,45,0
2026.02.13 02:05:00,94330.94,94336.92,94330.94,94336.92,300,45,0
2026.02.13 02:00:00,94324.94,94330.92,94324.94,94330.92,300,45,0
2026.02.13 01:55:00,94335.95,94340.91,94323.92,94324.92,300,45,0
2026.02.13 01:50:00,94369.13,94369.29,94331.19,94335.93,300,45,0
2026.02.13 01:45:00,94363.13,94369.11,94363.13,94369.11,300,45,0
2026.02.13 01:40:00,94406.85,94408.21,94361.27,94363.11,300,45,0
2026.02.13 01:35:00,94434.13,94434.49,94401.23,94406.83,300,45,0
2026.02.13 01:30:00,94428.13,94434.11,94428.13,94434.11,300,45,0
2026.02.13 01:25:00,94422.13,94428.11,94422.13,94428.11,300,45,0
2026.02.13 01:20:00,94416.13,94422.11,94416.13,94422.11,300,45,0
2026.02.13 01:15:00,94441.03,94446.39,94415.51,94416.11,300,45,0
2026.02.13 01:10:00,94435.03,94441.01,94435.03,94441.01,300,45,0
2026.02.13 01:05:00,94429.03,94435.01,94429.03,94435.01,300,45,0
2026.02.13 01:00:00,94442.82,94446.36,94426.59,94429.01,300,45,0
2026.02.13 00:55:00,94454.30,94457.70,94440.24,94442.80,300,45,0
2026.02.13 00:50:00,94469.72,94471.62,94450.22,94454.28,300,45,0
2026.02.13 00:45:00,94479.31,94480.03,94464.46,94469.70,300,45,0
2026.02.13 00:40:00,94473.31,94479.29,94473.31,94479.29,300,45,0
2026.02.13 00:35:00,94467.31,94473.29,94467.31,94473.29,300,45,0
2026.02.13 00:30:00,94461.31,94467.29,94461.31,94467.29,300,45,0
2026.02.13 00:25:00,94455.31,94461.29,94455.31,94461.29,300,45,0
2026.02.13 00:20:00,94486.25,94489.91,94452.99,94455.29,300,45,0
2026.02.13 00:15:00,94498.73,94502.69,94484.23,94486.23,300,45,0
2026.02.13 00:10:00,94492.73,94498.71,94492.73,94498.71,300,45,0
2026.02.13 00:05:00,94486.73,94492.71,94486.73,94492.71,300,45,0
2026.02.13 00:00:00,94480.73,94486.71,94480.73,94486.71,300,45,0
2026.02.12 23:55:00,94474.73,94480.71,94474.73,94480.71,300,45,0
2026.02.12 23:50:00,94468.73,94474.71,94468.73,94474.71,300,45,0
2026.02.12 23:45:00,94462.73,94468.71,94462.73,94468.71,300,45,0
2026.02.12 23:40:00,94456.73,94462.71,94456.73,94462.71,300,45,0
2026.02.12 23:35:00,94450.73,94456.71,94450.73,94456.71,300,45,0
2026.02.12 23:30:00,94458.37,94460.65,94447.03,94450.71,300,45,0
2026.02.12 23:25:00,94452.37,94458.35,94452.37,94458.35,300,45,0
2026.02.12 23:20:00,94471.60,94474.16,94448.95,94452.35,300,45,0
2026.02.12 23:15:00,94465.60,94471.58,94465.60,94471.58,300,45,0
2026.02.12 23:10:00,94459.60,94465.58,94459.60,94465.58,300,45,0
2026.02.12 23:05:00,94453.60,94459.58,94453.60,94459.58,300,45,0
2026.02.12 23:00:00,94447.60,94453.58,94447.60,94453.58,300,45,0
2026.02.12 22:55:00,94441.60,94447.58,94441.60,94447.58,300,45,0
2026.02.12 22:50:00,94435.60,94441.58,94435.60,94441.58,300,45,0
2026.02.12 22:45:00,94429.60,94435.58,94429.60,94435.58,300,45,0
2026.02.12 22:40:00,94444.25,94447.05,94426.42,94429.58,300,45,0
2026.02.12 22:35:00,94438.25,94444.23,94438.25,94444.23,300,45,0
2026.02.12 22:30:00,94432.25,94438.23,94432.25,94438.23,300,45,0
2026.02.12 22:25:00,94426.25,94432.23,94426.25,94432.23,300,45,0
2026.02.12 22:20:00,94420.25,94426.23,94420.25,94426.23,300,45,0
2026.02.12 22:15:00,94414.25,94420.23,94414.25,94420.23,300,45,0
2026.02.12 22:10:00,94429.19,94434.41,94413.49,94414.23,300,45,0
2026.02.12 22:05:00,94423.19,94429.17,94423.19,94429.17,300,45,0
2026.02.12 22:00:00,94417.19,94423.17,94417.19,94423.17,300,45,0
2026.02.12 21:55:00,94411.19,94417.17,94411.19,94417.17,300,45,0
2026.02.12 21:50:00,94405.19,94411.17,94405.19,94411.17,300,45,0
2026.02.12 21:45:00,94399.19,94405.17,94399.19,94405.17,300,45,0
2026.02.12 21:40:00,94413.41,94415.69,94395.49,94399.17,300,45,0
2026.02.12 21:35:00,94407.41,94413.39,94407.41,94413.39,300,45,0
2026.02.12 21:30:00,94401.41,94407.39,94401.41,94407.39,300,45,0
2026.02.12 21:25:00,94395.41,94401.39,94395.41,94401.39,300,45,0
2026.02.12 21:20:00,94389.41,94395.39,94389.41,94395.39,300,45,0
2026.02.12 21:15:00,94408.69,94412.57,94387.31,94389.39,300,45,0
2026.02.12 21:10:00,94402.69,94408.67,94402.69,94408.67,300,45,0
2026.02.12 21:05:00,94427.91,94429.01,94397.81,94402.67,300,45,0
2026.02.12 21:00:00,94421.91,94427.89,94421.91,94427.89,300,45,0
2026.02.12 20:55:00,94460.11,94465.35,94421.17,94421.89,300,45,0
2026.02.12 20:50:00,94454.11,94460.09,94454.11,94460.09,300,45,0
2026.02.12 20:45:00,94466.21,94466.89,94448.81,94454.09,300,45,0
2026.02.12 20:40:00,94460.21,94466.19,94460.21,94466.19,300,45,0
2026.02.12 20:35:00,94454.21,94460.19,94454.21,94460.19,300,45,0
2026.02.12 20:30:00,94481.02,94486.70,94453.91,94454.19,300,45,0
2026.02.12 20:25:00,94515.30,94516.98,94476.72,94481.00,300,45,0
2026.02.12 20:20:00,94509.30,94515.28,94509.30,94515.28,300,45,0
2026.02.12 20:15:00,94503.30,94509.28,94503.30,94509.28,300,45,0
2026.02.12 20:10:00,94497.30,94503.28,94497.30,94503.28,300,45,0
2026.02.12 20:05:00,94491.30,94497.28,94491.30,94497.28,300,45,0
2026.02.12 20:00:00,94485.30,94491.28,94485.30,94491.28,300,45,0
2026.02.12 19:55:00,94479.30,94485.28,94479.30,94485.28,300,45,0
2026.02.12 19:50:00,94490.26,94491.50,94474.56,94479.28,300,45,0
2026.02.12 19:45:00,94484.26,94490.24,94484.26,94490.24,300,45,0
2026.02.12 19:40:00,94478.26,94484.24,94478.26,94484.24,300,45,0
2026.02.12 19:35:00,94472.26,94478.24,94472.26,94478.24,300,45,0
2026.02.12 19:30:00,94466.26,94472.24,94466.26,94472.24,300,45,0
2026.02.12 19:25:00,94460.26,94466.24,94460.26,94466.24,300,45,0
2026.02.12 19:20:00,94454.26,94460.24,94454.26,94460.24,300,45,0
2026.02.12 19:15:00,94448.26,94454.24,94448.26,94454.24,300,45,0
2026.02.12 19:10:00,94442.26,94448.24,94442.26,94448.24,300,45,0
2026.02.12 19:05:00,94436.26,94442.24,94436.26,94442.24,300,45,0
2026.02.12 19:00:00,94454.38,94459.18,94435.08,94436.24,300,45,0
2026.02.12 18:55:00,94448.38,94454.36,94448.38,94454.36,300,45,0
2026.02.12 18:50:00,94442.38,94448.36,94442.38,94448.36,300,45,0
2026.02.12 18:45:00,94466.12,94471.02,94441.30,94442.36,300,45,0
2026.02.12 18:40:00,94497.05,94498.25,94461.34,94466.10,300,45,0
2026.02.12 18:35:00,94491.05,94497.03,94491.05,94497.03,300,45,0
2026.02.12 18:30:00,94508.11,94511.43,94488.39,94491.03,300,45,0
2026.02.12 18:25:00,94502.11,94508.09,94502.11,94508.09,300,45,0
2026.02.12 18:20:00,94496.11,94502.09,94496.11,94502.09,300,45,0
2026.02.12 18:15:00,94490.11,94496.09,94490.11,94496.09,300,45,0
2026.02.12 18:10:00,94484.11,94490.09,94484.11,94490.09,300,45,0
2026.02.12 18:05:00,94478.11,94484.09,94478.11,94484.09,300,45,0
2026.02.12 18:00:00,94472.11,94478.09,94472.11,94478.09,300,45,0
2026.02.12 17:55:00,94466.11,94472.09,94466.11,94472.09,300,45,0
2026.02.12 17:50:00,94460.11,94466.09,94460.11,94466.09,300,45,0
2026.02.12 17:45:00,94454.11,94460.09,94454.11,94460.09,300,45,0
2026.02.12 17:40:00,94460.69,94460.79,94448.23,94454.09,300,45,0
2026.02.12 17:35:00,94482.84,94485.52,94457.39,94460.67,300,45,0
2026.02.12 17:30:00,94476.84,94482.82,94476.84,94482.82,300,45,0
2026.02.12 17:25:00,94470.84,94476.82,94470.84,94476.82,300,45,0
2026.02.12 17:20:00,94464.84,94470.82,94464.84,94470.82,300,45,0
2026.02.12 17:15:00,94458.84,94464.82,94458.84,94464.82,300,45,0
2026.02.12 17:10:00,94452.84,94458.82,94452.84,94458.82,300,45,0
2026.02.12 17:05:00,94446.84,94452.82,94446.84,94452.82,300,45,0
2026.02.12 17:00:00,94461.13,94465.85,94445.58,94446.82,300,45,0
2026.02.12 16:55:00,94455.13,94461.11,94455.13,94461.11,300,45,0
2026.02.12 16:50:00,94449.13,94455.11,94449.13,94455.11,300,45,0
2026.02.12 16:45:00,94443.13,94449.11,94443.13,94449.11,300,45,0
2026.02.12 16:40:00,94457.33,94462.07,94441.89,94443.11,300,45,0
2026.02.12 16:35:00,94451.33,94457.31,94451.33,94457.31,300,45,0
2026.02.12 16:30:00,94460.04,94465.94,94451.25,94451.31,300,45,0
2026.02.12 16:25:00,94454.04,94460.02,94454.04,94460.02,300,45,0
2026.02.12 16:20:00,94466.12,94467.10,94449.04,94454.02,300,45,0
2026.02.12 16:15:00,94479.68,94481.80,94462.26,94466.10,300,45,0
2026.02.12 16:10:00,94473.68,94479.66,94473.68,94479.66,300,45,0
2026.02.12 16:05:00,94467.68,94473.66,94467.68,94473.66,300,45,0
2026.02.12 16:00:00,94505.91,94507.25,94463.04,94467.66,300,45,0
2026.02.12 15:55:00,94499.91,94505.89,94499.91,94505.89,300,45,0
2026.02.12 15:50:00,94493.91,94499.89,94493.91,94499.89,300,45,0
2026.02.12 15:45:00,94487.91,94493.89,94487.91,94493.89,300,45,0
2026.02.12 15:40:00,94508.43,94510.85,94484.35,94487.89,300,45,0
2026.02.12 15:35:00,94502.43,94508.41,94502.43,94508.41,300,45,0
2026.02.12 15:30:00,94496.43,94502.41,94496.43,94502.41,300,45,0
2026.02.12 15:25:00,94490.43,94496.41,94490.43,94496.41,300,45,0
2026.02.12 15:20:00,94484.43,94490.41,94484.43,94490.41,300,45,0
2026.02.12 15:15:00,94506.19,94508.85,94481.11,94484.41,300,45,0
2026.02.12 15:10:00,94521.12,94521.38,94500.47,94506.17,300,45,0
2026.02.12 15:05:00,94540.45,94544.25,94518.94,94521.10,300,45,0
2026.02.12 15:00:00,94534.45,94540.43,94534.45,94540.43,300,45,0
2026.02.12 14:55:00,94549.75,94551.79,94530.51,94534.43,300,45,0
2026.02.12 14:50:00,94543.75,94549.73,94543.75,94549.73,300,45,0
2026.02.12 14:45:00,94537.75,94543.73,94537.75,94543.73,300,45,0
2026.02.12 14:40:00,94531.75,94537.73,94531.75,94537.73,300,45,0
2026.02.12 14:35:00,94525.75,94531.73,94525.75,94531.73,300,45,0
2026.02.12 14:30:00,94519.75,94525.73,94519.75,94525.73,300,45,0
2026.02.12 14:25:00,94530.74,94534.94,94517.97,94519.73,300,45,0
2026.02.12 14:20:00,94591.67,94595.05,94529.48,94530.72,300,45,0
2026.02.12 14:15:00,94585.67,94591.65,94585.67,94591.65,300,45,0
2026.02.12 14:10:00,94579.67,94585.65,94579.67,94585.65,300,45,0
2026.02.12 14:05:00,94573.67,94579.65,94573.67,94579.65,300,45,0
2026.02.12 14:00:00,94567.67,94573.65,94567.67,94573.65,300,45,0
2026.02.12 13:55:00,94561.67,94567.65,94561.67,94567.65,300,45,0
2026.02.12 13:50:00,94555.67,94561.65,94555.67,94561.65,300,45,0
2026.02.12 13:45:00,94549.67,94555.65,94549.67,94555.65,300,45,0
2026.02.12 13:40:00,94570.33,94575.83,94549.19,94549.65,300,45,0
2026.02.12 13:35:00,94589.56,94590.28,94565.07,94570.31,300,45,0
2026.02.12 13:30:00,94583.56,94589.54,94583.56,94589.54,300,45,0
2026.02.12 13:25:00,94577.56,94583.54,94577.56,94583.54,300,45,0
2026.02.12 13:20:00,94571.56,94577.54,94571.56,94577.54,300,45,0
2026.02.12 13:15:00,94565.56,94571.54,94565.56,94571.54,300,45,0
2026.02.12 13:10:00,94559.56,94565.54,94559.56,94565.54,300,45,0
2026.02.12 13:05:00,94553.56,94559.54,94553.56,94559.54,300,45,0
2026.02.12 13:00:00,94547.56,94553.54,94547.56,94553.54,300,45,0
2026.02.12 12:55:00,94554.48,94558.42,94545.52,94547.54,300,45,0
2026.02.12 12:50:00,94548.48,94554.46,94548.48,94554.46,300,45,0
2026.02.12 12:45:00,94542.48,94548.46,94542.48,94548.46,300,45,0
2026.02.12 12:40:00,94561.12,94565.16,94540.54,94542.46,300,45,0
2026.02.12 12:35:00,94570.10,94574.86,94559.90,94561.10,300,45,0
2026.02.12 12:30:00,94564.10,94570.08,94564.10,94570.08,300,45,0
2026.02.12 12:25:00,94558.10,94564.08,94558.10,94564.08,300,45,0
2026.02.12 12:20:00,94552.10,94558.08,94552.10,94558.08,300,45,0
2026.02.12 12:15:00,94546.10,94552.08,94546.10,94552.08,300,45,0
2026.02.12 12:10:00,94561.36,94566.48,94545.24,94546.08,300,45,0
2026.02.12 12:05:00,94555.36,94561.34,94555.36,94561.34,300,45,0
2026.02.12 12:00:00,94549.36,94555.34,94549.36,94555.34,300,45,0
2026.02.12 11:55:00,94543.36,94549.34,94543.36,94549.34,300,45,0
2026.02.12 11:50:00,94537.36,94543.34,94537.36,94543.34,300,45,0
2026.02.12 11:45:00,94531.36,94537.34,94531.36,94537.34,300,45,0
2026.02.12 11:40:00,94554.86,94555.38,94525.90,94531.34,300,45,0
2026.02.12 11:35:00,94548.86,94554.84,94548.86,94554.84,300,45,0
2026.02.12 11:30:00,94542.86,94548.84,94542.86,94548.84,300,45,0
2026.02.12 11:25:00,94536.86,94542.84,94536.86,94542.84,300,45,0
2026.02.12 11:20:00,94530.86,94536.84,94530.86,94536.84,300,45,0
2026.02.12 11:15:00,94559.63,94562.85,94528.10,94530.84,300,45,0
2026.02.12 11:10:00,94553.63,94559.61,94553.63,94559.61,300,45,0
2026.02.12 11:05:00,94562.06,94564.98,94550.57,94553.61,300,45,0
2026.02.12 11:00:00,94571.00,94574.14,94559.22,94562.04,300,45,0
2026.02.12 10:55:00,94565.00,94570.98,94565.00,94570.98,300,45,0
2026.02.12 10:50:00,94559.00,94564.98,94559.00,94564.98,300,45,0
2026.02.12 10:45:00,94553.00,94558.98,94553.00,94558.98,300,45,0
2026.02.12 10:40:00,94547.00,94552.98,94547.00,94552.98,300,45,0
2026.02.12 10:35:00,94563.27,94567.69,94545.44,94546.98,300,45,0
2026.02.12 10:30:00,94557.27,94563.25,94557.27,94563.25,300,45,0
2026.02.12 10:25:00,94551.27,94557.25,94551.27,94557.25,300,45,0
2026.02.12 10:20:00,94545.27,94551.25,94545.27,94551.25,300,45,0
2026.02.12 10:15:00,94539.27,94545.25,94539.27,94545.25,300,45,0
2026.02.12 10:10:00,94561.32,94565.92,94537.89,94539.25,300,45,0
2026.02.12 10:05:00,94555.32,94561.30,94555.32,94561.30,300,45,0
2026.02.12 10:00:00,94549.32,94555.30,94549.32,94555.30,300,45,0
2026.02.12 09:55:00,94543.32,94549.30,94543.32,94549.30,300,45,0
2026.02.12 09:50:00,94537.32,94543.30,94537.32,94543.30,300,45,0
2026.02.12 09:45:00,94547.61,94549.83,94533.56,94537.30,300,45,0
2026.02.12 09:40:00,94541.61,94547.59,94541.61,94547.59,300,45,0
2026.02.12 09:35:00,94555.26,94558.20,94538.57,94541.59,300,45,0
2026.02.12 09:30:00,94549.26,94555.24,94549.26,94555.24,300,45,0
2026.02.12 09:25:00,94572.18,94574.58,94545.68,94549.24,300,45,0
2026.02.12 09:20:00,94566.18,94572.16,94566.18,94572.16,300,45,0
2026.02.12 09:15:00,94560.18,94566.16,94560.18,94566.16,300,45,0
2026.02.12 09:10:00,94581.03,94583.49,94556.66,94560.16,300,45,0
2026.02.12 09:05:00,94590.80,94592.94,94577.19,94581.01,300,45,0
2026.02.12 09:00:00,94584.80,94590.78,94584.80,94590.78,300,45,0
2026.02.12 08:55:00,94598.26,94601.32,94581.88,94584.78,300,45,0
2026.02.12 08:50:00,94592.26,94598.24,94592.26,94598.24,300,45,0
2026.02.12 08:45:00,94586.26,94592.24,94586.26,94592.24,300,45,0
2026.02.12 08:40:00,94580.26,94586.24,94580.26,94586.24,300,45,0
2026.02.12 08:35:00,94574.26,94580.24,94574.26,94580.24,300,45,0
2026.02.12 08:30:00,94568.26,94574.24,94568.26,94574.24,300,45,0
2026.02.12 08:25:00,94562.26,94568.24,94562.26,94568.24,300,45,0
2026.02.12 08:20:00,94556.26,94562.24,94556.26,94562.24,300,45,0
2026.02.12 08:15:00,94568.78,94569.38,94550.88,94556.24,300,45,0
2026.02.12 08:10:00,94562.78,94568.76,94562.78,94568.76,300,45,0
2026.02.12 08:05:00,94556.78,94562.76,94556.78,94562.76,300,45,0
2026.02.12 08:00:00,94550.78,94556.76,94550.78,94556.76,300,45,0
2026.02.12 07:55:00,94544.78,94550.76,94544.78,94550.76,300,45,0
2026.02.12 07:50:00,94538.78,94544.76,94538.78,94544.76,300,45,0
2026.02.12 07:45:00,94532.78,94538.76,94532.78,94538.76,300,45,0
2026.02.12 07:40:00,94526.78,94532.76,94526.78,94532.76,300,45,0
2026.02.12 07:35:00,94520.78,94526.76,94520.78,94526.76,300,45,0
2026.02.12 07:30:00,94514.78,94520.76,94514.78,94520.76,300,45,0
2026.02.12 07:25:00,94508.78,94514.76,94508.78,94514.76,300,45,0
2026.02.12 07:20:00,94502.78,94508.76,94502.78,94508.76,300,45,0
2026.02.12 07:15:00,94514.25,94518.91,94501.46,94502.76,300,45,0
2026.02.12 07:10:00,94508.25,94514.23,94508.25,94514.23,300,45,0
2026.02.12 07:05:00,94502.25,94508.23,94502.25,94508.23,300,45,0
2026.02.12 07:00:00,94496.25,94502.23,94496.25,94502.23,300,45,0
2026.02.12 06:55:00,94490.25,94496.23,94490.25,94496.23,300,45,0
2026.02.12 06:50:00,94484.25,94490.23,94484.25,94490.23,300,45,0
2026.02.12 06:45:00,94478.25,94484.23,94478.25,94484.23,300,45,0
2026.02.12 06:40:00,94472.25,94478.23,94472.25,94478.23,300,45,0
2026.02.12 06:35:00,94466.25,94472.23,94466.25,94472.23,300,45,0
2026.02.12 06:30:00,94460.25,94466.23,94460.25,94466.23,300,45,0
2026.02.12 06:25:00,94454.25,94460.23,94454.25,94460.23,300,45,0
2026.02.12 06:20:00,94448.25,94454.23,94448.25,94454.23,300,45,0
2026.02.12 06:15:00,94442.25,94448.23,94442.25,94448.23,300,45,0
2026.02.12 06:10:00,94436.25,94442.23,94436.25,94442.23,300,45,0
2026.02.12 06:05:00,94430.25,94436.23,94430.25,94436.23,300,45,0
2026.02.12 06:00:00,94424.25,94430.23,94424.25,94430.23,300,45,0
2026.02.12 05:55:00,94418.25,94424.23,94418.25,94424.23,300,45,0
2026.02.12 05:50:00,94412.25,94418.23,94412.25,94418.23,300,45,0
2026.02.12 05:45:00,94406.25,94412.23,94406.25,94412.23,300,45,0
2026.02.12 05:40:00,94400.25,94406.23,94400.25,94406.23,300,45,0
2026.02.12 05:35:00,94394.25,94400.23,94394.25,94400.23,300,45,0
2026.02.12 05:30:00,94388.25,94394.23,94388.25,94394.23,300,45,0
2026.02.12 05:25:00,94404.35,94405.05,94382.97,94388.23,300,45,0
2026.02.12 05:20:00,94411.37,94412.23,94399.23,94404.33,300,45,0
2026.02.12 05:15:00,94405.37,94411.35,94405.37,94411.35,300,45,0
2026.02.12 05:10:00,94429.67,94430.37,94400.09,94405.35,300,45,0
2026.02.12 05:05:00,94423.67,94429.65,94423.67,94429.65,300,45,0
2026.02.12 05:00:00,94435.04,94437.10,94419.75,94423.65,300,45,0
2026.02.12 04:55:00,94429.04,94435.02,94429.04,94435.02,300,45,0
2026.02.12 04:50:00,94423.04,94429.02,94423.04,94429.02,300,45,0
2026.02.12 04:45:00,94417.04,94423.02,94417.04,94423.02,300,45,0
2026.02.12 04:40:00,94411.04,94417.02,94411.04,94417.02,300,45,0
2026.02.12 04:35:00,94405.04,94411.02,94405.04,94411.02,300,45,0
2026.02.12 04:30:00,94399.04,94405.02,94399.04,94405.02,300,45,0
2026.02.12 04:25:00,94417.63,94420.93,94396.36,94399.02,300,45,0
2026.02.12 04:20:00,94411.63,94417.61,94411.63,94417.61,300,45,0
2026.02.12 04:15:00,94405.63,94411.61,94405.63,94411.61,300,45,0
2026.02.12 04:10:00,94399.63,94405.61,94399.63,94405.61,300,45,0
2026.02.12 04:05:00,94393.63,94399.61,94393.63,94399.61,300,45,0
2026.02.12 04:00:00,94387.63,94393.61,94387.63,94393.61,300,45,0
2026.02.12 03:55:00,94381.63,94387.61,94381.63,94387.61,300,45,0
2026.02.12 03:50:00,94375.63,94381.61,94375.63,94381.61,300,45,0
2026.02.12 03:45:00,94369.63,94375.61,94369.63,94375.61,300,45,0
2026.02.12 03:40:00,94384.42,94384.60,94363.83,94369.61,300,45,0
2026.02.12 03:35:00,94378.42,94384.40,94378.42,94384.40,300,45,0
2026.02.12 03:30:00,94395.61,94399.63,94376.46,94378.40,300,45,0
2026.02.12 03:25:00,94389.61,94395.59,94389.61,94395.59,300,45,0
2026.02.12 03:20:00,94383.61,94389.59,94383.61,94389.59,300,45,0
2026.02.12 03:15:00,94377.61,94383.59,94377.61,94383.59,300,45,0
2026.02.12 03:10:00,94371.61,94377.59,94371.61,94377.59,300,45,0
2026.02.12 03:05:00,94365.61,94371.59,94365.61,94371.59,300,45,0
2026.02.12 03:00:00,94385.43,94386.15,94360.35,94365.59,300,45,0
2026.02.12 02:55:00,94420.03,94423.17,94384.21,94385.41,300,45,0
2026.02.12 02:50:00,94439.56,94440.44,94414.93,94420.01,300,45,0
2026.02.12 02:45:00,94449.81,94453.05,94436.82,94439.54,300,45,0
2026.02.12 02:40:00,94443.81,94449.79,94443.81,94449.79,300,45,0
2026.02.12 02:35:00,94437.81,94443.79,94437.81,94443.79,300,45,0
2026.02.12 02:30:00,94431.81,94437.79,94431.81,94437.79,300,45,0
2026.02.12 02:25:00,94425.81,94431.79,94425.81,94431.79,300,45,0
2026.02.12 02:20:00,94419.81,94425.79,94419.81,94425.79,300,45,0
2026.02.12 02:15:00,94413.81,94419.79,94413.81,94419.79,300,45,0
2026.02.12 02:10:00,94423.09,94423.73,94408.47,94413.79,300,45,0
2026.02.12 02:05:00,94417.09,94423.07,94417.09,94423.07,300,45,0
2026.02.12 02:00:00,94438.31,94443.43,94416.23,94417.07,300,45,0
2026.02.12 01:55:00,94432.31,94438.29,94432.31,94438.29,300,45,0
2026.02.12 01:50:00,94426.31,94432.29,94426.31,94432.29,300,45,0
2026.02.12 01:45:00,94420.31,94426.29,94420.31,94426.29,300,45,0
2026.02.12 01:40:00,94437.67,94438.89,94415.55,94420.29,300,45,0
2026.02.12 01:35:00,94431.67,94437.65,94431.67,94437.65,300,45,0
2026.02.12 01:30:00,94440.02,94445.54,94431.21,94431.65,300,45,0
2026.02.12 01:25:00,94519.34,94521.34,94438.44,94440.00,300,45,0
2026.02.12 01:20:00,94513.34,94519.32,94513.34,94519.32,300,45,0
2026.02.12 01:15:00,94531.48,94532.32,94508.20,94513.32,300,45,0
2026.02.12 01:10:00,94525.48,94531.46,94525.48,94531.46,300,45,0
2026.02.12 01:05:00,94519.48,94525.46,94519.48,94525.46,300,45,0
2026.02.12 01:00:00,94534.53,94536.21,94515.18,94519.46,300,45,0
2026.02.12 00:55:00,94542.42,94547.54,94533.67,94534.51,300,45,0
2026.02.12 00:50:00,94536.42,94542.40,94536.42,94542.40,300,45,0
2026.02.12 00:45:00,94530.42,94536.40,94530.42,94536.40,300,45,0
2026.02.12 00:40:00,94524.42,94530.40,94524.42,94530.40,300,45,0
2026.02.12 00:35:00,94518.42,94524.40,94518.42,94524.40,300,45,0
2026.02.12 00:30:00,94512.42,94518.40,94512.42,94518.40,300,45,0
2026.02.12 00:25:00,94506.42,94512.40,94506.42,94512.40,300,45,0
2026.02.12 00:20:00,94500.42,94506.40,94500.42,94506.40,300,45,0
2026.02.12 00:15:00,94494.42,94500.40,94494.42,94500.40,300,45,0
2026.02.12 00:10:00,94488.42,94494.40,94488.42,94494.40,300,45,0
2026.02.12 00:05:00,94482.42,94488.40,94482.42,94488.40,300,45,0
2026.02.12 00:00:00,94476.42,94482.40,94476.42,94482.40,300,45,0
2026.02.11 23:55:00,94470.42,94476.40,94470.42,94476.40,300,45,0
2026.02.11 23:50:00,94464.42,94470.40,94464.42,94470.40,300,45,0
2026.02.11 23:45:00,94458.42,94464.40,94458.42,94464.40,300,45,0
2026.02.11 23:40:00,94452.42,94458.40,94452.42,94458.40,300,45,0
2026.02.11 23:35:00,94446.42,94452.40,94446.42,94452.40,300,45,0
2026.02.11 23:30:00,94469.76,94471.96,94442.64,94446.40,300,45,0
2026.02.11 23:25:00,94463.76,94469.74,94463.76,94469.74,300,45,0
2026.02.11 23:20:00,94457.76,94463.74,94457.76,94463.74,300,45,0
2026.02.11 23:15:00,94451.76,94457.74,94451.76,94457.74,300,45,0
2026.02.11 23:10:00,94481.54,94482.34,94446.58,94451.74,300,45,0
2026.02.11 23:05:00,94475.54,94481.52,94475.54,94481.52,300,45,0
2026.02.11 23:00:00,94469.54,94475.52,94469.54,94475.52,300,45,0
2026.02.11 22:55:00,94496.20,94501.82,94469.18,94469.52,300,45,0
2026.02.11 22:50:00,94490.20,94496.18,94490.20,94496.18,300,45,0
2026.02.11 22:45:00,94484.20,94490.18,94484.20,94490.18,300,45,0
2026.02.11 22:40:00,94507.32,94510.22,94481.12,94484.18,300,45,0
2026.02.11 22:35:00,94501.32,94507.30,94501.32,94507.30,300,45,0
2026.02.11 22:30:00,94495.32,94501.30,94495.32,94501.30,300,45,0
2026.02.11 22:25:00,94489.32,94495.30,94489.32,94495.30,300,45,0
2026.02.11 22:20:00,94483.32,94489.30,94483.32,94489.30,300,45,0
2026.02.11 22:15:00,94477.32,94483.30,94477.32,94483.30,300,45,0
2026.02.11 22:10:00,94512.60,94514.66,94476.66,94477.30,300,45,0
2026.02.11 22:05:00,94506.60,94512.58,94506.60,94512.58,300,45,0
2026.02.11 22:00:00,94500.60,94506.58,94500.60,94506.58,300,45,0
2026.02.11 21:55:00,94494.60,94500.58,94494.60,94500.58,300,45,0
2026.02.11 21:50:00,94488.60,94494.58,94488.60,94494.58,300,45,0
2026.02.11 21:45:00,94482.60,94488.58,94482.60,94488.58,300,45,0
2026.02.11 21:40:00,94476.60,94482.58,94476.60,94482.58,300,45,0
2026.02.11 21:35:00,94470.60,94476.58,94470.60,94476.58,300,45,0
2026.02.11 21:30:00,94464.60,94470.58,94464.60,94470.58,300,45,0
2026.02.11 21:25:00,94458.60,94464.58,94458.60,94464.58,300,45,0
2026.02.11 21:20:00,94452.60,94458.58,94452.60,94458.58,300,45,0
2026.02.11 21:15:00,94446.60,94452.58,94446.60,94452.58,300,45,0
2026.02.11 21:10:00,94440.60,94446.58,94440.60,94446.58,300,45,0
2026.02.11 21:05:00,94434.60,94440.58,94434.60,94440.58,300,45,0
2026.02.11 21:00:00,94442.75,94444.21,94430.08,94434.58,300,45,0
2026.02.11 20:55:00,94460.78,94465.06,94441.05,94442.73,300,45,0
2026.02.11 20:50:00,94454.78,94460.76,94454.78,94460.76,300,45,0
2026.02.11 20:45:00,94448.78,94454.76,94448.78,94454.76,300,45,0
2026.02.11 20:40:00,94442.78,94448.76,94442.78,94448.76,300,45,0
2026.02.11 20:35:00,94436.78,94442.76,94436.78,94442.76,300,45,0
2026.02.11 20:30:00,94430.78,94436.76,94430.78,94436.76,300,45,0
2026.02.11 20:25:00,94424.78,94430.76,94424.78,94430.76,300,45,0
2026.02.11 20:20:00,94418.78,94424.76,94418.78,94424.76,300,45,0
2026.02.11 20:15:00,94425.80,94427.20,94414.20,94418.76,300,45,0
2026.02.11 20:10:00,94419.80,94425.78,94419.80,94425.78,300,45,0
2026.02.11 20:05:00,94413.80,94419.78,94413.80,94419.78,300,45,0
2026.02.11 20:00:00,94407.80,94413.78,94407.80,94413.78,300,45,0
2026.02.11 19:55:00,94401.80,94407.78,94401.80,94407.78,300,45,0
2026.02.11 19:50:00,94395.80,94401.78,94395.80,94401.78,300,45,0
2026.02.11 19:45:00,94389.80,94395.78,94389.80,94395.78,300,45,0
2026.02.11 19:40:00,94383.80,94389.78,94383.80,94389.78,300,45,0
2026.02.11 19:35:00,94432.49,94436.67,94383.00,94383.78,300,45,0
2026.02.11 19:30:00,94451.31,94452.67,94427.87,94432.47,300,45,0
2026.02.11 19:25:00,94445.31,94451.29,94445.31,94451.29,300,45,0
2026.02.11 19:20:00,94439.31,94445.29,94439.31,94445.29,300,45,0
2026.02.11 19:15:00,94433.31,94439.29,94433.31,94439.29,300,45,0
2026.02.11 19:10:00,94427.31,94433.29,94427.31,94433.29,300,45,0
2026.02.11 19:05:00,94421.31,94427.29,94421.31,94427.29,300,45,0
2026.02.11 19:00:00,94472.95,94472.99,94418.59,94421.29,300,45,0
2026.02.11 18:55:00,94466.95,94472.93,94466.95,94472.93,300,45,0
2026.02.11 18:50:00,94460.95,94466.93,94460.95,94466.93,300,45,0
2026.02.11 18:45:00,94470.18,94471.76,94456.55,94460.93,300,45,0
2026.02.11 18:40:00,94464.18,94470.16,94464.18,94470.16,300,45,0
2026.02.11 18:35:00,94472.96,94474.14,94459.38,94464.16,300,45,0
2026.02.11 18:30:00,94466.96,94472.94,94466.96,94472.94,300,45,0
2026.02.11 18:25:00,94490.49,94496.39,94466.88,94466.94,300,45,0
2026.02.11 18:20:00,94484.49,94490.47,94484.49,94490.47,300,45,0
2026.02.11 18:15:00,94506.91,94510.49,94482.09,94484.47,300,45,0
2026.02.11 18:10:00,94500.91,94506.89,94500.91,94506.89,300,45,0
2026.02.11 18:05:00,94494.91,94500.89,94494.91,94500.89,300,45,0
2026.02.11 18:00:00,94488.91,94494.89,94488.91,94494.89,300,45,0
2026.02.11 17:55:00,94482.91,94488.89,94482.91,94488.89,300,45,0
2026.02.11 17:50:00,94476.91,94482.89,94476.91,94482.89,300,45,0
2026.02.11 17:45:00,94470.91,94476.89,94470.91,94476.89,300,45,0
2026.02.11 17:40:00,94464.91,94470.89,94464.91,94470.89,300,45,0
2026.02.11 17:35:00,94481.86,94482.90,94459.97,94464.89,300,45,0
2026.02.11 17:30:00,94511.10,94513.38,94478.16,94481.84,300,45,0
2026.02.11 17:25:00,94505.10,94511.08,94505.10,94511.08,300,45,0
2026.02.11 17:20:00,94499.10,94505.08,94499.10,94505.08,300,45,0
2026.02.11 17:15:00,94493.10,94499.08,94493.10,94499.08,300,45,0
2026.02.11 17:10:00,94487.10,94493.08,94487.10,94493.08,300,45,0
2026.02.11 17:05:00,94481.10,94487.08,94481.10,94487.08,300,45,0
2026.02.11 17:00:00,94498.88,94504.16,94480.40,94481.08,300,45,0
2026.02.11 16:55:00,94492.88,94498.86,94492.88,94498.86,300,45,0
2026.02.11 16:50:00,94486.88,94492.86,94486.88,94492.86,300,45,0
2026.02.11 16:45:00,94480.88,94486.86,94480.88,94486.86,300,45,0
2026.02.11 16:40:00,94492.76,94493.90,94476.04,94480.86,300,45,0
2026.02.11 16:35:00,94535.70,94537.10,94489.96,94492.74,300,45,0
2026.02.11 16:30:00,94529.70,94535.68,94529.70,94535.68,300,45,0
2026.02.11 16:25:00,94523.70,94529.68,94523.70,94529.68,300,45,0
2026.02.11 16:20:00,94545.07,94546.21,94518.86,94523.68,300,45,0
2026.02.11 16:15:00,94539.07,94545.05,94539.07,94545.05,300,45,0
2026.02.11 16:10:00,94575.46,94578.50,94536.13,94539.05,300,45,0
2026.02.11 16:05:00,94569.46,94575.44,94569.46,94575.44,300,45,0
2026.02.11 16:00:00,94563.46,94569.44,94563.46,94569.44,300,45,0
2026.02.11 15:55:00,94557.46,94563.44,94557.46,94563.44,300,45,0
2026.02.11 15:50:00,94551.46,94557.44,94551.46,94557.44,300,45,0
2026.02.11 15:45:00,94581.08,94586.82,94551.22,94551.44,300,45,0
2026.02.11 15:40:00,94575.08,94581.06,94575.08,94581.06,300,45,0
2026.02.11 15:35:00,94569.08,94575.06,94569.08,94575.06,300,45,0
2026.02.11 15:30:00,94563.08,94569.06,94563.08,94569.06,300,45,0
2026.02.11 15:25:00,94557.08,94563.06,94557.08,94563.06,300,45,0
2026.02.11 15:20:00,94582.49,94587.05,94555.66,94557.06,300,45,0
2026.02.11 15:15:00,94576.49,94582.47,94576.49,94582.47,300,45,0
2026.02.11 15:10:00,94570.49,94576.47,94570.49,94576.47,300,45,0
2026.02.11 15:05:00,94564.49,94570.47,94564.49,94570.47,300,45,0
2026.02.11 15:00:00,94595.39,94596.11,94559.23,94564.47,300,45,0
2026.02.11 14:55:00,94629.72,94629.72,94589.41,94595.37,300,45,0
2026.02.11 14:50:00,94623.72,94629.70,94623.72,94629.70,300,45,0
2026.02.11 14:45:00,94617.72,94623.70,94617.72,94623.70,300,45,0
2026.02.11 14:40:00,94611.72,94617.70,94611.72,94617.70,300,45,0
2026.02.11 14:35:00,94605.72,94611.70,94605.72,94611.70,300,45,0
2026.02.11 14:30:00,94599.72,94605.70,94599.72,94605.70,300,45,0
2026.02.11 14:25:00,94593.72,94599.70,94593.72,94599.70,300,45,0
2026.02.11 14:20:00,94587.72,94593.70,94587.72,94593.70,300,45,0
2026.02.11 14:15:00,94581.72,94587.70,94581.72,94587.70,300,45,0
2026.02.11 14:10:00,94575.72,94581.70,94575.72,94581.70,300,45,0
2026.02.11 14:05:00,94569.72,94575.70,94569.72,94575.70,300,45,0
2026.02.11 14:00:00,94563.72,94569.70,94563.72,94569.70,300,45,0
2026.02.11 13:55:00,94580.14,94583.88,94561.48,94563.70,300,45,0
2026.02.11 13:50:00,94574.14,94580.12,94574.14,94580.12,300,45,0
2026.02.11 13:45:00,94568.14,94574.12,94568.14,94574.12,300,45,0
2026.02.11 13:40:00,94562.14,94568.12,94562.14,94568.12,300,45,0
2026.02.11 13:35:00,94577.64,94579.56,94558.08,94562.12,300,45,0
2026.02.11 13:30:00,94626.52,94628.08,94574.00,94577.62,300,45,0
2026.02.11 13:25:00,94620.52,94626.50,94620.52,94626.50,300,45,0
2026.02.11 13:20:00,94614.52,94620.50,94614.52,94620.50,300,45,0
2026.02.11 13:15:00,94608.52,94614.50,94608.52,94614.50,300,45,0
2026.02.11 13:10:00,94602.52,94608.50,94602.52,94608.50,300,45,0
2026.02.11 13:05:00,94596.52,94602.50,94596.52,94602.50,300,45,0
2026.02.11 13:00:00,94590.52,94596.50,94590.52,94596.50,300,45,0
2026.02.11 12:55:00,94610.66,94613.22,94587.10,94590.50,300,45,0
2026.02.11 12:50:00,94604.66,94610.64,94604.66,94610.64,300,45,0
2026.02.11 12:45:00,94598.66,94604.64,94598.66,94604.64,300,45,0
2026.02.11 12:40:00,94592.66,94598.64,94592.66,94598.64,300,45,0
2026.02.11 12:35:00,94586.66,94592.64,94586.66,94592.64,300,45,0
2026.02.11 12:30:00,94580.66,94586.64,94580.66,94586.64,300,45,0
2026.02.11 12:25:00,94574.66,94580.64,94574.66,94580.64,300,45,0
2026.02.11 12:20:00,94568.66,94574.64,94568.66,94574.64,300,45,0
2026.02.11 12:15:00,94562.66,94568.64,94562.66,94568.64,300,45,0
2026.02.11 12:10:00,94556.66,94562.64,94556.66,94562.64,300,45,0
2026.02.11 12:05:00,94550.66,94556.64,94550.66,94556.64,300,45,0
2026.02.11 12:00:00,94544.66,94550.64,94544.66,94550.64,300,45,0
2026.02.11 11:55:00,94553.40,94558.44,94543.72,94544.64,300,45,0
2026.02.11 11:50:00,94547.40,94553.38,94547.40,94553.38,300,45,0
2026.02.11 11:45:00,94557.85,94558.67,94542.24,94547.38,300,45,0
2026.02.11 11:40:00,94551.85,94557.83,94551.85,94557.83,300,45,0
2026.02.11 11:35:00,94545.85,94551.83,94545.85,94551.83,300,45,0
2026.02.11 11:30:00,94565.53,94568.51,94542.85,94545.83,300,45,0
2026.02.11 11:25:00,94573.06,94576.94,94563.43,94565.51,300,45,0
2026.02.11 11:20:00,94586.90,94588.68,94568.86,94573.04,300,45,0
2026.02.11 11:15:00,94580.90,94586.88,94580.90,94586.88,300,45,0
2026.02.11 11:10:00,94574.90,94580.88,94574.90,94580.88,300,45,0
2026.02.11 11:05:00,94568.90,94574.88,94568.90,94574.88,300,45,0
2026.02.11 11:00:00,94562.90,94568.88,94562.90,94568.88,300,45,0
2026.02.11 10:55:00,94575.51,94578.89,94560.30,94562.88,300,45,0
2026.02.11 10:50:00,94569.51,94575.49,94569.51,94575.49,300,45,0
2026.02.11 10:45:00,94563.51,94569.49,94563.51,94569.49,300,45,0
2026.02.11 10:40:00,94557.51,94563.49,94557.51,94563.49,300,45,0
2026.02.11 10:35:00,94551.51,94557.49,94551.51,94557.49,300,45,0
2026.02.11 10:30:00,94545.51,94551.49,94545.51,94551.49,300,45,0
2026.02.11 10:25:00,94539.51,94545.49,94539.51,94545.49,300,45,0
2026.02.11 10:20:00,94533.51,94539.49,94533.51,94539.49,300,45,0
2026.02.11 10:15:00,94527.51,94533.49,94527.51,94533.49,300,45,0
2026.02.11 10:10:00,94521.51,94527.49,94521.51,94527.49,300,45,0
2026.02.11 10:05:00,94515.51,94521.49,94515.51,94521.49,300,45,0
2026.02.11 10:00:00,94509.51,94515.49,94509.51,94515.49,300,45,0
2026.02.11 09:55:00,94503.51,94509.49,94503.51,94509.49,300,45,0
2026.02.11 09:50:00,94497.51,94503.49,94497.51,94503.49,300,45,0
2026.02.11 09:45:00,94520.04,94520.30,94491.79,94497.49,300,45,0
2026.02.11 09:40:00,94514.04,94520.02,94514.04,94520.02,300,45,0
2026.02.11 09:35:00,94508.04,94514.02,94508.04,94514.02,300,45,0
2026.02.11 09:30:00,94502.04,94508.02,94502.04,94508.02,300,45,0
2026.02.11 09:25:00,94519.08,94522.68,94499.66,94502.02,300,45,0
2026.02.11 09:20:00,94513.08,94519.06,94513.08,94519.06,300,45,0
2026.02.11 09:15:00,94507.08,94513.06,94507.08,94513.06,300,45,0
2026.02.11 09:10:00,94501.06,94507.06,94501.06,94507.06,301,45,0
2026.02.11 09:05:00,94495.08,94501.04,94495.08,94501.04,299,45,0
2026.02.11 09:00:00,94489.08,94495.06,94489.08,94495.06,300,45,0
2026.02.11 08:55:00,94483.08,94489.06,94483.08,94489.06,300,45,0
2026.02.11 08:50:00,94504.57,94505.59,94478.10,94483.06,301,45,0
2026.02.11 08:45:00,94498.59,94504.55,94498.59,94504.55,299,45,0
2026.02.11 08:40:00,94492.59,94498.57,94492.59,94498.57,300,45,0
2026.02.11 08:35:00,94486.59,94492.57,94486.59,94492.57,300,45,0
2026.02.11 08:30:00,94480.57,94486.57,94480.57,94486.57,301,45,0
2026.02.11 08:25:00,94474.59,94480.55,94474.59,94480.55,299,45,0
2026.02.11 08:20:00,94468.57,94474.57,94468.57,94474.57,301,45,0
2026.02.11 08:15:00,94462.59,94468.55,94462.59,94468.55,299,45,0
2026.02.11 08:10:00,94456.57,94462.57,94456.57,94462.57,301,45,0
2026.02.11 08:05:00,94495.52,94495.92,94456.31,94456.55,300,45,0
2026.02.11 08:00:00,94489.52,94495.50,94489.52,94495.50,300,45,0
2026.02.11 07:55:00,94509.07,94511.27,94485.74,94489.50,300,45,0
2026.02.11 07:50:00,94503.07,94509.05,94503.07,94509.05,300,45,0
2026.02.11 07:45:00,94497.07,94503.05,94497.07,94503.05,300,45,0
2026.02.11 07:40:00,94491.07,94497.05,94491.07,94497.05,300,45,0
2026.02.11 07:35:00,94485.07,94491.05,94485.07,94491.05,300,45,0
2026.02.11 07:30:00,94510.04,94511.46,94480.51,94485.05,300,45,0
2026.02.11 07:25:00,94504.04,94510.02,94504.04,94510.02,300,45,0
2026.02.11 07:20:00,94498.04,94504.02,94498.04,94504.02,300,45,0
2026.02.11 07:15:00,94492.04,94498.02,94492.04,94498.02,300,45,0
2026.02.11 07:10:00,94486.04,94492.02,94486.04,94492.02,300,45,0
2026.02.11 07:05:00,94480.04,94486.02,94480.04,94486.02,300,45,0
2026.02.11 07:00:00,94474.04,94480.02,94474.04,94480.02,300,45,0
2026.02.11 06:55:00,94468.04,94474.02,94468.04,94474.02,300,45,0
2026.02.11 06:50:00,94487.92,94491.74,94465.88,94468.02,300,45,0
2026.02.11 06:45:00,94481.92,94487.90,94481.92,94487.90,300,45,0
2026.02.11 06:40:00,94475.92,94481.90,94475.92,94481.90,300,45,0
2026.02.11 06:35:00,94469.92,94475.90,94469.92,94475.90,300,45,0
2026.02.11 06:30:00,94463.92,94469.90,94463.92,94469.90,300,45,0
2026.02.11 06:25:00,94486.34,94489.74,94461.34,94463.90,300,45,0
2026.02.11 06:20:00,94480.34,94486.32,94480.34,94486.32,300,45,0
2026.02.11 06:15:00,94474.34,94480.32,94474.34,94480.32,300,45,0
2026.02.11 06:10:00,94548.64,94551.64,94471.66,94474.32,300,45,0
2026.02.11 06:05:00,94542.64,94548.62,94542.64,94548.62,300,45,0
2026.02.11 06:00:00,94536.64,94542.62,94536.64,94542.62,300,45,0
2026.02.11 05:55:00,94555.42,94560.76,94536.00,94536.62,300,45,0
2026.02.11 05:50:00,94549.42,94555.40,94549.42,94555.40,300,45,0
2026.02.11 05:45:00,94569.16,94574.74,94549.02,94549.40,300,45,0
2026.02.11 05:40:00,94563.16,94569.14,94563.16,94569.14,300,45,0
2026.02.11 05:35:00,94557.16,94563.14,94557.16,94563.14,300,45,0
2026.02.11 05:30:00,94590.79,94593.07,94553.46,94557.14,300,45,0
2026.02.11 05:25:00,94613.22,94616.00,94587.59,94590.77,300,45,0
2026.02.11 05:20:00,94607.22,94613.20,94607.22,94613.20,300,45,0
2026.02.11 05:15:00,94601.22,94607.20,94601.22,94607.20,300,45,0
2026.02.11 05:10:00,94595.22,94601.20,94595.22,94601.20,300,45,0
2026.02.11 05:05:00,94589.22,94595.20,94589.22,94595.20,300,45,0
2026.02.11 05:00:00,94583.22,94589.20,94583.22,94589.20,300,45,0
2026.02.11 04:55:00,94577.22,94583.20,94577.22,94583.20,300,45,0
2026.02.11 04:50:00,94571.22,94577.20,94571.22,94577.20,300,45,0
2026.02.11 04:45:00,94565.22,94571.20,94565.22,94571.20,300,45,0
2026.02.11 04:40:00,94606.92,94608.04,94564.50,94565.20,300,45,0
2026.02.11 04:35:00,94600.92,94606.90,94600.92,94606.90,300,45,0
2026.02.11 04:30:00,94594.92,94600.90,94594.92,94600.90,300,45,0
2026.02.11 04:25:00,94588.92,94594.90,94588.92,94594.90,300,45,0
2026.02.11 04:20:00,94599.31,94600.77,94584.40,94588.90,300,45,0
2026.02.11 04:15:00,94593.31,94599.29,94593.31,94599.29,300,45,0
2026.02.11 04:10:00,94587.31,94593.29,94587.31,94593.29,300,45,0
2026.02.11 04:05:00,94581.31,94587.29,94581.31,94587.29,300,45,0
2026.02.11 04:00:00,94575.31,94581.29,94575.31,94581.29,300,45,0
2026.02.11 03:55:00,94569.31,94575.29,94569.31,94575.29,300,45,0
2026.02.11 03:50:00,94563.31,94569.29,94563.31,94569.29,300,45,0
2026.02.11 03:45:00,94584.36,94584.40,94557.37,94563.29,300,45,0
2026.02.11 03:40:00,94578.36,94584.34,94578.36,94584.34,300,45,0
2026.02.11 03:35:00,94572.36,94578.34,94572.36,94578.34,300,45,0
2026.02.11 03:30:00,94566.36,94572.34,94566.36,94572.34,300,45,0
2026.02.11 03:25:00,94560.36,94566.34,94560.36,94566.34,300,45,0
2026.02.11 03:20:00,94554.36,94560.34,94554.36,94560.34,300,45,0
2026.02.11 03:15:00,94548.36,94554.34,94548.36,94554.34,300,45,0
2026.02.11 03:10:00,94542.36,94548.34,94542.36,94548.34,300,45,0
2026.02.11 03:05:00,94536.36,94542.34,94536.36,94542.34,300,45,0
2026.02.11 03:00:00,94570.00,94570.08,94530.46,94536.34,300,45,0
2026.02.11 02:55:00,94564.00,94569.98,94564.00,94569.98,300,45,0
2026.02.11 02:50:00,94558.00,94563.98,94558.00,94563.98,300,45,0
2026.02.11 02:45:00,94552.00,94557.98,94552.00,94557.98,300,45,0
2026.02.11 02:40:00,94546.00,94551.98,94546.00,94551.98,300,45,0
2026.02.11 02:35:00,94540.00,94545.98,94540.00,94545.98,300,45,0
2026.02.11 02:30:00,94534.00,94539.98,94534.00,94539.98,300,45,0
2026.02.11 02:25:00,94543.23,94546.09,94530.88,94533.98,300,45,0
2026.02.11 02:20:00,94537.23,94543.21,94537.23,94543.21,300,45,0
2026.02.11 02:15:00,94531.23,94537.21,94531.23,94537.21,300,45,0
2026.02.11 02:10:00,94525.23,94531.21,94525.23,94531.21,300,45,0
2026.02.11 02:05:00,94535.19,94537.67,94521.73,94525.21,300,45,0
2026.02.11 02:00:00,94529.19,94535.17,94529.19,94535.17,300,45,0
2026.02.11 01:55:00,94546.13,94547.27,94524.35,94529.17,300,45,0
2026.02.11 01:50:00,94540.13,94546.11,94540.13,94546.11,300,45,0
2026.02.11 01:45:00,94534.13,94540.11,94534.13,94540.11,300,45,0
2026.02.11 01:40:00,94553.69,94556.05,94530.55,94534.11,300,45,0
2026.02.11 01:35:00,94547.69,94553.67,94547.69,94553.67,300,45,0
2026.02.11 01:30:00,94565.50,94568.96,94545.17,94547.67,300,45,0
2026.02.11 01:25:00,94559.50,94565.48,94559.50,94565.48,300,45,0
2026.02.11 01:20:00,94553.50,94559.48,94553.50,94559.48,300,45,0
2026.02.11 01:15:00,94564.00,94564.92,94548.44,94553.48,300,45,0
2026.02.11 01:10:00,94558.00,94563.98,94558.00,94563.98,300,45,0
2026.02.11 01:05:00,94552.00,94557.98,94552.00,94557.98,300,45,0
2026.02.11 01:00:00,94546.00,94551.98,94546.00,94551.98,300,45,0
2026.02.11 00:55:00,94540.00,94545.98,94540.00,94545.98,300,45,0
2026.02.11 00:50:00,94534.00,94539.98,94534.00,94539.98,300,45,0
2026.02.11 00:45:00,94528.00,94533.98,94528.00,94533.98,300,45,0
2026.02.11 00:40:00,94522.00,94527.98,94522.00,94527.98,300,45,0
2026.02.11 00:35:00,94530.62,94533.56,94518.96,94521.98,300,45,0
2026.02.11 00:30:00,94524.62,94530.60,94524.62,94530.60,300,45,0
2026.02.11 00:25:00,94518.62,94524.60,94518.62,94524.60,300,45,0
2026.02.11 00:20:00,94512.62,94518.60,94512.62,94518.60,300,45,0
2026.02.11 00:15:00,94506.62,94512.60,94506.62,94512.60,300,45,0
2026.02.11 00:10:00,94500.62,94506.60,94500.62,94506.60,300,45,0
2026.02.11 00:05:00,94494.62,94500.60,94494.62,94500.60,300,45,0
2026.02.11 00:00:00,94502.19,94506.45,94492.90,94494.60,300,45,0
2026.02.10 23:55:00,94496.19,94502.17,94496.19,94502.17,300,45,0
2026.02.10 23:50:00,94490.19,94496.17,94490.19,94496.17,300,45,0
2026.02.10 23:45:00,94484.19,94490.17,94484.19,94490.17,300,45,0
2026.02.10 23:40:00,94490.89,94493.19,94480.51,94484.17,300,45,0
2026.02.10 23:35:00,94484.89,94490.87,94484.89,94490.87,300,45,0
2026.02.10 23:30:00,94478.89,94484.87,94478.89,94484.87,300,45,0
2026.02.10 23:25:00,94472.89,94478.87,94472.89,94478.87,300,45,0
2026.02.10 23:20:00,94466.89,94472.87,94466.89,94472.87,300,45,0
2026.02.10 23:15:00,94460.89,94466.87,94460.89,94466.87,300,45,0
2026.02.10 23:10:00,94509.17,94511.39,94459.65,94460.87,300,45,0
2026.02.10 23:05:00,94530.98,94531.00,94503.21,94509.15,300,45,0
2026.02.10 23:00:00,94543.06,94548.18,94530.12,94530.96,300,45,0
2026.02.10 22:55:00,94568.82,94571.96,94540.22,94543.04,300,45,0
2026.02.10 22:50:00,94562.82,94568.80,94562.82,94568.80,300,45,0
2026.02.10 22:45:00,94556.82,94562.80,94556.82,94562.80,300,45,0
2026.02.10 22:40:00,94550.82,94556.80,94550.82,94556.80,300,45,0
2026.02.10 22:35:00,94544.82,94550.80,94544.82,94550.80,300,45,0
2026.02.10 22:30:00,94538.82,94544.80,94538.82,94544.80,300,45,0
2026.02.10 22:25:00,94532.82,94538.80,94532.82,94538.80,300,45,0
2026.02.10 22:20:00,94549.78,94554.08,94531.14,94532.80,300,45,0
2026.02.10 22:15:00,94568.30,94573.40,94548.90,94549.76,300,45,0
2026.02.10 22:10:00,94562.30,94568.28,94562.30,94568.28,300,45,0
2026.02.10 22:05:00,94580.78,94582.10,94557.64,94562.28,300,45,0
2026.02.10 22:00:00,94574.78,94580.76,94574.78,94580.76,300,45,0
2026.02.10 21:55:00,94568.78,94574.76,94568.78,94574.76,300,45,0
2026.02.10 21:50:00,94562.78,94568.76,94562.78,94568.76,300,45,0
2026.02.10 21:45:00,94556.78,94562.76,94556.78,94562.76,300,45,0
2026.02.10 21:40:00,94550.78,94556.76,94550.78,94556.76,300,45,0
2026.02.10 21:35:00,94576.42,94580.88,94549.26,94550.76,300,45,0
2026.02.10 21:30:00,94570.42,94576.40,94570.42,94576.40,300,45,0
2026.02.10 21:25:00,94564.42,94570.40,94564.42,94570.40,300,45,0
2026.02.10 21:20:00,94581.29,94586.27,94563.42,94564.40,300,45,0
2026.02.10 21:15:00,94575.29,94581.27,94575.29,94581.27,300,45,0
2026.02.10 21:10:00,94569.29,94575.27,94569.29,94575.27,300,45,0
2026.02.10 21:05:00,94563.29,94569.27,94563.29,94569.27,300,45,0
2026.02.10 21:00:00,94586.55,94592.29,94563.05,94563.27,300,45,0
2026.02.10 20:55:00,94580.55,94586.53,94580.55,94586.53,300,45,0
2026.02.10 20:50:00,94574.55,94580.53,94574.55,94580.53,300,45,0
2026.02.10 20:45:00,94568.55,94574.53,94568.55,94574.53,300,45,0
2026.02.10 20:40:00,94562.55,94568.53,94562.55,94568.53,300,45,0
2026.02.10 20:35:00,94614.08,94614.12,94560.53,94562.53,300,45,0
2026.02.10 20:30:00,94633.89,94637.43,94611.64,94614.06,300,45,0
2026.02.10 20:25:00,94627.89,94633.87,94627.89,94633.87,300,45,0
2026.02.10 20:20:00,94621.89,94627.87,94621.89,94627.87,300,45,0
2026.02.10 20:15:00,94615.89,94621.87,94615.89,94621.87,300,45,0
2026.02.10 20:10:00,94609.89,94615.87,94609.89,94615.87,300,45,0
2026.02.10 20:05:00,94638.20,94642.12,94607.83,94609.87,300,45,0
2026.02.10 20:00:00,94644.55,94646.25,94633.92,94638.18,300,45,0
2026.02.10 19:55:00,94638.55,94644.53,94638.55,94644.53,300,45,0
2026.02.10 19:50:00,94632.55,94638.53,94632.55,94638.53,300,45,0
2026.02.10 19:45:00,94626.55,94632.53,94626.55,94632.53,300,45,0
2026.02.10 19:40:00,94660.03,94664.63,94625.17,94626.53,300,45,0
2026.02.10 19:35:00,94654.03,94660.01,94654.03,94660.01,300,45,0
2026.02.10 19:30:00,94648.03,94654.01,94648.03,94654.01,300,45,0
2026.02.10 19:25:00,94661.21,94666.81,94647.65,94648.01,300,45,0
2026.02.10 19:20:00,94655.21,94661.19,94655.21,94661.19,300,45,0
2026.02.10 19:15:00,94649.21,94655.19,94649.21,94655.19,300,45,0
2026.02.10 19:10:00,94643.21,94649.19,94643.21,94649.19,300,45,0
2026.02.10 19:05:00,94637.21,94643.19,94637.21,94643.19,300,45,0
2026.02.10 19:00:00,94631.21,94637.19,94631.21,94637.19,300,45,0
2026.02.10 18:55:00,94625.21,94631.19,94625.21,94631.19,300,45,0
2026.02.10 18:50:00,94659.43,94663.51,94623.31,94625.19,300,45,0
2026.02.10 18:45:00,94653.43,94659.41,94653.43,94659.41,300,45,0
2026.02.10 18:40:00,94647.43,94653.41,94647.43,94653.41,300,45,0
2026.02.10 18:35:00,94641.43,94647.41,94641.43,94647.41,300,45,0
2026.02.10 18:30:00,94662.22,94666.28,94639.51,94641.41,300,45,0
2026.02.10 18:25:00,94656.22,94662.20,94656.22,94662.20,300,45,0
2026.02.10 18:20:00,94650.22,94656.20,94650.22,94656.20,300,45,0
2026.02.10 18:15:00,94644.22,94650.20,94644.22,94650.20,300,45,0
2026.02.10 18:10:00,94638.22,94644.20,94638.22,94644.20,300,45,0
2026.02.10 18:05:00,94645.12,94650.16,94637.28,94638.20,300,45,0
2026.02.10 18:00:00,94639.12,94645.10,94639.12,94645.10,300,45,0
2026.02.10 17:55:00,94633.12,94639.10,94633.12,94639.10,300,45,0
2026.02.10 17:50:00,94627.12,94633.10,94627.12,94633.10,300,45,0
2026.02.10 17:45:00,94621.12,94627.10,94621.12,94627.10,300,45,0
2026.02.10 17:40:00,94615.12,94621.10,94615.12,94621.10,300,45,0
2026.02.10 17:35:00,94634.95,94635.19,94609.38,94615.10,300,45,0
2026.02.10 17:30:00,94628.95,94634.93,94628.95,94634.93,300,45,0
2026.02.10 17:25:00,94622.95,94628.93,94622.95,94628.93,300,45,0
2026.02.10 17:20:00,94649.15,94650.65,94618.47,94622.93,300,45,0
2026.02.10 17:15:00,94643.15,94649.13,94643.15,94649.13,300,45,0
2026.02.10 17:10:00,94637.15,94643.13,94637.15,94643.13,300,45,0
2026.02.10 17:05:00,94631.15,94637.13,94631.15,94637.13,300,45,0
2026.02.10 17:00:00,94625.15,94631.13,94625.15,94631.13,300,45,0
2026.02.10 16:55:00,94619.15,94625.13,94619.15,94625.13,300,45,0
2026.02.10 16:50:00,94613.15,94619.13,94613.15,94619.13,300,45,0
2026.02.10 16:45:00,94607.15,94613.13,94607.15,94613.13,300,45,0
2026.02.10 16:40:00,94601.15,94607.13,94601.15,94607.13,300,45,0
2026.02.10 16:35:00,94595.15,94601.13,94595.15,94601.13,300,45,0
2026.02.10 16:30:00,94589.15,94595.13,94589.15,94595.13,300,45,0
2026.02.10 16:25:00,94583.15,94589.13,94583.15,94589.13,300,45,0
2026.02.10 16:20:00,94577.15,94583.13,94577.15,94583.13,300,45,0
2026.02.10 16:15:00,94571.15,94577.13,94571.15,94577.13,300,45,0
2026.02.10 16:10:00,94565.15,94571.13,94565.15,94571.13,300,45,0
2026.02.10 16:05:00,94559.15,94565.13,94559.15,94565.13,300,45,0
2026.02.10 16:00:00,94553.15,94559.13,94553.15,94559.13,300,45,0
2026.02.10 15:55:00,94547.15,94553.13,94547.15,94553.13,300,45,0
2026.02.10 15:50:00,94556.21,94561.57,94546.53,94547.13,300,45,0
2026.02.10 15:45:00,94550.21,94556.19,94550.21,94556.19,300,45,0
2026.02.10 15:40:00,94544.21,94550.19,94544.21,94550.19,300,45,0
2026.02.10 15:35:00,94538.21,94544.19,94538.21,94544.19,300,45,0
2026.02.10 15:30:00,94532.21,94538.19,94532.21,94538.19,300,45,0
2026.02.10 15:25:00,94526.21,94532.19,94526.21,94532.19,300,45,0
2026.02.10 15:20:00,94536.30,94540.28,94524.21,94526.19,300,45,0
2026.02.10 15:15:00,94530.30,94536.28,94530.30,94536.28,300,45,0
2026.02.10 15:10:00,94524.30,94530.28,94524.30,94530.28,300,45,0
2026.02.10 15:05:00,94518.30,94524.28,94518.30,94524.28,300,45,0
2026.02.10 15:00:00,94512.30,94518.28,94512.30,94518.28,300,45,0
2026.02.10 14:55:00,94506.30,94512.28,94506.30,94512.28,300,45,0
2026.02.10 14:50:00,94500.30,94506.28,94500.30,94506.28,300,45,0
2026.02.10 14:45:00,94494.30,94500.28,94494.30,94500.28,300,45,0
2026.02.10 14:40:00,94488.30,94494.28,94488.30,94494.28,300,45,0
2026.02.10 14:35:00,94482.30,94488.28,94482.30,94488.28,300,45,0
2026.02.10 14:30:00,94476.30,94482.28,94476.30,94482.28,300,45,0
2026.02.10 14:25:00,94470.30,94476.28,94470.30,94476.28,300,45,0
2026.02.10 14:20:00,94464.30,94470.28,94464.30,94470.28,300,45,0
2026.02.10 14:15:00,94458.30,94464.28,94458.30,94464.28,300,45,0
2026.02.10 14:10:00,94452.30,94458.28,94452.30,94458.28,300,45,0
2026.02.10 14:05:00,94446.30,94452.28,94446.30,94452.28,300,45,0
2026.02.10 14:00:00,94458.60,94464.56,94446.28,94446.28,300,45,0
2026.02.10 13:55:00,94452.60,94458.58,94452.60,94458.58,300,45,0
2026.02.10 13:50:00,94446.60,94452.58,94446.60,94452.58,300,45,0
2026.02.10 13:45:00,94440.60,94446.58,94440.60,94446.58,300,45,0
2026.02.10 13:40:00,94455.38,94457.04,94436.28,94440.58,300,45,0
2026.02.10 13:35:00,94449.38,94455.36,94449.38,94455.36,300,45,0
2026.02.10 13:30:00,94443.38,94449.36,94443.38,94449.36,300,45,0
2026.02.10 13:25:00,94437.38,94443.36,94437.38,94443.36,300,45,0
2026.02.10 13:20:00,94431.38,94437.36,94431.38,94437.36,300,45,0
2026.02.10 13:15:00,94425.38,94431.36,94425.38,94431.36,300,45,0
2026.02.10 13:10:00,94419.38,94425.36,94419.38,94425.36,300,45,0
2026.02.10 13:05:00,94413.38,94419.36,94413.38,94419.36,300,45,0
2026.02.10 13:00:00,94407.38,94413.36,94407.38,94413.36,300,45,0
2026.02.10 12:55:00,94401.38,94407.36,94401.38,94407.36,300,45,0
2026.02.10 12:50:00,94395.38,94401.36,94395.38,94401.36,300,45,0
2026.02.10 12:45:00,94389.38,94395.36,94389.38,94395.36,300,45,0
2026.02.10 12:40:00,94383.38,94389.36,94383.38,94389.36,300,45,0
2026.02.10 12:35:00,94377.38,94383.36,94377.38,94383.36,300,45,0
2026.02.10 12:30:00,94371.38,94377.36,94371.38,94377.36,300,45,0
2026.02.10 12:25:00,94402.29,94406.13,94369.24,94371.36,300,45,0
2026.02.10 12:20:00,94396.29,94402.27,94396.29,94402.27,300,45,0
2026.02.10 12:15:00,94390.29,94396.27,94390.29,94396.27,300,45,0
2026.02.10 12:10:00,94438.99,94440.77,94412.52,94416.70,300,45,0
2026.02.10 12:05:00,94432.99,94438.97,94432.99,94438.97,300,45,0
2026.02.10 12:00:00,94426.99,94432.97,94426.99,94432.97,300,45,0
2026.02.10 11:55:00,94420.99,94426.97,94420.99,94426.97,300,45,0
2026.02.10 11:50:00,94448.14,94453.72,94420.59,94420.97,300,45,0
2026.02.10 11:45:00,94442.14,94448.12,94442.14,94448.12,300,45,0
2026.02.10 11:40:00,94436.14,94442.12,94436.14,94442.12,300,45,0
2026.02.10 11:35:00,94430.14,94436.12,94430.14,94436.12,300,45,0
2026.02.10 11:30:00,94424.14,94430.12,94424.14,94430.12,300,45,0
2026.02.10 11:25:00,94451.67,94456.71,94423.20,94424.12,300,45,0
2026.02.10 11:20:00,94445.67,94451.65,94445.67,94451.65,300,45,0
2026.02.10 11:15:00,94439.67,94445.65,94439.67,94445.65,300,45,0
2026.02.10 11:10:00,94456.58,94461.06,94438.17,94439.65,300,45,0
2026.02.10 11:05:00,94450.58,94456.56,94450.58,94456.56,300,45,0
2026.02.10 11:00:00,94489.54,94489.78,94444.84,94450.56,300,45,0
2026.02.10 10:55:00,94483.54,94489.52,94483.54,94489.52,300,45,0
2026.02.10 10:50:00,94477.54,94483.52,94477.54,94483.52,300,45,0
2026.02.10 10:45:00,94506.10,94511.40,94476.86,94477.52,300,45,0
2026.02.10 10:40:00,94500.10,94506.08,94500.10,94506.08,300,45,0
2026.02.10 10:35:00,94494.10,94500.08,94494.10,94500.08,300,45,0
2026.02.10 10:30:00,94488.10,94494.08,94488.10,94494.08,300,45,0
2026.02.10 10:25:00,94482.10,94488.08,94482.10,94488.08,300,45,0
2026.02.10 10:20:00,94507.78,94509.78,94478.12,94482.08,300,45,0
2026.02.10 10:15:00,94501.78,94507.76,94501.78,94507.76,300,45,0
2026.02.10 10:10:00,94495.78,94501.76,94495.78,94501.76,300,45,0
2026.02.10 10:05:00,94489.78,94495.76,94489.78,94495.76,300,45,0
2026.02.10 10:00:00,94483.78,94489.76,94483.78,94489.76,300,45,0
2026.02.10 09:55:00,94477.78,94483.76,94477.78,94483.76,300,45,0
2026.02.10 09:50:00,94471.78,94477.76,94471.78,94477.76,300,45,0
2026.02.10 09:45:00,94465.78,94471.76,94465.78,94471.76,300,45,0
2026.02.10 09:40:00,94474.76,94475.04,94460.08,94465.76,300,45,0
2026.02.10 09:35:00,94468.76,94474.74,94468.76,94474.74,300,45,0
2026.02.10 09:30:00,94462.76,94468.74,94462.76,94468.74,300,45,0
2026.02.10 09:25:00,94456.76,94462.74,94456.76,94462.74,300,45,0
2026.02.10 09:20:00,94450.76,94456.74,94450.76,94456.74,300,45,0
2026.02.10 09:15:00,94444.76,94450.74,94444.76,94450.74,300,45,0
2026.02.10 09:10:00,94438.76,94444.74,94438.76,94444.74,300,45,0
2026.02.10 09:05:00,94432.76,94438.74,94432.76,94438.74,300,45,0
2026.02.10 09:00:00,94426.76,94432.74,94426.76,94432.74,300,45,0
2026.02.10 08:55:00,94459.87,94460.39,94421.30,94426.74,300,45,0
2026.02.10 08:50:00,94488.22,94492.22,94457.89,94459.85,300,45,0
2026.02.10 08:45:00,94482.22,94488.20,94482.22,94488.20,300,45,0
2026.02.10 08:40:00,94498.62,94502.52,94480.14,94482.20,300,45,0
2026.02.10 08:35:00,94492.62,94498.60,94492.62,94498.60,300,45,0
2026.02.10 08:30:00,94486.62,94492.60,94486.62,94492.60,300,45,0
2026.02.10 08:25:00,94480.62,94486.60,94480.62,94486.60,300,45,0
2026.02.10 08:20:00,94474.62,94480.60,94474.62,94480.60,300,45,0
2026.02.10 08:15:00,94468.62,94474.60,94468.62,94474.60,300,45,0
2026.02.10 08:10:00,94462.62,94468.60,94462.62,94468.60,300,45,0
2026.02.10 08:05:00,94471.09,94477.01,94462.56,94462.60,300,45,0
2026.02.10 08:00:00,94465.09,94471.07,94465.09,94471.07,300,45,0
2026.02.10 07:55:00,94459.09,94465.07,94459.09,94465.07,300,45,0
2026.02.10 07:50:00,94477.41,94479.05,94454.75,94459.07,300,45,0
2026.02.10 07:45:00,94471.41,94477.39,94471.41,94477.39,300,45,0
2026.02.10 07:40:00,94465.41,94471.39,94465.41,94471.39,300,45,0
2026.02.10 07:35:00,94483.93,94485.87,94461.37,94465.39,300,45,0
2026.02.10 07:30:00,94477.93,94483.91,94477.93,94483.91,300,45,0
2026.02.10 07:25:00,94471.93,94477.91,94471.93,94477.91,300,45,0
2026.02.10 07:20:00,94465.93,94471.91,94465.93,94471.91,300,45,0
2026.02.10 07:15:00,94459.93,94465.91,94459.93,94465.91,300,45,0
2026.02.10 07:10:00,94473.97,94476.89,94456.87,94459.91,300,45,0
2026.02.10 07:05:00,94467.97,94473.95,94467.97,94473.95,300,45,0
2026.02.10 07:00:00,94461.97,94467.95,94461.97,94467.95,300,45,0
2026.02.10 06:55:00,94496.93,94499.15,94458.21,94461.95,300,45,0
2026.02.10 06:50:00,94490.93,94496.91,94490.93,94496.91,300,45,0
2026.02.10 06:45:00,94484.93,94490.91,94484.93,94490.91,300,45,0
2026.02.10 06:40:00,94478.93,94484.91,94478.93,94484.91,300,45,0
2026.02.10 06:35:00,94472.93,94478.91,94472.93,94478.91,300,45,0
2026.02.10 06:30:00,94466.93,94472.91,94466.93,94472.91,300,45,0
2026.02.10 06:25:00,94492.59,94494.13,94462.49,94466.91,300,45,0
2026.02.10 06:20:00,94486.59,94492.57,94486.59,94492.57,300,45,0
2026.02.10 06:15:00,94480.59,94486.57,94480.59,94486.57,300,45,0
2026.02.10 06:10:00,94474.59,94480.57,94474.59,94480.57,300,45,0
2026.02.10 06:05:00,94468.59,94474.57,94468.59,94474.57,300,45,0
2026.02.10 06:00:00,94490.82,94494.32,94466.11,94468.57,300,45,0
2026.02.10 05:55:00,94484.82,94490.80,94484.82,94490.80,300,45,0
2026.02.10 05:50:00,94478.82,94484.80,94478.82,94484.80,300,45,0
2026.02.10 05:45:00,94505.72,94506.28,94473.40,94478.80,300,45,0
2026.02.10 05:40:00,94499.72,94505.70,94499.72,94505.70,300,45,0
2026.02.10 05:35:00,94493.72,94499.70,94493.72,94499.70,300,45,0
2026.02.10 05:30:00,94487.72,94493.70,94487.72,94493.70,300,45,0
2026.02.10 05:25:00,94519.29,94519.55,94482.00,94487.70,300,45,0
2026.02.10 05:20:00,94513.29,94519.27,94513.29,94519.27,300,45,0
2026.02.10 05:15:00,94507.29,94513.27,94507.29,94513.27,300,45,0
2026.02.10 05:10:00,94501.29,94507.27,94501.29,94507.27,300,45,0
2026.02.10 05:05:00,94521.01,94522.09,94496.39,94501.27,300,45,0
2026.02.10 05:00:00,94515.01,94520.99,94515.01,94520.99,300,45,0
2026.02.10 04:55:00,94533.88,94534.80,94509.95,94514.99,300,45,0
2026.02.10 04:50:00,94554.01,94557.69,94531.58,94533.86,300,45,0
2026.02.10 04:45:00,94548.01,94553.99,94548.01,94553.99,300,45,0
2026.02.10 04:40:00,94542.01,94547.99,94542.01,94547.99,300,45,0
2026.02.10 04:35:00,94559.02,94563.64,94540.65,94541.99,300,45,0
2026.02.10 04:30:00,94553.02,94559.00,94553.02,94559.00,300,45,0
2026.02.10 04:25:00,94547.02,94553.00,94547.02,94553.00,300,45,0
2026.02.10 04:20:00,94541.02,94547.00,94541.02,94547.00,300,45,0
2026.02.10 04:15:00,94535.02,94541.00,94535.02,94541.00,300,45,0
2026.02.10 04:10:00,94529.02,94535.00,94529.02,94535.00,300,45,0
2026.02.10 04:05:00,94523.02,94529.00,94523.02,94529.00,300,45,0
2026.02.10 04:00:00,94517.02,94523.00,94517.02,94523.00,300,45,0
2026.02.10 03:55:00,94511.02,94517.00,94511.02,94517.00,300,45,0
2026.02.10 03:50:00,94505.02,94511.00,94505.02,94511.00,300,45,0
2026.02.10 03:45:00,94499.02,94505.00,94499.02,94505.00,300,45,0
2026.02.10 03:40:00,94493.02,94499.00,94493.02,94499.00,300,45,0
2026.02.10 03:35:00,94487.02,94493.00,94487.02,94493.00,300,45,0
2026.02.10 03:30:00,94481.02,94487.00,94481.02,94487.00,300,45,0
2026.02.10 03:25:00,94487.25,94489.21,94477.00,94481.00,300,45,0
2026.02.10 03:20:00,94481.25,94487.23,94481.25,94487.23,300,45,0
2026.02.10 03:15:00,94475.25,94481.23,94475.25,94481.23,300,45,0
2026.02.10 03:10:00,94484.84,94487.42,94471.85,94475.23,300,45,0
2026.02.10 03:05:00,94478.84,94484.82,94478.84,94484.82,300,45,0
2026.02.10 03:00:00,94472.84,94478.82,94472.84,94478.82,300,45,0
2026.02.10 02:55:00,94466.84,94472.82,94466.84,94472.82,300,45,0
2026.02.10 02:50:00,94460.84,94466.82,94460.84,94466.82,300,45,0
2026.02.10 02:45:00,94454.84,94460.82,94454.84,94460.82,300,45,0
2026.02.10 02:40:00,94448.84,94454.82,94448.84,94454.82,300,45,0
2026.02.10 02:35:00,94442.84,94448.82,94442.84,94448.82,300,45,0
2026.02.10 02:30:00,94436.84,94442.82,94436.84,94442.82,300,45,0
2026.02.10 02:25:00,94430.84,94436.82,94430.84,94436.82,300,45,0
2026.02.10 02:20:00,94424.84,94430.82,94424.84,94430.82,300,45,0
2026.02.10 02:15:00,94418.84,94424.82,94418.84,94424.82,300,45,0
2026.02.10 02:10:00,94424.89,94430.73,94418.70,94418.82,300,45,0
2026.02.10 02:05:00,94418.89,94424.87,94418.89,94424.87,300,45,0
2026.02.10 02:00:00,94412.89,94418.87,94412.89,94418.87,300,45,0
2026.02.10 01:55:00,94406.89,94412.87,94406.89,94412.87,300,45,0
2026.02.10 01:50:00,94400.89,94406.87,94400.89,94406.87,300,45,0
2026.02.10 01:45:00,94394.89,94400.87,94394.89,94400.87,300,45,0
2026.02.10 01:40:00,94388.89,94394.87,94388.89,94394.87,300,45,0
2026.02.10 01:35:00,94426.82,94429.46,94385.87,94388.87,300,45,0
2026.02.10 01:30:00,94420.82,94426.80,94420.82,94426.80,300,45,0
2026.02.10 01:25:00,94440.64,94444.04,94418.24,94420.80,300,45,0
2026.02.10 01:20:00,94434.64,94440.62,94434.64,94440.62,300,45,0
2026.02.10 01:15:00,94428.64,94434.62,94428.64,94434.62,300,45,0
2026.02.10 01:10:00,94422.64,94428.62,94422.64,94428.62,300,45,0
2026.02.10 01:05:00,94416.64,94422.62,94416.64,94422.62,300,45,0
2026.02.10 01:00:00,94410.64,94416.62,94410.64,94416.62,300,45,0
2026.02.10 00:55:00,94404.64,94410.62,94404.64,94410.62,300,45,0
2026.02.10 00:50:00,94398.64,94404.62,94398.64,94404.62,300,45,0
2026.02.10 00:45:00,94392.64,94398.62,94392.64,94398.62,300,45,0
2026.02.10 00:40:00,94386.64,94392.62,94386.64,94392.62,300,45,0
2026.02.10 00:35:00,94424.88,94429.88,94385.66,94386.62,300,45,0
2026.02.10 00:30:00,94445.64,94447.40,94420.66,94424.86,300,45,0
2026.02.10 00:25:00,94482.21,94488.07,94445.52,94445.62,300,45,0
2026.02.10 00:20:00,94476.21,94482.19,94476.21,94482.19,300,45,0
2026.02.10 00:15:00,94498.23,94504.17,94476.17,94476.19,300,45,0
2026.02.10 00:10:00,94555.26,94556.68,94497.03,94498.21,300,45,0
2026.02.10 00:05:00,94549.26,94555.24,94549.26,94555.24,300,45,0
2026.02.10 00:00:00,94543.26,94549.24,94543.26,94549.24,300,45,0
2026.02.09 23:55:00,94537.26,94543.24,94537.26,94543.24,300,45,0
2026.02.09 23:50:00,94531.26,94537.24,94531.26,94537.24,300,45,0
2026.02.09 23:45:00,94525.26,94531.24,94525.26,94531.24,300,45,0
2026.02.09 23:40:00,94519.26,94525.24,94519.26,94525.24,300,45,0
2026.02.09 23:35:00,94513.26,94519.24,94513.26,94519.24,300,45,0
2026.02.09 23:30:00,94507.26,94513.24,94507.26,94513.24,300,45,0
2026.02.09 23:25:00,94549.09,94550.33,94505.38,94507.24,300,45,0
2026.02.09 23:20:00,94559.22,94560.88,94544.77,94549.07,300,45,0
2026.02.09 23:15:00,94553.22,94559.20,94553.22,94559.20,300,45,0
2026.02.09 23:10:00,94547.22,94553.20,94547.22,94553.20,300,45,0
2026.02.09 23:05:00,94541.22,94547.20,94541.22,94547.20,300,45,0
2026.02.09 23:00:00,94535.22,94541.20,94535.22,94541.20,300,45,0
2026.02.09 22:55:00,94529.22,94535.20,94529.22,94535.20,300,45,0
2026.02.09 22:50:00,94546.82,94552.16,94528.58,94529.20,300,45,0
2026.02.09 22:45:00,94540.82,94546.80,94540.82,94546.80,300,45,0
2026.02.09 22:40:00,94534.82,94540.80,94534.82,94540.80,300,45,0
2026.02.09 22:35:00,94528.82,94534.80,94528.82,94534.80,300,45,0
2026.02.09 22:30:00,94522.82,94528.80,94522.82,94528.80,300,45,0
2026.02.09 22:25:00,94537.20,94537.58,94517.22,94522.80,300,45,0
2026.02.09 22:20:00,94531.20,94537.18,94531.20,94537.18,300,45,0
2026.02.09 22:15:00,94525.20,94531.18,94525.20,94531.18,300,45,0
2026.02.09 22:10:00,94519.20,94525.18,94519.20,94525.18,300,45,0
2026.02.09 22:05:00,94513.20,94519.18,94513.20,94519.18,300,45,0
2026.02.09 22:00:00,94507.20,94513.18,94507.20,94513.18,300,45,0
2026.02.09 21:55:00,94501.20,94507.18,94501.20,94507.18,300,45,0
2026.02.09 21:50:00,94534.21,94540.19,94534.21,94540.19,300,45,0
2026.02.09 21:45:00,94561.89,94567.41,94533.75,94534.19,300,45,0
2026.02.09 21:40:00,94586.92,94592.32,94561.31,94561.87,300,45,0
2026.02.09 21:35:00,94580.92,94586.90,94580.92,94586.90,300,45,0
2026.02.09 21:30:00,94574.92,94580.90,94574.92,94580.90,300,45,0
2026.02.09 21:25:00,94568.92,94574.90,94568.92,94574.90,300,45,0
2026.02.09 21:20:00,94637.07,94637.19,94567.32,94568.90,300,45,0
2026.02.09 21:15:00,94631.07,94637.05,94631.07,94637.05,300,45,0
2026.02.09 21:10:00,94657.09,94657.87,94625.87,94631.05,300,45,0
2026.02.09 21:05:00,94651.09,94657.07,94651.09,94657.07,300,45,0
2026.02.09 21:00:00,94645.09,94651.07,94645.09,94651.07,300,45,0
2026.02.09 20:55:00,94656.79,94662.21,94644.53,94645.07,300,45,0
2026.02.09 20:50:00,94650.79,94656.77,94650.79,94656.77,300,45,0
2026.02.09 20:45:00,94644.79,94650.77,94644.79,94650.77,300,45,0
2026.02.09 20:40:00,94638.79,94644.77,94638.79,94644.77,300,45,0
2026.02.09 20:35:00,94632.79,94638.77,94632.79,94638.77,300,45,0
2026.02.09 20:30:00,94626.79,94632.77,94626.79,94632.77,300,45,0
2026.02.09 20:25:00,94661.73,94663.95,94625.29,94626.77,300,45,0
2026.02.09 20:20:00,94655.73,94661.71,94655.73,94661.71,300,45,0
2026.02.09 20:15:00,94649.73,94655.71,94649.73,94655.71,300,45,0
2026.02.09 20:10:00,94643.73,94649.71,94643.73,94649.71,300,45,0
2026.02.09 20:05:00,94637.73,94643.71,94637.73,94643.71,300,45,0
2026.02.09 20:00:00,94631.73,94637.71,94631.73,94637.71,300,45,0
2026.02.09 19:55:00,94645.02,94648.44,94629.17,94631.71,300,45,0
2026.02.09 19:50:00,94639.02,94645.00,94639.02,94645.00,300,45,0
2026.02.09 19:45:00,94633.02,94639.00,94633.02,94639.00,300,45,0
2026.02.09 19:40:00,94627.02,94633.00,94627.02,94633.00,300,45,0
2026.02.09 19:35:00,94621.02,94627.00,94621.02,94627.00,300,45,0
2026.02.09 19:30:00,94647.53,94649.39,94616.90,94621.00,300,45,0
2026.02.09 19:25:00,94641.53,94647.51,94641.53,94647.51,300,45,0
2026.02.09 19:20:00,94635.53,94641.51,94635.53,94641.51,300,45,0
2026.02.09 19:15:00,94629.53,94635.51,94629.53,94635.51,300,45,0
2026.02.09 19:10:00,94623.53,94629.51,94623.53,94629.51,300,45,0
2026.02.09 19:05:00,94617.53,94623.51,94617.53,94623.51,300,45,0
2026.02.09 19:00:00,94611.53,94617.51,94611.53,94617.51,300,45,0
2026.02.09 18:55:00,94605.53,94611.51,94605.53,94611.51,300,45,0
2026.02.09 18:50:00,94599.53,94605.51,94599.53,94605.51,300,45,0
2026.02.09 18:45:00,94593.53,94599.51,94593.53,94599.51,300,45,0
2026.02.09 18:40:00,94617.09,94618.73,94589.19,94593.51,300,45,0
2026.02.09 18:35:00,94629.05,94629.13,94611.19,94617.07,300,45,0
2026.02.09 18:30:00,94690.59,94691.45,94625.71,94629.03,300,45,0
2026.02.09 18:25:00,94684.59,94690.57,94684.59,94690.57,300,45,0
2026.02.09 18:20:00,94678.59,94684.57,94678.59,94684.57,300,45,0
2026.02.09 18:15:00,94690.09,94693.91,94676.43,94678.57,300,45,0
2026.02.09 18:10:00,94703.95,94704.33,94684.49,94690.07,300,45,0
2026.02.09 18:05:00,94697.95,94703.93,94697.95,94703.93,300,45,0
2026.02.09 18:00:00,94691.95,94697.93,94691.95,94697.93,300,45,0
2026.02.09 17:55:00,94701.88,94707.64,94691.73,94691.93,300,45,0
2026.02.09 17:50:00,94695.88,94701.86,94695.88,94701.86,300,45,0
2026.02.09 17:45:00,94689.88,94695.86,94689.88,94695.86,300,45,0
2026.02.09 17:40:00,94683.88,94689.86,94683.88,94689.86,300,45,0
2026.02.09 17:35:00,94677.88,94683.86,94677.88,94683.86,300,45,0
2026.02.09 17:30:00,94671.88,94677.86,94671.88,94677.86,300,45,0
2026.02.09 17:25:00,94665.88,94671.86,94665.88,94671.86,300,45,0
2026.02.09 17:20:00,94659.88,94665.86,94659.88,94665.86,300,45,0
2026.02.09 17:15:00,94653.88,94659.86,94653.88,94659.86,300,45,0
2026.02.09 17:10:00,94647.88,94653.86,94647.88,94653.86,300,45,0
2026.02.09 17:05:00,94641.88,94647.86,94641.88,94647.86,300,45,0
2026.02.09 17:00:00,94635.88,94641.86,94635.88,94641.86,300,45,0
2026.02.09 16:55:00,94629.88,94635.86,94629.88,94635.86,300,45,0
2026.02.09 16:50:00,94623.88,94629.86,94623.88,94629.86,300,45,0
2026.02.09 16:45:00,94617.88,94623.86,94617.88,94623.86,300,45,0
2026.02.09 16:40:00,94643.91,94647.47,94615.46,94617.86,300,45,0
2026.02.09 16:35:00,94637.91,94643.89,94637.91,94643.89,300,45,0
2026.02.09 16:30:00,94631.91,94637.89,94631.91,94637.89,300,45,0
2026.02.09 16:25:00,94638.61,94644.13,94631.45,94631.89,300,45,0
2026.02.09 16:20:00,94632.61,94638.59,94632.61,94638.59,300,45,0
2026.02.09 16:15:00,94626.61,94632.59,94626.61,94632.59,300,45,0
2026.02.09 16:10:00,94620.61,94626.59,94620.61,94626.59,300,45,0
2026.02.09 16:05:00,94614.61,94620.59,94614.61,94620.59,300,45,0
2026.02.09 16:00:00,94643.07,94643.95,94613.29,94614.59,300,45,0
2026.02.09 15:55:00,94637.07,94643.05,94637.07,94643.05,300,45,0
2026.02.09 15:50:00,94631.07,94637.05,94631.07,94637.05,300,45,0
2026.02.09 15:45:00,94625.07,94631.05,94625.07,94631.05,300,45,0
2026.02.09 15:40:00,94619.07,94625.05,94619.07,94625.05,300,45,0
2026.02.09 15:35:00,94613.07,94619.05,94613.07,94619.05,300,45,0
2026.02.09 15:30:00,94636.06,94637.70,94608.73,94613.05,300,45,0
2026.02.09 15:25:00,94630.06,94636.04,94630.06,94636.04,300,45,0
2026.02.09 15:20:00,94643.28,94645.70,94626.50,94630.04,300,45,0
2026.02.09 15:15:00,94650.78,94656.42,94642.94,94643.26,300,45,0
2026.02.09 15:10:00,94644.78,94650.76,94644.78,94650.76,300,45,0
2026.02.09 15:05:00,94638.78,94644.76,94638.78,94644.76,300,45,0
2026.02.09 15:00:00,94632.78,94638.76,94632.78,94638.76,300,45,0
2026.02.09 14:55:00,94626.78,94632.76,94626.78,94632.76,300,45,0
2026.02.09 14:50:00,94620.78,94626.76,94620.78,94626.76,300,45,0
2026.02.09 14:45:00,94614.78,94620.76,94614.78,94620.76,300,45,0
2026.02.09 14:40:00,94608.80,94614.76,94608.80,94614.76,299,45,0
2026.02.09 14:35:00,94602.80,94608.78,94602.80,94608.78,300,45,0
2026.02.09 14:30:00,94596.80,94602.78,94596.80,94602.78,300,45,0
2026.02.09 14:25:00,94590.80,94596.78,94590.80,94596.78,300,45,0
2026.02.09 14:20:00,94584.80,94590.78,94584.80,94590.78,300,45,0
2026.02.09 14:15:00,94618.20,94624.10,94584.72,94584.78,300,45,0
2026.02.09 14:10:00,94648.91,94649.31,94612.62,94618.18,300,45,0
2026.02.09 14:05:00,94696.43,94698.45,94646.65,94648.89,300,45,0
2026.02.09 14:00:00,94690.43,94696.41,94690.43,94696.41,300,45,0
2026.02.09 13:55:00,94684.43,94690.41,94684.43,94690.41,300,45,0
2026.02.09 13:50:00,94678.43,94684.41,94678.43,94684.41,300,45,0
2026.02.09 13:45:00,94687.84,94693.78,94678.39,94678.41,300,45,0
2026.02.09 13:40:00,94681.84,94687.82,94681.84,94687.82,300,45,0
2026.02.09 13:35:00,94675.84,94681.82,94675.84,94681.82,300,45,0
2026.02.09 13:30:00,94696.65,94699.01,94672.22,94675.82,300,45,0
2026.02.09 13:25:00,94690.65,94696.63,94690.65,94696.63,300,45,0
2026.02.09 13:20:00,94684.65,94690.63,94684.65,94690.63,300,45,0
2026.02.09 13:15:00,94733.90,94739.76,94684.53,94684.63,300,45,0
2026.02.09 13:10:00,94727.90,94733.88,94727.90,94733.88,300,45,0
2026.02.09 13:05:00,94721.90,94727.88,94721.90,94727.88,300,45,0
2026.02.09 13:00:00,94715.90,94721.88,94715.90,94721.88,300,45,0
2026.02.09 12:55:00,94726.78,94731.66,94714.80,94715.88,300,45,0
2026.02.09 12:50:00,94720.78,94726.76,94720.78,94726.76,300,45,0
2026.02.09 12:45:00,94714.78,94720.76,94714.78,94720.76,300,45,0
2026.02.09 12:40:00,94732.70,94734.94,94711.04,94714.76,300,45,0
2026.02.09 12:35:00,94726.70,94732.68,94726.70,94732.68,300,45,0
2026.02.09 12:30:00,94720.70,94726.68,94720.70,94726.68,300,45,0
2026.02.09 12:25:00,94714.70,94720.68,94714.70,94720.68,300,45,0
2026.02.09 12:20:00,94708.72,94714.68,94708.72,94714.68,299,45,0
2026.02.09 12:15:00,94719.56,94722.04,94705.22,94708.70,300,45,0
2026.02.09 12:10:00,94713.56,94719.54,94713.56,94719.54,300,45,0
2026.02.09 12:05:00,94707.56,94713.54,94707.56,94713.54,300,45,0
2026.02.09 12:00:00,94701.56,94707.54,94701.56,94707.54,300,45,0
2026.02.09 11:55:00,94695.56,94701.54,94695.56,94701.54,300,45,0
2026.02.09 11:50:00,94689.56,94695.54,94689.56,94695.54,300,45,0
2026.02.09 11:45:00,94704.78,94705.40,94684.20,94689.54,300,45,0
2026.02.09 11:40:00,94698.78,94704.76,94698.78,94704.76,300,45,0
2026.02.09 11:35:00,94692.78,94698.76,94692.78,94698.76,300,45,0
2026.02.09 11:30:00,94686.78,94692.76,94686.78,94692.76,300,45,0
2026.02.09 11:25:00,94716.74,94720.84,94684.90,94686.76,300,45,0
2026.02.09 11:20:00,94710.74,94716.72,94710.74,94716.72,300,45,0
2026.02.09 11:15:00,94733.44,94735.50,94706.82,94710.72,300,45,0
2026.02.09 11:10:00,94762.42,94763.14,94728.18,94733.42,300,45,0
2026.02.09 11:05:00,94780.93,94780.95,94756.46,94762.40,300,45,0
2026.02.09 11:00:00,94774.93,94780.91,94774.93,94780.91,300,45,0
2026.02.09 10:55:00,94768.93,94774.91,94768.93,94774.91,300,45,0
2026.02.09 10:50:00,94762.93,94768.91,94762.93,94768.91,300,45,0
2026.02.09 10:45:00,94756.93,94762.91,94756.93,94762.91,300,45,0
2026.02.09 10:40:00,94750.93,94756.91,94750.93,94756.91,300,45,0
2026.02.09 10:35:00,94744.93,94750.91,94744.93,94750.91,300,45,0
2026.02.09 10:30:00,94738.93,94744.91,94738.93,94744.91,300,45,0
2026.02.09 10:25:00,94753.02,94753.34,94733.27,94738.91,300,45,0
2026.02.09 10:20:00,94747.02,94753.00,94747.02,94753.00,300,45,0
2026.02.09 10:15:00,94741.02,94747.00,94741.02,94747.00,300,45,0
2026.02.09 10:10:00,94735.02,94741.00,94735.02,94741.00,300,45,0
2026.02.09 10:05:00,94729.02,94735.00,94729.02,94735.00,300,45,0
2026.02.09 10:00:00,94723.02,94729.00,94723.02,94729.00,300,45,0
2026.02.09 09:55:00,94717.02,94723.00,94717.02,94723.00,300,45,0
2026.02.09 09:50:00,94711.02,94717.00,94711.02,94717.00,300,45,0
2026.02.09 09:45:00,94705.02,94711.00,94705.02,94711.00,300,45,0
2026.02.09 09:40:00,94726.72,94728.00,94700.32,94705.00,300,45,0
2026.02.09 09:35:00,94720.72,94726.70,94720.72,94726.70,300,45,0
2026.02.09 09:30:00,94714.72,94720.70,94714.72,94720.70,300,45,0
2026.02.09 09:25:00,94708.72,94714.70,94708.72,94714.70,300,45,0
2026.02.09 09:20:00,94702.72,94708.70,94702.72,94708.70,300,45,0
2026.02.09 09:15:00,94696.72,94702.70,94696.72,94702.70,300,45,0
2026.02.09 09:10:00,94690.72,94696.70,94690.72,94696.70,300,45,0
2026.02.09 09:05:00,94710.18,94715.32,94689.88,94690.70,300,45,0
2026.02.09 09:00:00,94704.18,94710.16,94704.18,94710.16,300,45,0
2026.02.09 08:55:00,94698.18,94704.16,94698.18,94704.16,300,45,0
2026.02.09 08:50:00,94708.66,94709.66,94693.20,94698.16,300,45,0
2026.02.09 08:45:00,94745.02,94750.28,94707.94,94708.64,300,45,0
2026.02.09 08:40:00,94739.02,94745.00,94739.02,94745.00,300,45,0
2026.02.09 08:35:00,94733.02,94739.00,94733.02,94739.00,300,45,0
2026.02.09 08:30:00,94750.07,94750.67,94727.64,94733.00,300,45,0
2026.02.09 08:25:00,94744.07,94750.05,94744.07,94750.05,300,45,0
2026.02.09 08:20:00,94738.07,94744.05,94738.07,94744.05,300,45,0
2026.02.09 08:15:00,94732.07,94738.05,94732.07,94738.05,300,45,0
2026.02.09 08:10:00,94726.07,94732.05,94726.07,94732.05,300,45,0
2026.02.09 08:05:00,94765.31,94766.07,94723.91,94726.05,300,45,0
2026.02.09 08:00:00,94759.31,94765.29,94759.31,94765.29,300,45,0
2026.02.09 07:55:00,94800.06,94802.70,94755.97,94759.29,300,45,0
2026.02.09 07:50:00,94822.06,94825.36,94797.38,94800.04,300,45,0
2026.02.09 07:45:00,94816.06,94822.04,94816.06,94822.04,300,45,0
2026.02.09 07:40:00,94810.06,94816.04,94810.06,94816.04,300,45,0
2026.02.09 07:35:00,94804.06,94810.04,94804.06,94810.04,300,45,0
2026.02.09 07:30:00,94798.06,94804.04,94798.06,94804.04,300,45,0
2026.02.09 07:25:00,94806.28,94807.86,94793.66,94798.04,300,45,0
2026.02.09 07:20:00,94800.28,94806.26,94800.28,94806.26,300,45,0
2026.02.09 07:15:00,94794.28,94800.26,94794.28,94800.26,300,45,0
2026.02.09 07:10:00,94788.28,94794.26,94788.28,94794.26,300,45,0
2026.02.09 07:05:00,94782.28,94788.26,94782.28,94788.26,300,45,0
2026.02.09 07:00:00,94794.48,94800.04,94781.86,94782.26,300,45,0
2026.02.09 06:55:00,94788.48,94794.46,94788.48,94794.46,300,45,0
2026.02.09 06:50:00,94797.29,94799.93,94785.14,94788.46,300,45,0
2026.02.09 06:45:00,94791.29,94797.27,94791.29,94797.27,300,45,0
2026.02.09 06:40:00,94798.24,94800.52,94787.59,94791.27,300,45,0
2026.02.09 06:35:00,94792.24,94798.22,94792.24,94798.22,300,45,0
2026.02.09 06:30:00,94799.93,94800.97,94787.30,94792.22,300,45,0
2026.02.09 06:25:00,94793.93,94799.91,94793.93,94799.91,300,45,0
2026.02.09 06:20:00,94807.06,94807.88,94788.77,94793.91,300,45,0
2026.02.09 06:15:00,94801.06,94807.04,94801.06,94807.04,300,45,0
2026.02.09 06:10:00,94795.06,94801.04,94795.06,94801.04,300,45,0
2026.02.09 06:05:00,94789.06,94795.04,94789.06,94795.04,300,45,0
2026.02.09 06:00:00,94799.02,94800.72,94784.78,94789.04,300,45,0
2026.02.09 05:55:00,94793.02,94799.00,94793.02,94799.00,300,45,0
2026.02.09 05:50:00,94787.02,94793.00,94787.02,94793.00,300,45,0
2026.02.09 05:45:00,94799.33,94801.95,94783.66,94787.00,300,45,0
2026.02.09 05:40:00,94814.64,94814.98,94793.69,94799.31,300,45,0
2026.02.09 05:35:00,94808.64,94814.62,94808.64,94814.62,300,45,0
2026.02.09 05:30:00,94838.13,94841.05,94805.58,94808.62,300,45,0
2026.02.09 05:25:00,94832.13,94838.11,94832.13,94838.11,300,45,0
2026.02.09 05:20:00,94851.38,94853.12,94827.89,94832.11,300,45,0
2026.02.09 05:15:00,94845.38,94851.36,94845.38,94851.36,300,45,0
2026.02.09 05:10:00,94839.38,94845.36,94839.38,94845.36,300,45,0
2026.02.09 05:05:00,94833.38,94839.36,94833.38,94839.36,300,45,0
2026.02.09 05:00:00,94827.38,94833.36,94827.38,94833.36,300,45,0
2026.02.09 04:55:00,94835.55,94840.89,94826.74,94827.36,300,45,0
2026.02.09 04:50:00,94829.55,94835.53,94829.55,94835.53,300,45,0
2026.02.09 04:45:00,94862.57,94866.25,94827.25,94829.53,300,45,0
2026.02.09 04:40:00,94856.57,94862.55,94856.57,94862.55,300,45,0
2026.02.09 04:35:00,94850.57,94856.55,94850.57,94856.55,300,45,0
2026.02.09 04:30:00,94844.57,94850.55,94844.57,94850.55,300,45,0
2026.02.09 04:25:00,94838.57,94844.55,94838.57,94844.55,300,45,0
2026.02.09 04:20:00,94832.57,94838.55,94832.57,94838.55,300,45,0
2026.02.09 04:15:00,94862.56,94863.68,94827.71,94832.55,300,45,0
2026.02.09 04:10:00,94856.56,94862.54,94856.56,94862.54,300,45,0
2026.02.09 04:05:00,94850.56,94856.54,94850.56,94856.54,300,45,0
2026.02.09 04:00:00,94844.56,94850.54,94844.56,94850.54,300,45,0
2026.02.09 03:55:00,94856.83,94859.13,94840.88,94844.54,300,45,0
2026.02.09 03:50:00,94850.83,94856.81,94850.83,94856.81,300,45,0
2026.02.09 03:45:00,94844.83,94850.81,94844.83,94850.81,300,45,0
2026.02.09 03:40:00,94838.83,94844.81,94838.83,94844.81,300,45,0
2026.02.09 03:35:00,94850.77,94855.89,94837.97,94838.81,300,45,0
2026.02.09 03:30:00,94844.77,94850.75,94844.77,94850.75,300,45,0
2026.02.09 03:25:00,94865.97,94867.69,94840.51,94844.75,300,45,0
2026.02.09 03:20:00,94859.97,94865.95,94859.97,94865.95,300,45,0
2026.02.09 03:15:00,94853.97,94859.95,94853.97,94859.95,300,45,0
2026.02.09 03:10:00,94847.97,94853.95,94847.97,94853.95,300,45,0
2026.02.09 03:05:00,94841.97,94847.95,94841.97,94847.95,300,45,0
2026.02.09 03:00:00,94835.97,94841.95,94835.97,94841.95,300,45,0
2026.02.09 02:55:00,94829.97,94835.95,94829.97,94835.95,300,45,0
2026.02.09 02:50:00,94823.97,94829.95,94823.97,94829.95,300,45,0
2026.02.09 02:45:00,94817.97,94823.95,94817.97,94823.95,300,45,0
2026.02.09 02:40:00,94835.86,94839.46,94815.59,94817.95,300,45,0
2026.02.09 02:35:00,94829.86,94835.84,94829.86,94835.84,300,45,0
2026.02.09 02:30:00,94823.86,94829.84,94823.86,94829.84,300,45,0
2026.02.09 02:25:00,94845.48,94849.68,94822.08,94823.84,300,45,0
2026.02.09 02:20:00,94919.67,94922.55,94843.72,94845.46,300,45,0
2026.02.09 02:15:00,94913.67,94919.65,94913.67,94919.65,300,45,0
2026.02.09 02:10:00,94907.67,94913.65,94907.67,94913.65,300,45,0
2026.02.09 02:05:00,94901.67,94907.65,94901.67,94907.65,300,45,0
2026.02.09 02:00:00,94895.67,94901.65,94895.67,94901.65,300,45,0
2026.02.09 01:55:00,94889.67,94895.65,94889.67,94895.65,300,45,0
2026.02.09 01:50:00,94883.67,94889.65,94883.67,94889.65,300,45,0
2026.02.09 01:45:00,94877.67,94883.65,94877.67,94883.65,300,45,0
2026.02.09 01:40:00,94871.67,94877.65,94871.67,94877.65,300,45,0
2026.02.09 01:35:00,94865.67,94871.65,94865.67,94871.65,300,45,0
2026.02.09 01:30:00,94859.67,94865.65,94859.67,94865.65,300,45,0
2026.02.09 01:25:00,94853.67,94859.65,94853.67,94859.65,300,45,0
2026.02.09 01:20:00,94847.67,94853.65,94847.67,94853.65,300,45,0
2026.02.09 01:15:00,94841.67,94847.65,94841.67,94847.65,300,45,0
2026.02.09 01:10:00,94862.83,94868.07,94840.93,94841.65,300,45,0
2026.02.09 01:05:00,94856.83,94862.81,94856.83,94862.81,300,45,0
2026.02.09 01:00:00,94850.83,94856.81,94850.83,94856.81,300,45,0
2026.02.09 00:55:00,94862.92,94866.08,94848.01,94850.81,300,45,0
2026.02.09 00:50:00,94856.92,94862.90,94856.92,94862.90,300,45,0
2026.02.09 00:45:00,94850.92,94856.90,94850.92,94856.90,300,45,0
2026.02.09 00:40:00,94844.92,94850.90,94844.92,94850.90,300,45,0
2026.02.09 00:35:00,94838.92,94844.90,94838.92,94844.90,300,45,0
2026.02.09 00:30:00,94832.92,94838.90,94832.92,94838.90,300,45,0
2026.02.09 00:25:00,94855.66,94858.50,94829.78,94832.90,300,45,0
2026.02.09 00:20:00,94849.66,94855.64,94849.66,94855.64,300,45,0
2026.02.09 00:15:00,94843.66,94849.64,94843.66,94849.64,300,45,0
2026.02.09 00:10:00,94837.66,94843.64,94837.66,94843.64,300,45,0
2026.02.09 00:05:00,94845.29,94847.41,94833.80,94837.64,300,45,0
2026.02.09 00:00:00,94839.29,94845.27,94839.29,94845.27,300,45,0
2026.02.08 23:55:00,94867.43,94871.47,94837.35,94839.27,300,45,0
2026.02.08 23:50:00,94861.43,94867.41,94861.43,94867.41,300,45,0
2026.02.08 23:45:00,94855.43,94861.41,94855.43,94861.41,300,45,0
2026.02.08 23:40:00,94863.38,94869.20,94855.27,94855.41,300,45,0
2026.02.08 23:35:00,94869.58,94871.74,94859.56,94863.36,300,45,0
2026.02.08 23:30:00,94863.58,94869.56,94863.58,94869.56,300,45,0
2026.02.08 23:25:00,94857.58,94863.56,94857.58,94863.56,300,45,0
2026.02.08 23:20:00,94872.28,94877.14,94856.46,94857.56,300,45,0
2026.02.08 23:15:00,94866.28,94872.26,94866.28,94872.26,300,45,0
2026.02.08 23:10:00,94860.28,94866.26,94860.28,94866.26,300,45,0
2026.02.08 23:05:00,94854.28,94860.26,94854.28,94860.26,300,45,0
2026.02.08 23:00:00,94848.28,94854.26,94848.28,94854.26,300,45,0
2026.02.08 22:55:00,94842.28,94848.26,94842.28,94848.26,300,45,0
2026.02.08 22:50:00,94836.28,94842.26,94836.28,94842.26,300,45,0
2026.02.08 22:45:00,94830.28,94836.26,94830.28,94836.26,300,45,0
2026.02.08 22:40:00,94824.28,94830.26,94824.28,94830.26,300,45,0
2026.02.08 22:35:00,94818.28,94824.26,94818.28,94824.26,300,45,0
2026.02.08 22:30:00,94812.28,94818.26,94812.28,94818.26,300,45,0
2026.02.08 22:25:00,94806.28,94812.26,94806.28,94812.26,300,45,0
2026.02.08 22:20:00,94800.28,94806.26,94800.28,94806.26,300,45,0
2026.02.08 22:15:00,94794.28,94800.26,94794.28,94800.26,300,45,0
2026.02.08 22:10:00,94788.28,94794.26,94788.28,94794.26,300,45,0
2026.02.08 22:05:00,94782.28,94788.26,94782.28,94788.26,300,45,0
2026.02.08 22:00:00,94776.28,94782.26,94776.28,94782.26,300,45,0
2026.02.08 21:55:00,94770.28,94776.26,94770.28,94776.26,300,45,0
2026.02.08 21:50:00,94764.28,94770.26,94764.28,94770.26,300,45,0
2026.02.08 21:45:00,94758.28,94764.26,94758.28,94764.26,300,45,0
2026.02.08 21:40:00,94752.28,94758.26,94752.28,94758.26,300,45,0
2026.02.08 21:35:00,94746.28,94752.26,94746.28,94752.26,300,45,0
2026.02.08 21:30:00,94766.59,94772.55,94746.26,94746.26,300,45,0
2026.02.08 21:25:00,94760.59,94766.57,94760.59,94766.57,300,45,0
2026.02.08 21:20:00,94754.59,94760.57,94754.59,94760.57,300,45,0
2026.02.08 21:15:00,94748.59,94754.57,94748.59,94754.57,300,45,0
2026.02.08 21:10:00,94742.59,94748.57,94742.59,94748.57,300,45,0
2026.02.08 21:05:00,94736.59,94742.57,94736.59,94742.57,300,45,0
2026.02.08 21:00:00,94730.59,94736.57,94730.59,94736.57,300,45,0
2026.02.08 20:55:00,94738.61,94739.25,94725.25,94730.57,300,45,0
2026.02.08 20:50:00,94732.61,94738.59,94732.61,94738.59,300,45,0
2026.02.08 20:45:00,94726.61,94732.59,94726.61,94732.59,300,45,0
2026.02.08 20:40:00,94720.61,94726.59,94720.61,94726.59,300,45,0
2026.02.08 20:35:00,94714.61,94720.59,94714.61,94720.59,300,45,0
2026.02.08 20:30:00,94708.61,94714.59,94708.61,94714.59,300,45,0
2026.02.08 20:25:00,94702.61,94708.59,94702.61,94708.59,300,45,0
2026.02.08 20:20:00,94720.12,94720.60,94697.11,94702.59,300,45,0
2026.02.08 20:15:00,94714.12,94720.10,94714.12,94720.10,300,45,0
2026.02.08 20:10:00,94708.12,94714.10,94708.12,94714.10,300,45,0
2026.02.08 20:05:00,94702.12,94708.10,94702.12,94708.10,300,45,0
2026.02.08 20:00:00,94696.12,94702.10,94696.12,94702.10,300,45,0
2026.02.08 19:55:00,94713.96,94718.94,94695.12,94696.10,300,45,0
2026.02.08 19:50:00,94707.96,94713.94,94707.96,94713.94,300,45,0
2026.02.08 19:45:00,94789.95,94789.97,94705.50,94707.94,300,45,0
2026.02.08 19:40:00,94783.95,94789.93,94783.95,94789.93,300,45,0
2026.02.08 19:35:00,94799.70,94801.84,94780.11,94783.93,300,45,0
2026.02.08 19:30:00,94793.70,94799.68,94793.70,94799.68,300,45,0
2026.02.08 19:25:00,94787.70,94793.68,94787.70,94793.68,300,45,0
2026.02.08 19:20:00,94781.70,94787.68,94781.70,94787.68,300,45,0
2026.02.08 19:15:00,94775.70,94781.68,94775.70,94781.68,300,45,0
2026.02.08 19:10:00,94769.70,94775.68,94769.70,94775.68,300,45,0
2026.02.08 19:05:00,94799.65,94805.37,94769.44,94769.68,300,45,0
2026.02.08 19:00:00,94793.65,94799.63,94793.65,94799.63,300,45,0
2026.02.08 18:55:00,94787.65,94793.63,94787.65,94793.63,300,45,0
2026.02.08 18:50:00,94781.65,94787.63,94781.65,94787.63,289,45,0
2026.02.08 18:45:00,94775.65,94781.63,94775.65,94781.63,300,45,0
2026.02.08 18:40:00,94803.64,94808.80,94774.83,94775.63,300,45,0
2026.02.08 18:35:00,94797.64,94803.62,94797.64,94803.62,300,45,0
2026.02.08 18:30:00,94808.58,94808.64,94791.72,94797.62,300,45,0
2026.02.08 18:25:00,94802.58,94808.56,94802.58,94808.56,300,45,0
2026.02.08 18:20:00,94796.58,94802.56,94796.58,94802.56,300,45,0
2026.02.08 18:15:00,94790.58,94796.56,94790.58,94796.56,300,45,0
2026.02.08 18:10:00,94814.59,94816.83,94786.84,94790.56,300,45,0
2026.02.08 18:05:00,94808.59,94814.57,94808.59,94814.57,300,45,0
2026.02.08 18:00:00,94802.59,94808.57,94802.59,94808.57,300,45,0
2026.02.08 17:55:00,94810.78,94815.24,94801.07,94802.57,300,45,0
2026.02.08 17:50:00,94804.78,94810.76,94804.78,94810.76,300,45,0
2026.02.08 17:45:00,94798.78,94804.76,94798.78,94804.76,300,45,0
2026.02.08 17:40:00,94792.78,94798.76,94792.78,94798.76,300,45,0
2026.02.08 17:35:00,94804.40,94809.32,94791.72,94792.76,300,45,0
2026.02.08 17:30:00,94821.29,94822.37,94799.50,94804.38,300,45,0
2026.02.08 17:25:00,94815.29,94821.27,94815.29,94821.27,300,45,0
2026.02.08 17:20:00,94825.13,94827.13,94811.31,94815.27,300,45,0
2026.02.08 17:15:00,94832.57,94833.73,94820.31,94825.11,300,45,0
2026.02.08 17:10:00,94863.45,94866.67,94829.81,94832.55,300,45,0
2026.02.08 17:05:00,94857.45,94863.43,94857.45,94863.43,300,45,0
2026.02.08 17:00:00,94874.16,94876.74,94854.05,94857.43,300,45,0
2026.02.08 16:55:00,94868.16,94874.14,94868.16,94874.14,300,45,0
2026.02.08 16:50:00,94862.16,94868.14,94862.16,94868.14,300,45,0
2026.02.08 16:45:00,94856.16,94862.14,94856.16,94862.14,300,45,0
2026.02.08 16:40:00,94862.29,94868.09,94855.98,94856.14,300,45,0
2026.02.08 16:35:00,94856.29,94862.27,94856.29,94862.27,300,45,0
2026.02.08 16:30:00,94886.52,94891.42,94855.97,94856.27,300,45,0
2026.02.08 16:25:00,94880.52,94886.50,94880.52,94886.50,300,45,0
2026.02.08 16:20:00,94874.52,94880.50,94874.52,94880.50,300,45,0
2026.02.08 16:15:00,94868.52,94874.50,94868.52,94874.50,300,45,0
2026.02.08 16:10:00,94887.44,94889.86,94864.96,94868.50,300,45,0
2026.02.08 16:05:00,94881.44,94887.42,94881.44,94887.42,300,45,0
2026.02.08 16:00:00,94875.44,94881.42,94875.44,94881.42,300,45,0
2026.02.08 15:55:00,94869.44,94875.42,94869.44,94875.42,300,45,0
2026.02.08 15:50:00,94863.44,94869.42,94863.44,94869.42,300,45,0
2026.02.08 15:45:00,94857.44,94863.42,94857.44,94863.42,300,45,0
2026.02.08 15:40:00,94851.44,94857.42,94851.44,94857.42,300,45,0
2026.02.08 15:35:00,94863.46,94865.62,94847.62,94851.42,300,45,0
2026.02.08 15:30:00,94857.46,94863.44,94857.46,94863.44,300,45,0
2026.02.08 15:25:00,94851.46,94857.44,94851.46,94857.44,300,45,0
2026.02.08 15:20:00,94845.46,94851.44,94845.46,94851.44,300,45,0
2026.02.08 15:15:00,94839.46,94845.44,94839.46,94845.44,300,45,0
2026.02.08 15:10:00,94869.54,94872.00,94835.94,94839.44,300,45,0
2026.02.08 15:05:00,94863.54,94869.52,94863.54,94869.52,300,45,0
2026.02.08 15:00:00,94857.54,94863.52,94857.54,94863.52,300,45,0
2026.02.08 14:55:00,94851.54,94857.52,94851.54,94857.52,300,45,0
2026.02.08 14:50:00,94869.95,94872.59,94848.20,94851.52,300,45,0
2026.02.08 14:45:00,94863.95,94869.93,94863.95,94869.93,300,45,0
2026.02.08 14:40:00,94884.67,94888.91,94862.21,94863.93,300,45,0
2026.02.08 14:35:00,94894.11,94899.87,94884.45,94884.65,300,45,0
2026.02.08 14:30:00,94888.11,94894.09,94888.11,94894.09,300,45,0
2026.02.08 14:25:00,94882.11,94888.09,94882.11,94888.09,300,45,0
2026.02.08 14:20:00,94876.11,94882.09,94876.11,94882.09,300,45,0
2026.02.08 14:15:00,94870.11,94876.09,94870.11,94876.09,300,45,0
2026.02.08 14:10:00,94864.11,94870.09,94864.11,94870.09,300,45,0
2026.02.08 14:05:00,94881.18,94885.32,94862.27,94864.09,300,45,0
2026.02.08 14:00:00,94875.18,94881.16,94875.18,94881.16,300,45,0
2026.02.08 13:55:00,94869.18,94875.16,94869.18,94875.16,300,45,0
2026.02.08 13:50:00,94863.18,94869.16,94863.18,94869.16,300,45,0
2026.02.08 13:45:00,94857.18,94863.16,94857.18,94863.16,300,45,0
2026.02.08 13:40:00,94851.18,94857.16,94851.18,94857.16,300,45,0
2026.02.08 13:35:00,94845.18,94851.16,94845.18,94851.16,300,45,0
2026.02.08 13:30:00,94839.18,94845.16,94839.18,94845.16,300,45,0
2026.02.08 13:25:00,94833.18,94839.16,94833.18,94839.16,300,45,0
2026.02.08 13:20:00,94827.18,94833.16,94827.18,94833.16,300,45,0
2026.02.08 13:15:00,94821.18,94827.16,94821.18,94827.16,300,45,0
2026.02.08 13:10:00,94815.18,94821.16,94815.18,94821.16,300,45,0
2026.02.08 13:05:00,94809.18,94815.16,94809.18,94815.16,300,45,0
2026.02.08 13:00:00,94803.18,94809.16,94803.18,94809.16,300,45,0
2026.02.08 12:55:00,94811.67,94815.33,94800.86,94803.16,300,45,0
2026.02.08 12:50:00,94805.67,94811.65,94805.67,94811.65,300,45,0
2026.02.08 12:45:00,94799.67,94805.65,94799.67,94805.65,300,45,0
2026.02.08 12:40:00,94793.67,94799.65,94793.67,94799.65,300,45,0
2026.02.08 12:35:00,94787.67,94793.65,94787.67,94793.65,300,45,0
2026.02.08 12:30:00,94781.67,94787.65,94781.67,94787.65,300,45,0
2026.02.08 12:25:00,94792.82,94796.64,94779.51,94781.65,300,45,0
2026.02.08 12:20:00,94786.82,94792.80,94786.82,94792.80,300,45,0
2026.02.08 12:15:00,94780.82,94786.80,94780.82,94786.80,300,45,0
2026.02.08 12:10:00,94807.35,94811.01,94778.50,94780.80,300,45,0
2026.02.08 12:05:00,94801.35,94807.33,94801.35,94807.33,300,45,0
2026.02.08 12:00:00,94795.35,94801.33,94795.35,94801.33,300,45,0
2026.02.08 11:55:00,94789.35,94795.33,94789.35,94795.33,300,45,0
2026.02.08 11:50:00,94783.35,94789.33,94783.35,94789.33,300,45,0
2026.02.08 11:45:00,94811.46,94816.50,94782.41,94783.33,300,45,0
2026.02.08 11:40:00,94805.46,94811.44,94805.46,94811.44,300,45,0
2026.02.08 11:35:00,94814.99,94817.45,94801.94,94805.44,300,45,0
2026.02.08 11:30:00,94834.86,94838.70,94812.85,94814.97,300,45,0
2026.02.08 11:25:00,94828.86,94834.84,94828.86,94834.84,300,45,0
2026.02.08 11:20:00,94822.86,94828.84,94822.86,94828.84,300,45,0
2026.02.08 11:15:00,94816.86,94822.84,94816.86,94822.84,300,45,0
2026.02.08 11:10:00,94810.86,94816.84,94810.86,94816.84,300,45,0
2026.02.08 11:05:00,94804.86,94810.84,94804.86,94810.84,300,45,0
2026.02.08 11:00:00,94798.86,94804.84,94798.86,94804.84,300,45,0
2026.02.08 10:55:00,94792.86,94798.84,94792.86,94798.84,300,45,0
2026.02.08 10:50:00,94786.86,94792.84,94786.86,94792.84,300,45,0
2026.02.08 10:45:00,94780.86,94786.84,94780.86,94786.84,300,45,0
2026.02.08 10:40:00,94774.86,94780.84,94774.86,94780.84,300,45,0
2026.02.08 10:35:00,94795.83,94800.43,94773.48,94774.84,300,45,0
2026.02.08 10:30:00,94808.94,94814.26,94795.17,94795.81,300,45,0
2026.02.08 10:25:00,94802.94,94808.92,94802.94,94808.92,300,45,0
2026.02.08 10:20:00,94796.94,94802.92,94796.94,94802.92,300,45,0
2026.02.08 10:15:00,94811.68,94816.46,94795.74,94796.92,300,45,0
2026.02.08 10:10:00,94832.90,94834.10,94806.90,94811.66,300,45,0
2026.02.08 10:05:00,94826.90,94832.88,94826.90,94832.88,300,45,0
2026.02.08 10:00:00,94820.90,94826.88,94820.90,94826.88,300,45,0
2026.02.08 09:55:00,94831.79,94834.63,94817.76,94820.88,300,45,0
2026.02.08 09:50:00,94825.79,94831.77,94825.79,94831.77,300,45,0
2026.02.08 09:45:00,94857.98,94858.60,94820.43,94825.77,300,45,0
2026.02.08 09:40:00,94851.98,94857.96,94851.98,94857.96,300,45,0
2026.02.08 09:35:00,94845.98,94851.96,94845.98,94851.96,300,45,0
2026.02.08 09:30:00,94839.98,94845.96,94839.98,94845.96,300,45,0
2026.02.08 09:25:00,94857.14,94861.54,94838.40,94839.96,300,45,0
2026.02.08 09:20:00,94851.14,94857.12,94851.14,94857.12,300,45,0
2026.02.08 09:15:00,94845.14,94851.12,94845.14,94851.12,300,45,0
2026.02.08 09:10:00,94839.14,94845.12,94839.14,94845.12,300,45,0
2026.02.08 09:05:00,94850.20,94855.12,94838.08,94839.12,300,45,0
2026.02.08 09:00:00,94844.20,94850.18,94844.20,94850.18,300,45,0
2026.02.08 08:55:00,94838.20,94844.18,94838.20,94844.18,300,45,0
2026.02.08 08:50:00,94832.20,94838.18,94832.20,94838.18,300,45,0
2026.02.08 08:45:00,94826.20,94832.18,94826.20,94832.18,300,45,0
2026.02.08 08:40:00,94820.20,94826.18,94820.20,94826.18,300,45,0
2026.02.08 08:35:00,94814.20,94820.18,94814.20,94820.18,300,45,0
2026.02.08 08:30:00,94808.20,94814.18,94808.20,94814.18,300,45,0
2026.02.08 08:25:00,94802.20,94808.18,94802.20,94808.18,300,45,0
2026.02.08 08:20:00,94835.48,94837.76,94799.40,94802.18,300,45,0
2026.02.08 08:15:00,94829.48,94835.46,94829.48,94835.46,300,45,0
2026.02.08 08:10:00,94823.48,94829.46,94823.48,94829.46,300,45,0
2026.02.08 08:05:00,94817.48,94823.46,94817.48,94823.46,300,45,0
2026.02.08 08:00:00,94811.48,94817.46,94811.48,94817.46,236,45,0
2026.02.08 07:55:00,94805.48,94811.46,94805.48,94811.46,300,45,0
2026.02.08 07:50:00,94799.48,94805.46,94799.48,94805.46,300,45,0
2026.02.08 07:45:00,94793.48,94799.46,94793.48,94799.46,300,45,0
2026.02.08 07:40:00,94787.48,94793.46,94787.48,94793.46,300,45,0
2026.02.08 07:35:00,94781.48,94787.46,94781.48,94787.46,300,45,0
2026.02.08 07:30:00,94775.48,94781.46,94775.48,94781.46,300,45,0
2026.02.08 07:25:00,94769.48,94775.46,94769.48,94775.46,300,45,0
2026.02.08 07:20:00,94787.88,94792.66,94768.28,94769.46,300,45,0
2026.02.08 07:15:00,94809.47,94812.41,94784.84,94787.86,300,45,0
2026.02.08 07:10:00,94803.47,94809.45,94803.47,94809.45,300,45,0
2026.02.08 07:05:00,94797.47,94803.45,94797.47,94803.45,300,45,0
2026.02.08 07:00:00,94791.47,94797.45,94791.47,94797.45,300,45,0
2026.02.08 06:45:00,94812.75,94813.33,94786.07,94791.45,300,45,0
2026.02.08 06:40:00,94830.06,94832.14,94808.85,94812.73,300,45,0
2026.02.08 06:35:00,94824.06,94830.04,94824.06,94830.04,300,45,0
2026.02.08 06:30:00,94818.06,94824.04,94818.06,94824.04,300,45,0
2026.02.08 06:25:00,94812.06,94818.04,94812.06,94818.04,300,45,0
2026.02.08 06:20:00,94806.06,94812.04,94806.06,94812.04,300,45,0
2026.02.08 06:15:00,94800.06,94806.04,94800.06,94806.04,300,45,0
2026.02.08 06:10:00,94794.06,94800.04,94794.06,94800.04,300,45,0
2026.02.08 06:05:00,94788.06,94794.04,94788.06,94794.04,300,45,0
2026.02.08 06:00:00,94796.33,94797.47,94783.22,94788.04,300,45,0
2026.02.08 05:55:00,94790.33,94796.31,94790.33,94796.31,300,45,0
2026.02.08 05:50:00,94784.33,94790.31,94784.33,94790.31,300,45,0
2026.02.08 05:45:00,94804.34,94807.26,94781.27,94784.31,300,45,0
2026.02.08 05:40:00,94798.34,94804.32,94798.34,94804.32,300,45,0
2026.02.08 05:35:00,94792.34,94798.32,94792.34,94798.32,300,45,0
2026.02.08 05:30:00,94786.34,94792.32,94786.34,94792.32,300,45,0
2026.02.08 05:25:00,94780.34,94786.32,94780.34,94786.32,300,45,0
2026.02.08 05:20:00,94774.34,94780.32,94774.34,94780.32,300,45,0
2026.02.08 05:15:00,94781.83,94784.49,94771.02,94774.32,300,45,0
2026.02.08 05:10:00,94789.05,94789.19,94775.99,94781.81,300,45,0
2026.02.08 05:05:00,94783.05,94789.03,94783.05,94789.03,300,45,0
2026.02.08 05:00:00,94799.31,94802.09,94779.85,94783.03,300,45,0
2026.02.08 04:55:00,94793.31,94799.29,94793.31,94799.29,300,45,0
2026.02.08 04:50:00,94787.31,94793.29,94787.31,94793.29,300,45,0
2026.02.08 04:45:00,94781.31,94787.29,94781.31,94787.29,300,45,0
2026.02.08 04:40:00,94793.87,94794.65,94776.11,94781.29,300,45,0
2026.02.08 04:35:00,94808.95,94811.61,94790.55,94793.85,300,45,0
2026.02.08 04:30:00,94802.95,94808.93,94802.95,94808.93,300,45,0
2026.02.08 04:25:00,94796.95,94802.93,94796.95,94802.93,300,45,0
2026.02.08 04:20:00,94790.95,94796.93,94790.95,94796.93,300,45,0
2026.02.08 04:15:00,94784.95,94790.93,94784.95,94790.93,300,45,0
2026.02.08 04:10:00,94778.95,94784.93,94778.95,94784.93,300,45,0
2026.02.08 04:05:00,94772.95,94778.93,94772.95,94778.93,300,45,0
2026.02.08 04:00:00,94766.95,94772.93,94766.95,94772.93,300,45,0
2026.02.08 03:55:00,94760.95,94766.93,94760.95,94766.93,300,45,0
2026.02.08 03:50:00,94754.95,94760.93,94754.95,94760.93,300,45,0
2026.02.08 03:45:00,94748.95,94754.93,94748.95,94754.93,300,45,0
2026.02.08 03:40:00,94742.95,94748.93,94742.95,94748.93,300,45,0
2026.02.08 03:35:00,94736.95,94742.93,94736.95,94742.93,300,45,0
2026.02.08 03:30:00,94730.95,94736.93,94730.95,94736.93,300,45,0
2026.02.08 03:25:00,94724.95,94730.93,94724.95,94730.93,300,45,0
2026.02.08 03:20:00,94718.95,94724.93,94718.95,94724.93,300,45,0
2026.02.08 03:15:00,94712.95,94718.93,94712.95,94718.93,300,45,0
2026.02.08 03:10:00,94706.95,94712.93,94706.95,94712.93,300,45,0
2026.02.08 03:05:00,94700.95,94706.93,94700.95,94706.93,300,45,0
2026.02.08 03:00:00,94694.95,94700.93,94694.95,94700.93,300,45,0
2026.02.08 02:55:00,94707.58,94713.36,94694.75,94694.93,300,45,0
2026.02.08 02:50:00,94701.58,94707.56,94701.58,94707.56,300,45,0
2026.02.08 02:45:00,94695.58,94701.56,94695.58,94701.56,300,45,0
2026.02.08 02:40:00,94689.58,94695.56,94689.58,94695.56,300,45,0
2026.02.08 02:35:00,94706.02,94709.06,94686.64,94689.56,300,45,0
2026.02.08 02:30:00,94723.21,94725.81,94702.64,94706.00,300,45,0
2026.02.08 02:25:00,94717.21,94723.19,94717.21,94723.19,300,45,0
2026.02.08 02:20:00,94711.21,94717.19,94711.21,94717.19,300,45,0
2026.02.08 02:15:00,94705.21,94711.19,94705.21,94711.19,300,45,0
2026.02.08 02:10:00,94699.21,94705.19,94699.21,94705.19,300,45,0
2026.02.08 02:05:00,94693.21,94699.19,94693.21,94699.19,300,45,0
2026.02.08 02:00:00,94706.36,94707.56,94688.43,94693.19,300,45,0
2026.02.08 01:55:00,94700.36,94706.34,94700.36,94706.34,300,45,0
2026.02.08 01:50:00,94694.36,94700.34,94694.36,94700.34,300,45,0
2026.02.08 01:45:00,94688.36,94694.34,94688.36,94694.34,300,45,0
2026.02.08 01:40:00,94682.36,94688.34,94682.36,94688.34,300,45,0
2026.02.08 01:35:00,94676.36,94682.34,94676.36,94682.34,300,45,0
2026.02.08 01:30:00,94670.36,94676.34,94670.36,94676.34,300,45,0
2026.02.08 01:25:00,94664.36,94670.34,94664.36,94670.34,300,45,0
2026.02.08 01:20:00,94695.22,94698.54,94661.70,94664.34,300,45,0
2026.02.08 01:15:00,94689.22,94695.20,94689.22,94695.20,300,45,0
2026.02.08 01:10:00,94683.22,94689.20,94683.22,94689.20,300,45,0
2026.02.08 01:05:00,94692.77,94695.25,94679.72,94683.20,300,45,0
2026.02.08 01:00:00,94686.77,94692.75,94686.77,94692.75,300,45,0
2026.02.08 00:55:00,94680.77,94686.75,94680.77,94686.75,300,45,0
2026.02.08 00:50:00,94674.77,94680.75,94674.77,94680.75,300,45,0
2026.02.08 00:45:00,94708.71,94712.71,94672.79,94674.75,300,45,0
2026.02.08 00:40:00,94702.71,94708.69,94702.71,94708.69,300,45,0
2026.02.08 00:35:00,94696.71,94702.69,94696.71,94702.69,300,45,0
2026.02.08 00:30:00,94690.71,94696.69,94690.71,94696.69,300,45,0
2026.02.08 00:25:00,94684.71,94690.69,94684.71,94690.69,300,45,0
2026.02.08 00:20:00,94678.71,94684.69,94678.71,94684.69,300,45,0
2026.02.08 00:15:00,94672.71,94678.69,94672.71,94678.69,300,45,0
2026.02.08 00:10:00,94666.71,94672.69,94666.71,94672.69,300,45,0
2026.02.08 00:05:00,94660.71,94666.69,94660.71,94666.69,300,45,0
2026.02.08 00:00:00,94654.71,94660.69,94654.71,94660.69,300,45,0
2026.02.07 23:55:00,94648.71,94654.69,94648.71,94654.69,300,45,0
2026.02.07 23:50:00,94669.63,94669.91,94643.01,94648.69,300,45,0
2026.02.07 23:45:00,94663.63,94669.61,94663.63,94669.61,300,45,0
2026.02.07 23:40:00,94657.63,94663.61,94657.63,94663.61,300,45,0
2026.02.07 23:35:00,94676.32,94678.64,94653.97,94657.61,300,45,0
2026.02.07 23:30:00,94670.32,94676.30,94670.32,94676.30,300,45,0
2026.02.07 23:25:00,94683.69,94685.17,94665.82,94670.30,300,45,0
2026.02.07 23:20:00,94699.98,94703.22,94680.95,94683.67,300,45,0
2026.02.07 23:15:00,94693.98,94699.96,94693.98,94699.96,300,45,0
2026.02.07 23:10:00,94706.15,94707.21,94689.06,94693.96,300,45,0
2026.02.07 23:05:00,94700.15,94706.13,94700.15,94706.13,300,45,0
2026.02.07 23:00:00,94694.15,94700.13,94694.15,94700.13,300,45,0
2026.02.07 22:55:00,94688.15,94694.13,94688.15,94694.13,300,45,0
2026.02.07 22:50:00,94684.15,94688.13,94684.15,94688.13,201,45,0
2026.02.07 22:45:00,94712.00,94716.38,94682.55,94684.13,300,45,0
2026.02.07 22:40:00,94706.00,94711.98,94706.00,94711.98,300,45,0
2026.02.07 22:35:00,94700.00,94705.98,94700.00,94705.98,300,45,0
2026.02.07 22:30:00,94694.00,94699.98,94694.00,94699.98,300,45,0
2026.02.07 22:25:00,94688.00,94693.98,94688.00,94693.98,300,45,0
2026.02.07 22:20:00,94682.00,94687.98,94682.00,94687.98,300,45,0
2026.02.07 22:15:00,94676.00,94681.98,94676.00,94681.98,300,45,0
2026.02.07 22:10:00,94670.00,94675.98,94670.00,94675.98,300,45,0
2026.02.07 22:05:00,94664.00,94669.98,94664.00,94669.98,300,45,0
2026.02.07 22:00:00,94658.00,94663.98,94658.00,94663.98,300,45,0
2026.02.07 21:55:00,94652.00,94657.98,94652.00,94657.98,300,45,0
2026.02.07 21:50:00,94646.00,94651.98,94646.00,94651.98,300,45,0
2026.02.07 21:45:00,94640.00,94645.98,94640.00,94645.98,300,45,0
2026.02.07 21:40:00,94634.00,94639.98,94634.00,94639.98,300,45,0
2026.02.07 21:35:00,94649.26,94655.18,94633.94,94633.98,300,45,0
2026.02.07 21:30:00,94643.26,94649.24,94643.26,94649.24,300,45,0
2026.02.07 21:25:00,94657.56,94659.56,94639.28,94643.24,300,45,0
2026.02.07 21:20:00,94651.56,94657.54,94651.56,94657.54,300,45,0
2026.02.07 21:15:00,94645.56,94651.54,94645.56,94651.54,300,45,0
2026.02.07 21:10:00,94663.02,94666.54,94643.10,94645.54,300,45,0
2026.02.07 21:05:00,94657.02,94663.00,94657.02,94663.00,300,45,0
2026.02.07 21:00:00,94651.02,94657.00,94651.02,94657.00,300,45,0
2026.02.07 20:55:00,94645.02,94651.00,94645.02,94651.00,300,45,0
2026.02.07 20:50:00,94653.90,94656.26,94641.40,94645.00,300,45,0
2026.02.07 20:45:00,94647.90,94653.88,94647.90,94653.88,300,45,0
2026.02.07 20:40:00,94641.90,94647.88,94641.90,94647.88,300,45,0
2026.02.07 20:35:00,94635.90,94641.88,94635.90,94641.88,300,45,0
2026.02.07 20:30:00,94629.90,94635.88,94629.90,94635.88,300,45,0
2026.02.07 20:25:00,94623.90,94629.88,94623.90,94629.88,300,45,0
2026.02.07 20:20:00,94617.90,94623.88,94617.90,94623.88,300,45,0
2026.02.07 20:15:00,94611.90,94617.88,94611.90,94617.88,300,45,0
2026.02.07 20:10:00,94620.10,94621.58,94607.40,94611.88,300,45,0
2026.02.07 20:05:00,94614.10,94620.08,94614.10,94620.08,300,45,0
2026.02.07 20:00:00,94608.10,94614.08,94608.10,94614.08,300,45,0
2026.02.07 19:55:00,94602.10,94608.08,94602.10,94608.08,300,45,0
2026.02.07 19:50:00,94596.10,94602.08,94596.10,94602.08,300,45,0
2026.02.07 19:45:00,94590.10,94596.08,94590.10,94596.08,300,45,0
2026.02.07 19:40:00,94584.10,94590.08,94584.10,94590.08,300,45,0
2026.02.07 19:35:00,94578.10,94584.08,94578.10,94584.08,300,45,0
2026.02.07 19:30:00,94572.10,94578.08,94572.10,94578.08,300,45,0
2026.02.07 19:25:00,94566.10,94572.08,94566.10,94572.08,300,45,0
2026.02.07 19:20:00,94560.10,94566.08,94560.10,94566.08,300,45,0
2026.02.07 19:15:00,94554.10,94560.08,94554.10,94560.08,300,45,0
2026.02.07 19:10:00,94548.10,94554.08,94548.10,94554.08,300,45,0
2026.02.07 19:05:00,94542.10,94548.08,94542.10,94548.08,300,45,0
2026.02.07 19:00:00,94536.10,94542.08,94536.10,94542.08,300,45,0
2026.02.07 18:55:00,94530.10,94536.08,94530.10,94536.08,300,45,0
2026.02.07 18:50:00,94524.10,94530.08,94524.10,94530.08,300,45,0
2026.02.07 18:45:00,94544.88,94546.70,94520.24,94524.08,300,45,0
2026.02.07 18:40:00,94538.88,94544.86,94538.88,94544.86,300,45,0
2026.02.07 18:35:00,94532.88,94538.86,94532.88,94538.86,300,45,0
2026.02.07 18:30:00,94526.88,94532.86,94526.88,94532.86,300,45,0
2026.02.07 18:25:00,94520.88,94526.86,94520.88,94526.86,300,45,0
2026.02.07 18:20:00,94514.88,94520.86,94514.88,94520.86,300,45,0
2026.02.07 18:15:00,94508.88,94514.86,94508.88,94514.86,300,45,0
2026.02.07 18:10:00,94502.88,94508.86,94502.88,94508.86,300,45,0
2026.02.07 18:05:00,94519.85,94524.17,94501.22,94502.86,300,45,0
2026.02.07 18:00:00,94513.85,94519.83,94513.85,94519.83,300,45,0
2026.02.07 17:55:00,94507.85,94513.83,94507.85,94513.83,300,45,0
2026.02.07 17:50:00,94501.85,94507.83,94501.85,94507.83,300,45,0
2026.02.07 17:45:00,94495.85,94501.83,94495.85,94501.83,300,45,0
2026.02.07 17:40:00,94489.85,94495.83,94489.85,94495.83,300,45,0
2026.02.07 17:35:00,94483.85,94489.83,94483.85,94489.83,300,45,0
2026.02.07 17:30:00,94477.85,94483.83,94477.85,94483.83,300,45,0
2026.02.07 17:25:00,94471.85,94477.83,94471.85,94477.83,300,45,0
2026.02.07 17:20:00,94465.85,94471.83,94465.85,94471.83,300,45,0
2026.02.07 17:15:00,94485.54,94488.40,94462.73,94465.83,300,45,0
2026.02.07 17:10:00,94479.54,94485.52,94479.54,94485.52,300,45,0
2026.02.07 17:05:00,94473.54,94479.52,94473.54,94479.52,300,45,0
2026.02.07 17:00:00,94467.54,94473.52,94467.54,94473.52,300,45,0
2026.02.07 16:55:00,94480.07,94483.91,94465.40,94467.52,300,45,0
2026.02.07 16:50:00,94474.07,94480.05,94474.07,94480.05,300,45,0
2026.02.07 16:45:00,94492.02,94495.66,94471.73,94474.05,300,45,0
2026.02.07 16:40:00,94486.02,94492.00,94486.02,94492.00,300,45,0
2026.02.07 16:35:00,94480.02,94486.00,94480.02,94486.00,300,45,0
2026.02.07 16:30:00,94503.15,94506.79,94477.68,94480.00,300,45,0
2026.02.07 16:25:00,94497.15,94503.13,94497.15,94503.13,300,45,0
2026.02.07 16:20:00,94491.15,94497.13,94491.15,94497.13,300,45,0
2026.02.07 16:15:00,94485.15,94491.13,94485.15,94491.13,300,45,0
2026.02.07 16:10:00,94479.15,94485.13,94479.15,94485.13,300,45,0
2026.02.07 16:05:00,94473.15,94479.13,94473.15,94479.13,300,45,0
2026.02.07 16:00:00,94467.15,94473.13,94467.15,94473.13,300,45,0
2026.02.07 15:55:00,94491.38,94495.44,94465.23,94467.13,300,45,0
2026.02.07 15:50:00,94499.10,94504.04,94490.34,94491.36,300,45,0
2026.02.07 15:45:00,94509.38,94509.98,94493.72,94499.08,300,45,0
2026.02.07 15:40:00,94503.38,94509.36,94503.38,94509.36,300,45,0
2026.02.07 15:35:00,94497.38,94503.36,94497.38,94503.36,300,45,0
2026.02.07 15:30:00,94521.24,94522.82,94492.98,94497.36,300,45,0
2026.02.07 15:25:00,94515.24,94521.22,94515.24,94521.22,300,45,0
2026.02.07 15:20:00,94509.24,94515.22,94509.24,94515.22,300,45,0
2026.02.07 15:15:00,94503.24,94509.22,94503.24,94509.22,300,45,0
2026.02.07 15:10:00,94514.77,94516.07,94498.56,94503.22,300,45,0
2026.02.07 15:05:00,94546.44,94546.50,94510.37,94514.75,300,45,0
2026.02.07 15:00:00,94540.44,94546.42,94540.44,94546.42,300,45,0
2026.02.07 14:55:00,94534.44,94540.42,94534.44,94540.42,300,45,0
2026.02.07 14:50:00,94528.44,94534.42,94528.44,94534.42,300,45,0
2026.02.07 14:45:00,94522.44,94528.42,94522.44,94528.42,300,45,0
2026.02.07 14:40:00,94516.44,94522.42,94516.44,94522.42,300,45,0
2026.02.07 14:35:00,94510.44,94516.42,94510.44,94516.42,300,45,0
2026.02.07 14:30:00,94504.44,94510.42,94504.44,94510.42,300,45,0
2026.02.07 14:25:00,94498.44,94504.42,94498.44,94504.42,300,45,0
2026.02.07 14:20:00,94492.44,94498.42,94492.44,94498.42,300,45,0
2026.02.07 14:15:00,94523.23,94527.09,94490.32,94492.42,300,45,0
2026.02.07 14:10:00,94517.23,94523.21,94517.23,94523.21,300,45,0
2026.02.07 14:05:00,94549.26,94554.46,94516.45,94517.21,300,45,0
2026.02.07 14:00:00,94586.57,94588.71,94545.42,94549.24,300,45,0
2026.02.07 13:55:00,94599.63,94605.43,94586.39,94586.55,300,45,0
2026.02.07 13:50:00,94593.63,94599.61,94593.63,94599.61,300,45,0
2026.02.07 13:45:00,94637.07,94639.23,94589.95,94593.61,300,45,0
2026.02.07 13:40:00,94631.07,94637.05,94631.07,94637.05,300,45,0
2026.02.07 13:35:00,94647.23,94648.55,94626.41,94631.05,300,45,0
2026.02.07 13:30:00,94691.27,94691.71,94646.33,94647.21,300,45,0
2026.02.07 13:25:00,94685.27,94691.25,94685.27,94691.25,300,45,0
2026.02.07 13:20:00,94705.82,94707.16,94680.63,94685.25,300,45,0
2026.02.07 13:15:00,94699.82,94705.80,94699.82,94705.80,300,45,0
2026.02.07 13:10:00,94693.82,94699.80,94693.82,94699.80,300,45,0
2026.02.07 13:05:00,94687.82,94693.80,94687.82,94693.80,300,45,0
2026.02.07 13:00:00,94681.82,94687.80,94681.82,94687.80,300,45,0
2026.02.07 12:55:00,94675.82,94681.80,94675.82,94681.80,300,45,0
2026.02.07 12:50:00,94669.82,94675.80,94669.82,94675.80,300,45,0
2026.02.07 12:45:00,94663.82,94669.80,94663.82,94669.80,300,45,0
2026.02.07 12:40:00,94670.48,94672.22,94659.58,94663.80,300,45,0
2026.02.07 12:35:00,94692.75,94696.85,94668.60,94670.46,300,45,0
2026.02.07 12:30:00,94686.75,94692.73,94686.75,94692.73,300,45,0
2026.02.07 12:25:00,94680.75,94686.73,94680.75,94686.73,300,45,0
2026.02.07 12:20:00,94713.69,94717.37,94678.45,94680.73,300,45,0
2026.02.07 12:15:00,94708.65,94713.67,94708.65,94713.67,252,45,0
2026.02.07 12:10:00,94704.05,94708.65,94704.05,94708.65,231,45,0
2026.02.07 12:05:00,94698.05,94704.03,94698.05,94704.03,300,45,0
2026.02.07 12:00:00,94692.05,94698.03,94692.05,94698.03,300,45,0
2026.02.07 11:55:00,94686.05,94692.03,94686.05,94692.03,300,45,0
2026.02.07 11:50:00,94701.58,94707.40,94685.89,94686.03,300,45,0
2026.02.07 11:45:00,94695.58,94701.56,94695.58,94701.56,300,45,0
2026.02.07 11:40:00,94689.58,94695.56,94689.58,94695.56,300,45,0
2026.02.07 11:35:00,94713.76,94714.20,94684.04,94689.56,300,45,0
2026.02.07 11:30:00,94707.76,94713.74,94707.76,94713.74,300,45,0
2026.02.07 11:25:00,94701.76,94707.74,94701.76,94707.74,300,45,0
2026.02.07 11:20:00,94714.19,94717.57,94699.16,94701.74,300,45,0
2026.02.07 11:15:00,94708.19,94714.17,94708.19,94714.17,300,45,0
2026.02.07 11:10:00,94702.19,94708.17,94702.19,94708.17,300,45,0
2026.02.07 11:05:00,94708.44,94712.54,94700.31,94702.17,300,45,0
2026.02.07 11:00:00,94772.90,94777.04,94707.48,94708.42,300,45,0
2026.02.07 10:55:00,94766.90,94772.88,94766.90,94772.88,300,45,0
2026.02.07 10:50:00,94760.90,94766.88,94760.90,94766.88,300,45,0
2026.02.07 10:45:00,94754.90,94760.88,94754.90,94760.88,300,45,0
2026.02.07 10:40:00,94748.90,94754.88,94748.90,94754.88,300,45,0
2026.02.07 10:35:00,94742.90,94748.88,94742.90,94748.88,300,45,0
2026.02.07 10:30:00,94736.90,94742.88,94736.90,94742.88,300,45,0
2026.02.07 10:25:00,94730.90,94736.88,94730.90,94736.88,300,45,0
2026.02.07 10:20:00,94724.90,94730.88,94724.90,94730.88,300,45,0
2026.02.07 10:15:00,94748.73,94754.31,94724.50,94724.88,300,45,0
2026.02.07 10:10:00,94742.73,94748.71,94742.73,94748.71,300,45,0
2026.02.07 10:05:00,94736.73,94742.71,94736.73,94742.71,300,45,0
2026.02.07 10:00:00,94753.08,94755.80,94733.47,94736.71,300,45,0
2026.02.07 09:55:00,94747.08,94753.06,94747.08,94753.06,300,45,0
2026.02.07 09:50:00,94741.08,94747.06,94741.08,94747.06,300,45,0
2026.02.07 09:45:00,94735.08,94741.06,94735.08,94741.06,300,45,0
2026.02.07 09:40:00,94729.08,94735.06,94729.08,94735.06,300,45,0
2026.02.07 09:35:00,94742.77,94748.69,94729.02,94729.06,300,45,0
2026.02.07 09:30:00,94736.77,94742.75,94736.77,94742.75,300,45,0
2026.02.07 09:25:00,94730.77,94736.75,94730.77,94736.75,300,45,0
2026.02.07 09:20:00,94724.77,94730.75,94724.77,94730.75,300,45,0
2026.02.07 09:15:00,94718.77,94724.75,94718.77,94724.75,300,45,0
2026.02.07 09:10:00,94712.77,94718.75,94712.77,94718.75,300,45,0
2026.02.07 09:05:00,94723.99,94725.01,94707.81,94712.75,300,45,0
2026.02.07 09:00:00,94717.99,94723.97,94717.99,94723.97,300,45,0
2026.02.07 08:55:00,94711.99,94717.97,94711.99,94717.97,300,45,0
2026.02.07 08:50:00,94705.99,94711.97,94705.99,94711.97,300,45,0
2026.02.07 08:45:00,94699.99,94705.97,94699.99,94705.97,300,45,0
2026.02.07 08:40:00,94693.99,94699.97,94693.99,94699.97,300,45,0
2026.02.07 08:35:00,94687.99,94693.97,94687.99,94693.97,300,45,0
2026.02.07 08:30:00,94717.78,94723.12,94687.35,94687.97,300,45,0
2026.02.07 08:25:00,94711.78,94717.76,94711.78,94717.76,300,45,0
2026.02.07 08:20:00,94705.78,94711.76,94705.78,94711.76,300,45,0
2026.02.07 08:15:00,94699.78,94705.76,94699.78,94705.76,300,45,0
2026.02.07 08:10:00,94693.78,94699.76,94693.78,94699.76,300,45,0
2026.02.07 08:05:00,94706.58,94711.44,94692.66,94693.76,300,45,0
2026.02.07 08:00:00,94700.58,94706.56,94700.58,94706.56,300,45,0
2026.02.07 07:55:00,94715.85,94719.51,94698.26,94700.56,300,45,0
2026.02.07 07:50:00,94709.85,94715.83,94709.85,94715.83,300,45,0
2026.02.07 07:45:00,94703.85,94709.83,94703.85,94709.83,300,45,0
2026.02.07 07:40:00,94697.85,94703.83,94697.85,94703.83,300,45,0
2026.02.07 07:35:00,94691.85,94697.83,94691.85,94697.83,300,45,0
2026.02.07 07:30:00,94685.85,94691.83,94685.85,94691.83,300,45,0
2026.02.07 07:25:00,94679.85,94685.83,94679.85,94685.83,300,45,0
2026.02.07 07:20:00,94673.85,94679.83,94673.85,94679.83,300,45,0
2026.02.07 07:15:00,94667.85,94673.83,94667.85,94673.83,300,45,0
2026.02.07 07:10:00,94693.40,94696.60,94665.07,94667.83,300,45,0
2026.02.07 07:05:00,94687.40,94693.38,94687.40,94693.38,300,45,0
2026.02.07 07:00:00,94681.40,94687.38,94681.40,94687.38,300,45,0
2026.02.07 06:55:00,94688.15,94689.21,94676.48,94681.38,300,45,0
2026.02.07 06:50:00,94701.34,94702.68,94683.51,94688.13,300,45,0
2026.02.07 06:45:00,94695.34,94701.32,94695.34,94701.32,300,45,0
2026.02.07 06:40:00,94689.34,94695.32,94689.34,94695.32,300,45,0
2026.02.07 06:35:00,94683.34,94689.32,94683.34,94689.32,300,45,0
2026.02.07 06:30:00,94677.34,94683.32,94677.34,94683.32,300,45,0
2026.02.07 06:25:00,94671.34,94677.32,94671.34,94677.32,300,45,0
2026.02.07 06:20:00,94665.34,94671.32,94665.34,94671.32,300,45,0
2026.02.07 06:15:00,94659.34,94665.32,94659.34,94665.32,300,45,0
2026.02.07 06:10:00,94677.75,94682.45,94658.06,94659.32,300,45,0
2026.02.07 06:05:00,94671.75,94677.73,94671.75,94677.73,300,45,0
2026.02.07 06:00:00,94665.75,94671.73,94665.75,94671.73,300,45,0
2026.02.07 05:55:00,94659.75,94665.73,94659.75,94665.73,300,45,0
2026.02.07 05:50:00,94653.75,94659.73,94653.75,94659.73,300,45,0
2026.02.07 05:45:00,94647.75,94653.73,94647.75,94653.73,300,45,0
2026.02.07 05:40:00,94641.75,94647.73,94641.75,94647.73,300,45,0
2026.02.07 05:35:00,94635.75,94641.73,94635.75,94641.73,300,45,0
2026.02.07 05:30:00,94629.75,94635.73,94629.75,94635.73,300,45,0
2026.02.07 05:25:00,94623.75,94629.73,94623.75,94629.73,300,45,0
2026.02.07 05:20:00,94617.75,94623.73,94617.75,94623.73,300,45,0
2026.02.07 05:15:00,94611.75,94617.73,94611.75,94617.73,300,45,0
2026.02.07 05:10:00,94605.75,94611.73,94605.75,94611.73,300,45,0
2026.02.07 05:05:00,94599.75,94605.73,94599.75,94605.73,300,45,0
2026.02.07 05:00:00,94593.75,94599.73,94593.75,94599.73,300,45,0
2026.02.07 04:55:00,94620.09,94622.73,94590.41,94593.73,300,45,0
2026.02.07 04:50:00,94614.09,94620.07,94614.09,94620.07,300,45,0
2026.02.07 04:45:00,94637.90,94639.46,94609.67,94614.07,300,45,0
2026.02.07 04:40:00,94654.28,94659.86,94637.50,94637.88,300,45,0
2026.02.07 04:35:00,94648.28,94654.26,94648.28,94654.26,300,45,0
2026.02.07 04:30:00,94642.28,94648.26,94642.28,94648.26,300,45,0
2026.02.07 04:25:00,94648.86,94650.50,94637.94,94642.26,300,45,0
2026.02.07 04:20:00,94673.61,94677.47,94646.74,94648.84,300,45,0
2026.02.07 04:15:00,94667.61,94673.59,94667.61,94673.59,300,45,0
2026.02.07 04:10:00,94661.61,94667.59,94661.61,94667.59,300,45,0
2026.02.07 04:05:00,94655.61,94661.59,94655.61,94661.59,300,45,0
2026.02.07 04:00:00,94665.36,94666.40,94650.67,94655.59,300,45,0
2026.02.07 03:55:00,94674.15,94679.75,94664.98,94665.34,300,45,0
2026.02.07 03:50:00,94668.15,94674.13,94668.15,94674.13,300,45,0
2026.02.07 03:45:00,94662.15,94668.13,94662.15,94668.13,300,45,0
2026.02.07 03:40:00,94656.15,94662.13,94656.15,94662.13,300,45,0
2026.02.07 03:35:00,94650.15,94656.13,94650.15,94656.13,300,45,0
2026.02.07 03:30:00,94644.15,94650.13,94644.15,94650.13,300,45,0
2026.02.07 03:25:00,94675.93,94681.27,94643.51,94644.13,300,45,0
2026.02.07 03:20:00,94669.93,94675.91,94669.93,94675.91,300,45,0
2026.02.07 03:15:00,94663.93,94669.91,94663.93,94669.91,300,45,0
2026.02.07 03:10:00,94657.93,94663.91,94657.93,94663.91,300,45,0
2026.02.07 03:05:00,94651.93,94657.91,94651.93,94657.91,300,45,0
2026.02.07 03:00:00,94645.93,94651.91,94645.93,94651.91,300,45,0
2026.02.07 02:55:00,94639.93,94645.91,94639.93,94645.91,300,45,0
2026.02.07 02:50:00,94633.93,94639.91,94633.93,94639.91,300,45,0
2026.02.07 02:45:00,94627.93,94633.91,94627.93,94633.91,300,45,0
2026.02.07 02:40:00,94621.93,94627.91,94621.93,94627.91,300,45,0
2026.02.07 02:35:00,94615.93,94621.91,94615.93,94621.91,300,45,0
2026.02.07 02:30:00,94609.93,94615.91,94609.93,94615.91,300,45,0
2026.02.07 02:25:00,94603.93,94609.91,94603.93,94609.91,300,45,0
2026.02.07 02:20:00,94597.93,94603.91,94597.93,94603.91,300,45,0
2026.02.07 02:15:00,94591.93,94597.91,94591.93,94597.91,300,45,0
2026.02.07 02:10:00,94585.93,94591.91,94585.93,94591.91,300,45,0
2026.02.07 02:05:00,94579.93,94585.91,94579.93,94585.91,300,45,0
2026.02.07 02:00:00,94573.93,94579.91,94573.93,94579.91,300,45,0
2026.02.07 01:55:00,94567.93,94573.91,94567.93,94573.91,300,45,0
2026.02.07 01:50:00,94561.93,94567.91,94561.93,94567.91,300,45,0
2026.02.07 01:45:00,94590.77,94591.47,94556.65,94561.91,300,45,0
2026.02.07 01:40:00,94688.53,94688.77,94589.97,94590.75,300,45,0
2026.02.07 01:35:00,94682.53,94688.51,94682.53,94688.51,300,45,0
2026.02.07 01:30:00,94676.53,94682.51,94676.53,94682.51,300,45,0
2026.02.07 01:25:00,94670.53,94676.51,94670.53,94676.51,300,45,0
2026.02.07 01:20:00,94677.09,94678.09,94665.55,94670.51,300,45,0
2026.02.07 01:15:00,94671.09,94677.07,94671.09,94677.07,300,45,0
2026.02.07 01:10:00,94665.09,94671.07,94665.09,94671.07,300,45,0
2026.02.07 01:05:00,94659.09,94665.07,94659.09,94665.07,300,45,0
2026.02.07 01:00:00,94653.09,94659.07,94653.09,94659.07,300,45,0
2026.02.07 00:55:00,94647.09,94653.07,94647.09,94653.07,300,45,0
2026.02.07 00:50:00,94641.09,94647.07,94641.09,94647.07,300,45,0
2026.02.07 00:45:00,94635.09,94641.07,94635.09,94641.07,300,45,0
2026.02.07 00:40:00,94653.64,94653.82,94629.29,94635.07,300,45,0
2026.02.07 00:35:00,94647.64,94653.62,94647.64,94653.62,300,45,0
2026.02.07 00:30:00,94641.64,94647.62,94641.64,94647.62,300,45,0
2026.02.07 00:25:00,94662.07,94667.71,94641.30,94641.62,300,45,0
2026.02.07 00:20:00,94656.07,94662.05,94656.07,94662.05,300,45,0
2026.02.07 00:15:00,94650.07,94656.05,94650.07,94656.05,300,45,0
2026.02.07 00:10:00,94644.07,94650.05,94644.07,94650.05,300,45,0
2026.02.07 00:05:00,94638.07,94644.05,94638.07,94644.05,300,45,0
2026.02.07 00:00:00,94632.07,94638.05,94632.07,94638.05,300,45,0
2026.02.06 23:55:00,94626.07,94632.05,94626.07,94632.05,300,45,0
2026.02.06 23:50:00,94620.07,94626.05,94620.07,94626.05,300,45,0
2026.02.06 23:45:00,94614.07,94620.05,94614.07,94620.05,300,45,0
2026.02.06 23:40:00,94608.07,94614.05,94608.07,94614.05,300,45,0
2026.02.06 23:35:00,94614.20,94618.62,94606.51,94608.05,300,45,0
2026.02.06 23:30:00,94608.20,94614.18,94608.20,94614.18,300,45,0
2026.02.06 23:25:00,94602.20,94608.18,94602.20,94608.18,300,45,0
2026.02.06 23:20:00,94641.70,94645.28,94599.80,94602.18,300,45,0
2026.02.06 23:15:00,94635.70,94641.68,94635.70,94641.68,300,45,0
2026.02.06 23:10:00,94651.95,94656.43,94634.20,94635.68,300,45,0
2026.02.06 23:05:00,94645.95,94651.93,94645.95,94651.93,300,45,0
2026.02.06 23:00:00,94639.95,94645.93,94639.95,94645.93,300,45,0
2026.02.06 22:55:00,94652.38,94657.62,94639.21,94639.93,300,45,0
2026.02.06 22:50:00,94646.38,94652.36,94646.38,94652.36,300,45,0
2026.02.06 22:45:00,94640.38,94646.36,94640.38,94646.36,300,45,0
2026.02.06 22:40:00,94671.08,94671.48,94637.44,94640.36,300,45,0
2026.02.06 22:35:00,94665.08,94671.06,94665.08,94671.06,300,45,0
2026.02.06 22:30:00,94659.08,94665.06,94659.08,94665.06,300,45,0
2026.02.06 22:25:00,94653.08,94659.06,94653.08,94659.06,300,45,0
2026.02.06 22:20:00,94647.08,94653.06,94647.08,94653.06,300,45,0
2026.02.06 22:15:00,94641.08,94647.06,94641.08,94647.06,300,45,0
2026.02.06 22:10:00,94635.08,94641.06,94635.08,94641.06,300,45,0
2026.02.06 22:05:00,94629.08,94635.06,94629.08,94635.06,300,45,0
2026.02.06 22:00:00,94623.08,94629.06,94623.08,94629.06,300,45,0
2026.02.06 21:55:00,94640.39,94643.27,94619.98,94623.06,300,45,0
2026.02.06 21:50:00,94634.39,94640.37,94634.39,94640.37,300,45,0
2026.02.06 21:45:00,94628.39,94634.37,94628.39,94634.37,300,45,0
2026.02.06 21:40:00,94622.39,94628.37,94622.39,94628.37,300,45,0
2026.02.06 21:35:00,94616.39,94622.37,94616.39,94622.37,300,45,0
2026.02.06 21:30:00,94610.39,94616.37,94610.39,94616.37,300,45,0
2026.02.06 21:25:00,94604.39,94610.37,94604.39,94610.37,300,45,0
2026.02.06 21:20:00,94629.53,94633.43,94602.31,94604.37,300,45,0
2026.02.06 21:15:00,94652.41,94655.71,94626.85,94629.51,300,45,0
2026.02.06 21:10:00,94666.52,94670.56,94650.47,94652.39,300,45,0
2026.02.06 21:05:00,94680.46,94684.98,94665.06,94666.50,300,45,0
2026.02.06 21:00:00,94699.77,94702.85,94677.56,94680.44,300,45,0
2026.02.06 20:55:00,94693.77,94699.75,94693.77,94699.75,300,45,0
2026.02.06 20:50:00,94687.77,94693.75,94687.77,94693.75,300,45,0
2026.02.06 20:45:00,94681.77,94687.75,94681.77,94687.75,300,45,0
2026.02.06 20:40:00,94675.77,94681.75,94675.77,94681.75,300,45,0
2026.02.06 20:35:00,94669.77,94675.75,94669.77,94675.75,300,45,0
2026.02.06 20:30:00,94663.77,94669.75,94663.77,94669.75,300,45,0
2026.02.06 20:25:00,94657.77,94663.75,94657.77,94663.75,300,45,0
2026.02.06 20:20:00,94651.77,94657.75,94651.77,94657.75,300,45,0
2026.02.06 20:15:00,94676.02,94678.86,94648.63,94651.75,300,45,0
2026.02.06 20:10:00,94670.02,94676.00,94670.02,94676.00,300,45,0
2026.02.06 20:05:00,94664.02,94670.00,94664.02,94670.00,300,45,0
2026.02.06 20:00:00,94698.42,94698.98,94659.76,94664.00,300,45,0
2026.02.06 19:55:00,94692.42,94698.40,94692.42,94698.40,300,45,0
2026.02.06 19:50:00,94686.42,94692.40,94686.42,94692.40,300,45,0
2026.02.06 19:45:00,94713.50,94718.54,94685.48,94686.40,300,45,0
2026.02.06 19:40:00,94739.19,94742.97,94711.30,94713.48,300,45,0
2026.02.06 19:35:00,94733.19,94739.17,94733.19,94739.17,300,45,0
2026.02.06 19:30:00,94727.19,94733.17,94727.19,94733.17,300,45,0
2026.02.06 19:25:00,94721.19,94727.17,94721.19,94727.17,300,45,0
2026.02.06 19:20:00,94715.19,94721.17,94715.19,94721.17,300,45,0
2026.02.06 19:15:00,94709.19,94715.17,94709.19,94715.17,300,45,0
2026.02.06 19:10:00,94703.19,94709.17,94703.19,94709.17,300,45,0
2026.02.06 19:05:00,94724.13,94728.65,94701.73,94703.17,300,45,0
2026.02.06 19:00:00,94718.13,94724.11,94718.13,94724.11,300,45,0
2026.02.06 18:55:00,94712.13,94718.11,94712.13,94718.11,300,45,0
2026.02.06 18:50:00,94706.13,94712.11,94706.13,94712.11,300,45,0
2026.02.06 18:45:00,94775.62,94776.96,94703.37,94706.11,300,45,0
2026.02.06 18:40:00,94769.62,94775.60,94769.62,94775.60,300,45,0
2026.02.06 18:35:00,94784.25,94785.07,94764.46,94769.60,300,45,0
2026.02.06 18:30:00,94778.25,94784.23,94778.25,94784.23,300,45,0
2026.02.06 18:25:00,94772.25,94778.23,94772.25,94778.23,300,45,0
2026.02.06 18:20:00,94766.25,94772.23,94766.25,94772.23,300,45,0
2026.02.06 18:15:00,94760.25,94766.23,94760.25,94766.23,300,45,0
2026.02.06 18:10:00,94781.30,94786.90,94759.87,94760.23,300,45,0
2026.02.06 18:05:00,94792.14,94792.40,94775.58,94781.28,300,45,0
2026.02.06 18:00:00,94786.14,94792.12,94786.14,94792.12,300,45,0
2026.02.06 17:55:00,94780.14,94786.12,94780.14,94786.12,300,45,0
2026.02.06 17:50:00,94774.14,94780.12,94774.14,94780.12,300,45,0
2026.02.06 17:45:00,94768.14,94774.12,94768.14,94774.12,300,45,0
2026.02.06 17:40:00,94762.14,94768.12,94762.14,94768.12,300,45,0
2026.02.06 17:35:00,94756.14,94762.12,94756.14,94762.12,300,45,0
2026.02.06 17:30:00,94750.14,94756.12,94750.14,94756.12,300,45,0
2026.02.06 17:25:00,94744.14,94750.12,94744.14,94750.12,300,45,0
2026.02.06 17:20:00,94738.14,94744.12,94738.14,94744.12,300,45,0
2026.02.06 17:15:00,94732.14,94738.12,94732.14,94738.12,300,45,0
2026.02.06 17:10:00,94753.61,94757.57,94730.12,94732.12,300,45,0
2026.02.06 17:05:00,94783.49,94783.85,94747.99,94753.59,300,45,0
2026.02.06 17:00:00,94807.41,94809.45,94779.55,94783.47,300,45,0
2026.02.06 16:55:00,94817.34,94819.02,94803.11,94807.39,300,45,0
2026.02.06 16:50:00,94811.34,94817.32,94811.34,94817.32,300,45,0
2026.02.06 16:45:00,94805.34,94811.32,94805.34,94811.32,300,45,0
2026.02.06 16:40:00,94799.34,94805.32,94799.34,94805.32,300,45,0
2026.02.06 16:35:00,94823.12,94828.36,94798.60,94799.32,300,45,0
2026.02.06 16:30:00,94817.12,94823.10,94817.12,94823.10,300,45,0
2026.02.06 16:25:00,94811.12,94817.10,94811.12,94817.10,300,45,0
2026.02.06 16:20:00,94805.12,94811.10,94805.12,94811.10,300,45,0
2026.02.06 16:15:00,94799.12,94805.10,94799.12,94805.10,300,45,0
2026.02.06 16:10:00,94793.12,94799.10,94793.12,94799.10,300,45,0
2026.02.06 16:05:00,94787.12,94793.10,94787.12,94793.10,300,45,0
2026.02.06 16:00:00,94781.12,94787.10,94781.12,94787.10,300,45,0
2026.02.06 15:55:00,94805.14,94806.94,94776.94,94781.10,300,45,0
2026.02.06 15:50:00,94799.14,94805.12,94799.14,94805.12,300,45,0
2026.02.06 15:45:00,94793.14,94799.12,94793.14,94799.12,300,45,0
2026.02.06 15:40:00,94799.42,94803.70,94791.44,94793.12,300,45,0
2026.02.06 15:35:00,94793.42,94799.40,94793.42,94799.40,300,45,0
2026.02.06 15:30:00,94818.39,94824.01,94793.06,94793.40,300,45,0
2026.02.06 15:25:00,94812.39,94818.37,94812.39,94818.37,300,45,0
2026.02.06 15:20:00,94806.39,94812.37,94806.39,94812.37,300,45,0
2026.02.06 15:15:00,94800.39,94806.37,94800.39,94806.37,300,45,0
2026.02.06 15:10:00,94794.39,94800.37,94794.39,94800.37,300,45,0
2026.02.06 15:05:00,94788.39,94794.37,94788.39,94794.37,300,45,0
2026.02.06 15:00:00,94800.80,94803.72,94785.33,94788.37,300,45,0
2026.02.06 14:55:00,94794.80,94800.78,94794.80,94800.78,300,45,0
2026.02.06 14:50:00,94788.80,94794.78,94788.80,94794.78,300,45,0
2026.02.06 14:45:00,94802.62,94807.80,94788.00,94788.78,300,45,0
2026.02.06 14:40:00,94796.62,94802.60,94796.62,94802.60,300,45,0
2026.02.06 14:35:00,94821.20,94826.06,94795.50,94796.60,300,45,0
2026.02.06 14:30:00,94815.20,94821.18,94815.20,94821.18,300,45,0
2026.02.06 14:25:00,94809.20,94815.18,94809.20,94815.18,300,45,0
2026.02.06 14:20:00,94803.20,94809.18,94803.20,94809.18,300,45,0
2026.02.06 14:15:00,94797.20,94803.18,94797.20,94803.18,300,45,0
2026.02.06 14:10:00,94791.20,94797.18,94791.20,94797.18,300,45,0
2026.02.06 14:05:00,94785.20,94791.18,94785.20,94791.18,300,45,0
2026.02.06 14:00:00,94779.20,94785.18,94779.20,94785.18,300,45,0
2026.02.06 13:55:00,94773.20,94779.18,94773.20,94779.18,300,45,0
2026.02.06 13:50:00,94767.20,94773.18,94767.20,94773.18,300,45,0
2026.02.06 13:45:00,94779.30,94781.42,94763.34,94767.18,300,45,0
2026.02.06 13:40:00,94773.30,94779.28,94773.30,94779.28,300,45,0
2026.02.06 13:35:00,94791.78,94793.98,94769.52,94773.28,300,45,0
2026.02.06 13:30:00,94785.78,94791.76,94785.78,94791.76,300,45,0
2026.02.06 13:25:00,94779.78,94785.76,94779.78,94785.76,300,45,0
2026.02.06 13:20:00,94773.78,94779.76,94773.78,94779.76,300,45,0
2026.02.06 13:15:00,94806.76,94809.64,94770.68,94773.76,300,45,0
2026.02.06 13:10:00,94800.76,94806.74,94800.76,94806.74,300,45,0
2026.02.06 13:05:00,94810.97,94816.43,94800.24,94800.74,300,45,0
2026.02.06 13:00:00,94804.97,94810.95,94804.97,94810.95,300,45,0
2026.02.06 12:55:00,94835.22,94840.42,94804.19,94804.95,300,45,0
2026.02.06 12:50:00,94844.71,94845.79,94830.32,94835.20,300,45,0
2026.02.06 12:45:00,94838.71,94844.69,94838.71,94844.69,300,45,0
2026.02.06 12:40:00,94832.71,94838.69,94832.71,94838.69,300,45,0
2026.02.06 12:35:00,94826.71,94832.69,94826.71,94832.69,300,45,0
2026.02.06 12:30:00,94820.71,94826.69,94820.71,94826.69,300,45,0
2026.02.06 12:25:00,94814.71,94820.69,94814.71,94820.69,300,45,0
2026.02.06 12:20:00,94808.71,94814.69,94808.71,94814.69,300,45,0
2026.02.06 12:15:00,94802.71,94808.69,94802.71,94808.69,300,45,0
2026.02.06 12:10:00,94796.71,94802.69,94796.71,94802.69,300,45,0
2026.02.06 12:05:00,94790.71,94796.69,94790.71,94796.69,300,45,0
2026.02.06 12:00:00,94784.71,94790.69,94784.71,94790.69,300,45,0
2026.02.06 11:55:00,94778.71,94784.69,94778.71,94784.69,300,45,0
2026.02.06 11:50:00,94772.71,94778.69,94772.71,94778.69,300,45,0
2026.02.06 11:45:00,94766.71,94772.69,94766.71,94772.69,300,45,0
2026.02.06 11:40:00,94760.71,94766.69,94760.71,94766.69,300,45,0
2026.02.06 11:35:00,94754.71,94760.69,94754.71,94760.69,300,45,0
2026.02.06 11:30:00,94748.71,94754.69,94748.71,94754.69,300,45,0
2026.02.06 11:25:00,94742.71,94748.69,94742.71,94748.69,300,45,0
2026.02.06 11:20:00,94736.71,94742.69,94736.71,94742.69,300,45,0
2026.02.06 11:15:00,94730.71,94736.69,94730.71,94736.69,300,45,0
2026.02.06 11:10:00,94724.71,94730.69,94724.71,94730.69,300,45,0
2026.02.06 11:05:00,94737.78,94742.16,94723.11,94724.69,300,45,0
2026.02.06 11:00:00,94749.28,94749.96,94732.48,94737.76,300,45,0
2026.02.06 10:55:00,94780.37,94782.09,94745.02,94749.26,300,45,0
2026.02.06 10:50:00,94774.37,94780.35,94774.37,94780.35,300,45,0
2026.02.06 10:45:00,94768.37,94774.35,94768.37,94774.35,300,45,0
2026.02.06 10:40:00,94762.37,94768.35,94762.37,94768.35,300,45,0
2026.02.06 10:35:00,94756.37,94762.35,94756.37,94762.35,300,45,0
2026.02.06 10:30:00,94750.37,94756.35,94750.37,94756.35,300,45,0
2026.02.06 10:25:00,94744.37,94750.35,94744.37,94750.35,300,45,0
2026.02.06 10:20:00,94776.77,94777.29,94738.91,94744.35,300,45,0
2026.02.06 10:15:00,94770.77,94776.75,94770.77,94776.75,300,45,0
2026.02.06 10:10:00,94764.77,94770.75,94764.77,94770.75,300,45,0
2026.02.06 10:05:00,94758.77,94764.75,94758.77,94764.75,300,45,0
2026.02.06 10:00:00,94773.39,94775.47,94754.87,94758.75,300,45,0
2026.02.06 09:55:00,94767.39,94773.37,94767.39,94773.37,300,45,0
2026.02.06 09:50:00,94761.39,94767.37,94761.39,94767.37,300,45,0
2026.02.06 09:45:00,94755.39,94761.37,94755.39,94761.37,300,45,0
2026.02.06 09:40:00,94749.39,94755.37,94749.39,94755.37,300,45,0
2026.02.06 09:35:00,94743.39,94749.37,94743.39,94749.37,300,45,0
2026.02.06 09:30:00,94737.39,94743.37,94737.39,94743.37,300,45,0
2026.02.06 09:25:00,94731.39,94737.37,94731.39,94737.37,300,45,0
2026.02.06 09:20:00,94725.39,94731.37,94725.39,94731.37,300,45,0
2026.02.06 09:15:00,94719.39,94725.37,94719.39,94725.37,300,45,0
2026.02.06 09:10:00,94748.90,94754.60,94719.11,94719.37,300,45,0
2026.02.06 09:05:00,94742.90,94748.88,94742.90,94748.88,300,45,0
2026.02.06 09:00:00,94736.90,94742.88,94736.90,94742.88,300,45,0
2026.02.06 08:55:00,94730.90,94736.88,94730.90,94736.88,300,45,0
2026.02.06 08:50:00,94724.90,94730.88,94724.90,94730.88,300,45,0
2026.02.06 08:45:00,94718.90,94724.88,94718.90,94724.88,300,45,0
2026.02.06 08:40:00,94712.90,94718.88,94712.90,94718.88,300,45,0
2026.02.06 08:35:00,94706.90,94712.88,94706.90,94712.88,300,45,0
2026.02.06 08:30:00,94700.90,94706.88,94700.90,94706.88,300,45,0
2026.02.06 08:25:00,94694.90,94700.88,94694.90,94700.88,300,45,0
2026.02.06 08:20:00,94688.90,94694.88,94688.90,94694.88,300,45,0
2026.02.06 08:15:00,94682.90,94688.88,94682.90,94688.88,300,45,0
2026.02.06 08:10:00,94676.90,94682.88,94676.90,94682.88,300,45,0
2026.02.06 08:05:00,94721.20,94723.88,94676.52,94676.88,300,45,0
2026.02.06 08:00:00,94715.20,94721.18,94715.20,94721.18,300,45,0
2026.02.06 07:55:00,94709.20,94715.18,94709.20,94715.18,300,45,0
2026.02.06 07:50:00,94737.46,94739.06,94704.82,94709.18,300,45,0
2026.02.06 07:45:00,94757.85,94758.35,94731.98,94737.44,300,45,0
2026.02.06 07:40:00,94772.20,94772.68,94752.35,94757.83,300,45,0
2026.02.06 07:35:00,94766.20,94772.18,94766.20,94772.18,300,45,0
2026.02.06 07:30:00,94772.36,94774.68,94762.54,94766.18,300,45,0
2026.02.06 07:25:00,94766.36,94772.34,94766.36,94772.34,300,45,0
2026.02.06 07:20:00,94778.57,94782.23,94764.04,94766.34,300,45,0
2026.02.06 07:15:00,94772.57,94778.55,94772.57,94778.55,300,45,0
2026.02.06 07:10:00,94803.45,94804.97,94768.11,94772.55,300,45,0
2026.02.06 07:05:00,94797.45,94803.43,94797.45,94803.43,300,45,0
2026.02.06 07:00:00,94814.92,94818.82,94795.37,94797.43,300,45,0
2026.02.06 06:55:00,94808.92,94814.90,94808.92,94814.90,300,45,0
2026.02.06 06:50:00,94831.37,94834.89,94806.46,94808.90,300,45,0
2026.02.06 06:45:00,94825.37,94831.35,94825.37,94831.35,300,45,0
2026.02.06 06:40:00,94819.37,94825.35,94819.37,94825.35,300,45,0
2026.02.06 06:35:00,94813.37,94819.35,94813.37,94819.35,300,45,0
2026.02.06 06:30:00,94807.37,94813.35,94807.37,94813.35,300,45,0
2026.02.06 06:25:00,94818.03,94820.87,94804.23,94807.35,300,45,0
2026.02.06 06:20:00,94812.03,94818.01,94812.03,94818.01,300,45,0
2026.02.06 06:15:00,94828.79,94829.63,94806.89,94812.01,300,45,0
2026.02.06 06:10:00,94822.79,94828.77,94822.79,94828.77,300,45,0
2026.02.06 06:05:00,94816.79,94822.77,94816.79,94822.77,300,45,0
2026.02.06 06:00:00,94810.79,94816.77,94810.79,94816.77,300,45,0
2026.02.06 05:55:00,94804.79,94810.77,94804.79,94810.77,300,45,0
2026.02.06 05:50:00,94798.79,94804.77,94798.79,94804.77,300,45,0
2026.02.06 05:45:00,94809.80,94812.36,94795.37,94798.77,300,45,0
2026.02.06 05:40:00,94803.80,94809.78,94803.80,94809.78,300,45,0
2026.02.06 05:35:00,94810.96,94815.88,94802.74,94803.78,300,45,0
2026.02.06 05:30:00,94820.97,94822.27,94806.28,94810.94,300,45,0
2026.02.06 05:25:00,94814.97,94820.95,94814.97,94820.95,300,45,0
2026.02.06 05:20:00,94834.98,94839.92,94813.93,94814.95,300,45,0
2026.02.06 05:15:00,94828.98,94834.96,94828.98,94834.96,300,45,0
2026.02.06 05:10:00,94843.58,94846.90,94826.32,94828.96,300,45,0
2026.02.06 05:05:00,94837.58,94843.56,94837.58,94843.56,300,45,0
2026.02.06 05:00:00,94831.58,94837.56,94831.58,94837.56,300,45,0
2026.02.06 04:55:00,94825.58,94831.56,94825.58,94831.56,300,45,0
2026.02.06 04:50:00,94819.58,94825.56,94819.58,94825.56,300,45,0
2026.02.06 04:45:00,94813.58,94819.56,94813.58,94819.56,300,45,0
2026.02.06 04:40:00,94837.11,94841.99,94812.48,94813.56,300,45,0
2026.02.06 04:35:00,94831.11,94837.09,94831.11,94837.09,300,45,0
2026.02.06 04:30:00,94825.11,94831.09,94825.11,94831.09,300,45,0
2026.02.06 04:25:00,94819.11,94825.09,94819.11,94825.09,300,45,0
2026.02.06 04:20:00,94813.11,94819.09,94813.11,94819.09,300,45,0
2026.02.06 04:15:00,94807.11,94813.09,94807.11,94813.09,300,45,0
2026.02.06 04:10:00,94830.62,94832.18,94802.69,94807.09,300,45,0
2026.02.06 04:05:00,94824.62,94830.60,94824.62,94830.60,300,45,0
2026.02.06 04:00:00,94818.62,94824.60,94818.62,94824.60,300,45,0
2026.02.06 03:55:00,94812.62,94818.60,94812.62,94818.60,300,45,0
2026.02.06 03:50:00,94818.93,94821.21,94808.92,94812.60,300,45,0
2026.02.06 03:45:00,94833.07,94835.59,94815.47,94818.91,300,45,0
2026.02.06 03:40:00,94827.07,94833.05,94827.07,94833.05,300,45,0
2026.02.06 03:35:00,94821.07,94827.05,94821.07,94827.05,300,45,0
2026.02.06 03:30:00,94815.07,94821.05,94815.07,94821.05,300,45,0
2026.02.06 03:25:00,94809.07,94815.05,94809.07,94815.05,300,45,0
2026.02.06 03:20:00,94803.07,94809.05,94803.07,94809.05,300,45,0
2026.02.06 03:15:00,94797.07,94803.05,94797.07,94803.05,300,45,0
2026.02.06 03:10:00,94811.88,94812.08,94791.29,94797.05,300,45,0
2026.02.06 03:05:00,94805.88,94811.86,94805.88,94811.86,300,45,0
2026.02.06 03:00:00,94799.88,94805.86,94799.88,94805.86,300,45,0
2026.02.06 02:55:00,94793.88,94799.86,94793.88,94799.86,300,45,0
2026.02.06 02:50:00,94787.88,94793.86,94787.88,94793.86,300,45,0
2026.02.06 02:45:00,94781.88,94787.86,94781.88,94787.86,300,45,0
2026.02.06 02:40:00,94775.88,94781.86,94775.88,94781.86,300,45,0
2026.02.06 02:35:00,94769.88,94775.86,94769.88,94775.86,300,45,0
2026.02.06 02:30:00,94763.88,94769.86,94763.88,94769.86,300,45,0
2026.02.06 02:25:00,94757.88,94763.86,94757.88,94763.86,300,45,0
2026.02.06 02:20:00,94751.88,94757.86,94751.88,94757.86,300,45,0
2026.02.06 02:15:00,94745.88,94751.86,94745.88,94751.86,300,45,0
2026.02.06 02:10:00,94739.88,94745.86,94739.88,94745.86,300,45,0
2026.02.06 02:05:00,94759.14,94762.34,94737.10,94739.86,300,45,0
2026.02.06 02:00:00,94753.14,94759.12,94753.14,94759.12,300,45,0
2026.02.06 01:55:00,94747.14,94753.12,94747.14,94753.12,300,45,0
2026.02.06 01:50:00,94771.95,94777.63,94746.84,94747.12,300,45,0
2026.02.06 01:45:00,94796.29,94801.01,94770.69,94771.93,300,45,0
2026.02.06 01:40:00,94790.29,94796.27,94790.29,94796.27,300,45,0
2026.02.06 01:35:00,94784.29,94790.27,94784.29,94790.27,300,45,0
2026.02.06 01:30:00,94778.29,94784.27,94778.29,94784.27,300,45,0
2026.02.06 01:25:00,94772.29,94778.27,94772.29,94778.27,300,45,0
2026.02.06 01:20:00,94766.29,94772.27,94766.29,94772.27,300,45,0
2026.02.06 01:15:00,94777.53,94782.73,94765.51,94766.27,300,45,0
2026.02.06 01:10:00,94771.53,94777.51,94771.53,94777.51,300,45,0
2026.02.06 01:05:00,94765.53,94771.51,94765.53,94771.51,300,45,0
2026.02.06 01:00:00,94759.53,94765.51,94759.53,94765.51,300,45,0
2026.02.06 00:55:00,94753.53,94759.51,94753.53,94759.51,300,45,0
2026.02.06 00:50:00,94747.53,94753.51,94747.53,94753.51,300,45,0
2026.02.06 00:45:00,94763.93,94764.19,94741.81,94747.51,300,45,0
2026.02.06 00:40:00,94757.93,94763.91,94757.93,94763.91,300,45,0
2026.02.06 00:35:00,94751.93,94757.91,94751.93,94757.91,300,45,0
2026.02.06 00:30:00,94745.93,94751.91,94745.93,94751.91,300,45,0
2026.02.06 00:25:00,94739.93,94745.91,94739.93,94745.91,300,45,0
2026.02.06 00:20:00,94769.62,94770.84,94735.17,94739.91,300,45,0
2026.02.06 00:15:00,94763.62,94769.60,94763.62,94769.60,300,45,0
2026.02.06 00:10:00,94757.62,94763.60,94757.62,94763.60,300,45,0
2026.02.06 00:05:00,94751.62,94757.60,94751.62,94757.60,300,45,0
2026.02.06 00:00:00,94745.62,94751.60,94745.62,94751.60,300,45,0
2026.02.05 23:55:00,94739.62,94745.60,94739.62,94745.60,300,45,0
2026.02.05 23:50:00,94757.18,94762.22,94738.68,94739.60,300,45,0
2026.02.05 23:45:00,94751.18,94757.16,94751.18,94757.16,300,45,0
2026.02.05 23:40:00,94745.18,94751.16,94745.18,94751.16,300,45,0
2026.02.05 23:35:00,94739.18,94745.16,94739.18,94745.16,300,45,0
2026.02.05 23:30:00,94733.18,94739.16,94733.18,94739.16,300,45,0
2026.02.05 23:25:00,94727.18,94733.16,94727.18,94733.16,300,45,0
2026.02.05 23:20:00,94721.18,94727.16,94721.18,94727.16,300,45,0
2026.02.05 23:15:00,94715.18,94721.16,94715.18,94721.16,300,45,0
2026.02.05 23:10:00,94727.54,94729.76,94711.42,94715.16,300,45,0
2026.02.05 23:05:00,94749.12,94751.44,94723.88,94727.52,300,45,0
2026.02.05 23:00:00,94743.12,94749.10,94743.12,94749.10,300,45,0
2026.02.05 22:55:00,94751.74,94756.98,94742.38,94743.10,300,45,0
2026.02.05 22:50:00,94745.74,94751.72,94745.74,94751.72,300,45,0
2026.02.05 22:45:00,94739.74,94745.72,94739.74,94745.72,300,45,0
2026.02.05 22:40:00,94759.63,94764.63,94738.76,94739.72,300,45,0
2026.02.05 22:35:00,94753.63,94759.61,94753.63,94759.61,300,45,0
2026.02.05 22:30:00,94747.63,94753.61,94747.63,94753.61,300,45,0
2026.02.05 22:25:00,94741.63,94747.61,94741.63,94747.61,300,45,0
2026.02.05 22:20:00,94735.63,94741.61,94735.63,94741.61,300,45,0
2026.02.05 22:15:00,94729.63,94735.61,94729.63,94735.61,300,45,0
2026.02.05 22:10:00,94723.63,94729.61,94723.63,94729.61,300,45,0
2026.02.05 22:05:00,94743.63,94749.27,94723.29,94723.61,300,45,0
2026.02.05 22:00:00,94778.25,94780.45,94739.85,94743.61,300,45,0
2026.02.05 21:55:00,94794.27,94799.09,94777.09,94778.23,300,45,0
2026.02.05 21:50:00,94801.68,94802.56,94789.17,94794.25,300,45,0
2026.02.05 21:45:00,94818.65,94819.13,94796.18,94801.66,300,45,0
2026.02.05 21:40:00,94812.65,94818.63,94812.65,94818.63,300,45,0
2026.02.05 21:35:00,94806.65,94812.63,94806.65,94812.63,300,45,0
2026.02.05 21:30:00,94800.65,94806.63,94800.65,94806.63,300,45,0
2026.02.05 21:25:00,94794.65,94800.63,94794.65,94800.63,300,45,0
2026.02.05 21:20:00,94831.92,94834.66,94794.01,94794.63,300,45,0
2026.02.05 21:15:00,94825.92,94831.90,94825.92,94831.90,300,45,0
2026.02.05 21:10:00,94833.88,94837.60,94823.66,94825.90,300,45,0
2026.02.05 21:05:00,94827.88,94833.86,94827.88,94833.86,300,45,0
2026.02.05 21:00:00,94821.88,94827.86,94821.88,94827.86,300,45,0
2026.02.05 20:55:00,94815.88,94821.86,94815.88,94821.86,300,45,0
2026.02.05 20:50:00,94809.88,94815.86,94809.88,94815.86,300,45,0
2026.02.05 20:45:00,94803.88,94809.86,94803.88,94809.86,300,45,0
2026.02.05 20:40:00,94797.88,94803.86,94797.88,94803.86,300,45,0
2026.02.05 20:35:00,94791.88,94797.86,94791.88,94797.86,300,45,0
2026.02.05 20:30:00,94785.88,94791.86,94785.88,94791.86,300,45,0
2026.02.05 20:25:00,94779.88,94785.86,94779.88,94785.86,300,45,0
2026.02.05 20:20:00,94773.88,94779.86,94773.88,94779.86,300,45,0
2026.02.05 20:15:00,94767.88,94773.86,94767.88,94773.86,300,45,0
2026.02.05 20:10:00,94821.14,94823.60,94765.08,94767.86,300,45,0
2026.02.05 20:05:00,94815.14,94821.12,94815.14,94821.12,300,45,0
2026.02.05 20:00:00,94842.59,94845.95,94812.52,94815.12,300,45,0
2026.02.05 19:55:00,94857.81,94858.73,94837.53,94842.57,300,45,0
2026.02.05 19:50:00,94851.81,94857.79,94851.81,94857.79,300,45,0
2026.02.05 19:45:00,94845.81,94851.79,94845.81,94851.79,300,45,0
2026.02.05 19:40:00,94839.81,94845.79,94839.81,94845.79,300,45,0
2026.02.05 19:35:00,94833.81,94839.79,94833.81,94839.79,300,45,0
2026.02.05 19:30:00,94827.81,94833.79,94827.81,94833.79,300,45,0
2026.02.05 19:25:00,94821.81,94827.79,94821.81,94827.79,300,45,0
2026.02.05 19:20:00,94844.30,94846.78,94818.31,94821.79,300,45,0
2026.02.05 19:15:00,94838.30,94844.28,94838.30,94844.28,300,45,0
2026.02.05 19:10:00,94855.33,94856.27,94833.26,94838.28,300,45,0
2026.02.05 19:05:00,94849.33,94855.31,94849.33,94855.31,300,45,0
2026.02.05 19:00:00,94843.33,94849.31,94843.33,94849.31,300,45,0
2026.02.05 18:55:00,94837.33,94843.31,94837.33,94843.31,300,45,0
2026.02.05 18:50:00,94854.30,94859.84,94836.89,94837.31,300,45,0
2026.02.05 18:45:00,94848.30,94854.28,94848.30,94854.28,300,45,0
2026.02.05 18:40:00,94865.77,94868.05,94844.60,94848.28,300,45,0
2026.02.05 18:35:00,94859.77,94865.75,94859.77,94865.75,300,45,0
2026.02.05 18:30:00,94853.77,94859.75,94853.77,94859.75,300,45,0
2026.02.05 18:25:00,94872.88,94873.72,94848.63,94853.75,300,45,0
2026.02.05 18:20:00,94866.88,94872.86,94866.88,94872.86,300,45,0
2026.02.05 18:15:00,94886.19,94888.51,94863.22,94866.86,300,45,0
2026.02.05 18:10:00,94880.19,94886.17,94880.19,94886.17,300,45,0
2026.02.05 18:05:00,94874.19,94880.17,94874.19,94880.17,300,45,0
2026.02.05 18:00:00,94912.30,94912.94,94870.57,94874.17,300,45,0
2026.02.05 17:55:00,94906.30,94912.28,94906.30,94912.28,300,45,0
2026.02.05 17:50:00,94936.70,94939.18,94902.80,94906.28,300,45,0
2026.02.05 17:45:00,94930.70,94936.68,94930.70,94936.68,300,45,0
2026.02.05 17:40:00,94956.80,94957.30,94925.22,94930.68,300,45,0
2026.02.05 17:35:00,94950.80,94956.78,94950.80,94956.78,300,45,0
2026.02.05 17:30:00,94960.11,94961.69,94946.40,94950.78,300,45,0
2026.02.05 17:25:00,94954.11,94960.09,94954.11,94960.09,300,45,0
2026.02.05 17:20:00,94948.11,94954.09,94948.11,94954.09,300,45,0
2026.02.05 17:15:00,94942.11,94948.09,94942.11,94948.09,300,45,0
2026.02.05 17:10:00,94949.47,94951.89,94938.55,94942.09,300,45,0
2026.02.05 17:05:00,94943.47,94949.45,94943.47,94949.45,300,45,0
2026.02.05 17:00:00,94957.41,94958.19,94938.27,94943.45,300,45,0
2026.02.05 16:55:00,94951.41,94957.39,94951.41,94957.39,300,45,0
2026.02.05 16:50:00,94945.41,94951.39,94945.41,94951.39,300,45,0
2026.02.05 16:45:00,94939.41,94945.39,94939.41,94945.39,300,45,0
2026.02.05 16:40:00,94933.41,94939.39,94933.41,94939.39,300,45,0
2026.02.05 16:35:00,94927.41,94933.39,94927.41,94933.39,300,45,0
2026.02.05 16:30:00,94921.41,94927.39,94921.41,94927.39,300,45,0
2026.02.05 16:25:00,94915.41,94921.39,94915.41,94921.39,300,45,0
2026.02.05 16:20:00,94909.41,94915.39,94909.41,94915.39,300,45,0
2026.02.05 16:15:00,94903.41,94909.39,94903.41,94909.39,300,45,0
2026.02.05 16:10:00,94897.41,94903.39,94897.41,94903.39,300,45,0
2026.02.05 16:05:00,94891.41,94897.39,94891.41,94897.39,300,45,0
2026.02.05 16:00:00,94885.41,94891.39,94885.41,94891.39,300,45,0
2026.02.05 15:55:00,94900.59,94903.33,94882.17,94885.39,300,45,0
2026.02.05 15:50:00,94894.59,94900.57,94894.59,94900.57,300,45,0
2026.02.05 15:45:00,94888.59,94894.57,94888.59,94894.57,300,45,0
2026.02.05 15:40:00,94882.59,94888.57,94882.59,94888.57,300,45,0
2026.02.05 15:35:00,94876.59,94882.57,94876.59,94882.57,300,45,0
2026.02.05 15:30:00,94870.59,94876.57,94870.59,94876.57,300,45,0
2026.02.05 15:25:00,94864.59,94870.57,94864.59,94870.57,300,45,0
2026.02.05 15:20:00,94873.15,94875.77,94861.23,94864.57,300,45,0
2026.02.05 15:15:00,94867.15,94873.13,94867.15,94873.13,300,45,0
2026.02.05 15:10:00,94861.15,94867.13,94861.15,94867.13,300,45,0
2026.02.05 15:05:00,94855.15,94861.13,94855.15,94861.13,300,45,0
2026.02.05 15:00:00,94849.15,94855.13,94849.15,94855.13,300,45,0
2026.02.05 14:55:00,94843.15,94849.13,94843.15,94849.13,300,45,0
2026.02.05 14:50:00,94837.15,94843.13,94837.15,94843.13,300,45,0
2026.02.05 14:45:00,94831.15,94837.13,94831.15,94837.13,300,45,0
2026.02.05 14:40:00,94825.15,94831.13,94825.15,94831.13,300,45,0
2026.02.05 14:35:00,94865.49,94869.57,94824.11,94825.13,300,45,0
2026.02.05 14:30:00,94859.49,94865.47,94859.49,94865.47,300,45,0
2026.02.05 14:25:00,94878.26,94883.92,94859.17,94859.47,300,45,0
2026.02.05 14:20:00,94872.26,94878.24,94872.26,94878.24,300,45,0
2026.02.05 14:15:00,94866.26,94872.24,94866.26,94872.24,300,45,0
2026.02.05 14:10:00,94860.26,94866.24,94860.26,94866.24,300,45,0
2026.02.05 14:05:00,94854.26,94860.24,94854.26,94860.24,300,45,0
2026.02.05 14:00:00,94866.07,94868.79,94851.00,94854.24,300,45,0
2026.02.05 13:55:00,94881.65,94887.33,94865.77,94866.05,300,45,0
2026.02.05 13:50:00,94875.65,94881.63,94875.65,94881.63,300,45,0
2026.02.05 13:45:00,94869.65,94875.63,94869.65,94875.63,300,45,0
2026.02.05 13:40:00,94863.65,94869.63,94863.65,94869.63,300,45,0
2026.02.05 13:35:00,94857.65,94863.63,94857.65,94863.63,300,45,0
2026.02.05 13:30:00,94851.65,94857.63,94851.65,94857.63,300,45,0
2026.02.05 13:25:00,94845.65,94851.63,94845.65,94851.63,300,45,0
2026.02.05 13:20:00,94839.65,94845.63,94839.65,94845.63,300,45,0
2026.02.05 13:15:00,94833.65,94839.63,94833.65,94839.63,300,45,0
2026.02.05 13:10:00,94827.65,94833.63,94827.65,94833.63,300,45,0
2026.02.05 13:05:00,94821.65,94827.63,94821.65,94827.63,300,45,0
2026.02.05 13:00:00,94815.65,94821.63,94815.65,94821.63,300,45,0
2026.02.05 12:55:00,94809.65,94815.63,94809.65,94815.63,300,45,0
2026.02.05 12:50:00,94803.65,94809.63,94803.65,94809.63,300,45,0
2026.02.05 12:45:00,94797.65,94803.63,94797.65,94803.63,300,45,0
2026.02.05 12:40:00,94816.48,94821.66,94796.85,94797.63,300,45,0
2026.02.05 12:35:00,94810.48,94816.46,94810.48,94816.46,300,45,0
2026.02.05 12:30:00,94804.48,94810.46,94804.48,94810.46,300,45,0
2026.02.05 12:25:00,94798.48,94804.46,94798.48,94804.46,300,45,0
2026.02.05 12:20:00,94792.48,94798.46,94792.48,94798.46,300,45,0
2026.02.05 12:15:00,94786.48,94792.46,94786.48,94792.46,300,45,0
2026.02.05 12:10:00,94804.66,94804.88,94780.72,94786.46,300,45,0
2026.02.05 12:05:00,94798.66,94804.64,94798.66,94804.64,300,45,0
2026.02.05 12:00:00,94792.66,94798.64,94792.66,94798.64,300,45,0
2026.02.05 11:55:00,94786.66,94792.64,94786.66,94792.64,300,45,0
2026.02.05 11:50:00,94780.66,94786.64,94780.66,94786.64,300,45,0
2026.02.05 11:45:00,94774.66,94780.64,94774.66,94780.64,300,45,0
2026.02.05 11:40:00,94768.66,94774.64,94768.66,94774.64,300,45,0
2026.02.05 11:35:00,94762.66,94768.64,94762.66,94768.64,300,45,0
2026.02.05 11:30:00,94756.66,94762.64,94756.66,94762.64,300,45,0
2026.02.05 11:25:00,94750.66,94756.64,94750.66,94756.64,300,45,0
2026.02.05 11:20:00,94744.66,94750.64,94744.66,94750.64,300,45,0
2026.02.05 11:15:00,94738.66,94744.64,94738.66,94744.64,300,45,0
2026.02.05 11:10:00,94732.66,94738.64,94732.66,94738.64,300,45,0
2026.02.05 11:05:00,94726.66,94732.64,94726.66,94732.64,300,45,0
2026.02.05 11:00:00,94720.66,94726.64,94720.66,94726.64,300,45,0
2026.02.05 10:55:00,94731.71,94731.89,94714.86,94720.64,300,45,0
2026.02.05 10:50:00,94725.71,94731.69,94725.71,94731.69,300,45,0
2026.02.05 10:45:00,94719.71,94725.69,94719.71,94725.69,300,45,0
2026.02.05 10:40:00,94713.71,94719.69,94713.71,94719.69,300,45,0
2026.02.05 10:35:00,94707.71,94713.69,94707.71,94713.69,300,45,0
2026.02.05 10:30:00,94701.71,94707.69,94701.71,94707.69,300,45,0
2026.02.05 10:25:00,94695.71,94701.69,94695.71,94701.69,300,45,0
2026.02.05 10:20:00,94702.61,94706.03,94693.15,94695.69,300,45,0
2026.02.05 10:15:00,94696.61,94702.59,94696.61,94702.59,300,45,0
2026.02.05 10:10:00,94690.61,94696.59,94690.61,94696.59,300,45,0
2026.02.05 10:05:00,94684.61,94690.59,94684.61,94690.59,300,45,0
2026.02.05 10:00:00,94719.29,94722.59,94684.05,94684.59,300,45,0
2026.02.05 09:55:00,94713.29,94719.27,94713.29,94719.27,300,45,0
2026.02.05 09:50:00,94707.29,94713.27,94707.29,94713.27,300,45,0
2026.02.05 09:45:00,94727.48,94728.52,94702.35,94707.27,300,45,0
2026.02.05 09:40:00,94721.48,94727.46,94721.48,94727.46,300,45,0
2026.02.05 09:35:00,94715.48,94721.46,94715.48,94721.46,300,45,0
2026.02.05 09:30:00,94709.48,94715.46,94709.48,94715.46,300,45,0
2026.02.05 09:25:00,94725.95,94731.63,94709.18,94709.46,300,45,0
2026.02.05 09:20:00,94719.95,94725.93,94719.95,94725.93,300,45,0
2026.02.05 09:15:00,94713.95,94719.93,94713.95,94719.93,300,45,0
2026.02.05 09:10:00,94707.95,94713.93,94707.95,94713.93,300,45,0
2026.02.05 09:05:00,94701.95,94707.93,94701.95,94707.93,300,45,0
2026.02.05 09:00:00,94695.95,94701.93,94695.95,94701.93,300,45,0
2026.02.05 08:55:00,94689.95,94695.93,94689.95,94695.93,300,45,0
2026.02.05 08:50:00,94683.95,94689.93,94683.95,94689.93,300,45,0
2026.02.05 08:45:00,94677.95,94683.93,94677.95,94683.93,300,45,0
2026.02.05 08:40:00,94671.95,94677.93,94671.95,94677.93,300,45,0
2026.02.05 08:35:00,94665.95,94671.93,94665.95,94671.93,300,45,0
2026.02.05 08:30:00,94714.10,94714.16,94663.11,94665.93,300,45,0
2026.02.05 08:25:00,94708.10,94714.08,94708.10,94714.08,300,45,0
2026.02.05 08:20:00,94702.10,94708.08,94702.10,94708.08,300,45,0
2026.02.05 08:15:00,94709.08,94714.48,94701.52,94702.08,300,45,0
2026.02.05 08:10:00,94725.72,94726.54,94703.92,94709.06,300,45,0
2026.02.05 08:05:00,94719.72,94725.70,94719.72,94725.70,300,45,0
2026.02.05 08:00:00,94713.72,94719.70,94713.72,94719.70,300,45,0
2026.02.05 07:55:00,94707.72,94713.70,94707.72,94713.70,300,45,0
2026.02.05 07:50:00,94701.72,94707.70,94701.72,94707.70,300,45,0
2026.02.05 07:45:00,94695.72,94701.70,94695.72,94701.70,300,45,0
2026.02.05 07:40:00,94729.97,94733.19,94692.96,94695.70,300,45,0
2026.02.05 07:35:00,94723.97,94729.95,94723.97,94729.95,300,45,0
2026.02.05 07:30:00,94753.89,94755.27,94719.37,94723.95,300,45,0
2026.02.05 07:25:00,94747.89,94753.87,94747.89,94753.87,300,45,0
2026.02.05 07:20:00,94741.89,94747.87,94741.89,94747.87,300,45,0
2026.02.05 07:15:00,94755.92,94759.48,94739.47,94741.87,300,45,0
2026.02.05 07:10:00,94749.92,94755.90,94749.92,94755.90,300,45,0
2026.02.05 07:05:00,94743.92,94749.90,94743.92,94749.90,300,45,0
2026.02.05 07:00:00,94755.10,94755.26,94738.10,94743.90,300,45,0
2026.02.05 06:55:00,94749.10,94755.08,94749.10,94755.08,300,45,0
2026.02.05 06:50:00,94743.10,94749.08,94743.10,94749.08,300,45,0
2026.02.05 06:45:00,94737.10,94743.08,94737.10,94743.08,300,45,0
2026.02.05 06:40:00,94758.01,94758.15,94731.26,94737.08,300,45,0
2026.02.05 06:35:00,94752.01,94757.99,94752.01,94757.99,300,45,0
2026.02.05 06:30:00,94746.01,94751.99,94746.01,94751.99,300,45,0
2026.02.05 06:25:00,94752.60,94758.14,94745.57,94745.99,300,45,0
2026.02.05 06:20:00,94746.60,94752.58,94746.60,94752.58,300,45,0
2026.02.05 06:15:00,94740.60,94746.58,94740.60,94746.58,300,45,0
2026.02.05 06:10:00,94753.73,94758.59,94739.48,94740.58,300,45,0
2026.02.05 06:05:00,94747.73,94753.71,94747.73,94753.71,300,45,0
2026.02.05 06:00:00,94741.73,94747.71,94741.73,94747.71,300,45,0
2026.02.05 05:55:00,94735.73,94741.71,94735.73,94741.71,300,45,0
2026.02.05 05:50:00,94729.73,94735.71,94729.73,94735.71,300,45,0
2026.02.05 05:45:00,94723.73,94729.71,94723.73,94729.71,300,45,0
2026.02.05 05:40:00,94717.73,94723.71,94717.73,94723.71,300,45,0
2026.02.05 05:35:00,94711.73,94717.71,94711.73,94717.71,300,45,0
2026.02.05 05:30:00,94705.73,94711.71,94705.73,94711.71,300,45,0
2026.02.05 05:25:00,94699.73,94705.71,94699.73,94705.71,300,45,0
2026.02.05 05:20:00,94693.73,94699.71,94693.73,94699.71,300,45,0
2026.02.05 05:15:00,94687.73,94693.71,94687.73,94693.71,300,45,0
2026.02.05 05:10:00,94681.73,94687.71,94681.73,94687.71,300,45,0
2026.02.05 05:05:00,94675.73,94681.71,94675.73,94681.71,300,45,0
2026.02.05 05:00:00,94669.73,94675.71,94669.73,94675.71,300,45,0
2026.02.05 04:55:00,94703.20,94705.02,94665.57,94669.71,300,45,0
2026.02.05 04:50:00,94697.20,94703.18,94697.20,94703.18,300,45,0
2026.02.05 04:45:00,94758.48,94761.92,94696.22,94697.18,300,45,0
2026.02.05 04:40:00,94793.13,94795.99,94755.36,94758.46,300,45,0
2026.02.05 04:35:00,94787.13,94793.11,94787.13,94793.11,300,45,0
2026.02.05 04:30:00,94809.30,94812.02,94783.87,94787.11,300,45,0
2026.02.05 04:25:00,94803.30,94809.28,94803.30,94809.28,300,45,0
2026.02.05 04:20:00,94797.30,94803.28,94797.30,94803.28,300,45,0
2026.02.05 04:15:00,94791.30,94797.28,94791.30,94797.28,300,45,0
2026.02.05 04:10:00,94785.30,94791.28,94785.30,94791.28,300,45,0
2026.02.05 04:05:00,94807.83,94811.57,94783.06,94785.28,300,45,0
2026.02.05 04:00:00,94801.83,94807.81,94801.83,94807.81,300,45,0
2026.02.05 03:55:00,94795.83,94801.81,94795.83,94801.81,300,45,0
2026.02.05 03:50:00,94789.83,94795.81,94789.83,94795.81,300,45,0
2026.02.05 03:45:00,94783.83,94789.81,94783.83,94789.81,300,45,0
2026.02.05 03:40:00,94777.83,94783.81,94777.83,94783.81,300,45,0
2026.02.05 03:35:00,94771.83,94777.81,94771.83,94777.81,300,45,0
2026.02.05 03:30:00,94805.10,94806.14,94766.89,94771.81,300,45,0
2026.02.05 03:25:00,94799.10,94805.08,94799.10,94805.08,300,45,0
2026.02.05 03:20:00,94815.71,94815.89,94793.30,94799.08,300,45,0
2026.02.05 03:15:00,94809.71,94815.69,94809.71,94815.69,300,45,0
2026.02.05 03:10:00,94803.71,94809.69,94803.71,94809.69,300,45,0
2026.02.05 03:05:00,94797.71,94803.69,94797.71,94803.69,300,45,0
2026.02.05 03:00:00,94791.71,94797.69,94791.71,94797.69,300,45,0
2026.02.05 02:55:00,94785.71,94791.69,94785.71,94791.69,300,45,0
2026.02.05 02:50:00,94794.69,94800.11,94785.15,94785.69,300,45,0
2026.02.05 02:45:00,94788.69,94794.67,94788.69,94794.67,300,45,0
2026.02.05 02:40:00,94809.24,94811.14,94784.61,94788.67,300,45,0
2026.02.05 02:35:00,94803.24,94809.22,94803.24,94809.22,300,45,0
2026.02.05 02:30:00,94797.24,94803.22,94797.24,94803.22,300,45,0
2026.02.05 02:25:00,94812.57,94817.63,94796.32,94797.22,300,45,0
2026.02.05 02:20:00,94806.57,94812.55,94806.57,94812.55,300,45,0
2026.02.05 02:15:00,94800.57,94806.55,94800.57,94806.55,300,45,0
2026.02.05 02:10:00,94807.06,94808.26,94795.79,94800.55,300,45,0
2026.02.05 02:05:00,94822.03,94826.15,94805.20,94807.04,300,45,0
2026.02.05 02:00:00,94816.03,94822.01,94816.03,94822.01,300,45,0
2026.02.05 01:55:00,94849.09,94855.05,94816.01,94816.01,300,45,0
2026.02.05 01:50:00,94843.09,94849.07,94843.09,94849.07,300,45,0
2026.02.05 01:45:00,94837.09,94843.07,94837.09,94843.07,300,45,0
2026.02.05 01:40:00,94831.09,94837.07,94831.09,94837.07,300,45,0
2026.02.05 01:35:00,94825.09,94831.07,94825.09,94831.07,300,45,0
2026.02.05 01:30:00,94819.09,94825.07,94819.09,94825.07,300,45,0
2026.02.05 01:25:00,94813.09,94819.07,94813.09,94819.07,300,45,0
2026.02.05 01:20:00,94807.09,94813.07,94807.09,94813.07,300,45,0
2026.02.05 01:15:00,94801.09,94807.07,94801.09,94807.07,300,45,0
2026.02.05 01:10:00,94795.09,94801.07,94795.09,94801.07,300,45,0
2026.02.05 01:05:00,94789.09,94795.07,94789.09,94795.07,300,45,0
2026.02.05 01:00:00,94783.09,94789.07,94783.09,94789.07,300,45,0
2026.02.05 00:55:00,94777.09,94783.07,94777.09,94783.07,300,45,0
2026.02.05 00:50:00,94771.09,94777.07,94771.09,94777.07,300,45,0
2026.02.05 00:45:00,94765.09,94771.07,94765.09,94771.07,300,45,0
2026.02.05 00:40:00,94759.09,94765.07,94759.09,94765.07,300,45,0
2026.02.05 00:35:00,94804.75,94806.59,94757.81,94759.07,300,45,0
2026.02.05 00:30:00,94798.75,94804.73,94798.75,94804.73,300,45,0
2026.02.05 00:25:00,94792.75,94798.73,94792.75,94798.73,300,45,0
2026.02.05 00:20:00,94786.75,94792.73,94786.75,94792.73,300,45,0
2026.02.05 00:15:00,94801.89,94802.51,94781.39,94786.73,300,45,0
2026.02.05 00:10:00,94795.89,94801.87,94795.89,94801.87,300,45,0
2026.02.05 00:05:00,94789.89,94795.87,94789.89,94795.87,300,45,0
2026.02.05 00:00:00,94783.89,94789.87,94783.89,94789.87,300,45,0
2026.02.04 23:55:00,94777.89,94783.87,94777.89,94783.87,300,45,0
2026.02.04 23:50:00,94771.89,94777.87,94771.89,94777.87,300,45,0
2026.02.04 23:45:00,94779.74,94780.76,94766.93,94771.87,300,45,0
2026.02.04 23:40:00,94773.74,94779.72,94773.74,94779.72,300,45,0
2026.02.04 23:35:00,94767.74,94773.72,94767.74,94773.72,300,45,0
2026.02.04 23:30:00,94761.74,94767.72,94761.74,94767.72,300,45,0
2026.02.04 23:25:00,94755.74,94761.72,94755.74,94761.72,300,45,0
2026.02.04 23:20:00,94774.66,94776.20,94751.30,94755.72,300,45,0
2026.02.04 23:15:00,94768.66,94774.64,94768.66,94774.64,300,45,0
2026.02.04 23:10:00,94762.66,94768.64,94762.66,94768.64,300,45,0
2026.02.04 23:05:00,94756.66,94762.64,94756.66,94762.64,300,45,0
2026.02.04 23:00:00,94750.66,94756.64,94750.66,94756.64,300,45,0
2026.02.04 22:55:00,94777.94,94781.32,94748.06,94750.64,300,45,0
2026.02.04 22:50:00,94771.94,94777.92,94771.94,94777.92,300,45,0
2026.02.04 22:45:00,94779.57,94784.83,94771.22,94771.92,300,45,0
2026.02.04 22:40:00,94773.57,94779.55,94773.57,94779.55,300,45,0
2026.02.04 22:35:00,94767.57,94773.55,94767.57,94773.55,300,45,0
2026.02.04 22:30:00,94761.57,94767.55,94761.57,94767.55,300,45,0
2026.02.04 22:25:00,94755.57,94761.55,94755.57,94761.55,300,45,0
2026.02.04 22:20:00,94749.57,94755.55,94749.57,94755.55,300,45,0
2026.02.04 22:15:00,94743.57,94749.55,94743.57,94749.55,300,45,0
2026.02.04 22:10:00,94737.57,94743.55,94737.57,94743.55,300,45,0
2026.02.04 22:05:00,94731.57,94737.55,94731.57,94737.55,300,45,0
2026.02.04 22:00:00,94742.69,94746.87,94729.77,94731.55,300,45,0
2026.02.04 21:55:00,94736.69,94742.67,94736.69,94742.67,300,45,0
2026.02.04 21:50:00,94730.69,94736.67,94730.69,94736.67,300,45,0
2026.02.04 21:45:00,94724.69,94730.67,94724.69,94730.67,300,45,0
2026.02.04 21:40:00,94718.69,94724.67,94718.69,94724.67,300,45,0
2026.02.04 21:35:00,94712.69,94718.67,94712.69,94718.67,300,45,0
2026.02.04 21:30:00,94726.56,94731.92,94712.07,94712.67,300,45,0
2026.02.04 21:25:00,94720.56,94726.54,94720.56,94726.54,300,45,0
2026.02.04 21:20:00,94714.56,94720.54,94714.56,94720.54,300,45,0
2026.02.04 21:15:00,94708.56,94714.54,94708.56,94714.54,300,45,0
2026.02.04 21:10:00,94702.56,94708.54,94702.56,94708.54,300,45,0
2026.02.04 21:05:00,94696.56,94702.54,94696.56,94702.54,300,45,0
2026.02.04 21:00:00,94690.56,94696.54,94690.56,94696.54,300,45,0
2026.02.04 20:55:00,94684.56,94690.54,94684.56,94690.54,300,45,0
2026.02.04 20:50:00,94678.56,94684.54,94678.56,94684.54,300,45,0
2026.02.04 20:45:00,94695.77,94700.09,94676.90,94678.54,300,45,0
2026.02.04 20:40:00,94689.77,94695.75,94689.77,94695.75,300,45,0
2026.02.04 20:35:00,94683.77,94689.75,94683.77,94689.75,300,45,0
2026.02.04 20:30:00,94749.75,94750.01,94681.67,94683.75,300,45,0
2026.02.04 20:25:00,94767.62,94769.76,94745.91,94749.73,300,45,0
2026.02.04 20:20:00,94761.62,94767.60,94761.62,94767.60,300,45,0
2026.02.04 20:15:00,94755.62,94761.60,94755.62,94761.60,300,45,0
2026.02.04 20:10:00,94749.62,94755.60,94749.62,94755.60,300,45,0
2026.02.04 20:05:00,94743.62,94749.60,94743.62,94749.60,300,45,0
2026.02.04 20:00:00,94737.62,94743.60,94737.62,94743.60,300,45,0
2026.02.04 19:55:00,94761.79,94763.33,94733.18,94737.60,300,45,0
2026.02.04 19:50:00,94755.79,94761.77,94755.79,94761.77,300,45,0
2026.02.04 19:45:00,94749.79,94755.77,94749.79,94755.77,300,45,0
2026.02.04 19:40:00,94743.79,94749.77,94743.79,94749.77,300,45,0
2026.02.04 19:35:00,94737.79,94743.77,94737.79,94743.77,300,45,0
2026.02.04 19:30:00,94731.79,94737.77,94731.79,94737.77,300,45,0
2026.02.04 19:25:00,94725.79,94731.77,94725.79,94731.77,300,45,0
2026.02.04 19:20:00,94787.14,94788.08,94725.35,94725.77,300,45,0
2026.02.04 19:15:00,94781.14,94787.12,94781.14,94787.12,300,45,0
2026.02.04 19:10:00,94775.14,94781.12,94775.14,94781.12,300,45,0
2026.02.04 19:05:00,94769.14,94775.12,94769.14,94775.12,300,45,0
2026.02.04 19:00:00,94763.14,94769.12,94763.14,94769.12,300,45,0
2026.02.04 18:55:00,94757.14,94763.12,94757.14,94763.12,300,45,0
2026.02.04 18:50:00,94778.24,94780.08,94753.00,94757.12,300,45,0
2026.02.04 18:45:00,94772.24,94778.22,94772.24,94778.22,300,45,0
2026.02.04 18:40:00,94766.24,94772.22,94766.24,94772.22,300,45,0
2026.02.04 18:35:00,94760.24,94766.22,94760.24,94766.22,300,45,0
2026.02.04 18:30:00,94754.24,94760.22,94754.24,94760.22,300,45,0
2026.02.04 18:25:00,94748.24,94754.22,94748.24,94754.22,300,45,0
2026.02.04 18:20:00,94742.24,94748.22,94742.24,94748.22,300,45,0
2026.02.04 18:15:00,94736.24,94742.22,94736.24,94742.22,300,45,0
2026.02.04 18:10:00,94730.24,94736.22,94730.24,94736.22,300,45,0
2026.02.04 18:05:00,94724.24,94730.22,94724.24,94730.22,300,45,0
2026.02.04 18:00:00,94718.24,94724.22,94718.24,94724.22,300,45,0
2026.02.04 17:55:00,94712.24,94718.22,94712.24,94718.22,300,45,0
2026.02.04 17:50:00,94706.24,94712.22,94706.24,94712.22,300,45,0
2026.02.04 17:45:00,94700.24,94706.22,94700.24,94706.22,300,45,0
2026.02.04 17:40:00,94733.56,94734.58,94695.28,94700.22,300,45,0
2026.02.04 17:35:00,94727.56,94733.54,94727.56,94733.54,300,45,0
2026.02.04 17:30:00,94761.64,94766.54,94726.70,94727.54,300,45,0
2026.02.04 17:25:00,94755.64,94761.62,94755.64,94761.62,300,45,0
2026.02.04 17:20:00,94770.22,94775.32,94754.76,94755.62,300,45,0
2026.02.04 17:15:00,94764.22,94770.20,94764.22,94770.20,300,45,0
2026.02.04 17:10:00,94758.22,94764.20,94758.22,94764.20,300,45,0
2026.02.04 17:05:00,94752.22,94758.20,94752.22,94758.20,300,45,0
2026.02.04 17:00:00,94746.22,94752.20,94746.22,94752.20,300,45,0
2026.02.04 16:55:00,94740.22,94746.20,94740.22,94746.20,300,45,0
2026.02.04 16:50:00,94734.22,94740.20,94734.22,94740.20,300,45,0
2026.02.04 16:45:00,94728.22,94734.20,94728.22,94734.20,300,45,0
2026.02.04 16:40:00,94722.22,94728.20,94722.22,94728.20,300,45,0
2026.02.04 16:35:00,94716.22,94722.20,94716.22,94722.20,300,45,0
2026.02.04 16:30:00,94723.75,94729.73,94723.75,94729.73,300,45,0
2026.02.04 16:25:00,94717.75,94723.73,94717.75,94723.73,300,45,0
2026.02.04 16:20:00,94711.75,94717.73,94711.75,94717.73,300,45,0
2026.02.04 16:15:00,94705.75,94711.73,94705.75,94711.73,300,45,0
2026.02.04 16:10:00,94699.75,94705.73,94699.75,94705.73,300,45,0
2026.02.04 16:05:00,94693.75,94699.73,94693.75,94699.73,300,45,0
2026.02.04 16:00:00,94687.75,94693.73,94687.75,94693.73,300,45,0
2026.02.04 15:55:00,94681.75,94687.73,94681.75,94687.73,300,45,0
2026.02.04 15:50:00,94694.26,94700.18,94681.69,94681.73,300,45,0
2026.02.04 15:45:00,94702.67,94703.21,94688.82,94694.24,300,45,0
2026.02.04 15:40:00,94718.87,94723.93,94701.75,94702.65,300,45,0
2026.02.04 15:35:00,94744.33,94747.75,94716.31,94718.85,300,45,0
2026.02.04 15:30:00,94738.33,94744.31,94738.33,94744.31,300,45,0
2026.02.04 15:25:00,94732.33,94738.31,94732.33,94738.31,300,45,0
2026.02.04 15:20:00,94726.33,94732.31,94726.33,94732.31,300,45,0
2026.02.04 15:15:00,94720.33,94726.31,94720.33,94726.31,300,45,0
2026.02.04 15:10:00,94748.95,94753.09,94718.49,94720.31,300,45,0
2026.02.04 15:05:00,94765.06,94765.20,94743.11,94748.93,300,45,0
2026.02.04 15:00:00,94759.06,94765.04,94759.06,94765.04,300,45,0
2026.02.04 14:55:00,94779.86,94783.80,94757.02,94759.04,300,45,0
2026.02.04 14:50:00,94773.86,94779.84,94773.86,94779.84,300,45,0
2026.02.04 14:45:00,94767.86,94773.84,94767.86,94773.84,300,45,0
2026.02.04 14:40:00,94761.86,94767.84,94761.86,94767.84,300,45,0
2026.02.04 14:35:00,94770.63,94773.33,94758.58,94761.84,300,45,0
2026.02.04 14:30:00,94764.63,94770.61,94764.63,94770.61,300,45,0
2026.02.04 14:25:00,94758.63,94764.61,94758.63,94764.61,300,45,0
2026.02.04 14:20:00,94775.29,94775.31,94752.67,94758.61,300,45,0
2026.02.04 14:15:00,94769.29,94775.27,94769.29,94775.27,300,45,0
2026.02.04 14:10:00,94794.33,94798.73,94767.71,94769.27,300,45,0
2026.02.04 14:05:00,94788.33,94794.31,94788.33,94794.31,300,45,0
2026.02.04 14:00:00,94782.33,94788.31,94782.33,94788.31,300,45,0
2026.02.04 13:55:00,94776.33,94782.31,94776.33,94782.31,300,45,0
2026.02.04 13:50:00,94770.33,94776.31,94770.33,94776.31,300,45,0
2026.02.04 13:45:00,94803.50,94808.88,94769.73,94770.31,300,45,0
2026.02.04 13:40:00,94797.50,94803.48,94797.50,94803.48,300,45,0
2026.02.04 13:35:00,94822.68,94824.24,94793.08,94797.48,300,45,0
2026.02.04 13:30:00,94816.68,94822.66,94816.68,94822.66,300,45,0
2026.02.04 13:25:00,94810.68,94816.66,94810.68,94816.66,300,45,0
2026.02.04 13:20:00,94804.68,94810.66,94804.68,94810.66,300,45,0
2026.02.04 13:15:00,94839.97,94842.79,94801.52,94804.66,300,45,0
2026.02.04 13:10:00,94833.97,94839.95,94833.97,94839.95,300,45,0
2026.02.04 13:05:00,94827.97,94833.95,94827.97,94833.95,300,45,0
2026.02.04 13:00:00,94849.44,94852.78,94825.33,94827.95,300,45,0
2026.02.04 12:55:00,94843.44,94849.42,94843.44,94849.42,300,45,0
2026.02.04 12:50:00,94851.04,94852.56,94838.98,94843.42,300,45,0
2026.02.04 12:45:00,94845.04,94851.02,94845.04,94851.02,300,45,0
2026.02.04 12:40:00,94839.04,94845.02,94839.04,94845.02,300,45,0
2026.02.04 12:35:00,94833.04,94839.02,94833.04,94839.02,300,45,0
2026.02.04 12:30:00,94827.04,94833.02,94827.04,94833.02,300,45,0
2026.02.04 12:25:00,94833.28,94838.08,94825.86,94827.02,300,45,0
2026.02.04 12:20:00,94827.28,94833.26,94827.28,94833.26,300,45,0
2026.02.04 12:15:00,94821.28,94827.26,94821.28,94827.26,300,45,0
2026.02.04 12:10:00,94815.28,94821.26,94815.28,94821.26,300,45,0
2026.02.04 12:05:00,94809.28,94815.26,94809.28,94815.26,300,45,0
2026.02.04 12:00:00,94803.28,94809.26,94803.28,94809.26,300,45,0
2026.02.04 11:55:00,94797.28,94803.26,94797.28,94803.26,300,45,0
2026.02.04 11:50:00,94791.28,94797.26,94791.28,94797.26,300,45,0
2026.02.04 11:45:00,94822.40,94826.18,94789.08,94791.26,300,45,0
2026.02.04 11:40:00,94833.75,94837.09,94819.76,94822.38,300,45,0
2026.02.04 11:35:00,94827.75,94833.73,94827.75,94833.73,300,45,0
2026.02.04 11:30:00,94821.75,94827.73,94821.75,94827.73,300,45,0
2026.02.04 11:25:00,94815.75,94821.73,94815.75,94821.73,300,45,0
2026.02.04 11:20:00,94809.75,94815.73,94809.75,94815.73,300,45,0
2026.02.04 11:15:00,94803.75,94809.73,94803.75,94809.73,300,45,0
2026.02.04 11:10:00,94797.75,94803.73,94797.75,94803.73,300,45,0
2026.02.04 11:05:00,94791.75,94797.73,94791.75,94797.73,300,45,0
2026.02.04 11:00:00,94805.29,94809.15,94789.63,94791.73,300,45,0
2026.02.04 10:55:00,94799.29,94805.27,94799.29,94805.27,300,45,0
2026.02.04 10:50:00,94793.29,94799.27,94793.29,94799.27,300,45,0
2026.02.04 10:45:00,94787.29,94793.27,94787.29,94793.27,300,45,0
2026.02.04 10:40:00,94811.45,94814.21,94784.07,94787.27,300,45,0
2026.02.04 10:35:00,94805.45,94811.43,94805.45,94811.43,300,45,0
2026.02.04 10:30:00,94799.45,94805.43,94799.45,94805.43,300,45,0
2026.02.04 10:25:00,94793.45,94799.43,94793.45,94799.43,300,45,0
2026.02.04 10:20:00,94787.45,94793.43,94787.45,94793.43,300,45,0
2026.02.04 10:15:00,94781.45,94787.43,94781.45,94787.43,300,45,0
2026.02.04 10:10:00,94775.45,94781.43,94775.45,94781.43,300,45,0
2026.02.04 10:05:00,94769.45,94775.43,94769.45,94775.43,300,45,0
2026.02.04 10:00:00,94779.68,94780.52,94764.31,94769.43,300,45,0
2026.02.04 09:55:00,94817.82,94820.68,94776.56,94779.66,300,45,0
2026.02.04 09:50:00,94811.82,94817.80,94811.82,94817.80,300,45,0
2026.02.04 09:45:00,94828.25,94829.29,94806.88,94811.80,300,45,0
2026.02.04 09:40:00,94854.02,94859.44,94827.69,94828.23,300,45,0
2026.02.04 09:35:00,94848.02,94854.00,94848.02,94854.00,300,45,0
2026.02.04 09:30:00,94842.02,94848.00,94842.02,94848.00,300,45,0
2026.02.04 09:25:00,94836.02,94842.00,94836.02,94842.00,300,45,0
2026.02.04 09:20:00,94830.02,94836.00,94830.02,94836.00,300,45,0
2026.02.04 09:15:00,94824.02,94830.00,94824.02,94830.00,300,45,0
2026.02.04 09:10:00,94851.71,94855.31,94821.64,94824.00,300,45,0
2026.02.04 09:05:00,94845.71,94851.69,94845.71,94851.69,300,45,0
2026.02.04 09:00:00,94839.71,94845.69,94839.71,94845.69,300,45,0
2026.02.04 08:55:00,94833.71,94839.69,94833.71,94839.69,300,45,0
2026.02.04 08:50:00,94827.71,94833.69,94827.71,94833.69,300,45,0
2026.02.04 08:45:00,94821.71,94827.69,94821.71,94827.69,300,45,0
2026.02.04 08:40:00,94815.71,94821.69,94815.71,94821.69,300,45,0
2026.02.04 08:35:00,94809.71,94815.69,94809.71,94815.69,300,45,0
2026.02.04 08:30:00,94827.49,94833.45,94809.69,94809.69,300,45,0
2026.02.04 08:25:00,94821.49,94827.47,94821.49,94827.47,300,45,0
2026.02.04 08:20:00,94815.49,94821.47,94815.49,94821.47,300,45,0
2026.02.04 08:15:00,94809.49,94815.47,94809.49,94815.47,300,45,0
2026.02.04 08:10:00,94803.49,94809.47,94803.49,94809.47,300,45,0
2026.02.04 08:05:00,94797.49,94803.47,94797.49,94803.47,300,45,0
2026.02.04 08:00:00,94791.49,94797.47,94791.49,94797.47,300,45,0
2026.02.04 07:55:00,94785.49,94791.47,94785.49,94791.47,300,45,0
2026.02.04 07:50:00,94779.49,94785.47,94779.49,94785.47,300,45,0
2026.02.04 07:45:00,94773.49,94779.47,94773.49,94779.47,300,45,0
2026.02.04 07:40:00,94794.41,94798.37,94771.47,94773.47,300,45,0
2026.02.04 07:35:00,94788.41,94794.39,94788.41,94794.39,300,45,0
2026.02.04 07:30:00,94782.41,94788.39,94782.41,94788.39,300,45,0
2026.02.04 07:25:00,94776.41,94782.39,94776.41,94782.39,300,45,0
2026.02.04 07:20:00,94770.41,94776.39,94770.41,94776.39,300,45,0
2026.02.04 07:15:00,94764.41,94770.39,94764.41,94770.39,300,45,0
2026.02.04 07:10:00,94758.41,94764.39,94758.41,94764.39,300,45,0
2026.02.04 07:05:00,94782.20,94782.28,94752.51,94758.39,300,45,0
2026.02.04 07:00:00,94776.20,94782.18,94776.20,94782.18,300,45,0
2026.02.04 06:55:00,94770.20,94776.18,94770.20,94776.18,300,45,0
2026.02.04 06:50:00,94764.20,94770.18,94764.20,94770.18,300,45,0
2026.02.04 06:45:00,94758.20,94764.18,94758.20,94764.18,300,45,0
2026.02.04 06:40:00,94752.20,94758.18,94752.20,94758.18,300,45,0
2026.02.04 06:35:00,94746.20,94752.18,94746.20,94752.18,300,45,0
2026.02.04 06:30:00,94740.20,94746.18,94740.20,94746.18,300,45,0
2026.02.04 06:25:00,94734.20,94740.18,94734.20,94740.18,300,45,0
2026.02.04 06:20:00,94728.20,94734.18,94728.20,94734.18,300,45,0
2026.02.04 06:15:00,94742.65,94744.33,94723.90,94728.18,300,45,0
2026.02.04 06:10:00,94736.65,94742.63,94736.65,94742.63,300,45,0
2026.02.04 06:05:00,94730.65,94736.63,94730.65,94736.63,300,45,0
2026.02.04 06:00:00,94743.29,94743.31,94724.69,94730.63,300,45,0
2026.02.04 05:55:00,94764.39,94768.59,94741.51,94743.27,300,45,0
2026.02.04 05:50:00,94758.39,94764.37,94758.39,94764.37,300,45,0
2026.02.04 05:45:00,94752.39,94758.37,94752.39,94758.37,300,45,0
2026.02.04 05:40:00,94746.39,94752.37,94746.39,94752.37,300,45,0
2026.02.04 05:35:00,94790.86,94792.76,94746.05,94746.37,300,45,0
2026.02.04 05:30:00,94784.86,94790.84,94784.86,94790.84,300,45,0
2026.02.04 05:25:00,94799.75,94804.77,94783.90,94784.84,300,45,0
2026.02.04 05:20:00,94793.75,94799.73,94793.75,94799.73,300,45,0
2026.02.04 05:15:00,94787.75,94793.73,94787.75,94793.73,300,45,0
2026.02.04 05:10:00,94815.71,94818.21,94784.27,94787.73,300,45,0
2026.02.04 05:05:00,94809.71,94815.69,94809.71,94815.69,300,45,0
2026.02.04 05:00:00,94856.61,94860.13,94809.53,94809.69,300,45,0
2026.02.04 04:55:00,94868.32,94872.80,94855.11,94856.59,300,45,0
2026.02.04 04:50:00,94862.32,94868.30,94862.32,94868.30,300,45,0
2026.02.04 04:45:00,94856.32,94862.30,94856.32,94862.30,300,45,0
2026.02.04 04:40:00,94850.32,94856.30,94850.32,94856.30,300,45,0
2026.02.04 04:35:00,94844.32,94850.30,94844.32,94850.30,300,45,0
2026.02.04 04:30:00,94838.32,94844.30,94838.32,94844.30,300,45,0
2026.02.04 04:25:00,94832.32,94838.30,94832.32,94838.30,300,45,0
2026.02.04 04:20:00,94826.32,94832.30,94826.32,94832.30,300,45,0
2026.02.04 04:15:00,94820.32,94826.30,94820.32,94826.30,300,45,0
2026.02.04 04:10:00,94814.32,94820.30,94814.32,94820.30,300,45,0
2026.02.04 04:05:00,94808.32,94814.30,94808.32,94814.30,300,45,0
2026.02.04 04:00:00,94802.32,94808.30,94802.32,94808.30,300,45,0
2026.02.04 03:55:00,94810.71,94816.67,94802.30,94802.30,300,45,0
2026.02.04 03:50:00,94804.71,94810.69,94804.71,94810.69,300,45,0
2026.02.04 03:45:00,94798.71,94804.69,94798.71,94804.69,300,45,0
2026.02.04 03:40:00,94811.12,94813.22,94794.83,94798.69,300,45,0
2026.02.04 03:35:00,94805.12,94811.10,94805.12,94811.10,300,45,0
2026.02.04 03:30:00,94799.12,94805.10,94799.12,94805.10,300,45,0
2026.02.04 03:25:00,94815.75,94816.13,94793.52,94799.10,300,45,0
2026.02.04 03:20:00,94846.77,94851.03,94814.03,94815.73,300,45,0
2026.02.04 03:15:00,94840.77,94846.75,94840.77,94846.75,300,45,0
2026.02.04 03:10:00,94834.77,94840.75,94834.77,94840.75,300,45,0
2026.02.04 03:05:00,94828.77,94834.75,94828.77,94834.75,300,45,0
2026.02.04 03:00:00,94822.77,94828.75,94822.77,94828.75,300,45,0
2026.02.04 02:55:00,94848.78,94851.36,94819.55,94822.75,300,45,0
2026.02.04 02:50:00,94842.78,94848.76,94842.78,94848.76,300,45,0
2026.02.04 02:45:00,94849.07,94852.85,94840.58,94842.76,300,45,0
2026.02.04 02:40:00,94875.82,94879.10,94846.37,94849.05,300,45,0
2026.02.04 02:35:00,94869.82,94875.80,94869.82,94875.80,300,45,0
2026.02.04 02:30:00,94863.82,94869.80,94863.82,94869.80,300,45,0
2026.02.04 02:25:00,94857.80,94863.80,94857.80,94863.80,301,45,0
2026.02.04 02:20:00,94899.40,94899.80,94852.30,94857.78,299,45,0
2026.02.04 02:15:00,94893.38,94899.38,94893.38,94899.38,301,45,0
2026.02.04 02:10:00,94887.40,94893.36,94887.40,94893.36,299,45,0
2026.02.04 02:05:00,94909.04,94912.92,94885.28,94887.38,301,45,0
2026.02.04 02:00:00,94903.06,94909.02,94903.06,94909.02,299,45,0
2026.02.04 01:55:00,94897.04,94903.04,94897.04,94903.04,301,45,0
2026.02.04 01:50:00,94891.06,94897.02,94891.06,94897.02,299,45,0
2026.02.04 01:45:00,94885.04,94891.04,94885.04,94891.04,301,45,0
2026.02.04 01:40:00,94924.82,94928.40,94882.84,94885.02,299,45,0
2026.02.04 01:35:00,94918.80,94924.80,94918.80,94924.80,301,45,0
2026.02.04 01:30:00,94912.80,94918.78,94912.80,94918.78,300,45,0
2026.02.04 01:25:00,94906.80,94912.78,94906.80,94912.78,300,45,0
2026.02.04 01:20:00,94900.80,94906.78,94900.80,94906.78,300,45,0
2026.02.04 01:15:00,94894.80,94900.78,94894.80,94900.78,300,45,0
2026.02.04 01:10:00,94920.66,94924.04,94892.20,94894.78,300,45,0
2026.02.04 01:05:00,94914.66,94920.64,94914.66,94920.64,300,45,0
2026.02.04 01:00:00,94908.66,94914.64,94908.66,94914.64,300,45,0
2026.02.04 00:55:00,94902.66,94908.64,94902.66,94908.64,300,45,0
2026.02.04 00:50:00,94933.85,94934.41,94900.94,94902.64,300,45,0
2026.02.04 00:45:00,94927.85,94933.83,94927.85,94933.83,300,45,0
2026.02.04 00:40:00,94921.85,94927.83,94921.85,94927.83,300,45,0
2026.02.04 00:35:00,94915.85,94921.83,94915.85,94921.83,300,45,0
2026.02.04 00:30:00,94909.85,94915.83,94909.85,94915.83,300,45,0
2026.02.04 00:25:00,94903.85,94909.83,94903.85,94909.83,300,45,0
2026.02.04 00:20:00,94897.85,94903.83,94897.85,94903.83,300,45,0
2026.02.04 00:15:00,94891.85,94897.83,94891.85,94897.83,300,45,0
2026.02.04 00:10:00,94885.85,94891.83,94885.85,94891.83,300,45,0
2026.02.04 00:05:00,94879.85,94885.83,94879.85,94885.83,300,45,0
2026.02.04 00:00:00,94873.85,94879.83,94873.85,94879.83,300,45,0
2026.02.03 23:55:00,94867.85,94873.83,94867.85,94873.83,300,45,0
2026.02.03 23:50:00,94861.85,94867.83,94861.85,94867.83,300,45,0
2026.02.03 23:45:00,94855.85,94861.83,94855.85,94861.83,300,45,0
2026.02.03 23:40:00,94849.85,94855.83,94849.85,94855.83,300,45,0
2026.02.03 23:35:00,94843.85,94849.83,94843.85,94849.83,300,45,0
2026.02.03 23:30:00,94837.85,94843.83,94837.85,94843.83,300,45,0
2026.02.03 23:25:00,94849.42,94854.04,94836.49,94837.83,300,45,0
2026.02.03 23:20:00,94856.27,94862.11,94849.28,94849.40,300,45,0
2026.02.03 23:15:00,94850.27,94856.25,94850.27,94856.25,300,45,0
2026.02.03 23:10:00,94844.27,94850.25,94844.27,94850.25,300,45,0
2026.02.03 23:05:00,94838.27,94844.25,94838.27,94844.25,300,45,0
2026.02.03 23:00:00,94832.27,94838.25,94832.27,94838.25,300,45,0
2026.02.03 22:55:00,94826.27,94832.25,94826.27,94832.25,300,45,0
2026.02.03 22:50:00,94820.27,94826.25,94820.27,94826.25,300,45,0
2026.02.03 22:45:00,94814.27,94820.25,94814.27,94820.25,300,45,0
2026.02.03 22:40:00,94808.27,94814.25,94808.27,94814.25,300,45,0
2026.02.03 22:35:00,94802.27,94808.25,94802.27,94808.25,300,45,0
2026.02.03 22:30:00,94796.27,94802.25,94796.27,94802.25,300,45,0
2026.02.03 22:25:00,94790.27,94796.25,94790.27,94796.25,300,45,0
2026.02.03 22:20:00,94819.08,94822.34,94787.55,94790.25,300,45,0
2026.02.03 22:15:00,94813.08,94819.06,94813.08,94819.06,300,45,0
2026.02.03 22:10:00,94807.08,94813.06,94807.08,94813.06,300,45,0
2026.02.03 22:05:00,94801.08,94807.06,94801.08,94807.06,300,45,0
2026.02.03 22:00:00,94822.84,94823.08,94795.34,94801.06,300,45,0
2026.02.03 21:55:00,94816.84,94822.82,94816.84,94822.82,300,45,0
2026.02.03 21:50:00,94810.84,94816.82,94810.84,94816.82,300,45,0
2026.02.03 21:45:00,94843.80,94847.68,94810.62,94810.82,300,45,0
2026.02.03 21:40:00,94837.80,94843.78,94837.80,94843.78,300,45,0
2026.02.03 21:35:00,94831.80,94837.78,94831.80,94837.78,300,45,0
2026.02.03 21:30:00,94825.80,94831.78,94825.80,94831.78,300,45,0
2026.02.03 21:25:00,94819.80,94825.78,94819.80,94825.78,300,45,0
2026.02.03 21:20:00,94813.80,94819.78,94813.80,94819.78,300,45,0
2026.02.03 21:15:00,94807.80,94813.78,94807.80,94813.78,300,45,0
2026.02.03 21:10:00,94827.23,94828.49,94803.08,94807.78,300,45,0
2026.02.03 21:05:00,94821.23,94827.21,94821.23,94827.21,300,45,0
2026.02.03 21:00:00,94815.23,94821.21,94815.23,94821.21,300,45,0
2026.02.03 20:55:00,94809.23,94815.21,94809.23,94815.21,300,45,0
2026.02.03 20:50:00,94848.21,94849.77,94806.31,94809.21,300,45,0
2026.02.03 20:45:00,94842.21,94848.19,94842.21,94848.19,300,45,0
2026.02.03 20:40:00,94836.21,94842.19,94836.21,94842.19,300,45,0
2026.02.03 20:35:00,94849.51,94853.15,94833.87,94836.19,300,45,0
2026.02.03 20:30:00,94843.51,94849.49,94843.51,94849.49,300,45,0
2026.02.03 20:25:00,94837.51,94843.49,94837.51,94843.49,300,45,0
2026.02.03 20:20:00,94831.51,94837.49,94831.51,94837.49,300,45,0
2026.02.03 20:15:00,94847.63,94849.71,94827.61,94831.49,300,45,0
2026.02.03 20:10:00,94841.63,94847.61,94841.63,94847.61,300,45,0
2026.02.03 20:05:00,94835.63,94841.61,94835.63,94841.61,300,45,0
2026.02.03 20:00:00,94847.34,94849.28,94831.59,94835.61,300,45,0
2026.02.03 19:55:00,94893.67,94897.93,94845.68,94847.32,300,45,0
2026.02.03 19:50:00,94887.67,94893.65,94887.67,94893.65,300,45,0
2026.02.03 19:45:00,94881.67,94887.65,94881.67,94887.65,300,45,0
2026.02.03 19:40:00,94875.67,94881.65,94875.67,94881.65,300,45,0
2026.02.03 19:35:00,94869.67,94875.65,94869.67,94875.65,300,45,0
2026.02.03 19:30:00,94863.67,94869.65,94863.67,94869.65,300,45,0
2026.02.03 19:25:00,94907.71,94907.73,94858.09,94863.65,300,45,0
2026.02.03 19:20:00,94901.71,94907.69,94901.71,94907.69,300,45,0
2026.02.03 19:15:00,94895.71,94901.69,94895.71,94901.69,300,45,0
2026.02.03 19:10:00,94905.55,94908.45,94892.63,94895.69,300,45,0
2026.02.03 19:05:00,94899.55,94905.53,94899.55,94905.53,300,45,0
2026.02.03 19:00:00,94893.55,94899.53,94893.55,94899.53,300,45,0
2026.02.03 18:55:00,94887.55,94893.53,94887.55,94893.53,300,45,0
2026.02.03 18:50:00,94881.55,94887.53,94881.55,94887.53,300,45,0
2026.02.03 18:45:00,94875.55,94881.53,94875.55,94881.53,300,45,0
2026.02.03 18:40:00,94869.55,94875.53,94869.55,94875.53,300,45,0
2026.02.03 18:35:00,94863.55,94869.53,94863.55,94869.53,300,45,0
2026.02.03 18:30:00,94857.55,94863.53,94857.55,94863.53,300,45,0
2026.02.03 18:25:00,94851.55,94857.53,94851.55,94857.53,300,45,0
2026.02.03 18:20:00,94845.55,94851.53,94845.55,94851.53,300,45,0
2026.02.03 18:15:00,94839.55,94845.53,94839.55,94845.53,300,45,0
2026.02.03 18:10:00,94854.53,94855.75,94834.79,94839.53,300,45,0
2026.02.03 18:05:00,94848.53,94854.51,94848.53,94854.51,300,45,0
2026.02.03 18:00:00,94842.53,94848.51,94842.53,94848.51,300,45,0
2026.02.03 17:55:00,94871.38,94876.08,94841.25,94842.51,300,45,0
2026.02.03 17:50:00,94886.86,94888.14,94866.68,94871.36,300,45,0
2026.02.03 17:45:00,94899.08,94900.86,94882.66,94886.84,300,45,0
2026.02.03 17:40:00,94893.08,94899.06,94893.08,94899.06,300,45,0
2026.02.03 17:35:00,94887.08,94893.06,94887.08,94893.06,300,45,0
2026.02.03 17:30:00,94881.08,94887.06,94881.08,94887.06,300,45,0
2026.02.03 17:25:00,94875.08,94881.06,94875.08,94881.06,300,45,0
2026.02.03 17:20:00,94881.39,94885.37,94873.08,94875.06,300,45,0
2026.02.03 17:15:00,94875.39,94881.37,94875.39,94881.37,300,45,0
2026.02.03 17:10:00,94869.39,94875.37,94869.39,94875.37,300,45,0
2026.02.03 17:05:00,94863.39,94869.37,94863.39,94869.37,300,45,0
2026.02.03 17:00:00,94857.39,94863.37,94857.39,94863.37,300,45,0
2026.02.03 16:55:00,94851.39,94857.37,94851.39,94857.37,300,45,0
2026.02.03 16:50:00,94845.39,94851.37,94845.39,94851.37,300,45,0
2026.02.03 16:45:00,94863.65,94864.43,94840.19,94845.37,300,45,0
2026.02.03 16:40:00,94857.65,94863.63,94857.65,94863.63,300,45,0
2026.02.03 16:35:00,94851.65,94857.63,94851.65,94857.63,300,45,0
2026.02.03 16:30:00,94845.65,94851.63,94845.65,94851.63,300,45,0
2026.02.03 16:25:00,94896.20,94899.20,94843.79,94845.63,300,45,0
2026.02.03 16:20:00,94890.20,94896.18,94890.20,94896.18,300,45,0
2026.02.03 16:15:00,94884.20,94890.18,94884.20,94890.18,300,45,0
2026.02.03 16:10:00,94906.79,94911.75,94883.18,94884.18,300,45,0
2026.02.03 16:05:00,94923.88,94929.76,94906.69,94906.77,300,45,0
2026.02.03 16:00:00,94917.88,94923.86,94917.88,94923.86,300,45,0
2026.02.03 15:55:00,94911.88,94917.86,94911.88,94917.86,300,45,0
2026.02.03 15:50:00,94905.88,94911.86,94905.88,94911.86,300,45,0
2026.02.03 15:45:00,94899.88,94905.86,94899.88,94905.86,300,45,0
2026.02.03 15:40:00,94893.88,94899.86,94893.88,94899.86,300,45,0
2026.02.03 15:35:00,94919.46,94921.00,94889.44,94893.86,300,45,0
2026.02.03 15:30:00,94913.46,94919.44,94913.46,94919.44,300,45,0
2026.02.03 15:25:00,94907.46,94913.44,94907.46,94913.44,300,45,0
2026.02.03 15:20:00,94901.46,94907.44,94901.46,94907.44,300,45,0
2026.02.03 15:15:00,94917.64,94919.18,94897.02,94901.44,300,45,0
2026.02.03 15:10:00,94911.64,94917.62,94911.64,94917.62,300,45,0
2026.02.03 15:05:00,94905.64,94911.62,94905.64,94911.62,300,45,0
2026.02.03 15:00:00,94937.77,94938.09,94903.70,94905.62,300,45,0
2026.02.03 14:55:00,94955.96,94959.64,94935.47,94937.75,300,45,0
2026.02.03 14:50:00,94949.96,94955.94,94949.96,94955.94,300,45,0
2026.02.03 14:45:00,94943.96,94949.94,94943.96,94949.94,300,45,0
2026.02.03 14:40:00,94952.21,94957.07,94942.84,94943.94,300,45,0
2026.02.03 14:35:00,94946.21,94952.19,94946.21,94952.19,300,45,0
2026.02.03 14:30:00,94955.57,94959.55,94944.21,94946.19,300,45,0
2026.02.03 14:25:00,94949.57,94955.55,94949.57,94955.55,300,45,0
2026.02.03 14:20:00,94997.18,94997.92,94944.33,94949.55,300,45,0
2026.02.03 14:15:00,94991.18,94997.16,94991.18,94997.16,300,45,0
2026.02.03 14:10:00,94985.18,94991.16,94985.18,94991.16,300,45,0
2026.02.03 14:05:00,94979.18,94985.16,94979.18,94985.16,300,45,0
2026.02.03 14:00:00,94973.18,94979.16,94973.18,94979.16,300,45,0
2026.02.03 13:55:00,94967.18,94973.16,94967.18,94973.16,300,45,0
2026.02.03 13:50:00,94961.18,94967.16,94961.18,94967.16,300,45,0
2026.02.03 13:45:00,94955.18,94961.16,94955.18,94961.16,300,45,0
2026.02.03 13:40:00,94975.72,94980.74,94954.22,94955.16,300,45,0
2026.02.03 13:35:00,94969.72,94975.70,94969.72,94975.70,300,45,0
2026.02.03 13:30:00,94963.72,94969.70,94963.72,94969.70,300,45,0
2026.02.03 13:25:00,94957.72,94963.70,94957.72,94963.70,300,45,0
2026.02.03 13:20:00,94951.72,94957.70,94951.72,94957.70,300,45,0
2026.02.03 13:15:00,94945.72,94951.70,94945.72,94951.70,300,45,0
2026.02.03 13:10:00,94939.72,94945.70,94939.72,94945.70,300,45,0
2026.02.03 13:05:00,94933.72,94939.70,94933.72,94939.70,300,45,0
2026.02.03 13:00:00,94927.72,94933.70,94927.72,94933.70,300,45,0
2026.02.03 12:55:00,94921.72,94927.70,94921.72,94927.70,300,45,0
2026.02.03 12:50:00,94915.72,94921.70,94915.72,94921.70,300,45,0
2026.02.03 12:45:00,94909.72,94915.70,94909.72,94915.70,300,45,0
2026.02.03 12:40:00,94903.72,94909.70,94903.72,94909.70,300,45,0
2026.02.03 12:35:00,94897.72,94903.70,94897.72,94903.70,300,45,0
2026.02.03 12:30:00,94891.72,94897.70,94891.72,94897.70,300,45,0
2026.02.03 12:25:00,94885.72,94891.70,94885.72,94891.70,300,45,0
2026.02.03 12:20:00,94879.72,94885.70,94879.72,94885.70,300,45,0
2026.02.03 12:15:00,94873.72,94879.70,94873.72,94879.70,300,45,0
2026.02.03 12:10:00,94867.72,94873.70,94867.72,94873.70,300,45,0
2026.02.03 12:05:00,94861.72,94867.70,94861.72,94867.70,300,45,0
2026.02.03 12:00:00,94885.05,94890.05,94860.74,94861.70,300,45,0
2026.02.03 11:55:00,94879.05,94885.03,94879.05,94885.03,300,45,0
2026.02.03 11:50:00,94873.05,94879.03,94873.05,94879.03,300,45,0
2026.02.03 11:45:00,94902.38,94905.02,94869.71,94873.03,300,45,0
2026.02.03 11:40:00,94896.38,94902.36,94896.38,94902.36,300,45,0
2026.02.03 11:35:00,94915.22,94917.60,94892.78,94896.36,300,45,0
2026.02.03 11:30:00,94909.22,94915.20,94909.22,94915.20,300,45,0
2026.02.03 11:25:00,94903.22,94909.20,94903.22,94909.20,300,45,0
2026.02.03 11:20:00,94897.22,94903.20,94897.22,94903.20,300,45,0
2026.02.03 11:15:00,94906.53,94910.75,94895.46,94897.20,300,45,0
2026.02.03 11:10:00,94900.53,94906.51,94900.53,94906.51,300,45,0
2026.02.03 11:05:00,94894.53,94900.51,94894.53,94900.51,300,45,0
2026.02.03 11:00:00,94888.53,94894.51,94888.53,94894.51,300,45,0
2026.02.03 10:55:00,94882.53,94888.51,94882.53,94888.51,300,45,0
2026.02.03 10:50:00,94876.53,94882.51,94876.53,94882.51,300,45,0
2026.02.03 10:45:00,94891.88,94894.90,94873.57,94876.51,300,45,0
2026.02.03 10:40:00,94885.88,94891.86,94885.88,94891.86,300,45,0
2026.02.03 10:35:00,94879.88,94885.86,94879.88,94885.86,300,45,0
2026.02.03 10:30:00,94899.94,94905.08,94879.04,94879.86,300,45,0
2026.02.03 10:25:00,94923.08,94926.22,94897.10,94899.92,300,45,0
2026.02.03 10:20:00,94917.08,94923.06,94917.08,94923.06,300,45,0
2026.02.03 10:15:00,94911.08,94917.06,94911.08,94917.06,300,45,0
2026.02.03 10:10:00,94905.08,94911.06,94905.08,94911.06,300,45,0
2026.02.03 10:05:00,94925.89,94927.39,94900.60,94905.06,300,45,0
2026.02.03 10:00:00,94919.89,94925.87,94919.89,94925.87,300,45,0
2026.02.03 09:55:00,94913.89,94919.87,94913.89,94919.87,300,45,0
2026.02.03 09:50:00,94907.89,94913.87,94907.89,94913.87,300,45,0
2026.02.03 09:45:00,94901.89,94907.87,94901.89,94907.87,300,45,0
2026.02.03 09:40:00,94895.89,94901.87,94895.89,94901.87,300,45,0
2026.02.03 09:35:00,94889.89,94895.87,94889.89,94895.87,300,45,0
2026.02.03 09:30:00,94922.65,94928.59,94889.85,94889.87,300,45,0
2026.02.03 09:25:00,94928.66,94934.12,94922.13,94922.63,300,45,0
2026.02.03 09:20:00,94922.66,94928.64,94922.66,94928.64,300,45,0
2026.02.03 09:15:00,94942.99,94946.55,94920.24,94922.64,300,45,0
2026.02.03 09:10:00,94936.99,94942.97,94936.99,94942.97,300,45,0
2026.02.03 09:05:00,94930.99,94936.97,94930.99,94936.97,300,45,0
2026.02.03 09:00:00,94924.99,94930.97,94924.99,94930.97,300,45,0
2026.02.03 08:55:00,94918.99,94924.97,94918.99,94924.97,300,45,0
2026.02.03 08:50:00,94912.99,94918.97,94912.99,94918.97,300,45,0
2026.02.03 08:45:00,94906.99,94912.97,94906.99,94912.97,300,45,0
2026.02.03 08:40:00,94925.63,94927.35,94902.73,94906.97,300,45,0
2026.02.03 08:35:00,94919.63,94925.61,94919.63,94925.61,300,45,0
2026.02.03 08:30:00,94913.63,94919.61,94913.63,94919.61,300,45,0
2026.02.03 08:25:00,94907.63,94913.61,94907.63,94913.61,300,45,0
2026.02.03 08:20:00,94948.03,94951.77,94905.39,94907.61,300,45,0
2026.02.03 08:15:00,94989.55,94989.75,94944.33,94948.01,300,45,0
2026.02.03 08:10:00,94983.55,94989.53,94983.55,94989.53,300,45,0
2026.02.03 08:05:00,94977.55,94983.53,94977.55,94983.53,300,45,0
2026.02.03 08:00:00,94971.55,94977.53,94971.55,94977.53,300,45,0
2026.02.03 07:55:00,94990.17,94991.91,94967.31,94971.53,300,45,0
2026.02.03 07:50:00,94984.17,94990.15,94984.17,94990.15,300,45,0
2026.02.03 07:45:00,94978.17,94984.15,94978.17,94984.15,300,45,0
2026.02.03 07:40:00,94972.17,94978.15,94972.17,94978.15,300,45,0
2026.02.03 07:35:00,94966.17,94972.15,94966.17,94972.15,300,45,0
2026.02.03 07:30:00,94960.17,94966.15,94960.17,94966.15,300,45,0
2026.02.03 07:25:00,94954.17,94960.15,94954.17,94960.15,300,45,0
2026.02.03 07:20:00,94948.17,94954.15,94948.17,94954.15,300,45,0
2026.02.03 07:15:00,95003.54,95006.26,94946.25,94948.15,300,45,0
2026.02.03 07:10:00,94997.54,95003.52,94997.54,95003.52,300,45,0
2026.02.03 07:05:00,94991.54,94997.52,94991.54,94997.52,300,45,0
2026.02.03 07:00:00,94985.54,94991.52,94985.54,94991.52,300,45,0
2026.02.03 06:55:00,94979.54,94985.52,94979.54,94985.52,300,45,0
2026.02.03 06:50:00,94973.54,94979.52,94973.54,94979.52,300,45,0
2026.02.03 06:45:00,94967.54,94973.52,94967.54,94973.52,300,45,0
2026.02.03 06:40:00,94978.50,94983.40,94966.46,94967.52,300,45,0
2026.02.03 06:35:00,94997.95,95000.73,94975.30,94978.48,300,45,0
2026.02.03 06:30:00,94991.95,94997.93,94991.95,94997.93,300,45,0
2026.02.03 06:25:00,94985.95,94991.93,94985.95,94991.93,300,45,0
2026.02.03 06:20:00,94979.95,94985.93,94979.95,94985.93,300,45,0
2026.02.03 06:15:00,94973.95,94979.93,94973.95,94979.93,300,45,0
2026.02.03 06:10:00,94967.95,94973.93,94967.95,94973.93,300,45,0
2026.02.03 06:05:00,94961.95,94967.93,94961.95,94967.93,300,45,0
2026.02.03 06:00:00,94955.95,94961.93,94955.95,94961.93,300,45,0
2026.02.03 05:55:00,94949.95,94955.93,94949.95,94955.93,300,45,0
2026.02.03 05:50:00,94943.95,94949.93,94943.95,94949.93,300,45,0
2026.02.03 05:45:00,94985.05,94986.11,94939.55,94943.93,300,45,0
2026.02.03 05:40:00,94979.05,94985.03,94979.05,94985.03,300,45,0
2026.02.03 05:35:00,95002.29,95006.93,94977.71,94979.03,300,45,0
2026.02.03 05:30:00,94996.29,95002.27,94996.29,95002.27,300,45,0
2026.02.03 05:25:00,94990.29,94996.27,94990.29,94996.27,300,45,0
2026.02.03 05:20:00,94984.29,94990.27,94984.29,94990.27,300,45,0
2026.02.03 05:15:00,94978.29,94984.27,94978.29,94984.27,300,45,0
2026.02.03 05:10:00,94972.29,94978.27,94972.29,94978.27,300,45,0
2026.02.03 05:05:00,94966.29,94972.27,94966.29,94972.27,300,45,0
2026.02.03 05:00:00,94982.58,94987.48,94965.21,94966.27,300,45,0
2026.02.03 04:55:00,95021.90,95022.22,94976.92,94982.56,300,45,0
2026.02.03 04:50:00,95015.90,95021.88,95015.90,95021.88,300,45,0
2026.02.03 04:45:00,95009.90,95015.88,95009.90,95015.88,300,45,0
2026.02.03 04:40:00,95003.90,95009.88,95003.90,95009.88,300,45,0
2026.02.03 04:35:00,95013.79,95019.59,95003.72,95003.88,300,45,0
2026.02.03 04:30:00,95039.29,95041.47,95009.99,95013.77,300,45,0
2026.02.03 04:25:00,95033.29,95039.27,95033.29,95039.27,300,45,0
2026.02.03 04:20:00,95027.29,95033.27,95027.29,95033.27,300,45,0
2026.02.03 04:15:00,95021.29,95027.27,95021.29,95027.27,300,45,0
2026.02.03 04:10:00,95015.29,95021.27,95015.29,95021.27,300,45,0
2026.02.03 04:05:00,95009.29,95015.27,95009.29,95015.27,300,45,0
2026.02.03 04:00:00,95032.36,95035.86,95006.81,95009.27,300,45,0
2026.02.03 03:55:00,95026.36,95032.34,95026.36,95032.34,300,45,0
2026.02.03 03:50:00,95061.67,95066.57,95025.80,95026.34,300,45,0
2026.02.03 03:45:00,95055.67,95061.65,95055.67,95061.65,300,45,0
2026.02.03 03:40:00,95070.47,95074.63,95053.85,95055.65,300,45,0
2026.02.03 03:35:00,95064.47,95070.45,95064.47,95070.45,300,45,0
2026.02.03 03:30:00,95058.47,95064.45,95058.47,95064.45,300,45,0
2026.02.03 03:25:00,95052.47,95058.45,95052.47,95058.45,300,45,0
2026.02.03 03:20:00,95046.47,95052.45,95046.47,95052.45,300,45,0
2026.02.03 03:15:00,95040.47,95046.45,95040.47,95046.45,300,45,0
2026.02.03 03:10:00,95034.47,95040.45,95034.47,95040.45,300,45,0
2026.02.03 03:05:00,95054.57,95055.47,95029.39,95034.45,300,45,0
2026.02.03 03:00:00,95048.57,95054.55,95048.57,95054.55,300,45,0
2026.02.03 02:55:00,95042.57,95048.55,95042.57,95048.55,300,45,0
2026.02.03 02:50:00,95036.57,95042.55,95036.57,95042.55,300,45,0
2026.02.03 02:45:00,95030.57,95036.55,95030.57,95036.55,300,45,0
2026.02.03 02:40:00,95024.57,95030.55,95024.57,95030.55,300,45,0
2026.02.03 02:35:00,95018.57,95024.55,95018.57,95024.55,300,45,0
2026.02.03 02:30:00,95012.57,95018.55,95012.57,95018.55,300,45,0
2026.02.03 02:25:00,95006.57,95012.55,95006.57,95012.55,300,45,0
2026.02.03 02:20:00,95000.57,95006.55,95000.57,95006.55,300,45,0
2026.02.03 02:15:00,95024.66,95029.64,94999.57,95000.55,300,45,0
2026.02.03 02:10:00,95040.33,95042.77,95021.12,95024.64,300,45,0
2026.02.03 02:05:00,95034.33,95040.31,95034.33,95040.31,300,45,0
2026.02.03 02:00:00,95028.33,95034.31,95028.33,95034.31,300,45,0
2026.02.03 01:55:00,95022.33,95028.31,95022.33,95028.31,300,45,0
2026.02.03 01:50:00,95016.33,95022.31,95016.33,95022.31,300,45,0
2026.02.03 01:45:00,95010.33,95016.31,95010.33,95016.31,300,45,0
2026.02.03 01:40:00,95004.33,95010.31,95004.33,95010.31,300,45,0
2026.02.03 01:35:00,95022.77,95024.25,94999.83,95004.31,300,45,0
2026.02.03 01:30:00,95055.25,95059.01,95020.55,95022.75,300,45,0
2026.02.03 01:25:00,95049.25,95055.23,95049.25,95055.23,300,45,0
2026.02.03 01:20:00,95055.43,95058.95,95046.79,95049.23,300,45,0
2026.02.03 01:15:00,95049.43,95055.41,95049.43,95055.41,300,45,0
2026.02.03 01:10:00,95043.43,95049.41,95043.43,95049.41,300,45,0
2026.02.03 01:05:00,95037.43,95043.41,95037.43,95043.41,300,45,0
2026.02.03 01:00:00,95059.51,95065.11,95037.05,95037.41,300,45,0
2026.02.03 00:55:00,95053.51,95059.49,95053.51,95059.49,300,45,0
2026.02.03 00:50:00,95047.51,95053.49,95047.51,95053.49,300,45,0
2026.02.03 00:45:00,95041.51,95047.49,95041.51,95047.49,300,45,0
2026.02.03 00:40:00,95035.51,95041.49,95035.51,95041.49,300,45,0
2026.02.03 00:35:00,95029.51,95035.49,95029.51,95035.49,300,45,0
2026.02.03 00:30:00,95023.51,95029.49,95023.51,95029.49,300,45,0
2026.02.03 00:25:00,95035.13,95037.81,95020.21,95023.49,300,45,0
2026.02.03 00:20:00,95029.13,95035.11,95029.13,95035.11,300,45,0
2026.02.03 00:15:00,95023.13,95029.11,95023.13,95029.11,300,45,0
2026.02.03 00:10:00,95017.13,95023.11,95017.13,95023.11,300,45,0
2026.02.03 00:05:00,95011.13,95017.11,95011.13,95017.11,300,45,0
2026.02.03 00:00:00,95005.13,95011.11,95005.13,95011.11,300,45,0
2026.02.02 23:55:00,94999.13,95005.11,94999.13,95005.11,300,45,0
2026.02.02 23:50:00,94993.13,94999.11,94993.13,94999.11,300,45,0
2026.02.02 23:45:00,94987.13,94993.11,94987.13,94993.11,300,45,0
2026.02.02 23:40:00,94981.13,94987.11,94981.13,94987.11,300,45,0
2026.02.02 23:35:00,94975.13,94981.11,94975.13,94981.11,300,45,0
2026.02.02 23:30:00,94969.13,94975.11,94969.13,94975.11,300,45,0
2026.02.02 23:25:00,94963.13,94969.11,94963.13,94969.11,300,45,0
2026.02.02 23:20:00,94957.13,94963.11,94957.13,94963.11,300,45,0
2026.02.02 23:15:00,94979.89,94983.41,94954.67,94957.11,300,45,0
2026.02.02 23:10:00,94987.09,94991.97,94978.79,94979.87,300,45,0
2026.02.02 23:05:00,94981.09,94987.07,94981.09,94987.07,300,45,0
2026.02.02 23:00:00,94975.09,94981.07,94975.09,94981.07,300,45,0
2026.02.02 22:55:00,95008.05,95008.21,94969.27,94975.07,300,45,0
2026.02.02 22:50:00,95035.03,95041.01,95035.03,95041.01,300,45,0
2026.02.02 22:45:00,95029.03,95035.01,95029.03,95035.01,300,45,0
2026.02.02 22:40:00,95023.03,95029.01,95023.03,95029.01,300,45,0
2026.02.02 22:35:00,95017.03,95023.01,95017.03,95023.01,300,45,0
2026.02.02 22:30:00,95032.81,95038.49,95016.73,95017.01,300,45,0
2026.02.02 22:25:00,95026.81,95032.79,95026.81,95032.79,300,45,0
2026.02.02 22:20:00,95040.53,95046.25,95026.55,95026.79,300,45,0
2026.02.02 22:15:00,95034.53,95040.51,95034.53,95040.51,300,45,0
2026.02.02 22:10:00,95028.53,95034.51,95028.53,95034.51,300,45,0
2026.02.02 22:05:00,95022.53,95028.51,95022.53,95028.51,300,45,0
2026.02.02 22:00:00,95063.27,95063.45,95019.85,95022.51,300,45,0
2026.02.02 21:55:00,95057.27,95063.25,95057.27,95063.25,300,45,0
2026.02.02 21:50:00,95070.55,95070.57,95051.31,95057.25,300,45,0
2026.02.02 21:45:00,95091.07,95094.61,95068.11,95070.53,300,45,0
2026.02.02 21:40:00,95085.07,95091.05,95085.07,95091.05,300,45,0
2026.02.02 21:35:00,95079.07,95085.05,95079.07,95085.05,300,45,0
2026.02.02 21:30:00,95073.07,95079.05,95073.07,95079.05,300,45,0
2026.02.02 21:25:00,95067.07,95073.05,95067.07,95073.05,300,45,0
2026.02.02 21:20:00,95078.25,95083.77,95066.61,95067.05,300,45,0
2026.02.02 21:15:00,95105.93,95110.61,95076.95,95078.23,300,45,0
2026.02.02 21:10:00,95099.93,95105.91,95099.93,95105.91,300,45,0
2026.02.02 21:05:00,95140.95,95144.03,95099.03,95099.91,300,45,0
2026.02.02 21:00:00,95134.95,95140.93,95134.95,95140.93,300,45,0
2026.02.02 20:55:00,95142.34,95143.84,95130.47,95134.93,300,45,0
2026.02.02 20:50:00,95136.34,95142.32,95136.34,95142.32,300,45,0
2026.02.02 20:45:00,95130.34,95136.32,95130.34,95136.32,300,45,0
2026.02.02 20:40:00,95124.34,95130.32,95124.34,95130.32,300,45,0
2026.02.02 20:35:00,95118.34,95124.32,95118.34,95124.32,300,45,0
2026.02.02 20:30:00,95129.27,95129.51,95112.60,95118.32,300,45,0
2026.02.02 20:25:00,95123.27,95129.25,95123.27,95129.25,300,45,0
2026.02.02 20:20:00,95117.27,95123.25,95117.27,95123.25,300,45,0
2026.02.02 20:15:00,95111.27,95117.25,95111.27,95117.25,300,45,0
2026.02.02 20:10:00,95149.22,95154.88,95110.95,95111.25,300,45,0
2026.02.02 20:05:00,95143.22,95149.20,95143.22,95149.20,300,45,0
2026.02.02 20:00:00,95137.22,95143.20,95137.22,95143.20,300,45,0
2026.02.02 19:55:00,95131.22,95137.20,95131.22,95137.20,300,45,0
2026.02.02 19:50:00,95125.22,95131.20,95125.22,95131.20,300,45,0
2026.02.02 19:45:00,95119.22,95125.20,95119.22,95125.20,300,45,0
2026.02.02 19:40:00,95113.22,95119.20,95113.22,95119.20,300,45,0
2026.02.02 19:35:00,95107.22,95113.20,95107.22,95113.20,300,45,0
2026.02.02 19:30:00,95101.22,95107.20,95101.22,95107.20,300,45,0
2026.02.02 19:25:00,95115.50,95117.26,95097.00,95101.20,300,45,0
2026.02.02 19:20:00,95135.83,95136.71,95110.40,95115.48,300,45,0
2026.02.02 19:15:00,95142.71,95142.93,95130.07,95135.81,300,45,0
2026.02.02 19:10:00,95151.76,95153.58,95138.55,95142.69,300,45,0
2026.02.02 19:05:00,95159.39,95163.65,95150.04,95151.74,300,45,0
2026.02.02 19:00:00,95153.39,95159.37,95153.39,95159.37,300,45,0
2026.02.02 18:55:00,95147.39,95153.37,95147.39,95153.37,300,45,0
2026.02.02 18:50:00,95168.79,95172.11,95144.73,95147.37,300,45,0
2026.02.02 18:45:00,95179.46,95179.86,95163.21,95168.77,300,45,0
2026.02.02 18:40:00,95173.46,95179.44,95173.46,95179.44,300,45,0
2026.02.02 18:35:00,95167.46,95173.44,95167.46,95173.44,300,45,0
2026.02.02 18:30:00,95178.98,95180.38,95162.88,95167.44,300,45,0
2026.02.02 18:25:00,95172.98,95178.96,95172.98,95178.96,300,45,0
2026.02.02 18:20:00,95166.98,95172.96,95166.98,95172.96,300,45,0
2026.02.02 18:15:00,95160.98,95166.96,95160.98,95166.96,300,45,0
2026.02.02 18:10:00,95168.56,95170.86,95157.30,95160.96,300,45,0
2026.02.02 18:05:00,95180.46,95182.72,95164.84,95168.54,300,45,0
2026.02.02 18:00:00,95197.52,95202.24,95179.20,95180.44,300,45,0
2026.02.02 17:55:00,95223.94,95225.26,95192.86,95197.50,300,45,0
2026.02.02 17:50:00,95217.94,95223.92,95217.94,95223.92,300,45,0
2026.02.02 17:45:00,95225.12,95226.76,95213.60,95217.92,300,45,0
2026.02.02 17:40:00,95219.12,95225.10,95219.12,95225.10,300,45,0
2026.02.02 17:35:00,95213.12,95219.10,95213.12,95219.10,300,45,0
2026.02.02 17:30:00,95219.90,95220.06,95207.30,95213.10,300,45,0
2026.02.02 17:25:00,95213.90,95219.88,95213.90,95219.88,300,45,0
2026.02.02 17:20:00,95207.90,95213.88,95207.90,95213.88,300,45,0
2026.02.02 17:15:00,95230.77,95236.39,95207.54,95207.88,300,45,0
2026.02.02 17:10:00,95224.77,95230.75,95224.77,95230.75,300,45,0
2026.02.02 17:05:00,95239.53,95241.09,95220.35,95224.75,300,45,0
2026.02.02 17:00:00,95264.44,95269.82,95238.93,95239.51,300,45,0
2026.02.02 16:55:00,95258.44,95264.42,95258.44,95264.42,300,45,0
2026.02.02 16:50:00,95252.44,95258.42,95252.44,95258.42,300,45,0
2026.02.02 16:45:00,95246.44,95252.42,95246.44,95252.42,300,45,0
2026.02.02 16:40:00,95272.86,95275.18,95243.60,95246.42,300,45,0
2026.02.02 16:35:00,95266.86,95272.84,95266.86,95272.84,300,45,0
2026.02.02 16:30:00,95260.86,95266.84,95260.86,95266.84,300,45,0
2026.02.02 16:25:00,95254.86,95260.84,95254.86,95260.84,300,45,0
2026.02.02 16:20:00,95248.86,95254.84,95248.86,95254.84,300,45,0
2026.02.02 16:15:00,95242.86,95248.84,95242.86,95248.84,300,45,0
2026.02.02 16:10:00,95236.86,95242.84,95236.86,95242.84,300,45,0
2026.02.02 16:05:00,95230.86,95236.84,95230.86,95236.84,300,45,0
2026.02.02 16:00:00,95224.86,95230.84,95224.86,95230.84,300,45,0
2026.02.02 15:55:00,95247.80,95252.74,95223.82,95224.84,300,45,0
2026.02.02 15:50:00,95291.24,95291.84,95242.42,95247.78,300,45,0
2026.02.02 15:45:00,95285.24,95291.22,95285.24,95291.22,300,45,0
2026.02.02 15:40:00,95279.24,95285.22,95279.24,95285.22,300,45,0
2026.02.02 15:35:00,95273.24,95279.22,95273.24,95279.22,300,45,0
2026.02.02 15:30:00,95267.24,95273.22,95267.24,95273.22,300,45,0
2026.02.02 15:25:00,95261.24,95267.22,95261.24,95267.22,300,45,0
2026.02.02 15:20:00,95255.24,95261.22,95255.24,95261.22,300,45,0
2026.02.02 15:15:00,95277.44,95278.94,95250.76,95255.22,300,45,0
2026.02.02 15:10:00,95271.44,95277.42,95271.44,95277.42,300,45,0
2026.02.02 15:05:00,95265.44,95271.42,95265.44,95271.42,300,45,0
2026.02.02 15:00:00,95287.81,95288.01,95259.66,95265.42,300,45,0
2026.02.02 14:55:00,95300.52,95302.84,95284.15,95287.79,300,45,0
2026.02.02 14:50:00,95340.14,95341.68,95298.88,95300.50,300,45,0
2026.02.02 14:45:00,95334.14,95340.12,95334.14,95340.12,300,45,0
2026.02.02 14:40:00,95328.14,95334.12,95328.14,95334.12,300,45,0
2026.02.02 14:35:00,95322.14,95328.12,95322.14,95328.12,300,45,0
2026.02.02 14:30:00,95339.02,95342.64,95319.78,95322.12,300,45,0
2026.02.02 14:25:00,95362.45,95366.95,95337.54,95339.00,300,45,0
2026.02.02 14:20:00,95369.06,95373.28,95360.69,95362.43,300,45,0
2026.02.02 14:15:00,95363.06,95369.04,95363.06,95369.04,300,45,0
2026.02.02 14:10:00,95357.06,95363.04,95357.06,95363.04,300,45,0
2026.02.02 14:05:00,95351.06,95357.04,95351.06,95357.04,300,45,0
2026.02.02 14:00:00,95345.06,95351.04,95345.06,95351.04,300,45,0
2026.02.02 13:55:00,95384.07,95385.53,95340.54,95345.04,300,45,0
2026.02.02 13:50:00,95378.07,95384.05,95378.07,95384.05,300,45,0
2026.02.02 13:45:00,95372.07,95378.05,95372.07,95378.05,300,45,0
2026.02.02 13:40:00,95366.07,95372.05,95366.07,95372.05,300,45,0
2026.02.02 13:35:00,95360.07,95366.05,95360.07,95366.05,300,45,0
2026.02.02 13:30:00,95354.07,95360.05,95354.07,95360.05,300,45,0
2026.02.02 13:25:00,95348.07,95354.05,95348.07,95354.05,300,45,0
2026.02.02 13:20:00,95359.52,95359.66,95342.23,95348.05,300,45,0
2026.02.02 13:15:00,95353.52,95359.50,95353.52,95359.50,300,45,0
2026.02.02 13:10:00,95347.52,95353.50,95347.52,95353.50,300,45,0
2026.02.02 13:05:00,95360.65,95361.19,95342.08,95347.50,300,45,0
2026.02.02 13:00:00,95354.65,95360.63,95354.65,95360.63,300,45,0
2026.02.02 12:55:00,95348.65,95354.63,95348.65,95354.63,300,45,0
2026.02.02 12:50:00,95342.65,95348.63,95342.65,95348.63,300,45,0
2026.02.02 12:45:00,95353.18,95357.10,95340.59,95342.63,300,45,0
2026.02.02 12:40:00,95347.18,95353.16,95347.18,95353.16,300,45,0
2026.02.02 12:35:00,95341.18,95347.16,95341.18,95347.16,300,45,0
2026.02.02 12:30:00,95335.18,95341.16,95335.18,95341.16,300,45,0
2026.02.02 12:25:00,95329.18,95335.16,95329.18,95335.16,300,45,0
2026.02.02 12:20:00,95323.18,95329.16,95323.18,95329.16,300,45,0
2026.02.02 12:15:00,95317.18,95323.16,95317.18,95323.16,300,45,0
2026.02.02 12:10:00,95311.18,95317.16,95311.18,95317.16,300,45,0
2026.02.02 12:05:00,95305.18,95311.16,95305.18,95311.16,300,45,0
2026.02.02 12:00:00,95299.18,95305.16,95299.18,95305.16,300,45,0
2026.02.02 11:55:00,95318.82,95322.62,95297.00,95299.16,300,45,0
2026.02.02 11:50:00,95333.14,95338.50,95318.20,95318.80,300,45,0
2026.02.02 11:45:00,95340.75,95342.89,95329.30,95333.12,300,45,0
2026.02.02 11:40:00,95334.75,95340.73,95334.75,95340.73,300,45,0
2026.02.02 11:35:00,95328.75,95334.73,95328.75,95334.73,300,45,0
2026.02.02 11:30:00,95322.75,95328.73,95322.75,95328.73,300,45,0
2026.02.02 11:25:00,95316.75,95322.73,95316.75,95322.73,300,45,0
2026.02.02 11:20:00,95310.75,95316.73,95310.75,95316.73,300,45,0
2026.02.02 11:15:00,95304.75,95310.73,95304.75,95310.73,300,45,0
2026.02.02 11:10:00,95298.75,95304.73,95298.75,95304.73,300,45,0
2026.02.02 11:05:00,95292.75,95298.73,95292.75,95298.73,300,45,0
2026.02.02 11:00:00,95286.75,95292.73,95286.75,95292.73,300,45,0
2026.02.02 10:55:00,95317.01,95318.49,95282.25,95286.73,300,45,0
2026.02.02 10:50:00,95311.01,95316.99,95311.01,95316.99,300,45,0
2026.02.02 10:45:00,95305.01,95310.99,95305.01,95310.99,300,45,0
2026.02.02 10:40:00,95299.01,95304.99,95299.01,95304.99,300,45,0
2026.02.02 10:35:00,95293.01,95298.99,95293.01,95298.99,300,45,0
2026.02.02 10:30:00,95311.64,95316.66,95292.05,95292.99,300,45,0
2026.02.02 10:25:00,95305.64,95311.62,95305.64,95311.62,300,45,0
2026.02.02 10:20:00,95322.23,95325.63,95303.06,95305.62,300,45,0
2026.02.02 10:15:00,95348.98,95350.08,95319.53,95322.21,300,45,0
2026.02.02 10:10:00,95342.98,95348.96,95342.98,95348.96,300,45,0
2026.02.02 10:05:00,95336.98,95342.96,95336.98,95342.96,300,45,0
2026.02.02 10:00:00,95330.98,95336.96,95330.98,95336.96,300,45,0
2026.02.02 09:55:00,95348.15,95353.93,95330.78,95330.96,300,45,0
2026.02.02 09:50:00,95357.40,95358.00,95342.77,95348.13,300,45,0
2026.02.02 09:45:00,95371.00,95372.60,95353.02,95357.38,300,45,0
2026.02.02 09:40:00,95365.00,95370.98,95365.00,95370.98,300,45,0
2026.02.02 09:35:00,95359.00,95364.98,95359.00,95364.98,300,45,0
2026.02.02 09:30:00,95373.31,95379.09,95358.80,95358.98,300,45,0
2026.02.02 09:25:00,95367.31,95373.29,95367.31,95373.29,300,45,0
2026.02.02 09:20:00,95361.31,95367.29,95361.31,95367.29,300,45,0
2026.02.02 09:15:00,95417.15,95421.57,95361.23,95361.29,300,45,0
2026.02.02 09:10:00,95411.15,95417.13,95411.15,95417.13,300,45,0
2026.02.02 09:05:00,95438.02,95440.10,95407.25,95411.13,300,45,0
2026.02.02 09:00:00,95453.36,95459.20,95437.88,95438.00,300,45,0
2026.02.02 08:55:00,95447.36,95453.34,95447.36,95453.34,300,45,0
2026.02.02 08:50:00,95441.36,95447.34,95441.36,95447.34,300,45,0
2026.02.02 08:45:00,95435.36,95441.34,95435.36,95441.34,300,45,0
2026.02.02 08:40:00,95429.36,95435.34,95429.36,95435.34,300,45,0
2026.02.02 08:35:00,95423.36,95429.34,95423.36,95429.34,300,45,0
2026.02.02 08:30:00,95417.36,95423.34,95417.36,95423.34,300,45,0
2026.02.02 08:25:00,95411.36,95417.34,95411.36,95417.34,300,45,0
2026.02.02 08:20:00,95405.36,95411.34,95405.36,95411.34,300,45,0
2026.02.02 08:15:00,95399.36,95405.34,95399.36,95405.34,300,45,0
2026.02.02 08:10:00,95393.36,95399.34,95393.36,95399.34,300,45,0
2026.02.02 08:05:00,95387.36,95393.34,95387.36,95393.34,300,45,0
2026.02.02 08:00:00,95381.36,95387.34,95381.36,95387.34,300,45,0
2026.02.02 07:55:00,95375.36,95381.34,95375.36,95381.34,300,45,0
2026.02.02 07:50:00,95369.36,95375.34,95369.36,95375.34,300,45,0
2026.02.02 07:45:00,95363.36,95369.34,95363.36,95369.34,300,45,0
2026.02.02 07:40:00,95357.36,95363.34,95357.36,95363.34,300,45,0
2026.02.02 07:35:00,95351.36,95357.34,95351.36,95357.34,300,45,0
2026.02.02 07:30:00,95345.36,95351.34,95345.36,95351.34,300,45,0
2026.02.02 07:25:00,95339.36,95345.34,95339.36,95345.34,300,45,0
2026.02.02 07:20:00,95377.42,95380.36,95336.32,95339.34,300,45,0
2026.02.02 07:15:00,95371.42,95377.40,95371.42,95377.40,300,45,0
2026.02.02 07:10:00,95365.42,95371.40,95365.42,95371.40,300,45,0
2026.02.02 07:05:00,95359.42,95365.40,95359.42,95365.40,300,45,0
2026.02.02 07:00:00,95353.42,95359.40,95353.42,95359.40,300,45,0
2026.02.02 06:55:00,95347.42,95353.40,95347.42,95353.40,300,45,0
2026.02.02 06:50:00,95341.42,95347.40,95341.42,95347.40,300,45,0
2026.02.02 06:45:00,95335.42,95341.40,95335.42,95341.40,300,45,0
2026.02.02 06:40:00,95329.42,95335.40,95329.42,95335.40,300,45,0
2026.02.02 06:35:00,95323.42,95329.40,95323.42,95329.40,300,45,0
2026.02.02 06:30:00,95317.42,95323.40,95317.42,95323.40,300,45,0
2026.02.02 06:25:00,95311.42,95317.40,95311.42,95317.40,300,45,0
2026.02.02 06:20:00,95305.42,95311.40,95305.42,95311.40,300,45,0
2026.02.02 06:15:00,95299.42,95305.40,95299.42,95305.40,300,45,0
2026.02.02 06:10:00,95293.42,95299.40,95293.42,95299.40,300,45,0
2026.02.02 06:05:00,95306.74,95312.04,95292.74,95293.40,300,45,0
2026.02.02 06:00:00,95319.61,95324.39,95305.54,95306.72,300,45,0
2026.02.02 05:55:00,95313.61,95319.59,95313.61,95319.59,300,45,0
2026.02.02 05:50:00,95330.97,95331.57,95308.23,95313.59,300,45,0
2026.02.02 05:45:00,95337.07,95339.63,95327.55,95330.95,300,45,0
2026.02.02 05:40:00,95331.07,95337.05,95331.07,95337.05,300,45,0
2026.02.02 05:35:00,95325.07,95331.05,95325.07,95331.05,300,45,0
2026.02.02 05:30:00,95319.07,95325.05,95319.07,95325.05,300,45,0
2026.02.02 05:25:00,95351.23,95354.35,95316.21,95319.05,300,45,0
2026.02.02 05:20:00,95345.23,95351.21,95345.23,95351.21,300,45,0
2026.02.02 05:15:00,95339.23,95345.21,95339.23,95345.21,300,45,0
2026.02.02 05:10:00,95333.23,95339.21,95333.23,95339.21,300,45,0
2026.02.02 05:05:00,95327.23,95333.21,95327.23,95333.21,300,45,0
2026.02.02 05:00:00,95321.23,95327.21,95321.23,95327.21,300,45,0
2026.02.02 04:55:00,95315.23,95321.21,95315.23,95321.21,300,45,0
2026.02.02 04:50:00,95333.17,95335.11,95311.19,95315.21,300,45,0
2026.02.02 04:45:00,95327.17,95333.15,95327.17,95333.15,300,45,0
2026.02.02 04:40:00,95321.17,95327.15,95321.17,95327.15,300,45,0
2026.02.02 04:35:00,95328.01,95329.11,95316.29,95321.15,300,45,0
2026.02.02 04:30:00,95322.01,95327.99,95322.01,95327.99,300,45,0
2026.02.02 04:25:00,95316.01,95321.99,95316.01,95321.99,300,45,0
2026.02.02 04:20:00,95339.62,95343.64,95314.05,95315.99,300,45,0
2026.02.02 04:15:00,95333.62,95339.60,95333.62,95339.60,300,45,0
2026.02.02 04:10:00,95327.62,95333.60,95327.62,95333.60,300,45,0
2026.02.02 04:05:00,95321.62,95327.60,95321.62,95327.60,300,45,0
2026.02.02 04:00:00,95315.62,95321.60,95315.62,95321.60,300,45,0
2026.02.02 03:55:00,95309.62,95315.60,95309.62,95315.60,300,45,0
2026.02.02 03:50:00,95303.62,95309.60,95303.62,95309.60,300,45,0
2026.02.02 03:45:00,95297.62,95303.60,95297.62,95303.60,300,45,0
2026.02.02 03:40:00,95291.62,95297.60,95291.62,95297.60,300,45,0
2026.02.02 03:35:00,95285.62,95291.60,95285.62,95291.60,300,45,0
2026.02.02 03:30:00,95279.62,95285.60,95279.62,95285.60,300,45,0
2026.02.02 03:25:00,95273.62,95279.60,95273.62,95279.60,300,45,0
2026.02.02 03:20:00,95267.62,95273.60,95267.62,95273.60,300,45,0
2026.02.02 03:15:00,95261.62,95267.60,95261.62,95267.60,300,45,0
2026.02.02 03:10:00,95276.43,95282.21,95261.42,95261.60,300,45,0
2026.02.02 03:05:00,95270.43,95276.41,95270.43,95276.41,300,45,0
2026.02.02 03:00:00,95264.43,95270.41,95264.43,95270.41,300,45,0
2026.02.02 02:55:00,95258.43,95264.41,95258.43,95264.41,300,45,0
2026.02.02 02:50:00,95252.43,95258.41,95252.43,95258.41,300,45,0
2026.02.02 02:45:00,95267.47,95271.47,95250.45,95252.41,300,45,0
2026.02.02 02:40:00,95261.47,95267.45,95261.47,95267.45,300,45,0
2026.02.02 02:35:00,95255.47,95261.45,95255.47,95261.45,300,45,0
2026.02.02 02:30:00,95249.47,95255.45,95249.47,95255.45,300,45,0
2026.02.02 02:25:00,95243.47,95249.45,95243.47,95249.45,300,45,0
2026.02.02 02:20:00,95237.47,95243.45,95237.47,95243.45,300,45,0
2026.02.02 02:15:00,95231.47,95237.45,95231.47,95237.45,300,45,0
2026.02.02 02:10:00,95225.47,95231.45,95225.47,95231.45,300,45,0
2026.02.02 02:05:00,95219.47,95225.45,95219.47,95225.45,300,45,0
2026.02.02 02:00:00,95213.47,95219.45,95213.47,95219.45,300,45,0
2026.02.02 01:55:00,95207.47,95213.45,95207.47,95213.45,300,45,0
2026.02.02 01:50:00,95201.47,95207.45,95201.47,95207.45,300,45,0
2026.02.02 01:45:00,95210.59,95216.33,95201.23,95201.45,300,45,0
2026.02.02 01:40:00,95204.59,95210.57,95204.59,95210.57,300,45,0
2026.02.02 01:35:00,95198.59,95204.57,95198.59,95204.57,300,45,0
2026.02.02 01:30:00,95192.59,95198.57,95192.59,95198.57,300,45,0
2026.02.02 01:25:00,95201.43,95205.39,95190.57,95192.57,300,45,0
2026.02.02 01:20:00,95195.43,95201.41,95195.43,95201.41,300,45,0
2026.02.02 01:15:00,95211.32,95215.40,95193.53,95195.41,300,45,0
2026.02.02 01:10:00,95241.12,95246.46,95210.68,95211.30,300,45,0
2026.02.02 01:05:00,95235.12,95241.10,95235.12,95241.10,300,45,0
2026.02.02 01:00:00,95229.12,95235.10,95229.12,95235.10,300,45,0
2026.02.02 00:55:00,95223.12,95229.10,95223.12,95229.10,300,45,0
2026.02.02 00:50:00,95251.79,95253.01,95218.36,95223.10,300,45,0
2026.02.02 00:45:00,95271.31,95272.63,95247.13,95251.77,300,45,0
2026.02.02 00:40:00,95265.31,95271.29,95265.31,95271.29,300,45,0
2026.02.02 00:35:00,95259.31,95265.29,95259.31,95265.29,300,45,0
2026.02.02 00:30:00,95253.31,95259.29,95253.31,95259.29,300,45,0
2026.02.02 00:25:00,95247.31,95253.29,95247.31,95253.29,300,45,0
2026.02.02 00:20:00,95241.31,95247.29,95241.31,95247.29,300,45,0
2026.02.02 00:15:00,95235.31,95241.29,95235.31,95241.29,300,45,0
2026.02.02 00:10:00,95229.31,95235.29,95229.31,95235.29,300,45,0
2026.02.02 00:05:00,95223.31,95229.29,95223.31,95229.29,300,45,0
2026.02.02 00:00:00,95233.71,95234.55,95218.17,95223.29,300,45,0
2026.02.01 23:55:00,95227.71,95233.69,95227.71,95233.69,300,45,0
2026.02.01 23:50:00,95221.71,95227.69,95221.71,95227.69,300,45,0
2026.02.01 23:45:00,95247.62,95252.52,95220.63,95221.69,300,45,0
2026.02.01 23:40:00,95254.30,95259.96,95247.30,95247.60,300,45,0
2026.02.01 23:35:00,95248.30,95254.28,95248.30,95254.28,300,45,0
2026.02.01 23:30:00,95285.91,95287.11,95244.60,95248.28,300,45,0
2026.02.01 23:25:00,95279.91,95285.89,95279.91,95285.89,300,45,0
2026.02.01 23:20:00,95273.91,95279.89,95273.91,95279.89,300,45,0
2026.02.01 23:15:00,95267.91,95273.89,95267.91,95273.89,300,45,0
2026.02.01 23:10:00,95261.91,95267.89,95261.91,95267.89,300,45,0
2026.02.01 23:05:00,95255.91,95261.89,95255.91,95261.89,300,45,0
2026.02.01 23:00:00,95265.65,95266.23,95250.51,95255.89,300,45,0
2026.02.01 22:55:00,95259.65,95265.63,95259.65,95265.63,300,45,0
2026.02.01 22:50:00,95253.65,95259.63,95253.65,95259.63,300,45,0
2026.02.01 22:45:00,95247.65,95253.63,95247.65,95253.63,300,45,0
2026.02.01 22:40:00,95241.65,95247.63,95241.65,95247.63,300,45,0
2026.02.01 22:35:00,95235.65,95241.63,95235.65,95241.63,300,45,0
2026.02.01 22:30:00,95229.65,95235.63,95229.65,95235.63,300,45,0
2026.02.01 22:25:00,95250.41,95251.57,95224.83,95229.63,300,45,0
2026.02.01 22:20:00,95265.63,95268.89,95247.69,95250.39,300,45,0
2026.02.01 22:15:00,95285.43,95287.47,95261.69,95265.61,300,45,0
2026.02.01 22:10:00,95279.43,95285.41,95279.43,95285.41,300,45,0
2026.02.01 22:05:00,95273.43,95279.41,95273.43,95279.41,300,45,0
2026.02.01 22:00:00,95267.43,95273.41,95267.43,95273.41,300,45,0
2026.02.01 21:55:00,95261.43,95267.41,95261.43,95267.41,300,45,0
2026.02.01 21:50:00,95285.77,95288.09,95257.77,95261.41,300,45,0
2026.02.01 21:45:00,95279.77,95285.75,95279.77,95285.75,300,45,0
2026.02.01 21:40:00,95273.77,95279.75,95273.77,95279.75,300,45,0
2026.02.01 21:35:00,95267.77,95273.75,95267.77,95273.75,300,45,0
2026.02.01 21:30:00,95261.77,95267.75,95261.77,95267.75,300,45,0
2026.02.01 21:25:00,95274.34,95278.24,95259.69,95261.75,300,45,0
2026.02.01 21:20:00,95289.52,95294.56,95273.40,95274.32,300,45,0
2026.02.01 21:15:00,95283.52,95289.50,95283.52,95289.50,300,45,0
2026.02.01 21:10:00,95277.52,95283.50,95277.52,95283.50,300,45,0
2026.02.01 21:05:00,95271.52,95277.50,95271.52,95277.50,300,45,0
2026.02.01 21:00:00,95265.52,95271.50,95265.52,95271.50,300,45,0
2026.02.01 20:55:00,95280.57,95285.21,95264.18,95265.50,300,45,0
2026.02.01 20:50:00,95274.57,95280.55,95274.57,95280.55,300,45,0
2026.02.01 20:45:00,95268.57,95274.55,95268.57,95274.55,300,45,0
2026.02.01 20:40:00,95262.57,95268.55,95262.57,95268.55,300,45,0
2026.02.01 20:35:00,95256.57,95262.55,95256.57,95262.55,300,45,0
2026.02.01 20:30:00,95250.57,95256.55,95250.57,95256.55,300,45,0
2026.02.01 20:25:00,95244.57,95250.55,95244.57,95250.55,300,45,0
2026.02.01 20:20:00,95238.57,95244.55,95238.57,95244.55,300,45,0
2026.02.01 20:15:00,95232.57,95238.55,95232.57,95238.55,300,45,0
2026.02.01 20:10:00,95226.57,95232.55,95226.57,95232.55,300,45,0
2026.02.01 20:05:00,95220.57,95226.55,95220.57,95226.55,300,45,0
2026.02.01 20:00:00,95214.57,95220.55,95214.57,95220.55,300,45,0
2026.02.01 19:55:00,95208.57,95214.55,95208.57,95214.55,300,45,0
2026.02.01 19:50:00,95202.57,95208.55,95202.57,95208.55,300,45,0
2026.02.01 19:45:00,95196.57,95202.55,95196.57,95202.55,300,45,0
2026.02.01 19:40:00,95190.57,95196.55,95190.57,95196.55,300,45,0
2026.02.01 19:35:00,95184.57,95190.55,95184.57,95190.55,300,45,0
2026.02.01 19:30:00,95216.58,95219.14,95181.15,95184.55,300,45,0
2026.02.01 19:25:00,95210.58,95216.56,95210.58,95216.56,300,45,0
2026.02.01 19:20:00,95204.58,95210.56,95204.58,95210.56,300,45,0
2026.02.01 19:15:00,95198.58,95204.56,95198.58,95204.56,300,45,0
2026.02.01 19:10:00,95192.58,95198.56,95192.58,95198.56,300,45,0
2026.02.01 19:05:00,95186.58,95192.56,95186.58,95192.56,300,45,0
2026.02.01 19:00:00,95180.58,95186.56,95180.58,95186.56,300,45,0
2026.02.01 18:55:00,95174.58,95180.56,95174.58,95180.56,300,45,0
2026.02.01 18:50:00,95168.58,95174.56,95168.58,95174.56,300,45,0
2026.02.01 18:45:00,95162.58,95168.56,95162.58,95168.56,300,45,0
2026.02.01 18:40:00,95175.75,95181.05,95161.90,95162.56,300,45,0
2026.02.01 18:35:00,95183.64,95185.82,95171.95,95175.73,300,45,0
2026.02.01 18:30:00,95177.64,95183.62,95177.64,95183.62,300,45,0
2026.02.01 18:25:00,95194.40,95197.52,95174.78,95177.62,300,45,0
2026.02.01 18:20:00,95209.53,95213.91,95192.80,95194.38,300,45,0
2026.02.01 18:15:00,95203.53,95209.51,95203.53,95209.51,300,45,0
2026.02.01 18:10:00,95216.22,95220.26,95201.59,95203.51,300,45,0
2026.02.01 18:05:00,95210.22,95216.20,95210.22,95216.20,300,45,0
2026.02.01 18:00:00,95204.22,95210.20,95204.22,95210.20,300,45,0
2026.02.01 17:55:00,95199.80,95204.20,95199.80,95204.20,233,45,0
2026.02.01 17:50:00,95247.98,95251.94,95199.18,95199.78,300,45,0
2026.02.01 17:45:00,95241.98,95247.96,95241.98,95247.96,300,45,0
2026.02.01 17:40:00,95235.98,95241.96,95235.98,95241.96,300,45,0
2026.02.01 17:35:00,95229.98,95235.96,95229.98,95235.96,300,45,0
2026.02.01 17:30:00,95223.98,95229.96,95223.98,95229.96,300,45,0
2026.02.01 17:25:00,95217.98,95223.96,95217.98,95223.96,300,45,0
2026.02.01 17:20:00,95211.98,95217.96,95211.98,95217.96,300,45,0
2026.02.01 17:15:00,95205.98,95211.96,95205.98,95211.96,300,45,0
2026.02.01 17:10:00,95199.98,95205.96,95199.98,95205.96,300,45,0
2026.02.01 17:05:00,95193.98,95199.96,95193.98,95199.96,300,45,0
2026.02.01 17:00:00,95187.98,95193.96,95187.98,95193.96,300,45,0
2026.02.01 16:55:00,95181.98,95187.96,95181.98,95187.96,300,45,0
2026.02.01 16:50:00,95192.91,95194.11,95177.20,95181.96,300,45,0
2026.02.01 16:45:00,95221.60,95225.42,95190.75,95192.89,300,45,0
2026.02.01 16:40:00,95215.60,95221.58,95215.60,95221.58,300,45,0
2026.02.01 16:35:00,95209.60,95215.58,95209.60,95215.58,300,45,0
2026.02.01 16:30:00,95203.60,95209.58,95203.60,95209.58,300,45,0
2026.02.01 16:25:00,95224.24,95224.96,95198.34,95203.58,300,45,0
2026.02.01 16:20:00,95234.48,95238.74,95222.52,95224.22,300,45,0
2026.02.01 16:15:00,95228.48,95234.46,95228.48,95234.46,300,45,0
2026.02.01 16:10:00,95234.50,95237.64,95225.64,95228.46,300,45,0
2026.02.01 16:05:00,95246.83,95250.75,95232.44,95234.48,300,45,0
2026.02.01 16:00:00,95240.83,95246.81,95240.83,95246.81,300,45,0
2026.02.01 15:55:00,95234.83,95240.81,95234.83,95240.81,300,45,0
2026.02.01 15:50:00,95228.83,95234.81,95228.83,95234.81,300,45,0
2026.02.01 15:45:00,95222.83,95228.81,95222.83,95228.81,300,45,0
2026.02.01 15:40:00,95216.83,95222.81,95216.83,95222.81,300,45,0
2026.02.01 15:35:00,95210.83,95216.81,95210.83,95216.81,300,45,0
2026.02.01 15:30:00,95204.83,95210.81,95204.83,95210.81,300,45,0
2026.02.01 15:25:00,95198.83,95204.81,95198.83,95204.81,300,45,0
2026.02.01 15:20:00,95192.83,95198.81,95192.83,95198.81,300,45,0
2026.02.01 15:15:00,95186.83,95192.81,95186.83,95192.81,300,45,0
2026.02.01 15:10:00,95180.83,95186.81,95180.83,95186.81,300,45,0
2026.02.01 15:05:00,95174.83,95180.81,95174.83,95180.81,300,45,0
2026.02.01 15:00:00,95168.83,95174.81,95168.83,95174.81,300,45,0
2026.02.01 14:55:00,95162.83,95168.81,95162.83,95168.81,300,45,0
2026.02.01 14:50:00,95156.83,95162.81,95156.83,95162.81,300,45,0
2026.02.01 14:45:00,95150.83,95156.81,95150.83,95156.81,300,45,0
2026.02.01 14:40:00,95144.83,95150.81,95144.83,95150.81,300,45,0
2026.02.01 14:35:00,95138.83,95144.81,95138.83,95144.81,300,45,0
2026.02.01 14:30:00,95161.27,95166.17,95137.75,95138.81,300,45,0
2026.02.01 14:25:00,95155.27,95161.25,95155.27,95161.25,300,45,0
2026.02.01 14:20:00,95149.27,95155.25,95149.27,95155.25,300,45,0
2026.02.01 14:15:00,95143.27,95149.25,95143.27,95149.25,300,45,0
2026.02.01 14:10:00,95154.46,95155.96,95138.79,95143.25,300,45,0
2026.02.01 14:05:00,95148.44,95154.44,95148.44,95154.44,301,45,0
2026.02.01 14:00:00,95142.46,95148.42,95142.46,95148.42,299,45,0
2026.02.01 13:55:00,95136.44,95142.44,95136.44,95142.44,301,45,0
2026.02.01 13:50:00,95159.66,95164.12,95134.94,95136.42,299,45,0
2026.02.01 13:45:00,95153.64,95159.64,95153.64,95159.64,301,45,0
2026.02.01 13:40:00,95147.66,95153.62,95147.66,95153.62,299,45,0
2026.02.01 13:35:00,95167.26,95168.42,95142.82,95147.64,301,45,0
2026.02.01 13:30:00,95161.26,95167.24,95161.26,95167.24,300,45,0
2026.02.01 13:25:00,95155.26,95161.24,95155.26,95161.24,300,45,0
2026.02.01 13:20:00,95181.31,95184.85,95152.82,95155.24,300,45,0
2026.02.01 13:15:00,95187.44,95193.38,95181.27,95181.29,300,45,0
2026.02.01 13:10:00,95181.44,95187.42,95181.44,95187.42,300,45,0
2026.02.01 13:05:00,95175.44,95181.42,95175.44,95181.42,300,45,0
2026.02.01 13:00:00,95169.44,95175.42,95169.44,95175.42,300,45,0
2026.02.01 12:55:00,95163.44,95169.42,95163.44,95169.42,300,45,0
2026.02.01 12:50:00,95157.44,95163.42,95157.44,95163.42,300,45,0
2026.02.01 12:45:00,95151.44,95157.42,95151.44,95157.42,300,45,0
2026.02.01 12:40:00,95145.44,95151.42,95145.44,95151.42,300,45,0
2026.02.01 12:35:00,95139.44,95145.42,95139.44,95145.42,300,45,0
2026.02.01 12:30:00,95133.44,95139.42,95133.44,95139.42,300,45,0
2026.02.01 12:25:00,95127.44,95133.42,95127.44,95133.42,300,45,0
2026.02.01 12:20:00,95121.44,95127.42,95121.44,95127.42,300,45,0
2026.02.01 12:15:00,95115.44,95121.42,95115.44,95121.42,300,45,0
2026.02.01 12:10:00,95109.44,95115.42,95109.44,95115.42,300,45,0
2026.02.01 12:05:00,95103.44,95109.42,95103.44,95109.42,300,45,0
2026.02.01 12:00:00,95097.44,95103.42,95097.44,95103.42,300,45,0
2026.02.01 11:55:00,95091.44,95097.42,95091.44,95097.42,300,45,0
2026.02.01 11:50:00,95085.44,95091.42,95085.44,95091.42,300,45,0
2026.02.01 11:45:00,95079.44,95085.42,95079.44,95085.42,300,45,0
2026.02.01 11:40:00,95073.44,95079.42,95073.44,95079.42,300,45,0
2026.02.01 11:35:00,95067.44,95073.42,95067.44,95073.42,300,45,0
2026.02.01 11:30:00,95061.44,95067.42,95061.44,95067.42,300,45,0
2026.02.01 11:25:00,95055.44,95061.42,95055.44,95061.42,300,45,0
2026.02.01 11:20:00,95049.44,95055.42,95049.44,95055.42,300,45,0
2026.02.01 11:15:00,95081.41,95081.95,95044.00,95049.42,300,45,0
2026.02.01 11:10:00,95137.54,95137.74,95077.35,95081.39,300,45,0
2026.02.01 11:05:00,95131.54,95137.52,95131.54,95137.52,300,45,0
2026.02.01 11:00:00,95157.22,95159.68,95128.02,95131.52,300,45,0
2026.02.01 10:55:00,95151.22,95157.20,95151.22,95157.20,300,45,0
2026.02.01 10:50:00,95145.22,95151.20,95145.22,95151.20,300,45,0
2026.02.01 10:45:00,95139.22,95145.20,95139.22,95145.20,300,45,0
2026.02.01 10:40:00,95133.22,95139.20,95133.22,95139.20,300,45,0
2026.02.01 10:35:00,95127.22,95133.20,95127.22,95133.20,300,45,0
2026.02.01 10:30:00,95121.22,95127.20,95121.22,95127.20,300,45,0
2026.02.01 10:25:00,95115.22,95121.20,95115.22,95121.20,300,45,0
2026.02.01 10:20:00,95109.22,95115.20,95109.22,95115.20,300,45,0
2026.02.01 10:15:00,95103.22,95109.20,95103.22,95109.20,300,45,0
2026.02.01 10:10:00,95097.22,95103.20,95097.22,95103.20,300,45,0
2026.02.01 10:05:00,95091.22,95097.20,95091.22,95097.20,300,45,0
2026.02.01 10:00:00,95147.14,95148.56,95088.34,95091.20,300,45,0
2026.02.01 09:55:00,95141.14,95147.12,95141.14,95147.12,300,45,0
2026.02.01 09:50:00,95150.54,95151.52,95136.14,95141.12,238,45,0
2026.02.01 09:45:00,95144.54,95150.52,95144.54,95150.52,300,45,0
2026.02.01 09:40:00,95138.54,95144.52,95138.54,95144.52,300,45,0
2026.02.01 09:35:00,95132.54,95138.52,95132.54,95138.52,300,45,0
2026.02.01 09:30:00,95126.54,95132.52,95126.54,95132.52,300,45,0
2026.02.01 09:25:00,95120.54,95126.52,95120.54,95126.52,300,45,0
2026.02.01 09:20:00,95114.54,95120.52,95114.54,95120.52,300,45,0
2026.02.01 09:15:00,95108.54,95114.52,95108.54,95114.52,300,45,0
2026.02.01 09:10:00,95121.02,95122.30,95103.84,95108.52,300,45,0
2026.02.01 09:05:00,95115.02,95121.00,95115.02,95121.00,300,45,0
2026.02.01 09:00:00,95123.35,95127.65,95113.34,95115.00,300,45,0
2026.02.01 08:55:00,95117.35,95123.33,95117.35,95123.33,300,45,0
2026.02.01 08:50:00,95111.35,95117.33,95111.35,95117.33,300,45,0
2026.02.01 08:45:00,95119.02,95120.70,95107.05,95111.33,300,45,0
2026.02.01 08:40:00,95113.02,95119.00,95113.02,95119.00,300,45,0
2026.02.01 08:35:00,95107.02,95113.00,95107.02,95113.00,300,45,0
2026.02.01 08:30:00,95101.02,95107.00,95101.02,95107.00,300,45,0
2026.02.01 08:25:00,95095.02,95101.00,95095.02,95101.00,300,45,0
2026.02.01 08:20:00,95089.02,95095.00,95089.02,95095.00,300,45,0
2026.02.01 08:15:00,95083.02,95089.00,95083.02,95089.00,300,45,0
2026.02.01 08:10:00,95077.02,95083.00,95077.02,95083.00,300,45,0
2026.02.01 08:05:00,95104.13,95107.43,95074.34,95077.00,300,45,0
2026.02.01 08:00:00,95098.13,95104.11,95098.13,95104.11,300,45,0
2026.02.01 07:55:00,95092.13,95098.11,95092.13,95098.11,300,45,0
2026.02.01 07:50:00,95086.13,95092.11,95086.13,95092.11,300,45,0
2026.02.01 07:45:00,95080.13,95086.11,95080.13,95086.11,300,45,0
2026.02.01 07:40:00,95074.13,95080.11,95074.13,95080.11,300,45,0
2026.02.01 07:35:00,95068.13,95074.11,95068.13,95074.11,300,45,0
2026.02.01 07:30:00,95062.13,95068.11,95062.13,95068.11,300,45,0
2026.02.01 07:25:00,95056.13,95062.11,95056.13,95062.11,300,45,0
2026.02.01 07:20:00,95071.46,95077.02,95055.71,95056.11,300,45,0
2026.02.01 07:15:00,95085.91,95091.43,95071.00,95071.44,300,45,0
2026.02.01 07:10:00,95079.91,95085.89,95079.91,95085.89,300,45,0
2026.02.01 07:05:00,95073.91,95079.89,95073.91,95079.89,300,45,0
2026.02.01 07:00:00,95082.54,95085.64,95071.03,95073.89,300,45,0
2026.02.01 06:55:00,95076.54,95082.52,95076.54,95082.52,300,45,0
2026.02.01 06:50:00,95070.54,95076.52,95070.54,95076.52,300,45,0
2026.02.01 06:45:00,95064.54,95070.52,95064.54,95070.52,300,45,0
2026.02.01 06:40:00,95058.54,95064.52,95058.54,95064.52,300,45,0
2026.02.01 06:35:00,95052.54,95058.52,95052.54,95058.52,300,45,0
2026.02.01 06:30:00,95046.54,95052.52,95046.54,95052.52,300,45,0
2026.02.01 06:25:00,95040.54,95046.52,95040.54,95046.52,300,45,0
2026.02.01 06:20:00,95034.54,95040.52,95034.54,95040.52,300,45,0
2026.02.01 06:15:00,95028.54,95034.52,95028.54,95034.52,300,45,0
2026.02.01 06:10:00,95022.54,95028.52,95022.54,95028.52,300,45,0
2026.02.01 06:05:00,95033.49,95039.19,95022.26,95022.52,300,45,0
2026.02.01 06:00:00,95027.49,95033.47,95027.49,95033.47,300,45,0
2026.02.01 05:55:00,95021.49,95027.47,95021.49,95027.47,300,45,0
2026.02.01 05:50:00,95043.97,95044.69,95016.23,95021.47,300,45,0
2026.02.01 05:45:00,95074.28,95077.40,95041.11,95043.95,300,45,0
2026.02.01 05:40:00,95068.28,95074.26,95068.28,95074.26,300,45,0
2026.02.01 05:35:00,95062.28,95068.26,95062.28,95068.26,300,45,0
2026.02.01 05:30:00,95056.28,95062.26,95056.28,95062.26,300,45,0
2026.02.01 05:25:00,95050.28,95056.26,95050.28,95056.26,300,45,0
2026.02.01 05:20:00,95044.28,95050.26,95044.28,95050.26,300,45,0
2026.02.01 05:15:00,95038.28,95044.26,95038.28,95044.26,300,45,0
2026.02.01 05:10:00,95063.88,95063.90,95032.32,95038.26,300,45,0
2026.02.01 05:05:00,95057.88,95063.86,95057.88,95063.86,300,45,0
2026.02.01 05:00:00,95051.88,95057.86,95051.88,95057.86,300,45,0
2026.02.01 04:55:00,95045.88,95051.86,95045.88,95051.86,300,45,0
2026.02.01 04:50:00,95039.88,95045.86,95039.88,95045.86,300,45,0
2026.02.01 04:45:00,95033.88,95039.86,95033.88,95039.86,300,45,0
2026.02.01 04:40:00,95057.25,95061.15,95031.80,95033.86,300,45,0
2026.02.01 04:35:00,95051.25,95057.23,95051.25,95057.23,300,45,0
2026.02.01 04:30:00,95075.07,95075.71,95045.91,95051.23,300,45,0
2026.02.01 04:25:00,95083.79,95086.79,95072.09,95075.05,300,45,0
2026.02.01 04:20:00,95077.79,95083.77,95077.79,95083.77,300,45,0
2026.02.01 04:15:00,95071.79,95077.77,95071.79,95077.77,300,45,0
2026.02.01 04:10:00,95087.57,95090.93,95069.17,95071.77,300,45,0
2026.02.01 04:05:00,95081.57,95087.55,95081.57,95087.55,300,45,0
2026.02.01 04:00:00,95075.57,95081.55,95075.57,95081.55,300,45,0
2026.02.01 03:55:00,95069.57,95075.55,95069.57,95075.55,300,45,0
2026.02.01 03:50:00,95086.00,95090.06,95067.65,95069.55,300,45,0
2026.02.01 03:45:00,95080.00,95085.98,95080.00,95085.98,300,45,0
2026.02.01 03:40:00,95074.00,95079.98,95074.00,95079.98,300,45,0
2026.02.01 03:35:00,95068.00,95073.98,95068.00,95073.98,300,45,0
2026.02.01 03:30:00,95062.00,95067.98,95062.00,95067.98,300,45,0
2026.02.01 03:25:00,95069.20,95070.18,95057.00,95061.98,300,45,0
2026.02.01 03:20:00,95063.20,95069.18,95063.20,95069.18,300,45,0
2026.02.01 03:15:00,95057.20,95063.18,95057.20,95063.18,300,45,0
2026.02.01 03:10:00,95051.20,95057.18,95051.20,95057.18,300,45,0
2026.02.01 03:05:00,95045.20,95051.18,95045.20,95051.18,300,45,0
2026.02.01 03:00:00,95039.20,95045.18,95039.20,95045.18,300,45,0
2026.02.01 02:55:00,95033.20,95039.18,95033.20,95039.18,300,45,0
2026.02.01 02:50:00,95027.20,95033.18,95027.20,95033.18,300,45,0
2026.02.01 02:45:00,95021.20,95027.18,95021.20,95027.18,300,45,0
2026.02.01 02:40:00,95015.20,95021.18,95015.20,95021.18,300,45,0
2026.02.01 02:35:00,95009.20,95015.18,95009.20,95015.18,300,45,0
2026.02.01 02:30:00,95003.20,95009.18,95003.20,95009.18,300,45,0
2026.02.01 02:25:00,94997.20,95003.18,94997.20,95003.18,300,45,0
2026.02.01 02:20:00,94991.20,94997.18,94991.20,94997.18,300,45,0
2026.02.01 02:15:00,94985.20,94991.18,94985.20,94991.18,300,45,0
2026.02.01 02:10:00,94979.20,94985.18,94979.20,94985.18,300,45,0
2026.02.01 02:05:00,94973.20,94979.18,94973.20,94979.18,300,45,0
2026.02.01 02:00:00,94967.20,94973.18,94967.20,94973.18,300,45,0
2026.02.01 01:55:00,94961.20,94967.18,94961.20,94967.18,300,45,0
2026.02.01 01:50:00,94955.20,94961.18,94955.20,94961.18,300,45,0
2026.02.01 01:45:00,94949.20,94955.18,94949.20,94955.18,300,45,0
2026.02.01 01:40:00,94943.20,94949.18,94943.20,94949.18,300,45,0
2026.02.01 01:35:00,94937.20,94943.18,94937.20,94943.18,300,45,0
2026.02.01 01:30:00,94951.92,94953.46,94932.76,94937.18,300,45,0
2026.02.01 01:25:00,94986.69,94987.29,94949.40,94951.90,300,45,0
2026.02.01 01:20:00,94996.31,94997.47,94981.87,94986.67,300,45,0
2026.02.01 01:15:00,95026.71,95030.71,94995.97,94996.29,300,45,0
2026.02.01 01:10:00,95041.54,95043.62,95022.81,95026.69,300,45,0
2026.02.01 01:05:00,95035.54,95041.52,95035.54,95041.52,300,45,0
2026.02.01 01:00:00,95057.19,95063.05,95035.42,95035.52,300,45,0
2026.02.01 00:55:00,95051.19,95057.17,95051.19,95057.17,300,45,0
2026.02.01 00:50:00,95078.91,95081.99,95048.29,95051.17,300,45,0
2026.02.01 00:45:00,95089.13,95090.73,95074.53,95078.89,300,45,0
2026.02.01 00:40:00,95102.03,95105.53,95086.65,95089.11,300,45,0
2026.02.01 00:35:00,95096.03,95102.01,95096.03,95102.01,300,45,0
2026.02.01 00:30:00,95090.03,95096.01,95090.03,95096.01,300,45,0
2026.02.01 00:25:00,95084.03,95090.01,95084.03,95090.01,300,45,0
2026.02.01 00:20:00,95091.75,95093.31,95079.61,95084.01,300,45,0
2026.02.01 00:15:00,95085.75,95091.73,95085.75,95091.73,300,45,0
2026.02.01 00:10:00,95093.30,95097.66,95084.13,95085.73,300,45,0
2026.02.01 00:05:00,95087.30,95093.28,95087.30,95093.28,300,45,0
2026.02.01 00:00:00,95108.62,95112.04,95084.74,95087.28,300,45,0
2026.01.31 23:55:00,95102.62,95108.60,95102.62,95108.60,300,45,0
2026.01.31 23:50:00,95096.62,95102.60,95096.62,95102.60,300,45,0
2026.01.31 23:45:00,95103.04,95105.04,95092.64,95096.60,300,45,0
2026.01.31 23:40:00,95097.04,95103.02,95097.04,95103.02,300,45,0
2026.01.31 23:35:00,95091.04,95097.02,95091.04,95097.02,300,45,0
2026.01.31 23:30:00,95085.04,95091.02,95085.04,95091.02,300,45,0
2026.01.31 23:25:00,95079.04,95085.02,95079.04,95085.02,300,45,0
2026.01.31 23:20:00,95073.04,95079.02,95073.04,95079.02,300,45,0
2026.01.31 23:15:00,95067.04,95073.02,95067.04,95073.02,300,45,0
2026.01.31 23:10:00,95061.04,95067.02,95061.04,95067.02,300,45,0
2026.01.31 23:05:00,95055.04,95061.02,95055.04,95061.02,300,45,0
2026.01.31 23:00:00,95049.04,95055.02,95049.04,95055.02,300,45,0
2026.01.31 22:55:00,95043.04,95049.02,95043.04,95049.02,300,45,0
2026.01.31 22:50:00,95037.04,95043.02,95037.04,95043.02,300,45,0
2026.01.31 22:45:00,95031.04,95037.02,95031.04,95037.02,300,45,0
2026.01.31 22:40:00,95025.04,95031.02,95025.04,95031.02,300,45,0
2026.01.31 22:35:00,95037.36,95042.40,95024.10,95025.02,300,45,0
2026.01.31 22:30:00,95031.36,95037.34,95031.36,95037.34,300,45,0
2026.01.31 22:25:00,95025.36,95031.34,95025.36,95031.34,300,45,0
2026.01.31 22:20:00,95019.36,95025.34,95019.36,95025.34,300,45,0
2026.01.31 22:15:00,95013.36,95019.34,95013.36,95019.34,300,45,0
2026.01.31 22:10:00,95007.36,95013.34,95007.36,95013.34,300,45,0
2026.01.31 22:05:00,95001.36,95007.34,95001.36,95007.34,300,45,0
2026.01.31 22:00:00,94995.36,95001.34,94995.36,95001.34,300,45,0
2026.01.31 21:55:00,95015.73,95019.73,94993.38,94995.34,300,45,0
2026.01.31 21:50:00,95009.73,95015.71,95009.73,95015.71,300,45,0
2026.01.31 21:45:00,95003.73,95009.71,95003.73,95009.71,300,45,0
2026.01.31 21:40:00,94997.73,95003.71,94997.73,95003.71,300,45,0
2026.01.31 21:35:00,94991.73,94997.71,94991.73,94997.71,300,45,0
2026.01.31 21:30:00,94985.73,94991.71,94985.73,94991.71,300,45,0
2026.01.31 21:25:00,94979.73,94985.71,94979.73,94985.71,300,45,0
2026.01.31 21:20:00,94973.73,94979.71,94973.73,94979.71,300,45,0
2026.01.31 21:15:00,94967.73,94973.71,94967.73,94973.71,300,45,0
2026.01.31 21:10:00,94961.73,94967.71,94961.73,94967.71,300,45,0
2026.01.31 21:05:00,94955.73,94961.71,94955.73,94961.71,300,45,0
2026.01.31 21:00:00,94949.73,94955.71,94949.73,94955.71,300,45,0
2026.01.31 20:55:00,94943.73,94949.71,94943.73,94949.71,300,45,0
2026.01.31 20:50:00,94937.73,94943.71,94937.73,94943.71,300,45,0
2026.01.31 20:45:00,94931.73,94937.71,94931.73,94937.71,300,45,0
2026.01.31 20:40:00,94925.73,94931.71,94925.73,94931.71,300,45,0
2026.01.31 20:35:00,94919.73,94925.71,94919.73,94925.71,300,45,0
2026.01.31 20:30:00,94943.72,94944.14,94917.97,94919.71,300,45,0
2026.01.31 20:25:00,94937.72,94943.70,94937.72,94943.70,300,45,0
2026.01.31 20:20:00,94960.55,94961.97,94933.16,94937.70,300,45,0
2026.01.31 20:15:00,94954.55,94960.53,94954.55,94960.53,300,45,0
2026.01.31 20:10:00,94948.55,94954.53,94948.55,94954.53,300,45,0
2026.01.31 20:05:00,94942.55,94948.53,94942.55,94948.53,300,45,0
2026.01.31 20:00:00,94936.55,94942.53,94936.55,94942.53,300,45,0
2026.01.31 19:55:00,94930.55,94936.53,94930.55,94936.53,300,45,0
2026.01.31 19:50:00,94924.55,94930.53,94924.55,94930.53,300,45,0
2026.01.31 19:45:00,94918.55,94924.53,94918.55,94924.53,300,45,0
2026.01.31 19:40:00,94912.55,94918.53,94912.55,94918.53,300,45,0
2026.01.31 19:35:00,94906.55,94912.53,94906.55,94912.53,300,45,0
2026.01.31 19:30:00,94900.55,94906.53,94900.55,94906.53,300,45,0
2026.01.31 19:25:00,94894.55,94900.53,94894.55,94900.53,300,45,0
2026.01.31 19:20:00,94910.23,94911.63,94889.97,94894.53,300,45,0
2026.01.31 19:15:00,94904.23,94910.21,94904.23,94910.21,300,45,0
2026.01.31 19:10:00,94898.23,94904.21,94898.23,94904.21,300,45,0
2026.01.31 19:05:00,94892.23,94898.21,94892.23,94898.21,300,45,0
2026.01.31 19:00:00,94922.49,94924.33,94888.09,94892.21,300,45,0
2026.01.31 18:55:00,94916.49,94922.47,94916.49,94922.47,300,45,0
2026.01.31 18:50:00,94910.49,94916.47,94910.49,94916.47,300,45,0
2026.01.31 18:45:00,94918.13,94918.29,94904.67,94910.47,300,45,0
2026.01.31 18:40:00,94935.96,94937.18,94913.37,94918.11,300,45,0
2026.01.31 18:35:00,94929.96,94935.94,94929.96,94935.94,300,45,0
2026.01.31 18:30:00,94923.96,94929.94,94923.96,94929.94,300,45,0
2026.01.31 18:25:00,94917.96,94923.94,94917.96,94923.94,300,45,0
2026.01.31 18:20:00,94911.96,94917.94,94911.96,94917.94,300,45,0
2026.01.31 18:15:00,94950.93,94953.39,94910.44,94911.94,300,45,0
2026.01.31 18:10:00,94944.93,94950.91,94944.93,94950.91,300,45,0
2026.01.31 18:05:00,94938.93,94944.91,94938.93,94944.91,300,45,0
2026.01.31 18:00:00,94932.93,94938.91,94932.93,94938.91,300,45,0
2026.01.31 17:55:00,94926.93,94932.91,94926.93,94932.91,300,45,0
2026.01.31 17:50:00,94947.26,94952.98,94926.67,94926.91,300,45,0
2026.01.31 17:45:00,94941.26,94947.24,94941.26,94947.24,300,45,0
2026.01.31 17:40:00,94951.50,94956.98,94940.76,94941.24,300,45,0
2026.01.31 17:35:00,94945.50,94951.48,94945.50,94951.48,300,45,0
2026.01.31 17:30:00,94952.07,94952.09,94939.54,94945.48,300,45,0
2026.01.31 17:25:00,94946.07,94952.05,94946.07,94952.05,300,45,0
2026.01.31 17:20:00,94940.07,94946.05,94940.07,94946.05,300,45,0
2026.01.31 17:15:00,94934.07,94940.05,94934.07,94940.05,300,45,0
2026.01.31 17:10:00,94941.72,94946.48,94932.85,94934.05,300,45,0
2026.01.31 17:05:00,94964.92,94965.16,94935.98,94941.70,300,45,0
2026.01.31 17:00:00,94958.92,94964.90,94958.92,94964.90,300,45,0
2026.01.31 16:55:00,94952.92,94958.90,94952.92,94958.90,300,45,0
2026.01.31 16:50:00,94946.92,94952.90,94946.92,94952.90,300,45,0
2026.01.31 16:45:00,94974.16,94978.88,94945.66,94946.90,300,45,0
2026.01.31 16:40:00,94968.16,94974.14,94968.16,94974.14,300,45,0
2026.01.31 16:35:00,94962.16,94968.14,94962.16,94968.14,300,45,0
2026.01.31 16:30:00,94956.16,94962.14,94956.16,94962.14,300,45,0
2026.01.31 16:25:00,94950.16,94956.14,94950.16,94956.14,300,45,0
2026.01.31 16:20:00,94944.16,94950.14,94944.16,94950.14,300,45,0
2026.01.31 16:15:00,94938.16,94944.14,94938.16,94944.14,300,45,0
2026.01.31 16:10:00,94951.35,94951.73,94932.56,94938.14,300,45,0
2026.01.31 16:05:00,94945.35,94951.33,94945.35,94951.33,300,45,0
2026.01.31 16:00:00,94939.35,94945.33,94939.35,94945.33,300,45,0
2026.01.31 15:55:00,94933.35,94939.33,94933.35,94939.33,300,45,0
2026.01.31 15:50:00,94975.39,94977.31,94929.29,94933.33,300,45,0
2026.01.31 15:45:00,94969.39,94975.37,94969.39,94975.37,300,45,0
2026.01.31 15:40:00,94963.39,94969.37,94963.39,94969.37,300,45,0
2026.01.31 15:35:00,94957.39,94963.37,94957.39,94963.37,300,45,0
2026.01.31 15:30:00,94951.39,94957.37,94951.39,94957.37,300,45,0
2026.01.31 15:25:00,95006.57,95011.17,94950.01,94951.37,300,45,0
2026.01.31 15:20:00,95025.58,95026.96,95001.97,95006.55,300,45,0
2026.01.31 15:15:00,95019.58,95025.56,95019.58,95025.56,300,45,0
2026.01.31 15:10:00,95013.58,95019.56,95013.58,95019.56,300,45,0
2026.01.31 15:05:00,95007.58,95013.56,95007.58,95013.56,300,45,0
2026.01.31 15:00:00,95001.58,95007.56,95001.58,95007.56,300,45,0
2026.01.31 14:55:00,94995.58,95001.56,94995.58,95001.56,300,45,0
2026.01.31 14:50:00,95026.07,95031.55,94995.08,94995.56,300,45,0
2026.01.31 14:45:00,95020.07,95026.05,95020.07,95026.05,300,45,0
2026.01.31 14:40:00,95054.04,95058.06,95019.35,95020.05,300,45,0
2026.01.31 14:35:00,95074.86,95077.68,95050.88,95054.02,300,45,0
2026.01.31 14:30:00,95068.86,95074.84,95068.86,95074.84,300,45,0
2026.01.31 14:25:00,95062.86,95068.84,95062.86,95068.84,300,45,0
2026.01.31 14:20:00,95056.86,95062.84,95056.86,95062.84,300,45,0
2026.01.31 14:15:00,95050.86,95056.84,95050.86,95056.84,300,45,0
2026.01.31 14:10:00,95044.86,95050.84,95044.86,95050.84,300,45,0
2026.01.31 14:05:00,95038.86,95044.84,95038.86,95044.84,300,45,0
2026.01.31 14:00:00,95032.86,95038.84,95032.86,95038.84,300,45,0
2026.01.31 13:55:00,95026.86,95032.84,95026.86,95032.84,300,45,0
2026.01.31 13:50:00,95020.86,95026.84,95020.86,95026.84,300,45,0
2026.01.31 13:45:00,95041.82,95044.64,95017.70,95020.84,300,45,0
2026.01.31 13:40:00,95035.82,95041.80,95035.82,95041.80,300,45,0
2026.01.31 13:35:00,95029.82,95035.80,95029.82,95035.80,300,45,0
2026.01.31 13:30:00,95023.82,95029.80,95023.82,95029.80,300,45,0
2026.01.31 13:25:00,95032.73,95033.77,95018.88,95023.80,300,45,0
2026.01.31 13:20:00,95026.73,95032.71,95026.73,95032.71,300,45,0
2026.01.31 13:15:00,95020.73,95026.71,95020.73,95026.71,300,45,0
2026.01.31 13:10:00,95014.73,95020.71,95014.73,95020.71,300,45,0
2026.01.31 13:05:00,95008.73,95014.71,95008.73,95014.71,300,45,0
2026.01.31 13:00:00,95002.73,95008.71,95002.73,95008.71,300,45,0
2026.01.31 12:55:00,94996.73,95002.71,94996.73,95002.71,300,45,0
2026.01.31 12:50:00,94990.73,94996.71,94990.73,94996.71,300,45,0
2026.01.31 12:45:00,94984.73,94990.71,94984.73,94990.71,300,45,0
2026.01.31 12:40:00,94978.73,94984.71,94978.73,94984.71,300,45,0
2026.01.31 12:35:00,94984.83,94985.65,94973.57,94978.71,300,45,0
2026.01.31 12:30:00,94978.83,94984.81,94978.83,94984.81,300,45,0
2026.01.31 12:25:00,94972.83,94978.81,94972.83,94978.81,300,45,0
2026.01.31 12:20:00,94966.83,94972.81,94966.83,94972.81,300,45,0
2026.01.31 12:15:00,94960.83,94966.81,94960.83,94966.81,300,45,0
2026.01.31 12:10:00,94954.83,94960.81,94954.83,94960.81,300,45,0
2026.01.31 12:05:00,94948.83,94954.81,94948.83,94954.81,300,45,0
2026.01.31 12:00:00,94965.30,94970.40,94947.95,94948.81,300,45,0
2026.01.31 11:55:00,94959.30,94965.28,94959.30,94965.28,300,45,0
2026.01.31 11:50:00,94953.30,94959.28,94953.30,94959.28,300,45,0
2026.01.31 11:45:00,94947.30,94953.28,94947.30,94953.28,300,45,0
2026.01.31 11:40:00,94941.30,94947.28,94941.30,94947.28,300,45,0
2026.01.31 11:35:00,94935.30,94941.28,94935.30,94941.28,300,45,0
2026.01.31 11:30:00,94951.88,94955.80,94933.24,94935.28,300,45,0
2026.01.31 11:25:00,94945.88,94951.86,94945.88,94951.86,300,45,0
2026.01.31 11:20:00,94939.88,94945.86,94939.88,94945.86,300,45,0
2026.01.31 11:15:00,94933.88,94939.86,94933.88,94939.86,300,45,0
2026.01.31 11:10:00,94927.88,94933.86,94927.88,94933.86,300,45,0
2026.01.31 11:05:00,94921.88,94927.86,94921.88,94927.86,300,45,0
2026.01.31 11:00:00,94915.88,94921.86,94915.88,94921.86,300,45,0
2026.01.31 10:55:00,94934.64,94940.16,94915.42,94915.86,300,45,0
2026.01.31 10:50:00,94928.64,94934.62,94928.64,94934.62,300,45,0
2026.01.31 10:45:00,94922.64,94928.62,94922.64,94928.62,300,45,0
2026.01.31 10:40:00,94916.64,94922.62,94916.64,94922.62,300,45,0
2026.01.31 10:35:00,94937.01,94937.43,94911.08,94916.62,300,45,0
2026.01.31 10:30:00,94962.36,94967.78,94936.45,94936.99,300,45,0
2026.01.31 10:25:00,94956.36,94962.34,94956.36,94962.34,300,45,0
2026.01.31 10:20:00,94970.71,94971.95,94951.62,94956.34,300,45,0
2026.01.31 10:15:00,94977.22,94977.66,94965.17,94970.69,300,45,0
2026.01.31 10:10:00,94971.22,94977.20,94971.22,94977.20,300,45,0
2026.01.31 10:05:00,94965.22,94971.20,94965.22,94971.20,300,45,0
2026.01.31 10:00:00,94959.22,94965.20,94959.22,94965.20,300,45,0
2026.01.31 09:55:00,94981.55,94984.17,94955.86,94959.20,300,45,0
2026.01.31 09:50:00,94975.55,94981.53,94975.55,94981.53,300,45,0
2026.01.31 09:45:00,94969.55,94975.53,94969.55,94975.53,300,45,0
2026.01.31 09:40:00,94963.55,94969.53,94963.55,94969.53,300,45,0
2026.01.31 09:35:00,94971.71,94972.97,94958.83,94963.53,300,45,0
2026.01.31 09:30:00,94965.71,94971.69,94965.71,94971.69,300,45,0
2026.01.31 09:25:00,95005.36,95009.96,94964.33,94965.69,300,45,0
2026.01.31 09:20:00,94999.36,95005.34,94999.36,95005.34,300,45,0
2026.01.31 09:15:00,94993.36,94999.34,94993.36,94999.34,300,45,0
2026.01.31 09:10:00,94987.36,94993.34,94987.36,94993.34,300,45,0
2026.01.31 09:05:00,94981.36,94987.34,94981.36,94987.34,300,45,0
2026.01.31 09:00:00,94975.36,94981.34,94975.36,94981.34,300,45,0
2026.01.31 08:55:00,94988.39,94994.29,94975.28,94975.34,300,45,0
2026.01.31 08:50:00,94982.39,94988.37,94982.39,94988.37,300,45,0
2026.01.31 08:45:00,94976.39,94982.37,94976.39,94982.37,300,45,0
2026.01.31 08:40:00,94970.39,94976.37,94970.39,94976.37,300,45,0
2026.01.31 08:35:00,94964.39,94970.37,94964.39,94970.37,300,45,0
2026.01.31 08:30:00,94958.39,94964.37,94958.39,94964.37,300,45,0
2026.01.31 08:25:00,95008.44,95011.26,94957.73,94958.37,300,45,0
2026.01.31 08:20:00,95002.44,95008.42,95002.44,95008.42,300,45,0
2026.01.31 08:15:00,94996.44,95002.42,94996.44,95002.42,300,45,0
2026.01.31 08:10:00,94990.44,94996.42,94990.44,94996.42,300,45,0
2026.01.31 08:05:00,94984.44,94990.42,94984.44,94990.42,300,45,0
2026.01.31 08:00:00,94978.44,94984.42,94978.44,94984.42,300,45,0
2026.01.31 07:55:00,94972.44,94978.42,94972.44,94978.42,300,45,0
2026.01.31 07:50:00,94966.44,94972.42,94966.44,94972.42,300,45,0
2026.01.31 07:45:00,94977.96,94978.82,94961.32,94966.42,300,45,0
2026.01.31 07:40:00,95011.81,95016.39,94976.56,94977.94,300,45,0
2026.01.31 07:35:00,95021.91,95023.01,95006.93,95011.79,300,45,0
2026.01.31 07:30:00,95015.91,95021.89,95015.91,95021.89,300,45,0
2026.01.31 07:25:00,95009.91,95015.89,95009.91,95015.89,300,45,0
2026.01.31 07:20:00,95003.91,95009.89,95003.91,95009.89,300,45,0
2026.01.31 07:15:00,94997.91,95003.89,94997.91,95003.89,300,45,0
2026.01.31 07:10:00,94991.91,94997.89,94991.91,94997.89,300,45,0
2026.01.31 07:05:00,94985.91,94991.89,94985.91,94991.89,300,45,0
2026.01.31 07:00:00,94979.91,94985.89,94979.91,94985.89,300,45,0
2026.01.31 06:55:00,95012.98,95017.66,94978.61,94979.89,300,45,0
2026.01.31 06:50:00,95006.98,95012.96,95006.98,95012.96,300,45,0
2026.01.31 06:45:00,95030.36,95036.24,95006.88,95006.96,300,45,0
2026.01.31 06:40:00,95024.36,95030.34,95024.36,95030.34,300,45,0
2026.01.31 06:35:00,95018.36,95024.34,95018.36,95024.34,300,45,0
2026.01.31 06:30:00,95012.36,95018.34,95012.36,95018.34,300,45,0
2026.01.31 06:25:00,95006.36,95012.34,95006.36,95012.34,300,45,0
2026.01.31 06:20:00,95000.36,95006.34,95000.36,95006.34,300,45,0
2026.01.31 06:15:00,94994.36,95000.34,94994.36,95000.34,300,45,0
2026.01.31 06:10:00,95032.04,95036.58,94992.92,94994.34,300,45,0
