Time,Open,High,Low,Close,TickVolume,Spread,RealVolume
2026.02.28 23:48:00,95349.65,95358.11,95331.16,95350.84,720,78,0
2026.02.28 23:36:00,95337.59,95349.59,95316.35,95349.59,720,78,0
2026.02.28 23:24:00,95330.00,95359.64,95330.00,95337.53,720,78,0
2026.02.28 23:12:00,95432.94,95438.70,95327.24,95329.94,720,78,0
2026.02.28 23:00:00,95463.71,95473.43,95423.70,95432.88,720,78,0
2026.02.28 22:48:00,95495.00,95501.36,95449.31,95463.65,694,78,0
2026.02.28 22:36:00,95451.80,95494.94,95451.80,95494.94,720,78,0
2026.02.28 22:24:00,95435.64,95474.22,95435.64,95451.74,720,78,0
2026.02.28 22:12:00,95392.44,95435.58,95392.44,95435.58,720,78,0
2026.02.28 22:00:00,95349.24,95392.38,95349.24,95392.38,720,78,0
2026.02.28 21:48:00,95333.58,95374.44,95333.58,95349.18,720,78,0
2026.02.28 21:36:00,95356.57,95359.09,95315.63,95333.52,720,78,0
2026.02.28 21:24:00,95375.93,95388.18,95352.18,95356.51,721,78,0
2026.02.28 21:12:00,95354.38,95386.18,95354.38,95375.87,720,78,0
2026.02.28 21:00:00,95353.18,95368.28,95335.28,95354.32,720,78,0
2026.02.28 20:48:00,95346.14,95353.12,95332.40,95353.12,720,78,0
2026.02.28 20:36:00,95428.91,95442.29,95335.10,95346.08,720,78,0
2026.02.28 20:24:00,95405.71,95444.59,95405.71,95428.85,720,78,0
2026.02.28 20:12:00,95362.51,95405.65,95362.51,95405.65,720,78,0
2026.02.28 20:00:00,95350.11,95370.99,95340.25,95362.45,720,78,0
2026.02.28 19:48:00,95370.12,95381.46,95324.37,95350.05,720,78,0
2026.02.28 19:36:00,95438.49,95448.51,95365.50,95370.06,720,78,0
2026.02.28 19:24:00,95450.80,95469.10,95415.63,95438.43,720,78,0
2026.02.28 19:12:00,95483.49,95500.41,95446.96,95450.74,596,78,0
2026.02.28 19:00:00,95515.93,95537.41,95469.33,95483.43,720,78,0
2026.02.28 18:48:00,95542.39,95543.41,95504.13,95515.87,720,78,0
2026.02.28 18:36:00,95529.28,95542.33,95504.77,95542.33,720,78,0
2026.02.28 18:24:00,95587.26,95594.52,95515.60,95529.22,720,78,0
2026.02.28 18:12:00,95565.04,95607.22,95565.04,95587.20,720,78,0
2026.02.28 18:00:00,95539.05,95580.63,95539.05,95564.98,720,78,0
2026.02.28 17:48:00,95558.01,95575.95,95537.01,95538.99,720,78,0
2026.02.28 17:36:00,95539.66,95569.90,95539.66,95557.95,720,78,0
2026.02.28 17:24:00,95496.46,95539.60,95496.46,95539.60,720,78,0
2026.02.28 17:12:00,95474.06,95508.14,95474.06,95496.40,720,78,0
2026.02.28 17:00:00,95471.40,95478.30,95437.76,95474.00,721,78,0
2026.02.28 16:48:00,95475.25,95488.45,95456.82,95471.34,720,78,0
2026.02.28 16:36:00,95432.05,95475.19,95432.05,95475.19,720,78,0
2026.02.28 16:24:00,95444.43,95477.79,95425.39,95431.99,720,78,0
2026.02.28 16:12:00,95442.91,95460.79,95425.53,95444.37,720,78,0
2026.02.28 16:00:00,95452.07,95472.01,95437.69,95442.85,720,78,0
2026.02.28 15:48:00,95450.59,95452.01,95423.52,95452.01,720,78,0
2026.02.28 15:36:00,95407.39,95450.53,95407.39,95450.53,720,78,0
2026.02.28 15:24:00,95533.01,95536.19,95403.67,95407.33,720,78,0
2026.02.28 15:12:00,95573.35,95586.85,95530.49,95532.95,720,78,0
2026.02.28 15:00:00,95586.79,95598.43,95560.75,95573.29,720,78,0
2026.02.28 14:48:00,95561.77,95586.73,95561.23,95586.73,720,78,0
2026.02.28 14:36:00,95531.47,95561.71,95531.47,95561.71,720,78,0
2026.02.28 14:24:00,95488.27,95531.41,95488.27,95531.41,720,78,0
2026.02.28 14:12:00,95474.88,95502.78,95473.03,95488.21,720,78,0
2026.02.28 14:00:00,95452.00,95485.30,95452.00,95474.82,720,78,0
2026.02.28 13:48:00,95439.37,95451.94,95420.62,95451.94,720,78,0
2026.02.28 13:36:00,95464.15,95495.47,95432.29,95439.31,720,78,0
2026.02.28 13:24:00,95442.87,95471.07,95442.87,95464.09,720,78,0
2026.02.28 13:12:00,95412.11,95442.81,95412.11,95442.81,720,78,0
2026.02.28 13:00:00,95389.59,95429.85,95389.59,95412.05,720,78,0
2026.02.28 12:48:00,95346.39,95389.53,95346.39,95389.53,720,78,0
2026.02.28 12:36:00,95398.72,95416.12,95338.89,95346.33,720,78,0
2026.02.28 12:24:00,95405.53,95426.41,95382.76,95398.66,720,78,0
2026.02.28 12:12:00,95398.70,95420.06,95397.67,95405.47,720,78,0
2026.02.28 12:00:00,95455.11,95458.65,95398.22,95398.64,720,78,0
2026.02.28 11:48:00,95466.96,95477.34,95443.95,95455.05,720,78,0
2026.02.28 11:36:00,95472.71,95498.45,95458.50,95466.90,720,78,0
2026.02.28 11:24:00,95479.63,95497.39,95465.03,95472.65,720,78,0
2026.02.28 11:12:00,95463.85,95479.57,95447.71,95479.57,720,78,0
2026.02.28 11:00:00,95496.49,95506.87,95446.51,95463.79,720,78,0
2026.02.28 10:48:00,95501.69,95515.43,95486.09,95496.43,720,78,0
2026.02.28 10:36:00,95509.07,95520.23,95474.93,95501.63,720,78,0
2026.02.28 10:24:00,95517.74,95530.94,95491.25,95509.01,720,78,0
2026.02.28 10:12:00,95525.52,95537.34,95494.88,95517.68,720,78,0
2026.02.28 10:00:00,95495.21,95525.46,95495.21,95525.46,720,78,0
2026.02.28 09:48:00,95467.15,95495.15,95467.15,95495.15,720,78,0
2026.02.28 09:36:00,95486.03,95514.53,95460.85,95467.09,720,78,0
2026.02.28 09:24:00,95468.51,95485.97,95456.57,95485.97,720,78,0
2026.02.28 09:12:00,95456.34,95468.45,95440.79,95468.45,720,78,0
2026.02.28 09:00:00,95444.86,95456.28,95420.82,95456.28,720,78,0
2026.02.28 08:48:00,95427.96,95453.94,95427.70,95444.80,720,78,0
2026.02.28 08:36:00,95397.06,95427.90,95397.06,95427.90,720,78,0
2026.02.28 08:24:00,95398.41,95431.05,95390.34,95397.00,720,78,0
2026.02.28 08:12:00,95401.83,95416.02,95383.74,95398.35,720,78,0
2026.02.28 08:00:00,95441.15,95453.27,95375.13,95401.77,720,78,0
2026.02.28 07:48:00,95469.71,95473.19,95410.25,95441.09,721,78,0
2026.02.28 07:36:00,95488.65,95501.25,95443.67,95469.65,720,78,0
2026.02.28 07:24:00,95472.94,95512.12,95472.94,95488.59,720,78,0
2026.02.28 07:12:00,95494.04,95504.96,95453.62,95472.88,720,78,0
2026.02.28 07:00:00,95469.52,95493.98,95452.64,95493.98,720,78,0
2026.02.28 06:48:00,95513.44,95522.69,95457.88,95469.46,720,78,0
2026.02.28 06:36:00,95498.58,95540.70,95498.58,95513.38,720,78,0
2026.02.28 06:24:00,95527.23,95555.85,95498.28,95498.52,720,78,0
2026.02.28 06:12:00,95611.88,95616.86,95526.21,95527.17,720,78,0
2026.02.28 06:00:00,95651.00,95660.42,95601.02,95611.82,720,78,0
2026.02.28 05:48:00,95761.96,95771.38,95641.82,95650.94,720,78,0
2026.02.28 05:36:00,95742.57,95761.90,95730.04,95761.90,720,78,0
2026.02.28 05:24:00,95752.63,95762.17,95723.31,95742.51,720,78,0
2026.02.28 05:12:00,95761.48,95780.74,95739.97,95752.57,720,78,0
2026.02.28 05:00:00,95785.01,95794.01,95736.28,95761.42,720,78,0
2026.02.28 04:48:00,95806.09,95814.65,95781.11,95784.95,720,78,0
2026.02.28 04:36:00,95775.27,95810.55,95775.27,95806.03,720,78,0
2026.02.28 04:24:00,95744.37,95780.19,95744.37,95775.21,720,78,0
2026.02.28 04:12:00,95742.32,95760.38,95730.03,95744.31,720,78,0
2026.02.28 04:00:00,95719.94,95742.26,95705.78,95742.26,720,78,0
2026.02.28 03:48:00,95760.87,95772.33,95706.08,95719.88,720,78,0
2026.02.28 03:36:00,95763.46,95765.08,95738.67,95760.81,720,78,0
2026.02.28 03:24:00,95771.33,95784.71,95741.50,95763.40,720,78,0
2026.02.28 03:12:00,95792.20,95810.32,95748.65,95771.27,720,78,0
2026.02.28 03:00:00,95809.11,95826.75,95784.88,95792.14,720,78,0
2026.02.28 02:48:00,95765.91,95809.05,95765.91,95809.05,720,78,0
2026.02.28 02:36:00,95722.71,95765.85,95722.71,95765.85,720,78,0
2026.02.28 02:24:00,95748.72,95771.70,95713.05,95722.65,720,78,0
2026.02.28 02:12:00,95779.28,95780.66,95726.28,95748.66,720,78,0
2026.02.28 02:00:00,95755.12,95779.30,95755.12,95779.22,720,78,0
2026.02.28 01:48:00,95776.20,95794.74,95735.98,95755.06,720,78,0
2026.02.28 01:36:00,95745.44,95778.80,95745.44,95776.14,720,78,0
2026.02.28 01:24:00,95702.24,95745.38,95702.24,95745.38,720,78,0
2026.02.28 01:12:00,95659.04,95702.18,95659.04,95702.18,720,78,0
2026.02.28 01:00:00,95629.99,95663.95,95629.99,95658.98,720,78,0
2026.02.28 00:48:00,95699.15,95702.87,95622.61,95629.93,720,78,0
2026.02.28 00:36:00,95691.86,95719.28,95683.43,95699.09,720,78,0
2026.02.28 00:24:00,95708.12,95715.14,95682.02,95691.80,720,78,0
2026.02.28 00:12:00,95714.42,95724.87,95694.26,95708.06,720,78,0
2026.02.28 00:00:00,95742.95,95751.29,95701.94,95714.36,720,78,0
2026.02.27 23:48:00,95714.65,95742.89,95707.61,95742.89,720,78,0
2026.02.27 23:36:00,95701.49,95719.85,95689.87,95714.59,720,78,0
2026.02.27 23:24:00,95658.29,95701.43,95658.29,95701.43,720,78,0
2026.02.27 23:12:00,95668.31,95690.27,95654.63,95658.23,720,78,0
2026.02.27 23:00:00,95625.11,95668.25,95625.11,95668.25,720,78,0
2026.02.27 22:48:00,95620.55,95626.58,95600.15,95625.05,721,78,0
2026.02.27 22:36:00,95646.83,95652.17,95605.61,95620.49,720,78,0
2026.02.27 22:24:00,95698.55,95705.69,95636.99,95646.77,720,78,0
2026.02.27 22:12:00,95730.70,95742.88,95674.19,95698.49,720,78,0
2026.02.27 22:00:00,95700.57,95731.83,95700.57,95730.64,720,78,0
2026.02.27 21:48:00,95790.34,95805.52,95696.07,95700.51,720,78,0
2026.02.27 21:36:00,95769.24,95798.52,95769.24,95790.28,720,78,0
2026.02.27 21:24:00,95784.02,95789.78,95737.02,95769.18,720,78,0
2026.02.27 21:12:00,95740.82,95783.96,95740.82,95783.96,720,78,0
2026.02.27 21:00:00,95739.01,95779.87,95739.01,95740.76,720,78,0
2026.02.27 20:48:00,95747.20,95769.52,95720.35,95738.95,720,78,0
2026.02.27 20:36:00,95749.10,95759.93,95732.62,95747.14,720,78,0
2026.02.27 20:24:00,95817.31,95817.67,95734.40,95749.04,720,78,0
2026.02.27 20:12:00,95774.11,95817.25,95774.11,95817.25,720,78,0
2026.02.27 20:00:00,95774.71,95784.10,95747.98,95774.05,720,78,0
2026.02.27 19:48:00,95752.74,95774.65,95736.31,95774.65,720,78,0
2026.02.27 19:36:00,95762.92,95781.94,95745.28,95752.68,720,78,0
2026.02.27 19:24:00,95750.27,95790.35,95750.27,95762.86,720,78,0
2026.02.27 19:12:00,95733.27,95750.21,95718.89,95750.21,720,78,0
2026.02.27 19:00:00,95779.60,95798.56,95728.95,95733.21,720,78,0
2026.02.27 18:48:00,95774.15,95796.95,95770.72,95779.54,720,78,0
2026.02.27 18:36:00,95749.83,95774.09,95741.45,95774.09,720,78,0
2026.02.27 18:24:00,95770.87,95788.55,95743.47,95749.77,720,78,0
2026.02.27 18:12:00,95727.67,95770.81,95727.67,95770.81,720,78,0
2026.02.27 18:00:00,95700.22,95727.61,95700.22,95727.61,720,78,0
2026.02.27 17:48:00,95676.94,95700.16,95673.58,95700.16,720,78,0
2026.02.27 17:36:00,95657.14,95686.72,95657.14,95676.88,720,78,0
2026.02.27 17:24:00,95697.56,95711.96,95654.50,95657.08,720,78,0
2026.02.27 17:12:00,95673.46,95709.04,95673.46,95697.50,720,78,0
2026.02.27 17:00:00,95668.09,95674.45,95636.68,95673.40,720,78,0
2026.02.27 16:48:00,95647.56,95671.20,95647.56,95668.03,720,78,0
2026.02.27 16:36:00,95635.45,95660.65,95627.53,95647.50,720,78,0
2026.02.27 16:24:00,95592.25,95635.39,95592.25,95635.39,720,78,0
2026.02.27 16:12:00,95573.55,95601.03,95573.55,95592.19,720,78,0
2026.02.27 16:00:00,95666.47,95667.43,95573.37,95573.49,720,78,0
2026.02.27 15:48:00,95698.79,95719.73,95666.11,95666.41,720,78,0
2026.02.27 15:36:00,95708.39,95718.47,95685.38,95698.73,720,78,0
2026.02.27 15:24:00,95705.80,95744.44,95705.80,95708.33,720,78,0
2026.02.27 15:12:00,95684.49,95705.74,95676.58,95705.74,720,78,0
2026.02.27 15:00:00,95667.14,95703.62,95667.14,95684.43,720,78,0
2026.02.27 14:48:00,95646.61,95677.63,95646.61,95667.08,720,78,0
2026.02.27 14:36:00,95603.41,95646.55,95603.41,95646.55,720,78,0
2026.02.27 14:24:00,95584.13,95603.35,95562.43,95603.35,720,78,0
2026.02.27 14:12:00,95605.79,95624.87,95566.67,95584.07,720,78,0
2026.02.27 14:00:00,95581.94,95605.73,95581.94,95605.73,720,78,0
2026.02.27 13:48:00,95538.74,95581.88,95538.74,95581.88,720,78,0
2026.02.27 13:36:00,95543.15,95558.95,95526.80,95538.68,720,78,0
2026.02.27 13:24:00,95565.28,95568.46,95505.53,95543.09,720,78,0
2026.02.27 13:12:00,95580.81,95592.03,95534.08,95565.22,720,78,0
2026.02.27 13:00:00,95621.78,95630.54,95570.49,95580.75,720,78,0
2026.02.27 12:48:00,95578.58,95621.72,95578.58,95621.72,720,78,0
2026.02.27 12:36:00,95535.38,95578.52,95535.38,95578.52,720,78,0
2026.02.27 12:24:00,95515.10,95535.32,95512.10,95535.32,720,78,0
2026.02.27 12:12:00,95485.13,95515.04,95476.46,95515.04,720,78,0
2026.02.27 12:00:00,95507.64,95530.25,95479.01,95485.07,720,78,0
2026.02.27 11:48:00,95496.57,95507.58,95482.33,95507.58,720,78,0
2026.02.27 11:36:00,95514.16,95548.00,95493.09,95496.51,720,78,0
2026.02.27 11:24:00,95499.25,95524.93,95496.70,95514.10,720,78,0
2026.02.27 11:12:00,95542.85,95546.57,95496.73,95499.19,720,78,0
2026.02.27 11:00:00,95522.58,95542.79,95508.95,95542.79,720,78,0
2026.02.27 10:48:00,95510.73,95535.12,95493.66,95522.52,720,78,0
2026.02.27 10:36:00,95525.06,95533.10,95504.79,95510.67,720,78,0
2026.02.27 10:24:00,95497.38,95525.00,95492.00,95525.00,720,78,0
2026.02.27 10:12:00,95517.21,95518.29,95476.70,95497.32,720,78,0
2026.02.27 10:00:00,95547.67,95562.43,95512.05,95517.15,720,78,0
2026.02.27 09:48:00,95623.24,95631.94,95543.71,95547.61,720,78,0
2026.02.27 09:36:00,95596.05,95631.57,95596.05,95623.18,720,78,0
2026.02.27 09:24:00,95601.02,95629.52,95583.39,95595.99,720,78,0
2026.02.27 09:12:00,95622.71,95633.08,95589.56,95600.96,720,78,0
2026.02.27 09:00:00,95579.51,95622.65,95579.51,95622.65,720,78,0
2026.02.27 08:48:00,95561.94,95579.52,95553.95,95579.45,720,78,0
2026.02.27 08:36:00,95574.48,95581.14,95536.80,95561.88,720,78,0
2026.02.27 08:24:00,95566.07,95574.42,95549.93,95574.42,720,78,0
2026.02.27 08:12:00,95522.87,95566.01,95522.87,95566.01,720,78,0
2026.02.27 08:00:00,95561.49,95588.49,95520.71,95522.81,720,78,0
2026.02.27 07:48:00,95625.79,95630.77,95552.73,95561.43,720,78,0
2026.02.27 07:36:00,95629.96,95646.04,95614.69,95625.73,720,78,0
2026.02.27 07:24:00,95586.76,95629.90,95586.76,95629.90,720,78,0
2026.02.27 07:12:00,95543.56,95586.70,95543.56,95586.70,720,78,0
2026.02.27 07:00:00,95560.20,95594.10,95538.10,95543.50,720,78,0
2026.02.27 06:48:00,95613.15,95613.69,95559.24,95560.14,720,78,0
2026.02.27 06:36:00,95569.95,95613.09,95569.95,95613.09,720,78,0
2026.02.27 06:24:00,95583.65,95606.15,95558.73,95569.89,720,78,0
2026.02.27 06:12:00,95556.60,95583.59,95554.37,95583.59,720,78,0
2026.02.27 06:00:00,95533.88,95556.80,95533.88,95556.54,720,78,0
2026.02.27 05:48:00,95490.68,95533.82,95490.68,95533.82,720,78,0
2026.02.27 05:36:00,95550.70,95551.01,95484.44,95490.62,720,78,0
2026.02.27 05:24:00,95507.50,95550.64,95507.50,95550.64,720,78,0
2026.02.27 05:12:00,95513.23,95552.41,95504.86,95507.44,720,78,0
2026.02.27 05:00:00,95470.03,95513.17,95470.03,95513.17,720,78,0
2026.02.27 04:48:00,95486.28,95500.98,95455.21,95469.97,720,78,0
2026.02.27 04:36:00,95499.16,95519.08,95482.14,95486.22,720,78,0
2026.02.27 04:24:00,95483.78,95499.98,95472.22,95499.10,720,78,0
2026.02.27 04:12:00,95458.91,95494.31,95458.91,95483.72,720,78,0
2026.02.27 04:00:00,95467.62,95483.64,95456.79,95458.85,720,78,0
2026.02.27 03:48:00,95445.84,95467.56,95437.20,95467.56,720,78,0
2026.02.27 03:36:00,95467.40,95471.12,95428.62,95445.78,720,78,0
2026.02.27 03:24:00,95424.20,95467.34,95424.20,95467.34,720,78,0
2026.02.27 03:12:00,95451.26,95461.76,95418.50,95424.14,720,78,0
2026.02.27 03:00:00,95424.06,95451.20,95414.96,95451.20,720,78,0
2026.02.27 02:48:00,95440.59,95443.95,95410.42,95424.00,720,78,0
2026.02.27 02:36:00,95464.17,95478.06,95424.57,95440.53,720,78,0
2026.02.27 02:24:00,95463.56,95477.60,95447.79,95464.11,720,78,0
2026.02.27 02:12:00,95434.44,95468.16,95434.44,95463.50,720,78,0
2026.02.27 02:00:00,95450.71,95454.43,95415.60,95434.38,720,78,0
2026.02.27 01:48:00,95481.25,95496.31,95450.65,95450.65,720,78,0
2026.02.27 01:36:00,95438.05,95481.19,95438.05,95481.19,720,78,0
2026.02.27 01:24:00,95410.38,95446.32,95410.38,95437.99,720,78,0
2026.02.27 01:12:00,95387.30,95427.62,95387.30,95410.32,720,78,0
2026.02.27 01:00:00,95404.98,95414.53,95376.92,95387.24,720,78,0
2026.02.27 00:48:00,95390.95,95404.92,95384.04,95404.92,720,78,0
2026.02.27 00:36:00,95347.75,95390.89,95347.75,95390.89,720,78,0
2026.02.27 00:24:00,95319.96,95347.69,95314.69,95347.69,720,78,0
2026.02.27 00:12:00,95372.89,95372.89,95297.28,95319.90,720,78,0
2026.02.27 00:00:00,95329.69,95372.83,95329.69,95372.83,720,78,0
2026.02.26 23:48:00,95325.00,95351.28,95312.83,95329.63,720,78,0
2026.02.26 23:36:00,95305.16,95335.28,95305.16,95324.94,720,78,0
2026.02.26 23:24:00,95321.54,95327.36,95285.78,95305.10,720,78,0
2026.02.26 23:12:00,95366.78,95382.08,95313.98,95321.48,720,78,0
2026.02.26 23:00:00,95323.58,95366.72,95323.58,95366.72,720,78,0
2026.02.26 22:48:00,95352.49,95378.29,95316.38,95323.52,720,78,0
2026.02.26 22:36:00,95336.98,95367.28,95336.98,95352.43,720,78,0
2026.02.26 22:24:00,95306.45,95348.57,95306.45,95336.92,720,78,0
2026.02.26 22:12:00,95303.01,95320.46,95289.80,95306.39,720,78,0
2026.02.26 22:00:00,95314.21,95338.39,95297.37,95302.95,720,78,0
2026.02.26 21:48:00,95310.29,95325.44,95299.93,95314.15,720,78,0
2026.02.26 21:36:00,95291.33,95311.55,95287.37,95310.23,720,78,0
2026.02.26 21:24:00,95343.11,95362.25,95279.33,95291.27,720,78,0
2026.02.26 21:12:00,95336.58,95358.60,95321.99,95343.05,720,78,0
2026.02.26 21:00:00,95293.38,95336.52,95293.38,95336.52,720,78,0
2026.02.26 20:48:00,95296.44,95322.12,95282.22,95293.32,720,78,0
2026.02.26 20:36:00,95281.12,95317.42,95281.12,95296.38,720,78,0
2026.02.26 20:24:00,95293.94,95296.10,95252.80,95281.06,720,78,0
2026.02.26 20:12:00,95354.84,95355.80,95269.82,95293.88,720,78,0
2026.02.26 20:00:00,95361.76,95380.72,95341.28,95354.78,720,78,0
2026.02.26 19:48:00,95359.23,95398.41,95359.23,95380.89,720,78,0
2026.02.26 19:36:00,95425.48,95429.74,95355.87,95359.17,720,78,0
2026.02.26 19:24:00,95382.28,95425.42,95382.28,95425.42,720,78,0
2026.02.26 19:12:00,95339.08,95382.22,95339.08,95382.22,720,78,0
2026.02.26 19:00:00,95463.73,95465.41,95338.84,95339.02,720,78,0
2026.02.26 18:48:00,95420.53,95463.67,95420.53,95463.67,720,78,0
2026.02.26 18:36:00,95432.00,95432.60,95397.07,95420.47,720,78,0
2026.02.26 18:24:00,95388.80,95431.94,95388.80,95431.94,720,78,0
2026.02.26 18:12:00,95397.04,95405.50,95366.22,95388.74,720,78,0
2026.02.26 18:00:00,95450.83,95464.81,95386.18,95396.98,720,78,0
2026.02.26 17:48:00,95447.69,95469.85,95439.55,95450.77,720,78,0
2026.02.26 17:36:00,95464.42,95481.48,95441.09,95447.63,720,78,0
2026.02.26 17:24:00,95456.88,95467.74,95433.22,95464.36,720,78,0
2026.02.26 17:12:00,95413.68,95456.82,95413.68,95456.82,720,78,0
2026.02.26 17:00:00,95384.62,95426.32,95384.62,95413.62,720,78,0
2026.02.26 16:48:00,95366.05,95387.23,95362.66,95384.56,720,78,0
2026.02.26 16:36:00,95387.78,95390.54,95350.74,95365.99,720,78,0
2026.02.26 16:24:00,95402.17,95410.39,95383.01,95387.72,720,78,0
2026.02.26 16:12:00,95406.81,95408.61,95376.31,95402.11,720,78,0
2026.02.26 16:00:00,95424.60,95450.58,95402.07,95406.75,720,78,0
2026.02.26 15:48:00,95463.75,95478.21,95400.96,95424.54,720,78,0
2026.02.26 15:36:00,95478.23,95505.00,95463.15,95463.69,720,78,0
2026.02.26 15:24:00,95497.17,95522.73,95475.35,95478.17,720,78,0
2026.02.26 15:12:00,95511.02,95516.38,95490.75,95497.11,720,78,0
2026.02.26 15:00:00,95536.01,95551.97,95491.52,95510.96,720,78,0
2026.02.26 14:48:00,95492.81,95535.95,95492.81,95535.95,720,78,0
2026.02.26 14:36:00,95537.85,95539.89,95492.69,95492.75,720,78,0
2026.02.26 14:24:00,95494.65,95537.79,95494.65,95537.79,720,78,0
2026.02.26 14:12:00,95482.35,95525.19,95482.35,95494.59,720,78,0
2026.02.26 14:00:00,95466.71,95482.29,95439.75,95482.29,720,78,0
2026.02.26 13:48:00,95454.44,95468.78,95438.54,95466.65,720,78,0
2026.02.26 13:36:00,95411.24,95454.38,95411.24,95454.38,720,78,0
2026.02.26 13:24:00,95428.15,95441.41,95409.46,95411.18,720,78,0
2026.02.26 13:12:00,95384.95,95428.09,95384.95,95428.09,720,78,0
2026.02.26 13:00:00,95374.77,95384.89,95352.19,95384.89,720,78,0
2026.02.26 12:48:00,95410.48,95420.80,95369.25,95374.71,720,78,0
2026.02.26 12:36:00,95426.09,95451.47,95406.94,95410.42,720,78,0
2026.02.26 12:24:00,95396.20,95426.03,95389.49,95426.03,720,78,0
2026.02.26 12:12:00,95368.99,95396.14,95356.72,95396.14,720,78,0
2026.02.26 12:00:00,95379.00,95399.24,95363.72,95368.93,720,78,0
2026.02.26 11:48:00,95413.63,95416.93,95372.88,95378.94,720,78,0
2026.02.26 11:36:00,95370.43,95413.57,95370.43,95413.57,720,78,0
2026.02.26 11:24:00,95327.23,95370.37,95327.23,95370.37,720,78,0
2026.02.26 11:12:00,95376.11,95393.63,95310.13,95327.17,720,78,0
2026.02.26 11:00:00,95373.26,95391.92,95366.36,95376.05,720,78,0
2026.02.26 10:48:00,95344.33,95373.20,95336.90,95373.20,720,78,0
2026.02.26 10:36:00,95387.44,95389.72,95312.05,95344.27,720,78,0
2026.02.26 10:24:00,95368.29,95408.55,95368.29,95387.38,720,78,0
2026.02.26 10:12:00,95393.05,95404.69,95342.91,95368.23,720,78,0
2026.02.26 10:00:00,95399.11,95410.21,95365.33,95392.99,720,78,0
2026.02.26 09:48:00,95466.72,95467.14,95391.85,95399.05,720,78,0
2026.02.26 09:36:00,95440.69,95469.13,95440.69,95466.66,720,78,0
2026.02.26 09:24:00,95397.85,95440.63,95397.85,95440.63,714,78,0
2026.02.26 09:12:00,95392.58,95429.30,95391.43,95397.79,720,78,0
2026.02.26 09:00:00,95428.16,95433.38,95363.36,95392.52,720,78,0
2026.02.26 08:48:00,95421.28,95429.86,95393.60,95428.10,720,78,0
2026.02.26 08:36:00,95410.23,95435.97,95403.88,95421.22,720,78,0
2026.02.26 08:24:00,95366.97,95410.17,95366.97,95410.17,721,78,0
2026.02.26 08:12:00,95380.40,95384.24,95355.51,95366.91,720,78,0
2026.02.26 08:00:00,95411.20,95424.28,95371.82,95380.34,720,78,0
2026.02.26 07:48:00,95368.00,95411.14,95368.00,95411.14,720,78,0
2026.02.26 07:36:00,95324.80,95367.94,95324.80,95367.94,720,78,0
2026.02.26 07:24:00,95330.43,95340.49,95313.22,95324.74,720,78,0
2026.02.26 07:12:00,95331.33,95332.23,95304.18,95330.37,720,78,0
2026.02.26 07:00:00,95387.37,95412.51,95330.55,95331.27,720,78,0
2026.02.26 06:48:00,95366.40,95402.76,95366.40,95387.31,720,78,0
2026.02.26 06:36:00,95411.61,95416.11,95334.66,95366.34,720,78,0
2026.02.26 06:24:00,95414.78,95433.98,95398.83,95411.55,720,78,0
2026.02.26 06:12:00,95371.58,95414.72,95371.58,95414.72,720,78,0
2026.02.26 06:00:00,95436.66,95439.12,95357.60,95371.52,720,78,0
2026.02.26 05:48:00,95393.46,95436.60,95393.46,95436.60,720,78,0
2026.02.26 05:36:00,95370.00,95393.40,95352.18,95393.40,720,78,0
2026.02.26 05:24:00,95432.61,95439.18,95362.02,95369.94,720,78,0
2026.02.26 05:12:00,95412.70,95432.55,95402.61,95432.55,720,78,0
2026.02.26 05:00:00,95472.73,95478.49,95410.30,95412.64,720,78,0
2026.02.26 04:48:00,95458.85,95472.67,95439.67,95472.67,720,78,0
2026.02.26 04:36:00,95415.65,95458.79,95415.65,95458.79,720,78,0
2026.02.26 04:24:00,95429.51,95436.23,95394.41,95415.59,720,78,0
2026.02.26 04:12:00,95386.31,95429.45,95386.31,95429.45,720,78,0
2026.02.26 04:00:00,95402.36,95407.84,95369.44,95386.25,720,78,0
2026.02.26 03:48:00,95432.72,95432.72,95384.48,95402.30,720,78,0
2026.02.26 03:36:00,95389.52,95432.66,95389.52,95432.66,720,78,0
2026.02.26 03:24:00,95370.74,95403.74,95370.74,95389.46,720,78,0
2026.02.26 03:12:00,95364.64,95384.36,95356.52,95370.68,720,78,0
2026.02.26 03:00:00,95369.27,95376.95,95350.23,95364.58,720,78,0
2026.02.26 02:48:00,95439.21,95441.67,95356.25,95369.21,720,78,0
2026.02.26 02:36:00,95426.62,95439.15,95402.13,95439.15,720,78,0
2026.02.26 02:24:00,95411.94,95430.82,95410.78,95426.56,720,78,0
2026.02.26 02:12:00,95446.61,95455.73,95386.32,95411.88,720,78,0
2026.02.26 02:00:00,95440.03,95456.29,95419.73,95446.55,720,78,0
2026.02.26 01:48:00,95418.93,95439.97,95398.93,95439.97,720,78,0
2026.02.26 01:36:00,95388.03,95423.01,95388.03,95418.87,720,78,0
2026.02.26 01:24:00,95407.58,95424.26,95382.63,95387.97,720,78,0
2026.02.26 01:12:00,95364.38,95407.52,95364.38,95407.52,720,78,0
2026.02.26 01:00:00,95348.23,95364.32,95330.30,95364.32,720,78,0
2026.02.26 00:48:00,95369.34,95374.08,95341.75,95348.17,720,78,0
2026.02.26 00:36:00,95341.09,95369.28,95341.09,95369.28,720,78,0
2026.02.26 00:24:00,95357.52,95370.84,95334.01,95341.03,720,78,0
2026.02.26 00:12:00,95333.65,95357.46,95333.65,95357.46,720,78,0
2026.02.26 00:00:00,95361.08,95378.00,95333.47,95333.59,720,78,0
2026.02.25 23:48:00,95344.61,95361.02,95324.06,95361.02,720,78,0
2026.02.25 23:36:00,95301.41,95344.55,95301.41,95344.55,720,78,0
2026.02.25 23:24:00,95276.55,95318.67,95276.55,95301.35,721,78,0
2026.02.25 23:12:00,95285.81,95291.75,95253.09,95276.49,720,78,0
2026.02.25 23:00:00,95270.61,95294.07,95255.73,95285.75,720,78,0
2026.02.25 22:48:00,95227.41,95270.55,95227.41,95270.55,720,78,0
2026.02.25 22:36:00,95249.87,95250.35,95213.37,95227.35,720,78,0
2026.02.25 22:24:00,95219.54,95249.81,95216.09,95249.81,720,78,0
2026.02.25 22:12:00,95247.40,95255.92,95212.82,95219.48,720,78,0
2026.02.25 22:00:00,95258.00,95278.76,95241.38,95247.34,720,78,0
2026.02.25 21:48:00,95303.21,95318.03,95256.98,95257.94,720,78,0
2026.02.25 21:36:00,95298.09,95331.09,95296.79,95303.15,720,78,0
2026.02.25 21:24:00,95334.89,95342.21,95293.12,95298.03,720,78,0
2026.02.25 21:12:00,95333.46,95351.88,95312.09,95334.83,720,78,0
2026.02.25 21:00:00,95304.88,95333.40,95304.88,95333.40,720,78,0
2026.02.25 20:48:00,95276.90,95304.82,95268.88,95304.82,720,78,0
2026.02.25 20:36:00,95259.25,95276.84,95238.56,95276.84,720,78,0
2026.02.25 20:24:00,95290.86,95313.66,95255.65,95259.19,720,78,0
2026.02.25 20:12:00,95305.65,95318.43,95273.94,95290.80,720,78,0
2026.02.25 20:00:00,95329.22,95337.56,95296.35,95305.59,720,78,0
2026.02.25 19:48:00,95321.23,95329.16,95287.46,95329.16,720,78,0
2026.02.25 19:36:00,95397.06,95398.02,95310.97,95321.17,720,78,0
2026.02.25 19:24:00,95369.71,95397.00,95369.71,95397.00,720,78,0
2026.02.25 19:12:00,95385.29,95408.45,95355.13,95369.65,720,78,0
2026.02.25 19:00:00,95342.09,95385.23,95342.09,95385.23,720,78,0
2026.02.25 18:48:00,95349.78,95383.92,95338.85,95342.03,720,78,0
2026.02.25 18:36:00,95321.73,95349.72,95321.73,95349.72,720,78,0
2026.02.25 18:24:00,95332.41,95354.67,95303.01,95321.67,720,78,0
2026.02.25 18:12:00,95317.33,95350.15,95317.33,95332.35,720,78,0
2026.02.25 18:00:00,95349.49,95376.43,95312.77,95317.27,720,78,0
2026.02.25 17:48:00,95334.84,95374.62,95334.84,95349.43,720,78,0
2026.02.25 17:36:00,95341.16,95353.28,95306.10,95334.78,720,78,0
2026.02.25 17:24:00,95324.06,95348.78,95322.74,95341.10,720,78,0
2026.02.25 17:12:00,95280.86,95324.00,95280.86,95324.00,720,78,0
2026.02.25 17:00:00,95270.48,95280.80,95251.46,95280.80,720,78,0
2026.02.25 16:48:00,95273.51,95306.21,95262.74,95270.42,720,78,0
2026.02.25 16:36:00,95259.31,95274.19,95245.25,95273.45,720,78,0
2026.02.25 16:24:00,95255.35,95273.65,95240.77,95259.25,720,78,0
2026.02.25 16:12:00,95314.32,95340.06,95251.63,95255.29,720,78,0
2026.02.25 16:00:00,95289.09,95314.26,95288.82,95314.26,720,78,0
2026.02.25 15:48:00,95304.39,95304.63,95262.63,95289.03,720,78,0
2026.02.25 15:36:00,95309.62,95315.80,95276.73,95304.33,720,78,0
2026.02.25 15:24:00,95341.61,95348.03,95307.10,95309.56,720,78,0
2026.02.25 15:12:00,95347.13,95362.05,95330.37,95341.55,720,78,0
2026.02.25 15:00:00,95331.01,95347.63,95320.61,95347.07,720,78,0
2026.02.25 14:48:00,95310.45,95332.35,95309.77,95330.95,720,78,0
2026.02.25 14:36:00,95289.41,95323.73,95289.41,95310.39,720,78,0
2026.02.25 14:24:00,95332.07,95354.09,95280.89,95289.35,720,78,0
2026.02.25 14:12:00,95302.47,95333.97,95302.47,95332.01,720,78,0
2026.02.25 14:00:00,95378.85,95378.91,95301.45,95302.41,721,78,0
2026.02.25 13:48:00,95359.14,95389.98,95359.14,95378.79,720,78,0
2026.02.25 13:36:00,95345.09,95366.03,95340.36,95359.08,720,78,0
2026.02.25 13:24:00,95301.89,95345.03,95301.89,95345.03,720,78,0
2026.02.25 13:12:00,95271.44,95301.83,95267.63,95301.83,720,78,0
2026.02.25 13:00:00,95285.79,95289.21,95236.76,95271.38,720,78,0
2026.02.25 12:48:00,95372.26,95376.28,95282.07,95285.73,720,78,0
2026.02.25 12:36:00,95396.27,95405.39,95346.04,95372.20,720,78,0
2026.02.25 12:24:00,95474.85,95479.65,95389.19,95396.21,720,78,0
2026.02.25 12:12:00,95431.65,95474.79,95431.65,95474.79,720,78,0
2026.02.25 12:00:00,95400.91,95440.03,95400.91,95431.59,720,78,0
2026.02.25 11:48:00,95357.71,95400.85,95357.71,95400.85,720,78,0
2026.02.25 11:36:00,95331.97,95359.93,95331.97,95357.65,720,78,0
2026.02.25 11:24:00,95309.00,95351.60,95309.00,95331.91,720,78,0
2026.02.25 11:12:00,95315.37,95330.55,95285.54,95308.94,720,78,0
2026.02.25 11:00:00,95322.05,95348.75,95313.63,95315.31,720,78,0
2026.02.25 10:48:00,95278.85,95321.99,95278.85,95321.99,720,78,0
2026.02.25 10:36:00,95282.90,95316.20,95273.57,95278.79,720,78,0
2026.02.25 10:24:00,95239.70,95282.84,95239.70,95282.84,720,78,0
2026.02.25 10:12:00,95262.00,95274.24,95233.29,95239.64,720,78,0
2026.02.25 10:00:00,95287.42,95288.32,95244.90,95261.94,720,78,0
2026.02.25 09:48:00,95258.92,95294.50,95258.92,95287.36,720,78,0
2026.02.25 09:36:00,95231.55,95258.86,95223.04,95258.86,720,78,0
2026.02.25 09:24:00,95250.40,95261.98,95222.91,95231.49,720,78,0
2026.02.25 09:12:00,95207.20,95250.34,95207.20,95250.34,720,78,0
2026.02.25 09:00:00,95217.42,95224.68,95176.00,95207.14,720,78,0
2026.02.25 08:48:00,95246.36,95251.22,95203.92,95217.36,720,78,0
2026.02.25 08:36:00,95253.03,95272.71,95222.90,95246.30,720,78,0
2026.02.25 08:24:00,95249.53,95268.40,95236.00,95252.97,720,78,0
2026.02.25 08:12:00,95206.33,95249.47,95206.33,95249.47,720,78,0
2026.02.25 08:00:00,95269.18,95269.60,95197.75,95206.27,720,78,0
2026.02.25 07:48:00,95225.98,95269.12,95225.98,95269.12,720,78,0
2026.02.25 07:36:00,95281.24,95291.02,95216.38,95225.92,720,78,0
2026.02.25 07:24:00,95238.04,95281.18,95238.04,95281.18,720,78,0
2026.02.25 07:12:00,95213.77,95253.97,95213.77,95237.98,720,78,0
2026.02.25 07:00:00,95257.59,95280.93,95208.97,95213.71,720,78,0
2026.02.25 06:48:00,95276.43,95284.23,95228.67,95257.53,720,78,0
2026.02.25 06:36:00,95233.23,95276.37,95233.23,95276.37,720,78,0
2026.02.25 06:24:00,95215.98,95255.34,95215.98,95233.17,720,78,0
2026.02.25 06:12:00,95189.05,95215.92,95182.44,95215.92,720,78,0
2026.02.25 06:00:00,95219.35,95224.09,95169.61,95188.99,720,78,0
2026.02.25 05:48:00,95253.84,95281.74,95215.69,95219.29,720,78,0
2026.02.25 05:36:00,95314.83,95318.01,95242.02,95253.78,720,78,0
2026.02.25 05:24:00,95325.95,95360.63,95313.09,95314.77,720,78,0
2026.02.25 05:12:00,95385.11,95399.21,95317.61,95325.89,720,78,0
2026.02.25 05:00:00,95370.95,95400.96,95368.02,95385.05,721,78,0
2026.02.25 04:48:00,95430.82,95447.98,95366.57,95370.89,720,78,0
2026.02.25 04:36:00,95528.34,95533.81,95425.42,95430.76,720,78,0
2026.02.25 04:24:00,95485.14,95528.28,95485.14,95528.28,720,78,0
2026.02.25 04:12:00,95492.65,95522.14,95483.76,95485.08,720,78,0
2026.02.25 04:00:00,95449.45,95492.59,95449.45,95492.59,720,78,0
2026.02.25 03:48:00,95459.47,95484.49,95440.69,95449.39,720,78,0
2026.02.25 03:36:00,95451.49,95478.01,95444.83,95459.41,720,78,0
2026.02.25 03:24:00,95443.12,95473.18,95438.41,95451.43,720,78,0
2026.02.25 03:12:00,95445.22,95462.96,95438.42,95443.06,720,78,0
2026.02.25 03:00:00,95456.52,95471.76,95418.52,95445.16,720,78,0
2026.02.25 02:48:00,95463.72,95468.76,95422.62,95456.46,720,78,0
2026.02.25 02:36:00,95420.52,95463.66,95420.52,95463.66,720,78,0
2026.02.25 02:24:00,95398.60,95427.28,95398.60,95420.46,720,78,0
2026.02.25 02:12:00,95537.68,95545.12,95397.76,95398.54,720,78,0
2026.02.25 02:00:00,95509.55,95537.99,95509.55,95537.62,720,78,0
2026.02.25 01:48:00,95510.19,95540.25,95497.01,95509.49,720,78,0
2026.02.25 01:36:00,95525.99,95555.33,95498.25,95510.13,720,78,0
2026.02.25 01:24:00,95503.07,95528.93,95503.07,95525.93,720,78,0
2026.02.25 01:12:00,95488.54,95517.46,95488.54,95503.01,720,78,0
2026.02.25 01:00:00,95476.43,95494.43,95463.40,95488.48,720,78,0
2026.02.25 00:48:00,95478.67,95504.35,95466.83,95476.37,720,78,0
2026.02.25 00:36:00,95530.09,95534.29,95459.05,95478.61,720,78,0
2026.02.25 00:24:00,95516.72,95530.03,95487.37,95530.03,720,78,0
2026.02.25 00:12:00,95508.84,95524.08,95498.70,95516.66,720,78,0
2026.02.25 00:00:00,95526.52,95541.94,95503.56,95508.78,720,78,0
2026.02.24 23:48:00,95496.04,95526.46,95496.04,95526.46,720,78,0
2026.02.24 23:36:00,95492.77,95516.53,95492.77,95495.98,720,78,0
2026.02.24 23:24:00,95559.42,95570.88,95489.05,95492.71,720,78,0
2026.02.24 23:12:00,95593.18,95617.00,95554.14,95559.36,720,78,0
2026.02.24 23:00:00,95621.96,95636.90,95578.72,95593.12,720,78,0
2026.02.24 22:48:00,95597.09,95621.90,95595.92,95621.90,720,78,0
2026.02.24 22:36:00,95605.84,95628.28,95578.79,95597.03,720,78,0
2026.02.24 22:24:00,95579.83,95605.78,95571.64,95605.78,720,78,0
2026.02.24 22:12:00,95556.25,95594.05,95556.25,95579.77,720,78,0
2026.02.24 22:00:00,95597.82,95599.50,95524.75,95556.19,720,78,0
2026.02.24 21:48:00,95568.81,95597.76,95568.81,95597.76,720,78,0
2026.02.24 21:36:00,95525.61,95568.75,95525.61,95568.75,720,78,0
2026.02.24 21:24:00,95552.32,95559.10,95508.03,95525.55,720,78,0
2026.02.24 21:12:00,95509.12,95552.26,95509.12,95552.26,720,78,0
2026.02.24 21:00:00,95632.40,95640.14,95506.36,95509.06,720,78,0
2026.02.24 20:48:00,95671.22,95675.24,95615.96,95632.34,720,78,0
2026.02.24 20:36:00,95650.53,95688.21,95650.53,95671.16,720,78,0
2026.02.24 20:24:00,95637.03,95655.51,95625.87,95650.47,720,78,0
2026.02.24 20:12:00,95616.29,95636.97,95609.19,95636.97,720,78,0
2026.02.24 20:00:00,95586.56,95629.16,95586.56,95616.23,721,78,0
2026.02.24 19:48:00,95543.36,95586.50,95543.36,95586.50,720,78,0
2026.02.24 19:36:00,95531.00,95558.12,95527.34,95543.30,720,78,0
2026.02.24 19:24:00,95624.53,95635.21,95525.84,95530.94,720,78,0
2026.02.24 19:12:00,95693.86,95695.24,95617.57,95624.47,720,78,0
2026.02.24 19:00:00,95650.66,95693.80,95650.66,95693.80,720,78,0
2026.02.24 18:48:00,95648.56,95668.00,95626.96,95650.60,720,78,0
2026.02.24 18:36:00,95648.61,95664.27,95634.01,95648.50,720,78,0
2026.02.24 18:24:00,95636.02,95648.55,95621.19,95648.55,720,78,0
2026.02.24 18:12:00,95667.34,95673.82,95620.48,95635.96,720,78,0
2026.02.24 18:00:00,95656.76,95667.68,95643.64,95667.28,720,78,0
2026.02.24 17:48:00,95654.08,95659.42,95629.04,95656.70,720,78,0
2026.02.24 17:36:00,95610.88,95654.02,95610.88,95654.02,720,78,0
2026.02.24 17:24:00,95606.80,95619.70,95580.64,95610.82,720,78,0
2026.02.24 17:12:00,95584.92,95606.74,95579.02,95606.74,720,78,0
2026.02.24 17:00:00,95557.61,95584.86,95552.82,95584.86,720,78,0
2026.02.24 16:48:00,95575.59,95586.87,95548.07,95557.55,720,78,0
2026.02.24 16:36:00,95569.90,95580.08,95558.79,95575.53,720,78,0
2026.02.24 16:24:00,95540.48,95569.84,95529.28,95569.84,720,78,0
2026.02.24 16:12:00,95523.64,95547.70,95521.40,95540.42,720,78,0
2026.02.24 16:00:00,95552.72,95562.86,95517.88,95523.58,720,78,0
2026.02.24 15:48:00,95594.09,95599.19,95541.80,95552.66,720,78,0
2026.02.24 15:36:00,95615.04,95637.48,95591.39,95594.03,720,78,0
2026.02.24 15:24:00,95615.04,95631.06,95587.92,95614.98,720,78,0
2026.02.24 15:12:00,95627.95,95628.49,95579.82,95614.98,720,78,0
2026.02.24 15:00:00,95616.89,95627.89,95590.15,95627.89,720,78,0
2026.02.24 14:48:00,95678.93,95684.69,95606.33,95616.83,720,78,0
2026.02.24 14:36:00,95675.84,95697.44,95657.39,95678.87,720,78,0
2026.02.24 14:24:00,95679.18,95716.56,95672.36,95675.78,720,78,0
2026.02.24 14:12:00,95709.06,95712.54,95661.96,95679.12,720,78,0
2026.02.24 14:00:00,95665.86,95709.00,95665.86,95709.00,720,78,0
2026.02.24 13:48:00,95622.66,95665.80,95622.66,95665.80,720,78,0
2026.02.24 13:36:00,95693.60,95708.84,95615.16,95622.60,720,78,0
2026.02.24 13:24:00,95724.62,95741.72,95669.36,95693.54,720,78,0
2026.02.24 13:12:00,95712.86,95744.66,95712.86,95724.56,720,78,0
2026.02.24 13:00:00,95669.66,95712.80,95669.66,95712.80,720,78,0
2026.02.24 12:48:00,95750.34,95753.82,95656.85,95669.60,720,78,0
2026.02.24 12:36:00,95758.78,95770.91,95742.11,95750.28,720,78,0
2026.02.24 12:24:00,95715.58,95758.72,95715.58,95758.72,720,78,0
2026.02.24 12:12:00,95757.63,95771.31,95715.34,95715.52,720,78,0
2026.02.24 12:00:00,95714.43,95757.57,95714.43,95757.57,720,78,0
2026.02.24 11:48:00,95690.42,95714.37,95683.71,95714.37,720,78,0
2026.02.24 11:36:00,95685.83,95700.82,95679.04,95690.36,720,78,0
2026.02.24 11:24:00,95736.97,95742.67,95684.27,95685.77,720,78,0
2026.02.24 11:12:00,95732.68,95754.88,95722.09,95736.91,720,78,0
2026.02.24 11:00:00,95780.06,95792.12,95718.46,95732.62,720,78,0
2026.02.24 10:48:00,95789.68,95821.84,95772.02,95780.00,721,78,0
2026.02.24 10:36:00,95765.40,95789.62,95759.50,95789.62,720,78,0
2026.02.24 10:24:00,95841.84,95846.04,95754.36,95765.34,720,78,0
2026.02.24 10:12:00,95825.61,95861.25,95825.61,95841.78,720,78,0
2026.02.24 10:00:00,95782.41,95825.55,95782.41,95825.55,720,78,0
2026.02.24 09:48:00,95812.24,95815.18,95762.37,95782.35,720,78,0
2026.02.24 09:36:00,95769.04,95812.18,95769.04,95812.18,720,78,0
2026.02.24 09:24:00,95773.50,95788.68,95759.92,95768.98,720,78,0
2026.02.24 09:12:00,95762.89,95779.81,95747.28,95773.44,720,78,0
2026.02.24 09:00:00,95810.97,95821.05,95748.31,95762.83,720,78,0
2026.02.24 08:48:00,95866.50,95873.83,95808.45,95810.91,720,78,0
2026.02.24 08:36:00,95823.30,95866.44,95823.30,95866.44,720,78,0
2026.02.24 08:24:00,95842.71,95881.83,95820.06,95823.24,720,78,0
2026.02.24 08:12:00,95834.87,95846.57,95825.40,95842.65,720,78,0
2026.02.24 08:00:00,95824.25,95848.64,95819.00,95834.81,720,78,0
2026.02.24 07:48:00,95862.87,95879.85,95806.13,95824.19,720,78,0
2026.02.24 07:36:00,95872.78,95882.26,95835.21,95862.81,720,78,0
2026.02.24 07:24:00,95877.90,95889.90,95858.19,95872.72,720,78,0
2026.02.24 07:12:00,95860.92,95877.84,95840.22,95877.84,720,78,0
2026.02.24 07:00:00,95885.08,95911.24,95849.40,95860.86,720,78,0
2026.02.24 06:48:00,95858.68,95885.02,95850.04,95885.02,720,78,0
2026.02.24 06:36:00,95868.06,95891.58,95848.60,95858.62,720,78,0
2026.02.24 06:24:00,95890.40,95904.25,95856.36,95868.00,720,78,0
2026.02.24 06:12:00,95895.31,95895.61,95861.24,95890.34,720,78,0
2026.02.24 06:00:00,95867.53,95895.25,95863.27,95895.25,720,78,0
2026.02.24 05:48:00,95824.33,95867.47,95824.33,95867.47,720,78,0
2026.02.24 05:36:00,95835.12,95848.02,95816.47,95824.27,720,78,0
2026.02.24 05:24:00,95808.17,95842.79,95808.17,95835.06,720,78,0
2026.02.24 05:12:00,95802.62,95834.54,95796.95,95808.11,720,78,0
2026.02.24 05:00:00,95790.93,95802.56,95766.08,95802.56,720,78,0
2026.02.24 04:48:00,95747.73,95790.87,95747.73,95790.87,720,78,0
2026.02.24 04:36:00,95760.36,95781.48,95729.61,95747.67,720,78,0
2026.02.24 04:24:00,95732.01,95774.61,95732.01,95760.30,720,78,0
2026.02.24 04:12:00,95704.09,95731.95,95699.25,95731.95,720,78,0
2026.02.24 04:00:00,95683.98,95710.26,95683.98,95704.03,720,78,0
2026.02.24 03:48:00,95663.18,95697.50,95663.18,95683.92,720,78,0
2026.02.24 03:36:00,95647.18,95663.12,95624.36,95663.12,720,78,0
2026.02.24 03:24:00,95644.36,95664.84,95635.14,95647.12,720,78,0
2026.02.24 03:12:00,95642.99,95666.42,95636.42,95644.30,720,78,0
2026.02.24 03:00:00,95612.90,95642.93,95612.90,95642.93,720,78,0
2026.02.24 02:48:00,95588.81,95629.01,95588.81,95612.84,720,78,0
2026.02.24 02:36:00,95569.72,95608.84,95569.72,95588.75,720,78,0
2026.02.24 02:24:00,95526.52,95569.66,95526.52,95569.66,720,78,0
2026.02.24 02:12:00,95510.13,95536.89,95510.13,95526.46,720,78,0
2026.02.24 02:00:00,95532.55,95544.07,95506.05,95510.07,720,78,0
2026.02.24 01:48:00,95532.43,95540.89,95497.87,95532.49,720,78,0
2026.02.24 01:36:00,95541.81,95564.91,95529.07,95532.37,720,78,0
2026.02.24 01:24:00,95519.94,95552.64,95519.94,95541.75,720,78,0
2026.02.24 01:12:00,95526.34,95555.38,95510.64,95519.88,720,78,0
2026.02.24 01:00:00,95483.14,95526.28,95483.14,95526.28,720,78,0
2026.02.24 00:48:00,95452.07,95483.08,95452.07,95483.08,720,78,0
2026.02.24 00:36:00,95456.89,95463.85,95425.07,95452.01,720,78,0
2026.02.24 00:24:00,95430.54,95456.83,95430.54,95456.83,720,78,0
2026.02.24 00:12:00,95436.71,95440.73,95402.40,95430.48,720,78,0
2026.02.24 00:00:00,95393.51,95436.65,95393.51,95436.65,720,78,0
2026.02.23 23:48:00,95365.16,95393.45,95365.16,95393.45,720,78,0
2026.02.23 23:36:00,95334.67,95365.10,95334.67,95365.10,720,78,0
2026.02.23 23:24:00,95291.47,95334.61,95291.47,95334.61,720,78,0
2026.02.23 23:12:00,95268.16,95310.70,95268.16,95291.41,720,78,0
2026.02.23 23:00:00,95280.05,95288.15,95240.74,95268.10,720,78,0
2026.02.23 22:48:00,95236.85,95279.99,95236.85,95279.99,720,78,0
2026.02.23 22:36:00,95212.10,95236.79,95196.41,95236.79,720,78,0
2026.02.23 22:24:00,95236.97,95244.17,95205.92,95212.04,720,78,0
2026.02.23 22:12:00,95219.24,95236.91,95203.37,95236.91,720,78,0
2026.02.23 22:00:00,95221.57,95240.66,95204.30,95219.18,720,78,0
2026.02.23 21:48:00,95328.42,95330.70,95212.87,95221.51,720,78,0
2026.02.23 21:36:00,95350.95,95366.41,95319.42,95328.36,721,78,0
2026.02.23 21:24:00,95377.58,95377.58,95327.79,95350.89,719,78,0
2026.02.23 21:12:00,95334.38,95377.52,95334.38,95377.52,720,78,0
2026.02.23 21:00:00,95324.42,95349.82,95324.42,95334.32,721,78,0
2026.02.23 20:48:00,95281.22,95324.36,95281.22,95324.36,720,78,0
2026.02.23 20:36:00,95260.97,95298.89,95260.97,95281.16,720,78,0
2026.02.23 20:24:00,95275.48,95286.70,95251.20,95260.91,720,78,0
2026.02.23 20:12:00,95265.21,95278.74,95254.56,95275.42,720,78,0
2026.02.23 20:00:00,95245.78,95265.15,95222.73,95265.15,720,78,0
2026.02.23 19:48:00,95225.35,95262.67,95225.35,95245.72,720,78,0
2026.02.23 19:36:00,95208.39,95238.15,95208.39,95225.29,720,78,0
2026.02.23 19:24:00,95179.02,95220.54,95179.02,95208.33,720,78,0
2026.02.23 19:12:00,95135.82,95178.96,95135.82,95178.96,720,78,0
2026.02.23 19:00:00,95116.04,95135.76,95106.00,95135.76,720,78,0
2026.02.23 18:48:00,95133.11,95133.41,95078.54,95115.98,720,78,0
2026.02.23 18:36:00,95168.26,95173.18,95127.71,95133.05,720,78,0
2026.02.23 18:24:00,95192.49,95195.68,95146.72,95168.20,720,78,0
2026.02.23 18:12:00,95167.11,95207.07,95167.11,95192.43,720,78,0
2026.02.23 18:00:00,95137.62,95167.05,95129.55,95167.05,720,78,0
2026.02.23 17:48:00,95108.24,95137.56,95101.74,95137.56,720,78,0
2026.02.23 17:36:00,95162.18,95171.00,95090.06,95108.18,720,78,0
2026.02.23 17:24:00,95154.66,95180.73,95152.77,95162.12,720,78,0
2026.02.23 17:12:00,95111.46,95154.60,95111.46,95154.60,720,78,0
2026.02.23 17:00:00,95088.66,95117.52,95088.66,95111.40,720,78,0
2026.02.23 16:48:00,95086.75,95104.33,95075.65,95088.60,720,78,0
2026.02.23 16:36:00,95043.55,95086.69,95043.55,95086.69,720,78,0
2026.02.23 16:24:00,95098.10,95104.58,95041.03,95043.49,720,78,0
2026.02.23 16:12:00,95090.61,95098.04,95061.26,95098.04,720,78,0
2026.02.23 16:00:00,95066.79,95093.37,95066.79,95090.55,720,78,0
2026.02.23 15:48:00,95041.63,95066.73,95041.63,95066.73,720,78,0
2026.02.23 15:36:00,94998.43,95041.57,94998.43,95041.57,720,78,0
2026.02.23 15:24:00,94955.23,94998.37,94955.23,94998.37,720,78,0
2026.02.23 15:12:00,94963.37,94977.05,94939.93,94955.17,720,78,0
2026.02.23 15:00:00,94958.62,94978.96,94948.06,94963.31,720,78,0
2026.02.23 14:48:00,94953.64,94985.86,94947.70,94958.56,720,78,0
2026.02.23 14:36:00,94910.44,94953.58,94910.44,94953.58,720,78,0
2026.02.23 14:24:00,94867.24,94910.38,94867.24,94910.38,720,78,0
2026.02.23 14:12:00,94863.99,94884.49,94854.49,94867.18,720,78,0
2026.02.23 14:00:00,94887.81,94891.47,94854.51,94863.93,720,78,0
2026.02.23 13:48:00,94844.61,94887.75,94844.61,94887.75,720,78,0
2026.02.23 13:36:00,94843.01,94869.35,94836.51,94844.55,720,78,0
2026.02.23 13:24:00,94853.52,94863.41,94831.01,94842.95,720,78,0
2026.02.23 13:12:00,94810.32,94853.46,94810.32,94853.46,720,78,0
2026.02.23 13:00:00,94767.12,94810.26,94767.12,94810.26,720,78,0
2026.02.23 12:48:00,94776.55,94789.51,94752.18,94767.06,720,78,0
2026.02.23 12:36:00,94813.84,94841.74,94763.65,94776.49,720,78,0
2026.02.23 12:24:00,94770.64,94813.78,94770.64,94813.78,720,78,0
2026.02.23 12:12:00,94727.44,94770.58,94727.44,94770.58,720,78,0
2026.02.23 12:00:00,94715.34,94738.92,94707.88,94727.38,720,78,0
2026.02.23 11:48:00,94738.29,94740.03,94704.85,94715.28,720,78,0
2026.02.23 11:36:00,94763.49,94776.87,94716.33,94738.23,720,78,0
2026.02.23 11:24:00,94720.29,94763.43,94720.29,94763.43,719,78,0
2026.02.23 11:12:00,94802.10,94806.18,94709.79,94720.23,720,78,0
2026.02.23 11:00:00,94821.34,94822.00,94783.39,94802.04,635,78,0
2026.02.23 10:48:00,94778.14,94821.28,94778.14,94821.28,720,78,0
2026.02.23 10:36:00,94800.97,94813.93,94766.62,94778.08,720,78,0
2026.02.23 10:24:00,94757.77,94800.91,94757.77,94800.91,720,78,0
2026.02.23 10:12:00,94792.88,94798.10,94751.47,94757.71,720,78,0
2026.02.23 10:00:00,94796.59,94816.99,94770.14,94792.82,720,78,0
2026.02.23 09:48:00,94795.75,94810.57,94780.81,94796.53,720,78,0
2026.02.23 09:36:00,94814.11,94818.49,94775.17,94795.69,720,78,0
2026.02.23 09:24:00,94800.60,94828.62,94800.01,94814.05,703,78,0
2026.02.23 09:12:00,94817.40,94844.22,94796.82,94800.54,720,78,0
2026.02.23 09:00:00,94774.20,94817.34,94774.20,94817.34,720,78,0
2026.02.23 08:48:00,94782.28,94784.62,94748.28,94774.14,720,78,0
2026.02.23 08:36:00,94808.75,94823.33,94769.86,94782.22,720,78,0
2026.02.23 08:24:00,94862.61,94869.93,94789.85,94808.69,720,78,0
2026.02.23 08:12:00,94886.09,94892.51,94843.95,94862.55,720,78,0
2026.02.23 08:00:00,94932.89,94949.21,94874.87,94886.03,720,78,0
2026.02.23 07:48:00,94938.21,94951.65,94907.39,94932.83,720,78,0
2026.02.23 07:36:00,94981.58,94991.24,94920.81,94938.15,720,78,0
2026.02.23 07:24:00,94938.38,94981.52,94938.38,94981.52,720,78,0
2026.02.23 07:12:00,94895.18,94938.32,94895.18,94938.32,720,78,0
2026.02.23 07:00:00,94989.65,94996.19,94885.94,94895.12,720,78,0
2026.02.23 06:48:00,94997.34,95014.38,94964.57,94989.59,720,78,0
2026.02.23 06:36:00,95020.93,95042.53,94990.68,94997.28,720,78,0
2026.02.23 06:24:00,95046.14,95051.84,95008.29,95020.87,720,78,0
2026.02.23 06:12:00,95019.55,95046.08,95011.10,95046.08,720,78,0
2026.02.23 06:00:00,95059.68,95083.56,95017.27,95019.49,720,78,0
2026.02.23 05:48:00,95068.05,95081.43,95032.02,95059.62,720,78,0
2026.02.23 05:36:00,95052.41,95067.99,95032.53,95067.99,720,78,0
2026.02.23 05:24:00,95054.20,95083.66,95041.55,95052.35,721,78,0
2026.02.23 05:12:00,95032.54,95054.14,95022.04,95054.14,720,78,0
2026.02.23 05:00:00,95027.79,95041.48,95013.28,95032.48,720,78,0
2026.02.23 04:48:00,94998.23,95027.73,94989.75,95027.73,720,78,0
2026.02.23 04:36:00,95022.40,95038.78,94979.27,94998.17,720,78,0
2026.02.23 04:24:00,94991.64,95022.34,94991.64,95022.34,720,78,0
2026.02.23 04:12:00,95006.50,95016.22,94972.38,94991.58,720,78,0
2026.02.23 04:00:00,94963.30,95006.44,94963.30,95006.44,720,78,0
2026.02.23 03:48:00,94994.48,94996.88,94951.54,94963.24,720,78,0
2026.02.23 03:36:00,94951.28,94994.42,94951.28,94994.42,720,78,0
2026.02.23 03:24:00,94951.96,94971.28,94927.46,94951.22,720,78,0
2026.02.23 03:12:00,94908.76,94951.90,94908.76,94951.90,720,78,0
2026.02.23 03:00:00,94884.24,94908.70,94875.94,94908.70,720,78,0
2026.02.23 02:48:00,94904.20,94906.84,94865.20,94884.18,720,78,0
2026.02.23 02:36:00,94904.35,94936.03,94901.44,94904.14,720,78,0
2026.02.23 02:24:00,94907.84,94928.30,94892.47,94904.29,720,78,0
2026.02.23 02:12:00,94934.64,94941.06,94905.56,94907.78,720,78,0
2026.02.23 02:00:00,94891.44,94934.58,94891.44,94934.58,720,78,0
2026.02.23 01:48:00,94848.24,94891.38,94848.24,94891.38,720,78,0
2026.02.23 01:36:00,94880.59,94911.25,94846.68,94848.18,720,78,0
2026.02.23 01:24:00,94867.81,94880.53,94857.25,94880.53,720,78,0
2026.02.23 01:12:00,94892.19,94908.87,94863.61,94867.75,720,78,0
2026.02.23 01:00:00,94867.81,94892.13,94867.81,94892.13,720,78,0
2026.02.23 00:48:00,94854.49,94867.75,94836.19,94867.75,720,78,0
2026.02.23 00:36:00,94840.98,94854.84,94837.51,94854.43,720,78,0
2026.02.23 00:24:00,94829.63,94850.99,94827.95,94840.92,720,78,0
2026.02.23 00:12:00,94819.71,94829.57,94798.97,94829.57,720,78,0
2026.02.23 00:00:00,94795.48,94830.40,94795.48,94819.65,720,78,0
2026.02.22 23:48:00,94765.17,94795.42,94752.88,94795.42,720,78,0
2026.02.22 23:36:00,94739.30,94771.52,94739.30,94765.11,720,78,0
2026.02.22 23:24:00,94729.32,94742.34,94714.04,94739.24,720,78,0
2026.02.22 23:12:00,94686.12,94729.26,94686.12,94729.26,720,78,0
2026.02.22 23:00:00,94642.92,94686.06,94642.92,94686.06,720,78,0
2026.02.22 22:48:00,94621.53,94644.75,94621.53,94642.86,720,78,0
2026.02.22 22:36:00,94626.11,94644.40,94618.05,94621.47,720,78,0
2026.02.22 22:24:00,94615.75,94655.17,94615.75,94626.05,720,78,0
2026.02.22 22:12:00,94592.91,94615.69,94592.91,94615.69,720,78,0
2026.02.22 22:00:00,94549.71,94592.85,94549.71,94592.85,720,78,0
2026.02.22 21:48:00,94551.52,94579.00,94538.01,94549.65,720,78,0
2026.02.22 21:36:00,94548.84,94557.91,94534.72,94551.46,720,78,0
2026.02.22 21:24:00,94563.08,94574.18,94518.96,94548.78,720,78,0
2026.02.22 21:12:00,94599.57,94605.93,94549.46,94563.02,720,78,0
2026.02.22 21:00:00,94556.37,94599.51,94556.37,94599.51,720,78,0
2026.02.22 20:48:00,94548.39,94570.17,94538.49,94556.31,720,78,0
2026.02.22 20:36:00,94540.89,94550.37,94514.73,94548.33,720,78,0
2026.02.22 20:24:00,94564.82,94570.76,94528.45,94540.83,721,78,0
2026.02.22 20:12:00,94587.34,94603.05,94564.76,94564.76,720,78,0
2026.02.22 20:00:00,94544.14,94587.28,94544.14,94587.28,720,78,0
2026.02.22 19:48:00,94500.94,94544.08,94500.94,94544.08,720,78,0
2026.02.22 19:36:00,94518.29,94537.55,94495.42,94500.88,583,78,0
2026.02.22 19:24:00,94537.25,94541.39,94499.33,94518.23,720,78,0
2026.02.22 19:12:00,94511.46,94537.19,94503.41,94537.19,720,78,0
2026.02.22 19:00:00,94520.42,94533.87,94501.98,94511.40,719,78,0
2026.02.22 18:48:00,94498.60,94520.36,94494.38,94520.36,720,78,0
2026.02.22 18:36:00,94500.44,94508.90,94477.66,94498.54,720,78,0
2026.02.22 18:24:00,94542.70,94549.84,94498.04,94500.38,461,78,0
2026.02.22 18:12:00,94518.77,94542.64,94509.40,94542.64,720,78,0
2026.02.22 18:00:00,94515.98,94528.68,94503.05,94518.71,720,78,0
2026.02.22 17:48:00,94546.78,94555.54,94502.96,94515.92,720,78,0
2026.02.22 17:36:00,94503.58,94546.72,94503.58,94546.72,720,78,0
2026.02.22 17:24:00,94495.98,94516.98,94481.44,94503.52,720,78,0
2026.02.22 17:12:00,94505.27,94514.99,94480.02,94495.92,720,78,0
2026.02.22 17:00:00,94462.07,94505.21,94462.07,94505.21,720,78,0
2026.02.22 16:48:00,94503.89,94523.21,94457.51,94462.01,720,78,0
2026.02.22 16:36:00,94472.92,94503.83,94472.92,94503.83,720,78,0
2026.02.22 16:24:00,94454.95,94472.86,94430.38,94472.86,720,78,0
2026.02.22 16:12:00,94545.95,94546.01,94448.59,94454.89,721,78,0
2026.02.22 16:00:00,94502.75,94545.89,94502.75,94545.89,720,78,0
2026.02.22 15:48:00,94544.30,94559.60,94495.13,94502.69,720,78,0
2026.02.22 15:36:00,94588.98,94606.38,94536.62,94544.24,720,78,0
2026.02.22 15:24:00,94616.21,94618.55,94584.12,94588.92,720,78,0
2026.02.22 15:12:00,94644.69,94655.01,94601.57,94616.15,720,78,0
2026.02.22 15:00:00,94630.77,94665.03,94630.77,94644.63,720,78,0
2026.02.22 14:48:00,94614.99,94648.65,94614.99,94630.71,720,78,0
2026.02.22 14:36:00,94612.42,94617.64,94577.07,94614.93,720,78,0
2026.02.22 14:24:00,94569.22,94612.36,94569.22,94612.36,720,78,0
2026.02.22 14:12:00,94526.02,94569.16,94526.02,94569.16,720,78,0
2026.02.22 14:00:00,94579.51,94588.69,94512.94,94525.96,720,78,0
2026.02.22 13:48:00,94618.82,94628.60,94562.77,94579.45,720,78,0
2026.02.22 13:36:00,94622.39,94650.35,94617.14,94618.76,720,78,0
2026.02.22 13:24:00,94615.78,94640.38,94603.85,94622.33,720,78,0
2026.02.22 13:12:00,94610.95,94626.99,94590.21,94615.72,720,78,0
2026.02.22 13:00:00,94662.89,94668.05,94609.03,94610.89,720,78,0
2026.02.22 12:48:00,94696.55,94704.71,94651.49,94662.83,720,78,0
2026.02.22 12:36:00,94653.35,94696.49,94653.35,94696.49,720,78,0
2026.02.22 12:24:00,94689.72,94690.86,94633.79,94653.29,720,78,0
2026.02.22 12:12:00,94685.36,94727.06,94685.36,94689.66,720,78,0
2026.02.22 12:00:00,94720.04,94721.54,94663.04,94685.30,720,78,0
2026.02.22 11:48:00,94699.20,94722.54,94699.20,94719.98,720,78,0
2026.02.22 11:36:00,94656.00,94699.14,94656.00,94699.14,720,78,0
2026.02.22 11:24:00,94646.81,94659.41,94633.38,94655.94,720,78,0
2026.02.22 11:12:00,94620.51,94646.75,94604.81,94646.75,720,78,0
2026.02.22 11:00:00,94633.93,94659.13,94603.41,94620.45,720,78,0
2026.02.22 10:48:00,94679.89,94681.03,94607.95,94633.87,720,78,0
2026.02.22 10:36:00,94728.48,94752.30,94669.39,94679.83,720,78,0
2026.02.22 10:24:00,94752.48,94765.64,94718.28,94728.42,720,78,0
2026.02.22 10:12:00,94723.54,94753.96,94723.54,94752.42,720,78,0
2026.02.22 10:00:00,94695.59,94723.48,94695.58,94723.48,720,78,0
2026.02.22 09:48:00,94742.26,94766.26,94687.67,94695.53,720,78,0
2026.02.22 09:36:00,94784.51,94787.26,94738.36,94742.20,720,78,0
2026.02.22 09:24:00,94815.19,94817.17,94760.99,94784.45,720,78,0
2026.02.22 09:12:00,94801.84,94815.13,94783.33,94815.13,720,78,0
2026.02.22 09:00:00,94821.84,94829.58,94785.82,94801.78,720,78,0
2026.02.22 08:48:00,94889.10,94908.36,94813.80,94821.78,720,78,0
2026.02.22 08:36:00,94845.90,94889.04,94845.90,94889.04,720,78,0
2026.02.22 08:24:00,94802.70,94845.84,94802.70,94845.84,720,78,0
2026.02.22 08:12:00,94788.41,94808.59,94779.01,94802.64,720,78,0
2026.02.22 08:00:00,94769.21,94801.07,94769.21,94788.35,720,78,0
2026.02.22 07:48:00,94726.01,94769.15,94726.01,94769.15,720,78,0
2026.02.22 07:36:00,94717.85,94725.95,94688.27,94725.95,720,78,0
2026.02.22 07:24:00,94674.65,94717.79,94674.65,94717.79,720,78,0
2026.02.22 07:12:00,94662.97,94701.97,94662.97,94674.59,721,78,0
2026.02.22 07:00:00,94691.29,94726.15,94661.65,94662.91,720,78,0
2026.02.22 06:48:00,94684.09,94691.23,94684.09,94691.23,120,78,0
2026.02.22 06:36:00,94690.03,94698.73,94671.98,94684.03,720,78,0
2026.02.22 06:24:00,94749.36,94757.88,94688.17,94689.97,720,78,0
2026.02.22 06:12:00,94725.29,94749.30,94725.29,94749.30,720,78,0
2026.02.22 06:00:00,94682.09,94725.23,94682.09,94725.23,720,78,0
2026.02.22 05:48:00,94638.89,94682.03,94638.89,94682.03,720,78,0
2026.02.22 05:36:00,94625.64,94638.83,94601.03,94638.83,720,78,0
2026.02.22 05:24:00,94582.44,94625.58,94582.44,94625.58,720,78,0
2026.02.22 05:12:00,94592.06,94596.80,94572.90,94582.38,720,78,0
2026.02.22 05:00:00,94601.84,94613.78,94566.98,94592.00,720,78,0
2026.02.22 04:48:00,94587.80,94601.78,94566.92,94601.78,720,78,0
2026.02.22 04:36:00,94585.93,94604.89,94573.04,94587.74,720,78,0
2026.02.22 04:24:00,94600.90,94616.08,94578.55,94585.87,720,78,0
2026.02.22 04:12:00,94571.75,94600.84,94571.75,94600.84,720,78,0
2026.02.22 04:00:00,94635.08,94648.10,94569.05,94571.69,720,78,0
2026.02.22 03:48:00,94688.48,94704.86,94631.00,94635.02,720,78,0
2026.02.22 03:36:00,94730.30,94733.54,94662.56,94688.42,720,78,0
2026.02.22 03:24:00,94723.12,94730.24,94691.06,94730.24,720,78,0
2026.02.22 03:12:00,94704.01,94724.23,94700.20,94723.06,720,78,0
2026.02.22 03:00:00,94809.17,94813.91,94698.69,94703.95,720,78,0
2026.02.22 02:48:00,94765.97,94809.11,94765.97,94809.11,720,78,0
2026.02.22 02:36:00,94722.77,94765.91,94722.77,94765.91,720,78,0
2026.02.22 02:24:00,94679.57,94722.71,94679.57,94722.71,720,78,0
2026.02.22 02:12:00,94653.50,94680.86,94653.50,94679.51,720,78,0
2026.02.22 02:00:00,94690.46,94695.98,94642.10,94653.44,720,78,0
2026.02.22 01:48:00,94697.43,94719.45,94675.88,94690.40,720,78,0
2026.02.22 01:36:00,94733.77,94751.71,94695.21,94697.37,720,78,0
2026.02.22 01:24:00,94751.58,94757.52,94721.73,94733.71,720,78,0
2026.02.22 01:12:00,94731.92,94751.52,94713.30,94751.52,720,78,0
2026.02.22 01:00:00,94729.31,94752.41,94726.93,94731.86,720,78,0
2026.02.22 00:48:00,94755.03,94780.89,94728.65,94729.25,720,78,0
2026.02.22 00:36:00,94711.83,94754.97,94711.83,94754.97,720,78,0
2026.02.22 00:24:00,94740.38,94754.12,94698.27,94711.77,720,78,0
2026.02.22 00:12:00,94697.18,94740.32,94697.18,94740.32,720,78,0
2026.02.22 00:00:00,94677.35,94698.47,94675.16,94697.12,720,78,0
2026.02.21 23:48:00,94683.86,94697.96,94656.53,94677.29,720,78,0
2026.02.21 23:36:00,94659.98,94683.80,94649.30,94683.80,720,78,0
2026.02.21 23:24:00,94632.26,94666.70,94632.26,94659.92,720,78,0
2026.02.21 23:12:00,94589.06,94632.20,94589.06,94632.20,720,78,0
2026.02.21 23:00:00,94674.39,94679.01,94588.64,94589.00,720,78,0
2026.02.21 22:48:00,94661.68,94701.04,94661.68,94674.33,720,78,0
2026.02.21 22:36:00,94708.25,94713.53,94641.52,94661.62,720,78,0
2026.02.21 22:24:00,94723.83,94741.95,94690.91,94708.19,720,78,0
2026.02.21 22:12:00,94741.34,94764.62,94722.27,94723.77,721,78,0
2026.02.21 22:00:00,94736.49,94753.92,94729.92,94741.28,720,78,0
2026.02.21 21:48:00,94739.11,94755.31,94721.07,94736.43,720,78,0
2026.02.21 21:36:00,94781.59,94787.95,94721.05,94739.05,720,78,0
2026.02.21 21:24:00,94778.57,94788.65,94754.29,94781.53,720,78,0
2026.02.21 21:12:00,94781.61,94800.39,94778.21,94778.51,320,78,0
2026.02.21 21:00:00,94770.78,94781.61,94759.23,94781.61,386,78,0
2026.02.21 20:48:00,94752.96,94780.26,94752.96,94770.72,720,78,0
2026.02.21 20:36:00,94722.33,94752.90,94714.86,94752.90,720,78,0
2026.02.21 20:24:00,94719.13,94750.63,94710.69,94722.27,720,78,0
2026.02.21 20:12:00,94675.93,94719.07,94675.93,94719.07,720,78,0
2026.02.21 20:00:00,94667.85,94703.43,94667.85,94675.87,720,78,0
2026.02.21 19:48:00,94695.98,94698.02,94654.23,94667.79,720,78,0
2026.02.21 19:36:00,94706.71,94723.69,94688.60,94695.92,720,78,0
2026.02.21 19:24:00,94742.55,94757.25,94700.29,94706.65,721,78,0
2026.02.21 19:12:00,94699.35,94742.49,94699.35,94742.49,720,78,0
2026.02.21 19:00:00,94685.05,94714.63,94685.05,94699.29,720,78,0
2026.02.21 18:48:00,94704.39,94704.45,94659.67,94684.99,720,78,0
2026.02.21 18:36:00,94661.19,94704.33,94661.19,94704.33,720,78,0
2026.02.21 18:24:00,94640.46,94661.94,94639.53,94661.13,720,78,0
2026.02.21 18:12:00,94614.79,94640.40,94603.26,94640.40,720,78,0
2026.02.21 18:00:00,94595.84,94631.66,94595.84,94614.73,720,78,0
2026.02.21 17:48:00,94608.75,94615.17,94579.88,94595.78,720,78,0
2026.02.21 17:36:00,94565.55,94608.69,94565.55,94608.69,720,78,0
2026.02.21 17:24:00,94614.42,94615.14,94554.57,94565.49,720,78,0
2026.02.21 17:12:00,94600.47,94616.49,94587.30,94614.36,720,78,0
2026.02.21 17:00:00,94589.63,94620.35,94588.05,94600.41,720,78,0
2026.02.21 16:48:00,94565.58,94603.62,94565.58,94589.57,720,78,0
2026.02.21 16:36:00,94659.85,94660.57,94561.62,94565.52,720,78,0
2026.02.21 16:24:00,94644.39,94659.79,94637.85,94659.79,720,78,0
2026.02.21 16:12:00,94641.44,94644.33,94602.51,94644.33,720,78,0
2026.02.21 16:00:00,94664.42,94680.98,94621.70,94641.38,720,78,0
2026.02.21 15:48:00,94645.51,94678.21,94645.51,94664.36,720,78,0
2026.02.21 15:36:00,94641.97,94671.37,94636.99,94645.45,720,78,0
2026.02.21 15:24:00,94622.70,94641.91,94611.01,94641.91,720,78,0
2026.02.21 15:12:00,94616.63,94642.13,94605.06,94622.64,720,78,0
2026.02.21 15:00:00,94573.43,94616.57,94573.43,94616.57,720,78,0
2026.02.21 14:48:00,94555.86,94573.37,94537.43,94573.37,720,78,0
2026.02.21 14:36:00,94648.14,94652.46,94539.06,94555.80,720,78,0
2026.02.21 14:24:00,94604.94,94648.08,94604.94,94648.08,720,78,0
2026.02.21 14:12:00,94616.92,94628.38,94573.44,94604.88,720,78,0
2026.02.21 14:00:00,94573.72,94616.86,94573.72,94616.86,720,78,0
2026.02.21 13:48:00,94592.64,94602.18,94568.90,94573.66,720,78,0
2026.02.21 13:36:00,94549.44,94592.58,94549.44,94592.58,720,78,0
2026.02.21 13:24:00,94531.46,94572.20,94531.46,94549.38,720,78,0
2026.02.21 13:12:00,94501.46,94531.40,94489.10,94531.40,720,78,0
2026.02.21 13:00:00,94515.78,94543.32,94490.36,94501.40,720,78,0
2026.02.21 12:48:00,94495.58,94532.18,94495.58,94515.72,720,78,0
2026.02.21 12:36:00,94452.38,94495.52,94452.38,94495.52,720,78,0
2026.02.21 12:24:00,94479.57,94490.97,94442.48,94452.32,720,78,0
2026.02.21 12:12:00,94524.69,94538.85,94479.15,94479.51,720,78,0
2026.02.21 12:00:00,94528.43,94531.01,94503.00,94524.63,720,78,0
2026.02.21 11:48:00,94505.24,94536.44,94505.24,94528.37,720,78,0
2026.02.21 11:36:00,94518.03,94542.33,94488.74,94505.18,720,78,0
2026.02.21 11:24:00,94515.74,94519.10,94488.03,94517.97,720,78,0
2026.02.21 11:12:00,94495.80,94528.80,94495.80,94515.68,720,78,0
2026.02.21 11:00:00,94467.77,94495.74,94465.20,94495.74,720,78,0
2026.02.21 10:48:00,94461.79,94484.44,94455.16,94467.71,720,78,0
2026.02.21 10:36:00,94458.70,94476.76,94451.38,94461.73,720,78,0
2026.02.21 10:24:00,94476.44,94485.26,94440.34,94458.64,721,78,0
2026.02.21 10:12:00,94467.75,94485.81,94451.36,94476.38,720,78,0
2026.02.21 10:00:00,94519.81,94529.11,94463.19,94467.69,720,78,0
2026.02.21 09:48:00,94495.09,94532.23,94495.09,94519.75,720,78,0
2026.02.21 09:36:00,94466.09,94502.33,94466.09,94495.03,720,78,0
2026.02.21 09:24:00,94454.78,94494.38,94454.78,94466.03,720,78,0
2026.02.21 09:12:00,94411.58,94454.72,94411.58,94454.72,720,78,0
2026.02.21 09:00:00,94388.98,94411.52,94385.90,94411.52,720,78,0
2026.02.21 08:48:00,94358.90,94388.92,94347.82,94388.92,720,78,0
2026.02.21 08:36:00,94315.70,94358.84,94315.70,94358.84,720,78,0
2026.02.21 08:24:00,94293.50,94315.64,94292.60,94315.64,720,78,0
2026.02.21 08:12:00,94361.72,94380.20,94292.06,94293.44,720,78,0
2026.02.21 08:00:00,94380.01,94384.03,94332.56,94361.66,720,78,0
2026.02.21 07:48:00,94364.91,94393.58,94364.91,94379.95,720,78,0
2026.02.21 07:36:00,94378.27,94381.81,94340.49,94364.85,720,78,0
2026.02.21 07:24:00,94445.42,94471.16,94374.73,94378.21,720,78,0
2026.02.21 07:12:00,94488.54,94506.72,94440.50,94445.36,720,78,0
2026.02.21 07:00:00,94503.29,94524.41,94478.40,94488.48,720,78,0
2026.02.21 06:48:00,94566.90,94570.32,94475.15,94503.23,720,78,0
2026.02.21 06:36:00,94560.39,94566.84,94530.48,94566.84,720,78,0
2026.02.21 06:24:00,94576.98,94594.92,94554.15,94560.33,720,78,0
2026.02.21 06:12:00,94568.53,94601.17,94566.48,94576.92,720,78,0
2026.02.21 06:00:00,94540.59,94580.01,94540.59,94568.47,720,78,0
2026.02.21 05:48:00,94588.50,94595.04,94529.48,94540.53,720,78,0
2026.02.21 05:36:00,94545.30,94588.44,94545.30,94588.44,720,78,0
2026.02.21 05:24:00,94549.44,94568.70,94540.02,94545.24,720,78,0
2026.02.21 05:12:00,94645.16,94655.24,94547.70,94549.38,720,78,0
2026.02.21 05:00:00,94601.96,94645.10,94601.96,94645.10,720,78,0
2026.02.21 04:48:00,94601.28,94623.75,94596.15,94601.90,720,78,0
2026.02.21 04:36:00,94583.64,94617.30,94583.64,94601.22,720,78,0
2026.02.21 04:24:00,94619.22,94624.02,94565.48,94583.58,720,78,0
2026.02.21 04:12:00,94621.45,94647.97,94615.92,94619.16,720,78,0
2026.02.21 04:00:00,94642.93,94658.86,94616.29,94621.39,720,78,0
2026.02.21 03:48:00,94646.61,94662.33,94632.19,94642.87,720,78,0
2026.02.21 03:36:00,94657.74,94670.22,94628.49,94646.55,720,78,0
2026.02.21 03:24:00,94614.54,94657.68,94614.54,94657.68,720,78,0
2026.02.21 03:12:00,94660.95,94665.99,94607.28,94614.48,720,78,0
2026.02.21 03:00:00,94641.41,94677.11,94641.41,94660.89,720,78,0
2026.02.21 02:48:00,94613.56,94641.35,94603.37,94641.35,720,78,0
2026.02.21 02:36:00,94570.36,94613.50,94570.36,94613.50,720,78,0
2026.02.21 02:24:00,94549.36,94592.50,94549.36,94592.50,720,78,0
2026.02.21 02:12:00,94571.42,94577.06,94530.34,94549.30,720,78,0
2026.02.21 02:00:00,94554.26,94583.54,94554.26,94571.36,720,78,0
2026.02.21 01:48:00,94567.67,94581.59,94539.02,94554.20,720,78,0
2026.02.21 01:36:00,94539.83,94567.61,94531.97,94567.61,720,78,0
2026.02.21 01:24:00,94496.57,94539.77,94496.57,94539.77,721,78,0
2026.02.21 01:12:00,94453.37,94496.51,94453.37,94496.51,720,78,0
2026.02.21 01:00:00,94445.12,94488.08,94445.12,94453.31,720,78,0
2026.02.21 00:48:00,94426.16,94445.06,94414.28,94445.06,720,78,0
2026.02.21 00:36:00,94404.25,94436.05,94404.25,94426.10,720,78,0
2026.02.21 00:24:00,94382.33,94404.19,94361.23,94404.19,720,78,0
2026.02.21 00:12:00,94381.10,94401.74,94359.83,94382.27,720,78,0
2026.02.21 00:00:00,94377.67,94406.29,94375.52,94381.04,720,78,0
2026.02.20 23:48:00,94404.24,94427.40,94375.03,94377.61,720,78,0
2026.02.20 23:36:00,94361.04,94404.18,94361.04,94404.18,720,78,0
2026.02.20 23:24:00,94317.84,94360.98,94317.84,94360.98,720,78,0
2026.02.20 23:12:00,94298.78,94317.78,94291.68,94317.78,720,78,0
2026.02.20 23:00:00,94273.65,94314.39,94273.65,94298.72,720,78,0
2026.02.20 22:48:00,94243.16,94273.59,94235.85,94273.59,720,78,0
2026.02.20 22:36:00,94199.96,94243.10,94199.96,94243.10,720,78,0
2026.02.20 22:24:00,94260.54,94278.72,94186.40,94199.90,720,78,0
2026.02.20 22:12:00,94273.36,94301.98,94247.64,94260.48,720,78,0
2026.02.20 22:00:00,94305.62,94321.76,94265.20,94273.30,720,78,0
2026.02.20 21:48:00,94262.42,94305.56,94262.42,94305.56,720,78,0
2026.02.20 21:36:00,94268.49,94270.23,94234.64,94262.36,720,78,0
2026.02.20 21:24:00,94303.16,94306.28,94264.23,94268.43,720,78,0
2026.02.20 21:12:00,94292.04,94332.78,94292.04,94303.10,720,78,0
2026.02.20 21:00:00,94339.59,94350.57,94281.84,94291.98,720,78,0
2026.02.20 20:48:00,94318.62,94341.42,94318.62,94339.53,720,78,0
2026.02.20 20:36:00,94333.38,94339.98,94305.67,94318.56,720,78,0
2026.02.20 20:24:00,94324.06,94344.54,94311.30,94333.32,720,78,0
2026.02.20 20:12:00,94304.71,94337.23,94304.71,94324.00,720,78,0
2026.02.20 20:00:00,94316.95,94344.61,94292.35,94304.65,720,78,0
2026.02.20 19:48:00,94300.08,94316.89,94284.19,94316.89,720,78,0
2026.02.20 19:36:00,94256.88,94300.02,94256.88,94300.02,720,78,0
2026.02.20 19:24:00,94301.84,94319.24,94250.04,94256.82,720,78,0
2026.02.20 19:12:00,94363.72,94370.44,94297.58,94301.78,720,78,0
2026.02.20 19:00:00,94320.52,94363.66,94320.52,94363.66,720,78,0
2026.02.20 18:48:00,94344.62,94356.68,94306.90,94320.46,720,78,0
2026.02.20 18:36:00,94319.11,94344.56,94315.88,94344.56,720,78,0
2026.02.20 18:24:00,94297.36,94319.05,94290.43,94319.05,720,78,0
2026.02.20 18:12:00,94317.01,94331.60,94291.48,94297.30,720,78,0
2026.02.20 18:00:00,94273.81,94316.95,94273.81,94316.95,720,78,0
2026.02.20 17:48:00,94248.67,94273.75,94248.67,94273.75,720,78,0
2026.02.20 17:36:00,94223.10,94264.44,94223.10,94248.61,720,78,0
2026.02.20 17:24:00,94179.90,94223.04,94179.90,94223.04,720,78,0
2026.02.20 17:12:00,94177.10,94189.65,94163.76,94179.84,720,78,0
2026.02.20 17:00:00,94186.60,94207.90,94176.44,94177.04,720,78,0
2026.02.20 16:48:00,94164.29,94201.31,94164.29,94186.54,720,78,0
2026.02.20 16:36:00,94225.73,94226.33,94162.43,94164.23,720,78,0
2026.02.20 16:24:00,94223.73,94225.95,94184.75,94225.67,721,78,0
2026.02.20 16:12:00,94231.58,94245.50,94213.83,94223.67,720,78,0
2026.02.20 16:00:00,94283.93,94302.95,94229.12,94231.52,720,78,0
2026.02.20 15:48:00,94299.51,94316.55,94259.81,94283.87,720,78,0
2026.02.20 15:36:00,94256.31,94299.45,94256.31,94299.45,720,78,0
2026.02.20 15:24:00,94240.16,94269.68,94240.16,94256.25,720,78,0
2026.02.20 15:12:00,94242.69,94267.59,94224.50,94240.10,720,78,0
2026.02.20 15:00:00,94313.00,94321.10,94242.51,94242.63,720,78,0
2026.02.20 14:48:00,94284.92,94312.94,94284.92,94312.94,720,78,0
2026.02.20 14:36:00,94288.90,94306.30,94282.28,94284.86,720,78,0
2026.02.20 14:24:00,94297.49,94304.93,94257.34,94288.84,720,78,0
2026.02.20 14:12:00,94303.99,94330.09,94295.99,94297.43,720,78,0
2026.02.20 14:00:00,94286.94,94314.36,94286.94,94303.93,720,78,0
2026.02.20 13:48:00,94275.04,94286.88,94247.40,94286.88,720,78,0
2026.02.20 13:36:00,94231.84,94274.98,94231.84,94274.98,720,78,0
2026.02.20 13:24:00,94237.66,94246.06,94226.02,94231.78,720,78,0
2026.02.20 13:12:00,94266.13,94266.67,94217.08,94237.60,720,78,0
2026.02.20 13:00:00,94261.48,94278.34,94258.09,94266.07,720,78,0
2026.02.20 12:48:00,94258.50,94287.36,94255.00,94261.42,720,78,0
2026.02.20 12:36:00,94267.19,94267.55,94235.75,94258.44,720,78,0
2026.02.20 12:24:00,94249.88,94274.78,94248.95,94267.13,720,78,0
2026.02.20 12:12:00,94247.47,94265.95,94235.24,94249.82,720,78,0
2026.02.20 12:00:00,94273.59,94284.75,94225.33,94247.41,720,78,0
2026.02.20 11:48:00,94294.00,94303.60,94243.95,94273.53,720,78,0
2026.02.20 11:36:00,94277.04,94315.14,94277.04,94293.94,720,78,0
2026.02.20 11:24:00,94275.80,94284.62,94253.42,94276.98,720,78,0
2026.02.20 11:12:00,94284.43,94302.55,94252.76,94275.74,720,78,0
2026.02.20 11:00:00,94241.23,94284.37,94241.23,94284.37,720,78,0
2026.02.20 10:48:00,94307.10,94317.48,94221.79,94241.17,720,78,0
2026.02.20 10:36:00,94294.90,94326.16,94294.90,94307.04,720,78,0
2026.02.20 10:24:00,94343.17,94346.05,94259.98,94294.84,720,78,0
2026.02.20 10:12:00,94365.18,94366.80,94330.51,94343.11,718,78,0
2026.02.20 10:00:00,94321.98,94365.12,94321.98,94365.12,720,78,0
2026.02.20 09:48:00,94348.21,94359.13,94319.52,94321.92,720,78,0
2026.02.20 09:36:00,94383.48,94386.84,94311.67,94348.15,720,78,0
2026.02.20 09:24:00,94447.80,94450.02,94382.22,94383.42,720,78,0
2026.02.20 09:12:00,94417.06,94447.74,94417.06,94447.74,720,78,0
2026.02.20 09:00:00,94436.71,94439.95,94389.10,94417.00,720,78,0
2026.02.20 08:48:00,94581.25,94583.95,94431.25,94436.65,720,78,0
2026.02.20 08:36:00,94537.99,94581.19,94537.99,94581.19,721,78,0
2026.02.20 08:24:00,94530.46,94542.86,94521.80,94537.93,720,78,0
2026.02.20 08:12:00,94512.20,94530.40,94500.82,94530.40,720,78,0
2026.02.20 08:00:00,94514.19,94535.55,94494.14,94512.14,720,78,0
2026.02.20 07:48:00,94493.32,94527.76,94493.32,94514.13,720,78,0
2026.02.20 07:36:00,94466.49,94499.79,94466.49,94493.26,720,78,0
2026.02.20 07:24:00,94514.55,94526.91,94458.27,94466.43,720,78,0
2026.02.20 07:12:00,94471.35,94514.49,94471.35,94514.49,720,78,0
2026.02.20 07:00:00,94493.04,94500.12,94467.03,94471.29,720,78,0
2026.02.20 06:48:00,94483.22,94492.98,94451.82,94492.98,720,78,0
2026.02.20 06:36:00,94498.79,94500.53,94462.60,94483.16,720,78,0
2026.02.20 06:24:00,94474.04,94511.30,94474.04,94498.73,720,78,0
2026.02.20 06:12:00,94451.26,94484.92,94451.26,94473.98,720,78,0
2026.02.20 06:00:00,94461.84,94477.08,94423.36,94451.20,720,78,0
2026.02.20 05:48:00,94456.60,94463.68,94425.78,94461.78,720,78,0
2026.02.20 05:36:00,94459.68,94466.66,94436.80,94456.54,720,78,0
2026.02.20 05:24:00,94431.14,94459.62,94431.14,94459.62,720,78,0
2026.02.20 05:12:00,94402.37,94431.08,94402.37,94431.08,720,78,0
2026.02.20 05:00:00,94390.18,94402.31,94361.87,94402.31,720,78,0
2026.02.20 04:48:00,94458.70,94475.56,94383.94,94390.12,720,78,0
2026.02.20 04:36:00,94463.46,94470.30,94425.28,94458.64,720,78,0
2026.02.20 04:24:00,94446.09,94472.10,94446.09,94463.40,720,78,0
2026.02.20 04:12:00,94461.07,94495.03,94445.61,94446.03,720,78,0
2026.02.20 04:00:00,94489.84,94519.84,94456.45,94461.01,720,78,0
2026.02.20 03:48:00,94521.12,94541.82,94484.98,94489.78,720,78,0
2026.02.20 03:36:00,94519.71,94537.17,94505.28,94521.06,720,78,0
2026.02.20 03:24:00,94564.56,94572.54,94516.11,94519.65,720,78,0
2026.02.20 03:12:00,94558.04,94564.50,94530.42,94564.50,720,78,0
2026.02.20 03:00:00,94530.59,94557.98,94521.38,94557.98,720,78,0
2026.02.20 02:48:00,94566.24,94569.30,94522.49,94530.53,720,78,0
2026.02.20 02:36:00,94552.37,94573.79,94544.52,94566.18,720,78,0
2026.02.20 02:24:00,94537.27,94567.87,94537.27,94552.31,720,78,0
2026.02.20 02:12:00,94541.20,94578.88,94531.81,94537.21,720,78,0
2026.02.20 02:00:00,94576.44,94577.52,94520.14,94541.14,720,78,0
2026.02.20 01:48:00,94561.49,94591.37,94561.49,94576.38,720,78,0
2026.02.20 01:36:00,94590.40,94621.24,94556.21,94561.43,720,78,0
2026.02.20 01:24:00,94585.67,94594.31,94561.36,94590.34,720,78,0
2026.02.20 01:12:00,94564.14,94585.61,94542.89,94585.61,720,78,0
2026.02.20 01:00:00,94580.55,94590.75,94547.34,94564.08,720,78,0
2026.02.20 00:48:00,94593.45,94599.87,94559.21,94580.49,720,78,0
2026.02.20 00:36:00,94550.25,94593.39,94550.25,94593.39,720,78,0
2026.02.20 00:24:00,94547.05,94580.71,94540.77,94550.19,720,78,0
2026.02.20 00:12:00,94572.88,94573.72,94522.09,94546.99,720,78,0
2026.02.20 00:00:00,94529.68,94572.82,94529.68,94572.82,720,78,0
2026.02.19 23:48:00,94520.70,94555.98,94520.70,94529.62,720,78,0
2026.02.19 23:36:00,94477.50,94520.64,94477.50,94520.64,720,78,0
2026.02.19 23:24:00,94434.24,94477.44,94434.24,94477.44,721,78,0
2026.02.19 23:12:00,94453.12,94467.70,94415.10,94434.18,720,78,0
2026.02.19 23:00:00,94484.35,94493.59,94447.84,94453.06,720,78,0
2026.02.19 22:48:00,94524.32,94563.14,94482.73,94484.29,720,78,0
2026.02.19 22:36:00,94519.70,94548.25,94519.70,94524.26,720,78,0
2026.02.19 22:24:00,94476.50,94519.64,94476.50,94519.64,720,78,0
2026.02.19 22:12:00,94452.81,94482.33,94452.81,94476.44,720,78,0
2026.02.19 22:00:00,94427.78,94452.75,94414.83,94452.75,720,78,0
2026.02.19 21:48:00,94451.02,94463.50,94421.42,94427.72,720,78,0
2026.02.19 21:36:00,94478.81,94495.37,94439.08,94450.96,720,78,0
2026.02.19 21:24:00,94461.78,94478.75,94447.19,94478.75,720,78,0
2026.02.19 21:12:00,94449.09,94461.72,94420.20,94461.72,720,78,0
2026.02.19 21:00:00,94405.89,94449.03,94405.89,94449.03,720,78,0
2026.02.19 20:48:00,94380.07,94405.83,94363.29,94405.83,720,78,0
2026.02.19 20:36:00,94397.46,94433.40,94377.67,94380.01,720,78,0
2026.02.19 20:24:00,94404.24,94409.10,94374.84,94397.40,720,78,0
2026.02.19 20:12:00,94392.53,94421.51,94390.08,94404.18,720,78,0
2026.02.19 20:00:00,94362.35,94392.47,94354.31,94392.47,720,78,0
2026.02.19 19:48:00,94319.15,94362.29,94319.15,94362.29,720,78,0
2026.02.19 19:36:00,94275.95,94319.09,94275.95,94319.09,720,78,0
2026.02.19 19:24:00,94308.82,94330.06,94267.19,94275.89,720,78,0
2026.02.19 19:12:00,94308.81,94310.61,94278.40,94308.76,720,78,0
2026.02.19 19:00:00,94373.10,94385.16,94306.05,94308.75,720,78,0
2026.02.19 18:48:00,94349.40,94373.04,94349.40,94373.04,720,78,0
2026.02.19 18:36:00,94352.77,94373.83,94338.90,94349.34,720,78,0
2026.02.19 18:24:00,94422.14,94423.40,94349.11,94352.71,720,78,0
2026.02.19 18:12:00,94525.69,94531.27,94420.94,94422.08,720,78,0
2026.02.19 18:00:00,94521.58,94530.22,94491.19,94525.63,720,78,0
2026.02.19 17:48:00,94478.38,94521.52,94478.38,94521.52,720,78,0
2026.02.19 17:36:00,94435.18,94478.32,94435.18,94478.32,720,78,0
2026.02.19 17:24:00,94391.98,94435.12,94391.98,94435.12,720,78,0
2026.02.19 17:12:00,94422.44,94425.08,94372.78,94391.92,720,78,0
2026.02.19 17:00:00,94438.52,94447.58,94407.26,94422.38,720,78,0
2026.02.19 16:48:00,94416.37,94452.79,94416.37,94438.46,720,78,0
2026.02.19 16:36:00,94397.80,94416.31,94386.49,94416.31,720,78,0
2026.02.19 16:24:00,94368.64,94397.74,94368.64,94397.74,720,78,0
2026.02.19 16:12:00,94364.45,94392.41,94356.16,94368.58,720,78,0
2026.02.19 16:00:00,94333.47,94364.39,94333.47,94364.39,720,78,0
2026.02.19 15:48:00,94377.91,94389.91,94323.75,94333.41,720,78,0
2026.02.19 15:36:00,94334.71,94377.85,94334.71,94377.85,720,78,0
2026.02.19 15:24:00,94345.00,94370.38,94321.27,94334.65,720,78,0
2026.02.19 15:12:00,94366.76,94370.90,94328.56,94344.94,720,78,0
2026.02.19 15:00:00,94404.36,94405.44,94359.02,94366.70,720,78,0
2026.02.19 14:48:00,94382.09,94415.99,94382.09,94404.30,720,78,0
2026.02.19 14:36:00,94384.95,94408.29,94376.63,94382.03,720,78,0
2026.02.19 14:24:00,94373.73,94384.89,94350.51,94384.89,721,78,0
2026.02.19 14:12:00,94404.94,94425.64,94368.33,94373.67,720,78,0
2026.02.19 14:00:00,94435.04,94448.61,94391.98,94404.88,720,78,0
2026.02.19 13:48:00,94417.60,94434.98,94399.70,94434.98,720,78,0
2026.02.19 13:36:00,94374.40,94417.54,94374.40,94417.54,720,78,0
2026.02.19 13:24:00,94393.47,94403.35,94367.26,94374.34,720,78,0
2026.02.19 13:12:00,94400.90,94416.50,94384.52,94393.41,720,78,0
2026.02.19 13:00:00,94384.38,94403.84,94376.66,94400.84,720,78,0
2026.02.19 12:48:00,94373.49,94391.13,94369.38,94384.32,720,78,0
2026.02.19 12:36:00,94358.99,94379.44,94352.98,94373.43,720,78,0
2026.02.19 12:24:00,94315.79,94358.93,94315.79,94358.93,720,78,0
2026.02.19 12:12:00,94298.00,94315.73,94275.41,94315.73,720,78,0
2026.02.19 12:00:00,94280.94,94297.94,94277.78,94297.94,720,78,0
2026.02.19 11:48:00,94237.74,94280.88,94237.74,94280.88,720,78,0
2026.02.19 11:36:00,94213.64,94237.68,94196.64,94237.68,720,78,0
2026.02.19 11:24:00,94193.49,94216.41,94193.42,94213.58,720,78,0
2026.02.19 11:12:00,94201.79,94218.29,94177.83,94193.43,720,78,0
2026.02.19 11:00:00,94269.48,94289.82,94199.69,94201.73,720,78,0
2026.02.19 10:48:00,94295.09,94308.89,94263.42,94269.42,720,78,0
2026.02.19 10:36:00,94287.08,94313.42,94272.56,94295.03,720,78,0
2026.02.19 10:24:00,94261.60,94287.52,94261.60,94287.02,720,78,0
2026.02.19 10:12:00,94234.06,94274.50,94234.06,94261.54,720,78,0
2026.02.19 10:00:00,94218.01,94234.00,94210.18,94234.00,720,78,0
2026.02.19 09:48:00,94174.81,94217.95,94174.81,94217.95,720,78,0
2026.02.19 09:36:00,94184.06,94202.78,94152.49,94174.75,720,78,0
2026.02.19 09:24:00,94197.79,94217.35,94161.56,94184.00,720,78,0
2026.02.19 09:12:00,94154.59,94197.73,94154.59,94197.73,720,78,0
2026.02.19 09:00:00,94146.95,94160.28,94139.11,94154.53,720,78,0
2026.02.19 08:48:00,94148.37,94159.25,94126.73,94146.89,720,78,0
2026.02.19 08:36:00,94105.17,94148.31,94105.17,94148.31,720,78,0
2026.02.19 08:24:00,94157.57,94161.48,94103.97,94105.11,720,78,0
2026.02.19 08:12:00,94169.36,94184.78,94141.07,94157.51,720,78,0
2026.02.19 08:00:00,94172.56,94191.70,94161.32,94169.30,720,78,0
2026.02.19 07:48:00,94143.88,94172.50,94143.88,94172.50,720,78,0
2026.02.19 07:36:00,94128.86,94151.12,94123.00,94143.82,720,78,0
2026.02.19 07:24:00,94140.12,94154.10,94120.40,94128.80,720,78,0
2026.02.19 07:12:00,94222.70,94235.24,94139.40,94140.06,720,78,0
2026.02.19 07:00:00,94289.72,94290.80,94214.06,94222.64,720,78,0
2026.02.19 06:48:00,94292.78,94299.74,94266.08,94289.66,720,78,0
2026.02.19 06:36:00,94249.58,94292.72,94249.58,94292.72,720,78,0
2026.02.19 06:24:00,94250.33,94277.99,94249.40,94249.52,720,78,0
2026.02.19 06:12:00,94207.13,94250.27,94207.13,94250.27,720,78,0
2026.02.19 06:00:00,94215.33,94216.17,94186.29,94207.07,720,78,0
2026.02.19 05:48:00,94193.07,94215.27,94193.01,94215.27,720,78,0
2026.02.19 05:36:00,94172.51,94199.33,94172.51,94193.01,720,78,0
2026.02.19 05:24:00,94172.58,94204.92,94163.03,94172.45,720,78,0
2026.02.19 05:12:00,94129.32,94172.52,94129.32,94172.52,721,78,0
2026.02.19 05:00:00,94086.12,94129.26,94086.12,94129.26,720,78,0
2026.02.19 04:48:00,94059.23,94086.06,94059.23,94086.06,720,78,0
2026.02.19 04:36:00,94084.79,94092.83,94028.75,94059.17,720,78,0
2026.02.19 04:24:00,94063.69,94084.73,94058.69,94084.73,720,78,0
2026.02.19 04:12:00,94075.85,94088.93,94056.13,94063.63,720,78,0
2026.02.19 04:00:00,94054.85,94086.95,94054.85,94075.79,720,78,0
2026.02.19 03:48:00,94023.96,94054.79,94021.73,94054.79,720,78,0
2026.02.19 03:36:00,93980.76,94023.90,93980.76,94023.90,720,78,0
2026.02.19 03:24:00,93983.27,93996.39,93962.67,93980.70,720,78,0
2026.02.19 03:12:00,93975.40,94011.40,93975.40,93983.21,720,78,0
2026.02.19 03:00:00,93944.60,93977.24,93944.60,93975.34,720,78,0
2026.02.19 02:48:00,93966.99,93967.11,93905.78,93944.54,720,78,0
2026.02.19 02:36:00,93990.18,94012.98,93961.65,93966.93,720,78,0
2026.02.19 02:24:00,93983.78,93992.72,93962.88,93990.12,720,78,0
2026.02.19 02:12:00,93995.87,94018.01,93982.76,93983.72,720,78,0
2026.02.19 02:00:00,94004.13,94009.89,93960.77,93995.81,720,78,0
2026.02.19 01:48:00,93986.74,94024.48,93986.74,94004.07,720,78,0
2026.02.19 01:36:00,93997.35,94009.77,93969.82,93986.68,720,78,0
2026.02.19 01:24:00,94006.60,94031.80,93996.45,93997.29,720,78,0
2026.02.19 01:12:00,94025.13,94026.69,93990.94,94006.54,720,78,0
2026.02.19 01:00:00,94066.75,94071.85,94018.66,94025.07,720,78,0
2026.02.19 00:48:00,94080.38,94092.32,94053.01,94066.69,720,78,0
2026.02.19 00:36:00,94112.05,94125.07,94067.18,94080.32,720,78,0
2026.02.19 00:24:00,94102.14,94145.28,94102.14,94145.28,720,78,0
2026.02.19 00:12:00,94171.99,94178.05,94091.04,94102.08,720,78,0
2026.02.19 00:00:00,94206.00,94206.18,94141.93,94171.93,720,78,0
2026.02.18 23:48:00,94162.80,94205.94,94162.80,94205.94,720,78,0
2026.02.18 23:36:00,94207.42,94220.98,94157.94,94162.74,720,78,0
2026.02.18 23:24:00,94236.18,94254.60,94200.64,94207.36,720,78,0
2026.02.18 23:12:00,94232.95,94242.06,94209.36,94236.12,720,78,0
2026.02.18 23:00:00,94233.63,94258.65,94229.23,94232.89,720,78,0
2026.02.18 22:48:00,94221.57,94244.49,94213.41,94233.57,720,78,0
2026.02.18 22:36:00,94197.42,94229.46,94197.42,94221.51,720,78,0
2026.02.18 22:24:00,94182.27,94197.36,94172.46,94197.36,720,78,0
2026.02.18 22:12:00,94200.67,94207.51,94169.25,94182.21,720,78,0
2026.02.18 22:00:00,94157.47,94200.61,94157.47,94200.61,720,78,0
2026.02.18 21:48:00,94114.27,94157.41,94114.27,94157.41,720,78,0
2026.02.18 21:36:00,94137.79,94137.96,94096.39,94114.21,720,78,0
2026.02.18 21:24:00,94115.85,94140.51,94115.85,94137.73,720,78,0
2026.02.18 21:12:00,94072.65,94115.79,94072.65,94115.79,720,78,0
2026.02.18 21:00:00,94071.09,94110.63,94071.09,94072.59,720,78,0
2026.02.18 20:48:00,94062.56,94073.48,94049.72,94071.03,720,78,0
2026.02.18 20:36:00,94067.31,94070.01,94026.08,94062.50,720,78,0
2026.02.18 20:24:00,94037.86,94075.24,94037.86,94067.25,720,78,0
2026.02.18 20:12:00,93994.60,94037.80,93994.60,94037.80,721,78,0
2026.02.18 20:00:00,94042.04,94067.66,93991.78,93994.54,720,78,0
2026.02.18 19:48:00,94074.08,94083.44,94038.38,94041.98,720,78,0
2026.02.18 19:36:00,94093.40,94097.84,94068.06,94074.02,720,78,0
2026.02.18 19:24:00,94073.45,94106.63,94073.45,94093.34,720,78,0
2026.02.18 19:12:00,94085.25,94098.21,94057.49,94073.39,720,78,0
2026.02.18 19:00:00,94098.20,94107.08,94051.77,94085.19,720,78,0
2026.02.18 18:48:00,94073.76,94098.14,94073.76,94098.14,720,78,0
2026.02.18 18:36:00,94066.01,94083.11,94047.72,94073.70,720,78,0
2026.02.18 18:24:00,94036.37,94065.95,94023.59,94065.95,720,78,0
2026.02.18 18:12:00,93993.17,94036.31,93993.17,94036.31,720,78,0
2026.02.18 18:00:00,93963.19,93993.11,93963.19,93993.11,720,78,0
2026.02.18 17:48:00,93960.67,93977.89,93947.65,93963.13,720,78,0
2026.02.18 17:36:00,93942.71,93960.61,93929.41,93960.61,720,78,0
2026.02.18 17:24:00,93938.31,93947.67,93908.93,93942.65,720,78,0
2026.02.18 17:12:00,93957.19,93969.19,93934.23,93938.25,720,78,0
2026.02.18 17:00:00,93968.52,93975.18,93935.89,93957.13,720,78,0
2026.02.18 16:48:00,93981.74,94001.18,93959.40,93968.46,720,78,0
2026.02.18 16:36:00,93988.22,94000.57,93967.28,93981.68,720,78,0
2026.02.18 16:24:00,93995.14,94011.40,93973.28,93988.16,720,78,0
2026.02.18 16:12:00,93970.18,93998.02,93970.18,93995.08,720,78,0
2026.02.18 16:00:00,93947.14,93970.12,93936.46,93970.12,720,78,0
2026.02.18 15:48:00,93932.41,93958.63,93930.22,93947.08,720,78,0
2026.02.18 15:36:00,93967.09,93974.47,93907.33,93932.35,720,78,0
2026.02.18 15:24:00,93963.34,93989.50,93963.34,93967.03,720,78,0
2026.02.18 15:12:00,93986.33,93996.77,93940.48,93963.28,720,78,0
2026.02.18 15:00:00,93962.02,93986.27,93956.33,93986.27,720,78,0
2026.02.18 14:48:00,93975.49,93978.67,93949.33,93961.96,720,78,0
2026.02.18 14:36:00,93958.82,94001.72,93958.82,93975.43,720,78,0
2026.02.18 14:24:00,93945.16,93977.98,93945.16,93958.76,720,78,0
2026.02.18 14:12:00,93960.75,93977.50,93937.42,93977.50,720,78,0
2026.02.18 14:00:00,93943.09,93960.69,93933.21,93960.69,720,78,0
2026.02.18 13:48:00,93919.05,93949.65,93919.05,93943.03,720,78,0
2026.02.18 13:36:00,93888.60,93918.99,93888.60,93918.99,720,78,0
2026.02.18 13:24:00,93885.78,93917.76,93877.74,93888.54,720,78,0
2026.02.18 13:12:00,93921.92,93943.92,93881.94,93885.72,720,78,0
2026.02.18 13:00:00,93878.72,93921.86,93878.72,93921.86,720,78,0
2026.02.18 12:48:00,93868.12,93878.66,93845.66,93878.66,720,78,0
2026.02.18 12:36:00,93855.82,93868.06,93833.80,93868.06,720,78,0
2026.02.18 12:24:00,93830.30,93855.76,93825.10,93855.76,720,78,0
2026.02.18 12:12:00,93845.60,93845.84,93810.70,93830.24,720,78,0
2026.02.18 12:00:00,93831.95,93863.51,93831.95,93845.54,720,78,0
2026.02.18 11:48:00,93877.84,93883.72,93816.47,93831.89,720,78,0
2026.02.18 11:36:00,93850.42,93877.78,93841.42,93877.78,720,78,0
2026.02.18 11:24:00,93849.14,93856.52,93822.16,93850.36,720,78,0
2026.02.18 11:12:00,93846.98,93859.33,93834.61,93849.08,720,78,0
2026.02.18 11:00:00,93819.53,93846.92,93819.53,93846.92,721,78,0
2026.02.18 10:48:00,93798.14,93837.50,93798.14,93819.47,720,78,0
2026.02.18 10:36:00,93754.94,93798.08,93754.94,93798.08,720,78,0
2026.02.18 10:24:00,93711.74,93754.88,93711.74,93754.88,720,78,0
2026.02.18 10:12:00,93721.90,93726.46,93689.96,93711.68,720,78,0
2026.02.18 10:00:00,93711.10,93751.66,93711.10,93721.84,720,78,0
2026.02.18 09:48:00,93756.19,93767.89,93689.86,93711.04,720,78,0
2026.02.18 09:36:00,93754.60,93759.16,93717.91,93756.13,720,78,0
2026.02.18 09:24:00,93736.27,93757.93,93733.12,93754.54,720,78,0
2026.02.18 09:12:00,93733.76,93765.50,93724.87,93736.21,720,78,0
2026.02.18 09:00:00,93759.64,93767.74,93722.30,93733.70,720,78,0
2026.02.18 08:48:00,93716.44,93759.58,93716.44,93759.58,720,78,0
2026.02.18 08:36:00,93700.94,93716.38,93675.70,93716.38,720,78,0
2026.02.18 08:24:00,93657.74,93700.88,93657.74,93700.88,720,78,0
2026.02.18 08:12:00,93764.33,93768.47,93652.76,93657.68,720,78,0
2026.02.18 08:00:00,93721.13,93764.27,93721.13,93764.27,720,78,0
2026.02.18 07:48:00,93734.49,93763.47,93709.13,93721.07,720,78,0
2026.02.18 07:36:00,93691.29,93734.43,93691.29,93734.43,720,78,0
2026.02.18 07:24:00,93731.92,93742.54,93667.05,93691.23,720,78,0
2026.02.18 07:12:00,93742.45,93753.25,93706.00,93731.86,720,78,0
2026.02.18 07:00:00,93775.21,93782.11,93720.61,93742.39,720,78,0
2026.02.18 06:48:00,93762.74,93793.10,93762.43,93775.15,720,78,0
2026.02.18 06:36:00,93834.94,93853.30,93758.60,93762.68,720,78,0
2026.02.18 06:24:00,93856.42,93874.12,93834.16,93834.88,720,78,0
2026.02.18 06:12:00,93813.22,93856.36,93813.22,93856.36,720,78,0
2026.02.18 06:00:00,93770.02,93813.16,93770.02,93813.16,720,78,0
2026.02.18 05:48:00,93753.53,93784.34,93753.53,93769.96,720,78,0
2026.02.18 05:36:00,93738.33,93757.29,93729.35,93753.47,720,78,0
2026.02.18 05:24:00,93695.13,93738.27,93695.13,93738.27,720,78,0
2026.02.18 05:12:00,93730.20,93731.64,93656.61,93695.07,720,78,0
2026.02.18 05:00:00,93735.69,93735.93,93698.34,93730.14,720,78,0
2026.02.18 04:48:00,93705.87,93738.57,93705.87,93735.63,720,78,0
2026.02.18 04:36:00,93713.51,93723.17,93690.69,93705.81,720,78,0
2026.02.18 04:24:00,93777.68,93784.64,93699.32,93713.45,720,78,0
2026.02.18 04:12:00,93761.04,93796.80,93761.04,93777.62,720,78,0
2026.02.18 04:00:00,93755.05,93784.33,93747.18,93760.98,720,78,0
2026.02.18 03:48:00,93734.93,93754.99,93719.65,93754.99,720,78,0
2026.02.18 03:36:00,93724.25,93759.95,93724.25,93734.87,720,78,0
2026.02.18 03:24:00,93736.36,93759.64,93714.65,93724.19,720,78,0
2026.02.18 03:12:00,93693.16,93736.30,93693.16,93736.30,720,78,0
2026.02.18 03:00:00,93724.29,93743.49,93678.58,93693.10,720,78,0
2026.02.18 02:48:00,93759.84,93772.74,93694.95,93724.23,720,78,0
2026.02.18 02:36:00,93831.71,93836.63,93748.38,93759.78,720,78,0
2026.02.18 02:24:00,93853.28,93860.60,93825.65,93831.65,720,78,0
2026.02.18 02:12:00,93871.57,93882.01,93847.88,93853.22,720,78,0
2026.02.18 02:00:00,93859.07,93871.51,93833.47,93871.51,721,78,0
2026.02.18 01:48:00,93855.87,93867.87,93840.29,93859.01,720,78,0
2026.02.18 01:36:00,93853.11,93857.85,93830.25,93855.81,720,78,0
2026.02.18 01:24:00,93925.75,93941.95,93847.59,93853.05,720,78,0
2026.02.18 01:12:00,93945.49,93954.49,93922.15,93925.69,720,78,0
2026.02.18 01:00:00,93931.58,93955.34,93926.11,93945.43,720,78,0
2026.02.18 00:48:00,93940.94,93948.32,93918.14,93931.52,720,78,0
2026.02.18 00:36:00,93934.72,93950.51,93926.45,93940.88,720,78,0
2026.02.18 00:24:00,93944.32,93973.30,93928.24,93934.66,720,78,0
2026.02.18 00:12:00,94003.98,94004.88,93942.34,93944.26,720,78,0
2026.02.18 00:00:00,93981.31,94003.92,93973.98,94003.92,720,78,0
2026.02.17 23:48:00,93967.61,94010.03,93967.61,93981.25,720,78,0
2026.02.17 23:36:00,93991.95,93994.37,93966.65,93967.55,720,78,0
2026.02.17 23:24:00,94038.08,94063.34,93980.73,93991.89,720,78,0
2026.02.17 23:12:00,94067.19,94082.67,94013.78,94038.02,720,78,0
2026.02.17 23:00:00,94130.31,94130.37,94065.87,94067.13,720,78,0
2026.02.17 22:48:00,94087.11,94130.25,94087.11,94130.25,720,78,0
2026.02.17 22:36:00,94043.91,94087.05,94043.91,94087.05,720,78,0
2026.02.17 22:24:00,94000.71,94043.85,94000.71,94043.85,720,78,0
2026.02.17 22:12:00,94013.91,94028.61,93987.21,94000.65,720,78,0
2026.02.17 22:00:00,94009.33,94034.22,93996.96,94013.85,720,78,0
2026.02.17 21:48:00,94021.45,94025.71,93991.89,94009.27,720,78,0
2026.02.17 21:36:00,94047.51,94063.35,94006.36,94021.39,720,78,0
2026.02.17 21:24:00,94019.95,94047.45,94019.95,94047.45,720,78,0
2026.02.17 21:12:00,93991.97,94019.89,93991.97,94019.89,720,78,0
2026.02.17 21:00:00,93968.75,93995.57,93968.75,93991.91,720,78,0
2026.02.17 20:48:00,94021.51,94032.61,93951.05,93968.69,720,78,0
2026.02.17 20:36:00,93995.38,94024.78,93995.38,94021.45,720,78,0
2026.02.17 20:24:00,94008.69,94018.11,93979.96,93995.32,720,78,0
2026.02.17 20:12:00,93996.61,94017.13,93996.61,94008.63,720,78,0
2026.02.17 20:00:00,94054.32,94071.84,93987.43,93996.55,720,78,0
2026.02.17 19:48:00,94011.12,94054.26,94011.12,94054.26,720,78,0
2026.02.17 19:36:00,94016.51,94045.49,94002.78,94011.06,720,78,0
2026.02.17 19:24:00,94015.80,94051.08,94014.53,94016.45,720,78,0
2026.02.17 19:12:00,94041.28,94046.38,94004.76,94015.74,720,78,0
2026.02.17 19:00:00,94058.04,94067.52,94021.40,94041.22,720,78,0
2026.02.17 18:48:00,94093.83,94101.39,94040.82,94057.98,720,78,0
2026.02.17 18:36:00,94064.23,94093.77,94056.87,94093.77,720,78,0
2026.02.17 18:24:00,94040.03,94070.39,94040.03,94064.17,720,78,0
2026.02.17 18:12:00,93996.83,94039.97,93996.83,94039.97,720,78,0
2026.02.17 18:00:00,93975.65,93996.77,93971.15,93996.77,720,78,0
2026.02.17 17:48:00,93947.38,93975.59,93941.39,93975.59,720,78,0
2026.02.17 17:36:00,93927.61,93948.07,93924.70,93947.32,720,78,0
2026.02.17 17:24:00,93917.17,93927.55,93893.59,93927.55,720,78,0
2026.02.17 17:12:00,93932.21,93948.26,93916.75,93917.11,720,78,0
2026.02.17 17:00:00,93888.95,93932.15,93888.95,93932.15,721,78,0
2026.02.17 16:48:00,93845.75,93888.89,93845.75,93888.89,720,78,0
2026.02.17 16:36:00,93855.18,93874.62,93826.07,93845.69,720,78,0
2026.02.17 16:24:00,93861.73,93895.09,93848.34,93855.12,720,78,0
2026.02.17 16:12:00,93885.59,93893.75,93837.43,93861.67,720,78,0
2026.02.17 16:00:00,93903.17,93907.43,93853.25,93885.53,720,78,0
2026.02.17 15:48:00,93940.27,93943.57,93890.64,93903.11,720,78,0
2026.02.17 15:36:00,93963.37,93967.63,93935.98,93964.90,720,78,0
2026.02.17 15:24:00,94014.78,94014.84,93950.45,93963.31,720,78,0
2026.02.17 15:12:00,94018.79,94035.25,94007.04,94014.72,720,78,0
2026.02.17 15:00:00,93975.59,94018.73,93975.59,94018.73,720,78,0
2026.02.17 14:48:00,93950.75,93979.79,93950.75,93975.53,720,78,0
2026.02.17 14:36:00,93943.48,93950.69,93912.23,93950.69,720,78,0
2026.02.17 14:24:00,93952.29,93966.37,93938.05,93943.42,720,78,0
2026.02.17 14:12:00,93983.46,93988.74,93949.90,93952.23,720,78,0
2026.02.17 14:00:00,93988.95,94001.97,93968.70,93983.40,720,78,0
2026.02.17 13:48:00,93958.98,93999.18,93958.98,93988.89,720,78,0
2026.02.17 13:36:00,93985.81,93989.17,93923.70,93958.92,720,78,0
2026.02.17 13:24:00,93966.40,93996.10,93966.40,93985.75,720,78,0
2026.02.17 13:12:00,93940.55,93966.34,93939.40,93966.34,720,78,0
2026.02.17 13:00:00,93920.31,93940.49,93907.67,93940.49,720,78,0
2026.02.17 12:48:00,93961.66,93963.34,93898.47,93920.25,720,78,0
2026.02.17 12:36:00,93918.46,93961.60,93918.46,93961.60,720,78,0
2026.02.17 12:24:00,93926.37,93943.53,93906.76,93918.40,720,78,0
2026.02.17 12:12:00,93883.17,93926.31,93883.17,93926.31,720,78,0
2026.02.17 12:00:00,93875.94,93883.11,93843.99,93883.11,720,78,0
2026.02.17 11:48:00,93880.38,93910.26,93872.76,93875.88,720,78,0
2026.02.17 11:36:00,93942.13,93942.73,93856.14,93880.32,720,78,0
2026.02.17 11:24:00,93993.38,94003.94,93934.39,93942.07,720,78,0
2026.02.17 11:12:00,94039.96,94042.84,93989.06,93993.32,720,78,0
2026.02.17 11:00:00,94110.82,94124.20,94034.50,94039.90,720,78,0
2026.02.17 10:48:00,94110.71,94126.73,94101.24,94110.76,720,78,0
2026.02.17 10:36:00,94097.01,94110.65,94077.71,94110.65,720,78,0
2026.02.17 10:24:00,94075.65,94113.69,94075.65,94096.95,720,78,0
2026.02.17 10:12:00,94069.35,94103.01,94069.05,94075.59,720,78,0
2026.02.17 10:00:00,94089.15,94108.77,94065.87,94069.29,720,78,0
2026.02.17 09:48:00,94162.14,94167.18,94077.90,94089.09,720,78,0
2026.02.17 09:36:00,94132.64,94162.08,94132.64,94162.08,720,78,0
2026.02.17 09:24:00,94118.84,94132.76,94103.42,94132.58,720,78,0
2026.02.17 09:12:00,94143.09,94144.29,94100.36,94118.78,720,78,0
2026.02.17 09:00:00,94172.99,94183.90,94133.13,94143.03,720,78,0
2026.02.17 08:48:00,94161.26,94181.54,94150.13,94172.93,720,78,0
2026.02.17 08:36:00,94138.92,94161.20,94129.70,94161.20,720,78,0
2026.02.17 08:24:00,94125.57,94165.83,94125.57,94138.86,720,78,0
2026.02.17 08:12:00,94082.37,94125.51,94082.37,94125.51,720,78,0
2026.02.17 08:00:00,94039.11,94082.31,94039.11,94082.31,721,78,0
2026.02.17 07:48:00,94017.07,94056.31,94017.07,94039.05,720,78,0
2026.02.17 07:36:00,94039.06,94056.29,94014.97,94017.01,720,78,0
2026.02.17 07:24:00,94040.96,94059.20,94030.51,94039.00,720,78,0
2026.02.17 07:12:00,93997.76,94040.90,93997.76,94040.90,720,78,0
2026.02.17 07:00:00,94016.24,94026.32,93968.18,93997.70,720,78,0
2026.02.17 06:48:00,93973.04,94016.18,93973.04,94016.18,720,78,0
2026.02.17 06:36:00,93996.84,94004.94,93963.26,93972.98,720,78,0
2026.02.17 06:24:00,93994.25,94008.83,93987.72,93996.78,720,78,0
2026.02.17 06:12:00,93982.55,93994.19,93958.91,93994.19,720,78,0
2026.02.17 06:00:00,93994.75,94004.74,93973.13,93982.49,720,78,0
2026.02.17 05:48:00,94004.65,94025.11,93981.37,93994.69,720,78,0
2026.02.17 05:36:00,93961.45,94004.59,93961.45,94004.59,720,78,0
2026.02.17 05:24:00,93960.50,93986.36,93956.59,93961.39,720,78,0
2026.02.17 05:12:00,93917.30,93960.44,93917.30,93960.44,720,78,0
2026.02.17 05:00:00,93893.77,93923.77,93893.77,93917.24,720,78,0
2026.02.17 04:48:00,93850.57,93893.71,93850.57,93893.71,720,78,0
2026.02.17 04:36:00,93821.79,93852.33,93821.79,93850.51,720,78,0
2026.02.17 04:24:00,93839.49,93852.39,93804.87,93821.73,720,78,0
2026.02.17 04:12:00,93826.87,93869.05,93826.87,93839.43,720,78,0
2026.02.17 04:00:00,93808.36,93836.74,93808.36,93826.81,720,78,0
2026.02.17 03:48:00,93777.79,93808.30,93777.79,93808.30,720,78,0
2026.02.17 03:36:00,93756.48,93777.73,93745.51,93777.73,720,78,0
2026.02.17 03:24:00,93713.28,93756.42,93713.28,93756.42,720,78,0
2026.02.17 03:12:00,93708.56,93734.90,93703.08,93713.22,720,78,0
2026.02.17 03:00:00,93747.53,93751.55,93697.16,93708.50,720,78,0
2026.02.17 02:48:00,93755.55,93777.33,93742.85,93747.47,720,78,0
2026.02.17 02:36:00,93749.29,93767.89,93731.01,93755.49,720,78,0
2026.02.17 02:24:00,93719.48,93749.23,93709.15,93749.23,720,78,0
2026.02.17 02:12:00,93714.90,93734.40,93695.84,93719.42,720,78,0
2026.02.17 02:00:00,93765.10,93767.80,93704.58,93714.84,720,78,0
2026.02.17 01:48:00,93755.78,93765.04,93731.98,93765.04,720,78,0
2026.02.17 01:36:00,93736.35,93774.15,93736.35,93755.72,720,78,0
2026.02.17 01:24:00,93727.28,93761.18,93727.28,93736.29,720,78,0
2026.02.17 01:12:00,93770.15,93793.97,93725.72,93727.22,720,78,0
2026.02.17 01:00:00,93726.95,93770.09,93726.95,93770.09,720,78,0
2026.02.17 00:48:00,93695.89,93726.89,93695.89,93726.89,720,78,0
2026.02.17 00:36:00,93652.69,93695.83,93652.69,93695.83,720,78,0
2026.02.17 00:24:00,93649.96,93682.78,93649.96,93652.63,720,78,0
2026.02.17 00:12:00,93606.76,93649.90,93606.76,93649.90,720,78,0
2026.02.17 00:00:00,93611.34,93621.24,93590.22,93606.70,720,78,0
2026.02.16 23:48:00,93621.79,93640.39,93604.20,93611.28,720,78,0
2026.02.16 23:36:00,93684.24,93686.10,93591.49,93621.73,720,78,0
2026.02.16 23:24:00,93671.44,93684.18,93652.56,93684.18,720,78,0
2026.02.16 23:12:00,93720.35,93732.17,93662.02,93671.38,720,78,0
2026.02.16 23:00:00,93752.73,93763.47,93710.99,93720.29,720,78,0
2026.02.16 22:48:00,93762.54,93794.10,93741.09,93752.67,721,78,0
2026.02.16 22:36:00,93732.86,93762.48,93720.78,93762.48,720,78,0
2026.02.16 22:24:00,93689.66,93732.80,93689.66,93732.80,720,78,0
2026.02.16 22:12:00,93664.39,93689.60,93664.39,93689.60,720,78,0
2026.02.16 22:00:00,93653.65,93674.71,93642.31,93664.33,720,78,0
2026.02.16 21:48:00,93649.32,93660.09,93634.95,93653.59,720,78,0
2026.02.16 21:36:00,93650.99,93660.95,93618.06,93649.26,720,78,0
2026.02.16 21:24:00,93719.13,93727.29,93649.85,93650.93,720,78,0
2026.02.16 21:12:00,93740.99,93759.95,93703.71,93719.07,720,78,0
2026.02.16 21:00:00,93731.48,93764.96,93731.33,93740.93,720,78,0
2026.02.16 20:48:00,93688.28,93731.42,93688.28,93731.42,720,78,0
2026.02.16 20:36:00,93673.15,93688.33,93660.32,93688.22,720,78,0
2026.02.16 20:24:00,93739.65,93743.97,93658.51,93673.09,720,78,0
2026.02.16 20:12:00,93696.45,93739.59,93696.45,93739.59,720,78,0
2026.02.16 20:00:00,93700.06,93708.58,93670.47,93696.39,720,78,0
2026.02.16 19:48:00,93732.22,93734.98,93696.45,93700.00,720,78,0
2026.02.16 19:36:00,93727.22,93746.31,93708.45,93732.16,720,78,0
2026.02.16 19:24:00,93706.52,93749.42,93706.52,93727.16,720,78,0
2026.02.16 19:12:00,93811.39,93817.51,93692.00,93706.46,720,78,0
2026.02.16 19:00:00,93962.82,93968.10,93809.05,93811.33,720,78,0
2026.02.16 18:48:00,93957.72,93962.76,93940.27,93962.76,720,78,0
2026.02.16 18:36:00,93935.51,93964.61,93935.51,93957.66,720,78,0
2026.02.16 18:24:00,93923.16,93958.68,93923.16,93935.45,720,78,0
2026.02.16 18:12:00,93923.68,93929.08,93902.03,93923.10,720,78,0
2026.02.16 18:00:00,93999.05,94002.29,93910.66,93923.62,720,78,0
2026.02.16 17:48:00,94051.97,94056.41,93992.87,93998.99,720,78,0
2026.02.16 17:36:00,94111.92,94114.02,94045.97,94051.91,720,78,0
2026.02.16 17:24:00,94179.54,94181.16,94110.66,94111.86,720,78,0
2026.02.16 17:12:00,94180.28,94192.34,94160.70,94179.48,720,78,0
2026.02.16 17:00:00,94152.54,94180.22,94152.54,94180.22,720,78,0
2026.02.16 16:48:00,94109.34,94152.48,94109.34,94152.48,720,78,0
2026.02.16 16:36:00,94066.14,94109.28,94066.14,94109.28,720,78,0
2026.02.16 16:24:00,94110.96,94121.70,94051.38,94066.08,720,78,0
2026.02.16 16:12:00,94128.91,94137.01,94096.92,94110.90,720,78,0
2026.02.16 16:00:00,94085.71,94128.85,94085.71,94128.85,720,78,0
2026.02.16 15:48:00,94042.51,94085.65,94042.51,94085.65,720,78,0
2026.02.16 15:36:00,94026.65,94054.61,94026.65,94042.45,720,78,0
2026.02.16 15:24:00,94035.13,94035.91,93986.27,94026.59,720,78,0
2026.02.16 15:12:00,94080.40,94080.94,94030.69,94035.07,720,78,0
2026.02.16 15:00:00,94072.28,94089.56,94062.28,94080.34,720,78,0
2026.02.16 14:48:00,94044.46,94072.22,94044.46,94072.22,720,78,0
2026.02.16 14:36:00,94014.08,94044.40,94008.94,94044.40,720,78,0
2026.02.16 14:24:00,94027.22,94038.26,93989.18,94014.02,720,78,0
2026.02.16 14:12:00,93999.51,94027.16,93987.26,94027.16,720,78,0
2026.02.16 14:00:00,93997.27,94008.61,93975.09,93999.45,720,78,0
2026.02.16 13:48:00,94000.43,94004.93,93974.77,93997.21,720,78,0
2026.02.16 13:36:00,93957.23,94000.37,93957.23,94000.37,720,78,0
2026.02.16 13:24:00,93941.72,93978.80,93941.72,93957.17,720,78,0
2026.02.16 13:12:00,93898.52,93941.66,93898.52,93941.66,720,78,0
2026.02.16 13:00:00,93941.36,93958.82,93891.34,93898.46,720,78,0
2026.02.16 12:48:00,93971.49,93994.83,93928.34,93941.30,720,78,0
2026.02.16 12:36:00,93928.29,93971.43,93928.29,93971.43,720,78,0
2026.02.16 12:24:00,93947.62,93949.84,93913.83,93928.23,720,78,0
2026.02.16 12:12:00,93944.55,93947.56,93905.62,93947.56,720,78,0
2026.02.16 12:00:00,93945.81,93967.95,93943.47,93944.49,720,78,0
2026.02.16 11:48:00,93924.92,93945.75,93914.85,93945.75,720,78,0
2026.02.16 11:36:00,93899.66,93929.18,93899.66,93924.86,720,78,0
2026.02.16 11:24:00,93973.19,93981.71,93885.08,93899.60,720,78,0
2026.02.16 11:12:00,94015.66,94039.00,93969.29,93973.13,720,78,0
2026.02.16 11:00:00,93972.46,94015.60,93972.46,94015.60,720,78,0
2026.02.16 10:48:00,93929.26,93972.40,93929.26,93972.40,720,78,0
2026.02.16 10:36:00,93886.06,93929.20,93886.06,93929.20,720,78,0
2026.02.16 10:24:00,93842.86,93886.00,93842.86,93886.00,720,78,0
2026.02.16 10:12:00,93896.78,93917.66,93839.80,93842.80,720,78,0
2026.02.16 10:00:00,93952.16,93975.62,93887.06,93896.72,720,78,0
2026.02.16 09:48:00,93989.77,93991.87,93938.84,93952.10,720,78,0
2026.02.16 09:36:00,93946.57,93989.71,93946.57,93989.71,720,78,0
2026.02.16 09:24:00,93931.80,93968.10,93931.80,93946.51,720,78,0
2026.02.16 09:12:00,93970.96,93974.02,93928.80,93931.74,720,78,0
2026.02.16 09:00:00,93947.75,93970.90,93934.90,93970.90,720,78,0
2026.02.16 08:48:00,93955.92,93966.78,93938.22,93947.69,720,78,0
2026.02.16 08:36:00,93962.06,93975.92,93927.54,93955.86,721,78,0
2026.02.16 08:24:00,93939.76,93975.40,93939.76,93962.00,719,78,0
2026.02.16 08:12:00,94037.58,94045.62,93932.44,93939.70,720,78,0
2026.02.16 08:00:00,94066.56,94091.34,94025.58,94037.52,720,78,0
2026.02.16 07:48:00,94110.80,94125.56,94065.54,94066.50,721,78,0
2026.02.16 07:36:00,94067.60,94110.74,94067.60,94110.74,720,78,0
2026.02.16 07:24:00,94076.71,94103.39,94064.18,94067.54,719,78,0
2026.02.16 07:12:00,94094.05,94130.41,94074.37,94076.65,721,78,0
2026.02.16 07:00:00,94177.86,94182.54,94081.33,94093.99,720,78,0
2026.02.16 06:48:00,94216.29,94218.33,94163.22,94177.80,719,78,0
2026.02.16 06:36:00,94241.98,94259.67,94212.57,94216.23,721,78,0
2026.02.16 06:24:00,94259.41,94278.43,94232.98,94241.92,720,78,0
2026.02.16 06:12:00,94216.21,94259.35,94216.21,94259.35,720,78,0
2026.02.16 06:00:00,94232.49,94233.33,94199.29,94216.15,720,78,0
2026.02.16 05:48:00,94203.09,94232.43,94203.09,94232.43,720,78,0
2026.02.16 05:36:00,94312.90,94332.28,94196.79,94203.03,720,78,0
2026.02.16 05:24:00,94296.99,94333.17,94296.99,94312.84,720,78,0
2026.02.16 05:12:00,94300.33,94336.21,94292.97,94296.93,720,78,0
2026.02.16 05:00:00,94327.15,94336.33,94286.95,94300.27,720,78,0
2026.02.16 04:48:00,94283.95,94327.09,94283.95,94327.09,720,78,0
2026.02.16 04:36:00,94258.04,94283.89,94258.04,94283.89,720,78,0
2026.02.16 04:24:00,94214.84,94257.98,94214.84,94257.98,720,78,0
2026.02.16 04:12:00,94171.64,94214.78,94171.64,94214.78,720,78,0
2026.02.16 04:00:00,94162.37,94189.31,94155.44,94171.58,720,78,0
2026.02.16 03:48:00,94119.17,94162.31,94119.17,94162.31,720,78,0
2026.02.16 03:36:00,94125.51,94132.83,94087.73,94119.11,720,78,0
2026.02.16 03:24:00,94108.10,94135.16,94108.10,94125.45,720,78,0
2026.02.16 03:12:00,94097.08,94108.04,94070.84,94108.04,720,78,0
2026.02.16 03:00:00,94140.38,94157.18,94092.76,94097.02,720,78,0
2026.02.16 02:48:00,94164.32,94178.00,94133.84,94140.32,720,78,0
2026.02.16 02:36:00,94205.18,94226.54,94163.24,94164.26,720,78,0
2026.02.16 02:24:00,94186.98,94224.30,94186.98,94205.12,720,78,0
2026.02.16 02:12:00,94143.78,94186.92,94143.78,94186.92,720,78,0
2026.02.16 02:00:00,94157.38,94167.40,94128.00,94143.72,720,78,0
2026.02.16 01:48:00,94114.18,94157.32,94114.18,94157.32,720,78,0
2026.02.16 01:36:00,94164.47,94165.49,94108.84,94114.12,720,78,0
2026.02.16 01:24:00,94188.93,94199.79,94150.13,94164.41,720,78,0
2026.02.16 01:12:00,94211.85,94212.15,94170.21,94188.87,720,78,0
2026.02.16 01:00:00,94235.86,94251.89,94202.97,94211.79,720,78,0
2026.02.16 00:48:00,94192.66,94235.80,94192.66,94235.80,720,78,0
2026.02.16 00:36:00,94184.18,94200.85,94179.67,94192.60,720,78,0
2026.02.16 00:24:00,94163.72,94193.54,94163.72,94184.12,720,78,0
2026.02.16 00:12:00,94120.52,94163.66,94120.52,94163.66,720,78,0
2026.02.16 00:00:00,94179.44,94188.14,94108.52,94120.46,720,78,0
2026.02.15 23:48:00,94136.24,94179.38,94136.24,94179.38,720,78,0
2026.02.15 23:36:00,94157.09,94166.93,94121.90,94136.18,720,78,0
2026.02.15 23:24:00,94206.90,94213.20,94153.13,94157.03,720,78,0
2026.02.15 23:12:00,94216.17,94236.70,94206.24,94206.84,720,78,0
2026.02.15 23:00:00,94172.97,94216.11,94172.97,94216.11,720,78,0
2026.02.15 22:48:00,94150.00,94172.91,94144.11,94172.91,720,78,0
2026.02.15 22:36:00,94165.76,94189.35,94148.50,94149.94,720,78,0
2026.02.15 22:24:00,94145.75,94165.70,94129.10,94165.70,720,78,0
2026.02.15 22:12:00,94145.52,94171.62,94141.07,94145.69,720,78,0
2026.02.15 22:00:00,94141.82,94145.46,94107.78,94145.46,720,78,0
2026.02.15 21:48:00,94098.62,94141.76,94098.62,94141.76,720,78,0
2026.02.15 21:36:00,94096.71,94102.71,94064.24,94098.56,720,78,0
2026.02.15 21:24:00,94117.47,94126.35,94069.29,94096.65,720,78,0
2026.02.15 21:12:00,94100.37,94126.41,94100.37,94117.41,720,78,0
2026.02.15 21:00:00,94110.21,94129.01,94092.35,94100.31,720,78,0
2026.02.15 20:48:00,94143.19,94151.65,94097.97,94110.15,720,78,0
2026.02.15 20:36:00,94189.28,94194.74,94142.17,94143.13,720,78,0
2026.02.15 20:24:00,94193.96,94220.06,94172.24,94189.22,720,78,0
2026.02.15 20:12:00,94179.89,94208.45,94179.38,94193.90,720,78,0
2026.02.15 20:00:00,94184.46,94212.84,94170.83,94179.83,720,78,0
2026.02.15 19:48:00,94182.98,94213.22,94180.44,94184.40,720,78,0
2026.02.15 19:36:00,94153.14,94182.92,94141.70,94182.92,720,78,0
2026.02.15 19:24:00,94138.56,94153.08,94117.86,94153.08,720,78,0
2026.02.15 19:12:00,94137.53,94151.21,94114.02,94138.50,720,78,0
2026.02.15 19:00:00,94110.98,94146.74,94110.98,94137.47,720,78,0
2026.02.15 18:48:00,94085.97,94125.21,94085.97,94110.92,720,78,0
2026.02.15 18:36:00,94067.59,94089.07,94064.31,94085.91,720,78,0
2026.02.15 18:24:00,94057.35,94075.83,94042.93,94067.53,720,78,0
2026.02.15 18:12:00,94040.74,94070.08,94040.74,94057.29,720,78,0
2026.02.15 18:00:00,94049.84,94060.87,94027.96,94040.68,720,78,0
2026.02.15 17:48:00,94019.99,94049.78,94019.99,94049.78,720,78,0
2026.02.15 17:36:00,94076.54,94078.34,94012.07,94019.93,720,78,0
2026.02.15 17:24:00,94047.35,94076.48,94047.35,94076.48,720,78,0
2026.02.15 17:12:00,94053.96,94054.86,94012.55,94047.29,720,78,0
2026.02.15 17:00:00,94025.06,94067.78,94025.06,94053.90,720,78,0
2026.02.15 16:48:00,93981.86,94025.00,93981.86,94025.00,720,78,0
2026.02.15 16:36:00,93989.15,94012.07,93980.12,93981.80,720,78,0
2026.02.15 16:24:00,93945.95,93989.09,93945.95,93989.09,720,78,0
2026.02.15 16:12:00,93902.75,93945.89,93902.75,93945.89,720,78,0
2026.02.15 16:00:00,93876.57,93912.93,93876.57,93902.69,720,78,0
2026.02.15 15:48:00,93833.37,93876.51,93833.37,93876.51,720,78,0
2026.02.15 15:36:00,93806.16,93833.31,93791.97,93833.31,720,78,0
2026.02.15 15:24:00,93851.61,93856.59,93800.58,93806.10,720,78,0
2026.02.15 15:12:00,93849.49,93884.47,93843.45,93851.55,720,78,0
2026.02.15 15:00:00,93896.72,93903.38,93843.13,93849.43,720,78,0
2026.02.15 14:48:00,93935.31,93951.15,93889.28,93896.66,720,78,0
2026.02.15 14:36:00,93892.11,93935.25,93892.11,93935.25,720,78,0
2026.02.15 14:24:00,93908.36,93923.24,93870.93,93892.05,720,78,0
2026.02.15 14:12:00,93916.08,93927.12,93880.22,93908.30,720,78,0
2026.02.15 14:00:00,93872.88,93916.02,93872.88,93916.02,720,78,0
2026.02.15 13:48:00,93901.88,93925.22,93866.52,93872.82,720,78,0
2026.02.15 13:36:00,93888.33,93901.82,93862.28,93901.82,720,78,0
2026.02.15 13:24:00,93893.54,93896.24,93859.23,93888.27,720,78,0
2026.02.15 13:12:00,93914.60,93914.60,93883.31,93893.48,720,78,0
2026.02.15 13:00:00,93917.45,93923.69,93891.56,93914.54,720,78,0
2026.02.15 12:48:00,93916.09,93929.05,93903.47,93917.39,720,78,0
2026.02.15 12:36:00,93914.10,93922.54,93888.76,93916.03,720,78,0
2026.02.15 12:24:00,93888.02,93914.04,93881.16,93914.04,720,78,0
2026.02.15 12:12:00,93889.97,93918.11,93879.86,93887.96,720,78,0
2026.02.15 12:00:00,93914.60,93919.58,93874.81,93889.91,720,78,0
2026.02.15 11:48:00,93905.14,93947.50,93905.14,93914.54,720,78,0
2026.02.15 11:36:00,93918.40,93931.60,93885.16,93905.08,720,78,0
2026.02.15 11:24:00,93896.96,93918.34,93887.44,93918.34,720,78,0
2026.02.15 11:12:00,93924.77,93935.93,93888.32,93896.90,720,78,0
2026.02.15 11:00:00,93919.70,93945.14,93907.07,93924.71,720,78,0
2026.02.15 10:48:00,93898.28,93927.68,93898.28,93919.64,720,78,0
2026.02.15 10:36:00,93855.08,93898.22,93855.08,93898.22,720,78,0
2026.02.15 10:24:00,93811.88,93855.02,93811.88,93855.02,720,78,0
2026.02.15 10:12:00,93795.35,93822.35,93795.35,93811.82,720,78,0
2026.02.15 10:00:00,93842.70,93872.04,93793.07,93795.29,720,78,0
2026.02.15 09:48:00,93799.50,93842.64,93799.50,93842.64,720,78,0
2026.02.15 09:36:00,93777.39,93815.07,93777.39,93799.44,720,78,0
2026.02.15 09:24:00,93763.70,93777.33,93738.33,93777.33,720,78,0
2026.02.15 09:12:00,93804.14,93817.16,93744.62,93763.64,720,78,0
2026.02.15 09:00:00,93808.20,93834.78,93800.48,93804.08,720,78,0
2026.02.15 08:48:00,93798.38,93815.36,93782.04,93808.14,720,78,0
2026.02.15 08:36:00,93823.12,93840.76,93797.30,93798.32,720,78,0
2026.02.15 08:24:00,93811.24,93831.04,93799.78,93823.06,720,78,0
2026.02.15 08:12:00,93809.00,93835.76,93794.86,93811.18,720,78,0
2026.02.15 08:00:00,93765.80,93808.94,93765.80,93808.94,656,78,0
2026.02.15 07:48:00,93770.65,93790.45,93747.50,93765.74,653,78,0
2026.02.15 07:36:00,93742.35,93770.59,93741.31,93770.59,720,78,0
2026.02.15 07:24:00,93723.49,93742.29,93712.89,93742.29,720,78,0
2026.02.15 07:12:00,93731.05,93745.15,93708.54,93723.43,720,78,0
2026.02.15 07:00:00,93769.36,93778.72,93714.13,93730.99,719,78,0
2026.02.15 06:48:00,93762.16,93769.30,93762.16,93769.30,120,78,0
2026.02.15 06:36:00,93765.23,93780.23,93746.08,93762.10,720,78,0
2026.02.15 06:24:00,93722.03,93765.17,93722.03,93765.17,720,78,0
2026.02.15 06:12:00,93678.83,93721.97,93678.83,93721.97,720,78,0
2026.02.15 06:00:00,93664.57,93697.09,93664.57,93678.77,720,78,0
2026.02.15 05:48:00,93717.02,93723.80,93645.67,93664.51,720,78,0
2026.02.15 05:36:00,93700.55,93716.96,93678.56,93716.96,720,78,0
2026.02.15 05:24:00,93657.35,93700.49,93657.35,93700.49,720,78,0
2026.02.15 05:12:00,93761.29,93766.81,93649.43,93657.29,720,78,0
2026.02.15 05:00:00,93792.71,93796.19,93748.94,93761.23,720,78,0
2026.02.15 04:48:00,93761.56,93792.65,93758.87,93792.65,720,78,0
2026.02.15 04:36:00,93805.67,93806.75,93746.56,93761.50,720,78,0
2026.02.15 04:24:00,93791.47,93812.56,93789.28,93805.61,720,78,0
2026.02.15 04:12:00,93884.72,93899.72,93787.03,93791.41,720,78,0
2026.02.15 04:00:00,93918.96,93929.46,93868.40,93884.66,720,78,0
2026.02.15 03:48:00,93918.90,93941.64,93898.56,93918.90,720,78,0
2026.02.15 03:36:00,93951.24,93965.70,93909.66,93918.84,720,78,0
2026.02.15 03:24:00,93960.77,93991.67,93946.98,93951.18,720,78,0
2026.02.15 03:12:00,93973.40,93986.00,93937.61,93960.71,720,78,0
2026.02.15 03:00:00,93971.12,93992.47,93969.55,93973.34,720,78,0
2026.02.15 02:48:00,93965.69,93971.06,93945.38,93971.06,720,78,0
2026.02.15 02:36:00,93987.75,93990.33,93945.71,93965.63,720,78,0
2026.02.15 02:24:00,93980.60,93999.01,93970.39,93987.69,720,78,0
2026.02.15 02:12:00,93937.34,93980.54,93937.34,93980.54,721,78,0
2026.02.15 02:00:00,93906.50,93937.28,93897.38,93937.28,720,78,0
2026.02.15 01:48:00,93906.88,93931.12,93902.24,93906.44,720,78,0
2026.02.15 01:36:00,93881.55,93906.82,93876.28,93906.82,720,78,0
2026.02.15 01:24:00,93890.35,93899.38,93869.02,93881.49,720,78,0
2026.02.15 01:12:00,93879.51,93898.29,93865.99,93890.29,720,78,0
2026.02.15 01:00:00,93849.00,93879.45,93849.00,93879.45,720,78,0
2026.02.15 00:48:00,93858.81,93860.55,93821.09,93848.94,720,78,0
2026.02.15 00:36:00,93860.15,93871.13,93829.65,93858.75,720,78,0
2026.02.15 00:24:00,93854.86,93876.90,93854.86,93860.09,720,78,0
2026.02.15 00:12:00,93827.31,93854.80,93818.32,93854.80,720,78,0
2026.02.15 00:00:00,93784.11,93827.25,93784.11,93827.25,720,78,0
2026.02.14 23:48:00,93740.91,93784.05,93740.91,93784.05,720,78,0
2026.02.14 23:36:00,93783.86,93785.78,93726.57,93740.85,720,78,0
2026.02.14 23:24:00,93753.24,93783.80,93749.12,93783.80,720,78,0
2026.02.14 23:12:00,93743.39,93767.93,93738.06,93753.18,720,78,0
2026.02.14 23:00:00,93790.03,93791.59,93720.47,93743.33,720,78,0
2026.02.14 22:48:00,93779.26,93819.70,93779.26,93789.97,720,78,0
2026.02.14 22:36:00,93736.06,93779.20,93736.06,93779.20,720,78,0
2026.02.14 22:24:00,93736.65,93778.35,93734.62,93736.00,720,78,0
2026.02.14 22:12:00,93711.96,93736.59,93705.09,93736.59,720,78,0
2026.02.14 22:00:00,93713.86,93729.61,93704.76,93711.90,720,78,0
2026.02.14 21:48:00,93670.66,93713.80,93670.66,93713.80,720,78,0
2026.02.14 21:36:00,93667.79,93686.09,93660.88,93670.60,720,78,0
2026.02.14 21:24:00,93649.20,93679.32,93649.20,93667.73,720,78,0
2026.02.14 21:12:00,93662.78,93671.60,93633.49,93649.14,720,78,0
2026.02.14 21:00:00,93619.58,93662.72,93619.58,93662.72,720,78,0
2026.02.14 20:48:00,93576.38,93619.52,93576.38,93619.52,720,78,0
2026.02.14 20:36:00,93589.70,93614.98,93571.76,93576.32,720,78,0
2026.02.14 20:24:00,93546.50,93589.64,93546.50,93589.64,720,78,0
2026.02.14 20:12:00,93548.97,93584.85,93545.48,93546.44,720,78,0
2026.02.14 20:00:00,93533.09,93548.91,93508.83,93548.91,720,78,0
2026.02.14 19:48:00,93616.25,93624.23,93526.61,93533.03,706,78,0
2026.02.14 19:36:00,93642.45,93646.41,93590.57,93616.19,720,78,0
2026.02.14 19:24:00,93663.45,93678.51,93633.87,93642.39,720,78,0
2026.02.14 19:12:00,93639.70,93663.39,93639.70,93663.39,720,78,0
2026.02.14 19:00:00,93734.23,93743.89,93631.60,93639.64,720,78,0
2026.02.14 18:48:00,93691.03,93734.17,93691.03,93734.17,720,78,0
2026.02.14 18:36:00,93688.48,93711.04,93684.31,93690.97,720,78,0
2026.02.14 18:24:00,93669.40,93688.42,93658.54,93688.42,720,78,0
2026.02.14 18:12:00,93659.57,93682.52,93659.57,93669.34,720,78,0
2026.02.14 18:00:00,93630.66,93659.51,93630.66,93659.51,720,78,0
2026.02.14 17:48:00,93610.70,93630.60,93607.38,93630.60,720,78,0
2026.02.14 17:36:00,93602.93,93625.79,93598.46,93610.64,720,78,0
2026.02.14 17:24:00,93617.06,93621.81,93585.63,93602.87,720,78,0
2026.02.14 17:12:00,93573.86,93617.00,93573.86,93617.00,720,78,0
2026.02.14 17:00:00,93590.08,93598.54,93566.90,93573.80,720,78,0
2026.02.14 16:48:00,93590.63,93605.09,93575.59,93590.02,720,78,0
2026.02.14 16:36:00,93645.20,93648.20,93580.55,93590.57,720,78,0
2026.02.14 16:24:00,93632.28,93666.24,93632.28,93645.14,720,78,0
2026.02.14 16:12:00,93686.75,93710.75,93624.06,93632.22,720,78,0
2026.02.14 16:00:00,93681.53,93689.45,93665.15,93686.69,720,78,0
2026.02.14 15:48:00,93698.24,93725.78,93668.63,93681.47,720,78,0
2026.02.14 15:36:00,93692.86,93712.36,93690.74,93698.18,720,78,0
2026.02.14 15:24:00,93649.66,93692.80,93649.66,93692.80,720,78,0
2026.02.14 15:12:00,93660.01,93671.41,93634.16,93649.60,720,78,0
2026.02.14 15:00:00,93662.73,93670.01,93647.87,93659.95,720,78,0
2026.02.14 14:48:00,93655.12,93662.67,93624.87,93662.67,720,78,0
2026.02.14 14:36:00,93611.92,93655.06,93611.92,93655.06,720,78,0
2026.02.14 14:24:00,93591.88,93619.90,93591.88,93611.86,720,78,0
2026.02.14 14:12:00,93617.64,93632.64,93588.82,93591.82,720,78,0
2026.02.14 14:00:00,93650.80,93657.88,93602.18,93617.58,720,78,0
2026.02.14 13:48:00,93607.60,93650.74,93607.60,93650.74,720,78,0
2026.02.14 13:36:00,93617.72,93632.96,93597.10,93607.54,720,78,0
2026.02.14 13:24:00,93626.90,93638.54,93605.12,93617.66,720,78,0
2026.02.14 13:12:00,93583.70,93626.84,93583.70,93626.84,720,78,0
2026.02.14 13:00:00,93627.13,93639.25,93575.06,93583.64,720,78,0
2026.02.14 12:48:00,93583.93,93627.07,93583.93,93627.07,720,78,0
2026.02.14 12:36:00,93540.73,93583.87,93540.73,93583.87,720,78,0
2026.02.14 12:24:00,93497.53,93540.67,93497.53,93540.67,720,78,0
2026.02.14 12:12:00,93506.03,93513.85,93480.43,93497.47,720,78,0
2026.02.14 12:00:00,93493.49,93505.97,93466.49,93505.97,720,78,0
2026.02.14 11:48:00,93473.75,93501.41,93473.75,93493.43,720,78,0
2026.02.14 11:36:00,93468.12,93481.86,93459.77,93473.69,720,78,0
2026.02.14 11:24:00,93480.79,93491.59,93438.48,93468.06,720,78,0
2026.02.14 11:12:00,93456.41,93480.73,93450.31,93480.73,720,78,0
2026.02.14 11:00:00,93458.29,93485.23,93450.89,93456.35,720,78,0
2026.02.14 10:48:00,93494.41,93502.45,93457.87,93458.23,720,78,0
2026.02.14 10:36:00,93469.00,93503.20,93469.00,93494.35,720,78,0
2026.02.14 10:24:00,93425.80,93468.94,93425.80,93468.94,720,78,0
2026.02.14 10:12:00,93395.57,93425.74,93395.57,93425.74,720,78,0
2026.02.14 10:00:00,93372.97,93395.51,93364.55,93395.51,720,78,0
2026.02.14 09:48:00,93387.76,93399.28,93350.71,93372.91,720,78,0
2026.02.14 09:36:00,93434.26,93446.32,93369.46,93387.70,720,78,0
2026.02.14 09:24:00,93391.06,93434.20,93391.06,93434.20,720,78,0
2026.02.14 09:12:00,93394.75,93400.27,93371.63,93391.00,720,78,0
2026.02.14 09:00:00,93351.55,93394.69,93351.55,93394.69,720,78,0
2026.02.14 08:48:00,93371.74,93398.92,93349.45,93351.49,720,78,0
2026.02.14 08:36:00,93342.90,93371.68,93338.14,93371.68,720,78,0
2026.02.14 08:24:00,93332.48,93355.03,93332.48,93342.84,720,78,0
2026.02.14 08:12:00,93370.33,93395.11,93330.80,93332.42,720,78,0
2026.02.14 08:00:00,93376.62,93385.56,93342.67,93370.27,720,78,0
2026.02.14 07:48:00,93347.63,93376.56,93347.58,93376.56,720,78,0
2026.02.14 07:36:00,93390.38,93392.96,93334.79,93347.57,720,78,0
2026.02.14 07:24:00,93398.06,93406.76,93364.04,93390.32,720,78,0
2026.02.14 07:12:00,93387.77,93398.00,93365.00,93398.00,720,78,0
2026.02.14 07:00:00,93344.57,93387.71,93344.57,93387.71,720,78,0
2026.02.14 06:48:00,93301.37,93344.51,93301.37,93344.51,720,78,0
2026.02.14 06:36:00,93296.29,93301.31,93260.75,93301.31,720,78,0
2026.02.14 06:24:00,93297.75,93300.81,93269.53,93296.23,720,78,0
2026.02.14 06:12:00,93279.02,93297.69,93271.29,93297.69,720,78,0
2026.02.14 06:00:00,93279.52,93314.20,93270.68,93278.96,720,78,0
2026.02.14 05:48:00,93334.43,93340.61,93251.50,93279.46,720,78,0
2026.02.14 05:36:00,93362.19,93364.65,93309.71,93334.37,720,78,0
2026.02.14 05:24:00,93367.70,93368.42,93329.85,93362.13,720,78,0
2026.02.14 05:12:00,93417.12,93422.22,93356.90,93367.64,720,78,0
2026.02.14 05:00:00,93457.28,93457.70,93407.70,93417.06,720,78,0
2026.02.14 04:48:00,93435.15,93469.89,93435.15,93457.22,720,78,0
2026.02.14 04:36:00,93481.15,93514.27,93431.91,93435.09,720,78,0
2026.02.14 04:24:00,93437.95,93481.09,93437.95,93481.09,720,78,0
2026.02.14 04:12:00,93416.54,93437.89,93407.41,93437.89,720,78,0
2026.02.14 04:00:00,93413.21,93426.75,93401.30,93416.48,720,78,0
2026.02.14 03:48:00,93443.77,93469.08,93411.05,93413.15,720,78,0
2026.02.14 03:36:00,93486.93,93493.05,93442.09,93443.71,720,78,0
2026.02.14 03:24:00,93443.73,93486.87,93443.73,93486.87,720,78,0
2026.02.14 03:12:00,93420.75,93443.67,93414.57,93443.67,720,78,0
2026.02.14 03:00:00,93377.55,93420.69,93377.55,93420.69,720,78,0
2026.02.14 02:48:00,93352.83,93377.49,93342.27,93377.49,720,78,0
2026.02.14 02:36:00,93309.63,93352.77,93309.63,93352.77,720,78,0
2026.02.14 02:24:00,93266.43,93309.57,93266.43,93309.57,720,78,0
2026.02.14 02:12:00,93273.66,93279.83,93244.31,93266.37,720,78,0
2026.02.14 02:00:00,93230.46,93273.60,93230.46,93273.60,720,78,0
2026.02.14 01:48:00,93211.23,93252.81,93211.23,93230.40,720,78,0
2026.02.14 01:36:00,93168.03,93211.17,93168.03,93211.17,720,78,0
2026.02.14 01:24:00,93145.56,93167.97,93141.45,93167.97,720,78,0
2026.02.14 01:12:00,93179.33,93186.71,93129.42,93145.50,720,78,0
2026.02.14 01:00:00,93190.17,93201.87,93159.89,93179.27,720,78,0
2026.02.14 00:48:00,93190.40,93194.48,93151.11,93190.11,720,78,0
2026.02.14 00:36:00,93224.36,93227.78,93180.08,93190.34,720,78,0
2026.02.14 00:24:00,93238.21,93243.97,93187.52,93224.30,720,78,0
2026.02.14 00:12:00,93207.56,93238.15,93201.31,93238.15,720,78,0
2026.02.14 00:00:00,93203.39,93218.36,93189.44,93207.50,720,78,0
2026.02.13 23:48:00,93184.68,93203.33,93175.79,93203.33,720,78,0
2026.02.13 23:36:00,93219.63,93229.17,93161.34,93184.62,720,78,0
2026.02.13 23:24:00,93207.01,93231.49,93200.97,93219.57,720,78,0
2026.02.13 23:12:00,93247.56,93257.82,93197.89,93206.95,720,78,0
2026.02.13 23:00:00,93272.43,93288.87,93238.38,93247.50,720,78,0
2026.02.13 22:48:00,93264.00,93279.41,93243.11,93272.37,720,78,0
2026.02.13 22:36:00,93237.58,93263.94,93222.18,93263.94,720,78,0
2026.02.13 22:24:00,93271.99,93275.59,93226.78,93237.52,720,78,0
2026.02.13 22:12:00,93242.71,93271.93,93242.71,93271.93,720,78,0
2026.02.13 22:00:00,93246.11,93259.67,93227.83,93242.65,720,78,0
2026.02.13 21:48:00,93247.90,93283.72,93245.99,93246.05,720,78,0
2026.02.13 21:36:00,93266.43,93308.37,93247.12,93247.84,720,78,0
2026.02.13 21:24:00,93281.23,93294.79,93256.29,93266.37,720,78,0
2026.02.13 21:12:00,93284.48,93301.05,93270.45,93281.17,720,78,0
2026.02.13 21:00:00,93357.08,93374.36,93279.92,93284.42,720,78,0
2026.02.13 20:48:00,93377.64,93380.34,93319.94,93357.02,720,78,0
2026.02.13 20:36:00,93401.61,93417.21,93366.18,93377.58,720,78,0
2026.02.13 20:24:00,93414.25,93430.81,93391.92,93401.55,720,78,0
2026.02.13 20:12:00,93418.32,93434.28,93394.63,93414.19,720,78,0
2026.02.13 20:00:00,93375.12,93418.26,93375.12,93418.26,720,78,0
2026.02.13 19:48:00,93356.30,93397.22,93356.30,93375.06,720,78,0
2026.02.13 19:36:00,93369.92,93377.18,93343.46,93356.24,720,78,0
2026.02.13 19:24:00,93326.72,93369.86,93326.72,93369.86,720,78,0
2026.02.13 19:12:00,93324.03,93326.85,93290.72,93326.66,720,78,0
2026.02.13 19:00:00,93403.89,93407.13,93314.37,93323.97,720,78,0
2026.02.13 18:48:00,93377.06,93403.83,93377.06,93403.83,720,78,0
2026.02.13 18:36:00,93385.69,93390.91,93362.06,93377.00,720,78,0
2026.02.13 18:24:00,93456.29,93466.67,93374.05,93385.63,720,78,0
2026.02.13 18:12:00,93413.09,93456.23,93413.09,93456.23,720,78,0
2026.02.13 18:00:00,93403.69,93436.99,93403.25,93413.03,720,78,0
2026.02.13 17:48:00,93413.75,93413.81,93374.51,93403.63,720,78,0
2026.02.13 17:36:00,93417.88,93429.52,93384.59,93413.69,720,78,0
2026.02.13 17:24:00,93374.68,93417.82,93374.68,93417.82,720,78,0
2026.02.13 17:12:00,93331.48,93374.62,93331.48,93374.62,720,78,0
2026.02.13 17:00:00,93288.28,93331.42,93288.28,93331.42,720,78,0
2026.02.13 16:48:00,93308.26,93336.52,93281.86,93288.22,720,78,0
2026.02.13 16:36:00,93332.67,93338.37,93297.22,93308.20,720,78,0
2026.02.13 16:24:00,93329.63,93356.69,93316.59,93332.61,720,78,0
2026.02.13 16:12:00,93342.72,93374.40,93322.49,93329.57,720,78,0
2026.02.13 16:00:00,93320.09,93355.79,93320.09,93342.66,720,78,0
2026.02.13 15:48:00,93276.89,93320.03,93276.89,93320.03,720,78,0
2026.02.13 15:36:00,93286.82,93298.28,93263.37,93276.83,720,78,0
2026.02.13 15:24:00,93284.06,93287.18,93246.80,93286.76,720,78,0
2026.02.13 15:12:00,93326.14,93342.04,93275.18,93284.00,720,78,0
2026.02.13 15:00:00,93296.31,93326.08,93296.31,93326.08,720,78,0
2026.02.13 14:48:00,93253.11,93296.25,93253.11,93296.25,720,78,0
2026.02.13 14:36:00,93209.91,93253.05,93209.91,93253.05,720,78,0
2026.02.13 14:24:00,93207.93,93223.59,93184.23,93209.85,720,78,0
2026.02.13 14:12:00,93262.84,93299.26,93205.17,93207.87,720,78,0
2026.02.13 14:00:00,93305.49,93330.75,93261.46,93262.78,720,78,0
2026.02.13 13:48:00,93262.29,93305.43,93262.29,93305.43,720,78,0
2026.02.13 13:36:00,93281.41,93289.93,93254.82,93262.23,720,78,0
2026.02.13 13:24:00,93311.78,93315.20,93275.59,93281.35,720,78,0
2026.02.13 13:12:00,93304.28,93328.23,93293.55,93311.72,720,78,0
2026.02.13 13:00:00,93308.90,93309.50,93268.46,93304.22,720,78,0
2026.02.13 12:48:00,93337.03,93343.57,93303.08,93308.84,720,78,0
2026.02.13 12:36:00,93354.77,93371.21,93332.63,93336.97,720,78,0
2026.02.13 12:24:00,93354.66,93368.52,93338.51,93354.71,720,78,0
2026.02.13 12:12:00,93363.74,93367.76,93325.50,93354.60,720,78,0
2026.02.13 12:00:00,93394.36,93423.22,93362.06,93363.68,720,78,0
2026.02.13 11:48:00,93351.16,93394.30,93351.16,93394.30,720,78,0
2026.02.13 11:36:00,93343.67,93367.04,93343.67,93351.10,720,78,0
2026.02.13 11:24:00,93300.47,93343.61,93300.47,93343.61,720,78,0
2026.02.13 11:12:00,93269.48,93300.41,93269.48,93300.41,720,78,0
2026.02.13 11:00:00,93274.00,93280.30,93246.14,93269.42,720,78,0
2026.02.13 10:48:00,93306.64,93323.80,93259.78,93273.94,720,78,0
2026.02.13 10:36:00,93329.53,93334.27,93297.46,93306.58,720,78,0
2026.02.13 10:24:00,93301.99,93329.47,93299.11,93329.47,720,78,0
2026.02.13 10:12:00,93258.79,93301.93,93258.79,93301.93,720,78,0
2026.02.13 10:00:00,93258.39,93262.59,93225.79,93258.73,720,78,0
2026.02.13 09:48:00,93253.40,93264.98,93226.83,93258.33,720,78,0
2026.02.13 09:36:00,93330.84,93345.02,93247.04,93253.34,720,78,0
2026.02.13 09:24:00,93287.64,93330.78,93287.64,93330.78,720,78,0
2026.02.13 09:12:00,93244.44,93287.58,93244.44,93287.58,720,78,0
2026.02.13 09:00:00,93268.48,93281.92,93236.22,93244.38,720,78,0
2026.02.13 08:48:00,93365.20,93369.52,93263.50,93268.42,720,78,0
2026.02.13 08:36:00,93322.00,93365.14,93322.00,93365.14,720,78,0
2026.02.13 08:24:00,93278.80,93321.94,93278.80,93321.94,720,78,0
2026.02.13 08:12:00,93289.46,93293.00,93257.80,93278.74,720,78,0
2026.02.13 08:00:00,93262.68,93290.22,93262.68,93289.40,720,78,0
2026.02.13 07:48:00,93327.66,93328.26,93261.66,93262.62,720,78,0
2026.02.13 07:36:00,93384.48,93413.22,93320.64,93327.60,720,78,0
2026.02.13 07:24:00,93357.75,93384.42,93357.24,93384.42,720,78,0
2026.02.13 07:12:00,93353.30,93391.28,93352.59,93357.69,720,78,0
2026.02.13 07:00:00,93375.88,93394.66,93344.78,93353.24,720,78,0
2026.02.13 06:48:00,93355.67,93397.49,93355.67,93375.82,720,78,0
2026.02.13 06:36:00,93337.15,93359.83,93335.21,93355.61,720,78,0
2026.02.13 06:24:00,93293.95,93337.09,93293.95,93337.09,720,78,0
2026.02.13 06:12:00,93292.86,93297.60,93256.99,93293.89,720,78,0
2026.02.13 06:00:00,93288.27,93315.87,93281.04,93292.80,720,78,0
2026.02.13 05:48:00,93289.17,93320.49,93287.43,93288.21,720,78,0
2026.02.13 05:36:00,93245.97,93289.11,93245.97,93289.11,720,78,0
2026.02.13 05:24:00,93293.09,93315.77,93239.19,93245.91,720,78,0
2026.02.13 05:12:00,93336.80,93343.94,93282.95,93293.03,720,78,0
2026.02.13 05:00:00,93365.00,93366.32,93323.66,93336.74,720,78,0
2026.02.13 04:48:00,93355.40,93389.54,93355.40,93364.94,720,78,0
2026.02.13 04:36:00,93350.19,93380.91,93348.38,93355.34,720,78,0
2026.02.13 04:24:00,93376.04,93376.04,93325.58,93350.13,720,78,0
2026.02.13 04:12:00,93371.83,93386.89,93355.28,93375.98,720,78,0
2026.02.13 04:00:00,93383.55,93394.77,93354.90,93371.77,720,78,0
2026.02.13 03:48:00,93340.35,93383.49,93340.35,93383.49,720,78,0
2026.02.13 03:36:00,93333.48,93349.89,93326.73,93340.29,720,78,0
2026.02.13 03:24:00,93319.95,93357.51,93319.95,93333.42,720,78,0
2026.02.13 03:12:00,93276.75,93319.89,93276.75,93319.89,720,78,0
2026.02.13 03:00:00,93316.94,93342.38,93272.07,93276.69,720,78,0
2026.02.13 02:48:00,93374.07,93385.95,93306.56,93316.88,720,78,0
2026.02.13 02:36:00,93348.28,93381.52,93348.28,93374.01,720,78,0
2026.02.13 02:24:00,93319.93,93348.22,93319.93,93348.22,720,78,0
2026.02.13 02:12:00,93330.79,93343.57,93304.67,93319.87,720,78,0
2026.02.13 02:00:00,93343.90,93360.58,93315.07,93330.73,720,78,0
2026.02.13 01:48:00,93300.70,93343.84,93300.70,93343.84,720,78,0
2026.02.13 01:36:00,93281.46,93305.82,93281.46,93300.64,720,78,0
2026.02.13 01:24:00,93296.32,93304.60,93271.56,93281.40,720,78,0
2026.02.13 01:12:00,93308.10,93314.28,93276.34,93296.26,720,78,0
2026.02.13 01:00:00,93320.06,93326.48,93283.56,93308.04,720,78,0
2026.02.13 00:48:00,93323.64,93343.26,93306.68,93320.00,720,78,0
2026.02.13 00:36:00,93294.78,93323.58,93294.78,93323.58,720,78,0
2026.02.13 00:24:00,93347.19,93357.93,93291.36,93294.72,720,78,0
2026.02.13 00:12:00,93359.52,93368.75,93328.11,93347.13,720,78,0
2026.02.13 00:00:00,93335.61,93359.46,93321.72,93359.46,720,78,0
2026.02.12 23:48:00,93341.40,93354.72,93308.73,93335.55,720,78,0
2026.02.12 23:36:00,93313.73,93349.19,93313.73,93341.34,720,78,0
2026.02.12 23:24:00,93316.10,93330.08,93300.29,93313.67,720,78,0
2026.02.12 23:12:00,93307.75,93340.93,93307.75,93316.04,720,78,0
2026.02.12 23:00:00,93341.55,93351.87,93299.05,93307.69,720,78,0
2026.02.12 22:48:00,93298.35,93341.49,93298.35,93341.49,720,78,0
2026.02.12 22:36:00,93305.95,93311.95,93276.87,93298.29,720,78,0
2026.02.12 22:24:00,93331.75,93342.25,93292.15,93305.89,720,78,0
2026.02.12 22:12:00,93331.25,93362.87,93330.73,93331.69,720,78,0
2026.02.12 22:00:00,93344.26,93360.22,93307.19,93331.19,720,78,0
2026.02.12 21:48:00,93319.55,93344.20,93304.96,93344.20,720,78,0
2026.02.12 21:36:00,93372.28,93373.36,93310.79,93319.49,720,78,0
2026.02.12 21:24:00,93345.80,93372.22,93338.80,93372.22,720,78,0
2026.02.12 21:12:00,93337.08,93363.60,93329.18,93345.74,720,78,0
2026.02.12 21:00:00,93309.99,93352.83,93309.99,93337.02,720,78,0
2026.02.12 20:48:00,93318.99,93331.17,93290.25,93309.93,720,78,0
2026.02.12 20:36:00,93333.86,93334.70,93290.31,93318.93,720,78,0
2026.02.12 20:24:00,93347.34,93367.32,93324.32,93333.80,720,78,0
2026.02.12 20:12:00,93304.14,93347.28,93304.14,93347.28,720,78,0
2026.02.12 20:00:00,93334.49,93336.35,93282.48,93304.08,720,78,0
2026.02.12 19:48:00,93342.46,93373.42,93330.29,93334.43,720,78,0
2026.02.12 19:36:00,93344.57,93361.55,93318.10,93342.40,720,78,0
2026.02.12 19:24:00,93416.27,93419.27,93335.27,93344.51,720,78,0
2026.02.12 19:12:00,93440.41,93453.48,93408.47,93416.21,720,78,0
2026.02.12 19:00:00,93463.63,93478.75,93438.91,93440.35,720,78,0
2026.02.12 18:48:00,93420.43,93463.57,93420.43,93463.57,720,78,0
2026.02.12 18:36:00,93476.19,93498.09,93420.37,93420.37,720,78,0
2026.02.12 18:24:00,93475.15,93502.09,93459.99,93476.13,720,78,0
2026.02.12 18:12:00,93459.27,93475.09,93439.63,93475.09,720,78,0
2026.02.12 18:00:00,93445.11,93486.81,93445.11,93459.21,720,78,0
2026.02.12 17:48:00,93445.37,93455.87,93426.62,93445.05,720,78,0
2026.02.12 17:36:00,93585.07,93595.99,93444.35,93445.31,720,78,0
2026.02.12 17:24:00,93570.16,93587.20,93560.11,93585.01,720,78,0
2026.02.12 17:12:00,93564.80,93583.88,93560.98,93570.10,720,78,0
2026.02.12 17:00:00,93521.60,93564.74,93521.60,93564.74,720,78,0
2026.02.12 16:48:00,93493.59,93529.53,93493.59,93521.54,720,78,0
2026.02.12 16:36:00,93521.08,93540.34,93476.79,93493.53,720,78,0
2026.02.12 16:24:00,93477.88,93521.02,93477.88,93521.02,720,78,0
2026.02.12 16:12:00,93457.68,93497.58,93457.68,93477.82,720,78,0
2026.02.12 16:00:00,93414.48,93457.62,93414.48,93457.62,720,78,0
2026.02.12 15:48:00,93430.80,93434.88,93394.38,93414.42,720,78,0
2026.02.12 15:36:00,93387.60,93430.74,93387.60,93430.74,720,78,0
2026.02.12 15:24:00,93411.99,93416.85,93368.00,93387.54,720,78,0
2026.02.12 15:12:00,93417.31,93423.13,93375.87,93411.93,720,78,0
2026.02.12 15:00:00,93374.11,93417.25,93374.11,93417.25,720,78,0
2026.02.12 14:48:00,93330.91,93374.05,93330.91,93374.05,720,78,0
2026.02.12 14:36:00,93346.03,93364.55,93323.35,93330.85,720,78,0
2026.02.12 14:24:00,93332.11,93345.97,93312.85,93345.97,720,78,0
2026.02.12 14:12:00,93317.75,93333.88,93303.10,93332.05,720,78,0
2026.02.12 14:00:00,93293.78,93334.88,93293.78,93317.69,720,78,0
2026.02.12 13:48:00,93288.76,93311.68,93284.60,93293.72,720,78,0
2026.02.12 13:36:00,93306.18,93333.90,93281.68,93288.70,720,78,0
2026.02.12 13:24:00,93407.97,93418.23,93301.86,93306.12,720,78,0
2026.02.12 13:12:00,93465.52,93473.56,93392.31,93407.91,720,78,0
2026.02.12 13:00:00,93422.32,93465.46,93422.32,93465.46,720,78,0
2026.02.12 12:48:00,93431.00,93444.56,93415.00,93422.26,720,78,0
2026.02.12 12:36:00,93387.80,93430.94,93387.80,93430.94,720,78,0
2026.02.12 12:24:00,93357.77,93387.74,93353.24,93387.74,720,78,0
2026.02.12 12:12:00,93353.74,93360.22,93321.11,93357.71,720,78,0
2026.02.12 12:00:00,93355.28,93389.18,93349.12,93353.68,720,78,0
2026.02.12 11:48:00,93366.50,93379.82,93328.34,93355.22,720,78,0
2026.02.12 11:36:00,93350.85,93377.78,93350.85,93366.44,720,78,0
2026.02.12 11:24:00,93375.38,93389.95,93350.19,93350.79,720,78,0
2026.02.12 11:12:00,93359.61,93375.32,93333.20,93375.32,720,78,0
2026.02.12 11:00:00,93395.10,93408.72,93353.19,93359.55,720,78,0
2026.02.12 10:48:00,93364.91,93395.04,93364.91,93395.04,720,78,0
2026.02.12 10:36:00,93321.71,93364.85,93321.71,93364.85,720,78,0
2026.02.12 10:24:00,93361.89,93366.99,93315.71,93321.65,720,78,0
2026.02.12 10:12:00,93318.69,93361.83,93318.69,93361.83,720,78,0
2026.02.12 10:00:00,93352.47,93358.35,93318.21,93318.63,720,78,0
2026.02.12 09:48:00,93309.27,93352.41,93309.27,93352.41,720,78,0
2026.02.12 09:36:00,93387.34,93394.18,93287.67,93309.21,720,78,0
2026.02.12 09:24:00,93377.79,93387.28,93367.21,93387.28,720,78,0
2026.02.12 09:12:00,93385.41,93401.07,93353.55,93377.73,720,78,0
2026.02.12 09:00:00,93464.21,93472.61,93379.65,93385.35,720,78,0
2026.02.12 08:48:00,93487.56,93496.26,93434.33,93464.15,720,78,0
2026.02.12 08:36:00,93499.61,93526.79,93476.52,93487.50,720,78,0
2026.02.12 08:24:00,93490.64,93506.90,93472.73,93499.55,720,78,0
2026.02.12 08:12:00,93538.82,93547.10,93482.78,93490.58,720,78,0
2026.02.12 08:00:00,93495.62,93538.76,93495.62,93538.76,720,78,0
2026.02.12 07:48:00,93452.42,93495.56,93452.42,93495.56,720,78,0
2026.02.12 07:36:00,93440.56,93468.40,93440.30,93452.36,720,78,0
2026.02.12 07:24:00,93447.92,93482.24,93435.46,93440.50,720,78,0
2026.02.12 07:12:00,93464.37,93474.45,93436.52,93447.86,720,78,0
2026.02.12 07:00:00,93421.17,93464.31,93421.17,93464.31,720,78,0
2026.02.12 06:48:00,93405.63,93421.11,93392.25,93421.11,720,78,0
2026.02.12 06:36:00,93459.01,93477.37,93401.31,93405.57,720,78,0
2026.02.12 06:24:00,93429.70,93461.44,93429.70,93458.95,720,78,0
2026.02.12 06:12:00,93423.19,93429.64,93396.04,93429.64,720,78,0
2026.02.12 06:00:00,93488.65,93501.67,93421.63,93423.13,720,78,0
2026.02.12 05:48:00,93445.45,93488.59,93445.45,93488.59,720,78,0
2026.02.12 05:36:00,93427.12,93467.56,93427.12,93445.39,720,78,0
2026.02.12 05:24:00,93436.80,93440.52,93396.76,93427.06,720,78,0
2026.02.12 05:12:00,93440.71,93454.21,93427.15,93436.74,720,78,0
2026.02.12 05:00:00,93458.90,93477.32,93422.95,93440.65,720,78,0
2026.02.12 04:48:00,93496.64,93506.54,93455.78,93458.84,720,78,0
2026.02.12 04:36:00,93471.96,93514.38,93471.96,93496.58,720,78,0
2026.02.12 04:24:00,93428.76,93471.90,93428.76,93471.90,720,78,0
2026.02.12 04:12:00,93385.56,93428.70,93385.56,93428.70,720,78,0
2026.02.12 04:00:00,93372.98,93385.50,93367.32,93385.50,720,78,0
2026.02.12 03:48:00,93408.32,93408.86,93359.03,93372.92,720,78,0
2026.02.12 03:36:00,93410.87,93437.99,93397.70,93408.26,720,78,0
2026.02.12 03:24:00,93401.88,93414.36,93387.30,93410.81,720,78,0
2026.02.12 03:12:00,93376.34,93413.48,93376.34,93401.82,720,78,0
2026.02.12 03:00:00,93397.48,93420.34,93358.22,93376.28,720,78,0
2026.02.12 02:48:00,93354.28,93397.42,93354.28,93397.42,720,78,0
2026.02.12 02:36:00,93361.54,93366.76,93336.16,93354.22,720,78,0
2026.02.12 02:24:00,93367.63,93388.93,93353.62,93361.48,720,78,0
2026.02.12 02:12:00,93372.38,93392.84,93354.07,93367.57,720,78,0
2026.02.12 02:00:00,93345.83,93372.32,93345.83,93372.32,720,78,0
2026.02.12 01:48:00,93302.63,93345.77,93302.63,93345.77,720,78,0
2026.02.12 01:36:00,93344.37,93352.05,93281.87,93302.57,720,78,0
2026.02.12 01:24:00,93316.14,93344.31,93308.97,93344.31,720,78,0
2026.02.12 01:12:00,93314.22,93339.03,93306.33,93316.08,720,78,0
2026.02.12 01:00:00,93271.02,93314.16,93271.02,93314.16,720,78,0
2026.02.12 00:48:00,93227.82,93270.96,93227.82,93270.96,720,78,0
2026.02.12 00:36:00,93208.89,93227.76,93195.48,93227.76,720,78,0
2026.02.12 00:24:00,93194.88,93208.83,93188.91,93208.83,720,78,0
2026.02.12 00:12:00,93194.98,93205.60,93168.42,93194.82,720,78,0
2026.02.12 00:00:00,93207.93,93213.33,93170.74,93194.92,720,78,0
2026.02.11 23:48:00,93188.02,93207.87,93167.13,93207.87,720,78,0
2026.02.11 23:36:00,93173.14,93215.50,93173.14,93187.96,720,78,0
2026.02.11 23:24:00,93144.33,93174.81,93144.33,93173.08,720,78,0
2026.02.11 23:12:00,93150.02,93167.02,93133.53,93144.27,720,78,0
2026.02.11 23:00:00,93210.20,93220.58,93146.78,93149.96,720,78,0
2026.02.11 22:48:00,93180.94,93216.88,93180.94,93210.14,720,78,0
2026.02.11 22:36:00,93159.65,93184.49,93159.65,93180.88,720,78,0
2026.02.11 22:24:00,93185.78,93207.14,93151.67,93159.59,720,78,0
2026.02.11 22:12:00,93165.53,93199.67,93165.53,93185.72,720,78,0
2026.02.11 22:00:00,93122.33,93165.47,93122.33,93165.47,720,78,0
2026.02.11 21:48:00,93079.13,93122.27,93079.13,93122.27,720,78,0
2026.02.11 21:36:00,93070.58,93081.08,93046.49,93079.07,720,78,0
2026.02.11 21:24:00,93045.96,93070.52,93045.96,93070.52,720,78,0
2026.02.11 21:12:00,93060.78,93065.64,93027.83,93045.90,720,78,0
2026.02.11 21:00:00,93076.66,93106.00,93055.08,93060.72,720,78,0
2026.02.11 20:48:00,93066.60,93085.56,93052.48,93076.60,720,78,0
2026.02.11 20:36:00,93067.48,93092.02,93058.26,93066.54,720,78,0
2026.02.11 20:24:00,93073.58,93107.06,93061.36,93067.42,720,78,0
2026.02.11 20:12:00,93076.88,93093.46,93063.50,93073.52,720,78,0
2026.02.11 20:00:00,93091.81,93097.03,93056.12,93076.82,720,78,0
2026.02.11 19:48:00,93102.95,93123.59,93073.81,93091.75,720,78,0
2026.02.11 19:36:00,93131.57,93137.69,93091.31,93102.89,720,78,0
2026.02.11 19:24:00,93116.70,93131.51,93088.43,93131.51,720,78,0
2026.02.11 19:12:00,93073.50,93116.64,93073.50,93116.64,720,78,0
2026.02.11 19:00:00,93030.30,93073.44,93030.30,93073.44,720,78,0
2026.02.11 18:48:00,93010.74,93031.14,93007.56,93030.24,720,78,0
2026.02.11 18:36:00,93000.49,93015.31,92982.42,93010.68,720,78,0
2026.02.11 18:24:00,92969.98,93000.43,92969.98,93000.43,720,78,0
2026.02.11 18:12:00,92942.30,92969.92,92942.30,92969.92,720,78,0
2026.02.11 18:00:00,93027.30,93027.36,92932.88,92942.24,720,78,0
2026.02.11 17:48:00,93021.59,93030.47,92993.04,93027.24,720,78,0
2026.02.11 17:36:00,92978.39,93021.53,92978.39,93021.53,720,78,0
2026.02.11 17:24:00,92935.19,92978.33,92935.19,92978.33,720,78,0
2026.02.11 17:12:00,92904.48,92945.76,92904.48,92935.13,720,78,0
2026.02.11 17:00:00,92861.28,92904.42,92861.28,92904.42,720,78,0
2026.02.11 16:48:00,92880.83,92892.89,92859.66,92861.22,720,78,0
2026.02.11 16:36:00,92950.12,92952.94,92871.95,92880.77,720,78,0
2026.02.11 16:24:00,92919.71,92950.67,92919.71,92950.06,720,78,0
2026.02.11 16:12:00,92934.51,92942.25,92892.53,92919.65,720,78,0
2026.02.11 16:00:00,92957.65,92981.29,92930.25,92934.45,720,78,0
2026.02.11 15:48:00,92931.75,92957.59,92931.75,92957.59,720,78,0
2026.02.11 15:36:00,93007.67,93009.83,92926.05,92931.69,720,78,0
2026.02.11 15:24:00,93002.31,93023.73,92998.37,93007.61,720,78,0
2026.02.11 15:12:00,93028.64,93041.96,92992.11,93002.25,720,78,0
2026.02.11 15:00:00,93070.59,93075.87,93019.34,93028.58,720,78,0
2026.02.11 14:48:00,93129.51,93134.37,93060.51,93070.53,720,78,0
2026.02.11 14:36:00,93130.89,93160.85,93128.85,93129.45,720,78,0
2026.02.11 14:24:00,93134.85,93144.75,93099.39,93130.83,720,78,0
2026.02.11 14:12:00,93132.53,93141.58,93124.24,93134.79,720,78,0
2026.02.11 14:00:00,93089.33,93132.47,93089.33,93132.47,720,78,0
2026.02.11 13:48:00,93088.64,93093.14,93064.07,93089.27,720,78,0
2026.02.11 13:36:00,93123.07,93125.35,93067.34,93088.58,720,78,0
2026.02.11 13:24:00,93165.98,93174.08,93116.47,93123.01,720,78,0
2026.02.11 13:12:00,93144.17,93165.92,93137.48,93165.92,720,78,0
2026.02.11 13:00:00,93229.23,93243.87,93143.33,93144.11,720,78,0
2026.02.11 12:48:00,93245.98,93248.68,93213.69,93229.17,720,78,0
2026.02.11 12:36:00,93320.23,93331.26,93235.06,93245.92,720,78,0
2026.02.11 12:24:00,93331.31,93352.85,93319.45,93320.17,720,78,0
2026.02.11 12:12:00,93342.91,93352.50,93317.82,93331.25,720,78,0
2026.02.11 12:00:00,93403.40,93411.68,93337.93,93342.85,720,78,0
2026.02.11 11:48:00,93378.03,93403.34,93371.60,93403.34,720,78,0
2026.02.11 11:36:00,93334.83,93377.97,93334.83,93377.97,720,78,0
2026.02.11 11:24:00,93330.45,93355.17,93316.41,93334.77,720,78,0
2026.02.11 11:12:00,93329.95,93343.99,93314.61,93330.39,720,78,0
2026.02.11 11:00:00,93377.73,93404.61,93327.19,93329.89,720,78,0
2026.02.11 10:48:00,93369.77,93382.01,93346.83,93377.67,720,78,0
2026.02.11 10:36:00,93343.55,93369.71,93334.37,93369.71,720,78,0
2026.02.11 10:24:00,93430.98,93453.42,93338.15,93343.49,720,78,0
2026.02.11 10:12:00,93387.78,93430.92,93387.78,93430.92,720,78,0
2026.02.11 10:00:00,93362.04,93394.62,93362.04,93387.72,720,78,0
2026.02.11 09:48:00,93318.84,93361.98,93318.84,93361.98,720,78,0
2026.02.11 09:36:00,93320.24,93355.04,93312.24,93318.78,720,78,0
2026.02.11 09:24:00,93291.01,93323.95,93291.01,93320.18,720,78,0
2026.02.11 09:12:00,93281.58,93301.92,93268.21,93290.95,720,78,0
2026.02.11 09:00:00,93254.14,93286.06,93254.14,93281.52,720,78,0
2026.02.11 08:48:00,93289.00,93295.06,93236.02,93254.08,720,78,0
2026.02.11 08:36:00,93299.00,93309.08,93258.10,93288.94,720,78,0
2026.02.11 08:24:00,93323.11,93340.33,93273.80,93298.94,720,78,0
2026.02.11 08:12:00,93306.76,93323.05,93300.07,93323.05,721,78,0
2026.02.11 08:00:00,93310.45,93318.67,93288.40,93306.70,720,78,0
2026.02.11 07:48:00,93297.49,93310.39,93285.10,93310.39,719,78,0
2026.02.11 07:36:00,93293.26,93317.69,93285.53,93297.43,721,78,0
2026.02.11 07:24:00,93250.06,93293.20,93250.06,93293.20,720,78,0
2026.02.11 07:12:00,93265.47,93298.35,93248.02,93250.00,720,78,0
2026.02.11 07:00:00,93323.30,93325.70,93256.98,93265.41,720,78,0
2026.02.11 06:48:00,93296.28,93323.24,93296.28,93323.24,720,78,0
2026.02.11 06:36:00,93269.15,93299.63,93269.15,93296.22,720,78,0
2026.02.11 06:24:00,93320.98,93335.26,93290.08,93292.54,720,78,0
2026.02.11 06:12:00,93332.84,93337.70,93301.41,93320.92,720,78,0
2026.02.11 06:00:00,93289.64,93332.78,93289.64,93332.78,720,78,0
2026.02.11 05:48:00,93286.76,93308.84,93273.80,93289.58,720,78,0
2026.02.11 05:36:00,93331.42,93353.20,93282.26,93286.70,720,78,0
2026.02.11 05:24:00,93449.52,93450.90,93327.70,93331.36,720,78,0
2026.02.11 05:12:00,93436.72,93472.18,93436.72,93449.46,720,78,0
2026.02.11 05:00:00,93424.47,93456.75,93424.47,93436.66,720,78,0
2026.02.11 04:48:00,93381.27,93424.41,93381.27,93424.41,720,78,0
2026.02.11 04:36:00,93338.07,93381.21,93338.07,93381.21,720,78,0
2026.02.11 04:24:00,93411.29,93425.57,93335.85,93338.01,720,78,0
2026.02.11 04:12:00,93394.49,93411.23,93380.09,93411.23,720,78,0
2026.02.11 04:00:00,93404.70,93410.64,93379.82,93394.43,720,78,0
2026.02.11 03:48:00,93422.23,93442.09,93389.76,93404.64,720,78,0
2026.02.11 03:36:00,93426.14,93429.26,93406.27,93422.17,720,78,0
2026.02.11 03:24:00,93402.09,93426.08,93393.74,93426.08,720,78,0
2026.02.11 03:12:00,93394.17,93415.62,93379.74,93402.03,720,78,0
2026.02.11 03:00:00,93350.97,93394.11,93350.97,93394.11,720,78,0
2026.02.11 02:48:00,93336.56,93366.73,93336.56,93350.91,720,78,0
2026.02.11 02:36:00,93293.36,93336.50,93293.36,93336.50,720,78,0
2026.02.11 02:24:00,93290.31,93320.91,93288.86,93293.30,720,78,0
2026.02.11 02:12:00,93340.84,93345.88,93259.23,93290.25,720,78,0
2026.02.11 02:00:00,93322.43,93356.21,93322.43,93340.78,720,78,0
2026.02.11 01:48:00,93316.14,93345.64,93316.14,93322.37,720,78,0
2026.02.11 01:36:00,93286.22,93316.08,93280.56,93316.08,720,78,0
2026.02.11 01:24:00,93268.45,93286.16,93258.44,93286.16,720,78,0
2026.02.11 01:12:00,93300.31,93305.65,93262.10,93268.39,720,78,0
2026.02.11 01:00:00,93300.49,93304.45,93261.13,93300.25,720,78,0
2026.02.11 00:48:00,93257.29,93300.43,93257.29,93300.43,720,78,0
2026.02.11 00:36:00,93214.09,93257.23,93214.09,93257.23,720,78,0
2026.02.11 00:24:00,93170.89,93214.03,93170.89,93214.03,720,78,0
2026.02.11 00:12:00,93127.69,93170.83,93127.69,93170.83,720,78,0
2026.02.11 00:00:00,93084.49,93127.63,93084.49,93127.63,720,78,0
2026.02.10 23:48:00,93062.74,93084.43,93056.11,93084.43,720,78,0
2026.02.10 23:36:00,93048.94,93080.56,93048.94,93062.68,720,78,0
2026.02.10 23:24:00,93019.49,93048.88,93014.98,93048.88,720,78,0
2026.02.10 23:12:00,92990.00,93019.43,92990.00,93019.43,720,78,0
2026.02.10 23:00:00,93031.69,93043.57,92986.22,92989.94,720,78,0
2026.02.10 22:48:00,93029.39,93043.85,93006.73,93031.63,720,78,0
2026.02.10 22:36:00,93051.70,93076.42,93020.39,93029.33,720,78,0
2026.02.10 22:24:00,93008.50,93051.64,93008.50,93051.64,720,78,0
2026.02.10 22:12:00,93046.12,93048.04,92983.60,93008.44,720,78,0
2026.02.10 22:00:00,93002.92,93046.06,93002.92,93046.06,720,78,0
2026.02.10 21:48:00,92978.54,93017.12,92978.54,93002.86,720,78,0
2026.02.10 21:36:00,92996.13,93025.17,92977.64,92978.48,720,78,0
2026.02.10 21:24:00,93071.78,93071.84,92985.69,92996.07,720,78,0
2026.02.10 21:12:00,93123.08,93135.44,93059.66,93071.72,720,78,0
2026.02.10 21:00:00,93125.92,93153.40,93117.80,93123.02,720,78,0
2026.02.10 20:48:00,93082.72,93125.86,93082.72,93125.86,720,78,0
2026.02.10 20:36:00,93067.53,93090.26,93063.50,93082.66,720,78,0
2026.02.10 20:24:00,93130.78,93132.34,93057.31,93086.65,720,78,0
2026.02.10 20:12:00,93100.34,93142.94,93100.34,93130.72,720,78,0
2026.02.10 20:00:00,93150.39,93156.39,93098.66,93100.28,720,78,0
2026.02.10 19:48:00,93141.00,93150.33,93125.88,93150.33,720,78,0
2026.02.10 19:36:00,93182.77,93191.11,93129.78,93140.94,720,78,0
2026.02.10 19:24:00,93153.20,93190.16,93153.20,93182.71,720,78,0
2026.02.10 19:12:00,93191.87,93193.07,93149.48,93153.14,720,78,0
2026.02.10 19:00:00,93148.67,93191.81,93148.67,93191.81,720,78,0
2026.02.10 18:48:00,93148.87,93153.43,93118.07,93148.61,720,78,0
2026.02.10 18:36:00,93119.48,93152.12,93119.48,93148.81,720,78,0
2026.02.10 18:24:00,93114.02,93119.42,93081.68,93119.42,720,78,0
2026.02.10 18:12:00,93175.84,93203.14,93106.16,93113.96,720,78,0
2026.02.10 18:00:00,93161.69,93184.01,93155.08,93175.78,720,78,0
2026.02.10 17:48:00,93118.49,93161.63,93118.49,93161.63,720,78,0
2026.02.10 17:36:00,93122.67,93147.87,93103.07,93118.43,720,78,0
2026.02.10 17:24:00,93156.70,93157.30,93107.43,93122.61,720,78,0
2026.02.10 17:12:00,93150.51,93174.39,93139.72,93156.64,720,78,0
2026.02.10 17:00:00,93107.31,93150.45,93107.31,93150.45,720,78,0
2026.02.10 16:48:00,93148.91,93155.21,93100.77,93107.25,720,78,0
2026.02.10 16:36:00,93161.24,93166.04,93140.15,93148.85,720,78,0
2026.02.10 16:24:00,93150.78,93161.18,93123.14,93161.18,720,78,0
2026.02.10 16:12:00,93192.98,93198.20,93142.04,93150.72,720,78,0
2026.02.10 16:00:00,93212.56,93229.54,93184.82,93192.92,720,78,0
2026.02.10 15:48:00,93289.33,93305.65,93209.02,93212.50,720,78,0
2026.02.10 15:36:00,93287.31,93322.23,93283.15,93289.27,720,78,0
2026.02.10 15:24:00,93244.11,93287.25,93244.11,93287.25,720,78,0
2026.02.10 15:12:00,93249.93,93276.45,93230.43,93244.05,720,78,0
2026.02.10 15:00:00,93231.83,93249.87,93214.23,93249.87,720,78,0
2026.02.10 14:48:00,93223.38,93231.77,93208.49,93231.77,720,78,0
2026.02.10 14:36:00,93180.18,93223.32,93180.18,93223.32,720,78,0
2026.02.10 14:24:00,93214.81,93217.03,93166.86,93180.12,720,78,0
2026.02.10 14:12:00,93222.48,93242.16,93196.87,93214.75,720,78,0
2026.02.10 14:00:00,93238.04,93257.00,93202.62,93222.42,720,78,0
2026.02.10 13:48:00,93251.20,93258.10,93207.20,93237.98,720,78,0
2026.02.10 13:36:00,93253.77,93268.65,93226.96,93251.14,720,78,0
2026.02.10 13:24:00,93249.38,93270.74,93231.99,93253.71,720,78,0
2026.02.10 13:12:00,93296.65,93302.41,93221.00,93249.32,720,78,0
2026.02.10 13:00:00,93315.79,93316.57,93280.93,93296.59,720,78,0
2026.02.10 12:48:00,93272.59,93315.73,93272.59,93315.73,720,78,0
2026.02.10 12:36:00,93275.21,93304.91,93268.33,93272.53,720,78,0
2026.02.10 12:24:00,93260.91,93294.45,93260.91,93275.15,720,78,0
2026.02.10 12:12:00,93248.44,93279.40,93248.44,93260.85,720,78,0
2026.02.10 12:00:00,93301.88,93304.40,93240.28,93248.38,720,78,0
2026.02.10 11:48:00,93305.26,93343.30,93297.86,93301.82,720,78,0
2026.02.10 11:36:00,93279.76,93305.20,93279.76,93305.20,720,78,0
2026.02.10 11:24:00,93280.10,93290.90,93247.42,93279.70,720,78,0
2026.02.10 11:12:00,93293.98,93302.44,93275.81,93280.04,720,78,0
2026.02.10 11:00:00,93343.08,93371.22,93291.04,93293.92,720,78,0
2026.02.10 10:48:00,93333.17,93365.09,93331.86,93343.02,720,78,0
2026.02.10 10:36:00,93289.97,93333.11,93289.97,93333.11,720,78,0
2026.02.10 10:24:00,93291.43,93330.01,93287.99,93289.91,720,78,0
2026.02.10 10:12:00,93262.72,93294.94,93262.72,93291.37,720,78,0
2026.02.10 10:00:00,93267.62,93296.60,93252.64,93262.66,720,78,0
2026.02.10 09:48:00,93277.68,93317.46,93267.50,93267.56,720,78,0
2026.02.10 09:36:00,93264.02,93285.98,93256.50,93277.62,720,78,0
2026.02.10 09:24:00,93284.68,93292.30,93257.48,93263.96,720,78,0
2026.02.10 09:12:00,93260.50,93298.18,93260.50,93284.62,720,78,0
2026.02.10 09:00:00,93300.20,93314.06,93243.16,93260.44,720,78,0
2026.02.10 08:48:00,93274.41,93300.75,93274.41,93300.14,720,78,0
2026.02.10 08:36:00,93256.33,93281.17,93256.11,93274.35,720,78,0
2026.02.10 08:24:00,93271.04,93274.76,93239.35,93256.27,720,78,0
2026.02.10 08:12:00,93247.17,93270.98,93228.80,93270.98,720,78,0
2026.02.10 08:00:00,93203.97,93247.11,93203.97,93247.11,720,78,0
2026.02.10 07:48:00,93200.42,93210.86,93171.27,93203.91,720,78,0
2026.02.10 07:36:00,93218.33,93242.09,93191.84,93200.36,720,78,0
2026.02.10 07:24:00,93245.35,93249.51,93214.49,93218.27,720,78,0
2026.02.10 07:12:00,93253.16,93276.56,93229.15,93245.29,720,78,0
2026.02.10 07:00:00,93272.56,93282.58,93244.76,93253.10,720,78,0
2026.02.10 06:48:00,93262.84,93293.26,93259.84,93272.50,720,78,0
2026.02.10 06:36:00,93257.64,93267.48,93229.54,93262.78,720,78,0
2026.02.10 06:24:00,93246.82,93272.68,93243.00,93257.58,720,78,0
2026.02.10 06:12:00,93203.62,93246.76,93203.62,93246.76,720,78,0
2026.02.10 06:00:00,93160.42,93203.56,93160.42,93203.56,720,78,0
2026.02.10 05:48:00,93135.29,93160.36,93130.78,93160.36,720,78,0
2026.02.10 05:36:00,93092.09,93135.23,93092.09,93135.23,720,78,0
2026.02.10 05:24:00,93048.89,93092.03,93048.89,93092.03,720,78,0
2026.02.10 05:12:00,93071.09,93074.21,93036.05,93048.83,720,78,0
2026.02.10 05:00:00,93111.56,93112.16,93040.97,93071.03,720,78,0
2026.02.10 04:48:00,93095.58,93120.72,93095.58,93111.50,720,78,0
2026.02.10 04:36:00,93052.38,93095.52,93052.38,93095.52,720,78,0
2026.02.10 04:24:00,93030.03,93052.32,93019.74,93052.32,720,78,0
2026.02.10 04:12:00,93020.94,93044.64,93010.59,93029.97,720,78,0
2026.02.10 04:00:00,93034.92,93044.46,92990.70,93020.88,720,78,0
2026.02.10 03:48:00,93076.86,93079.32,93028.92,93034.86,720,78,0
2026.02.10 03:36:00,93094.24,93127.42,93074.10,93076.80,720,78,0
2026.02.10 03:24:00,93134.78,93149.54,93086.64,93094.18,720,78,0
2026.02.10 03:12:00,93091.58,93134.72,93091.58,93134.72,720,78,0
2026.02.10 03:00:00,93122.00,93133.15,93091.52,93091.52,720,78,0
2026.02.10 02:48:00,93100.34,93129.38,93100.34,93121.94,720,78,0
2026.02.10 02:36:00,93075.73,93100.28,93075.44,93100.28,720,78,0
2026.02.10 02:24:00,93138.24,93143.46,93072.31,93075.67,720,78,0
2026.02.10 02:12:00,93141.01,93181.87,93135.96,93138.18,720,78,0
2026.02.10 02:00:00,93219.42,93227.64,93136.63,93140.95,720,78,0
2026.02.10 01:48:00,93259.60,93267.22,93209.10,93219.36,720,78,0
2026.02.10 01:36:00,93299.57,93307.13,93256.42,93259.54,720,78,0
2026.02.10 01:24:00,93275.10,93299.51,93271.49,93299.51,720,78,0
2026.02.10 01:12:00,93352.29,93356.19,93273.78,93275.04,720,78,0
2026.02.10 01:00:00,93334.81,93372.31,93334.81,93352.23,720,78,0
2026.02.10 00:48:00,93329.46,93334.75,93303.97,93334.75,720,78,0
2026.02.10 00:36:00,93328.53,93356.07,93313.86,93329.40,720,78,0
2026.02.10 00:24:00,93317.21,93355.13,93317.21,93328.47,720,78,0
2026.02.10 00:12:00,93310.58,93320.54,93292.79,93317.15,720,78,0
2026.02.10 00:00:00,93371.40,93377.58,93309.14,93310.52,720,78,0
2026.02.09 23:48:00,93439.11,93445.05,93366.24,93371.34,720,78,0
2026.02.09 23:36:00,93395.91,93439.05,93395.91,93439.05,720,78,0
2026.02.09 23:24:00,93370.15,93403.33,93370.15,93395.85,720,78,0
2026.02.09 23:12:00,93364.45,93380.06,93346.64,93370.09,720,78,0
2026.02.09 23:00:00,93321.25,93364.39,93321.25,93364.39,720,78,0
2026.02.09 22:48:00,93295.73,93321.19,93284.35,93321.19,720,78,0
2026.02.09 22:36:00,93289.43,93309.28,93281.62,93295.67,720,78,0
2026.02.09 22:24:00,93307.01,93331.67,93286.19,93289.37,720,78,0
2026.02.09 22:12:00,93289.77,93312.15,93286.25,93306.95,720,78,0
2026.02.09 22:00:00,93276.16,93289.71,93254.79,93289.71,720,78,0
2026.02.09 21:48:00,93337.61,93338.45,93266.20,93276.10,720,78,0
2026.02.09 21:36:00,93326.69,93356.45,93326.69,93337.55,720,78,0
2026.02.09 21:24:00,93358.18,93379.42,93325.79,93326.63,720,78,0
2026.02.09 21:12:00,93400.32,93401.76,93351.88,93358.12,720,78,0
2026.02.09 21:00:00,93388.12,93400.26,93368.04,93400.26,720,78,0
2026.02.09 20:48:00,93408.11,93421.67,93379.66,93388.06,720,78,0
2026.02.09 20:36:00,93421.81,93425.59,93374.15,93408.05,720,78,0
2026.02.09 20:24:00,93405.77,93445.13,93405.77,93421.75,720,78,0
2026.02.09 20:12:00,93416.90,93440.36,93386.09,93405.71,720,78,0
2026.02.09 20:00:00,93437.10,93441.38,93405.26,93416.84,720,78,0
2026.02.09 19:48:00,93427.95,93437.04,93401.70,93437.04,720,78,0
2026.02.09 19:36:00,93384.75,93427.89,93384.75,93427.89,720,78,0
2026.02.09 19:24:00,93394.98,93421.14,93371.13,93384.69,720,78,0
2026.02.09 19:12:00,93351.78,93394.92,93351.78,93394.92,720,78,0
2026.02.09 19:00:00,93308.58,93351.72,93308.58,93351.72,720,78,0
2026.02.09 18:48:00,93265.38,93308.52,93265.38,93308.52,720,78,0
2026.02.09 18:36:00,93247.43,93279.41,93247.43,93265.32,720,78,0
2026.02.09 18:24:00,93246.14,93260.18,93230.80,93247.37,720,78,0
2026.02.09 18:12:00,93243.36,93257.34,93222.68,93246.08,720,78,0
2026.02.09 18:00:00,93218.28,93243.30,93207.00,93243.30,720,78,0
2026.02.09 17:48:00,93222.69,93222.75,93196.62,93218.22,720,78,0
2026.02.09 17:36:00,93179.49,93222.63,93179.49,93222.63,720,78,0
2026.02.09 17:24:00,93136.29,93179.43,93136.29,93179.43,720,78,0
2026.02.09 17:12:00,93193.34,93196.10,93129.93,93136.23,720,78,0
2026.02.09 17:00:00,93170.96,93193.70,93170.96,93193.28,720,78,0
2026.02.09 16:48:00,93168.89,93211.49,93168.89,93170.90,720,78,0
2026.02.09 16:36:00,93125.69,93168.83,93125.69,93168.83,720,78,0
2026.02.09 16:24:00,93082.49,93125.63,93082.49,93125.63,720,78,0
2026.02.09 16:12:00,93039.29,93082.43,93039.29,93082.43,720,78,0
2026.02.09 16:00:00,93057.14,93064.10,93024.74,93039.23,720,78,0
2026.02.09 15:48:00,93013.94,93057.08,93013.94,93057.08,720,78,0
2026.02.09 15:36:00,92984.96,93013.88,92984.96,93013.88,720,78,0
2026.02.09 15:24:00,92941.76,92984.90,92941.76,92984.90,720,78,0
2026.02.09 15:12:00,92920.62,92941.70,92913.44,92941.70,720,78,0
2026.02.09 15:00:00,92900.29,92922.13,92899.32,92920.56,720,78,0
2026.02.09 14:48:00,92894.56,92910.82,92880.55,92900.23,720,78,0
2026.02.09 14:36:00,92851.42,92894.50,92851.42,92894.50,719,78,0
2026.02.09 14:24:00,92851.07,92861.38,92834.02,92851.36,720,78,0
2026.02.09 14:12:00,92850.25,92860.93,92825.15,92851.01,720,78,0
2026.02.09 14:00:00,92854.27,92870.75,92840.33,92850.19,720,78,0
2026.02.09 13:48:00,92811.07,92854.21,92811.07,92854.21,720,78,0
2026.02.09 13:36:00,92853.92,92853.98,92807.35,92811.01,720,78,0
2026.02.09 13:24:00,92924.66,92928.08,92851.28,92853.86,720,78,0
2026.02.09 13:12:00,92930.75,92945.72,92912.90,92924.60,720,78,0
2026.02.09 13:00:00,93014.71,93019.57,92929.37,92930.69,720,78,0
2026.02.09 12:48:00,92991.85,93024.49,92991.85,93014.65,720,78,0
2026.02.09 12:36:00,92965.29,92991.79,92953.45,92991.79,720,78,0
2026.02.09 12:24:00,92922.09,92965.23,92922.09,92965.23,720,78,0
2026.02.09 12:12:00,92901.75,92922.03,92881.35,92922.03,719,78,0
2026.02.09 12:00:00,92904.01,92918.11,92882.13,92901.69,720,78,0
2026.02.09 11:48:00,92860.81,92903.95,92860.81,92903.95,720,78,0
2026.02.09 11:36:00,92856.44,92874.89,92851.61,92860.75,720,78,0
2026.02.09 11:24:00,92864.33,92875.21,92843.42,92856.38,720,78,0
2026.02.09 11:12:00,92821.13,92864.27,92821.13,92864.27,720,78,0
2026.02.09 11:00:00,92806.16,92821.07,92787.23,92821.07,720,78,0
2026.02.09 10:48:00,92762.96,92806.10,92762.96,92806.10,720,78,0
2026.02.09 10:36:00,92741.56,92767.72,92741.56,92762.90,720,78,0
2026.02.09 10:24:00,92742.53,92752.25,92712.52,92741.50,720,78,0
2026.02.09 10:12:00,92724.07,92765.95,92724.07,92742.47,720,78,0
2026.02.09 10:00:00,92717.05,92727.01,92699.29,92724.01,720,78,0
2026.02.09 09:48:00,92736.91,92737.57,92704.51,92716.99,720,78,0
2026.02.09 09:36:00,92726.54,92743.22,92710.45,92736.85,720,78,0
2026.02.09 09:24:00,92721.81,92734.63,92709.67,92726.48,720,78,0
2026.02.09 09:12:00,92723.43,92739.45,92710.30,92721.75,720,78,0
2026.02.09 09:00:00,92748.09,92755.35,92712.99,92723.37,720,78,0
2026.02.09 08:48:00,92717.04,92748.03,92712.99,92748.03,720,78,0
2026.02.09 08:36:00,92709.42,92749.14,92709.42,92716.98,720,78,0
2026.02.09 08:24:00,92691.37,92709.36,92670.36,92709.36,720,78,0
2026.02.09 08:12:00,92706.38,92720.06,92689.27,92691.31,720,78,0
2026.02.09 08:00:00,92663.18,92706.32,92663.18,92706.32,720,78,0
2026.02.09 07:48:00,92670.43,92684.84,92659.82,92663.12,720,78,0
2026.02.09 07:36:00,92709.43,92743.75,92670.37,92670.37,720,78,0
2026.02.09 07:24:00,92666.23,92709.37,92666.23,92709.37,720,78,0
2026.02.09 07:12:00,92668.40,92699.06,92654.47,92666.17,720,78,0
2026.02.09 07:00:00,92705.59,92715.01,92657.26,92668.34,720,78,0
2026.02.09 06:48:00,92781.69,92792.31,92696.59,92705.53,720,78,0
2026.02.09 06:36:00,92803.63,92821.63,92771.37,92781.63,720,78,0
2026.02.09 06:24:00,92842.41,92846.22,92794.09,92803.57,720,78,0
2026.02.09 06:12:00,92871.96,92885.68,92839.53,92842.35,720,78,0
2026.02.09 06:00:00,92887.42,92888.20,92861.71,92871.90,720,78,0
2026.02.09 05:48:00,92867.26,92887.36,92846.02,92887.36,720,78,0
2026.02.09 05:36:00,92879.87,92895.32,92861.20,92867.20,720,78,0
2026.02.09 05:24:00,92908.32,92909.76,92861.95,92879.81,720,78,0
2026.02.09 05:12:00,92914.76,92922.68,92885.52,92908.26,720,78,0
2026.02.09 05:00:00,92930.91,92939.07,92897.90,92914.70,720,78,0
2026.02.09 04:48:00,92946.34,92955.28,92910.51,92930.85,720,78,0
2026.02.09 04:36:00,92903.14,92946.28,92903.14,92946.28,720,78,0
2026.02.09 04:24:00,92885.62,92918.74,92885.62,92903.08,720,78,0
2026.02.09 04:12:00,92842.42,92885.56,92842.42,92885.56,720,78,0
2026.02.09 04:00:00,92799.22,92842.36,92799.22,92842.36,720,78,0
2026.02.09 03:48:00,92837.63,92874.77,92798.26,92799.16,720,78,0
2026.02.09 03:36:00,92825.70,92843.94,92812.73,92837.57,720,78,0
2026.02.09 03:24:00,92836.31,92844.89,92806.50,92825.64,720,78,0
2026.02.09 03:12:00,92826.86,92844.92,92811.23,92836.25,720,78,0
2026.02.09 03:00:00,92804.49,92827.17,92804.49,92826.80,720,78,0
2026.02.09 02:48:00,92785.02,92804.43,92765.79,92804.43,720,78,0
2026.02.09 02:36:00,92741.82,92784.96,92741.82,92784.96,720,78,0
2026.02.09 02:24:00,92776.14,92780.16,92730.60,92741.76,720,78,0
2026.02.09 02:12:00,92732.94,92776.08,92732.94,92776.08,720,78,0
2026.02.09 02:00:00,92772.52,92799.82,92727.24,92732.88,720,78,0
2026.02.09 01:48:00,92756.27,92789.75,92756.27,92772.46,720,78,0
2026.02.09 01:36:00,92726.99,92762.45,92726.99,92756.21,720,78,0
2026.02.09 01:24:00,92713.82,92738.66,92711.51,92726.93,720,78,0
2026.02.09 01:12:00,92697.37,92722.45,92695.76,92713.76,720,78,0
2026.02.09 01:00:00,92703.37,92704.81,92659.39,92697.31,720,78,0
2026.02.09 00:48:00,92761.36,92768.60,92700.49,92703.31,720,78,0
2026.02.09 00:36:00,92718.16,92761.30,92718.16,92761.30,720,78,0
2026.02.09 00:24:00,92725.65,92737.35,92703.52,92718.10,720,78,0
2026.02.09 00:12:00,92726.57,92762.81,92718.75,92725.59,720,78,0
2026.02.09 00:00:00,92737.29,92755.05,92710.13,92726.51,720,78,0
2026.02.08 23:48:00,92774.22,92784.60,92720.91,92737.23,720,78,0
2026.02.08 23:36:00,92731.02,92774.16,92731.02,92774.16,720,78,0
2026.02.08 23:24:00,92720.53,92730.96,92702.76,92730.96,720,78,0
2026.02.08 23:12:00,92754.75,92771.01,92703.61,92720.47,720,78,0
2026.02.08 23:00:00,92787.84,92788.20,92738.67,92754.69,720,78,0
2026.02.08 22:48:00,92778.97,92805.97,92773.92,92787.78,720,78,0
2026.02.08 22:36:00,92753.95,92778.91,92753.95,92778.91,720,78,0
2026.02.08 22:24:00,92782.05,92786.31,92747.03,92753.89,720,78,0
2026.02.08 22:12:00,92772.47,92781.99,92742.93,92781.99,720,78,0
2026.02.08 22:00:00,92729.27,92772.41,92729.27,92772.41,720,78,0
2026.02.08 21:48:00,92708.37,92740.65,92708.37,92729.21,720,78,0
2026.02.08 21:36:00,92784.57,92790.99,92697.75,92708.31,720,78,0
2026.02.08 21:24:00,92760.12,92784.51,92753.91,92784.51,720,78,0
2026.02.08 21:12:00,92791.71,92815.89,92743.92,92760.06,720,78,0
2026.02.08 21:00:00,92860.32,92870.28,92781.57,92791.65,720,78,0
2026.02.08 20:48:00,92918.90,92919.92,92842.68,92860.26,720,78,0
2026.02.08 20:36:00,92891.35,92918.84,92876.42,92918.84,720,78,0
2026.02.08 20:24:00,92907.78,92933.82,92886.49,92891.29,720,78,0
2026.02.08 20:12:00,92926.63,92961.37,92902.08,92907.72,720,78,0
2026.02.08 20:00:00,92938.04,92964.44,92919.31,92926.57,720,78,0
2026.02.08 19:48:00,92953.95,92990.73,92934.68,92937.98,720,78,0
2026.02.08 19:36:00,92928.76,92969.56,92928.76,92953.89,720,78,0
2026.02.08 19:24:00,92924.14,92929.00,92894.08,92928.70,720,78,0
2026.02.08 19:12:00,92899.96,92924.08,92899.96,92924.08,720,78,0
2026.02.08 19:00:00,92920.68,92947.56,92899.06,92899.90,720,78,0
2026.02.08 18:48:00,92910.35,92940.41,92910.35,92920.62,709,78,0
2026.02.08 18:36:00,92885.34,92924.76,92885.34,92910.29,720,78,0
2026.02.08 18:24:00,92856.36,92890.20,92856.36,92885.28,720,78,0
2026.02.08 18:12:00,92857.02,92878.80,92853.72,92856.30,720,78,0
2026.02.08 18:00:00,92941.36,92946.76,92853.24,92856.96,720,78,0
2026.02.08 17:48:00,92959.34,92964.50,92912.74,92941.30,720,78,0
2026.02.08 17:36:00,92969.67,92995.35,92943.02,92959.28,720,78,0
2026.02.08 17:24:00,92946.12,92973.78,92946.12,92969.61,720,78,0
2026.02.08 17:12:00,92987.80,92991.54,92935.92,92946.06,720,78,0
2026.02.08 17:00:00,92980.25,93023.03,92980.25,92987.74,720,78,0
2026.02.08 16:48:00,92950.98,92980.19,92950.98,92980.19,720,78,0
2026.02.08 16:36:00,92907.78,92950.92,92907.78,92950.92,720,78,0
2026.02.08 16:24:00,92891.74,92907.72,92878.56,92907.72,720,78,0
2026.02.08 16:12:00,92946.31,92959.09,92878.84,92891.68,720,78,0
2026.02.08 16:00:00,92903.11,92946.25,92903.11,92946.25,720,78,0
2026.02.08 15:48:00,92960.53,92965.51,92885.41,92903.05,720,78,0
2026.02.08 15:36:00,92997.10,93005.08,92944.09,92960.47,720,78,0
2026.02.08 15:24:00,92987.39,93008.03,92979.40,92997.04,720,78,0
2026.02.08 15:12:00,92986.17,92999.94,92972.94,92987.33,720,78,0
2026.02.08 15:00:00,92968.05,92986.11,92961.64,92986.11,720,78,0
2026.02.08 14:48:00,93014.58,93022.14,92963.55,92967.99,720,78,0
2026.02.08 14:36:00,93092.18,93093.92,93006.57,93014.52,720,78,0
2026.02.08 14:24:00,93078.14,93092.12,93055.04,93092.12,720,78,0
2026.02.08 14:12:00,93034.94,93078.08,93034.94,93078.08,720,78,0
2026.02.08 14:00:00,92991.74,93034.88,92991.74,93034.88,720,78,0
2026.02.08 13:48:00,92981.84,93017.36,92981.84,92991.68,720,78,0
2026.02.08 13:36:00,93063.28,93064.06,92969.12,92981.78,720,78,0
2026.02.08 13:24:00,93043.41,93063.22,93025.12,93063.22,720,78,0
2026.02.08 13:12:00,93095.44,93105.10,93025.65,93043.35,720,78,0
2026.02.08 13:00:00,93096.46,93114.43,93086.08,93095.38,720,78,0
2026.02.08 12:48:00,93053.26,93096.40,93053.26,93096.40,720,78,0
2026.02.08 12:36:00,93040.29,93058.41,93028.24,93053.20,720,78,0
2026.02.08 12:24:00,93070.74,93088.56,93034.95,93040.23,720,78,0
2026.02.08 12:12:00,93113.98,93128.02,93069.24,93070.68,720,78,0
2026.02.08 12:00:00,93088.73,93113.92,93083.08,93113.92,720,78,0
2026.02.08 11:48:00,93058.61,93088.67,93048.71,93088.67,720,78,0
2026.02.08 11:36:00,93053.74,93093.28,93053.74,93058.55,720,78,0
2026.02.08 11:24:00,93047.07,93070.68,93043.44,93053.68,720,78,0
2026.02.08 11:12:00,93052.45,93073.21,93032.37,93047.01,720,78,0
2026.02.08 11:00:00,93059.28,93083.58,93040.03,93052.39,720,78,0
2026.02.08 10:48:00,93032.33,93059.22,93025.80,93059.22,720,78,0
2026.02.08 10:36:00,93025.66,93033.70,93006.11,93032.27,720,78,0
2026.02.08 10:24:00,93004.70,93047.12,93004.70,93025.60,720,78,0
2026.02.08 10:12:00,92973.54,93004.64,92973.54,93004.64,720,78,0
2026.02.08 10:00:00,92930.34,92973.48,92930.34,92973.48,720,78,0
2026.02.08 09:48:00,92887.14,92930.28,92887.14,92930.28,719,78,0
2026.02.08 09:36:00,92857.56,92898.12,92857.56,92887.08,720,78,0
2026.02.08 09:24:00,92851.62,92865.55,92836.93,92857.50,720,78,0
2026.02.08 09:12:00,92863.49,92875.16,92848.62,92851.56,720,78,0
2026.02.08 09:00:00,92848.71,92866.35,92843.51,92863.43,720,78,0
2026.02.08 08:48:00,92847.75,92856.99,92828.06,92848.65,720,78,0
2026.02.08 08:36:00,92850.19,92853.91,92819.85,92847.69,720,78,0
2026.02.08 08:24:00,92838.49,92854.99,92823.55,92850.13,720,78,0
2026.02.08 08:12:00,92828.47,92843.41,92810.29,92838.43,720,78,0
2026.02.08 08:00:00,92809.68,92828.41,92802.43,92828.41,656,78,0
2026.02.08 07:48:00,92813.37,92820.87,92787.54,92809.62,720,78,0
2026.02.08 07:36:00,92795.37,92825.55,92795.37,92813.31,720,78,0
2026.02.08 07:24:00,92821.50,92829.72,92773.59,92795.31,720,78,0
2026.02.08 07:12:00,92833.66,92856.16,92802.96,92821.44,720,78,0
2026.02.08 07:00:00,92845.19,92857.01,92811.70,92833.60,720,78,0
2026.02.08 06:48:00,92837.99,92845.13,92837.99,92845.13,120,78,0
2026.02.08 06:36:00,92845.07,92861.99,92824.07,92837.93,720,78,0
2026.02.08 06:24:00,92841.88,92859.22,92823.83,92845.01,720,78,0
2026.02.08 06:12:00,92798.68,92841.82,92798.68,92841.82,720,78,0
2026.02.08 06:00:00,92830.97,92849.33,92774.68,92798.62,720,78,0
2026.02.08 05:48:00,92868.61,92870.23,92828.87,92830.91,720,78,0
2026.02.08 05:36:00,92825.41,92868.55,92825.41,92868.55,720,78,0
2026.02.08 05:24:00,92867.04,92869.35,92814.79,92825.35,720,78,0
2026.02.08 05:12:00,92844.86,92866.98,92844.30,92866.98,720,78,0
2026.02.08 05:00:00,92861.84,92887.76,92844.32,92844.80,720,78,0
2026.02.08 04:48:00,92875.24,92881.24,92848.16,92861.78,720,78,0
2026.02.08 04:36:00,92873.79,92905.11,92869.36,92875.18,720,78,0
2026.02.08 04:24:00,92851.45,92885.41,92851.45,92873.73,720,78,0
2026.02.08 04:12:00,92821.89,92851.39,92821.89,92851.39,720,78,0
2026.02.08 04:00:00,92778.69,92821.83,92778.69,92821.83,720,78,0
2026.02.08 03:48:00,92735.49,92778.63,92735.49,92778.63,720,78,0
2026.02.08 03:36:00,92726.99,92744.88,92721.00,92735.43,720,78,0
2026.02.08 03:24:00,92708.13,92727.75,92703.47,92726.93,720,78,0
2026.02.08 03:12:00,92664.93,92708.07,92664.93,92708.07,720,78,0
2026.02.08 03:00:00,92672.10,92679.78,92649.21,92664.87,720,78,0
2026.02.08 02:48:00,92687.16,92700.86,92668.44,92672.04,720,78,0
2026.02.08 02:36:00,92688.01,92690.95,92663.82,92687.10,720,78,0
2026.02.08 02:24:00,92644.81,92687.95,92644.81,92687.95,720,78,0
2026.02.08 02:12:00,92650.18,92668.54,92635.93,92644.75,720,78,0
2026.02.08 02:00:00,92657.37,92686.59,92636.92,92650.12,720,78,0
2026.02.08 01:48:00,92705.65,92721.55,92657.07,92657.31,720,78,0
2026.02.08 01:36:00,92710.77,92712.21,92671.99,92705.59,720,78,0
2026.02.08 01:24:00,92667.57,92710.71,92667.57,92710.71,720,78,0
2026.02.08 01:12:00,92624.37,92667.51,92624.37,92667.51,720,78,0
2026.02.08 01:00:00,92670.02,92690.30,92623.11,92624.31,720,78,0
2026.02.08 00:48:00,92687.46,92695.80,92660.42,92669.96,720,78,0
2026.02.08 00:36:00,92727.50,92728.64,92663.46,92687.40,720,78,0
2026.02.08 00:24:00,92709.51,92738.43,92709.51,92727.44,720,78,0
2026.02.08 00:12:00,92694.14,92709.45,92667.63,92709.45,720,78,0
2026.02.08 00:00:00,92673.25,92694.08,92658.44,92694.08,720,78,0
2026.02.07 23:48:00,92647.38,92680.08,92647.38,92673.19,720,78,0
2026.02.07 23:36:00,92655.14,92655.38,92617.11,92647.32,720,78,0
2026.02.07 23:24:00,92611.94,92655.08,92611.94,92655.08,720,78,0
2026.02.07 23:12:00,92568.74,92611.88,92568.74,92611.88,720,78,0
2026.02.07 23:00:00,92605.26,92616.84,92558.96,92568.68,720,78,0
2026.02.07 22:48:00,92691.32,92704.88,92600.28,92605.20,621,78,0
2026.02.07 22:36:00,92711.72,92725.22,92665.94,92691.26,720,78,0
2026.02.07 22:24:00,92682.58,92711.66,92682.58,92711.66,720,78,0
2026.02.07 22:12:00,92724.44,92739.62,92678.26,92682.52,720,78,0
2026.02.07 22:00:00,92698.45,92724.38,92697.62,92724.38,720,78,0
2026.02.07 21:48:00,92717.28,92723.16,92682.91,92698.39,720,78,0
2026.02.07 21:36:00,92715.92,92736.01,92710.63,92717.22,720,78,0
2026.02.07 21:24:00,92714.08,92738.29,92711.36,92715.86,720,78,0
2026.02.07 21:12:00,92698.54,92734.00,92698.54,92714.02,720,78,0
2026.02.07 21:00:00,92697.93,92724.69,92682.16,92698.48,720,78,0
2026.02.07 20:48:00,92684.41,92701.69,92684.41,92697.87,720,78,0
2026.02.07 20:36:00,92715.82,92718.40,92678.27,92684.35,720,78,0
2026.02.07 20:24:00,92798.42,92798.54,92709.52,92715.76,720,78,0
2026.02.07 20:12:00,92810.57,92834.63,92797.28,92798.36,720,78,0
2026.02.07 20:00:00,92789.54,92818.04,92789.54,92810.51,720,78,0
2026.02.07 19:48:00,92810.60,92829.24,92789.48,92789.48,720,78,0
2026.02.07 19:36:00,92767.40,92810.54,92767.40,92810.54,720,78,0
2026.02.07 19:24:00,92724.20,92767.34,92724.20,92767.34,720,78,0
2026.02.07 19:12:00,92694.21,92724.14,92683.16,92724.14,720,78,0
2026.02.07 19:00:00,92670.59,92694.15,92669.43,92694.15,720,78,0
2026.02.07 18:48:00,92695.54,92716.96,92666.75,92670.53,720,78,0
2026.02.07 18:36:00,92744.45,92746.13,92665.06,92695.48,720,78,0
2026.02.07 18:24:00,92751.30,92760.42,92713.97,92744.39,720,78,0
2026.02.07 18:12:00,92708.10,92751.24,92708.10,92751.24,720,78,0
2026.02.07 18:00:00,92679.18,92708.04,92669.46,92708.04,720,78,0
2026.02.07 17:48:00,92659.51,92701.75,92659.51,92679.12,720,78,0
2026.02.07 17:36:00,92657.57,92681.63,92654.77,92659.45,720,78,0
2026.02.07 17:24:00,92628.39,92657.51,92628.39,92657.51,720,78,0
2026.02.07 17:12:00,92623.52,92633.36,92607.03,92628.33,720,78,0
2026.02.07 17:00:00,92580.32,92623.46,92580.32,92623.46,720,78,0
2026.02.07 16:48:00,92581.92,92590.56,92550.62,92580.26,720,78,0
2026.02.07 16:36:00,92617.98,92633.58,92557.38,92581.86,720,78,0
2026.02.07 16:24:00,92574.78,92617.92,92574.78,92617.92,720,78,0
2026.02.07 16:12:00,92566.02,92574.72,92551.38,92574.72,720,78,0
2026.02.07 16:00:00,92535.15,92565.96,92523.90,92565.96,720,78,0
2026.02.07 15:48:00,92529.21,92561.07,92523.87,92535.09,720,78,0
2026.02.07 15:36:00,92514.85,92529.15,92498.31,92529.15,720,78,0
2026.02.07 15:24:00,92471.65,92514.79,92471.65,92514.79,720,78,0
2026.02.07 15:12:00,92458.33,92492.17,92458.33,92471.59,720,78,0
2026.02.07 15:00:00,92443.16,92464.16,92443.16,92458.27,720,78,0
2026.02.07 14:48:00,92399.96,92443.10,92399.96,92443.10,720,78,0
2026.02.07 14:36:00,92408.68,92433.52,92396.72,92399.90,720,78,0
2026.02.07 14:24:00,92385.74,92424.68,92385.74,92408.62,720,78,0
2026.02.07 14:12:00,92405.79,92424.21,92380.88,92385.68,720,78,0
2026.02.07 14:00:00,92432.06,92452.70,92400.93,92405.73,720,78,0
2026.02.07 13:48:00,92433.75,92459.44,92430.98,92432.00,720,78,0
2026.02.07 13:36:00,92448.28,92466.46,92421.63,92433.69,720,78,0
2026.02.07 13:24:00,92405.08,92448.22,92405.08,92448.22,720,78,0
2026.02.07 13:12:00,92415.57,92425.35,92386.60,92405.02,720,78,0
2026.02.07 13:00:00,92423.61,92427.81,92386.71,92415.51,720,78,0
2026.02.07 12:48:00,92402.86,92434.78,92402.86,92423.55,720,78,0
2026.02.07 12:36:00,92473.20,92508.72,92401.54,92402.80,720,78,0
2026.02.07 12:24:00,92465.39,92504.51,92465.39,92473.14,720,78,0
2026.02.07 12:12:00,92521.42,92535.94,92444.51,92465.33,603,78,0
2026.02.07 12:00:00,92478.22,92521.36,92478.22,92521.36,720,78,0
2026.02.07 11:48:00,92512.55,92530.85,92466.70,92478.16,720,78,0
2026.02.07 11:36:00,92503.99,92522.53,92502.11,92512.49,720,78,0
2026.02.07 11:24:00,92514.49,92521.09,92487.91,92503.93,720,78,0
2026.02.07 11:12:00,92471.29,92514.43,92471.29,92514.43,720,78,0
2026.02.07 11:00:00,92456.08,92471.23,92438.05,92471.23,720,78,0
2026.02.07 10:48:00,92457.89,92497.43,92452.48,92456.02,720,78,0
2026.02.07 10:36:00,92414.69,92457.83,92414.69,92457.83,720,78,0
2026.02.07 10:24:00,92410.72,92437.48,92410.72,92414.63,720,78,0
2026.02.07 10:12:00,92450.58,92461.74,92394.70,92410.66,720,78,0
2026.02.07 10:00:00,92440.89,92475.39,92440.89,92450.52,720,78,0
2026.02.07 09:48:00,92397.69,92440.83,92397.69,92440.83,720,78,0
2026.02.07 09:36:00,92374.24,92397.63,92374.24,92397.63,720,78,0
2026.02.07 09:24:00,92331.04,92374.18,92331.04,92374.18,720,78,0
2026.02.07 09:12:00,92370.82,92386.78,92311.96,92330.98,720,78,0
2026.02.07 09:00:00,92357.09,92370.76,92337.52,92370.76,720,78,0
2026.02.07 08:48:00,92420.44,92440.12,92342.33,92357.03,720,78,0
2026.02.07 08:36:00,92391.75,92431.53,92391.75,92420.38,720,78,0
2026.02.07 08:24:00,92371.78,92391.69,92365.77,92391.69,720,78,0
2026.02.07 08:12:00,92366.96,92371.72,92334.28,92371.72,720,78,0
2026.02.07 08:00:00,92323.76,92366.90,92323.76,92366.90,720,78,0
2026.02.07 07:48:00,92389.32,92395.95,92320.28,92323.70,720,78,0
2026.02.07 07:36:00,92358.37,92398.99,92358.37,92389.26,720,78,0
2026.02.07 07:24:00,92409.36,92415.90,92335.69,92358.31,720,78,0
2026.02.07 07:12:00,92402.26,92428.67,92402.26,92409.30,720,78,0
2026.02.07 07:00:00,92383.82,92402.20,92360.02,92402.20,720,78,0
2026.02.07 06:48:00,92429.69,92440.55,92377.10,92383.76,720,78,0
2026.02.07 06:36:00,92386.49,92429.63,92386.49,92429.63,720,78,0
2026.02.07 06:24:00,92457.13,92464.09,92377.01,92386.43,720,78,0
2026.02.07 06:12:00,92436.02,92464.34,92436.02,92457.07,720,78,0
2026.02.07 06:00:00,92445.81,92472.93,92420.12,92435.96,720,78,0
2026.02.07 05:48:00,92458.40,92489.60,92441.61,92445.75,720,78,0
2026.02.07 05:36:00,92444.78,92470.22,92440.70,92458.34,720,78,0
2026.02.07 05:24:00,92451.20,92474.48,92437.76,92444.72,720,78,0
2026.02.07 05:12:00,92473.71,92478.27,92444.33,92451.14,720,78,0
2026.02.07 05:00:00,92452.41,92473.65,92431.89,92473.65,720,78,0
2026.02.07 04:48:00,92447.69,92476.67,92438.25,92452.35,720,78,0
2026.02.07 04:36:00,92487.26,92501.78,92431.25,92447.63,720,78,0
2026.02.07 04:24:00,92502.01,92508.46,92472.14,92487.20,720,78,0
2026.02.07 04:12:00,92529.10,92546.31,92499.49,92501.95,720,78,0
2026.02.07 04:00:00,92511.67,92529.04,92494.66,92529.04,720,78,0
2026.02.07 03:48:00,92537.57,92552.33,92498.17,92511.61,720,78,0
2026.02.07 03:36:00,92509.17,92537.51,92502.95,92537.51,720,78,0
2026.02.07 03:24:00,92465.97,92509.11,92465.97,92509.11,720,78,0
2026.02.07 03:12:00,92422.77,92465.91,92422.77,92465.91,720,78,0
2026.02.07 03:00:00,92427.56,92432.42,92391.81,92422.71,720,78,0
2026.02.07 02:48:00,92437.90,92451.95,92422.37,92427.50,720,78,0
2026.02.07 02:36:00,92394.70,92437.84,92394.70,92437.84,720,78,0
2026.02.07 02:24:00,92389.31,92395.11,92371.71,92394.64,720,78,0
2026.02.07 02:12:00,92397.61,92408.47,92379.89,92389.25,720,78,0
2026.02.07 02:00:00,92487.49,92489.35,92386.27,92397.55,720,78,0
2026.02.07 01:48:00,92517.56,92525.42,92477.05,92487.43,720,78,0
2026.02.07 01:36:00,92541.09,92546.73,92500.22,92517.50,720,78,0
2026.02.07 01:24:00,92534.67,92548.05,92524.89,92541.03,720,78,0
2026.02.07 01:12:00,92549.47,92572.87,92525.43,92534.61,720,78,0
2026.02.07 01:00:00,92570.48,92575.10,92535.61,92549.41,720,78,0
2026.02.07 00:48:00,92546.11,92570.42,92533.52,92570.42,720,78,0
2026.02.07 00:36:00,92502.91,92546.05,92502.91,92546.05,720,78,0
2026.02.07 00:24:00,92509.18,92511.28,92465.59,92502.85,720,78,0
2026.02.07 00:12:00,92465.98,92509.12,92465.98,92509.12,720,78,0
2026.02.07 00:00:00,92453.13,92488.53,92453.13,92465.92,720,78,0
2026.02.06 23:48:00,92572.02,92577.60,92433.45,92453.07,720,78,0
2026.02.06 23:36:00,92543.19,92571.96,92543.19,92571.96,720,78,0
2026.02.06 23:24:00,92499.99,92543.13,92499.99,92543.13,720,78,0
2026.02.06 23:12:00,92502.51,92515.56,92487.93,92499.93,720,78,0
2026.02.06 23:00:00,92477.26,92502.45,92467.29,92502.45,720,78,0
2026.02.06 22:48:00,92434.06,92477.20,92434.06,92477.20,720,78,0
2026.02.06 22:36:00,92423.75,92447.87,92419.72,92434.00,720,78,0
2026.02.06 22:24:00,92443.36,92455.12,92415.29,92423.69,720,78,0
2026.02.06 22:12:00,92461.78,92467.42,92426.26,92443.30,720,78,0
2026.02.06 22:00:00,92469.49,92479.81,92428.96,92461.72,720,78,0
2026.02.06 21:48:00,92511.62,92529.68,92462.83,92469.43,720,78,0
2026.02.06 21:36:00,92520.80,92535.47,92495.48,92511.56,720,78,0
2026.02.06 21:24:00,92542.97,92551.43,92509.22,92520.74,720,78,0
2026.02.06 21:12:00,92584.41,92589.15,92529.23,92542.91,720,78,0
2026.02.06 21:00:00,92541.21,92584.35,92541.21,92584.35,720,78,0
2026.02.06 20:48:00,92576.00,92581.22,92513.97,92541.15,720,78,0
2026.02.06 20:36:00,92570.49,92589.41,92561.21,92575.94,720,78,0
2026.02.06 20:24:00,92692.63,92694.79,92569.89,92570.43,720,78,0
2026.02.06 20:12:00,92649.43,92692.57,92649.43,92692.57,720,78,0
2026.02.06 20:00:00,92638.40,92649.37,92611.09,92649.37,720,78,0
2026.02.06 19:48:00,92646.88,92663.15,92631.32,92638.34,720,78,0
2026.02.06 19:36:00,92655.99,92668.83,92626.66,92646.82,720,78,0
2026.02.06 19:24:00,92667.12,92672.28,92634.99,92655.93,720,78,0
2026.02.06 19:12:00,92687.34,92718.60,92665.02,92667.06,720,78,0
2026.02.06 19:00:00,92656.33,92687.28,92644.44,92687.28,720,78,0
2026.02.06 18:48:00,92660.77,92669.05,92635.87,92656.27,720,78,0
2026.02.06 18:36:00,92663.50,92682.70,92652.08,92660.71,720,78,0
2026.02.06 18:24:00,92641.37,92676.89,92641.37,92663.44,720,78,0
2026.02.06 18:12:00,92611.88,92641.31,92598.65,92641.31,720,78,0
2026.02.06 18:00:00,92568.68,92611.82,92568.68,92611.82,720,78,0
2026.02.06 17:48:00,92560.76,92569.04,92547.74,92568.62,720,78,0
2026.02.06 17:36:00,92582.32,92584.72,92543.84,92560.70,720,78,0
2026.02.06 17:24:00,92640.35,92655.77,92576.20,92582.26,720,78,0
2026.02.06 17:12:00,92695.13,92695.37,92601.05,92640.29,720,78,0
2026.02.06 17:00:00,92651.93,92695.07,92651.93,92695.07,720,78,0
2026.02.06 16:48:00,92624.79,92651.87,92624.79,92651.87,720,78,0
2026.02.06 16:36:00,92596.49,92624.73,92596.49,92624.73,720,78,0
2026.02.06 16:24:00,92578.59,92620.59,92578.59,92596.43,720,78,0
2026.02.06 16:12:00,92585.14,92605.12,92562.99,92578.53,720,78,0
2026.02.06 16:00:00,92559.38,92602.40,92559.38,92585.08,720,78,0
2026.02.06 15:48:00,92565.79,92579.17,92538.02,92559.32,720,78,0
2026.02.06 15:36:00,92616.00,92620.92,92533.81,92565.73,720,78,0
2026.02.06 15:24:00,92625.14,92632.76,92600.75,92615.94,720,78,0
2026.02.06 15:12:00,92657.68,92661.40,92605.46,92625.08,720,78,0
2026.02.06 15:00:00,92632.05,92657.62,92622.04,92657.62,720,78,0
2026.02.06 14:48:00,92671.26,92678.64,92620.59,92631.99,720,78,0
2026.02.06 14:36:00,92643.97,92671.20,92643.97,92671.20,720,78,0
2026.02.06 14:24:00,92645.21,92651.63,92611.03,92643.91,720,78,0
2026.02.06 14:12:00,92720.46,92722.02,92641.91,92645.15,720,78,0
2026.02.06 14:00:00,92728.50,92734.14,92704.20,92720.40,720,78,0
2026.02.06 13:48:00,92771.10,92789.58,92718.42,92728.44,720,78,0
2026.02.06 13:36:00,92801.48,92813.54,92768.64,92771.04,720,78,0
2026.02.06 13:24:00,92788.77,92814.39,92783.96,92801.42,720,78,0
2026.02.06 13:12:00,92781.35,92789.21,92753.49,92788.71,720,78,0
2026.02.06 13:00:00,92779.54,92818.36,92777.03,92781.29,720,78,0
2026.02.06 12:48:00,92749.38,92779.48,92744.74,92779.48,720,78,0
2026.02.06 12:36:00,92790.57,92791.11,92744.04,92749.32,720,78,0
2026.02.06 12:24:00,92797.15,92814.73,92771.25,92790.51,720,78,0
2026.02.06 12:12:00,92793.66,92816.70,92781.96,92797.09,720,78,0
2026.02.06 12:00:00,92790.99,92815.65,92775.18,92793.60,720,78,0
2026.02.06 11:48:00,92835.43,92840.53,92771.73,92790.93,720,78,0
2026.02.06 11:36:00,92827.39,92852.78,92821.82,92835.37,720,78,0
2026.02.06 11:24:00,92843.64,92846.91,92822.35,92827.33,720,78,0
2026.02.06 11:12:00,92818.86,92843.58,92818.86,92843.58,720,78,0
2026.02.06 11:00:00,92798.21,92818.80,92786.94,92818.80,720,78,0
2026.02.06 10:48:00,92820.31,92823.31,92765.99,92798.15,720,78,0
2026.02.06 10:36:00,92836.83,92839.53,92791.09,92820.25,720,78,0
2026.02.06 10:24:00,92793.63,92836.77,92793.63,92836.77,720,78,0
2026.02.06 10:12:00,92846.30,92851.46,92787.03,92793.57,720,78,0
2026.02.06 10:00:00,92846.78,92870.48,92836.82,92846.24,720,78,0
2026.02.06 09:48:00,92833.15,92859.61,92830.10,92846.72,720,78,0
2026.02.06 09:36:00,92802.94,92833.09,92802.94,92833.09,720,78,0
2026.02.06 09:24:00,92855.95,92857.03,92787.28,92802.88,720,78,0
2026.02.06 09:12:00,92842.57,92877.43,92842.57,92855.89,720,78,0
2026.02.06 09:00:00,92901.16,92902.80,92842.33,92842.51,720,78,0
2026.02.06 08:48:00,92897.52,92926.80,92887.30,92901.10,720,78,0
2026.02.06 08:36:00,92921.66,92938.46,92880.90,92897.46,720,78,0
2026.02.06 08:24:00,92878.46,92921.60,92878.46,92921.60,720,78,0
2026.02.06 08:12:00,92878.47,92883.69,92850.26,92878.40,720,78,0
2026.02.06 08:00:00,92835.27,92878.41,92835.27,92878.41,720,78,0
2026.02.06 07:48:00,92889.80,92902.58,92808.51,92835.21,720,78,0
2026.02.06 07:36:00,92863.35,92889.74,92853.62,92889.74,720,78,0
2026.02.06 07:24:00,92854.47,92874.09,92839.83,92863.29,720,78,0
2026.02.06 07:12:00,92882.42,92899.22,92852.91,92854.41,720,78,0
2026.02.06 07:00:00,92870.89,92886.55,92854.94,92882.36,720,78,0
2026.02.06 06:48:00,92827.69,92870.83,92827.69,92870.83,720,78,0
2026.02.06 06:36:00,92799.45,92840.49,92799.45,92827.63,720,78,0
2026.02.06 06:24:00,92807.00,92827.16,92792.70,92799.39,720,78,0
2026.02.06 06:12:00,92898.14,92903.90,92795.72,92806.94,720,78,0
2026.02.06 06:00:00,92892.71,92899.19,92875.14,92898.08,720,78,0
2026.02.06 05:48:00,92918.49,92944.53,92885.63,92892.65,720,78,0
2026.02.06 05:36:00,92926.39,92928.79,92880.21,92918.43,720,78,0
2026.02.06 05:24:00,92924.67,92931.75,92892.91,92926.33,720,78,0
2026.02.06 05:12:00,92912.42,92932.09,92904.91,92924.61,720,78,0
2026.02.06 05:00:00,92890.33,92912.36,92883.92,92912.36,720,78,0
2026.02.06 04:48:00,92931.16,92938.12,92889.55,92890.27,720,78,0
2026.02.06 04:36:00,92940.95,92948.14,92912.86,92931.10,720,78,0
2026.02.06 04:24:00,92944.48,92961.22,92920.97,92940.89,720,78,0
2026.02.06 04:12:00,92981.86,92983.84,92938.60,92944.42,720,78,0
2026.02.06 04:00:00,93054.12,93058.44,92965.12,92981.80,720,78,0
2026.02.06 03:48:00,93073.55,93077.63,93044.76,93054.06,720,78,0
2026.02.06 03:36:00,93055.45,93073.49,93039.71,93073.49,720,78,0
2026.02.06 03:24:00,93119.69,93133.19,93052.15,93055.39,720,78,0
2026.02.06 03:12:00,93108.04,93127.96,93096.47,93119.63,720,78,0
2026.02.06 03:00:00,93077.46,93107.98,93077.46,93107.98,720,78,0
2026.02.06 02:48:00,93169.57,93174.30,93076.74,93077.40,720,78,0
2026.02.06 02:36:00,93145.91,93180.59,93145.91,93169.51,720,78,0
2026.02.06 02:24:00,93119.83,93152.83,93119.83,93145.85,720,78,0
2026.02.06 02:12:00,93076.63,93119.77,93076.63,93119.77,720,78,0
2026.02.06 02:00:00,93079.31,93117.11,93071.29,93076.57,720,78,0
2026.02.06 01:48:00,93120.86,93138.20,93063.29,93079.25,720,78,0
2026.02.06 01:36:00,93112.71,93152.79,93112.71,93120.80,720,78,0
2026.02.06 01:24:00,93103.87,93132.73,93103.87,93112.65,720,78,0
2026.02.06 01:12:00,93060.67,93103.81,93060.67,93103.81,720,78,0
2026.02.06 01:00:00,93032.84,93060.61,93031.21,93060.61,720,78,0
2026.02.06 00:48:00,92989.64,93032.78,92989.64,93032.78,720,78,0
2026.02.06 00:36:00,93048.35,93064.55,92986.64,92989.58,720,78,0
2026.02.06 00:24:00,93082.62,93105.06,93047.57,93048.29,720,78,0
2026.02.06 00:12:00,93058.49,93082.56,93055.02,93082.56,720,78,0
2026.02.06 00:00:00,93117.18,93121.26,93037.80,93058.43,720,78,0
2026.02.05 23:48:00,93141.98,93156.74,93116.34,93117.12,720,78,0
2026.02.05 23:36:00,93125.03,93146.63,93120.44,93141.92,720,78,0
2026.02.05 23:24:00,93151.15,93179.47,93122.21,93124.97,720,78,0
2026.02.05 23:12:00,93171.37,93175.45,93130.23,93151.09,720,78,0
2026.02.05 23:00:00,93128.17,93171.31,93128.17,93171.31,720,78,0
2026.02.05 22:48:00,93174.12,93201.24,93127.51,93128.11,720,78,0
2026.02.05 22:36:00,93158.45,93195.59,93158.45,93174.06,720,78,0
2026.02.05 22:24:00,93115.25,93158.39,93115.25,93158.39,720,78,0
2026.02.05 22:12:00,93119.70,93129.66,93086.63,93115.19,720,78,0
2026.02.05 22:00:00,93094.79,93119.64,93082.38,93119.64,720,78,0
2026.02.05 21:48:00,93091.27,93110.83,93077.81,93094.73,720,78,0
2026.02.05 21:36:00,93114.21,93119.48,93083.60,93091.21,720,78,0
2026.02.05 21:24:00,93071.01,93114.15,93071.01,93114.15,720,78,0
2026.02.05 21:12:00,93077.60,93095.84,93051.87,93070.95,720,78,0
2026.02.05 21:00:00,93048.15,93077.54,93048.15,93077.54,720,78,0
2026.02.05 20:48:00,93033.29,93074.93,93033.29,93048.09,720,78,0
2026.02.05 20:36:00,93037.01,93053.51,93014.93,93033.23,720,78,0
2026.02.05 20:24:00,93021.65,93041.33,93014.81,93036.95,720,78,0
2026.02.05 20:12:00,92978.45,93021.59,92978.45,93021.59,720,78,0
2026.02.05 20:00:00,92969.43,92978.39,92941.31,92978.39,720,78,0
2026.02.05 19:48:00,93015.35,93024.23,92958.27,92969.37,720,78,0
2026.02.05 19:36:00,92984.94,93015.29,92984.94,93015.29,720,78,0
2026.02.05 19:24:00,92955.38,92984.88,92955.38,92984.88,720,78,0
2026.02.05 19:12:00,92926.15,92955.32,92926.15,92955.32,720,78,0
2026.02.05 19:00:00,92916.42,92955.24,92916.42,92926.09,720,78,0
2026.02.05 18:48:00,92873.22,92916.36,92873.22,92916.36,720,78,0
2026.02.05 18:36:00,92935.91,92943.17,92872.08,92873.16,720,78,0
2026.02.05 18:24:00,92948.89,92959.39,92910.53,92935.85,720,78,0
2026.02.05 18:12:00,92956.74,92960.82,92923.11,92948.83,720,78,0
2026.02.05 18:00:00,92984.56,92986.42,92923.14,92956.68,720,78,0
2026.02.05 17:48:00,92958.63,92984.50,92942.44,92984.50,720,78,0
2026.02.05 17:36:00,92915.43,92958.57,92915.43,92958.57,720,78,0
2026.02.05 17:24:00,92903.45,92941.07,92903.45,92915.37,720,78,0
2026.02.05 17:12:00,92877.42,92909.64,92877.42,92903.39,720,78,0
2026.02.05 17:00:00,92882.15,92904.05,92859.90,92877.36,720,78,0
2026.02.05 16:48:00,92868.95,92883.65,92853.71,92882.09,720,78,0
2026.02.05 16:36:00,92876.31,92889.21,92844.71,92868.89,720,78,0
2026.02.05 16:24:00,92833.11,92876.25,92833.11,92876.25,720,78,0
2026.02.05 16:12:00,92831.36,92845.88,92809.23,92833.05,720,78,0
2026.02.05 16:00:00,92788.16,92831.30,92788.16,92831.30,720,78,0
2026.02.05 15:48:00,92744.96,92788.10,92744.96,92788.10,720,78,0
2026.02.05 15:36:00,92790.39,92809.17,92742.56,92744.90,720,78,0
2026.02.05 15:24:00,92773.19,92811.47,92773.19,92790.33,720,78,0
2026.02.05 15:12:00,92780.66,92790.08,92752.85,92773.13,720,78,0
2026.02.05 15:00:00,92777.70,92796.53,92765.21,92780.60,720,78,0
2026.02.05 14:48:00,92777.25,92791.17,92766.66,92777.64,720,78,0
2026.02.05 14:36:00,92766.28,92797.08,92766.28,92797.08,720,78,0
2026.02.05 14:24:00,92787.61,92796.19,92760.10,92766.22,720,78,0
2026.02.05 14:12:00,92744.41,92787.55,92744.41,92787.55,720,78,0
2026.02.05 14:00:00,92802.82,92807.50,92730.67,92744.35,720,78,0
2026.02.05 13:48:00,92802.70,92815.59,92787.46,92802.76,720,78,0
2026.02.05 13:36:00,92759.50,92802.64,92759.50,92802.64,720,78,0
2026.02.05 13:24:00,92757.83,92764.31,92741.99,92759.44,720,78,0
2026.02.05 13:12:00,92731.70,92757.77,92724.23,92757.77,720,78,0
2026.02.05 13:00:00,92688.50,92731.64,92688.50,92731.64,720,78,0
2026.02.05 12:48:00,92667.61,92690.89,92667.61,92688.44,720,78,0
2026.02.05 12:36:00,92709.17,92710.49,92658.53,92667.55,720,78,0
2026.02.05 12:24:00,92665.97,92709.11,92665.97,92709.11,720,78,0
2026.02.05 12:12:00,92622.77,92665.91,92622.77,92665.91,720,78,0
2026.02.05 12:00:00,92626.18,92626.36,92595.83,92622.71,720,78,0
2026.02.05 11:48:00,92607.62,92639.96,92607.62,92626.12,720,78,0
2026.02.05 11:36:00,92617.83,92626.35,92592.80,92607.56,720,78,0
2026.02.05 11:24:00,92621.83,92659.45,92617.47,92617.77,720,78,0
2026.02.05 11:12:00,92603.72,92621.77,92596.45,92621.77,720,78,0
2026.02.05 11:00:00,92587.00,92627.20,92587.00,92603.66,720,78,0
2026.02.05 10:48:00,92572.55,92615.51,92572.55,92586.94,720,78,0
2026.02.05 10:36:00,92555.03,92572.49,92535.53,92572.49,720,78,0
2026.02.05 10:24:00,92511.83,92554.97,92511.83,92554.97,720,78,0
2026.02.05 10:12:00,92468.63,92511.77,92468.63,92511.77,720,78,0
2026.02.05 10:00:00,92530.22,92532.44,92454.53,92468.57,720,78,0
2026.02.05 09:48:00,92564.41,92570.23,92512.55,92530.16,720,78,0
2026.02.05 09:36:00,92581.96,92583.70,92530.93,92564.35,720,78,0
2026.02.05 09:24:00,92538.76,92581.90,92538.76,92581.90,720,78,0
2026.02.05 09:12:00,92495.56,92538.70,92495.56,92538.70,720,78,0
2026.02.05 09:00:00,92471.86,92499.10,92471.86,92495.50,720,78,0
2026.02.05 08:48:00,92521.05,92534.59,92460.40,92471.80,720,78,0
2026.02.05 08:36:00,92561.35,92563.93,92516.25,92520.99,720,78,0
2026.02.05 08:24:00,92559.95,92589.41,92556.67,92561.29,720,78,0
2026.02.05 08:12:00,92603.30,92607.08,92555.21,92559.89,720,78,0
2026.02.05 08:00:00,92560.10,92603.24,92560.10,92603.24,720,78,0
2026.02.05 07:48:00,92549.76,92571.36,92540.72,92560.04,720,78,0
2026.02.05 07:36:00,92573.11,92576.65,92518.14,92549.70,720,78,0
2026.02.05 07:24:00,92544.86,92579.42,92544.86,92573.05,720,78,0
2026.02.05 07:12:00,92520.34,92544.80,92520.34,92544.80,720,78,0
2026.02.05 07:00:00,92527.49,92551.43,92511.88,92520.28,720,78,0
2026.02.05 06:48:00,92558.11,92564.05,92513.33,92527.43,720,78,0
2026.02.05 06:36:00,92625.85,92639.41,92557.15,92558.05,720,78,0
2026.02.05 06:24:00,92627.68,92629.90,92591.05,92625.79,720,78,0
2026.02.05 06:12:00,92620.24,92643.40,92620.24,92627.62,720,78,0
2026.02.05 06:00:00,92661.39,92664.68,92617.78,92620.18,720,78,0
2026.02.05 05:48:00,92709.85,92710.27,92628.27,92661.33,720,78,0
2026.02.05 05:36:00,92728.31,92754.95,92707.39,92709.79,720,78,0
2026.02.05 05:24:00,92752.05,92755.83,92711.39,92728.25,720,78,0
2026.02.05 05:12:00,92728.33,92751.99,92727.03,92751.99,720,78,0
2026.02.05 05:00:00,92717.37,92728.27,92705.47,92728.27,720,78,0
2026.02.05 04:48:00,92694.40,92717.31,92694.40,92717.31,720,78,0
2026.02.05 04:36:00,92742.97,92768.41,92682.16,92694.34,720,78,0
2026.02.05 04:24:00,92757.98,92762.47,92733.25,92742.91,720,78,0
2026.02.05 04:12:00,92784.56,92790.80,92738.60,92757.92,720,78,0
2026.02.05 04:00:00,92789.09,92797.49,92769.98,92784.50,720,78,0
2026.02.05 03:48:00,92790.10,92810.38,92766.23,92789.03,720,78,0
2026.02.05 03:36:00,92763.58,92799.82,92763.58,92790.04,720,78,0
2026.02.05 03:24:00,92746.43,92769.03,92746.43,92763.52,720,78,0
2026.02.05 03:12:00,92720.07,92746.37,92720.07,92746.37,720,78,0
2026.02.05 03:00:00,92676.87,92720.01,92676.87,92720.01,720,78,0
2026.02.05 02:48:00,92651.47,92676.81,92647.29,92676.81,720,78,0
2026.02.05 02:36:00,92631.19,92664.61,92631.19,92651.41,720,78,0
2026.02.05 02:24:00,92602.92,92631.13,92602.92,92631.13,720,78,0
2026.02.05 02:12:00,92559.72,92602.86,92559.72,92602.86,720,78,0
2026.02.05 02:00:00,92516.52,92559.66,92516.52,92559.66,720,78,0
2026.02.05 01:48:00,92504.62,92535.58,92504.62,92516.46,720,78,0
2026.02.05 01:36:00,92503.57,92522.71,92498.38,92504.56,720,78,0
2026.02.05 01:24:00,92534.62,92539.48,92496.85,92503.51,720,78,0
2026.02.05 01:12:00,92567.99,92591.21,92527.54,92534.56,720,78,0
2026.02.05 01:00:00,92545.25,92567.93,92526.23,92567.93,720,78,0
2026.02.05 00:48:00,92567.98,92587.48,92525.57,92545.19,720,78,0
2026.02.05 00:36:00,92648.60,92656.64,92560.78,92567.92,720,78,0
2026.02.05 00:24:00,92635.16,92658.26,92628.56,92648.54,720,78,0
2026.02.05 00:12:00,92617.07,92644.43,92617.07,92635.10,720,78,0
2026.02.05 00:00:00,92644.97,92647.31,92590.25,92617.01,720,78,0
2026.02.04 23:48:00,92601.77,92644.91,92601.77,92644.91,720,78,0
2026.02.04 23:36:00,92635.69,92638.87,92584.13,92601.71,720,78,0
2026.02.04 23:24:00,92656.64,92677.85,92631.91,92635.63,720,78,0
2026.02.04 23:12:00,92627.59,92656.58,92618.18,92656.58,720,78,0
2026.02.04 23:00:00,92584.39,92627.53,92584.39,92627.53,720,78,0
2026.02.04 22:48:00,92590.66,92594.50,92569.27,92584.33,720,78,0
2026.02.04 22:36:00,92636.27,92644.85,92582.08,92590.60,720,78,0
2026.02.04 22:24:00,92617.72,92658.16,92617.72,92636.21,720,78,0
2026.02.04 22:12:00,92667.81,92675.01,92616.22,92617.66,720,78,0
2026.02.04 22:00:00,92624.61,92667.75,92624.61,92667.75,720,78,0
2026.02.04 21:48:00,92614.94,92650.46,92614.94,92624.55,720,78,0
2026.02.04 21:36:00,92658.52,92664.40,92583.62,92614.88,720,78,0
2026.02.04 21:24:00,92639.89,92680.51,92639.89,92658.46,720,78,0
2026.02.04 21:12:00,92628.79,92669.89,92628.79,92639.83,720,78,0
2026.02.04 21:00:00,92613.56,92649.08,92613.56,92628.73,720,78,0
2026.02.04 20:48:00,92663.99,92679.17,92609.48,92613.50,720,78,0
2026.02.04 20:36:00,92662.42,92686.54,92645.27,92663.93,720,78,0
2026.02.04 20:24:00,92643.80,92662.36,92625.64,92662.36,720,78,0
2026.02.04 20:12:00,92600.60,92643.74,92600.60,92643.74,720,78,0
2026.02.04 20:00:00,92557.40,92600.54,92557.40,92600.54,720,78,0
2026.02.04 19:48:00,92514.20,92557.34,92514.20,92557.34,720,78,0
2026.02.04 19:36:00,92507.90,92539.28,92502.44,92514.14,720,78,0
2026.02.04 19:24:00,92505.11,92534.03,92496.14,92507.84,720,78,0
2026.02.04 19:12:00,92502.94,92527.42,92486.45,92505.05,720,78,0
2026.02.04 19:00:00,92528.53,92529.49,92496.16,92502.88,720,78,0
2026.02.04 18:48:00,92554.98,92584.38,92527.81,92528.47,720,78,0
2026.02.04 18:36:00,92511.78,92554.92,92511.78,92554.92,720,78,0
2026.02.04 18:24:00,92520.98,92524.04,92481.66,92511.72,720,78,0
2026.02.04 18:12:00,92515.68,92529.06,92501.84,92520.92,720,78,0
2026.02.04 18:00:00,92502.57,92532.81,92502.57,92515.62,720,78,0
2026.02.04 17:48:00,92499.64,92507.98,92479.93,92502.51,720,78,0
2026.02.04 17:36:00,92602.84,92618.62,92499.52,92499.58,720,78,0
2026.02.04 17:24:00,92583.03,92602.78,92577.46,92602.78,720,78,0
2026.02.04 17:12:00,92556.03,92587.65,92556.03,92582.97,720,78,0
2026.02.04 17:00:00,92628.97,92647.75,92555.73,92555.97,720,78,0
2026.02.04 16:48:00,92598.30,92633.94,92598.30,92628.91,720,78,0
2026.02.04 16:36:00,92620.96,92624.02,92580.17,92598.24,720,78,0
2026.02.04 16:24:00,92591.72,92620.90,92579.74,92620.90,720,78,0
2026.02.04 16:12:00,92644.52,92661.38,92588.24,92591.66,720,78,0
2026.02.04 16:00:00,92665.72,92696.56,92633.72,92644.46,720,78,0
2026.02.04 15:48:00,92622.52,92665.66,92622.52,92665.66,720,78,0
2026.02.04 15:36:00,92674.38,92682.42,92605.95,92622.46,720,78,0
2026.02.04 15:24:00,92631.18,92674.32,92631.18,92674.32,720,78,0
2026.02.04 15:12:00,92642.83,92651.27,92621.75,92631.12,720,78,0
2026.02.04 15:00:00,92641.38,92669.52,92628.85,92642.77,720,78,0
2026.02.04 14:48:00,92649.09,92649.63,92611.68,92641.32,720,78,0
2026.02.04 14:36:00,92670.51,92687.61,92630.67,92649.03,720,78,0
2026.02.04 14:24:00,92669.75,92686.95,92662.65,92670.45,720,78,0
2026.02.04 14:12:00,92765.54,92776.22,92659.07,92669.69,720,78,0
2026.02.04 14:00:00,92755.08,92792.04,92755.08,92765.48,720,78,0
2026.02.04 13:48:00,92768.73,92799.15,92751.60,92755.02,720,78,0
2026.02.04 13:36:00,92818.79,92832.95,92758.47,92768.67,720,78,0
2026.02.04 13:24:00,92811.61,92834.79,92797.41,92818.73,720,78,0
2026.02.04 13:12:00,92810.46,92824.84,92797.81,92811.55,720,78,0
2026.02.04 13:00:00,92824.65,92850.27,92800.44,92810.40,720,78,0
2026.02.04 12:48:00,92884.23,92898.09,92804.25,92824.59,720,78,0
2026.02.04 12:36:00,92918.40,92932.98,92874.45,92884.17,720,78,0
2026.02.04 12:24:00,92941.38,92958.78,92915.52,92918.34,720,78,0
2026.02.04 12:12:00,92925.57,92956.47,92925.57,92941.32,720,78,0
2026.02.04 12:00:00,92967.34,92977.36,92895.15,92925.51,720,78,0
2026.02.04 11:48:00,92948.25,92975.31,92948.25,92967.28,720,78,0
2026.02.04 11:36:00,92937.21,92973.03,92937.21,92948.19,720,78,0
2026.02.04 11:24:00,92924.13,92963.49,92924.13,92937.15,720,78,0
2026.02.04 11:12:00,92880.93,92924.07,92880.93,92924.07,720,78,0
2026.02.04 11:00:00,92861.63,92880.87,92847.39,92880.87,720,78,0
2026.02.04 10:48:00,92818.43,92861.57,92818.43,92861.57,720,78,0
2026.02.04 10:36:00,92795.53,92824.57,92795.53,92818.37,720,78,0
2026.02.04 10:24:00,92808.19,92809.39,92766.43,92795.47,720,78,0
2026.02.04 10:12:00,92783.76,92808.13,92783.76,92808.13,720,78,0
2026.02.04 10:00:00,92760.37,92783.70,92758.74,92783.70,720,78,0
2026.02.04 09:48:00,92717.17,92760.31,92717.17,92760.31,720,78,0
2026.02.04 09:36:00,92686.35,92717.11,92686.35,92717.11,720,78,0
2026.02.04 09:24:00,92643.15,92686.29,92643.15,92686.29,720,78,0
2026.02.04 09:12:00,92651.76,92684.46,92640.15,92643.09,720,78,0
2026.02.04 09:00:00,92672.36,92692.16,92644.56,92651.70,720,78,0
2026.02.04 08:48:00,92671.19,92675.48,92644.76,92672.30,720,78,0
2026.02.04 08:36:00,92627.99,92671.13,92627.99,92671.13,720,78,0
2026.02.04 08:24:00,92622.45,92630.43,92594.51,92627.93,720,78,0
2026.02.04 08:12:00,92608.17,92647.41,92608.17,92622.39,720,78,0
2026.02.04 08:00:00,92596.21,92611.09,92579.91,92608.11,720,78,0
2026.02.04 07:48:00,92565.31,92597.35,92565.31,92596.15,720,78,0
2026.02.04 07:36:00,92543.01,92567.13,92543.01,92565.25,720,78,0
2026.02.04 07:24:00,92613.12,92613.60,92533.35,92542.95,720,78,0
2026.02.04 07:12:00,92617.17,92626.23,92591.64,92613.06,720,78,0
2026.02.04 07:00:00,92616.86,92626.10,92602.83,92617.11,720,78,0
2026.02.04 06:48:00,92620.59,92634.15,92599.04,92616.80,720,78,0
2026.02.04 06:36:00,92591.11,92629.63,92591.11,92620.53,720,78,0
2026.02.04 06:24:00,92636.90,92648.85,92588.05,92591.05,720,78,0
2026.02.04 06:12:00,92668.78,92678.02,92618.42,92636.84,720,78,0
2026.02.04 06:00:00,92704.62,92706.24,92654.86,92668.72,720,78,0
2026.02.04 05:48:00,92702.88,92720.64,92682.84,92704.56,720,78,0
2026.02.04 05:36:00,92687.41,92728.27,92687.41,92702.82,720,78,0
2026.02.04 05:24:00,92644.21,92687.35,92644.21,92687.35,720,78,0
2026.02.04 05:12:00,92647.04,92662.28,92616.31,92644.15,720,78,0
2026.02.04 05:00:00,92635.99,92677.39,92635.99,92646.98,720,78,0
2026.02.04 04:48:00,92628.26,92635.93,92610.31,92635.93,720,78,0
2026.02.04 04:36:00,92669.59,92683.63,92622.56,92628.20,720,78,0
2026.02.04 04:24:00,92729.27,92746.97,92662.63,92669.53,720,78,0
2026.02.04 04:12:00,92726.00,92759.30,92725.01,92729.21,720,78,0
2026.02.04 04:00:00,92767.30,92788.78,92723.78,92725.94,720,78,0
2026.02.04 03:48:00,92724.10,92767.24,92724.10,92767.24,720,78,0
2026.02.04 03:36:00,92747.63,92760.11,92707.18,92724.04,720,78,0
2026.02.04 03:24:00,92704.43,92747.57,92704.43,92747.57,720,78,0
2026.02.04 03:12:00,92661.23,92704.37,92661.23,92704.37,720,78,0
2026.02.04 03:00:00,92632.57,92662.93,92632.57,92661.17,720,78,0
2026.02.04 02:48:00,92624.25,92632.51,92591.95,92632.51,720,78,0
2026.02.04 02:36:00,92624.42,92635.34,92609.96,92624.19,720,78,0
2026.02.04 02:24:00,92607.51,92624.36,92587.46,92624.36,721,78,0
2026.02.04 02:12:00,92564.37,92607.45,92564.37,92607.45,719,78,0
2026.02.04 02:00:00,92575.82,92596.64,92548.53,92564.31,720,78,0
2026.02.04 01:48:00,92548.99,92575.76,92534.78,92575.76,721,78,0
2026.02.04 01:36:00,92588.53,92601.25,92546.47,92548.93,720,78,0
2026.02.04 01:24:00,92545.33,92588.47,92545.33,92588.47,720,78,0
2026.02.04 01:12:00,92518.81,92555.23,92518.81,92545.27,720,78,0
2026.02.04 01:00:00,92475.61,92518.75,92475.61,92518.75,720,78,0
2026.02.04 00:48:00,92462.13,92485.17,92455.51,92475.55,720,78,0
2026.02.04 00:36:00,92473.06,92483.26,92450.85,92462.07,720,78,0
2026.02.04 00:24:00,92442.75,92473.00,92442.75,92473.00,720,78,0
2026.02.04 00:12:00,92412.69,92442.69,92412.69,92442.69,720,78,0
2026.02.04 00:00:00,92495.33,92509.19,92397.93,92412.63,720,78,0
2026.02.03 23:48:00,92529.11,92536.79,92495.15,92495.27,720,78,0
2026.02.03 23:36:00,92549.70,92554.98,92497.79,92529.05,720,78,0
2026.02.03 23:24:00,92547.88,92555.59,92530.99,92549.64,720,78,0
2026.02.03 23:12:00,92524.26,92547.82,92509.84,92547.82,720,78,0
2026.02.03 23:00:00,92531.68,92537.75,92504.03,92524.20,720,78,0
2026.02.03 22:48:00,92488.48,92531.62,92488.48,92531.62,720,78,0
2026.02.03 22:36:00,92445.28,92488.42,92445.28,92488.42,720,78,0
2026.02.03 22:24:00,92437.31,92445.22,92407.84,92445.22,720,78,0
2026.02.03 22:12:00,92419.97,92437.25,92406.05,92437.25,720,78,0
2026.02.03 22:00:00,92456.53,92473.39,92407.37,92419.91,720,78,0
2026.02.03 21:48:00,92461.87,92464.21,92421.79,92456.47,720,78,0
2026.02.03 21:36:00,92527.08,92543.82,92460.01,92461.81,720,78,0
2026.02.03 21:24:00,92522.99,92545.14,92521.26,92527.02,720,78,0
2026.02.03 21:12:00,92498.25,92522.93,92492.69,92522.93,720,78,0
2026.02.03 21:00:00,92469.79,92498.19,92462.07,92498.19,720,78,0
2026.02.03 20:48:00,92461.70,92469.73,92445.16,92469.73,720,78,0
2026.02.03 20:36:00,92418.50,92461.64,92418.50,92461.64,720,78,0
2026.02.03 20:24:00,92471.04,92476.56,92407.82,92418.44,720,78,0
2026.02.03 20:12:00,92563.60,92571.82,92467.92,92470.98,720,78,0
2026.02.03 20:00:00,92632.44,92639.13,92561.80,92563.54,720,78,0
2026.02.03 19:48:00,92589.24,92632.38,92589.24,92632.38,720,78,0
2026.02.03 19:36:00,92631.27,92636.79,92583.54,92589.18,720,78,0
2026.02.03 19:24:00,92683.32,92693.10,92629.47,92631.21,720,78,0
2026.02.03 19:12:00,92694.41,92695.73,92654.04,92683.26,720,78,0
2026.02.03 19:00:00,92681.95,92694.79,92672.81,92694.35,720,78,0
2026.02.03 18:48:00,92733.28,92752.24,92677.63,92681.89,720,78,0
2026.02.03 18:36:00,92770.64,92777.60,92721.34,92733.22,720,78,0
2026.02.03 18:24:00,92819.61,92830.77,92754.38,92770.58,720,78,0
2026.02.03 18:12:00,92808.49,92819.55,92782.95,92819.55,720,78,0
2026.02.03 18:00:00,92793.49,92808.43,92782.75,92808.43,720,78,0
2026.02.03 17:48:00,92791.62,92807.53,92778.61,92793.43,720,78,0
2026.02.03 17:36:00,92762.17,92794.39,92762.17,92791.56,720,78,0
2026.02.03 17:24:00,92787.18,92823.18,92758.93,92762.11,720,78,0
2026.02.03 17:12:00,92773.17,92796.06,92773.17,92787.12,720,78,0
2026.02.03 17:00:00,92781.18,92794.56,92753.19,92773.11,720,78,0
2026.02.03 16:48:00,92760.12,92789.28,92760.12,92781.12,720,78,0
2026.02.03 16:36:00,92747.14,92763.76,92733.60,92760.06,720,78,0
2026.02.03 16:24:00,92761.04,92783.84,92733.34,92747.08,720,78,0
2026.02.03 16:12:00,92750.76,92760.98,92726.78,92760.98,720,78,0
2026.02.03 16:00:00,92707.56,92750.70,92707.56,92750.70,720,78,0
2026.02.03 15:48:00,92746.51,92755.57,92695.86,92707.50,720,78,0
2026.02.03 15:36:00,92785.60,92810.32,92741.23,92746.45,720,78,0
2026.02.03 15:24:00,92742.40,92785.54,92742.40,92785.54,720,78,0
2026.02.03 15:12:00,92748.44,92759.68,92723.02,92742.34,720,78,0
2026.02.03 15:00:00,92765.79,92787.57,92745.08,92748.38,720,78,0
2026.02.03 14:48:00,92776.72,92781.62,92746.89,92765.73,720,78,0
2026.02.03 14:36:00,92749.48,92788.36,92749.48,92776.66,720,78,0
2026.02.03 14:24:00,92760.47,92770.13,92722.12,92749.42,720,78,0
2026.02.03 14:12:00,92717.27,92760.41,92717.27,92760.41,720,78,0
2026.02.03 14:00:00,92755.38,92756.82,92715.35,92717.21,720,78,0
2026.02.03 13:48:00,92725.66,92755.32,92722.80,92755.32,720,78,0
2026.02.03 13:36:00,92682.46,92725.60,92682.46,92725.60,720,78,0
2026.02.03 13:24:00,92655.37,92682.40,92655.37,92682.40,720,78,0
2026.02.03 13:12:00,92625.12,92655.31,92625.12,92655.31,720,78,0
2026.02.03 13:00:00,92612.06,92633.60,92603.52,92625.06,720,78,0
2026.02.03 12:48:00,92568.86,92612.00,92568.86,92612.00,720,78,0
2026.02.03 12:36:00,92564.94,92580.78,92558.58,92568.80,720,78,0
2026.02.03 12:24:00,92536.28,92564.88,92532.30,92564.88,720,78,0
2026.02.03 12:12:00,92523.25,92552.53,92522.42,92536.22,720,78,0
2026.02.03 12:00:00,92480.05,92523.19,92480.05,92523.19,720,78,0
2026.02.03 11:48:00,92505.28,92515.78,92463.73,92479.99,720,78,0
2026.02.03 11:36:00,92499.86,92512.85,92490.29,92505.22,720,78,0
2026.02.03 11:24:00,92599.82,92614.76,92485.94,92499.80,720,78,0
2026.02.03 11:12:00,92652.48,92673.12,92596.76,92599.76,720,78,0
2026.02.03 11:00:00,92652.08,92665.40,92637.78,92652.42,720,78,0
2026.02.03 10:48:00,92622.01,92652.02,92622.01,92652.02,720,78,0
2026.02.03 10:36:00,92628.79,92639.84,92606.53,92621.95,720,78,0
2026.02.03 10:24:00,92666.28,92670.18,92614.57,92628.73,720,78,0
2026.02.03 10:12:00,92659.74,92693.76,92657.16,92666.22,720,78,0
2026.02.03 10:00:00,92637.49,92659.68,92625.42,92659.68,720,78,0
2026.02.03 09:48:00,92625.64,92637.43,92597.77,92637.43,720,78,0
2026.02.03 09:36:00,92668.67,92673.47,92622.22,92625.58,720,78,0
2026.02.03 09:24:00,92647.55,92668.61,92643.05,92668.61,720,78,0
2026.02.03 09:12:00,92680.94,92681.42,92621.51,92647.49,720,78,0
2026.02.03 09:00:00,92690.90,92702.11,92667.97,92680.88,720,78,0
2026.02.03 08:48:00,92727.50,92737.34,92690.12,92690.84,720,78,0
2026.02.03 08:36:00,92701.45,92727.44,92700.86,92727.44,720,78,0
2026.02.03 08:24:00,92694.66,92704.07,92681.57,92701.39,720,78,0
2026.02.03 08:12:00,92714.75,92738.28,92694.42,92694.60,720,78,0
2026.02.03 08:00:00,92690.95,92714.69,92675.93,92714.69,720,78,0
2026.02.03 07:48:00,92670.57,92690.89,92666.35,92690.89,720,78,0
2026.02.03 07:36:00,92643.84,92670.51,92631.39,92670.51,720,78,0
2026.02.03 07:24:00,92600.64,92643.78,92600.64,92643.78,720,78,0
2026.02.03 07:12:00,92585.86,92620.30,92585.86,92600.58,720,78,0
2026.02.03 07:00:00,92688.92,92701.58,92575.54,92585.80,720,78,0
2026.02.03 06:48:00,92729.98,92732.62,92669.72,92688.86,720,78,0
2026.02.03 06:36:00,92739.88,92741.68,92692.30,92729.92,720,78,0
2026.02.03 06:24:00,92696.68,92739.82,92696.68,92739.82,720,78,0
2026.02.03 06:12:00,92675.92,92696.62,92670.70,92696.62,720,78,0
2026.02.03 06:00:00,92632.72,92675.86,92632.72,92675.86,720,78,0
2026.02.03 05:48:00,92658.51,92677.59,92625.94,92632.66,720,78,0
2026.02.03 05:36:00,92744.49,92760.57,92653.95,92658.45,720,78,0
2026.02.03 05:24:00,92701.29,92744.43,92701.29,92744.43,720,78,0
2026.02.03 05:12:00,92751.97,92752.09,92669.97,92701.23,720,78,0
2026.02.03 05:00:00,92741.62,92778.40,92741.62,92751.91,720,78,0
2026.02.03 04:48:00,92722.32,92741.56,92715.94,92741.56,720,78,0
2026.02.03 04:36:00,92761.82,92769.32,92712.60,92722.26,720,78,0
2026.02.03 04:24:00,92750.78,92767.94,92735.84,92761.76,720,78,0
2026.02.03 04:12:00,92792.61,92818.47,92749.16,92750.72,720,78,0
2026.02.03 04:00:00,92813.07,92817.58,92788.77,92792.55,720,78,0
2026.02.03 03:48:00,92841.59,92863.39,92811.99,92813.01,720,78,0
2026.02.03 03:36:00,92870.97,92875.53,92811.35,92841.53,720,78,0
2026.02.03 03:24:00,92898.97,92918.47,92867.67,92870.91,720,78,0
2026.02.03 03:12:00,92941.70,92953.02,92886.43,92898.91,720,78,0
2026.02.03 03:00:00,92919.85,92941.64,92915.24,92941.64,720,78,0
2026.02.03 02:48:00,92876.65,92919.79,92876.65,92919.79,720,78,0
2026.02.03 02:36:00,92862.32,92904.74,92862.32,92876.59,720,78,0
2026.02.03 02:24:00,92819.12,92862.26,92819.12,92862.26,720,78,0
2026.02.03 02:12:00,92811.89,92829.53,92793.62,92819.06,720,78,0
2026.02.03 02:00:00,92884.14,92890.38,92804.39,92811.83,720,78,0
2026.02.03 01:48:00,92918.78,92923.94,92857.02,92884.08,720,78,0
2026.02.03 01:36:00,92927.72,92939.79,92906.42,92918.72,720,78,0
2026.02.03 01:24:00,92899.68,92927.66,92893.28,92927.66,720,78,0
2026.02.03 01:12:00,92856.48,92899.62,92856.48,92899.62,720,78,0
2026.02.03 01:00:00,92843.43,92859.51,92829.42,92856.42,720,78,0
2026.02.03 00:48:00,92828.86,92868.28,92828.86,92843.37,720,78,0
2026.02.03 00:36:00,92785.66,92828.80,92785.66,92828.80,720,78,0
2026.02.03 00:24:00,92804.36,92823.63,92781.58,92785.60,720,78,0
2026.02.03 00:12:00,92816.40,92826.12,92778.68,92804.30,720,78,0
2026.02.03 00:00:00,92802.71,92816.63,92787.18,92816.34,720,78,0
2026.02.02 23:48:00,92788.23,92825.73,92788.23,92802.65,720,78,0
2026.02.02 23:36:00,92775.05,92788.17,92746.95,92788.17,720,78,0
2026.02.02 23:24:00,92784.40,92795.02,92752.25,92774.99,720,78,0
2026.02.02 23:12:00,92803.59,92826.15,92767.54,92784.34,720,78,0
2026.02.02 23:00:00,92760.39,92803.53,92760.39,92803.53,720,78,0
2026.02.02 22:48:00,92717.19,92760.33,92717.19,92760.33,720,78,0
2026.02.02 22:36:00,92673.99,92717.13,92673.99,92717.13,720,78,0
2026.02.02 22:24:00,92630.79,92673.93,92630.79,92673.93,720,78,0
2026.02.02 22:12:00,92601.82,92633.20,92601.82,92630.73,720,78,0
2026.02.02 22:00:00,92643.21,92651.85,92589.70,92601.76,720,78,0
2026.02.02 21:48:00,92656.44,92660.10,92623.95,92643.15,720,78,0
2026.02.02 21:36:00,92654.58,92681.62,92649.88,92656.38,720,78,0
2026.02.02 21:24:00,92653.68,92694.06,92651.82,92654.52,720,78,0
2026.02.02 21:12:00,92651.01,92670.27,92636.76,92653.62,720,78,0
2026.02.02 21:00:00,92623.05,92660.01,92623.05,92650.95,720,78,0
2026.02.02 20:48:00,92621.78,92626.88,92590.05,92622.99,720,78,0
2026.02.02 20:36:00,92601.68,92621.72,92598.08,92621.72,720,78,0
2026.02.02 20:24:00,92571.91,92601.62,92564.54,92601.62,720,78,0
2026.02.02 20:12:00,92619.03,92633.43,92567.10,92571.85,720,78,0
2026.02.02 20:00:00,92645.89,92657.53,92602.11,92618.97,720,78,0
2026.02.02 19:48:00,92713.12,92726.68,92645.65,92645.83,720,78,0
2026.02.02 19:36:00,92669.92,92713.06,92669.92,92713.06,720,78,0
2026.02.02 19:24:00,92643.09,92676.51,92643.09,92669.86,720,78,0
2026.02.02 19:12:00,92631.54,92643.03,92605.17,92643.03,720,78,0
2026.02.02 19:00:00,92626.36,92642.74,92604.78,92631.48,720,78,0
2026.02.02 18:48:00,92634.82,92658.69,92623.36,92626.30,720,78,0
2026.02.02 18:36:00,92608.47,92634.76,92608.47,92634.76,720,78,0
2026.02.02 18:24:00,92606.85,92638.41,92605.29,92608.41,720,78,0
2026.02.02 18:12:00,92630.26,92644.36,92595.09,92606.79,720,78,0
2026.02.02 18:00:00,92670.46,92677.42,92620.60,92630.20,720,78,0
2026.02.02 17:48:00,92640.44,92670.40,92628.46,92670.40,720,78,0
2026.02.02 17:36:00,92597.24,92640.38,92597.24,92640.38,720,78,0
2026.02.02 17:24:00,92611.36,92616.46,92582.36,92597.18,720,78,0
2026.02.02 17:12:00,92582.32,92611.30,92582.32,92611.30,720,78,0
2026.02.02 17:00:00,92576.21,92598.83,92561.80,92582.26,720,78,0
2026.02.02 16:48:00,92581.56,92605.08,92571.71,92576.15,720,78,0
2026.02.02 16:36:00,92650.57,92651.83,92575.20,92581.50,720,78,0
2026.02.02 16:24:00,92757.41,92759.33,92649.91,92650.51,720,78,0
2026.02.02 16:12:00,92777.21,92787.29,92744.87,92757.35,720,78,0
2026.02.02 16:00:00,92766.58,92806.72,92766.58,92777.15,720,78,0
2026.02.02 15:48:00,92790.54,92801.28,92745.28,92766.52,720,78,0
2026.02.02 15:36:00,92872.49,92880.29,92782.50,92790.48,720,78,0
2026.02.02 15:24:00,92882.28,92890.26,92857.37,92872.43,720,78,0
2026.02.02 15:12:00,92876.51,92890.49,92869.80,92882.22,720,78,0
2026.02.02 15:00:00,92919.84,92926.74,92872.67,92876.45,720,78,0
2026.02.02 14:48:00,92934.62,92937.32,92897.64,92919.78,720,78,0
2026.02.02 14:36:00,92918.61,92938.29,92911.16,92934.56,720,78,0
2026.02.02 14:24:00,92916.37,92946.01,92905.11,92918.55,720,78,0
2026.02.02 14:12:00,92890.41,92918.55,92890.41,92916.31,720,78,0
2026.02.02 14:00:00,92937.54,92963.28,92887.23,92890.35,720,78,0
2026.02.02 13:48:00,92960.29,92979.31,92921.94,92937.48,720,78,0
2026.02.02 13:36:00,93003.27,93007.83,92953.39,92960.23,720,78,0
2026.02.02 13:24:00,92960.07,93003.21,92960.07,93003.21,720,78,0
2026.02.02 13:12:00,92950.92,92987.76,92950.92,92960.01,720,78,0
2026.02.02 13:00:00,92955.75,92964.52,92936.74,92950.86,720,78,0
2026.02.02 12:48:00,92926.31,92957.39,92926.31,92955.69,720,78,0
2026.02.02 12:36:00,92998.10,93006.98,92905.67,92926.25,720,78,0
2026.02.02 12:24:00,92954.90,92998.04,92954.90,92998.04,720,78,0
2026.02.02 12:12:00,92911.70,92954.84,92911.70,92954.84,720,78,0
2026.02.02 12:00:00,92897.89,92934.97,92897.89,92911.64,720,78,0
2026.02.02 11:48:00,92916.50,92936.06,92893.93,92897.83,720,78,0
2026.02.02 11:36:00,92893.20,92916.44,92879.84,92916.44,720,78,0
2026.02.02 11:24:00,92889.79,92909.58,92882.16,92893.14,720,78,0
2026.02.02 11:12:00,92846.59,92889.73,92846.59,92889.73,720,78,0
2026.02.02 11:00:00,92864.90,92869.46,92822.77,92846.53,720,78,0
2026.02.02 10:48:00,92893.68,92915.28,92858.48,92864.84,720,78,0
2026.02.02 10:36:00,92850.48,92893.62,92850.48,92893.62,720,78,0
2026.02.02 10:24:00,92894.39,92922.23,92846.34,92850.42,720,78,0
2026.02.02 10:12:00,92851.19,92894.33,92851.19,92894.33,720,78,0
2026.02.02 10:00:00,92807.99,92851.13,92807.99,92851.13,720,78,0
2026.02.02 09:48:00,92813.45,92828.93,92792.75,92807.93,720,78,0
2026.02.02 09:36:00,92782.70,92813.39,92779.43,92813.39,720,78,0
2026.02.02 09:24:00,92760.00,92782.64,92756.78,92782.64,720,78,0
2026.02.02 09:12:00,92830.48,92834.14,92740.44,92759.94,720,78,0
2026.02.02 09:00:00,92817.09,92830.42,92807.73,92830.42,720,78,0
2026.02.02 08:48:00,92827.47,92841.99,92800.53,92817.03,720,78,0
2026.02.02 08:36:00,92831.37,92837.01,92803.95,92827.41,720,78,0
2026.02.02 08:24:00,92819.29,92841.61,92810.55,92831.31,720,78,0
2026.02.02 08:12:00,92863.03,92866.56,92808.61,92819.23,720,78,0
2026.02.02 08:00:00,92881.94,92891.72,92860.57,92862.97,720,78,0
2026.02.02 07:48:00,92850.96,92888.64,92850.96,92881.88,720,78,0
2026.02.02 07:36:00,92839.69,92876.29,92839.69,92850.90,720,78,0
2026.02.02 07:24:00,92950.52,92953.40,92837.89,92839.63,720,78,0
2026.02.02 07:12:00,92981.61,92991.81,92945.66,92950.46,720,78,0
2026.02.02 07:00:00,92956.84,92996.38,92956.84,92981.55,720,78,0
2026.02.02 06:48:00,93028.49,93057.53,92955.82,92956.78,720,78,0
2026.02.02 06:36:00,93064.59,93068.73,93002.21,93028.43,720,78,0
2026.02.02 06:24:00,93119.45,93129.71,93053.97,93064.53,720,78,0
2026.02.02 06:12:00,93145.80,93154.38,93102.71,93119.39,720,78,0
2026.02.02 06:00:00,93102.60,93145.74,93102.60,93145.74,720,78,0
2026.02.02 05:48:00,93090.10,93132.64,93090.10,93102.54,720,78,0
2026.02.02 05:36:00,93090.14,93118.85,93088.06,93090.04,720,78,0
2026.02.02 05:24:00,93046.94,93090.08,93046.94,93090.08,720,78,0
2026.02.02 05:12:00,93003.74,93046.88,93003.74,93046.88,720,78,0
2026.02.02 05:00:00,92999.84,93004.76,92965.52,93003.68,720,78,0
2026.02.02 04:48:00,93004.40,93005.30,92975.00,92999.78,720,78,0
2026.02.02 04:36:00,93007.75,93026.83,92994.38,93004.34,720,78,0
2026.02.02 04:24:00,92987.90,93007.69,92977.21,93007.69,720,78,0
2026.02.02 04:12:00,92982.17,93022.01,92982.17,92987.84,720,78,0
2026.02.02 04:00:00,93010.79,93011.03,92956.73,92982.11,720,78,0
2026.02.02 03:48:00,92988.11,93010.73,92982.95,93010.73,720,78,0
2026.02.02 03:36:00,93060.93,93070.59,92987.39,92988.05,720,78,0
2026.02.02 03:24:00,93034.38,93060.87,93022.17,93060.87,720,78,0
2026.02.02 03:12:00,93105.70,93117.82,93033.96,93034.32,720,78,0
2026.02.02 03:00:00,93076.09,93113.47,93076.09,93105.64,720,78,0
2026.02.02 02:48:00,93084.15,93086.07,93038.59,93076.03,720,78,0
2026.02.02 02:36:00,93075.52,93092.15,93065.99,93084.09,720,78,0
2026.02.02 02:24:00,93032.32,93075.46,93032.32,93075.46,720,78,0
2026.02.02 02:12:00,93003.56,93032.26,92989.66,93032.26,720,78,0
2026.02.02 02:00:00,92995.16,93011.54,92976.80,93003.50,720,78,0
2026.02.02 01:48:00,92969.03,92995.10,92969.03,92995.10,720,78,0
2026.02.02 01:36:00,92983.93,93008.53,92960.63,92968.97,720,78,0
2026.02.02 01:24:00,92940.73,92983.87,92940.73,92983.87,720,78,0
2026.02.02 01:12:00,92974.38,92987.22,92924.71,92940.67,720,78,0
2026.02.02 01:00:00,92948.20,92974.32,92948.20,92974.32,720,78,0
2026.02.02 00:48:00,93043.99,93051.55,92944.54,92948.14,720,78,0
2026.02.02 00:36:00,93033.06,93046.20,93013.99,93043.93,720,78,0
2026.02.02 00:24:00,92989.86,93033.00,92989.86,93033.00,720,78,0
2026.02.02 00:12:00,93024.09,93027.15,92984.20,92989.80,720,78,0
2026.02.02 00:00:00,92980.89,93024.03,92980.89,93024.03,720,78,0
2026.02.01 23:48:00,93009.63,93010.65,92963.55,92980.83,720,78,0
2026.02.01 23:36:00,93108.72,93115.50,93008.49,93009.57,720,78,0
2026.02.01 23:24:00,93065.52,93108.66,93065.52,93108.66,720,78,0
2026.02.01 23:12:00,93045.02,93085.16,93045.02,93065.46,720,78,0
2026.02.01 23:00:00,93015.61,93056.23,93015.61,93044.96,720,78,0
2026.02.01 22:48:00,92991.50,93015.55,92977.75,93015.55,720,78,0
2026.02.01 22:36:00,93026.51,93037.19,92989.52,92991.44,720,78,0
2026.02.01 22:24:00,93018.23,93048.05,93018.23,93026.45,720,78,0
2026.02.01 22:12:00,92991.94,93018.17,92983.37,93018.17,720,78,0
2026.02.01 22:00:00,92973.02,92991.88,92950.78,92991.88,720,78,0
2026.02.01 21:48:00,92965.16,92983.17,92954.91,92972.96,720,78,0
2026.02.01 21:36:00,92982.94,93004.60,92959.76,92965.10,720,78,0
2026.02.01 21:24:00,92966.44,92994.52,92966.44,92982.88,720,78,0
2026.02.01 21:12:00,92938.96,92977.90,92938.96,92966.38,720,78,0
2026.02.01 21:00:00,93012.09,93019.23,92935.78,92938.90,720,78,0
2026.02.01 20:48:00,92994.07,93012.03,92986.35,93012.03,720,78,0
2026.02.01 20:36:00,93021.71,93030.35,92986.51,92994.01,720,78,0
2026.02.01 20:24:00,93079.45,93096.85,93009.47,93021.65,720,78,0
2026.02.01 20:12:00,93112.10,93132.74,93067.03,93079.39,720,78,0
2026.02.01 20:00:00,93126.37,93133.57,93100.04,93112.04,720,78,0
2026.02.01 19:48:00,93097.81,93126.31,93096.07,93126.31,720,78,0
2026.02.01 19:36:00,93080.31,93107.73,93080.31,93097.75,720,78,0
2026.02.01 19:24:00,93060.44,93080.25,93056.91,93080.25,720,78,0
2026.02.01 19:12:00,93017.24,93060.38,93017.24,93060.38,720,78,0
2026.02.01 19:00:00,92996.81,93017.18,92994.20,93017.18,720,78,0
2026.02.01 18:48:00,93038.36,93041.39,92980.55,92996.75,720,78,0
2026.02.01 18:36:00,93045.61,93055.09,93017.90,93038.30,720,78,0
2026.02.01 18:24:00,93074.24,93089.36,93042.49,93045.55,720,78,0
2026.02.01 18:12:00,93069.72,93088.56,93063.36,93074.18,720,78,0
2026.02.01 18:00:00,93101.52,93114.72,93053.04,93069.66,720,78,0
2026.02.01 17:48:00,93089.81,93101.46,93065.19,93101.46,653,78,0
2026.02.01 17:36:00,93102.66,93113.34,93073.37,93089.75,720,78,0
2026.02.01 17:24:00,93059.46,93102.60,93059.46,93102.60,720,78,0
2026.02.01 17:12:00,93056.08,93062.92,93023.16,93059.40,720,78,0
2026.02.01 17:00:00,93090.66,93120.42,93055.90,93056.02,720,78,0
2026.02.01 16:48:00,93090.17,93108.42,93082.74,93090.60,720,78,0
2026.02.01 16:36:00,93071.28,93090.11,93051.77,93090.11,720,78,0
2026.02.01 16:24:00,93060.41,93101.93,93060.41,93071.22,720,78,0
2026.02.01 16:12:00,93017.21,93060.35,93017.21,93060.35,720,78,0
2026.02.01 16:00:00,93034.17,93042.42,92995.43,93017.15,720,78,0
2026.02.01 15:48:00,93143.80,93155.62,93031.77,93034.11,720,78,0
2026.02.01 15:36:00,93134.53,93157.21,93134.53,93143.74,720,78,0
2026.02.01 15:24:00,93091.33,93134.47,93091.33,93134.47,720,78,0
2026.02.01 15:12:00,93062.35,93102.13,93062.35,93091.27,720,78,0
2026.02.01 15:00:00,93068.43,93085.77,93053.77,93062.29,720,78,0
2026.02.01 14:48:00,93062.58,93071.82,93040.11,93068.37,720,78,0
2026.02.01 14:36:00,93071.83,93086.47,93052.80,93062.52,720,78,0
2026.02.01 14:24:00,93126.09,93128.19,93057.07,93071.77,720,78,0
2026.02.01 14:12:00,93082.89,93126.03,93082.89,93126.03,720,78,0
2026.02.01 14:00:00,93125.83,93149.35,93082.71,93082.83,720,78,0
2026.02.01 13:48:00,93095.83,93125.77,93095.83,93125.77,721,78,0
2026.02.01 13:36:00,93127.27,93132.79,93083.35,93095.77,720,78,0
2026.02.01 13:24:00,93100.13,93127.21,93095.41,93127.21,720,78,0
2026.02.01 13:12:00,93124.13,93139.43,93086.39,93100.07,720,78,0
2026.02.01 13:00:00,93159.34,93174.04,93111.71,93124.07,720,78,0
2026.02.01 12:48:00,93154.31,93175.34,93141.38,93159.28,720,78,0
2026.02.01 12:36:00,93155.27,93161.21,93124.31,93154.25,720,78,0
2026.02.01 12:24:00,93163.63,93188.68,93151.61,93155.21,720,78,0
2026.02.01 12:12:00,93228.49,93236.53,93138.91,93163.57,720,78,0
2026.02.01 12:00:00,93185.29,93228.43,93185.29,93228.43,720,78,0
2026.02.01 11:48:00,93142.09,93185.23,93142.09,93185.23,720,78,0
2026.02.01 11:36:00,93199.04,93211.34,93136.39,93142.03,720,78,0
2026.02.01 11:24:00,93202.64,93210.56,93178.76,93198.98,720,78,0
2026.02.01 11:12:00,93215.47,93254.83,93201.38,93202.58,720,78,0
2026.02.01 11:00:00,93198.95,93217.87,93189.91,93215.41,720,78,0
2026.02.01 10:48:00,93155.75,93198.89,93155.75,93198.89,720,78,0
2026.02.01 10:36:00,93136.70,93177.38,93136.70,93155.69,720,78,0
2026.02.01 10:24:00,93145.07,93149.93,93113.36,93136.64,720,78,0
2026.02.01 10:12:00,93115.38,93145.01,93115.38,93145.01,720,78,0
2026.02.01 10:00:00,93072.18,93115.32,93072.18,93115.32,720,78,0
2026.02.01 09:48:00,93047.91,93072.12,93047.91,93072.12,658,78,0
2026.02.01 09:36:00,93018.74,93047.85,93017.07,93047.85,720,78,0
2026.02.01 09:24:00,92975.54,93018.68,92975.54,93018.68,720,78,0
2026.02.01 09:12:00,92964.04,92985.22,92953.58,92975.48,720,78,0
2026.02.01 09:00:00,92987.62,92993.56,92943.46,92963.98,720,78,0
2026.02.01 08:48:00,93026.17,93054.79,92986.90,92987.56,720,78,0
2026.02.01 08:36:00,93004.45,93037.75,93004.45,93026.11,720,78,0
2026.02.01 08:24:00,92993.07,93010.89,92980.57,93004.39,720,78,0
2026.02.01 08:12:00,92949.87,92993.01,92949.87,92993.01,720,78,0
2026.02.01 08:00:00,92929.75,92949.81,92921.85,92949.81,720,78,0
2026.02.01 07:48:00,92953.72,92967.70,92916.31,92929.69,720,78,0
2026.02.01 07:36:00,92934.10,92953.66,92914.00,92953.66,720,78,0
2026.02.01 07:24:00,92975.80,92982.16,92928.87,92934.04,720,78,0
2026.02.01 07:12:00,92961.48,92978.28,92949.46,92975.74,720,78,0
2026.02.01 07:00:00,92983.27,92991.85,92930.64,92961.42,720,78,0
2026.02.01 06:48:00,92976.95,92983.21,92944.99,92983.21,720,78,0
2026.02.01 06:36:00,93003.53,93007.61,92952.59,92976.89,720,78,0
2026.02.01 06:24:00,93010.36,93026.14,93001.55,93003.47,720,78,0
2026.02.01 06:12:00,92983.66,93023.56,92983.66,93010.30,720,78,0
2026.02.01 06:00:00,92940.46,92983.60,92940.46,92983.60,720,78,0
2026.02.01 05:48:00,92897.26,92940.40,92897.26,92940.40,720,78,0
2026.02.01 05:36:00,92872.97,92897.20,92868.58,92897.20,720,78,0
2026.02.01 05:24:00,92899.16,92903.00,92836.49,92872.91,720,78,0
2026.02.01 05:12:00,92901.13,92922.43,92889.98,92899.10,720,78,0
2026.02.01 05:00:00,92951.59,92971.75,92896.57,92901.07,720,78,0
2026.02.01 04:48:00,92908.39,92951.53,92908.39,92951.53,720,78,0
2026.02.01 04:36:00,92865.19,92908.33,92865.19,92908.33,720,78,0
2026.02.01 04:24:00,92895.06,92895.66,92857.33,92865.13,720,78,0
2026.02.01 04:12:00,92851.86,92895.00,92851.86,92895.00,720,78,0
2026.02.01 04:00:00,92820.73,92863.27,92820.73,92851.80,720,78,0
2026.02.01 03:48:00,92817.44,92835.86,92805.67,92820.67,720,78,0
2026.02.01 03:36:00,92796.70,92817.38,92787.56,92817.38,720,78,0
2026.02.01 03:24:00,92792.65,92800.99,92769.46,92796.64,720,78,0
2026.02.01 03:12:00,92846.02,92855.38,92790.79,92792.59,720,78,0
2026.02.01 03:00:00,92802.82,92845.96,92802.82,92845.96,720,78,0
2026.02.01 02:48:00,92759.62,92802.76,92759.62,92802.76,720,78,0
2026.02.01 02:36:00,92763.59,92780.57,92735.62,92759.56,720,78,0
2026.02.01 02:24:00,92749.30,92780.86,92749.30,92763.53,720,78,0
2026.02.01 02:12:00,92737.44,92751.35,92729.39,92749.24,720,78,0
2026.02.01 02:00:00,92724.94,92752.78,92722.14,92737.38,720,78,0
2026.02.01 01:48:00,92756.38,92759.62,92717.82,92724.88,720,78,0
2026.02.01 01:36:00,92796.43,92800.75,92745.46,92756.32,720,78,0
2026.02.01 01:24:00,92776.34,92819.48,92776.34,92819.48,720,78,0
2026.02.01 01:12:00,92751.18,92783.58,92751.18,92776.28,720,78,0
2026.02.01 01:00:00,92807.37,92832.21,92747.46,92751.12,720,78,0
2026.02.01 00:48:00,92764.17,92807.31,92764.17,92807.31,720,78,0
2026.02.01 00:36:00,92759.12,92781.02,92748.81,92764.11,720,78,0
2026.02.01 00:24:00,92750.82,92767.74,92732.90,92759.06,720,78,0
2026.02.01 00:12:00,92752.05,92768.13,92730.18,92750.76,720,78,0
2026.02.01 00:00:00,92737.59,92751.99,92712.45,92751.99,720,78,0
