Time,Open,High,Low,Close,TickVolume,Spread,RealVolume
2026.03.30 19:48:00,118437.94,118439.89,118416.60,118418.91,144,63,0
2026.03.30 19:42:00,118427.14,118437.91,118427.14,118437.91,360,63,0
2026.03.30 19:36:00,118416.34,118427.11,118416.34,118427.11,360,63,0
2026.03.30 19:30:00,118405.54,118416.31,118405.54,118416.31,360,63,0
2026.03.30 19:24:00,118407.40,118413.61,118400.98,118405.51,360,63,0
2026.03.30 19:18:00,118396.60,118407.37,118396.60,118407.37,360,63,0
2026.03.30 19:12:00,118403.38,118410.82,118393.27,118396.57,360,63,0
2026.03.30 19:06:00,118411.12,118416.85,118398.34,118403.35,360,63,0
2026.03.30 19:00:00,118400.32,118411.09,118400.32,118411.09,360,63,0
2026.03.30 18:54:00,118389.52,118400.29,118389.52,118400.29,360,63,0
2026.03.30 18:48:00,118378.72,118389.49,118378.72,118389.49,360,63,0
2026.03.30 18:42:00,118367.92,118378.69,118367.92,118378.69,360,63,0
2026.03.30 18:36:00,118389.70,118396.63,118364.08,118367.89,360,63,0
2026.03.30 18:30:00,118378.90,118389.67,118378.90,118389.67,360,63,0
2026.03.30 18:24:00,118368.10,118378.87,118368.10,118378.87,360,63,0
2026.03.30 18:18:00,118357.30,118368.07,118357.30,118368.07,360,63,0
2026.03.30 18:12:00,118346.50,118357.27,118346.50,118357.27,360,63,0
2026.03.30 18:06:00,118335.70,118346.47,118335.70,118346.47,360,63,0
2026.03.30 18:00:00,118354.11,118358.43,118329.25,118335.67,360,63,0
2026.03.30 17:54:00,118359.17,118367.90,118352.07,118354.08,360,63,0
2026.03.30 17:48:00,118387.23,118391.28,118356.35,118359.14,360,63,0
2026.03.30 17:42:00,118376.43,118387.20,118376.43,118387.20,360,63,0
2026.03.30 17:36:00,118365.63,118376.40,118365.63,118376.40,360,63,0
2026.03.30 17:30:00,118354.83,118365.60,118354.83,118365.60,360,63,0
2026.03.30 17:24:00,118344.03,118354.80,118344.03,118354.80,360,63,0
2026.03.30 17:18:00,118333.23,118344.00,118333.23,118344.00,360,63,0
2026.03.30 17:12:00,118340.25,118342.59,118324.80,118333.20,360,63,0
2026.03.30 17:06:00,118329.45,118340.22,118329.45,118340.22,360,63,0
2026.03.30 17:00:00,118318.65,118329.42,118318.65,118329.42,360,63,0
2026.03.30 16:54:00,118307.85,118318.62,118307.85,118318.62,360,63,0
2026.03.30 16:48:00,118297.05,118307.82,118297.05,118307.82,360,63,0
2026.03.30 16:42:00,118335.38,118342.04,118292.94,118297.02,360,63,0
2026.03.30 16:36:00,118324.58,118335.35,118324.58,118335.35,360,63,0
2026.03.30 16:30:00,118344.80,118354.16,118323.17,118324.55,360,63,0
2026.03.30 16:24:00,118334.00,118344.77,118334.00,118344.77,360,63,0
2026.03.30 16:18:00,118323.20,118333.97,118323.20,118333.97,360,63,0
2026.03.30 16:12:00,118312.40,118323.17,118312.40,118323.17,360,63,0
2026.03.30 16:06:00,118301.60,118312.37,118301.60,118312.37,360,63,0
2026.03.30 16:00:00,118324.08,118330.62,118297.37,118301.57,360,63,0
2026.03.30 15:54:00,118364.86,118370.14,118322.61,118324.05,360,63,0
2026.03.30 15:48:00,118354.06,118364.83,118354.06,118364.83,360,63,0
2026.03.30 15:42:00,118343.26,118354.03,118343.26,118354.03,360,63,0
2026.03.30 15:36:00,118357.67,118359.41,118334.23,118343.23,360,63,0
2026.03.30 15:30:00,118372.17,118377.33,118352.06,118357.64,360,63,0
2026.03.30 15:24:00,118361.37,118372.14,118361.37,118372.14,360,63,0
2026.03.30 15:18:00,118350.57,118361.34,118350.57,118361.34,360,63,0
2026.03.30 15:12:00,118339.77,118350.54,118339.77,118350.54,360,63,0
2026.03.30 15:06:00,118328.97,118339.74,118328.97,118339.74,360,63,0
2026.03.30 15:00:00,118318.17,118328.94,118318.17,118328.94,360,63,0
2026.03.30 14:54:00,118373.35,118381.72,118318.08,118318.14,360,63,0
2026.03.30 14:48:00,118375.37,118379.15,118366.36,118373.32,360,63,0
2026.03.30 14:42:00,118364.57,118375.34,118364.57,118375.34,360,63,0
2026.03.30 14:36:00,118413.58,118414.12,118359.68,118364.54,360,63,0
2026.03.30 14:30:00,118402.78,118413.55,118402.78,118413.55,360,63,0
2026.03.30 14:24:00,118391.98,118402.75,118391.98,118402.75,360,63,0
2026.03.30 14:18:00,118381.18,118391.95,118381.18,118391.95,360,63,0
2026.03.30 14:12:00,118370.38,118381.15,118370.38,118381.15,360,63,0
2026.03.30 14:06:00,118359.58,118370.35,118359.58,118370.35,360,63,0
2026.03.30 14:00:00,118348.78,118359.55,118348.78,118359.55,360,63,0
2026.03.30 13:54:00,118337.98,118348.75,118337.98,118348.75,360,63,0
2026.03.30 13:48:00,118327.18,118337.95,118327.18,118337.95,360,63,0
2026.03.30 13:42:00,118316.38,118327.15,118316.38,118327.15,360,63,0
2026.03.30 13:36:00,118305.58,118316.35,118305.58,118316.35,360,63,0
2026.03.30 13:30:00,118294.78,118305.55,118294.78,118305.55,360,63,0
2026.03.30 13:24:00,118300.27,118307.32,118291.06,118294.75,360,63,0
2026.03.30 13:18:00,118370.60,118373.51,118298.65,118300.24,360,63,0
2026.03.30 13:12:00,118382.30,118383.59,118361.12,118370.57,360,63,0
2026.03.30 13:06:00,118371.50,118382.27,118371.50,118382.27,360,63,0
2026.03.30 13:00:00,118360.70,118371.47,118360.70,118371.47,360,63,0
2026.03.30 12:54:00,118349.90,118360.67,118349.90,118360.67,360,63,0
2026.03.30 12:48:00,118359.74,118364.57,118343.96,118349.87,360,63,0
2026.03.30 12:42:00,118403.25,118405.08,118354.70,118359.71,360,63,0
2026.03.30 12:36:00,118392.45,118403.22,118392.45,118403.22,360,63,0
2026.03.30 12:30:00,118381.65,118392.42,118381.65,118392.42,360,63,0
2026.03.30 12:24:00,118393.58,118394.60,118371.90,118381.62,360,63,0
2026.03.30 12:18:00,118431.01,118434.46,118386.26,118393.55,360,63,0
2026.03.30 12:12:00,118455.16,118460.56,118425.64,118430.98,360,63,0
2026.03.30 12:06:00,118474.99,118485.10,118454.50,118455.13,360,63,0
2026.03.30 12:00:00,118464.19,118474.96,118464.19,118474.96,360,63,0
2026.03.30 11:54:00,118453.39,118464.16,118453.39,118464.16,360,63,0
2026.03.30 11:48:00,118442.59,118453.36,118442.59,118453.36,360,63,0
2026.03.30 11:42:00,118461.70,118463.68,118433.80,118442.56,360,63,0
2026.03.30 11:36:00,118450.90,118461.67,118450.90,118461.67,360,63,0
2026.03.30 11:30:00,118440.10,118450.87,118440.10,118450.87,360,63,0
2026.03.30 11:24:00,118542.15,118544.01,118440.07,118440.07,360,63,0
2026.03.30 11:18:00,118531.35,118542.12,118531.35,118542.12,360,63,0
2026.03.30 11:12:00,118520.55,118531.32,118520.55,118531.32,360,63,0
2026.03.30 11:06:00,118509.75,118520.52,118509.75,118520.52,360,63,0
2026.03.30 11:00:00,118515.88,118518.04,118501.14,118509.72,360,63,0
2026.03.30 10:54:00,118505.08,118515.85,118505.08,118515.85,360,63,0
2026.03.30 10:48:00,118494.28,118505.05,118494.28,118505.05,360,63,0
2026.03.30 10:42:00,118508.02,118518.34,118493.83,118494.25,360,63,0
2026.03.30 10:36:00,118511.37,118521.87,118507.75,118507.99,360,63,0
2026.03.30 10:30:00,118530.31,118532.62,118507.89,118511.34,360,63,0
2026.03.30 10:24:00,118543.42,118545.79,118521.91,118530.28,360,63,0
2026.03.30 10:18:00,118532.62,118543.39,118532.62,118543.39,360,63,0
2026.03.30 10:12:00,118576.99,118578.70,118531.00,118532.59,360,63,0
2026.03.30 10:06:00,118583.97,118593.99,118576.24,118576.96,360,63,0
2026.03.30 10:00:00,118573.17,118583.94,118573.17,118583.94,360,63,0
2026.03.30 09:54:00,118586.60,118594.67,118570.47,118573.14,360,63,0
2026.03.30 09:48:00,118575.80,118586.57,118575.80,118586.57,360,63,0
2026.03.30 09:42:00,118579.70,118582.49,118567.82,118575.77,360,63,0
2026.03.30 09:36:00,118597.23,118603.02,118574.72,118579.67,360,63,0
2026.03.30 09:30:00,118586.43,118597.20,118586.43,118597.20,360,63,0
2026.03.30 09:24:00,118575.63,118586.40,118575.63,118586.40,360,63,0
2026.03.30 09:18:00,118564.83,118575.60,118564.83,118575.60,360,63,0
2026.03.30 09:12:00,118577.88,118585.80,118561.98,118564.80,360,63,0
2026.03.30 09:06:00,118600.45,118603.15,118569.81,118577.85,360,63,0
2026.03.30 09:00:00,118589.65,118600.42,118589.65,118600.42,360,63,0
2026.03.30 08:54:00,118578.85,118589.62,118578.85,118589.62,360,63,0
2026.03.30 08:48:00,118568.05,118578.82,118568.05,118578.82,360,63,0
2026.03.30 08:42:00,118570.20,118572.69,118559.77,118568.02,360,63,0
2026.03.30 08:36:00,118587.92,118596.86,118568.37,118570.17,360,63,0
2026.03.30 08:30:00,118604.59,118605.88,118578.44,118587.89,360,63,0
2026.03.30 08:24:00,118593.79,118604.56,118593.79,118604.56,360,63,0
2026.03.30 08:18:00,118582.99,118593.76,118582.99,118593.76,360,63,0
2026.03.30 08:12:00,118572.19,118582.96,118572.19,118582.96,360,63,0
2026.03.30 08:06:00,118578.90,118585.86,118568.38,118572.16,360,63,0
2026.03.30 08:00:00,118568.10,118578.87,118568.10,118578.87,360,63,0
2026.03.30 07:54:00,118557.30,118568.07,118557.30,118568.07,360,63,0
2026.03.30 07:48:00,118546.50,118557.27,118546.50,118557.27,360,63,0
2026.03.30 07:42:00,118535.70,118546.47,118535.70,118546.47,360,63,0
2026.03.30 07:36:00,118545.65,118548.74,118528.02,118535.67,360,63,0
2026.03.30 07:30:00,118534.85,118545.62,118534.85,118545.62,360,63,0
2026.03.30 07:24:00,118560.29,118562.69,118526.48,118534.82,360,63,0
2026.03.30 07:18:00,118549.49,118560.26,118549.49,118560.26,360,63,0
2026.03.30 07:12:00,118538.69,118549.46,118538.69,118549.46,360,63,0
2026.03.30 07:06:00,118527.89,118538.66,118527.89,118538.66,360,63,0
2026.03.30 07:00:00,118517.09,118527.86,118517.09,118527.86,360,63,0
2026.03.30 06:54:00,118528.80,118534.38,118511.90,118517.06,360,63,0
2026.03.30 06:48:00,118518.00,118528.77,118518.00,118528.77,360,63,0
2026.03.30 06:42:00,118507.20,118517.97,118507.20,118517.97,360,63,0
2026.03.30 06:36:00,118520.73,118531.50,118520.73,118531.50,360,63,0
2026.03.30 06:30:00,118509.93,118520.70,118509.93,118520.70,360,63,0
2026.03.30 06:24:00,118499.13,118509.90,118499.13,118509.90,360,63,0
2026.03.30 06:18:00,118508.31,118514.88,118494.93,118499.10,360,63,0
2026.03.30 06:12:00,118497.51,118508.28,118497.51,118508.28,360,63,0
2026.03.30 06:06:00,118486.71,118497.48,118486.71,118497.48,360,63,0
2026.03.30 06:00:00,118475.91,118486.68,118475.91,118486.68,360,63,0
2026.03.30 05:54:00,118489.53,118493.37,118468.98,118475.88,360,63,0
2026.03.30 05:48:00,118478.73,118489.50,118478.73,118489.50,360,63,0
2026.03.30 05:42:00,118467.93,118478.70,118467.93,118478.70,360,63,0
2026.03.30 05:36:00,118457.13,118467.90,118457.13,118467.90,360,63,0
2026.03.30 05:30:00,118465.09,118466.20,118447.47,118457.10,360,63,0
2026.03.30 05:24:00,118469.57,118477.28,118462.03,118465.06,360,63,0
2026.03.30 05:18:00,118458.77,118469.54,118458.77,118469.54,360,63,0
2026.03.30 05:12:00,118447.97,118458.74,118447.97,118458.74,360,63,0
2026.03.30 05:06:00,118437.17,118447.94,118437.17,118447.94,360,63,0
2026.03.30 05:00:00,118441.45,118447.42,118432.37,118437.14,360,63,0
2026.03.30 04:54:00,118430.65,118441.42,118430.65,118441.42,360,63,0
2026.03.30 04:48:00,118419.85,118430.62,118419.85,118430.62,360,63,0
2026.03.30 04:42:00,118409.05,118419.82,118409.05,118419.82,360,63,0
2026.03.30 04:36:00,118398.25,118409.02,118398.25,118409.02,360,63,0
2026.03.30 04:30:00,118387.45,118398.22,118387.45,118398.22,360,63,0
2026.03.30 04:24:00,118389.87,118393.89,118380.70,118387.42,360,63,0
2026.03.30 04:18:00,118379.07,118389.84,118379.07,118389.84,360,63,0
2026.03.30 04:12:00,118385.34,118393.05,118376.01,118379.04,360,63,0
2026.03.30 04:06:00,118395.58,118397.32,118376.31,118385.31,360,63,0
2026.03.30 04:00:00,118405.49,118414.40,118393.72,118395.55,360,63,0
2026.03.30 03:54:00,118394.69,118405.46,118394.69,118405.46,360,63,0
2026.03.30 03:48:00,118383.89,118394.66,118383.89,118394.66,360,63,0
2026.03.30 03:42:00,118373.09,118383.86,118373.09,118383.86,360,63,0
2026.03.30 03:36:00,118362.29,118373.06,118362.29,118373.06,360,63,0
2026.03.30 03:30:00,118351.49,118362.26,118351.49,118362.26,360,63,0
2026.03.30 03:24:00,118384.69,118390.57,118346.60,118351.46,360,63,0
2026.03.30 03:18:00,118373.89,118384.66,118373.89,118384.66,360,63,0
2026.03.30 03:12:00,118363.09,118373.86,118363.09,118373.86,360,63,0
2026.03.30 03:06:00,118373.00,118373.84,118353.16,118363.06,360,63,0
2026.03.30 03:00:00,118362.20,118372.97,118362.20,118372.97,360,63,0
2026.03.30 02:54:00,118351.40,118362.17,118351.40,118362.17,360,63,0
2026.03.30 02:48:00,118340.60,118351.37,118340.60,118351.37,360,63,0
2026.03.30 02:42:00,118358.84,118366.31,118337.30,118340.57,360,63,0
2026.03.30 02:36:00,118348.04,118358.81,118348.04,118358.81,360,63,0
2026.03.30 02:30:00,118353.06,118357.11,118341.32,118348.01,360,63,0
2026.03.30 02:24:00,118376.78,118385.30,118350.81,118353.03,360,63,0
2026.03.30 02:18:00,118365.98,118376.75,118365.98,118376.75,360,63,0
2026.03.30 02:12:00,118384.70,118386.71,118357.22,118365.95,360,63,0
2026.03.30 02:06:00,118373.90,118384.67,118373.90,118384.67,360,63,0
2026.03.30 02:00:00,118363.10,118373.87,118363.10,118373.87,360,63,0
2026.03.30 01:54:00,118352.30,118363.07,118352.30,118363.07,360,63,0
2026.03.30 01:48:00,118364.14,118365.28,118342.67,118352.27,360,63,0
2026.03.30 01:42:00,118371.64,118377.34,118359.07,118364.11,360,63,0
2026.03.30 01:36:00,118399.18,118409.38,118371.07,118371.61,360,63,0
2026.03.30 01:30:00,118388.38,118399.15,118388.38,118399.15,360,63,0
2026.03.30 01:24:00,118411.31,118417.76,118384.06,118388.35,360,63,0
2026.03.30 01:18:00,118440.97,118442.50,118406.27,118411.28,360,63,0
2026.03.30 01:12:00,118430.17,118440.94,118430.17,118440.94,360,63,0
2026.03.30 01:06:00,118452.97,118463.26,118429.69,118430.14,360,63,0
2026.03.30 01:00:00,118462.01,118469.84,118450.03,118452.94,360,63,0
2026.03.30 00:54:00,118451.21,118461.98,118451.21,118461.98,360,63,0
2026.03.30 00:48:00,118471.65,118473.21,118442.00,118451.18,360,63,0
2026.03.30 00:42:00,118460.85,118471.62,118460.85,118471.62,360,63,0
2026.03.30 00:36:00,118450.05,118460.82,118450.05,118460.82,360,63,0
2026.03.30 00:30:00,118439.25,118450.02,118439.25,118450.02,360,63,0
2026.03.30 00:24:00,118428.45,118439.22,118428.45,118439.22,360,63,0
2026.03.30 00:18:00,118443.88,118445.77,118419.57,118428.42,360,63,0
2026.03.30 00:12:00,118433.08,118443.85,118433.08,118443.85,360,63,0
2026.03.30 00:06:00,118422.28,118433.05,118422.28,118433.05,360,63,0
2026.03.30 00:00:00,118441.16,118446.11,118416.46,118422.25,360,63,0
2026.03.29 23:54:00,118430.36,118441.13,118430.36,118441.13,360,63,0
2026.03.29 23:48:00,118492.10,118496.72,118428.44,118430.33,360,63,0
2026.03.29 23:42:00,118526.19,118531.65,118489.70,118492.07,360,63,0
2026.03.29 23:36:00,118544.42,118546.70,118517.70,118526.16,360,63,0
2026.03.29 23:30:00,118533.62,118544.39,118533.62,118544.39,360,63,0
2026.03.29 23:24:00,118538.33,118539.95,118524.47,118533.59,360,63,0
2026.03.29 23:18:00,118527.53,118538.30,118527.53,118538.30,360,63,0
2026.03.29 23:12:00,118516.73,118527.50,118516.73,118527.50,360,63,0
2026.03.29 23:06:00,118531.45,118540.72,118515.23,118516.70,360,63,0
2026.03.29 23:00:00,118532.83,118538.83,118526.68,118531.42,360,63,0
2026.03.29 22:54:00,118522.03,118532.80,118522.03,118532.80,360,63,0
2026.03.29 22:48:00,118511.23,118522.00,118511.23,118522.00,360,63,0
2026.03.29 22:42:00,118500.43,118511.20,118500.43,118511.20,360,63,0
2026.03.29 22:36:00,118489.63,118500.40,118489.63,118500.40,360,63,0
2026.03.29 22:30:00,118478.83,118489.60,118478.83,118489.60,360,63,0
2026.03.29 22:24:00,118468.03,118478.80,118468.03,118478.80,360,63,0
2026.03.29 22:18:00,118473.56,118481.45,118465.15,118468.00,360,63,0
2026.03.29 22:12:00,118462.76,118473.53,118462.76,118473.53,360,63,0
2026.03.29 22:06:00,118451.96,118462.73,118451.96,118462.73,360,63,0
2026.03.29 22:00:00,118441.16,118451.93,118441.16,118451.93,360,63,0
2026.03.29 21:54:00,118442.63,118448.09,118435.85,118441.13,360,63,0
2026.03.29 21:48:00,118461.20,118465.76,118436.42,118442.60,360,63,0
2026.03.29 21:42:00,118450.40,118461.17,118450.40,118461.17,360,63,0
2026.03.29 21:36:00,118456.95,118467.63,118450.31,118450.37,360,63,0
2026.03.29 21:30:00,118463.26,118472.14,118455.06,118456.92,360,63,0
2026.03.29 21:24:00,118475.22,118478.01,118455.28,118463.23,360,63,0
2026.03.29 21:18:00,118464.42,118475.19,118464.42,118475.19,360,63,0
2026.03.29 21:12:00,118453.62,118464.39,118453.62,118464.39,360,63,0
2026.03.29 21:06:00,118486.78,118487.71,118449.66,118453.59,360,63,0
2026.03.29 21:00:00,118488.63,118495.08,118482.46,118486.75,360,63,0
2026.03.29 20:54:00,118514.79,118519.44,118482.51,118488.60,360,63,0
2026.03.29 20:48:00,118522.17,118522.26,118504.11,118514.76,360,63,0
2026.03.29 20:42:00,118511.37,118522.14,118511.37,118522.14,360,63,0
2026.03.29 20:36:00,118500.57,118511.34,118500.57,118511.34,360,63,0
2026.03.29 20:30:00,118489.77,118500.54,118489.77,118500.54,360,63,0
2026.03.29 20:24:00,118541.27,118546.73,118484.79,118489.74,360,63,0
2026.03.29 20:18:00,118530.47,118541.24,118530.47,118541.24,360,63,0
2026.03.29 20:12:00,118551.54,118553.58,118521.74,118530.44,360,63,0
2026.03.29 20:06:00,118540.74,118551.51,118540.74,118551.51,360,63,0
2026.03.29 20:00:00,118529.94,118540.71,118529.94,118540.71,360,63,0
2026.03.29 19:54:00,118519.14,118529.91,118519.14,118529.91,360,63,0
2026.03.29 19:48:00,118579.91,118585.61,118544.75,118549.79,360,63,0
2026.03.29 19:42:00,118569.11,118579.88,118569.11,118579.88,360,63,0
2026.03.29 19:36:00,118558.31,118569.08,118558.31,118569.08,360,63,0
2026.03.29 19:30:00,118547.51,118558.28,118547.51,118558.28,360,63,0
2026.03.29 19:24:00,118536.71,118547.48,118536.71,118547.48,360,63,0
2026.03.29 19:18:00,118558.85,118566.77,118533.86,118536.68,360,63,0
2026.03.29 19:12:00,118570.46,118580.36,118557.98,118558.82,360,63,0
2026.03.29 19:06:00,118559.66,118570.43,118559.66,118570.43,360,63,0
2026.03.29 19:00:00,118548.86,118559.63,118548.86,118559.63,360,63,0
2026.03.29 18:54:00,118538.06,118548.83,118538.06,118548.83,360,63,0
2026.03.29 18:48:00,118527.26,118538.03,118527.26,118538.03,360,63,0
2026.03.29 18:42:00,118540.26,118541.91,118518.14,118527.23,360,63,0
2026.03.29 18:36:00,118580.76,118585.17,118539.72,118540.23,360,63,0
2026.03.29 18:30:00,118585.79,118591.37,118575.57,118580.73,360,63,0
2026.03.29 18:24:00,118602.14,118605.29,118578.17,118585.76,360,63,0
2026.03.29 18:18:00,118612.15,118614.85,118594.07,118602.11,360,63,0
2026.03.29 18:12:00,118601.35,118612.12,118601.35,118612.12,360,63,0
2026.03.29 18:06:00,118590.55,118601.32,118590.55,118601.32,360,63,0
2026.03.29 18:00:00,118579.75,118590.52,118579.75,118590.52,360,63,0
2026.03.29 17:54:00,118604.94,118607.52,118577.26,118579.72,360,63,0
2026.03.29 17:48:00,118594.14,118604.91,118594.14,118604.91,360,63,0
2026.03.29 17:42:00,118583.34,118594.11,118583.34,118594.11,360,63,0
2026.03.29 17:36:00,118572.54,118583.31,118572.54,118583.31,360,63,0
2026.03.29 17:30:00,118561.74,118572.51,118561.74,118572.51,360,63,0
2026.03.29 17:24:00,118550.94,118561.71,118550.94,118561.71,360,63,0
2026.03.29 17:18:00,118560.69,118566.45,118545.93,118550.91,360,63,0
2026.03.29 17:12:00,118549.89,118560.66,118549.89,118560.66,360,63,0
2026.03.29 17:06:00,118572.84,118573.98,118540.26,118549.86,360,63,0
2026.03.29 17:00:00,118562.04,118572.81,118562.04,118572.81,360,63,0
2026.03.29 16:54:00,118567.91,118572.95,118556.31,118562.01,360,63,0
2026.03.29 16:48:00,118557.11,118567.88,118557.11,118567.88,360,63,0
2026.03.29 16:42:00,118546.31,118557.08,118546.31,118557.08,360,63,0
2026.03.29 16:36:00,118535.51,118546.28,118535.51,118546.28,360,63,0
2026.03.29 16:30:00,118524.71,118535.48,118524.71,118535.48,360,63,0
2026.03.29 16:24:00,118532.75,118539.02,118520.21,118524.68,360,63,0
2026.03.29 16:18:00,118521.95,118532.72,118521.95,118532.72,360,63,0
2026.03.29 16:12:00,118511.15,118521.92,118511.15,118521.92,360,63,0
2026.03.29 16:06:00,118541.60,118547.21,118505.99,118511.12,360,63,0
2026.03.29 16:00:00,118530.80,118541.57,118530.80,118541.57,360,63,0
2026.03.29 15:54:00,118520.00,118530.77,118520.00,118530.77,360,63,0
2026.03.29 15:48:00,118509.20,118519.97,118509.20,118519.97,360,63,0
2026.03.29 15:42:00,118562.24,118568.12,118507.58,118509.17,360,63,0
2026.03.29 15:36:00,118551.44,118562.21,118551.44,118562.21,360,63,0
2026.03.29 15:30:00,118540.64,118551.41,118540.64,118551.41,360,63,0
2026.03.29 15:24:00,118529.84,118540.61,118529.84,118540.61,360,63,0
2026.03.29 15:18:00,118519.04,118529.81,118519.04,118529.81,360,63,0
2026.03.29 15:12:00,118508.24,118519.01,118508.24,118519.01,360,63,0
2026.03.29 15:06:00,118497.44,118508.21,118497.44,118508.21,360,63,0
2026.03.29 15:00:00,118500.41,118504.79,118491.05,118497.41,360,63,0
2026.03.29 14:54:00,118489.61,118500.38,118489.61,118500.38,360,63,0
2026.03.29 14:48:00,118478.81,118489.58,118478.81,118489.58,360,63,0
2026.03.29 14:42:00,118468.01,118478.78,118468.01,118478.78,360,63,0
2026.03.29 14:36:00,118472.22,118476.33,118461.35,118467.98,360,63,0
2026.03.29 14:30:00,118461.42,118472.19,118461.42,118472.19,360,63,0
2026.03.29 14:24:00,118511.05,118511.26,118453.80,118461.39,360,63,0
2026.03.29 14:18:00,118515.52,118523.08,118507.84,118511.02,360,63,0
2026.03.29 14:12:00,118504.72,118515.49,118504.72,118515.49,360,63,0
2026.03.29 14:06:00,118527.32,118529.63,118496.26,118504.69,360,63,0
2026.03.29 14:00:00,118516.52,118527.29,118516.52,118527.29,360,63,0
2026.03.29 13:54:00,118505.72,118516.49,118505.72,118516.49,360,63,0
2026.03.29 13:48:00,118494.92,118505.69,118494.92,118505.69,360,63,0
2026.03.29 13:42:00,118512.35,118512.74,118484.54,118494.89,360,63,0
2026.03.29 13:36:00,118501.55,118512.32,118501.55,118512.32,360,63,0
2026.03.29 13:30:00,118520.68,118523.56,118493.66,118501.52,360,63,0
2026.03.29 13:24:00,118509.88,118520.65,118509.88,118520.65,360,63,0
2026.03.29 13:18:00,118539.91,118549.60,118508.80,118509.85,360,63,0
2026.03.29 13:12:00,118565.11,118573.48,118537.51,118539.88,360,63,0
2026.03.29 13:06:00,118589.26,118591.72,118559.53,118565.08,360,63,0
2026.03.29 13:00:00,118578.46,118589.23,118578.46,118589.23,360,63,0
2026.03.29 12:54:00,118567.66,118578.43,118567.66,118578.43,360,63,0
2026.03.29 12:48:00,118556.86,118567.63,118556.86,118567.63,360,63,0
2026.03.29 12:42:00,118572.51,118582.86,118556.44,118556.83,360,63,0
2026.03.29 12:36:00,118561.71,118572.48,118561.71,118572.48,360,63,0
2026.03.29 12:30:00,118576.87,118585.96,118560.03,118561.68,360,63,0
2026.03.29 12:24:00,118594.86,118603.17,118574.41,118576.84,360,63,0
2026.03.29 12:18:00,118584.06,118594.83,118584.06,118594.83,360,63,0
2026.03.29 12:12:00,118573.26,118584.03,118573.26,118584.03,360,63,0
2026.03.29 12:06:00,118562.46,118573.23,118562.46,118573.23,360,63,0
2026.03.29 12:00:00,118551.66,118562.43,118551.66,118562.43,360,63,0
2026.03.29 11:54:00,118540.86,118551.63,118540.86,118551.63,360,63,0
2026.03.29 11:48:00,118530.06,118540.83,118530.06,118540.83,360,63,0
2026.03.29 11:42:00,118531.96,118538.98,118526.31,118530.03,360,63,0
2026.03.29 11:36:00,118549.08,118556.28,118528.39,118531.93,360,63,0
2026.03.29 11:30:00,118584.97,118588.90,118543.44,118549.05,360,63,0
2026.03.29 11:24:00,118574.17,118584.94,118574.17,118584.94,360,63,0
2026.03.29 11:18:00,118610.25,118615.32,118569.22,118574.14,360,63,0
2026.03.29 11:12:00,118612.49,118619.78,118606.77,118610.22,360,63,0
2026.03.29 11:06:00,118601.69,118612.46,118601.69,118612.46,360,63,0
2026.03.29 11:00:00,118603.13,118608.71,118596.50,118601.66,360,63,0
2026.03.29 10:54:00,118592.33,118603.10,118592.33,118603.10,360,63,0
2026.03.29 10:48:00,118612.88,118615.94,118584.62,118592.30,360,63,0
2026.03.29 10:42:00,118602.08,118612.85,118602.08,118612.85,360,63,0
2026.03.29 10:36:00,118613.18,118613.72,118591.85,118602.05,360,63,0
2026.03.29 10:30:00,118617.33,118617.90,118602.98,118613.15,360,63,0
2026.03.29 10:24:00,118606.53,118617.30,118606.53,118617.30,360,63,0
2026.03.29 10:18:00,118608.08,118612.52,118600.20,118606.50,360,63,0
2026.03.29 10:12:00,118597.28,118608.05,118597.28,118608.05,360,63,0
2026.03.29 10:06:00,118608.95,118612.85,118590.41,118597.25,360,63,0
2026.03.29 10:00:00,118612.09,118619.08,118605.17,118608.92,360,63,0
2026.03.29 09:54:00,118617.47,118621.10,118604.95,118612.06,360,63,0
2026.03.29 09:48:00,118606.67,118617.44,118606.67,118617.44,360,63,0
2026.03.29 09:42:00,118595.87,118606.64,118595.87,118606.64,360,63,0
2026.03.29 09:36:00,118585.07,118595.84,118585.07,118595.84,360,63,0
2026.03.29 09:30:00,118574.27,118585.04,118574.27,118585.04,360,63,0
2026.03.29 09:24:00,118563.47,118574.24,118563.47,118574.24,360,63,0
2026.03.29 09:18:00,118552.67,118563.44,118552.67,118563.44,360,63,0
2026.03.29 09:12:00,118541.87,118552.64,118541.87,118552.64,360,63,0
2026.03.29 09:06:00,118531.07,118541.84,118531.07,118541.84,360,63,0
2026.03.29 09:00:00,118520.27,118531.04,118520.27,118531.04,360,63,0
2026.03.29 08:54:00,118556.13,118563.33,118516.70,118520.24,360,63,0
2026.03.29 08:48:00,118566.17,118575.35,118554.54,118556.10,360,63,0
2026.03.29 08:42:00,118555.37,118566.14,118555.37,118566.14,360,63,0
2026.03.29 08:36:00,118560.68,118569.74,118553.66,118555.34,360,63,0
2026.03.29 08:30:00,118626.49,118626.70,118556.72,118560.65,360,63,0
2026.03.29 08:24:00,118630.12,118635.10,118620.70,118626.46,360,63,0
2026.03.29 08:18:00,118619.32,118630.09,118619.32,118630.09,360,63,0
2026.03.29 08:12:00,118640.61,118643.85,118611.79,118619.29,360,63,0
2026.03.29 08:06:00,118629.81,118640.58,118629.81,118640.58,360,63,0
2026.03.29 08:00:00,118652.70,118654.50,118620.84,118629.78,296,63,0
2026.03.29 07:54:00,118641.90,118652.67,118641.90,118652.67,360,63,0
2026.03.29 07:48:00,118694.36,118699.79,118637.07,118641.87,360,63,0
2026.03.29 07:42:00,118711.84,118715.32,118687.07,118694.33,360,63,0
2026.03.29 07:36:00,118701.04,118711.81,118701.04,118711.81,360,63,0
2026.03.29 07:30:00,118690.24,118701.01,118690.24,118701.01,360,63,0
2026.03.29 07:24:00,118679.44,118690.21,118679.44,118690.21,360,63,0
2026.03.29 07:18:00,118689.67,118693.03,118672.03,118679.41,360,63,0
2026.03.29 07:12:00,118678.87,118689.64,118678.87,118689.64,360,63,0
2026.03.29 07:06:00,118668.07,118678.84,118668.07,118678.84,360,63,0
2026.03.29 07:00:00,118657.27,118668.04,118657.27,118668.04,360,63,0
2026.03.29 06:48:00,118687.22,118690.76,118657.24,118657.24,120,63,0
2026.03.29 06:42:00,118676.42,118687.19,118676.42,118687.19,360,63,0
2026.03.29 06:36:00,118665.62,118676.39,118665.62,118676.39,360,63,0
2026.03.29 06:30:00,118654.82,118665.59,118654.82,118665.59,360,63,0
2026.03.29 06:24:00,118644.02,118654.79,118644.02,118654.79,360,63,0
2026.03.29 06:18:00,118633.22,118643.99,118633.22,118643.99,360,63,0
2026.03.29 06:12:00,118653.18,118660.77,118630.04,118633.19,360,63,0
2026.03.29 06:06:00,118674.56,118678.10,118646.07,118653.15,360,63,0
2026.03.29 06:00:00,118663.76,118674.53,118663.76,118674.53,360,63,0
2026.03.29 05:54:00,118652.96,118663.73,118652.96,118663.73,360,63,0
2026.03.29 05:48:00,118642.16,118652.93,118642.16,118652.93,360,63,0
2026.03.29 05:42:00,118631.36,118642.13,118631.36,118642.13,360,63,0
2026.03.29 05:36:00,118642.92,118647.90,118625.57,118631.33,360,63,0
2026.03.29 05:30:00,118632.12,118642.89,118632.12,118642.89,360,63,0
2026.03.29 05:24:00,118621.32,118632.09,118621.32,118632.09,360,63,0
2026.03.29 05:18:00,118610.52,118621.29,118610.52,118621.29,360,63,0
2026.03.29 05:12:00,118614.31,118617.40,118602.84,118610.49,360,63,0
2026.03.29 05:06:00,118622.21,118632.92,118614.25,118614.28,360,63,0
2026.03.29 05:00:00,118632.68,118633.25,118612.01,118622.18,360,63,0
2026.03.29 04:54:00,118621.88,118632.65,118621.88,118632.65,360,63,0
2026.03.29 04:48:00,118611.08,118621.85,118611.08,118621.85,360,63,0
2026.03.29 04:42:00,118600.28,118611.05,118600.28,118611.05,360,63,0
2026.03.29 04:36:00,118589.48,118600.25,118589.48,118600.25,360,63,0
2026.03.29 04:30:00,118588.58,118589.45,118588.58,118589.45,30,63,0
2026.03.29 02:54:00,118586.84,118588.58,118586.84,118588.58,59,63,0
2026.03.29 02:48:00,118613.30,118620.59,118583.36,118586.81,360,63,0
2026.03.29 02:42:00,118648.84,118651.72,118605.41,118613.27,360,63,0
2026.03.29 02:36:00,118657.36,118660.42,118641.13,118648.81,360,63,0
2026.03.29 02:30:00,118671.17,118673.54,118648.96,118657.33,360,63,0
2026.03.29 02:24:00,118660.37,118671.14,118660.37,118671.14,360,63,0
2026.03.29 02:18:00,118649.57,118660.34,118649.57,118660.34,360,63,0
2026.03.29 02:12:00,118638.77,118649.54,118638.77,118649.54,360,63,0
2026.03.29 02:06:00,118627.97,118638.74,118627.97,118638.74,360,63,0
2026.03.29 02:00:00,118617.17,118627.94,118617.17,118627.94,360,63,0
2026.03.29 01:54:00,118606.37,118617.14,118606.37,118617.14,360,63,0
2026.03.29 01:48:00,118613.52,118615.65,118597.73,118606.34,360,63,0
2026.03.29 01:42:00,118602.72,118613.49,118602.72,118613.49,360,63,0
2026.03.29 01:36:00,118624.65,118632.45,118599.75,118602.69,360,63,0
2026.03.29 01:30:00,118613.85,118624.62,118613.85,118624.62,360,63,0
2026.03.29 01:24:00,118615.62,118617.12,118604.58,118613.82,360,63,0
2026.03.29 01:18:00,118604.82,118615.59,118604.82,118615.59,360,63,0
2026.03.29 01:12:00,118641.46,118643.29,118595.88,118604.79,360,63,0
2026.03.29 01:06:00,118642.94,118648.79,118636.54,118641.43,360,63,0
2026.03.29 01:00:00,118632.14,118642.91,118632.14,118642.91,360,63,0
2026.03.29 00:54:00,118621.34,118632.11,118621.34,118632.11,360,63,0
2026.03.29 00:48:00,118622.92,118624.27,118611.92,118621.31,360,63,0
2026.03.29 00:42:00,118659.30,118662.69,118616.95,118622.89,360,63,0
2026.03.29 00:36:00,118648.50,118659.27,118648.50,118659.27,360,63,0
2026.03.29 00:30:00,118674.74,118676.15,118639.14,118648.47,360,63,0
2026.03.29 00:24:00,118663.94,118674.71,118663.94,118674.71,360,63,0
2026.03.29 00:18:00,118667.54,118673.93,118659.56,118663.91,360,63,0
2026.03.29 00:12:00,118656.74,118667.51,118656.74,118667.51,360,63,0
2026.03.29 00:06:00,118645.94,118656.71,118645.94,118656.71,360,63,0
2026.03.29 00:00:00,118649.02,118658.41,118644.56,118645.91,360,63,0
2026.03.28 23:54:00,118668.94,118676.71,118646.02,118648.99,360,63,0
2026.03.28 23:48:00,118678.80,118682.64,118662.01,118668.91,360,63,0
2026.03.28 23:42:00,118668.00,118678.77,118668.00,118678.77,360,63,0
2026.03.28 23:36:00,118657.20,118667.97,118657.20,118667.97,360,63,0
2026.03.28 23:30:00,118646.40,118657.17,118646.40,118657.17,360,63,0
2026.03.28 23:24:00,118635.60,118646.37,118635.60,118646.37,360,63,0
2026.03.28 23:18:00,118641.73,118649.44,118632.54,118635.57,360,63,0
2026.03.28 23:12:00,118682.69,118685.00,118638.94,118641.70,360,63,0
2026.03.28 23:06:00,118688.49,118688.61,118672.04,118682.66,360,63,0
2026.03.28 23:00:00,118699.41,118708.44,118686.75,118688.46,360,63,0
2026.03.28 22:54:00,118688.61,118699.38,118688.61,118699.38,360,63,0
2026.03.28 22:48:00,118696.18,118699.33,118680.99,118688.58,360,63,0
2026.03.28 22:42:00,118702.75,118711.06,118693.72,118696.15,360,63,0
2026.03.28 22:36:00,118691.95,118702.72,118691.95,118702.72,360,63,0
2026.03.28 22:30:00,118681.15,118691.92,118681.15,118691.92,360,63,0
2026.03.28 22:24:00,118731.04,118733.50,118679.95,118681.12,360,63,0
2026.03.28 22:18:00,118720.24,118731.01,118720.24,118731.01,360,63,0
2026.03.28 22:12:00,118725.08,118733.90,118718.29,118720.21,360,63,0
2026.03.28 22:06:00,118714.28,118725.05,118714.28,118725.05,360,63,0
2026.03.28 22:00:00,118717.49,118727.00,118713.02,118714.25,360,63,0
2026.03.28 21:54:00,118706.69,118717.46,118706.69,118717.46,360,63,0
2026.03.28 21:48:00,118695.89,118706.66,118695.89,118706.66,360,63,0
2026.03.28 21:42:00,118685.09,118695.86,118685.09,118695.86,360,63,0
2026.03.28 21:36:00,118674.29,118685.06,118674.29,118685.06,360,63,0
2026.03.28 21:30:00,118663.49,118674.26,118663.49,118674.26,360,63,0
2026.03.28 21:24:00,118652.69,118663.46,118652.69,118663.46,360,63,0
2026.03.28 21:18:00,118641.89,118652.66,118641.89,118652.66,360,63,0
2026.03.28 21:12:00,118631.09,118641.86,118631.09,118641.86,360,63,0
2026.03.28 21:06:00,118620.29,118631.06,118620.29,118631.06,360,63,0
2026.03.28 21:00:00,118659.85,118660.42,118615.64,118620.26,360,63,0
2026.03.28 20:54:00,118649.05,118659.82,118649.05,118659.82,360,63,0
2026.03.28 20:48:00,118638.25,118649.02,118638.25,118649.02,360,63,0
2026.03.28 20:42:00,118627.45,118638.22,118627.45,118638.22,360,63,0
2026.03.28 20:36:00,118616.65,118627.42,118616.65,118627.42,360,63,0
2026.03.28 20:30:00,118605.85,118616.62,118605.85,118616.62,360,63,0
2026.03.28 20:24:00,118618.43,118620.74,118597.39,118605.82,360,63,0
2026.03.28 20:18:00,118635.03,118637.31,118609.94,118618.40,360,63,0
2026.03.28 20:12:00,118663.55,118670.60,118631.31,118635.00,360,63,0
2026.03.28 20:06:00,118652.75,118663.52,118652.75,118663.52,360,63,0
2026.03.28 20:00:00,118641.95,118652.72,118641.95,118652.72,360,63,0
2026.03.28 19:54:00,118657.14,118663.53,118637.57,118641.92,360,63,0
2026.03.28 19:48:00,118646.34,118657.11,118646.34,118657.11,360,63,0
2026.03.28 19:42:00,118635.54,118646.31,118635.54,118646.31,360,63,0
2026.03.28 19:36:00,118640.24,118650.32,118634.85,118635.51,360,63,0
2026.03.28 19:30:00,118629.44,118640.21,118629.44,118640.21,360,63,0
2026.03.28 19:24:00,118640.78,118643.18,118621.07,118629.41,360,63,0
2026.03.28 19:18:00,118645.64,118645.82,118630.19,118640.75,360,63,0
2026.03.28 19:12:00,118654.06,118654.57,118635.38,118645.61,360,63,0
2026.03.28 19:06:00,118643.26,118654.03,118643.26,118654.03,360,63,0
2026.03.28 19:00:00,118647.12,118649.16,118634.53,118643.23,360,63,0
2026.03.28 18:54:00,118670.21,118676.33,118642.47,118647.09,360,63,0
2026.03.28 18:48:00,118659.41,118670.18,118659.41,118670.18,360,63,0
2026.03.28 18:42:00,118648.61,118659.38,118648.61,118659.38,360,63,0
2026.03.28 18:36:00,118639.28,118648.58,118639.28,118648.58,311,63,0
2026.03.28 18:30:00,118631.45,118639.28,118631.45,118639.28,262,63,0
2026.03.28 18:24:00,118620.65,118631.42,118620.65,118631.42,360,63,0
2026.03.28 18:18:00,118609.85,118620.62,118609.85,118620.62,360,63,0
2026.03.28 18:12:00,118599.05,118609.82,118599.05,118609.82,360,63,0
2026.03.28 18:06:00,118588.25,118599.02,118588.25,118599.02,360,63,0
2026.03.28 18:00:00,118577.45,118588.22,118577.45,118588.22,360,63,0
2026.03.28 17:54:00,118566.65,118577.42,118566.65,118577.42,360,63,0
2026.03.28 17:48:00,118555.85,118566.62,118555.85,118566.62,360,63,0
2026.03.28 17:42:00,118561.23,118562.43,118546.28,118555.82,360,63,0
2026.03.28 17:36:00,118550.43,118561.20,118550.43,118561.20,360,63,0
2026.03.28 17:30:00,118574.31,118575.12,118550.37,118550.40,360,63,0
2026.03.28 17:24:00,118563.51,118574.28,118563.51,118574.28,360,63,0
2026.03.28 17:18:00,118552.71,118563.48,118552.71,118563.48,360,63,0
2026.03.28 17:12:00,118541.91,118552.68,118541.91,118552.68,360,63,0
2026.03.28 17:06:00,118549.43,118551.59,118533.30,118541.88,360,63,0
2026.03.28 17:00:00,118538.63,118549.40,118538.63,118549.40,360,63,0
2026.03.28 16:54:00,118527.83,118538.60,118527.83,118538.60,360,63,0
2026.03.28 16:48:00,118549.77,118557.60,118524.89,118527.80,360,63,0
2026.03.28 16:42:00,118538.97,118549.74,118538.97,118549.74,360,63,0
2026.03.28 16:36:00,118541.89,118547.59,118533.90,118538.94,360,63,0
2026.03.28 16:30:00,118558.08,118567.29,118540.33,118541.86,360,63,0
2026.03.28 16:24:00,118547.28,118558.05,118547.28,118558.05,360,63,0
2026.03.28 16:18:00,118560.86,118570.58,118546.23,118547.25,360,63,0
2026.03.28 16:12:00,118589.14,118596.25,118559.51,118560.83,360,63,0
2026.03.28 16:06:00,118578.34,118589.11,118578.34,118589.11,360,63,0
2026.03.28 16:00:00,118567.54,118578.31,118567.54,118578.31,360,63,0
2026.03.28 15:54:00,118613.48,118619.09,118566.58,118567.51,360,63,0
2026.03.28 15:48:00,118602.68,118613.45,118602.68,118613.45,360,63,0
2026.03.28 15:42:00,118591.88,118602.65,118591.88,118602.65,360,63,0
2026.03.28 15:36:00,118581.08,118591.85,118581.08,118591.85,360,63,0
2026.03.28 15:30:00,118643.86,118646.83,118576.37,118581.05,360,63,0
2026.03.28 15:24:00,118656.75,118657.26,118633.60,118643.83,360,63,0
2026.03.28 15:18:00,118645.95,118656.72,118645.95,118656.72,360,63,0
2026.03.28 15:12:00,118690.51,118690.66,118642.47,118645.92,360,63,0
2026.03.28 15:06:00,118679.71,118690.48,118679.71,118690.48,360,63,0
2026.03.28 15:00:00,118668.91,118679.68,118668.91,118679.68,360,63,0
2026.03.28 14:54:00,118691.00,118695.02,118662.16,118668.88,360,63,0
2026.03.28 14:48:00,118680.20,118690.97,118680.20,118690.97,360,63,0
2026.03.28 14:42:00,118683.22,118686.16,118672.37,118680.17,360,63,0
2026.03.28 14:36:00,118672.42,118683.19,118672.42,118683.19,360,63,0
2026.03.28 14:30:00,118661.62,118672.39,118661.62,118672.39,360,63,0
2026.03.28 14:24:00,118650.82,118661.59,118650.82,118661.59,360,63,0
2026.03.28 14:18:00,118656.50,118659.89,118643.44,118650.79,360,63,0
2026.03.28 14:12:00,118645.70,118656.47,118645.70,118656.47,360,63,0
2026.03.28 14:06:00,118634.90,118645.67,118634.90,118645.67,360,63,0
2026.03.28 14:00:00,118624.10,118634.87,118624.10,118634.87,360,63,0
2026.03.28 13:54:00,118640.14,118648.06,118621.25,118624.07,360,63,0
2026.03.28 13:48:00,118629.34,118640.11,118629.34,118640.11,360,63,0
2026.03.28 13:42:00,118618.54,118629.31,118618.54,118629.31,360,63,0
2026.03.28 13:36:00,118630.94,118635.95,118612.78,118618.51,360,63,0
2026.03.28 13:30:00,118620.14,118630.91,118620.14,118630.91,360,63,0
2026.03.28 13:24:00,118644.57,118651.05,118615.85,118620.11,360,63,0
2026.03.28 13:18:00,118648.72,118651.21,118636.29,118644.54,360,63,0
2026.03.28 13:12:00,118637.92,118648.69,118637.92,118648.69,360,63,0
2026.03.28 13:06:00,118627.12,118637.89,118627.12,118637.89,360,63,0
2026.03.28 13:00:00,118616.32,118627.09,118616.32,118627.09,360,63,0
2026.03.28 12:54:00,118623.30,118629.09,118611.34,118616.29,360,63,0
2026.03.28 12:48:00,118636.50,118644.03,118620.06,118623.27,360,63,0
2026.03.28 12:42:00,118625.70,118636.47,118625.70,118636.47,360,63,0
2026.03.28 12:36:00,118614.90,118625.67,118614.90,118625.67,360,63,0
2026.03.28 12:30:00,118625.39,118629.29,118608.03,118614.87,360,63,0
2026.03.28 12:24:00,118614.59,118625.36,118614.59,118625.36,360,63,0
2026.03.28 12:18:00,118603.79,118614.56,118603.79,118614.56,360,63,0
2026.03.28 12:12:00,118609.39,118615.90,118599.53,118603.76,360,63,0
2026.03.28 12:06:00,118664.62,118666.81,118607.86,118609.36,360,63,0
2026.03.28 12:00:00,118653.82,118664.59,118653.82,118664.59,360,63,0
2026.03.28 11:54:00,118680.20,118686.08,118651.81,118653.79,360,63,0
2026.03.28 11:48:00,118669.40,118680.17,118669.40,118680.17,360,63,0
2026.03.28 11:42:00,118696.07,118705.64,118668.20,118669.37,360,63,0
2026.03.28 11:36:00,118685.27,118696.04,118685.27,118696.04,360,63,0
2026.03.28 11:30:00,118696.12,118704.67,118683.05,118685.24,360,63,0
2026.03.28 11:24:00,118703.23,118704.10,118686.22,118696.09,360,63,0
2026.03.28 11:18:00,118727.45,118729.28,118694.29,118703.20,360,63,0
2026.03.28 11:12:00,118716.65,118727.42,118716.65,118727.42,360,63,0
2026.03.28 11:06:00,118768.31,118774.88,118715.87,118716.62,360,63,0
2026.03.28 11:00:00,118757.51,118768.28,118757.51,118768.28,360,63,0
2026.03.28 10:54:00,118746.71,118757.48,118746.71,118757.48,360,63,0
2026.03.28 10:48:00,118735.91,118746.68,118735.91,118746.68,360,63,0
2026.03.28 10:42:00,118750.21,118755.13,118730.06,118735.88,360,63,0
2026.03.28 10:36:00,118739.41,118750.18,118739.41,118750.18,360,63,0
2026.03.28 10:30:00,118728.61,118739.38,118728.61,118739.38,360,63,0
2026.03.28 10:24:00,118717.81,118728.58,118717.81,118728.58,360,63,0
2026.03.28 10:18:00,118740.63,118750.20,118716.61,118717.78,360,63,0
2026.03.28 10:12:00,118771.60,118781.26,118739.52,118740.60,360,63,0
2026.03.28 10:06:00,118760.80,118771.57,118760.80,118771.57,360,63,0
2026.03.28 10:00:00,118750.00,118760.77,118750.00,118760.77,360,63,0
2026.03.28 09:54:00,118762.70,118771.79,118748.32,118749.97,360,63,0
2026.03.28 09:48:00,118775.00,118778.90,118755.83,118762.67,360,63,0
2026.03.28 09:42:00,118796.27,118803.83,118771.79,118774.97,360,63,0
2026.03.28 09:36:00,118809.39,118811.97,118788.08,118796.24,360,63,0
2026.03.28 09:30:00,118798.59,118809.36,118798.59,118809.36,360,63,0
2026.03.28 09:24:00,118787.79,118798.56,118787.79,118798.56,360,63,0
2026.03.28 09:18:00,118776.99,118787.76,118776.99,118787.76,360,63,0
2026.03.28 09:12:00,118794.14,118804.16,118776.24,118776.96,360,63,0
2026.03.28 09:06:00,118806.09,118813.68,118790.96,118794.11,360,63,0
2026.03.28 09:00:00,118795.29,118806.06,118795.29,118806.06,360,63,0
2026.03.28 08:54:00,118784.49,118795.26,118784.49,118795.26,360,63,0
2026.03.28 08:48:00,118773.69,118784.46,118773.69,118784.46,360,63,0
2026.03.28 08:42:00,118794.96,118800.60,118768.56,118773.66,360,63,0
2026.03.28 08:36:00,118784.16,118794.93,118784.16,118794.93,360,63,0
2026.03.28 08:30:00,118773.36,118784.13,118773.36,118784.13,360,63,0
2026.03.28 08:24:00,118775.93,118785.92,118772.58,118773.33,360,63,0
2026.03.28 08:18:00,118765.13,118775.90,118765.13,118775.90,360,63,0
2026.03.28 08:12:00,118754.33,118765.10,118754.33,118765.10,360,63,0
2026.03.28 08:06:00,118743.53,118754.30,118743.53,118754.30,360,63,0
2026.03.28 08:00:00,118747.21,118753.90,118739.45,118743.50,360,63,0
2026.03.28 07:54:00,118736.41,118747.18,118736.41,118747.18,360,63,0
2026.03.28 07:48:00,118725.61,118736.38,118725.61,118736.38,360,63,0
2026.03.28 07:42:00,118714.81,118725.58,118714.81,118725.58,360,63,0
2026.03.28 07:36:00,118719.02,118723.85,118708.87,118714.78,360,63,0
2026.03.28 07:30:00,118708.22,118718.99,118708.22,118718.99,360,63,0
2026.03.28 07:24:00,118725.38,118732.07,118704.14,118708.19,360,63,0
2026.03.28 07:18:00,118756.34,118759.22,118718.60,118725.35,360,63,0
2026.03.28 07:12:00,118745.54,118756.31,118745.54,118756.31,360,63,0
2026.03.28 07:06:00,118734.74,118745.51,118734.74,118745.51,360,63,0
2026.03.28 07:00:00,118723.94,118734.71,118723.94,118734.71,360,63,0
2026.03.28 06:54:00,118736.21,118739.93,118716.89,118723.91,360,63,0
2026.03.28 06:48:00,118725.41,118736.18,118725.41,118736.18,360,63,0
2026.03.28 06:42:00,118758.08,118763.24,118719.80,118725.38,360,63,0
2026.03.28 06:36:00,118747.28,118758.05,118747.28,118758.05,360,63,0
2026.03.28 06:30:00,118736.48,118747.25,118736.48,118747.25,360,63,0
2026.03.28 06:24:00,118769.74,118776.64,118732.61,118736.45,360,63,0
2026.03.28 06:18:00,118780.97,118791.20,118769.20,118769.71,360,63,0
2026.03.28 06:12:00,118783.19,118788.50,118775.51,118780.94,360,63,0
2026.03.28 06:06:00,118772.39,118783.16,118772.39,118783.16,360,63,0
2026.03.28 06:00:00,118761.59,118772.36,118761.59,118772.36,360,63,0
2026.03.28 05:54:00,118810.29,118811.31,118756.16,118761.56,360,63,0
2026.03.28 05:48:00,118835.79,118837.92,118801.65,118810.26,360,63,0
2026.03.28 05:42:00,118824.99,118835.76,118824.99,118835.76,360,63,0
2026.03.28 05:36:00,118814.19,118824.96,118814.19,118824.96,360,63,0
2026.03.28 05:30:00,118803.39,118814.16,118803.39,118814.16,360,63,0
2026.03.28 05:24:00,118792.59,118803.36,118792.59,118803.36,360,63,0
2026.03.28 05:18:00,118807.60,118811.53,118785.75,118792.56,360,63,0
2026.03.28 05:12:00,118814.02,118822.69,118805.50,118807.57,360,63,0
2026.03.28 05:06:00,118820.60,118827.08,118809.73,118813.99,360,63,0
2026.03.28 05:00:00,118822.87,118826.41,118813.37,118820.57,360,63,0
2026.03.28 04:54:00,118812.07,118822.84,118812.07,118822.84,360,63,0
2026.03.28 04:48:00,118801.27,118812.04,118801.27,118812.04,360,63,0
2026.03.28 04:42:00,118790.47,118801.24,118790.47,118801.24,360,63,0
2026.03.28 04:36:00,118834.77,118841.67,118789.21,118790.44,360,63,0
2026.03.28 04:30:00,118823.97,118834.74,118823.97,118834.74,360,63,0
2026.03.28 04:24:00,118835.42,118845.86,118823.64,118823.94,360,63,0
2026.03.28 04:18:00,118906.81,118906.90,118830.23,118835.39,360,63,0
2026.03.28 04:12:00,118896.01,118906.78,118896.01,118906.78,360,63,0
2026.03.28 04:06:00,118916.85,118922.19,118890.58,118895.98,360,63,0
2026.03.28 04:00:00,118906.05,118916.82,118906.05,118916.82,360,63,0
2026.03.28 03:54:00,118971.98,118977.29,118905.66,118906.02,360,63,0
2026.03.28 03:48:00,119005.17,119010.63,118968.14,118971.95,360,63,0
2026.03.28 03:42:00,118994.37,119005.14,118994.37,119005.14,360,63,0
2026.03.28 03:36:00,118983.57,118994.34,118983.57,118994.34,360,63,0
2026.03.28 03:30:00,118972.77,118983.54,118972.77,118983.54,360,63,0
2026.03.28 03:24:00,118961.97,118972.74,118961.97,118972.74,360,63,0
2026.03.28 03:18:00,118951.17,118961.94,118951.17,118961.94,360,63,0
2026.03.28 03:12:00,118940.37,118951.14,118940.37,118951.14,360,63,0
2026.03.28 03:06:00,118929.57,118940.34,118929.57,118940.34,360,63,0
2026.03.28 03:00:00,118918.77,118929.54,118918.77,118929.54,360,63,0
2026.03.28 02:54:00,118907.97,118918.74,118907.97,118918.74,360,63,0
2026.03.28 02:48:00,118897.17,118907.94,118897.17,118907.94,360,63,0
2026.03.28 02:42:00,118899.31,118909.78,118896.87,118897.14,360,63,0
2026.03.28 02:36:00,118888.51,118899.28,118888.51,118899.28,360,63,0
2026.03.28 02:30:00,118912.03,118917.61,118883.32,118888.48,360,63,0
2026.03.28 02:24:00,118924.60,118927.33,118903.99,118912.00,360,63,0
2026.03.28 02:18:00,118926.68,118935.83,118922.98,118924.57,360,63,0
2026.03.28 02:12:00,118915.88,118926.65,118915.88,118926.65,360,63,0
2026.03.28 02:06:00,118905.08,118915.85,118905.08,118915.85,360,63,0
2026.03.28 02:00:00,118927.86,118933.14,118899.59,118905.05,360,63,0
2026.03.28 01:54:00,118917.06,118927.83,118917.06,118927.83,360,63,0
2026.03.28 01:48:00,118927.73,118932.80,118911.36,118917.03,360,63,0
2026.03.28 01:42:00,118916.93,118927.70,118916.93,118927.70,360,63,0
2026.03.28 01:36:00,118929.25,118938.37,118915.28,118916.90,360,63,0
2026.03.28 01:30:00,118918.45,118929.22,118918.45,118929.22,360,63,0
2026.03.28 01:24:00,118907.65,118918.42,118907.65,118918.42,360,63,0
2026.03.28 01:18:00,118896.85,118907.62,118896.85,118907.62,360,63,0
2026.03.28 01:12:00,118900.46,118908.29,118893.91,118896.82,360,63,0
2026.03.28 01:06:00,118889.66,118900.43,118889.66,118900.43,360,63,0
2026.03.28 01:00:00,118891.64,118900.55,118887.80,118889.63,360,63,0
2026.03.28 00:54:00,118880.84,118891.61,118880.84,118891.61,360,63,0
2026.03.28 00:48:00,118870.01,118880.81,118870.01,118880.81,361,63,0
2026.03.28 00:42:00,118871.90,118874.90,118862.27,118869.98,359,63,0
2026.03.28 00:36:00,118895.09,118900.46,118866.50,118871.87,360,63,0
2026.03.28 00:30:00,118884.26,118895.06,118884.26,118895.06,361,63,0
2026.03.28 00:24:00,118873.49,118884.23,118873.49,118884.23,359,63,0
2026.03.28 00:18:00,118862.66,118873.46,118862.66,118873.46,361,63,0
2026.03.28 00:12:00,118882.63,118883.41,118852.67,118862.63,360,63,0
2026.03.28 00:06:00,118892.70,118902.42,118881.61,118882.60,359,63,0
2026.03.28 00:00:00,118881.87,118892.67,118881.87,118892.67,361,63,0
2026.03.27 23:54:00,118897.53,118903.56,118877.13,118881.84,360,63,0
2026.03.27 23:48:00,118886.73,118897.50,118886.73,118897.50,360,63,0
2026.03.27 23:42:00,118907.22,118907.73,118876.47,118886.70,360,63,0
2026.03.27 23:36:00,118896.42,118907.19,118896.42,118907.19,360,63,0
2026.03.27 23:30:00,118885.62,118896.39,118885.62,118896.39,360,63,0
2026.03.27 23:24:00,118889.29,118896.46,118882.02,118885.59,360,63,0
2026.03.27 23:18:00,118878.49,118889.26,118878.49,118889.26,360,63,0
2026.03.27 23:12:00,118867.69,118878.46,118867.69,118878.46,360,63,0
2026.03.27 23:06:00,118881.52,118888.18,118863.58,118867.66,360,63,0
2026.03.27 23:00:00,118870.72,118881.49,118870.72,118881.49,360,63,0
2026.03.27 22:54:00,118859.92,118870.69,118859.92,118870.69,360,63,0
2026.03.27 22:48:00,118849.12,118859.89,118849.12,118859.89,360,63,0
2026.03.27 22:42:00,118838.32,118849.09,118838.32,118849.09,360,63,0
2026.03.27 22:36:00,118827.52,118838.29,118827.52,118838.29,360,63,0
2026.03.27 22:30:00,118856.31,118860.27,118820.71,118827.49,360,63,0
2026.03.27 22:24:00,118864.07,118866.56,118848.03,118856.28,360,63,0
2026.03.27 22:18:00,118874.05,118874.89,118854.14,118864.04,360,63,0
2026.03.27 22:12:00,118863.25,118874.02,118863.25,118874.02,360,63,0
2026.03.27 22:06:00,118852.45,118863.22,118852.45,118863.22,360,63,0
2026.03.27 22:00:00,118841.65,118852.42,118841.65,118852.42,360,63,0
2026.03.27 21:54:00,118830.85,118841.62,118830.85,118841.62,360,63,0
2026.03.27 21:48:00,118832.58,118842.45,118829.95,118830.82,360,63,0
2026.03.27 21:42:00,118821.78,118832.55,118821.78,118832.55,360,63,0
2026.03.27 21:36:00,118835.19,118841.25,118817.07,118821.75,360,63,0
2026.03.27 21:30:00,118824.39,118835.16,118824.39,118835.16,360,63,0
2026.03.27 21:24:00,118841.36,118842.62,118814.88,118824.36,360,63,0
2026.03.27 21:18:00,118830.56,118841.33,118830.56,118841.33,360,63,0
2026.03.27 21:12:00,118819.76,118830.53,118819.76,118830.53,360,63,0
2026.03.27 21:06:00,118823.79,118833.24,118818.44,118819.73,360,63,0
2026.03.27 21:00:00,118812.99,118823.76,118812.99,118823.76,360,63,0
2026.03.27 20:54:00,118802.19,118812.96,118802.19,118812.96,360,63,0
2026.03.27 20:48:00,118791.39,118802.16,118791.39,118802.16,360,63,0
2026.03.27 20:42:00,118801.70,118805.48,118784.40,118791.36,360,63,0
2026.03.27 20:36:00,118790.90,118801.67,118790.90,118801.67,360,63,0
2026.03.27 20:30:00,118780.10,118790.87,118780.10,118790.87,360,63,0
2026.03.27 20:24:00,118769.30,118780.07,118769.30,118780.07,360,63,0
2026.03.27 20:18:00,118782.55,118790.38,118766.36,118769.27,360,63,0
2026.03.27 20:12:00,118852.65,118853.55,118774.93,118782.52,360,63,0
2026.03.27 20:06:00,118841.85,118852.62,118841.85,118852.62,360,63,0
2026.03.27 20:00:00,118848.12,118857.99,118840.95,118841.82,360,63,0
2026.03.27 19:54:00,118860.95,118866.17,118842.57,118848.09,360,63,0
2026.03.27 19:48:00,118850.15,118860.92,118850.15,118860.92,360,63,0
2026.03.27 19:42:00,118839.35,118850.12,118839.35,118850.12,360,63,0
2026.03.27 19:36:00,118828.55,118839.32,118828.55,118839.32,360,63,0
2026.03.27 19:30:00,118830.14,118838.18,118825.82,118828.52,360,63,0
2026.03.27 19:24:00,118885.31,118889.42,118829.78,118830.11,360,63,0
2026.03.27 19:18:00,118895.36,118898.33,118877.51,118885.28,360,63,0
2026.03.27 19:12:00,118884.56,118895.33,118884.56,118895.33,360,63,0
2026.03.27 19:06:00,118873.76,118884.53,118873.76,118884.53,360,63,0
2026.03.27 19:00:00,118862.96,118873.73,118862.96,118873.73,360,63,0
2026.03.27 18:54:00,118852.16,118862.93,118852.16,118862.93,360,63,0
2026.03.27 18:48:00,118841.36,118852.13,118841.36,118852.13,360,63,0
2026.03.27 18:42:00,118830.56,118841.33,118830.56,118841.33,360,63,0
2026.03.27 18:36:00,118819.76,118830.53,118819.76,118830.53,360,63,0
2026.03.27 18:30:00,118808.96,118819.73,118808.96,118819.73,360,63,0
2026.03.27 18:24:00,118825.20,118830.87,118804.58,118808.93,360,63,0
2026.03.27 18:18:00,118814.40,118825.17,118814.40,118825.17,360,63,0
2026.03.27 18:12:00,118826.37,118837.02,118814.28,118814.37,360,63,0
2026.03.27 18:06:00,118838.80,118841.47,118818.27,118826.34,360,63,0
2026.03.27 18:00:00,118860.95,118867.07,118834.15,118838.77,360,63,0
2026.03.27 17:54:00,118850.15,118860.92,118850.15,118860.92,360,63,0
2026.03.27 17:48:00,118871.70,118878.72,118847.18,118850.12,360,63,0
2026.03.27 17:42:00,118896.62,118899.38,118864.08,118871.67,360,63,0
2026.03.27 17:36:00,118885.82,118896.59,118885.82,118896.59,360,63,0
2026.03.27 17:30:00,118887.85,118896.16,118883.36,118885.79,360,63,0
2026.03.27 17:24:00,118914.79,118918.87,118881.16,118887.82,360,63,0
2026.03.27 17:18:00,118903.99,118914.76,118903.99,118914.76,360,63,0
2026.03.27 17:12:00,118893.19,118903.96,118893.19,118903.96,360,63,0
2026.03.27 17:06:00,118908.38,118917.47,118891.51,118893.16,360,63,0
2026.03.27 17:00:00,118897.58,118908.35,118897.58,118908.35,360,63,0
2026.03.27 16:54:00,118886.78,118897.55,118886.78,118897.55,360,63,0
2026.03.27 16:48:00,118875.98,118886.75,118875.98,118886.75,360,63,0
2026.03.27 16:42:00,118865.18,118875.95,118865.18,118875.95,360,63,0
2026.03.27 16:36:00,118913.89,118919.98,118865.00,118865.15,360,63,0
2026.03.27 16:30:00,118924.56,118931.25,118909.81,118913.86,360,63,0
2026.03.27 16:24:00,118913.76,118924.53,118913.76,118924.53,360,63,0
2026.03.27 16:18:00,118902.96,118913.73,118902.96,118913.73,360,63,0
2026.03.27 16:12:00,118892.16,118902.93,118892.16,118902.93,360,63,0
2026.03.27 16:06:00,118881.36,118892.13,118881.36,118892.13,360,63,0
2026.03.27 16:00:00,118870.56,118881.33,118870.56,118881.33,360,63,0
2026.03.27 15:54:00,118859.76,118870.53,118859.76,118870.53,360,63,0
2026.03.27 15:48:00,118848.96,118859.73,118848.96,118859.73,360,63,0
2026.03.27 15:42:00,118838.16,118848.93,118838.16,118848.93,360,63,0
2026.03.27 15:36:00,118840.69,118850.68,118837.38,118838.13,360,63,0
2026.03.27 15:30:00,118863.71,118863.74,118829.95,118840.66,360,63,0
2026.03.27 15:24:00,118870.43,118880.60,118863.11,118863.68,360,63,0
2026.03.27 15:18:00,118859.63,118870.40,118859.63,118870.40,360,63,0
2026.03.27 15:12:00,118848.83,118859.60,118848.83,118859.60,360,63,0
2026.03.27 15:06:00,118838.03,118848.80,118838.03,118848.80,360,63,0
2026.03.27 15:00:00,118840.87,118850.86,118837.25,118838.00,360,63,0
2026.03.27 14:54:00,118830.07,118840.84,118830.07,118840.84,360,63,0
2026.03.27 14:48:00,118819.27,118830.04,118819.27,118830.04,360,63,0
2026.03.27 14:42:00,118808.47,118819.24,118808.47,118819.24,360,63,0
2026.03.27 14:36:00,118810.03,118812.28,118799.95,118808.44,360,63,0
2026.03.27 14:30:00,118828.16,118833.53,118804.63,118810.00,360,63,0
2026.03.27 14:24:00,118817.36,118828.13,118817.36,118828.13,360,63,0
2026.03.27 14:18:00,118858.25,118858.67,118817.27,118817.33,360,63,0
2026.03.27 14:12:00,118847.45,118858.22,118847.45,118858.22,360,63,0
2026.03.27 14:06:00,118836.65,118847.42,118836.65,118847.42,360,63,0
2026.03.27 14:00:00,118825.85,118836.62,118825.85,118836.62,360,63,0
2026.03.27 13:54:00,118815.05,118825.82,118815.05,118825.82,360,63,0
2026.03.27 13:48:00,118804.25,118815.02,118804.25,118815.02,360,63,0
2026.03.27 13:42:00,118840.17,118841.43,118802.00,118804.22,360,63,0
2026.03.27 13:36:00,118867.89,118875.06,118836.57,118840.14,360,63,0
2026.03.27 13:30:00,118857.09,118867.86,118857.09,118867.86,360,63,0
2026.03.27 13:24:00,118879.52,118880.60,118847.40,118857.06,360,63,0
2026.03.27 13:18:00,118868.72,118879.49,118868.72,118879.49,360,63,0
2026.03.27 13:12:00,118880.77,118886.95,118864.13,118868.69,360,63,0
2026.03.27 13:06:00,118869.97,118880.74,118869.97,118880.74,360,63,0
2026.03.27 13:00:00,118859.17,118869.94,118859.17,118869.94,360,63,0
2026.03.27 12:54:00,118862.11,118866.04,118852.33,118859.14,360,63,0
2026.03.27 12:48:00,118882.30,118885.39,118859.23,118862.08,360,63,0
2026.03.27 12:42:00,118908.73,118914.76,118877.56,118882.27,360,63,0
2026.03.27 12:36:00,118897.93,118908.70,118897.93,118908.70,360,63,0
2026.03.27 12:30:00,118887.13,118897.90,118887.13,118897.90,360,63,0
2026.03.27 12:24:00,118914.56,118916.15,118879.69,118887.10,360,63,0
2026.03.27 12:18:00,118927.92,118935.93,118911.80,118914.53,360,63,0
2026.03.27 12:12:00,118956.73,118961.53,118921.95,118927.89,360,63,0
2026.03.27 12:06:00,118945.93,118956.70,118945.93,118956.70,360,63,0
2026.03.27 12:00:00,118953.08,118954.55,118936.63,118945.90,360,63,0
2026.03.27 11:54:00,118957.07,118958.69,118943.93,118953.05,360,63,0
2026.03.27 11:48:00,118946.27,118957.04,118946.27,118957.04,360,63,0
2026.03.27 11:42:00,118935.47,118946.24,118935.47,118946.24,360,63,0
2026.03.27 11:36:00,118924.67,118935.44,118924.67,118935.44,360,63,0
2026.03.27 11:30:00,118945.08,118953.45,118922.27,118924.64,360,63,0
2026.03.27 11:24:00,118955.27,118957.97,118937.01,118945.05,360,63,0
2026.03.27 11:18:00,118958.55,118963.14,118949.09,118955.24,360,63,0
2026.03.27 11:12:00,118947.75,118958.52,118947.75,118958.52,360,63,0
2026.03.27 11:06:00,118936.95,118947.72,118936.95,118947.72,360,63,0
2026.03.27 11:00:00,118961.93,118962.68,118926.93,118936.92,360,63,0
2026.03.27 10:54:00,118951.13,118961.90,118951.13,118961.90,360,63,0
2026.03.27 10:48:00,118940.33,118951.10,118940.33,118951.10,360,63,0
2026.03.27 10:42:00,118929.53,118940.30,118929.53,118940.30,360,63,0
2026.03.27 10:36:00,118948.86,118956.81,118926.71,118929.50,360,63,0
2026.03.27 10:30:00,118938.06,118948.83,118938.06,118948.83,360,63,0
2026.03.27 10:24:00,118927.26,118938.03,118927.26,118938.03,360,63,0
2026.03.27 10:18:00,118916.46,118927.23,118916.46,118927.23,360,63,0
2026.03.27 10:12:00,118905.66,118916.43,118905.66,118916.43,360,63,0
2026.03.27 10:06:00,118894.86,118905.63,118894.86,118905.63,360,63,0
2026.03.27 10:00:00,118909.51,118914.64,118889.22,118894.83,360,63,0
2026.03.27 09:54:00,118898.71,118909.48,118898.71,118909.48,360,63,0
2026.03.27 09:48:00,118931.68,118937.92,118896.01,118898.68,360,63,0
2026.03.27 09:42:00,118920.88,118931.65,118920.88,118931.65,360,63,0
2026.03.27 09:36:00,118933.96,118941.43,118917.58,118920.85,360,63,0
2026.03.27 09:30:00,118923.16,118933.93,118923.16,118933.93,360,63,0
2026.03.27 09:24:00,118946.01,118953.69,118920.07,118923.13,360,63,0
2026.03.27 09:18:00,118974.75,118981.98,118942.47,118945.98,360,63,0
2026.03.27 09:12:00,118963.95,118974.72,118963.95,118974.72,360,63,0
2026.03.27 09:06:00,118977.93,118982.55,118957.80,118963.92,360,63,0
2026.03.27 09:00:00,118967.13,118977.90,118967.13,118977.90,360,63,0
2026.03.27 08:54:00,118956.33,118967.10,118956.33,118967.10,360,63,0
2026.03.27 08:48:00,118945.53,118956.30,118945.53,118956.30,360,63,0
2026.03.27 08:42:00,118934.73,118945.50,118934.73,118945.50,360,63,0
2026.03.27 08:36:00,118923.93,118934.70,118923.93,118934.70,360,63,0
2026.03.27 08:30:00,118943.96,118952.99,118922.19,118923.90,360,63,0
2026.03.27 08:24:00,118933.16,118943.93,118933.16,118943.93,360,63,0
2026.03.27 08:18:00,118922.36,118933.13,118922.36,118933.13,360,63,0
2026.03.27 08:12:00,118942.28,118946.42,118915.73,118922.33,360,63,0
2026.03.27 08:06:00,118968.61,118971.73,118940.36,118942.25,360,63,0
2026.03.27 08:00:00,118957.81,118968.58,118957.81,118968.58,360,63,0
2026.03.27 07:54:00,118947.01,118957.78,118947.01,118957.78,360,63,0
2026.03.27 07:48:00,118977.21,118987.14,118946.17,118946.98,360,63,0
2026.03.27 07:42:00,118966.41,118977.18,118966.41,118977.18,360,63,0
2026.03.27 07:36:00,118955.61,118966.38,118955.61,118966.38,360,63,0
2026.03.27 07:30:00,118958.60,118961.66,118947.90,118955.58,360,63,0
2026.03.27 07:24:00,118947.80,118958.57,118947.80,118958.57,360,63,0
2026.03.27 07:18:00,118937.00,118947.77,118937.00,118947.77,360,63,0
2026.03.27 07:12:00,118926.20,118936.97,118926.20,118936.97,360,63,0
2026.03.27 07:06:00,118915.40,118926.17,118915.40,118926.17,360,63,0
2026.03.27 07:00:00,118904.60,118915.37,118904.60,118915.37,360,63,0
2026.03.27 06:54:00,118893.80,118904.57,118893.80,118904.57,360,63,0
2026.03.27 06:48:00,118933.55,118936.19,118888.28,118893.77,360,63,0
2026.03.27 06:42:00,118922.75,118933.52,118922.75,118933.52,360,63,0
2026.03.27 06:36:00,118911.95,118922.72,118911.95,118922.72,360,63,0
2026.03.27 06:30:00,118920.35,118930.76,118911.59,118911.92,360,63,0
2026.03.27 06:24:00,118940.46,118942.98,118912.10,118920.32,360,63,0
2026.03.27 06:18:00,118929.66,118940.43,118929.66,118940.43,360,63,0
2026.03.27 06:12:00,118963.75,118964.68,118924.65,118929.63,360,63,0
2026.03.27 06:06:00,118988.99,118998.68,118962.67,118963.72,360,63,0
2026.03.27 06:00:00,118978.19,118988.96,118978.19,118988.96,360,63,0
2026.03.27 05:54:00,118967.39,118978.16,118967.39,118978.16,360,63,0
2026.03.27 05:48:00,118956.59,118967.36,118956.59,118967.36,360,63,0
2026.03.27 05:42:00,118945.79,118956.56,118945.79,118956.56,360,63,0
2026.03.27 05:36:00,118934.99,118945.76,118934.99,118945.76,360,63,0
2026.03.27 05:30:00,118924.19,118934.96,118924.19,118934.96,360,63,0
2026.03.27 05:24:00,118913.39,118924.16,118913.39,118924.16,360,63,0
2026.03.27 05:18:00,118902.59,118913.36,118902.59,118913.36,360,63,0
2026.03.27 05:12:00,118891.79,118902.56,118891.79,118902.56,360,63,0
2026.03.27 05:06:00,118880.99,118891.76,118880.99,118891.76,360,63,0
2026.03.27 05:00:00,118903.17,118903.23,118870.28,118880.96,360,63,0
2026.03.27 04:54:00,118892.37,118903.14,118892.37,118903.14,360,63,0
2026.03.27 04:48:00,118903.43,118913.15,118891.32,118892.34,360,63,0
2026.03.27 04:42:00,118892.63,118903.40,118892.63,118903.40,360,63,0
2026.03.27 04:36:00,118881.83,118892.60,118881.83,118892.60,360,63,0
2026.03.27 04:30:00,118871.03,118881.80,118871.03,118881.80,360,63,0
2026.03.27 04:24:00,118860.23,118871.00,118860.23,118871.00,360,63,0
2026.03.27 04:18:00,118849.43,118860.20,118849.43,118860.20,360,63,0
2026.03.27 04:12:00,118838.63,118849.40,118838.63,118849.40,360,63,0
2026.03.27 04:06:00,118855.49,118864.13,118836.50,118838.60,360,63,0
2026.03.27 04:00:00,118859.46,118859.97,118845.23,118855.46,360,63,0
2026.03.27 03:54:00,118868.73,118869.84,118849.80,118859.43,360,63,0
2026.03.27 03:48:00,118857.93,118868.70,118857.93,118868.70,360,63,0
2026.03.27 03:42:00,118847.13,118857.90,118847.13,118857.90,360,63,0
2026.03.27 03:36:00,118836.33,118847.10,118836.33,118847.10,360,63,0
2026.03.27 03:30:00,118825.53,118836.30,118825.53,118836.30,360,63,0
2026.03.27 03:24:00,118814.73,118825.50,118814.73,118825.50,360,63,0
2026.03.27 03:18:00,118816.80,118824.00,118811.16,118814.70,360,63,0
2026.03.27 03:12:00,118806.00,118816.77,118806.00,118816.77,360,63,0
2026.03.27 03:06:00,118795.20,118805.97,118795.20,118805.97,360,63,0
2026.03.27 03:00:00,118784.40,118795.17,118784.40,118795.17,360,63,0
2026.03.27 02:54:00,118795.49,118806.26,118795.49,118806.26,360,63,0
2026.03.27 02:48:00,118784.69,118795.46,118784.69,118795.46,360,63,0
2026.03.27 02:42:00,118773.89,118784.66,118773.89,118784.66,360,63,0
2026.03.27 02:36:00,118810.92,118812.87,118769.48,118773.86,360,63,0
2026.03.27 02:30:00,118800.12,118810.89,118800.12,118810.89,360,63,0
2026.03.27 02:24:00,118789.32,118800.09,118789.32,118800.09,360,63,0
2026.03.27 02:18:00,118778.52,118789.29,118778.52,118789.29,360,63,0
2026.03.27 02:12:00,118788.07,118795.87,118775.55,118778.49,360,63,0
2026.03.27 02:06:00,118777.27,118788.04,118777.27,118788.04,360,63,0
2026.03.27 02:00:00,118798.58,118799.21,118771.75,118777.24,360,63,0
2026.03.27 01:54:00,118800.71,118807.79,118794.89,118798.55,360,63,0
2026.03.27 01:48:00,118789.91,118800.68,118789.91,118800.68,360,63,0
2026.03.27 01:42:00,118779.11,118789.88,118779.11,118789.88,360,63,0
2026.03.27 01:36:00,118768.31,118779.08,118768.31,118779.08,360,63,0
2026.03.27 01:30:00,118757.51,118768.28,118757.51,118768.28,360,63,0
2026.03.27 01:24:00,118762.65,118764.78,118748.87,118757.48,360,63,0
2026.03.27 01:18:00,118751.85,118762.62,118751.85,118762.62,360,63,0
2026.03.27 01:12:00,118765.03,118768.27,118744.32,118751.82,360,63,0
2026.03.27 01:06:00,118754.23,118765.00,118754.23,118765.00,360,63,0
2026.03.27 01:00:00,118743.43,118754.20,118743.43,118754.20,360,63,0
2026.03.27 00:54:00,118758.33,118768.38,118742.71,118743.40,360,63,0
2026.03.27 00:48:00,118747.53,118758.30,118747.53,118758.30,360,63,0
2026.03.27 00:42:00,118736.73,118747.50,118736.73,118747.50,360,63,0
2026.03.27 00:36:00,118725.93,118736.70,118725.93,118736.70,360,63,0
2026.03.27 00:30:00,118715.13,118725.90,118715.13,118725.90,360,63,0
2026.03.27 00:24:00,118704.33,118715.10,118704.33,118715.10,360,63,0
2026.03.27 00:18:00,118693.53,118704.30,118693.53,118704.30,360,63,0
2026.03.27 00:12:00,118682.73,118693.50,118682.73,118693.50,360,63,0
2026.03.27 00:06:00,118671.93,118682.70,118671.93,118682.70,360,63,0
2026.03.27 00:00:00,118661.13,118671.90,118661.13,118671.90,360,63,0
2026.03.26 23:54:00,118674.21,118679.43,118655.58,118661.10,360,63,0
2026.03.26 23:48:00,118663.41,118674.18,118663.41,118674.18,360,63,0
2026.03.26 23:42:00,118652.61,118663.38,118652.61,118663.38,360,63,0
2026.03.26 23:36:00,118656.00,118658.97,118644.81,118652.58,360,63,0
2026.03.26 23:30:00,118645.20,118655.97,118645.20,118655.97,360,63,0
2026.03.26 23:24:00,118634.40,118645.17,118634.40,118645.17,360,63,0
2026.03.26 23:18:00,118623.60,118634.37,118623.60,118634.37,360,63,0
2026.03.26 23:12:00,118612.80,118623.57,118612.80,118623.57,360,63,0
2026.03.26 23:06:00,118624.19,118629.77,118607.61,118612.77,360,63,0
2026.03.26 23:00:00,118657.57,118665.07,118620.92,118624.16,360,63,0
2026.03.26 22:54:00,118646.77,118657.54,118646.77,118657.54,360,63,0
2026.03.26 22:48:00,118661.31,118671.75,118646.44,118646.74,360,63,0
2026.03.26 22:42:00,118650.51,118661.28,118650.51,118661.28,360,63,0
2026.03.26 22:36:00,118639.71,118650.48,118639.71,118650.48,360,63,0
2026.03.26 22:30:00,118628.91,118639.68,118628.91,118639.68,360,63,0
2026.03.26 22:24:00,118618.11,118628.88,118618.11,118628.88,360,63,0
2026.03.26 22:18:00,118607.31,118618.08,118607.31,118618.08,360,63,0
2026.03.26 22:12:00,118632.47,118637.36,118601.43,118607.28,360,63,0
2026.03.26 22:06:00,118621.67,118632.44,118621.67,118632.44,360,63,0
2026.03.26 22:00:00,118648.05,118653.15,118617.77,118621.64,360,63,0
2026.03.26 21:54:00,118637.25,118648.02,118637.25,118648.02,360,63,0
2026.03.26 21:48:00,118649.85,118657.56,118634.19,118637.22,360,63,0
2026.03.26 21:42:00,118639.05,118649.82,118639.05,118649.82,360,63,0
2026.03.26 21:36:00,118628.25,118639.02,118628.25,118639.02,360,63,0
2026.03.26 21:30:00,118637.60,118647.38,118627.26,118628.22,360,63,0
2026.03.26 21:24:00,118656.54,118660.41,118630.70,118637.57,360,63,0
2026.03.26 21:18:00,118645.74,118656.51,118645.74,118656.51,360,63,0
2026.03.26 21:12:00,118634.94,118645.71,118634.94,118645.71,360,63,0
2026.03.26 21:06:00,118624.14,118634.91,118624.14,118634.91,360,63,0
2026.03.26 21:00:00,118613.34,118624.11,118613.34,118624.11,360,63,0
2026.03.26 20:54:00,118602.54,118613.31,118602.54,118613.31,360,63,0
2026.03.26 20:48:00,118591.74,118602.51,118591.74,118602.51,360,63,0
2026.03.26 20:42:00,118580.94,118591.71,118580.94,118591.71,360,63,0
2026.03.26 20:36:00,118619.80,118624.78,118579.20,118580.91,360,63,0
2026.03.26 20:30:00,118625.03,118629.56,118613.56,118619.77,360,63,0
2026.03.26 20:24:00,118614.23,118625.00,118614.23,118625.00,360,63,0
2026.03.26 20:18:00,118603.43,118614.20,118603.43,118614.20,360,63,0
2026.03.26 20:12:00,118592.63,118603.40,118592.63,118603.40,360,63,0
2026.03.26 20:06:00,118581.83,118592.60,118581.83,118592.60,360,63,0
2026.03.26 20:00:00,118583.15,118587.92,118575.83,118581.80,360,63,0
2026.03.26 19:54:00,118610.22,118619.13,118581.29,118583.12,360,63,0
2026.03.26 19:48:00,118599.42,118610.19,118599.42,118610.19,360,63,0
2026.03.26 19:42:00,118588.62,118599.39,118588.62,118599.39,360,63,0
2026.03.26 19:36:00,118577.82,118588.59,118577.82,118588.59,360,63,0
2026.03.26 19:30:00,118567.02,118577.79,118567.02,118577.79,360,63,0
2026.03.26 19:24:00,118556.22,118566.99,118556.22,118566.99,360,63,0
2026.03.26 19:18:00,118545.42,118556.19,118545.42,118556.19,360,63,0
2026.03.26 19:12:00,118534.62,118545.39,118534.62,118545.39,360,63,0
2026.03.26 19:06:00,118523.82,118534.59,118523.82,118534.59,360,63,0
2026.03.26 19:00:00,118513.02,118523.79,118513.02,118523.79,360,63,0
2026.03.26 18:54:00,118502.22,118512.99,118502.22,118512.99,360,63,0
2026.03.26 18:48:00,118491.42,118502.19,118491.42,118502.19,360,63,0
2026.03.26 18:42:00,118508.13,118515.69,118488.21,118491.39,360,63,0
2026.03.26 18:36:00,118561.24,118569.91,118506.30,118508.10,360,63,0
2026.03.26 18:30:00,118550.44,118561.21,118550.44,118561.21,360,63,0
2026.03.26 18:24:00,118539.64,118550.41,118539.64,118550.41,360,63,0
2026.03.26 18:18:00,118528.84,118539.61,118528.84,118539.61,360,63,0
2026.03.26 18:12:00,118518.04,118528.81,118518.04,118528.81,360,63,0
2026.03.26 18:06:00,118507.24,118518.01,118507.24,118518.01,360,63,0
2026.03.26 18:00:00,118496.44,118507.21,118496.44,118507.21,360,63,0
2026.03.26 17:54:00,118485.64,118496.41,118485.64,118496.41,360,63,0
2026.03.26 17:48:00,118507.34,118508.57,118476.10,118485.61,360,63,0
2026.03.26 17:42:00,118496.54,118507.31,118496.54,118507.31,360,63,0
2026.03.26 17:36:00,118485.74,118496.51,118485.74,118496.51,360,63,0
2026.03.26 17:30:00,118523.45,118527.71,118483.94,118485.71,360,63,0
2026.03.26 17:24:00,118512.65,118523.42,118512.65,118523.42,360,63,0
2026.03.26 17:18:00,118501.85,118512.62,118501.85,118512.62,360,63,0
2026.03.26 17:12:00,118491.05,118501.82,118491.05,118501.82,360,63,0
2026.03.26 17:06:00,118502.84,118511.48,118488.92,118491.02,360,63,0
2026.03.26 17:00:00,118516.81,118519.69,118494.95,118502.81,360,63,0
2026.03.26 16:54:00,118506.01,118516.78,118506.01,118516.78,360,63,0
2026.03.26 16:48:00,118495.21,118505.98,118495.21,118505.98,360,63,0
2026.03.26 16:42:00,118512.93,118517.40,118488.91,118495.18,360,63,0
2026.03.26 16:36:00,118560.30,118565.31,118507.26,118512.90,360,63,0
2026.03.26 16:30:00,118549.50,118560.27,118549.50,118560.27,360,63,0
2026.03.26 16:24:00,118538.70,118549.47,118538.70,118549.47,360,63,0
2026.03.26 16:18:00,118542.59,118547.81,118533.15,118538.67,360,63,0
2026.03.26 16:12:00,118531.79,118542.56,118531.79,118542.56,360,63,0
2026.03.26 16:06:00,118520.99,118531.76,118520.99,118531.76,360,63,0
2026.03.26 16:00:00,118510.19,118520.96,118510.19,118520.96,360,63,0
2026.03.26 15:54:00,118530.03,118530.63,118500.02,118510.16,360,63,0
2026.03.26 15:48:00,118519.23,118530.00,118519.23,118530.00,360,63,0
2026.03.26 15:42:00,118557.55,118561.36,118517.91,118519.20,360,63,0
2026.03.26 15:36:00,118546.75,118557.52,118546.75,118557.52,360,63,0
2026.03.26 15:30:00,118535.95,118546.72,118535.95,118546.72,360,63,0
2026.03.26 15:24:00,118525.15,118535.92,118525.15,118535.92,360,63,0
2026.03.26 15:18:00,118558.50,118563.78,118519.66,118525.12,360,63,0
2026.03.26 15:12:00,118582.85,118590.44,118555.32,118558.47,360,63,0
2026.03.26 15:06:00,118572.05,118582.82,118572.05,118582.82,360,63,0
2026.03.26 15:00:00,118561.25,118572.02,118561.25,118572.02,360,63,0
2026.03.26 14:54:00,118550.45,118561.22,118550.45,118561.22,360,63,0
2026.03.26 14:48:00,118539.65,118550.42,118539.65,118550.42,360,63,0
2026.03.26 14:42:00,118528.85,118539.62,118528.85,118539.62,360,63,0
2026.03.26 14:36:00,118532.61,118532.73,118518.20,118528.82,360,63,0
2026.03.26 14:30:00,118575.27,118580.85,118531.23,118532.58,360,63,0
2026.03.26 14:24:00,118564.47,118575.24,118564.47,118575.24,360,63,0
2026.03.26 14:18:00,118588.79,118591.16,118556.07,118564.44,360,63,0
2026.03.26 14:12:00,118599.49,118601.44,118579.97,118588.76,360,63,0
2026.03.26 14:06:00,118611.55,118619.05,118596.22,118599.46,360,63,0
2026.03.26 14:00:00,118628.34,118635.72,118608.16,118611.52,360,63,0
2026.03.26 13:54:00,118642.18,118644.34,118619.73,118628.31,360,63,0
2026.03.26 13:48:00,118631.38,118642.15,118631.38,118642.15,360,63,0
2026.03.26 13:42:00,118639.71,118639.98,118620.88,118631.35,360,63,0
2026.03.26 13:36:00,118628.91,118639.68,118628.91,118639.68,360,63,0
2026.03.26 13:30:00,118618.11,118628.88,118618.11,118628.88,360,63,0
2026.03.26 13:24:00,118607.31,118618.08,118607.31,118618.08,360,63,0
2026.03.26 13:18:00,118614.14,118623.71,118606.11,118607.28,360,63,0
2026.03.26 13:12:00,118656.38,118660.25,118609.88,118614.11,360,63,0
2026.03.26 13:06:00,118645.58,118656.35,118645.58,118656.35,360,63,0
2026.03.26 13:00:00,118634.78,118645.55,118634.78,118645.55,360,63,0
2026.03.26 12:54:00,118623.98,118634.75,118623.98,118634.75,360,63,0
2026.03.26 12:48:00,118613.18,118623.95,118613.18,118623.95,360,63,0
2026.03.26 12:42:00,118602.38,118613.15,118602.38,118613.15,360,63,0
2026.03.26 12:36:00,118609.16,118617.65,118600.10,118602.35,360,63,0
2026.03.26 12:30:00,118598.36,118609.13,118598.36,118609.13,360,63,0
2026.03.26 12:24:00,118601.78,118604.24,118590.05,118598.33,360,63,0
2026.03.26 12:18:00,118608.76,118617.34,118599.59,118601.75,360,63,0
2026.03.26 12:12:00,118597.96,118608.73,118597.96,118608.73,360,63,0
2026.03.26 12:06:00,118587.16,118597.93,118587.16,118597.93,360,63,0
2026.03.26 12:00:00,118606.51,118606.51,118576.39,118587.13,360,63,0
2026.03.26 11:54:00,118595.71,118606.48,118595.71,118606.48,360,63,0
2026.03.26 11:48:00,118584.91,118595.68,118584.91,118595.68,360,63,0
2026.03.26 11:42:00,118608.26,118608.41,118578.55,118584.88,360,63,0
2026.03.26 11:36:00,118597.46,118608.23,118597.46,118608.23,360,63,0
2026.03.26 11:30:00,118586.66,118597.43,118586.66,118597.43,360,63,0
2026.03.26 11:24:00,118600.50,118610.31,118585.70,118586.63,360,63,0
2026.03.26 11:18:00,118608.19,118617.97,118599.51,118600.47,360,63,0
2026.03.26 11:12:00,118610.26,118613.77,118600.93,118608.16,360,63,0
2026.03.26 11:06:00,118599.46,118610.23,118599.46,118610.23,360,63,0
2026.03.26 11:00:00,118610.78,118618.64,118596.55,118599.43,360,63,0
2026.03.26 10:54:00,118599.98,118610.75,118599.98,118610.75,360,63,0
2026.03.26 10:48:00,118618.59,118624.89,118595.51,118599.95,360,63,0
2026.03.26 10:42:00,118628.35,118632.61,118612.08,118618.56,360,63,0
2026.03.26 10:36:00,118617.55,118628.32,118617.55,118628.32,360,63,0
2026.03.26 10:30:00,118606.75,118617.52,118606.75,118617.52,360,63,0
2026.03.26 10:24:00,118595.95,118606.72,118595.95,118606.72,360,63,0
2026.03.26 10:18:00,118585.15,118595.92,118585.15,118595.92,360,63,0
2026.03.26 10:12:00,118574.35,118585.12,118574.35,118585.12,360,63,0
2026.03.26 10:06:00,118563.55,118574.32,118563.55,118574.32,360,63,0
2026.03.26 10:00:00,118552.75,118563.52,118552.75,118563.52,360,63,0
2026.03.26 09:54:00,118541.95,118552.72,118541.95,118552.72,360,63,0
2026.03.26 09:48:00,118553.24,118554.23,118532.17,118541.92,360,63,0
2026.03.26 09:42:00,118542.44,118553.21,118542.44,118553.21,360,63,0
2026.03.26 09:36:00,118531.64,118542.41,118531.64,118542.41,360,63,0
2026.03.26 09:30:00,118520.84,118531.61,118520.84,118531.61,360,63,0
2026.03.26 09:24:00,118510.04,118520.81,118510.04,118520.81,360,63,0
2026.03.26 09:18:00,118499.24,118510.01,118499.24,118510.01,360,63,0
2026.03.26 09:12:00,118505.72,118511.69,118494.44,118499.21,360,63,0
2026.03.26 09:06:00,118528.05,118530.36,118497.26,118505.69,360,63,0
2026.03.26 09:00:00,118517.25,118528.02,118517.25,118528.02,360,63,0
2026.03.26 08:54:00,118506.45,118517.22,118506.45,118517.22,360,63,0
2026.03.26 08:48:00,118495.65,118506.42,118495.65,118506.42,360,63,0
2026.03.26 08:42:00,118519.97,118520.51,118494.93,118495.62,360,63,0
2026.03.26 08:36:00,118527.15,118534.29,118516.34,118519.94,360,63,0
2026.03.26 08:30:00,118516.35,118527.12,118516.35,118527.12,360,63,0
2026.03.26 08:24:00,118505.55,118516.32,118505.55,118516.32,360,63,0
2026.03.26 08:18:00,118494.75,118505.52,118494.75,118505.52,360,63,0
2026.03.26 08:12:00,118483.95,118494.72,118483.95,118494.72,360,63,0
2026.03.26 08:06:00,118473.15,118483.92,118473.15,118483.92,360,63,0
2026.03.26 08:00:00,118488.90,118489.05,118462.53,118473.12,360,63,0
2026.03.26 07:54:00,118501.09,118504.87,118481.91,118488.87,360,63,0
2026.03.26 07:48:00,118490.29,118501.06,118490.29,118501.06,360,63,0
2026.03.26 07:42:00,118506.93,118507.08,118479.67,118490.26,360,63,0
2026.03.26 07:36:00,118496.13,118506.90,118496.13,118506.90,360,63,0
2026.03.26 07:30:00,118485.33,118496.10,118485.33,118496.10,360,63,0
2026.03.26 07:24:00,118474.53,118485.30,118474.53,118485.30,360,63,0
2026.03.26 07:18:00,118463.73,118474.50,118463.73,118474.50,360,63,0
2026.03.26 07:12:00,118452.93,118463.70,118452.93,118463.70,360,63,0
2026.03.26 07:06:00,118442.13,118452.90,118442.13,118452.90,360,63,0
2026.03.26 07:00:00,118431.33,118442.10,118431.33,118442.10,360,63,0
2026.03.26 06:54:00,118459.56,118460.25,118423.35,118431.30,360,63,0
2026.03.26 06:48:00,118482.52,118486.12,118452.39,118459.53,360,63,0
2026.03.26 06:42:00,118471.72,118482.49,118471.72,118482.49,360,63,0
2026.03.26 06:36:00,118480.99,118483.33,118463.29,118471.69,360,63,0
2026.03.26 06:30:00,118470.19,118480.96,118470.19,118480.96,360,63,0
2026.03.26 06:24:00,118459.39,118470.16,118459.39,118470.16,360,63,0
2026.03.26 06:18:00,118448.59,118459.36,118448.59,118459.36,360,63,0
2026.03.26 06:12:00,118451.22,118453.65,118440.25,118448.56,360,63,0
2026.03.26 06:06:00,118440.42,118451.19,118440.42,118451.19,360,63,0
2026.03.26 06:00:00,118450.51,118454.17,118433.31,118440.39,360,63,0
2026.03.26 05:54:00,118439.71,118450.48,118439.71,118450.48,360,63,0
2026.03.26 05:48:00,118428.91,118439.68,118428.91,118439.68,360,63,0
2026.03.26 05:42:00,118418.11,118428.88,118418.11,118428.88,360,63,0
2026.03.26 05:36:00,118407.31,118418.08,118407.31,118418.08,360,63,0
2026.03.26 05:30:00,118396.51,118407.28,118396.51,118407.28,360,63,0
2026.03.26 05:24:00,118385.71,118396.48,118385.71,118396.48,360,63,0
2026.03.26 05:18:00,118397.80,118406.41,118383.55,118385.68,360,63,0
2026.03.26 05:12:00,118387.00,118397.77,118387.00,118397.77,360,63,0
2026.03.26 05:06:00,118376.20,118386.97,118376.20,118386.97,360,63,0
2026.03.26 05:00:00,118365.40,118376.17,118365.40,118376.17,360,63,0
2026.03.26 04:54:00,118354.60,118365.37,118354.60,118365.37,360,63,0
2026.03.26 04:48:00,118358.54,118359.02,118344.31,118354.57,360,63,0
2026.03.26 04:42:00,118387.13,118397.39,118358.03,118358.51,360,63,0
2026.03.26 04:36:00,118376.33,118387.10,118376.33,118387.10,360,63,0
2026.03.26 04:30:00,118365.53,118376.30,118365.53,118376.30,360,63,0
2026.03.26 04:24:00,118354.73,118365.50,118354.73,118365.50,360,63,0
2026.03.26 04:18:00,118343.93,118354.70,118343.93,118354.70,360,63,0
2026.03.26 04:12:00,118363.24,118370.77,118343.69,118343.90,360,63,0
2026.03.26 04:06:00,118460.12,118464.74,118361.50,118363.21,360,63,0
2026.03.26 04:00:00,118449.32,118460.09,118449.32,118460.09,360,63,0
2026.03.26 03:54:00,118438.52,118449.29,118438.52,118449.29,360,63,0
2026.03.26 03:48:00,118453.00,118453.48,118428.23,118438.49,360,63,0
2026.03.26 03:42:00,118458.72,118468.05,118451.56,118452.97,360,63,0
2026.03.26 03:36:00,118493.16,118501.08,118455.87,118458.69,360,63,0
2026.03.26 03:30:00,118502.39,118511.15,118491.15,118493.13,360,63,0
2026.03.26 03:24:00,118515.37,118516.84,118493.09,118502.36,360,63,0
2026.03.26 03:18:00,118532.21,118532.30,118515.34,118515.34,360,63,0
2026.03.26 03:12:00,118550.79,118559.01,118529.66,118532.18,360,63,0
2026.03.26 03:06:00,118539.99,118550.76,118539.99,118550.76,360,63,0
2026.03.26 03:00:00,118529.19,118539.96,118529.19,118539.96,360,63,0
2026.03.26 02:54:00,118518.39,118529.16,118518.39,118529.16,360,63,0
2026.03.26 02:48:00,118521.16,118521.79,118508.25,118518.36,360,63,0
2026.03.26 02:42:00,118541.33,118541.78,118510.84,118521.13,360,63,0
2026.03.26 02:36:00,118530.53,118541.30,118530.53,118541.30,360,63,0
2026.03.26 02:30:00,118519.73,118530.50,118519.73,118530.50,360,63,0
2026.03.26 02:24:00,118508.93,118519.70,118508.93,118519.70,360,63,0
2026.03.26 02:18:00,118517.06,118519.28,118500.38,118508.90,360,63,0
2026.03.26 02:12:00,118506.26,118517.03,118506.26,118517.03,360,63,0
2026.03.26 02:06:00,118495.46,118506.23,118495.46,118506.23,360,63,0
2026.03.26 02:00:00,118484.66,118495.43,118484.66,118495.43,360,63,0
2026.03.26 01:54:00,118489.76,118491.47,118475.60,118484.63,360,63,0
2026.03.26 01:48:00,118491.69,118492.89,118480.19,118489.73,360,63,0
2026.03.26 01:42:00,118504.56,118511.28,118487.64,118491.66,360,63,0
2026.03.26 01:36:00,118493.76,118504.53,118493.76,118504.53,360,63,0
2026.03.26 01:30:00,118516.45,118520.11,118486.65,118493.73,360,63,0
2026.03.26 01:24:00,118505.65,118516.42,118505.65,118516.42,360,63,0
2026.03.26 01:18:00,118514.47,118524.70,118505.11,118505.62,360,63,0
2026.03.26 01:12:00,118503.67,118514.44,118503.67,118514.44,360,63,0
2026.03.26 01:06:00,118523.01,118532.01,118501.90,118503.64,360,63,0
2026.03.26 01:00:00,118566.70,118569.04,118516.83,118522.98,360,63,0
2026.03.26 00:54:00,118555.90,118566.67,118555.90,118566.67,360,63,0
2026.03.26 00:48:00,118568.13,118568.61,118545.61,118555.87,360,63,0
2026.03.26 00:42:00,118557.33,118568.10,118557.33,118568.10,360,63,0
2026.03.26 00:36:00,118546.53,118557.30,118546.53,118557.30,360,63,0
2026.03.26 00:30:00,118535.73,118546.50,118535.73,118546.50,360,63,0
2026.03.26 00:24:00,118546.76,118554.26,118532.46,118535.70,360,63,0
2026.03.26 00:18:00,118535.96,118546.73,118535.96,118546.73,360,63,0
2026.03.26 00:12:00,118525.16,118535.93,118525.16,118535.93,360,63,0
2026.03.26 00:06:00,118535.75,118543.01,118521.65,118525.13,360,63,0
2026.03.26 00:00:00,118524.95,118535.72,118524.95,118535.72,360,63,0
2026.03.25 23:54:00,118537.67,118548.26,118524.77,118524.92,360,63,0
2026.03.25 23:48:00,118549.48,118552.75,118530.17,118537.64,360,63,0
2026.03.25 23:42:00,118538.68,118549.45,118538.68,118549.45,360,63,0
2026.03.25 23:36:00,118585.96,118589.17,118538.62,118538.65,360,63,0
2026.03.25 23:30:00,118575.16,118585.93,118575.16,118585.93,360,63,0
2026.03.25 23:24:00,118604.44,118614.01,118574.56,118575.13,360,63,0
2026.03.25 23:18:00,118593.64,118604.41,118593.64,118604.41,360,63,0
2026.03.25 23:12:00,118613.93,118622.75,118593.22,118593.61,360,63,0
2026.03.25 23:06:00,118603.13,118613.90,118603.13,118613.90,360,63,0
2026.03.25 23:00:00,118592.33,118603.10,118592.33,118603.10,360,63,0
2026.03.25 22:54:00,118581.53,118592.30,118581.53,118592.30,360,63,0
2026.03.25 22:48:00,118603.54,118604.95,118572.17,118581.50,360,63,0
2026.03.25 22:42:00,118652.34,118659.69,118603.12,118603.51,360,63,0
2026.03.25 22:36:00,118641.54,118652.31,118641.54,118652.31,360,63,0
2026.03.25 22:30:00,118630.74,118641.51,118630.74,118641.51,360,63,0
2026.03.25 22:24:00,118619.94,118630.71,118619.94,118630.71,360,63,0
2026.03.25 22:18:00,118609.14,118619.91,118609.14,118619.91,360,63,0
2026.03.25 22:12:00,118598.34,118609.11,118598.34,118609.11,360,63,0
2026.03.25 22:06:00,118587.54,118598.31,118587.54,118598.31,360,63,0
2026.03.25 22:00:00,118576.74,118587.51,118576.74,118587.51,360,63,0
2026.03.25 21:54:00,118565.94,118576.71,118565.94,118576.71,360,63,0
2026.03.25 21:48:00,118555.14,118565.91,118555.14,118565.91,360,63,0
2026.03.25 21:42:00,118556.58,118558.47,118546.26,118555.11,360,63,0
2026.03.25 21:36:00,118545.78,118556.55,118545.78,118556.55,360,63,0
2026.03.25 21:30:00,118534.98,118545.75,118534.98,118545.75,360,63,0
2026.03.25 21:24:00,118524.18,118534.95,118524.18,118534.95,360,63,0
2026.03.25 21:18:00,118543.70,118548.02,118517.73,118524.15,360,63,0
2026.03.25 21:12:00,118557.23,118557.50,118533.20,118543.67,360,63,0
2026.03.25 21:06:00,118546.43,118557.20,118546.43,118557.20,360,63,0
2026.03.25 21:00:00,118535.63,118546.40,118535.63,118546.40,360,63,0
2026.03.25 20:54:00,118564.43,118573.82,118534.25,118535.60,360,63,0
2026.03.25 20:48:00,118568.02,118569.76,118555.40,118564.40,360,63,0
2026.03.25 20:42:00,118557.22,118567.99,118557.22,118567.99,360,63,0
2026.03.25 20:36:00,118546.42,118557.19,118546.42,118557.19,360,63,0
2026.03.25 20:30:00,118535.62,118546.39,118535.62,118546.39,360,63,0
2026.03.25 20:24:00,118544.72,118553.72,118533.85,118535.59,360,63,0
2026.03.25 20:18:00,118533.92,118544.69,118533.92,118544.69,360,63,0
2026.03.25 20:12:00,118523.12,118533.89,118523.12,118533.89,360,63,0
2026.03.25 20:06:00,118533.67,118541.02,118519.70,118523.09,360,63,0
2026.03.25 20:00:00,118522.87,118533.64,118522.87,118533.64,360,63,0
2026.03.25 19:54:00,118530.93,118533.09,118514.26,118522.84,360,63,0
2026.03.25 19:48:00,118520.13,118530.90,118520.13,118530.90,360,63,0
2026.03.25 19:42:00,118509.33,118520.10,118509.33,118520.10,360,63,0
2026.03.25 19:36:00,118527.95,118534.91,118505.52,118509.30,360,63,0
2026.03.25 19:30:00,118517.15,118527.92,118517.15,118527.92,360,63,0
2026.03.25 19:24:00,118506.35,118517.12,118506.35,118517.12,360,63,0
2026.03.25 19:18:00,118495.55,118506.32,118495.55,118506.32,360,63,0
2026.03.25 19:12:00,118484.75,118495.52,118484.75,118495.52,360,63,0
2026.03.25 19:06:00,118473.95,118484.72,118473.95,118484.72,360,63,0
2026.03.25 19:00:00,118463.15,118473.92,118463.15,118473.92,360,63,0
2026.03.25 18:54:00,118504.03,118504.39,118454.24,118463.12,360,63,0
2026.03.25 18:48:00,118530.36,118535.55,118498.45,118504.00,360,63,0
2026.03.25 18:42:00,118519.56,118530.33,118519.56,118530.33,360,63,0
2026.03.25 18:36:00,118508.76,118519.53,118508.76,118519.53,360,63,0
2026.03.25 18:30:00,118497.96,118508.73,118497.96,118508.73,360,63,0
2026.03.25 18:24:00,118516.36,118516.87,118487.70,118497.93,360,63,0
2026.03.25 18:18:00,118505.56,118516.33,118505.56,118516.33,360,63,0
2026.03.25 18:12:00,118507.25,118516.64,118504.18,118505.53,360,63,0
2026.03.25 18:06:00,118496.45,118507.22,118496.45,118507.22,360,63,0
2026.03.25 18:00:00,118514.33,118515.95,118487.30,118496.42,360,63,0
2026.03.25 17:54:00,118582.55,118586.39,118511.15,118514.30,360,63,0
2026.03.25 17:48:00,118571.75,118582.52,118571.75,118582.52,360,63,0
2026.03.25 17:42:00,118587.01,118592.17,118566.14,118571.72,360,63,0
2026.03.25 17:36:00,118576.21,118586.98,118576.21,118586.98,360,63,0
2026.03.25 17:30:00,118565.41,118576.18,118565.41,118576.18,360,63,0
2026.03.25 17:24:00,118554.61,118565.38,118554.61,118565.38,360,63,0
2026.03.25 17:18:00,118543.81,118554.58,118543.81,118554.58,360,63,0
2026.03.25 17:12:00,118560.78,118563.06,118535.32,118543.78,360,63,0
2026.03.25 17:06:00,118549.98,118560.75,118549.98,118560.75,360,63,0
2026.03.25 17:00:00,118539.18,118549.95,118539.18,118549.95,360,63,0
2026.03.25 16:54:00,118528.38,118539.15,118528.38,118539.15,360,63,0
2026.03.25 16:48:00,118565.16,118573.95,118528.05,118528.35,360,63,0
2026.03.25 16:42:00,118579.65,118585.02,118559.76,118565.13,360,63,0
2026.03.25 16:36:00,118568.85,118579.62,118568.85,118579.62,360,63,0
2026.03.25 16:30:00,118574.54,118578.26,118561.80,118568.82,360,63,0
2026.03.25 16:24:00,118563.74,118574.51,118563.74,118574.51,360,63,0
2026.03.25 16:18:00,118552.94,118563.71,118552.94,118563.71,360,63,0
2026.03.25 16:12:00,118542.14,118552.91,118542.14,118552.91,360,63,0
2026.03.25 16:06:00,118565.61,118568.16,118535.45,118542.11,360,63,0
2026.03.25 16:00:00,118554.81,118565.58,118554.81,118565.58,360,63,0
2026.03.25 15:54:00,118544.01,118554.78,118544.01,118554.78,360,63,0
2026.03.25 15:48:00,118550.13,118550.43,118533.54,118543.98,360,63,0
2026.03.25 15:42:00,118582.77,118587.93,118546.80,118550.10,360,63,0
2026.03.25 15:36:00,118571.97,118582.74,118571.97,118582.74,360,63,0
2026.03.25 15:30:00,118561.17,118571.94,118561.17,118571.94,360,63,0
2026.03.25 15:24:00,118586.60,118589.51,118553.31,118561.14,360,63,0
2026.03.25 15:18:00,118595.85,118605.60,118585.58,118586.57,360,63,0
2026.03.25 15:12:00,118585.05,118595.82,118585.05,118595.82,360,63,0
2026.03.25 15:06:00,118574.25,118585.02,118574.25,118585.02,360,63,0
2026.03.25 15:00:00,118590.59,118598.48,118571.37,118574.22,360,63,0
2026.03.25 14:54:00,118579.79,118590.56,118579.79,118590.56,360,63,0
2026.03.25 14:48:00,118568.99,118579.76,118568.99,118579.76,360,63,0
2026.03.25 14:42:00,118558.19,118568.96,118558.19,118568.96,360,63,0
2026.03.25 14:36:00,118547.39,118558.16,118547.39,118558.16,360,63,0
2026.03.25 14:30:00,118551.43,118559.17,118544.36,118547.36,360,63,0
2026.03.25 14:24:00,118562.40,118573.14,118551.40,118551.40,360,63,0
2026.03.25 14:18:00,118583.23,118591.81,118560.21,118562.37,360,63,0
2026.03.25 14:12:00,118572.43,118583.20,118572.43,118583.20,360,63,0
2026.03.25 14:06:00,118561.63,118572.40,118561.63,118572.40,360,63,0
2026.03.25 14:00:00,118564.97,118570.10,118555.99,118561.60,360,63,0
2026.03.25 13:54:00,118554.17,118564.94,118554.17,118564.94,360,63,0
2026.03.25 13:48:00,118543.37,118554.14,118543.37,118554.14,360,63,0
2026.03.25 13:42:00,118532.57,118543.34,118532.57,118543.34,360,63,0
2026.03.25 13:36:00,118583.83,118585.18,118532.30,118532.54,360,63,0
2026.03.25 13:30:00,118587.09,118587.12,118573.09,118583.80,360,63,0
2026.03.25 13:24:00,118576.29,118587.06,118576.29,118587.06,360,63,0
2026.03.25 13:18:00,118565.49,118576.26,118565.49,118576.26,360,63,0
2026.03.25 13:12:00,118554.69,118565.46,118554.69,118565.46,360,63,0
2026.03.25 13:06:00,118543.89,118554.66,118543.89,118554.66,360,63,0
2026.03.25 13:00:00,118533.09,118543.86,118533.09,118543.86,360,63,0
2026.03.25 12:54:00,118522.29,118533.06,118522.29,118533.06,360,63,0
2026.03.25 12:48:00,118549.81,118556.11,118517.82,118522.26,360,63,0
2026.03.25 12:42:00,118539.01,118549.78,118539.01,118549.78,360,63,0
2026.03.25 12:36:00,118528.21,118538.98,118528.21,118538.98,360,63,0
2026.03.25 12:30:00,118517.41,118528.18,118517.41,118528.18,360,63,0
2026.03.25 12:24:00,118522.46,118530.53,118514.71,118517.38,360,63,0
2026.03.25 12:18:00,118554.29,118558.10,118517.48,118522.43,360,63,0
2026.03.25 12:12:00,118543.49,118554.26,118543.49,118554.26,360,63,0
2026.03.25 12:06:00,118545.46,118550.68,118537.94,118543.46,360,63,0
2026.03.25 12:00:00,118534.66,118545.43,118534.66,118545.43,360,63,0
2026.03.25 11:54:00,118523.86,118534.63,118523.86,118534.63,360,63,0
2026.03.25 11:48:00,118534.71,118536.42,118514.80,118523.83,360,63,0
2026.03.25 11:42:00,118523.91,118534.68,118523.91,118534.68,360,63,0
2026.03.25 11:36:00,118513.11,118523.88,118513.11,118523.88,360,63,0
2026.03.25 11:30:00,118516.39,118526.71,118512.66,118513.08,360,63,0
2026.03.25 11:24:00,118505.59,118516.36,118505.59,118516.36,360,63,0
2026.03.25 11:18:00,118494.79,118505.56,118494.79,118505.56,360,63,0
2026.03.25 11:12:00,118509.65,118511.15,118485.52,118494.76,360,63,0
2026.03.25 11:06:00,118532.08,118532.11,118498.91,118509.62,360,63,0
2026.03.25 11:00:00,118521.28,118532.05,118521.28,118532.05,360,63,0
2026.03.25 10:54:00,118542.05,118542.32,118510.78,118521.25,360,63,0
2026.03.25 10:48:00,118531.25,118542.02,118531.25,118542.02,360,63,0
2026.03.25 10:42:00,118520.45,118531.22,118520.45,118531.22,360,63,0
2026.03.25 10:36:00,118523.49,118524.33,118510.52,118520.42,360,63,0
2026.03.25 10:30:00,118512.69,118523.46,118512.69,118523.46,360,63,0
2026.03.25 10:24:00,118501.89,118512.66,118501.89,118512.66,360,63,0
2026.03.25 10:18:00,118512.01,118519.93,118499.04,118501.86,360,63,0
2026.03.25 10:12:00,118501.21,118511.98,118501.21,118511.98,360,63,0
2026.03.25 10:06:00,118490.41,118501.18,118490.41,118501.18,360,63,0
2026.03.25 10:00:00,118524.46,118527.88,118484.86,118490.38,360,63,0
2026.03.25 09:54:00,118513.66,118524.43,118513.66,118524.43,360,63,0
2026.03.25 09:48:00,118502.86,118513.63,118502.86,118513.63,360,63,0
2026.03.25 09:42:00,118492.06,118502.83,118492.06,118502.83,360,63,0
2026.03.25 09:36:00,118481.26,118492.03,118481.26,118492.03,360,63,0
2026.03.25 09:30:00,118470.46,118481.23,118470.46,118481.23,360,63,0
2026.03.25 09:24:00,118459.66,118470.43,118459.66,118470.43,360,63,0
2026.03.25 09:18:00,118448.86,118459.63,118448.86,118459.63,360,63,0
2026.03.25 09:12:00,118438.06,118448.83,118438.06,118448.83,360,63,0
2026.03.25 09:06:00,118427.26,118438.03,118427.26,118438.03,360,63,0
2026.03.25 09:00:00,118416.46,118427.23,118416.46,118427.23,360,63,0
2026.03.25 08:54:00,118405.66,118416.43,118405.66,118416.43,360,63,0
2026.03.25 08:48:00,118394.86,118405.63,118394.86,118405.63,360,63,0
2026.03.25 08:42:00,118384.06,118394.83,118384.06,118394.83,360,63,0
2026.03.25 08:36:00,118373.26,118384.03,118373.26,118384.03,360,63,0
2026.03.25 08:30:00,118362.46,118373.23,118362.46,118373.23,360,63,0
2026.03.25 08:24:00,118351.66,118362.43,118351.66,118362.43,360,63,0
2026.03.25 08:18:00,118340.86,118351.63,118340.86,118351.63,360,63,0
2026.03.25 08:12:00,118330.06,118340.83,118330.06,118340.83,360,63,0
2026.03.25 08:06:00,118319.26,118330.03,118319.26,118330.03,360,63,0
2026.03.25 08:00:00,118308.46,118319.23,118308.46,118319.23,360,63,0
2026.03.25 07:54:00,118297.66,118308.43,118297.66,118308.43,360,63,0
2026.03.25 07:48:00,118286.86,118297.63,118286.86,118297.63,360,63,0
2026.03.25 07:42:00,118276.06,118286.83,118276.06,118286.83,360,63,0
2026.03.25 07:36:00,118265.26,118276.03,118265.26,118276.03,360,63,0
2026.03.25 07:30:00,118254.46,118265.23,118254.46,118265.23,360,63,0
2026.03.25 07:24:00,118243.66,118254.43,118243.66,118254.43,360,63,0
2026.03.25 07:18:00,118232.86,118243.63,118232.86,118243.63,360,63,0
2026.03.25 07:12:00,118222.06,118232.83,118222.06,118232.83,360,63,0
2026.03.25 07:06:00,118211.26,118222.03,118211.26,118222.03,360,63,0
2026.03.25 07:00:00,118200.46,118211.23,118200.46,118211.23,360,63,0
2026.03.25 06:54:00,118189.66,118200.43,118189.66,118200.43,360,63,0
2026.03.25 06:48:00,118178.86,118189.63,118178.86,118189.63,360,63,0
2026.03.25 06:42:00,118193.95,118201.33,118177.66,118178.83,360,63,0
2026.03.25 06:36:00,118214.04,118222.80,118191.94,118193.92,360,63,0
2026.03.25 06:30:00,118203.24,118214.01,118203.24,118214.01,360,63,0
2026.03.25 06:24:00,118225.90,118231.57,118202.70,118203.21,360,63,0
2026.03.25 06:18:00,118215.10,118225.87,118215.10,118225.87,360,63,0
2026.03.25 06:12:00,118204.30,118215.07,118204.30,118215.07,360,63,0
2026.03.25 06:06:00,118215.07,118224.25,118202.71,118204.27,360,63,0
2026.03.25 06:00:00,118204.27,118215.04,118204.27,118215.04,360,63,0
2026.03.25 05:54:00,118211.27,118213.70,118195.93,118204.24,360,63,0
2026.03.25 05:48:00,118200.47,118211.24,118200.47,118211.24,360,63,0
2026.03.25 05:42:00,118189.67,118200.44,118189.67,118200.44,360,63,0
2026.03.25 05:36:00,118178.87,118189.64,118178.87,118189.64,360,63,0
2026.03.25 05:30:00,118168.07,118178.84,118168.07,118178.84,360,63,0
2026.03.25 05:24:00,118184.96,118188.41,118160.75,118168.04,360,63,0
2026.03.25 05:18:00,118194.01,118201.48,118181.66,118184.93,360,63,0
2026.03.25 05:12:00,118183.21,118193.98,118183.21,118193.98,360,63,0
2026.03.25 05:06:00,118248.73,118248.79,118183.18,118183.18,360,63,0
2026.03.25 05:00:00,118237.93,118248.70,118237.93,118248.70,360,63,0
2026.03.25 04:54:00,118227.13,118237.90,118227.13,118237.90,360,63,0
2026.03.25 04:48:00,118216.33,118227.10,118216.33,118227.10,360,63,0
2026.03.25 04:42:00,118205.53,118216.30,118205.53,118216.30,360,63,0
2026.03.25 04:36:00,118221.77,118228.82,118201.81,118205.50,360,63,0
2026.03.25 04:30:00,118210.97,118221.74,118210.97,118221.74,360,63,0
2026.03.25 04:24:00,118216.20,118223.46,118207.46,118210.94,360,63,0
2026.03.25 04:18:00,118245.84,118254.21,118213.80,118216.17,360,63,0
2026.03.25 04:12:00,118235.04,118245.81,118235.04,118245.81,360,63,0
2026.03.25 04:06:00,118224.24,118235.01,118224.24,118235.01,360,63,0
2026.03.25 04:00:00,118213.44,118224.21,118213.44,118224.21,360,63,0
2026.03.25 03:54:00,118202.64,118213.41,118202.64,118213.41,360,63,0
2026.03.25 03:48:00,118191.84,118202.61,118191.84,118202.61,360,63,0
2026.03.25 03:42:00,118181.04,118191.81,118181.04,118191.81,360,63,0
2026.03.25 03:36:00,118170.24,118181.01,118170.24,118181.01,360,63,0
2026.03.25 03:30:00,118184.89,118185.73,118160.31,118170.21,360,63,0
2026.03.25 03:24:00,118174.09,118184.86,118174.09,118184.86,360,63,0
2026.03.25 03:18:00,118163.29,118174.06,118163.29,118174.06,360,63,0
2026.03.25 03:12:00,118152.49,118163.26,118152.49,118163.26,360,63,0
2026.03.25 03:06:00,118141.69,118152.46,118141.69,118152.46,360,63,0
2026.03.25 03:00:00,118130.89,118141.66,118130.89,118141.66,360,63,0
2026.03.25 02:54:00,118151.98,118156.90,118125.04,118130.86,360,63,0
2026.03.25 02:48:00,118162.26,118168.08,118147.03,118151.95,360,63,0
2026.03.25 02:42:00,118151.46,118162.23,118151.46,118162.23,360,63,0
2026.03.25 02:36:00,118166.07,118170.81,118145.43,118151.43,360,63,0
2026.03.25 02:30:00,118189.73,118193.21,118158.78,118166.04,360,63,0
2026.03.25 02:24:00,118178.93,118189.70,118178.93,118189.70,360,63,0
2026.03.25 02:18:00,118168.13,118178.90,118168.13,118178.90,360,63,0
2026.03.25 02:12:00,118157.33,118168.10,118157.33,118168.10,360,63,0
2026.03.25 02:06:00,118174.22,118175.63,118147.97,118157.30,360,63,0
2026.03.25 02:00:00,118163.42,118174.19,118163.42,118174.19,360,63,0
2026.03.25 01:54:00,118152.62,118163.39,118152.62,118163.39,360,63,0
2026.03.25 01:48:00,118141.82,118152.59,118141.82,118152.59,360,63,0
2026.03.25 01:42:00,118153.74,118155.48,118132.79,118141.79,360,63,0
2026.03.25 01:36:00,118142.94,118153.71,118142.94,118153.71,360,63,0
2026.03.25 01:30:00,118179.13,118179.91,118138.68,118142.91,360,63,0
2026.03.25 01:24:00,118168.33,118179.10,118168.33,118179.10,360,63,0
2026.03.25 01:18:00,118185.34,118193.83,118166.05,118168.30,360,63,0
2026.03.25 01:12:00,118213.93,118215.31,118185.10,118185.31,360,63,0
2026.03.25 01:06:00,118203.13,118213.90,118203.13,118213.90,360,63,0
2026.03.25 01:00:00,118225.72,118233.04,118199.68,118203.10,360,63,0
2026.03.25 00:54:00,118214.92,118225.69,118214.92,118225.69,360,63,0
2026.03.25 00:48:00,118204.12,118214.89,118204.12,118214.89,360,63,0
2026.03.25 00:42:00,118193.32,118204.09,118193.32,118204.09,360,63,0
2026.03.25 00:36:00,118182.52,118193.29,118182.52,118193.29,360,63,0
2026.03.25 00:30:00,118193.33,118202.63,118181.05,118182.49,360,63,0
2026.03.25 00:24:00,118207.38,118217.70,118192.88,118193.30,360,63,0
2026.03.25 00:18:00,118196.58,118207.35,118196.58,118207.35,360,63,0
2026.03.25 00:12:00,118185.78,118196.55,118185.78,118196.55,360,63,0
2026.03.25 00:06:00,118174.98,118185.75,118174.98,118185.75,360,63,0
2026.03.25 00:00:00,118164.18,118174.95,118164.18,118174.95,360,63,0
2026.03.24 23:54:00,118177.01,118187.21,118163.61,118164.15,360,63,0
2026.03.24 23:48:00,118166.21,118176.98,118166.21,118176.98,360,63,0
2026.03.24 23:42:00,118155.41,118166.18,118155.41,118166.18,360,63,0
2026.03.24 23:36:00,118144.61,118155.38,118144.61,118155.38,360,63,0
2026.03.24 23:30:00,118133.81,118144.58,118133.81,118144.58,360,63,0
2026.03.24 23:24:00,118123.01,118133.78,118123.01,118133.78,360,63,0
2026.03.24 23:18:00,118112.21,118122.98,118112.21,118122.98,360,63,0
2026.03.24 23:12:00,118101.41,118112.18,118101.41,118112.18,360,63,0
2026.03.24 23:06:00,118111.29,118111.38,118090.73,118101.38,360,63,0
2026.03.24 23:00:00,118112.80,118116.19,118103.91,118111.26,360,63,0
2026.03.24 22:54:00,118102.00,118112.77,118102.00,118112.77,360,63,0
2026.03.24 22:48:00,118135.13,118141.37,118099.27,118101.97,360,63,0
2026.03.24 22:42:00,118144.22,118149.56,118129.70,118135.10,360,63,0
2026.03.24 22:36:00,118133.42,118144.19,118133.42,118144.19,360,63,0
2026.03.24 22:30:00,118154.39,118156.61,118132.46,118133.39,360,63,0
2026.03.24 22:24:00,118160.28,118167.57,118150.91,118154.36,360,63,0
2026.03.24 22:18:00,118149.48,118160.25,118149.48,118160.25,360,63,0
2026.03.24 22:12:00,118173.49,118176.64,118141.86,118149.45,360,63,0
2026.03.24 22:06:00,118162.69,118173.46,118162.69,118173.46,360,63,0
2026.03.24 22:00:00,118151.89,118162.66,118151.89,118162.66,360,63,0
2026.03.24 21:54:00,118141.09,118151.86,118141.09,118151.86,360,63,0
2026.03.24 21:48:00,118130.29,118141.06,118130.29,118141.06,360,63,0
2026.03.24 21:42:00,118134.13,118137.31,118122.70,118130.26,360,63,0
2026.03.24 21:36:00,118123.33,118134.10,118123.33,118134.10,360,63,0
2026.03.24 21:30:00,118112.53,118123.30,118112.53,118123.30,360,63,0
2026.03.24 21:24:00,118101.73,118112.50,118101.73,118112.50,360,63,0
2026.03.24 21:18:00,118090.93,118101.70,118090.93,118101.70,360,63,0
2026.03.24 21:12:00,118080.13,118090.90,118080.13,118090.90,360,63,0
2026.03.24 21:06:00,118069.33,118080.10,118069.33,118080.10,360,63,0
2026.03.24 21:00:00,118080.02,118090.79,118080.02,118090.79,360,63,0
2026.03.24 20:54:00,118069.22,118079.99,118069.22,118079.99,360,63,0
2026.03.24 20:48:00,118112.41,118117.81,118064.81,118069.19,360,63,0
2026.03.24 20:42:00,118101.61,118112.38,118101.61,118112.38,360,63,0
2026.03.24 20:36:00,118117.16,118124.78,118098.46,118101.58,360,63,0
2026.03.24 20:30:00,118187.00,118188.59,118112.87,118117.13,360,63,0
2026.03.24 20:24:00,118176.20,118186.97,118176.20,118186.97,360,63,0
2026.03.24 20:18:00,118165.40,118176.17,118165.40,118176.17,360,63,0
2026.03.24 20:12:00,118154.60,118165.37,118154.60,118165.37,360,63,0
2026.03.24 20:06:00,118143.80,118154.57,118143.80,118154.57,360,63,0
2026.03.24 20:00:00,118133.00,118143.77,118133.00,118143.77,360,63,0
2026.03.24 19:54:00,118122.20,118132.97,118122.20,118132.97,360,63,0
2026.03.24 19:48:00,118137.42,118142.64,118116.65,118122.17,360,63,0
2026.03.24 19:42:00,118144.32,118144.74,118127.07,118137.39,360,63,0
2026.03.24 19:36:00,118133.52,118144.29,118133.52,118144.29,360,63,0
2026.03.24 19:30:00,118143.92,118151.99,118130.82,118133.49,360,63,0
2026.03.24 19:24:00,118170.16,118172.98,118138.70,118143.89,360,63,0
2026.03.24 19:18:00,118159.36,118170.13,118159.36,118170.13,360,63,0
2026.03.24 19:12:00,118174.43,118177.55,118151.71,118159.33,360,63,0
2026.03.24 19:06:00,118212.57,118218.45,118172.57,118174.40,360,63,0
2026.03.24 19:00:00,118251.26,118253.72,118205.07,118212.54,360,63,0
2026.03.24 18:54:00,118268.44,118274.68,118246.73,118251.23,360,63,0
2026.03.24 18:48:00,118257.64,118268.41,118257.64,118268.41,360,63,0
2026.03.24 18:42:00,118275.25,118283.89,118255.51,118257.61,360,63,0
2026.03.24 18:36:00,118290.52,118301.05,118275.01,118275.22,360,63,0
2026.03.24 18:30:00,118279.72,118290.49,118279.72,118290.49,360,63,0
2026.03.24 18:24:00,118300.53,118303.29,118271.71,118279.69,360,63,0
2026.03.24 18:18:00,118289.73,118300.50,118289.73,118300.50,360,63,0
2026.03.24 18:12:00,118278.93,118289.70,118278.93,118289.70,360,63,0
2026.03.24 18:06:00,118268.13,118278.90,118268.13,118278.90,360,63,0
2026.03.24 18:00:00,118257.33,118268.10,118257.33,118268.10,360,63,0
2026.03.24 17:54:00,118246.53,118257.30,118246.53,118257.30,360,63,0
2026.03.24 17:48:00,118235.73,118246.50,118235.73,118246.50,360,63,0
2026.03.24 17:42:00,118224.93,118235.70,118224.93,118235.70,360,63,0
2026.03.24 17:36:00,118214.13,118224.90,118214.13,118224.90,360,63,0
2026.03.24 17:30:00,118203.33,118214.10,118203.33,118214.10,360,63,0
2026.03.24 17:24:00,118192.53,118203.30,118192.53,118203.30,360,63,0
2026.03.24 17:18:00,118233.04,118239.10,118187.82,118192.50,360,63,0
2026.03.24 17:12:00,118222.24,118233.01,118222.24,118233.01,360,63,0
2026.03.24 17:06:00,118227.25,118232.14,118216.36,118222.21,360,63,0
2026.03.24 17:00:00,118216.45,118227.22,118216.45,118227.22,360,63,0
2026.03.24 16:54:00,118205.65,118216.42,118205.65,118216.42,360,63,0
2026.03.24 16:48:00,118232.94,118243.20,118205.14,118205.62,360,63,0
2026.03.24 16:42:00,118222.14,118232.91,118222.14,118232.91,360,63,0
2026.03.24 16:36:00,118211.34,118222.11,118211.34,118222.11,360,63,0
2026.03.24 16:30:00,118200.54,118211.31,118200.54,118211.31,360,63,0
2026.03.24 16:24:00,118189.74,118200.51,118189.74,118200.51,360,63,0
2026.03.24 16:18:00,118178.94,118189.71,118178.94,118189.71,360,63,0
2026.03.24 16:12:00,118196.43,118203.81,118175.55,118178.91,360,63,0
2026.03.24 16:06:00,118204.92,118208.73,118189.47,118196.40,360,63,0
2026.03.24 16:00:00,118242.95,118248.29,118199.49,118204.89,360,63,0
2026.03.24 15:54:00,118232.15,118242.92,118232.15,118242.92,360,63,0
2026.03.24 15:48:00,118221.35,118232.12,118221.35,118232.12,360,63,0
2026.03.24 15:42:00,118244.82,118251.42,118217.18,118221.32,360,63,0
2026.03.24 15:36:00,118234.02,118244.79,118234.02,118244.79,360,63,0
2026.03.24 15:30:00,118223.22,118233.99,118223.22,118233.99,360,63,0
2026.03.24 15:24:00,118212.42,118223.19,118212.42,118223.19,360,63,0
2026.03.24 15:18:00,118201.62,118212.39,118201.62,118212.39,360,63,0
2026.03.24 15:12:00,118225.30,118228.78,118198.86,118201.59,360,63,0
2026.03.24 15:06:00,118214.50,118225.27,118214.50,118225.27,360,63,0
2026.03.24 15:00:00,118233.12,118240.53,118211.14,118214.47,360,63,0
2026.03.24 14:54:00,118222.32,118233.09,118222.32,118233.09,360,63,0
2026.03.24 14:48:00,118227.97,118236.55,118220.13,118222.29,360,63,0
2026.03.24 14:42:00,118217.17,118227.94,118217.17,118227.94,360,63,0
2026.03.24 14:36:00,118206.37,118217.14,118206.37,118217.14,360,63,0
2026.03.24 14:30:00,118195.57,118206.34,118195.57,118206.34,360,63,0
2026.03.24 14:24:00,118225.19,118228.19,118187.80,118195.54,360,63,0
2026.03.24 14:18:00,118227.13,118236.88,118224.17,118225.16,360,63,0
2026.03.24 14:12:00,118216.33,118227.10,118216.33,118227.10,360,63,0
2026.03.24 14:06:00,118235.08,118245.49,118215.97,118216.30,360,63,0
2026.03.24 14:00:00,118224.28,118235.05,118224.28,118235.05,360,63,0
2026.03.24 13:54:00,118254.29,118256.60,118215.82,118224.25,360,63,0
2026.03.24 13:48:00,118292.60,118293.86,118250.09,118254.26,360,63,0
2026.03.24 13:42:00,118281.80,118292.57,118281.80,118292.57,360,63,0
2026.03.24 13:36:00,118271.00,118281.77,118271.00,118281.77,360,63,0
2026.03.24 13:30:00,118260.20,118270.97,118260.20,118270.97,360,63,0
2026.03.24 13:24:00,118262.40,118266.90,118253.93,118260.17,360,63,0
2026.03.24 13:18:00,118284.59,118294.37,118261.41,118262.37,360,63,0
2026.03.24 13:12:00,118273.79,118284.56,118273.79,118284.56,360,63,0
2026.03.24 13:06:00,118277.06,118280.63,118266.59,118273.76,360,63,0
2026.03.24 13:00:00,118278.54,118287.78,118275.53,118277.03,360,63,0
2026.03.24 12:54:00,118267.74,118278.51,118267.74,118278.51,360,63,0
2026.03.24 12:48:00,118279.38,118280.22,118257.81,118267.71,360,63,0
2026.03.24 12:42:00,118268.58,118279.35,118268.58,118279.35,360,63,0
2026.03.24 12:36:00,118257.78,118268.55,118257.78,118268.55,360,63,0
2026.03.24 12:30:00,118246.98,118257.75,118246.98,118257.75,360,63,0
2026.03.24 12:24:00,118236.18,118246.95,118236.18,118246.95,360,63,0
2026.03.24 12:18:00,118225.38,118236.15,118225.38,118236.15,360,63,0
2026.03.24 12:12:00,118246.45,118248.16,118216.32,118225.35,360,63,0
2026.03.24 12:06:00,118235.65,118246.42,118235.65,118246.42,360,63,0
2026.03.24 12:00:00,118261.81,118262.14,118225.21,118235.62,360,63,0
2026.03.24 11:54:00,118251.01,118261.78,118251.01,118261.78,360,63,0
2026.03.24 11:48:00,118240.21,118250.98,118240.21,118250.98,360,63,0
2026.03.24 11:42:00,118229.41,118240.18,118229.41,118240.18,360,63,0
2026.03.24 11:36:00,118256.48,118259.00,118221.16,118229.38,360,63,0
2026.03.24 11:30:00,118268.69,118278.98,118256.00,118256.45,360,63,0
2026.03.24 11:24:00,118257.89,118268.66,118257.89,118268.66,360,63,0
2026.03.24 11:18:00,118278.96,118281.96,118250.12,118257.86,360,63,0
2026.03.24 11:12:00,118268.16,118278.93,118268.16,118278.93,360,63,0
2026.03.24 11:06:00,118257.36,118268.13,118257.36,118268.13,360,63,0
2026.03.24 11:00:00,118246.56,118257.33,118246.56,118257.33,360,63,0
2026.03.24 10:54:00,118235.76,118246.53,118235.76,118246.53,360,63,0
2026.03.24 10:48:00,118224.96,118235.73,118224.96,118235.73,360,63,0
2026.03.24 10:42:00,118214.16,118224.93,118214.16,118224.93,360,63,0
2026.03.24 10:36:00,118203.36,118214.13,118203.36,118214.13,360,63,0
2026.03.24 10:30:00,118192.56,118203.33,118192.56,118203.33,360,63,0
2026.03.24 10:24:00,118181.76,118192.53,118181.76,118192.53,360,63,0
2026.03.24 10:18:00,118183.81,118186.15,118173.33,118181.73,360,63,0
2026.03.24 10:12:00,118173.01,118183.78,118173.01,118183.78,360,63,0
2026.03.24 10:06:00,118205.22,118215.72,118172.74,118172.98,360,63,0
2026.03.24 10:00:00,118194.42,118205.19,118194.42,118205.19,360,63,0
2026.03.24 09:54:00,118183.62,118194.39,118183.62,118194.39,360,63,0
2026.03.24 09:48:00,118202.18,118207.01,118177.68,118183.59,360,63,0
2026.03.24 09:42:00,118222.74,118225.05,118193.72,118202.15,360,63,0
2026.03.24 09:36:00,118224.41,118227.77,118215.33,118222.71,360,63,0
2026.03.24 09:30:00,118213.61,118224.38,118213.61,118224.38,360,63,0
2026.03.24 09:24:00,118232.09,118233.65,118207.94,118213.58,360,63,0
2026.03.24 09:18:00,118221.29,118232.06,118221.29,118232.06,360,63,0
2026.03.24 09:12:00,118210.49,118221.26,118210.49,118221.26,360,63,0
2026.03.24 09:06:00,118199.69,118210.46,118199.69,118210.46,360,63,0
2026.03.24 09:00:00,118188.89,118199.66,118188.89,118199.66,360,63,0
2026.03.24 08:54:00,118218.60,118221.21,118186.49,118188.86,360,63,0
2026.03.24 08:48:00,118224.48,118229.01,118212.36,118218.57,360,63,0
2026.03.24 08:42:00,118213.68,118224.45,118213.68,118224.45,360,63,0
2026.03.24 08:36:00,118202.88,118213.65,118202.88,118213.65,360,63,0
2026.03.24 08:30:00,118192.08,118202.85,118192.08,118202.85,360,63,0
2026.03.24 08:24:00,118181.28,118192.05,118181.28,118192.05,360,63,0
2026.03.24 08:18:00,118170.48,118181.25,118170.48,118181.25,360,63,0
2026.03.24 08:12:00,118159.68,118170.45,118159.68,118170.45,360,63,0
2026.03.24 08:06:00,118182.13,118185.88,118152.66,118159.65,360,63,0
2026.03.24 08:00:00,118171.33,118182.10,118171.33,118182.10,360,63,0
2026.03.24 07:54:00,118160.53,118171.30,118160.53,118171.30,360,63,0
2026.03.24 07:48:00,118162.49,118171.85,118159.12,118160.50,360,63,0
2026.03.24 07:42:00,118190.82,118192.05,118152.95,118162.46,360,63,0
2026.03.24 07:36:00,118180.02,118190.79,118180.02,118190.79,360,63,0
2026.03.24 07:30:00,118256.71,118261.81,118179.06,118179.99,360,63,0
2026.03.24 07:24:00,118265.37,118266.54,118247.11,118256.68,360,63,0
2026.03.24 07:18:00,118273.88,118279.88,118260.60,118265.34,360,63,0
2026.03.24 07:12:00,118263.08,118273.85,118263.08,118273.85,360,63,0
2026.03.24 07:06:00,118252.28,118263.05,118252.28,118263.05,360,63,0
2026.03.24 07:00:00,118241.48,118252.25,118241.48,118252.25,360,63,0
2026.03.24 06:54:00,118246.75,118256.41,118240.37,118241.45,360,63,0
2026.03.24 06:48:00,118248.26,118255.43,118243.15,118246.72,360,63,0
2026.03.24 06:42:00,118237.46,118248.23,118237.46,118248.23,360,63,0
2026.03.24 06:36:00,118226.66,118237.43,118226.66,118237.43,360,63,0
2026.03.24 06:30:00,118215.86,118226.63,118215.86,118226.63,360,63,0
2026.03.24 06:24:00,118205.06,118215.83,118205.06,118215.83,360,63,0
2026.03.24 06:18:00,118224.63,118233.30,118202.96,118205.03,360,63,0
2026.03.24 06:12:00,118213.83,118224.60,118213.83,118224.60,360,63,0
2026.03.24 06:06:00,118203.03,118213.80,118203.03,118213.80,360,63,0
2026.03.24 06:00:00,118209.74,118217.87,118200.39,118203.00,360,63,0
2026.03.24 05:54:00,118198.94,118209.71,118198.94,118209.71,360,63,0
2026.03.24 05:48:00,118188.14,118198.91,118188.14,118198.91,360,63,0
2026.03.24 05:42:00,118177.34,118188.11,118177.34,118188.11,360,63,0
2026.03.24 05:36:00,118166.54,118177.31,118166.54,118177.31,360,63,0
2026.03.24 05:30:00,118155.74,118166.51,118155.74,118166.51,360,63,0
2026.03.24 05:24:00,118174.13,118183.97,118154.81,118155.71,360,63,0
2026.03.24 05:18:00,118163.33,118174.10,118163.33,118174.10,360,63,0
2026.03.24 05:12:00,118152.53,118163.30,118152.53,118163.30,360,63,0
2026.03.24 05:06:00,118141.73,118152.50,118141.73,118152.50,360,63,0
2026.03.24 05:00:00,118130.93,118141.70,118130.93,118141.70,360,63,0
2026.03.24 04:54:00,118120.13,118130.90,118120.13,118130.90,360,63,0
2026.03.24 04:48:00,118109.33,118120.10,118109.33,118120.10,360,63,0
2026.03.24 04:42:00,118098.53,118109.30,118098.53,118109.30,360,63,0
2026.03.24 04:36:00,118087.73,118098.50,118087.73,118098.50,360,63,0
2026.03.24 04:30:00,118076.93,118087.70,118076.93,118087.70,360,63,0
2026.03.24 04:24:00,118066.13,118076.90,118066.13,118076.90,360,63,0
2026.03.24 04:18:00,118087.87,118091.47,118058.96,118066.10,360,63,0
2026.03.24 04:12:00,118077.07,118087.84,118077.07,118087.84,360,63,0
2026.03.24 04:06:00,118066.27,118077.04,118066.27,118077.04,360,63,0
2026.03.24 04:00:00,118055.47,118066.24,118055.47,118066.24,360,63,0
2026.03.24 03:54:00,118044.67,118055.44,118044.67,118055.44,360,63,0
2026.03.24 03:48:00,118065.04,118070.05,118038.91,118044.64,360,63,0
2026.03.24 03:42:00,118054.24,118065.01,118054.24,118065.01,360,63,0
2026.03.24 03:36:00,118043.44,118054.21,118043.44,118054.21,360,63,0
2026.03.24 03:30:00,118032.64,118043.41,118032.64,118043.41,360,63,0
2026.03.24 03:24:00,118021.84,118032.61,118021.84,118032.61,360,63,0
2026.03.24 03:18:00,118037.31,118045.29,118019.05,118021.81,360,63,0
2026.03.24 03:12:00,118071.37,118081.54,118036.71,118037.28,360,63,0
2026.03.24 03:06:00,118060.57,118071.34,118060.57,118071.34,360,63,0
2026.03.24 03:00:00,118049.77,118060.54,118049.77,118060.54,360,63,0
2026.03.24 02:54:00,118051.62,118059.24,118046.62,118049.74,360,63,0
2026.03.24 02:48:00,118076.53,118083.85,118048.17,118051.59,360,63,0
2026.03.24 02:42:00,118065.73,118076.50,118065.73,118076.50,360,63,0
2026.03.24 02:36:00,118054.93,118065.70,118054.93,118065.70,360,63,0
2026.03.24 02:30:00,118044.13,118054.90,118044.13,118054.90,360,63,0
2026.03.24 02:24:00,118091.16,118092.51,118041.52,118044.10,360,63,0
2026.03.24 02:18:00,118080.36,118091.13,118080.36,118091.13,360,63,0
2026.03.24 02:12:00,118069.56,118080.33,118069.56,118080.33,360,63,0
2026.03.24 02:06:00,118058.76,118069.53,118058.76,118069.53,360,63,0
2026.03.24 02:00:00,118102.53,118107.48,118054.50,118058.73,360,63,0
2026.03.24 01:54:00,118091.73,118102.50,118091.73,118102.50,360,63,0
2026.03.24 01:48:00,118080.93,118091.70,118080.93,118091.70,360,63,0
2026.03.24 01:42:00,118070.13,118080.90,118070.13,118080.90,360,63,0
2026.03.24 01:36:00,118059.33,118070.10,118059.33,118070.10,360,63,0
2026.03.24 01:30:00,118077.58,118079.23,118057.89,118059.30,360,63,0
2026.03.24 01:24:00,118066.78,118077.55,118066.78,118077.55,360,63,0
2026.03.24 01:18:00,118096.69,118098.91,118061.50,118066.75,360,63,0
2026.03.24 01:12:00,118085.89,118096.66,118085.89,118096.66,360,63,0
2026.03.24 01:06:00,118090.41,118099.95,118084.66,118085.86,360,63,0
2026.03.24 01:00:00,118079.61,118090.38,118079.61,118090.38,360,63,0
2026.03.24 00:54:00,118068.81,118079.58,118068.81,118079.58,360,63,0
2026.03.24 00:48:00,118058.01,118068.78,118058.01,118068.78,360,63,0
2026.03.24 00:42:00,118078.80,118081.14,118049.58,118057.98,360,63,0
2026.03.24 00:36:00,118087.23,118089.90,118070.70,118078.77,360,63,0
2026.03.24 00:30:00,118076.43,118087.20,118076.43,118087.20,360,63,0
2026.03.24 00:24:00,118065.63,118076.40,118065.63,118076.40,360,63,0
2026.03.24 00:18:00,118054.83,118065.60,118054.83,118065.60,360,63,0
2026.03.24 00:12:00,118044.03,118054.80,118044.03,118054.80,360,63,0
2026.03.24 00:06:00,118033.23,118044.00,118033.23,118044.00,360,63,0
2026.03.24 00:00:00,118022.43,118033.20,118022.43,118033.20,360,63,0
2026.03.23 23:54:00,118011.63,118022.40,118011.63,118022.40,360,63,0
2026.03.23 23:48:00,118032.75,118039.89,118008.00,118011.60,360,63,0
2026.03.23 23:42:00,118021.95,118032.72,118021.95,118032.72,360,63,0
2026.03.23 23:36:00,118011.15,118021.92,118011.15,118021.92,360,63,0
2026.03.23 23:30:00,118000.35,118011.12,118000.35,118011.12,360,63,0
2026.03.23 23:24:00,117989.55,118000.32,117989.55,118000.32,360,63,0
2026.03.23 23:18:00,117978.75,117989.52,117978.75,117989.52,360,63,0
2026.03.23 23:12:00,117967.95,117978.72,117967.95,117978.72,360,63,0
2026.03.23 23:06:00,117957.15,117967.92,117957.15,117967.92,360,63,0
2026.03.23 23:00:00,117946.35,117957.12,117946.35,117957.12,360,63,0
2026.03.23 22:54:00,117935.55,117946.32,117935.55,117946.32,360,63,0
2026.03.23 22:48:00,117957.67,117963.55,117930.66,117935.52,360,63,0
2026.03.23 22:42:00,117946.87,117957.64,117946.87,117957.64,360,63,0
2026.03.23 22:36:00,117936.07,117946.84,117936.07,117946.84,360,63,0
2026.03.23 22:30:00,117925.27,117936.04,117925.27,117936.04,360,63,0
2026.03.23 22:24:00,117914.47,117925.24,117914.47,117925.24,360,63,0
2026.03.23 22:18:00,117945.51,117946.86,117911.08,117914.44,360,63,0
2026.03.23 22:12:00,117934.71,117945.48,117934.71,117945.48,360,63,0
2026.03.23 22:06:00,117923.91,117934.68,117923.91,117934.68,360,63,0
2026.03.23 22:00:00,117913.11,117923.88,117913.11,117923.88,360,63,0
2026.03.23 21:54:00,117948.57,117955.50,117909.63,117913.08,360,63,0
2026.03.23 21:48:00,117937.77,117948.54,117937.77,117948.54,360,63,0
2026.03.23 21:42:00,117980.03,117984.92,117934.83,117937.74,360,63,0
2026.03.23 21:36:00,117969.23,117980.00,117969.23,117980.00,360,63,0
2026.03.23 21:30:00,117958.43,117969.20,117958.43,117969.20,360,63,0
2026.03.23 21:24:00,117947.63,117958.40,117947.63,117958.40,360,63,0
2026.03.23 21:18:00,117936.83,117947.60,117936.83,117947.60,360,63,0
2026.03.23 21:12:00,117926.03,117936.80,117926.03,117936.80,360,63,0
2026.03.23 21:06:00,117915.23,117926.00,117915.23,117926.00,360,63,0
2026.03.23 21:00:00,117927.58,117934.75,117911.63,117915.20,360,63,0
2026.03.23 20:54:00,117916.78,117927.55,117916.78,117927.55,360,63,0
2026.03.23 20:48:00,117905.98,117916.75,117905.98,117916.75,360,63,0
2026.03.23 20:42:00,117930.54,117932.82,117905.08,117905.95,360,63,0
2026.03.23 20:36:00,117954.69,117965.46,117954.69,117965.46,360,63,0
2026.03.23 20:30:00,117943.89,117954.66,117943.89,117954.66,360,63,0
2026.03.23 20:24:00,117947.71,117953.53,117938.94,117943.86,360,63,0
2026.03.23 20:18:00,117936.91,117947.68,117936.91,117947.68,360,63,0
2026.03.23 20:12:00,117926.11,117936.88,117926.11,117936.88,360,63,0
2026.03.23 20:06:00,117915.31,117926.08,117915.31,117926.08,360,63,0
2026.03.23 20:00:00,117904.51,117915.28,117904.51,117915.28,360,63,0
2026.03.23 19:54:00,117916.26,117916.98,117894.46,117904.48,360,63,0
2026.03.23 19:48:00,117925.48,117928.63,117908.64,117916.23,360,63,0
2026.03.23 19:42:00,117939.80,117949.19,117924.10,117925.45,360,63,0
2026.03.23 19:36:00,117952.02,117961.02,117938.03,117939.77,360,63,0
2026.03.23 19:30:00,117941.22,117951.99,117941.22,117951.99,360,63,0
2026.03.23 19:24:00,117930.42,117941.19,117930.42,117941.19,360,63,0
2026.03.23 19:18:00,117951.69,117959.73,117927.69,117930.39,360,63,0
2026.03.23 19:12:00,117940.89,117951.66,117940.89,117951.66,360,63,0
2026.03.23 19:06:00,117930.09,117940.86,117930.09,117940.86,360,63,0
2026.03.23 19:00:00,117952.08,117957.36,117924.60,117930.06,360,63,0
2026.03.23 18:54:00,117941.28,117952.05,117941.28,117952.05,360,63,0
2026.03.23 18:48:00,117969.65,117975.44,117939.60,117941.25,360,63,0
2026.03.23 18:42:00,117958.85,117969.62,117958.85,117969.62,360,63,0
2026.03.23 18:36:00,117948.05,117958.82,117948.05,117958.82,360,63,0
2026.03.23 18:30:00,117984.17,117987.50,117943.25,117948.02,360,63,0
2026.03.23 18:24:00,117973.37,117984.14,117973.37,117984.14,360,63,0
2026.03.23 18:18:00,117962.57,117973.34,117962.57,117973.34,360,63,0
2026.03.23 18:12:00,117951.77,117962.54,117951.77,117962.54,360,63,0
2026.03.23 18:06:00,117940.97,117951.74,117940.97,117951.74,360,63,0
2026.03.23 18:00:00,117930.17,117940.94,117930.17,117940.94,360,63,0
2026.03.23 17:54:00,117919.37,117930.14,117919.37,117930.14,360,63,0
2026.03.23 17:48:00,117908.57,117919.34,117908.57,117919.34,360,63,0
2026.03.23 17:42:00,117897.77,117908.54,117897.77,117908.54,360,63,0
2026.03.23 17:36:00,117886.97,117897.74,117886.97,117897.74,360,63,0
2026.03.23 17:30:00,117906.07,117912.37,117882.50,117886.94,360,63,0
2026.03.23 17:24:00,117895.27,117906.04,117895.27,117906.04,360,63,0
2026.03.23 17:18:00,117897.48,117907.47,117894.49,117895.24,360,63,0
2026.03.23 17:12:00,117886.68,117897.45,117886.68,117897.45,360,63,0
2026.03.23 17:06:00,117875.88,117886.65,117875.88,117886.65,360,63,0
2026.03.23 17:00:00,117878.96,117887.21,117873.36,117875.85,360,63,0
2026.03.23 16:54:00,117904.63,117911.98,117878.90,117878.93,360,63,0
2026.03.23 16:48:00,117893.83,117904.60,117893.83,117904.60,360,63,0
2026.03.23 16:42:00,117883.03,117893.80,117883.03,117893.80,360,63,0
2026.03.23 16:36:00,117939.66,117944.28,117877.96,117883.00,360,63,0
2026.03.23 16:30:00,117928.86,117939.63,117928.86,117939.63,360,63,0
2026.03.23 16:24:00,117918.06,117928.83,117918.06,117928.83,360,63,0
2026.03.23 16:18:00,117907.26,117918.03,117907.26,117918.03,360,63,0
2026.03.23 16:12:00,117896.46,117907.23,117896.46,117907.23,360,63,0
2026.03.23 16:06:00,117885.66,117896.43,117885.66,117896.43,360,63,0
2026.03.23 16:00:00,117874.86,117885.63,117874.86,117885.63,360,63,0
2026.03.23 15:54:00,117864.06,117874.83,117864.06,117874.83,360,63,0
2026.03.23 15:48:00,117853.26,117864.03,117853.26,117864.03,360,63,0
2026.03.23 15:42:00,117842.46,117853.23,117842.46,117853.23,360,63,0
2026.03.23 15:36:00,117849.52,117852.04,117834.21,117842.43,360,63,0
2026.03.23 15:30:00,117838.72,117849.49,117838.72,117849.49,360,63,0
2026.03.23 15:24:00,117827.92,117838.69,117827.92,117838.69,360,63,0
2026.03.23 15:18:00,117843.89,117846.62,117819.88,117827.89,360,63,0
2026.03.23 15:12:00,117882.87,117888.81,117841.64,117843.86,360,63,0
2026.03.23 15:06:00,117872.07,117882.84,117872.07,117882.84,360,63,0
2026.03.23 15:00:00,117861.27,117872.04,117861.27,117872.04,360,63,0
2026.03.23 14:54:00,117850.47,117861.24,117850.47,117861.24,360,63,0
2026.03.23 14:48:00,117839.67,117850.44,117839.67,117850.44,360,63,0
2026.03.23 14:42:00,117828.87,117839.64,117828.87,117839.64,360,63,0
2026.03.23 14:36:00,117818.07,117828.84,117818.07,117828.84,360,63,0
2026.03.23 14:30:00,117807.27,117818.04,117807.27,117818.04,360,63,0
2026.03.23 14:24:00,117796.47,117807.24,117796.47,117807.24,360,63,0
2026.03.23 14:18:00,117808.60,117819.19,117796.29,117796.44,360,63,0
2026.03.23 14:12:00,117823.88,117831.29,117805.24,117808.57,360,63,0
2026.03.23 14:06:00,117813.08,117823.85,117813.08,117823.85,360,63,0
2026.03.23 14:00:00,117837.81,117839.85,117804.35,117813.05,360,63,0
2026.03.23 13:54:00,117827.01,117837.78,117827.01,117837.78,360,63,0
2026.03.23 13:48:00,117858.32,117866.54,117826.23,117826.98,360,63,0
2026.03.23 13:42:00,117847.52,117858.29,117847.52,117858.29,360,63,0
2026.03.23 13:36:00,117836.72,117847.49,117836.72,117847.49,360,63,0
2026.03.23 13:30:00,117825.92,117836.69,117825.92,117836.69,360,63,0
2026.03.23 13:24:00,117815.12,117825.89,117815.12,117825.89,360,63,0
2026.03.23 13:18:00,117804.32,117815.09,117804.32,117815.09,360,63,0
2026.03.23 13:12:00,117817.57,117826.54,117802.52,117804.29,360,63,0
2026.03.23 13:06:00,117830.62,117837.97,117814.15,117817.54,360,63,0
2026.03.23 13:00:00,117819.82,117830.59,117819.82,117830.59,360,63,0
2026.03.23 12:54:00,117809.02,117819.79,117809.02,117819.79,360,63,0
2026.03.23 12:48:00,117798.22,117808.99,117798.22,117808.99,360,63,0
2026.03.23 12:42:00,117787.42,117798.19,117787.42,117798.19,360,63,0
2026.03.23 12:36:00,117802.06,117812.56,117787.15,117787.39,360,63,0
2026.03.23 12:30:00,117813.21,117819.18,117797.26,117802.03,360,63,0
2026.03.23 12:24:00,117802.41,117813.18,117802.41,117813.18,360,63,0
2026.03.23 12:18:00,117824.80,117829.06,117795.90,117802.38,360,63,0
2026.03.23 12:12:00,117814.00,117824.77,117814.00,117824.77,360,63,0
2026.03.23 12:06:00,117803.20,117813.97,117803.20,117813.97,360,63,0
2026.03.23 12:00:00,117792.40,117803.17,117792.40,117803.17,360,63,0
2026.03.23 11:54:00,117781.60,117792.37,117781.60,117792.37,360,63,0
2026.03.23 11:48:00,117800.34,117809.25,117779.74,117781.57,360,63,0
2026.03.23 11:42:00,117821.82,117822.78,117790.53,117800.31,360,63,0
2026.03.23 11:36:00,117811.02,117821.79,117811.02,117821.79,360,63,0
2026.03.23 11:30:00,117822.17,117823.04,117801.12,117810.99,360,63,0
2026.03.23 11:24:00,117811.37,117822.14,117811.37,117822.14,360,63,0
2026.03.23 11:18:00,117800.57,117811.34,117800.57,117811.34,360,63,0
2026.03.23 11:12:00,117789.77,117800.54,117789.77,117800.54,360,63,0
2026.03.23 11:06:00,117811.31,117818.93,117786.62,117789.74,360,63,0
2026.03.23 11:00:00,117834.68,117836.36,117802.22,117811.28,360,63,0
2026.03.23 10:54:00,117823.88,117834.65,117823.88,117834.65,360,63,0
2026.03.23 10:48:00,117813.08,117823.85,117813.08,117823.85,360,63,0
2026.03.23 10:42:00,117802.28,117813.05,117802.28,117813.05,360,63,0
2026.03.23 10:36:00,117791.48,117802.25,117791.48,117802.25,360,63,0
2026.03.23 10:30:00,117780.68,117791.45,117780.68,117791.45,360,63,0
2026.03.23 10:24:00,117769.88,117780.65,117769.88,117780.65,360,63,0
2026.03.23 10:18:00,117759.08,117769.85,117759.08,117769.85,360,63,0
2026.03.23 10:12:00,117783.84,117790.41,117754.88,117759.05,360,63,0
2026.03.23 10:06:00,117773.04,117783.81,117773.04,117783.81,360,63,0
2026.03.23 10:00:00,117762.24,117773.01,117762.24,117773.01,360,63,0
2026.03.23 09:54:00,117780.86,117790.13,117760.74,117762.21,360,63,0
2026.03.23 09:48:00,117770.06,117780.83,117770.06,117780.83,360,63,0
2026.03.23 09:42:00,117759.26,117770.03,117759.26,117770.03,360,63,0
2026.03.23 09:36:00,117765.54,117772.92,117755.87,117759.23,360,63,0
2026.03.23 09:30:00,117754.74,117765.51,117754.74,117765.51,360,63,0
2026.03.23 09:24:00,117743.94,117754.71,117743.94,117754.71,360,63,0
2026.03.23 09:18:00,117733.14,117743.91,117733.14,117743.91,360,63,0
2026.03.23 09:12:00,117722.34,117733.11,117722.34,117733.11,360,63,0
2026.03.23 09:06:00,117711.54,117722.31,117711.54,117722.31,360,63,0
2026.03.23 09:00:00,117732.04,117737.53,117708.60,117711.51,360,63,0
2026.03.23 08:54:00,117739.94,117749.60,117730.93,117732.01,360,63,0
2026.03.23 08:48:00,117746.90,117747.26,117729.53,117739.91,360,63,0
2026.03.23 08:42:00,117736.10,117746.87,117736.10,117746.87,360,63,0
2026.03.23 08:36:00,117737.44,117742.75,117730.64,117736.07,360,63,0
2026.03.23 08:30:00,117757.26,117762.00,117731.41,117737.41,360,63,0
2026.03.23 08:24:00,117746.46,117757.23,117746.46,117757.23,360,63,0
2026.03.23 08:18:00,117735.66,117746.43,117735.66,117746.43,360,63,0
2026.03.23 08:12:00,117724.86,117735.63,117724.86,117735.63,360,63,0
2026.03.23 08:06:00,117714.06,117724.83,117714.06,117724.83,360,63,0
2026.03.23 08:00:00,117703.26,117714.03,117703.26,117714.03,360,63,0
2026.03.23 07:54:00,117713.86,117715.36,117693.99,117703.23,360,63,0
2026.03.23 07:48:00,117703.06,117713.83,117703.06,117713.83,360,63,0
2026.03.23 07:42:00,117692.26,117703.03,117692.26,117703.03,360,63,0
2026.03.23 07:36:00,117681.46,117692.23,117681.46,117692.23,360,63,0
2026.03.23 07:30:00,117670.66,117681.43,117670.66,117681.43,360,63,0
2026.03.23 07:24:00,117659.86,117670.63,117659.86,117670.63,360,63,0
2026.03.23 07:18:00,117649.06,117659.83,117649.06,117659.83,360,63,0
2026.03.23 07:12:00,117694.37,117696.80,117642.13,117649.03,360,63,0
2026.03.23 07:06:00,117719.80,117720.43,117684.23,117694.34,360,63,0
2026.03.23 07:00:00,117709.00,117719.77,117709.00,117719.77,360,63,0
2026.03.23 06:54:00,117726.74,117734.03,117705.52,117708.97,360,63,0
2026.03.23 06:48:00,117715.94,117726.71,117715.94,117726.71,360,63,0
2026.03.23 06:42:00,117718.45,117726.73,117713.45,117715.91,360,63,0
2026.03.23 06:36:00,117731.87,117740.03,117715.84,117718.42,360,63,0
2026.03.23 06:30:00,117738.95,117748.34,117730.49,117731.84,360,63,0
2026.03.23 06:24:00,117728.15,117738.92,117728.15,117738.92,360,63,0
2026.03.23 06:18:00,117768.71,117775.52,117725.36,117728.12,360,63,0
2026.03.23 06:12:00,117757.88,117768.68,117757.88,117768.68,361,63,0
2026.03.23 06:06:00,117747.11,117757.85,117747.11,117757.85,359,63,0
2026.03.23 06:00:00,117736.31,117747.08,117736.31,117747.08,360,63,0
2026.03.23 05:54:00,117725.51,117736.28,117725.51,117736.28,360,63,0
2026.03.23 05:48:00,117733.25,117739.58,117721.07,117725.48,360,63,0
2026.03.23 05:42:00,117722.42,117733.22,117722.42,117733.22,361,63,0
2026.03.23 05:36:00,117711.65,117722.39,117711.65,117722.39,359,63,0
2026.03.23 05:30:00,117700.85,117711.62,117700.85,117711.62,360,63,0
2026.03.23 05:24:00,117709.01,117717.65,117698.69,117700.82,361,63,0
2026.03.23 05:18:00,117698.24,117708.98,117698.24,117708.98,359,63,0
2026.03.23 05:12:00,117687.41,117698.21,117687.41,117698.21,361,63,0
2026.03.23 05:06:00,117676.61,117687.38,117676.61,117687.38,360,63,0
2026.03.23 05:00:00,117702.32,117710.42,117676.22,117676.58,359,63,0
2026.03.23 04:54:00,117691.49,117702.29,117691.49,117702.29,361,63,0
2026.03.23 04:48:00,117680.69,117691.46,117680.69,117691.46,360,63,0
2026.03.23 04:42:00,117683.99,117686.81,117672.74,117680.66,360,63,0
2026.03.23 04:36:00,117696.90,117697.89,117674.21,117683.96,360,63,0
2026.03.23 04:30:00,117702.57,117706.11,117689.67,117696.87,360,63,0
2026.03.23 04:24:00,117691.77,117702.54,117691.77,117702.54,360,63,0
2026.03.23 04:18:00,117699.56,117706.94,117688.38,117691.74,360,63,0
2026.03.23 04:12:00,117712.91,117716.12,117692.00,117699.53,360,63,0
2026.03.23 04:06:00,117702.11,117712.88,117702.11,117712.88,360,63,0
2026.03.23 04:00:00,117691.31,117702.08,117691.31,117702.08,360,63,0
2026.03.23 03:54:00,117722.23,117724.78,117685.25,117691.28,360,63,0
2026.03.23 03:48:00,117730.26,117735.15,117716.35,117722.20,360,63,0
2026.03.23 03:42:00,117734.23,117741.16,117726.42,117730.23,360,63,0
2026.03.23 03:36:00,117746.72,117751.76,117728.50,117734.20,360,63,0
2026.03.23 03:30:00,117735.92,117746.69,117735.92,117746.69,360,63,0
2026.03.23 03:24:00,117725.12,117735.89,117725.12,117735.89,360,63,0
2026.03.23 03:18:00,117714.32,117725.09,117714.32,117725.09,360,63,0
2026.03.23 03:12:00,117741.48,117749.46,117711.53,117714.29,360,63,0
2026.03.23 03:06:00,117730.68,117741.45,117730.68,117741.45,360,63,0
2026.03.23 03:00:00,117719.88,117730.65,117719.88,117730.65,360,63,0
2026.03.23 02:54:00,117722.66,117726.86,117713.31,117719.85,360,63,0
2026.03.23 02:48:00,117745.70,117746.84,117713.03,117722.63,360,63,0
2026.03.23 02:42:00,117734.90,117745.67,117734.90,117745.67,360,63,0
2026.03.23 02:36:00,117745.35,117750.93,117729.71,117734.87,360,63,0
2026.03.23 02:30:00,117734.55,117745.32,117734.55,117745.32,360,63,0
2026.03.23 02:24:00,117723.75,117734.52,117723.75,117734.52,360,63,0
2026.03.23 02:18:00,117712.95,117723.72,117712.95,117723.72,360,63,0
2026.03.23 02:12:00,117702.15,117712.92,117702.15,117712.92,360,63,0
2026.03.23 02:06:00,117691.35,117702.12,117691.35,117702.12,360,63,0
2026.03.23 02:00:00,117680.55,117691.32,117680.55,117691.32,360,63,0
2026.03.23 01:54:00,117669.75,117680.52,117669.75,117680.52,360,63,0
2026.03.23 01:48:00,117658.95,117669.72,117658.95,117669.72,360,63,0
2026.03.23 01:42:00,117661.26,117664.05,117650.97,117658.92,360,63,0
2026.03.23 01:36:00,117650.46,117661.23,117650.46,117661.23,360,63,0
2026.03.23 01:30:00,117663.97,117666.67,117642.39,117650.43,360,63,0
2026.03.23 01:24:00,117675.38,117684.68,117662.50,117663.94,360,63,0
2026.03.23 01:18:00,117664.58,117675.35,117664.58,117675.35,360,63,0
2026.03.23 01:12:00,117668.01,117668.28,117654.08,117664.55,360,63,0
2026.03.23 01:06:00,117657.21,117667.98,117657.21,117667.98,360,63,0
2026.03.23 01:00:00,117665.68,117667.06,117647.82,117657.18,360,63,0
2026.03.23 00:54:00,117677.84,117679.34,117656.41,117665.65,360,63,0
2026.03.23 00:48:00,117667.04,117677.81,117667.04,117677.81,360,63,0
2026.03.23 00:42:00,117687.78,117690.57,117659.06,117667.01,360,63,0
2026.03.23 00:36:00,117676.98,117687.75,117676.98,117687.75,360,63,0
2026.03.23 00:30:00,117666.18,117676.95,117666.18,117676.95,360,63,0
2026.03.23 00:24:00,117655.38,117666.15,117655.38,117666.15,360,63,0
2026.03.23 00:18:00,117678.04,117683.59,117650.16,117655.35,360,63,0
2026.03.23 00:12:00,117667.24,117678.01,117667.24,117678.01,360,63,0
2026.03.23 00:06:00,117675.92,117686.60,117667.15,117667.21,360,63,0
2026.03.23 00:00:00,117690.98,117697.97,117672.14,117675.89,360,63,0
2026.03.22 23:54:00,117680.18,117690.95,117680.18,117690.95,360,63,0
2026.03.22 23:48:00,117669.38,117680.15,117669.38,117680.15,360,63,0
2026.03.22 23:42:00,117658.58,117669.35,117658.58,117669.35,360,63,0
2026.03.22 23:36:00,117668.18,117674.60,117654.23,117658.55,360,63,0
2026.03.22 23:30:00,117657.38,117668.15,117657.38,117668.15,360,63,0
2026.03.22 23:24:00,117677.95,117684.88,117653.54,117657.35,360,63,0
2026.03.22 23:18:00,117698.37,117705.00,117673.81,117677.92,360,63,0
2026.03.22 23:12:00,117687.57,117698.34,117687.57,117698.34,360,63,0
2026.03.22 23:06:00,117704.59,117710.62,117682.83,117687.54,360,63,0
2026.03.22 23:00:00,117706.39,117709.51,117696.94,117704.56,360,63,0
2026.03.22 22:54:00,117695.59,117706.36,117695.59,117706.36,360,63,0
2026.03.22 22:48:00,117700.51,117707.29,117691.60,117695.56,360,63,0
2026.03.22 22:42:00,117689.71,117700.48,117689.71,117700.48,360,63,0
2026.03.22 22:36:00,117678.91,117689.68,117678.91,117689.68,360,63,0
2026.03.22 22:30:00,117668.11,117678.88,117668.11,117678.88,360,63,0
2026.03.22 22:24:00,117657.31,117668.08,117657.31,117668.08,360,63,0
2026.03.22 22:18:00,117646.51,117657.28,117646.51,117657.28,360,63,0
2026.03.22 22:12:00,117670.02,117672.27,117637.99,117646.48,360,63,0
2026.03.22 22:06:00,117682.43,117685.28,117662.10,117669.99,360,63,0
2026.03.22 22:00:00,117671.63,117682.40,117671.63,117682.40,360,63,0
2026.03.22 21:54:00,117660.83,117671.60,117660.83,117671.60,360,63,0
2026.03.22 21:48:00,117650.03,117660.80,117650.03,117660.80,360,63,0
2026.03.22 21:42:00,117639.23,117650.00,117639.23,117650.00,360,63,0
2026.03.22 21:36:00,117628.43,117639.20,117628.43,117639.20,360,63,0
2026.03.22 21:30:00,117617.63,117628.40,117617.63,117628.40,360,63,0
2026.03.22 21:24:00,117606.83,117617.60,117606.83,117617.60,360,63,0
2026.03.22 21:18:00,117621.39,117621.96,117596.63,117606.80,360,63,0
2026.03.22 21:12:00,117665.21,117666.68,117615.21,117621.36,360,63,0
2026.03.22 21:06:00,117681.20,117687.38,117660.62,117665.18,360,63,0
2026.03.22 21:00:00,117670.40,117681.17,117670.40,117681.17,360,63,0
2026.03.22 20:54:00,117659.60,117670.37,117659.60,117670.37,360,63,0
2026.03.22 20:48:00,117669.46,117670.24,117649.61,117659.57,360,63,0
2026.03.22 20:42:00,117691.96,117692.80,117659.53,117669.43,360,63,0
2026.03.22 20:36:00,117681.16,117691.93,117681.16,117691.93,360,63,0
2026.03.22 20:30:00,117685.45,117695.08,117680.02,117681.13,360,63,0
2026.03.22 20:24:00,117674.65,117685.42,117674.65,117685.42,360,63,0
2026.03.22 20:18:00,117663.85,117674.62,117663.85,117674.62,360,63,0
2026.03.22 20:12:00,117653.05,117663.82,117653.05,117663.82,360,63,0
2026.03.22 20:06:00,117642.25,117653.02,117642.25,117653.02,360,63,0
2026.03.22 20:00:00,117631.45,117642.22,117631.45,117642.22,360,63,0
2026.03.22 19:54:00,117641.81,117643.16,117622.03,117631.42,360,63,0
2026.03.22 19:48:00,117631.01,117641.78,117631.01,117641.78,360,63,0
2026.03.22 19:42:00,117652.21,117662.14,117630.17,117630.98,360,63,0
2026.03.22 19:36:00,117679.75,117680.44,117650.05,117652.18,360,63,0
2026.03.22 19:30:00,117700.05,117703.59,117672.52,117679.72,360,63,0
2026.03.22 19:24:00,117689.25,117700.02,117689.25,117700.02,360,63,0
2026.03.22 19:18:00,117678.45,117689.22,117678.45,117689.22,360,63,0
2026.03.22 19:12:00,117703.17,117712.47,117677.31,117678.42,360,63,0
2026.03.22 19:06:00,117724.45,117728.65,117696.60,117703.14,360,63,0
2026.03.22 19:00:00,117713.65,117724.42,117713.65,117724.42,360,63,0
2026.03.22 18:54:00,117702.85,117713.62,117702.85,117713.62,360,63,0
2026.03.22 18:48:00,117728.61,117728.94,117698.83,117702.82,360,63,0
2026.03.22 18:42:00,117717.81,117728.58,117717.81,117728.58,360,63,0
2026.03.22 18:36:00,117728.51,117733.70,117712.23,117717.78,360,63,0
2026.03.22 18:30:00,117717.71,117728.48,117717.71,117728.48,360,63,0
2026.03.22 18:24:00,117706.91,117717.68,117706.91,117717.68,360,63,0
2026.03.22 18:18:00,117696.11,117706.88,117696.11,117706.88,360,63,0
2026.03.22 18:12:00,117685.31,117696.08,117685.31,117696.08,360,63,0
2026.03.22 18:06:00,117715.79,117716.00,117674.75,117685.28,360,63,0
2026.03.22 18:00:00,117704.99,117715.76,117704.99,117715.76,360,63,0
2026.03.22 17:54:00,117694.19,117704.96,117694.19,117704.96,360,63,0
2026.03.22 17:48:00,117745.11,117748.71,117692.21,117694.16,360,63,0
2026.03.22 17:42:00,117755.41,117758.38,117737.31,117745.08,360,63,0
2026.03.22 17:36:00,117744.61,117755.38,117744.61,117755.38,360,63,0
2026.03.22 17:30:00,117768.72,117778.83,117743.95,117744.58,360,63,0
2026.03.22 17:24:00,117757.92,117768.69,117757.92,117768.69,360,63,0
2026.03.22 17:18:00,117747.12,117757.89,117747.12,117757.89,360,63,0
2026.03.22 17:12:00,117763.86,117765.06,117737.55,117747.09,360,63,0
2026.03.22 17:06:00,117792.28,117793.84,117754.65,117763.83,360,63,0
2026.03.22 17:00:00,117781.48,117792.25,117781.48,117792.25,360,63,0
2026.03.22 16:54:00,117811.14,117813.15,117774.76,117781.45,360,63,0
2026.03.22 16:48:00,117800.34,117811.11,117800.34,117811.11,360,63,0
2026.03.22 16:42:00,117789.54,117800.31,117789.54,117800.31,360,63,0
2026.03.22 16:36:00,117833.76,117836.25,117787.17,117789.51,360,63,0
2026.03.22 16:30:00,117822.96,117833.73,117822.96,117833.73,360,63,0
2026.03.22 16:24:00,117843.75,117849.99,117818.43,117822.93,360,63,0
2026.03.22 16:18:00,117832.95,117843.72,117832.95,117843.72,360,63,0
2026.03.22 16:12:00,117822.15,117832.92,117822.15,117832.92,360,63,0
2026.03.22 16:06:00,117811.35,117822.12,117811.35,117822.12,360,63,0
2026.03.22 16:00:00,117800.55,117811.32,117800.55,117811.32,360,63,0
2026.03.22 15:54:00,117789.75,117800.52,117789.75,117800.52,360,63,0
2026.03.22 15:48:00,117802.66,117806.95,117783.27,117789.72,360,63,0
2026.03.22 15:42:00,117851.41,117853.12,117799.18,117802.63,360,63,0
2026.03.22 15:36:00,117840.61,117851.38,117840.61,117851.38,360,63,0
2026.03.22 15:30:00,117849.85,117860.26,117840.25,117840.58,360,63,0
2026.03.22 15:24:00,117857.03,117861.05,117843.10,117849.82,360,63,0
2026.03.22 15:18:00,117846.23,117857.00,117846.23,117857.00,360,63,0
2026.03.22 15:12:00,117835.43,117846.20,117835.43,117846.20,360,63,0
2026.03.22 15:06:00,117858.00,117866.85,117833.51,117835.40,360,63,0
2026.03.22 15:00:00,117847.20,117857.97,117847.20,117857.97,360,63,0
2026.03.22 14:54:00,117867.78,117871.59,117840.24,117847.17,360,63,0
2026.03.22 14:48:00,117877.81,117886.57,117865.77,117867.75,360,63,0
2026.03.22 14:42:00,117867.01,117877.78,117867.01,117877.78,360,63,0
2026.03.22 14:36:00,117856.21,117866.98,117856.21,117866.98,360,63,0
2026.03.22 14:30:00,117845.41,117856.18,117845.41,117856.18,360,63,0
2026.03.22 14:24:00,117834.61,117845.38,117834.61,117845.38,360,63,0
2026.03.22 14:18:00,117823.81,117834.58,117823.81,117834.58,360,63,0
2026.03.22 14:12:00,117813.01,117823.78,117813.01,117823.78,360,63,0
2026.03.22 14:06:00,117820.99,117830.74,117811.99,117812.98,360,63,0
2026.03.22 14:00:00,117810.19,117820.96,117810.19,117820.96,360,63,0
2026.03.22 13:54:00,117812.07,117819.66,117807.01,117810.16,360,63,0
2026.03.22 13:48:00,117801.27,117812.04,117801.27,117812.04,360,63,0
2026.03.22 13:42:00,117790.47,117801.24,117790.47,117801.24,360,63,0
2026.03.22 13:36:00,117779.67,117790.44,117779.67,117790.44,360,63,0
2026.03.22 13:30:00,117768.87,117779.64,117768.87,117779.64,360,63,0
2026.03.22 13:24:00,117758.07,117768.84,117758.07,117768.84,360,63,0
2026.03.22 13:18:00,117761.45,117764.03,117749.88,117758.04,360,63,0
2026.03.22 13:12:00,117750.65,117761.42,117750.65,117761.42,360,63,0
2026.03.22 13:06:00,117739.85,117750.62,117739.85,117750.62,360,63,0
2026.03.22 13:00:00,117729.05,117739.82,117729.05,117739.82,360,63,0
2026.03.22 12:54:00,117737.36,117739.58,117720.50,117729.02,360,63,0
2026.03.22 12:48:00,117745.68,117750.72,117731.63,117737.33,360,63,0
2026.03.22 12:42:00,117734.88,117745.65,117734.88,117745.65,360,63,0
2026.03.22 12:36:00,117749.85,117757.83,117732.09,117734.85,360,63,0
2026.03.22 12:30:00,117739.05,117749.82,117739.05,117749.82,360,63,0
2026.03.22 12:24:00,117749.91,117759.21,117737.58,117739.02,360,63,0
2026.03.22 12:18:00,117739.11,117749.88,117739.11,117749.88,360,63,0
2026.03.22 12:12:00,117728.31,117739.08,117728.31,117739.08,360,63,0
2026.03.22 12:06:00,117717.51,117728.28,117717.51,117728.28,360,63,0
2026.03.22 12:00:00,117706.71,117717.48,117706.71,117717.48,360,63,0
2026.03.22 11:54:00,117695.91,117706.68,117695.91,117706.68,360,63,0
2026.03.22 11:48:00,117685.11,117695.88,117685.11,117695.88,360,63,0
2026.03.22 11:42:00,117686.46,117695.67,117683.55,117685.08,360,63,0
2026.03.22 11:36:00,117675.66,117686.43,117675.66,117686.43,360,63,0
2026.03.22 11:30:00,117695.15,117699.59,117669.33,117675.63,360,63,0
2026.03.22 11:24:00,117715.08,117722.76,117692.06,117695.12,360,63,0
2026.03.22 11:18:00,117704.28,117715.05,117704.28,117715.05,360,63,0
2026.03.22 11:12:00,117726.00,117731.46,117698.97,117704.25,360,63,0
2026.03.22 11:06:00,117715.20,117725.97,117715.20,117725.97,360,63,0
2026.03.22 11:00:00,117704.40,117715.17,117704.40,117715.17,360,63,0
2026.03.22 10:54:00,117693.60,117704.37,117693.60,117704.37,360,63,0
2026.03.22 10:48:00,117709.88,117716.60,117693.51,117693.57,360,63,0
2026.03.22 10:42:00,117699.08,117709.85,117699.08,117709.85,360,63,0
2026.03.22 10:36:00,117688.28,117699.05,117688.28,117699.05,360,63,0
2026.03.22 10:30:00,117677.48,117688.25,117677.48,117688.25,360,63,0
2026.03.22 10:24:00,117666.68,117677.45,117666.68,117677.45,360,63,0
2026.03.22 10:18:00,117678.45,117683.82,117661.28,117666.65,360,63,0
2026.03.22 10:12:00,117714.55,117721.36,117674.49,117678.42,360,63,0
2026.03.22 10:06:00,117703.75,117714.52,117703.75,117714.52,360,63,0
2026.03.22 10:00:00,117722.22,117726.60,117697.36,117703.72,360,63,0
2026.03.22 09:54:00,117711.42,117722.19,117711.42,117722.19,360,63,0
2026.03.22 09:48:00,117700.62,117711.39,117700.62,117711.39,360,63,0
2026.03.22 09:42:00,117689.82,117700.59,117689.82,117700.59,360,63,0
2026.03.22 09:36:00,117679.02,117689.79,117679.02,117689.79,353,63,0
2026.03.22 09:30:00,117683.32,117686.62,117671.55,117678.99,360,63,0
2026.03.22 09:24:00,117672.52,117683.29,117672.52,117683.29,360,63,0
2026.03.22 09:18:00,117682.97,117686.81,117665.59,117672.49,360,63,0
2026.03.22 09:12:00,117672.17,117682.94,117672.17,117682.94,360,63,0
2026.03.22 09:06:00,117661.37,117672.14,117661.37,117672.14,360,63,0
2026.03.22 09:00:00,117650.57,117661.34,117650.57,117661.34,360,63,0
2026.03.22 08:54:00,117639.77,117650.54,117639.77,117650.54,360,63,0
2026.03.22 08:48:00,117645.92,117653.69,117636.77,117639.74,360,63,0
2026.03.22 08:42:00,117685.79,117692.57,117645.44,117645.89,360,63,0
2026.03.22 08:36:00,117674.99,117685.76,117674.99,117685.76,360,63,0
2026.03.22 08:30:00,117664.19,117674.96,117664.19,117674.96,360,63,0
2026.03.22 08:24:00,117653.39,117664.16,117653.39,117664.16,360,63,0
2026.03.22 08:18:00,117642.59,117653.36,117642.59,117653.36,360,63,0
2026.03.22 08:12:00,117631.79,117642.56,117631.79,117642.56,360,63,0
2026.03.22 08:06:00,117620.99,117631.76,117620.99,117631.76,360,63,0
2026.03.22 08:00:00,117610.19,117620.96,117610.19,117620.96,360,63,0
2026.03.22 07:54:00,117599.39,117610.16,117599.39,117610.16,360,63,0
2026.03.22 07:48:00,117589.07,117599.36,117589.07,117599.36,294,63,0
2026.03.22 07:42:00,117578.27,117589.04,117578.27,117589.04,360,63,0
2026.03.22 07:36:00,117567.47,117578.24,117567.47,117578.24,360,63,0
2026.03.22 07:30:00,117556.67,117567.44,117556.67,117567.44,360,63,0
2026.03.22 07:24:00,117561.98,117563.33,117547.25,117556.64,360,63,0
2026.03.22 07:18:00,117575.40,117576.84,117552.65,117561.95,360,63,0
2026.03.22 07:12:00,117564.60,117575.37,117564.60,117575.37,360,63,0
2026.03.22 07:06:00,117553.80,117564.57,117553.80,117564.57,360,63,0
2026.03.22 07:00:00,117543.00,117553.77,117543.00,117553.77,360,63,0
2026.03.22 06:48:00,117539.40,117542.97,117539.40,117542.97,120,63,0
2026.03.22 06:42:00,117528.60,117539.37,117528.60,117539.37,360,63,0
2026.03.22 06:36:00,117517.80,117528.57,117517.80,117528.57,360,63,0
2026.03.22 06:30:00,117613.12,117614.77,117515.82,117517.77,360,63,0
2026.03.22 06:24:00,117602.32,117613.09,117602.32,117613.09,360,63,0
2026.03.22 06:18:00,117621.41,117631.61,117601.75,117602.29,360,63,0
2026.03.22 06:12:00,117672.04,117675.40,117614.72,117621.38,360,63,0
2026.03.22 06:06:00,117661.24,117672.01,117661.24,117672.01,360,63,0
2026.03.22 06:00:00,117650.44,117661.21,117650.44,117661.21,360,63,0
2026.03.22 05:54:00,117639.64,117650.41,117639.64,117650.41,360,63,0
2026.03.22 05:48:00,117628.84,117639.61,117628.84,117639.61,360,63,0
2026.03.22 05:42:00,117618.04,117628.81,117618.04,117628.81,360,63,0
2026.03.22 05:36:00,117623.05,117624.28,117608.50,117618.01,360,63,0
2026.03.22 05:30:00,117626.46,117634.59,117620.41,117623.02,360,63,0
2026.03.22 05:24:00,117615.66,117626.43,117615.66,117626.43,360,63,0
2026.03.22 05:18:00,117604.86,117615.63,117604.86,117615.63,360,63,0
2026.03.22 05:12:00,117624.24,117624.93,117594.78,117604.83,360,63,0
2026.03.22 05:06:00,117613.44,117624.21,117613.44,117624.21,360,63,0
2026.03.22 05:00:00,117615.50,117622.46,117609.63,117613.41,360,63,0
2026.03.22 04:54:00,117604.70,117615.47,117604.70,117615.47,360,63,0
2026.03.22 04:48:00,117593.90,117604.67,117593.90,117604.67,360,63,0
2026.03.22 04:42:00,117583.10,117593.87,117583.10,117593.87,360,63,0
2026.03.22 04:36:00,117572.30,117583.07,117572.30,117583.07,360,63,0
2026.03.22 04:30:00,117561.50,117572.27,117561.50,117572.27,360,63,0
2026.03.22 04:24:00,117550.70,117561.47,117550.70,117561.47,360,63,0
2026.03.22 04:18:00,117539.90,117550.67,117539.90,117550.67,360,63,0
2026.03.22 04:12:00,117529.10,117539.87,117529.10,117539.87,360,63,0
2026.03.22 04:06:00,117538.37,117539.60,117519.56,117529.07,360,63,0
2026.03.22 04:00:00,117527.57,117538.34,117527.57,117538.34,360,63,0
2026.03.22 03:54:00,117516.77,117527.54,117516.77,117527.54,360,63,0
2026.03.22 03:48:00,117505.97,117516.74,117505.97,117516.74,360,63,0
2026.03.22 03:42:00,117495.17,117505.94,117495.17,117505.94,360,63,0
2026.03.22 03:36:00,117498.18,117500.43,117486.65,117495.14,360,63,0
2026.03.22 03:30:00,117506.46,117514.32,117495.27,117498.15,360,63,0
2026.03.22 03:24:00,117551.04,117551.70,117499.38,117506.43,360,63,0
2026.03.22 03:18:00,117552.49,117556.03,117543.81,117551.01,360,63,0
2026.03.22 03:12:00,117541.69,117552.46,117541.69,117552.46,360,63,0
2026.03.22 03:06:00,117530.89,117541.66,117530.89,117541.66,360,63,0
2026.03.22 03:00:00,117546.09,117555.12,117529.15,117530.86,360,63,0
2026.03.22 02:54:00,117580.18,117584.20,117539.34,117546.06,360,63,0
2026.03.22 02:48:00,117586.02,117591.36,117574.75,117580.15,360,63,0
2026.03.22 02:42:00,117575.22,117585.99,117575.22,117585.99,360,63,0
2026.03.22 02:36:00,117564.42,117575.19,117564.42,117575.19,360,63,0
2026.03.22 02:30:00,117589.20,117589.23,117553.68,117564.39,360,63,0
2026.03.22 02:24:00,117628.29,117633.57,117585.63,117589.17,360,63,0
2026.03.22 02:18:00,117617.49,117628.26,117617.49,117628.26,360,63,0
2026.03.22 02:12:00,117606.69,117617.46,117606.69,117617.46,360,63,0
2026.03.22 02:06:00,117595.89,117606.66,117595.89,117606.66,360,63,0
2026.03.22 02:00:00,117585.09,117595.86,117585.09,117595.86,360,63,0
2026.03.22 01:54:00,117640.65,117641.73,117583.32,117585.06,360,63,0
2026.03.22 01:48:00,117629.85,117640.62,117629.85,117640.62,360,63,0
2026.03.22 01:42:00,117619.05,117629.82,117619.05,117629.82,360,63,0
2026.03.22 01:36:00,117608.25,117619.02,117608.25,117619.02,360,63,0
2026.03.22 01:30:00,117619.13,117629.87,117608.22,117608.22,360,63,0
2026.03.22 01:24:00,117608.33,117619.10,117608.33,117619.10,360,63,0
2026.03.22 01:18:00,117597.53,117608.30,117597.53,117608.30,360,63,0
2026.03.22 01:12:00,117586.73,117597.50,117586.73,117597.50,360,63,0
2026.03.22 01:06:00,117575.93,117586.70,117575.93,117586.70,360,63,0
2026.03.22 01:00:00,117589.84,117598.60,117573.92,117575.90,360,63,0
2026.03.22 00:54:00,117579.04,117589.81,117579.04,117589.81,360,63,0
2026.03.22 00:48:00,117568.24,117579.01,117568.24,117579.01,360,63,0
2026.03.22 00:42:00,117557.44,117568.21,117557.44,117568.21,360,63,0
2026.03.22 00:36:00,117559.17,117562.05,117549.55,117557.41,360,63,0
2026.03.22 00:30:00,117548.37,117559.14,117548.37,117559.14,360,63,0
2026.03.22 00:24:00,117537.57,117548.34,117537.57,117548.34,360,63,0
2026.03.22 00:18:00,117526.77,117537.54,117526.77,117537.54,360,63,0
2026.03.22 00:12:00,117515.97,117526.74,117515.97,117526.74,360,63,0
2026.03.22 00:06:00,117505.17,117515.94,117505.17,117515.94,360,63,0
2026.03.22 00:00:00,117494.37,117505.14,117494.37,117505.14,360,63,0
2026.03.21 23:54:00,117528.25,117532.54,117487.89,117494.34,360,63,0
2026.03.21 23:48:00,117517.45,117528.22,117517.45,117528.22,360,63,0
2026.03.21 23:42:00,117506.65,117517.42,117506.65,117517.42,360,63,0
2026.03.21 23:36:00,117495.85,117506.62,117495.85,117506.62,360,63,0
2026.03.21 23:30:00,117498.04,117503.14,117490.18,117495.82,360,63,0
2026.03.21 23:24:00,117509.61,117517.59,117495.25,117498.01,360,63,0
2026.03.21 23:18:00,117498.81,117509.58,117498.81,117509.58,360,63,0
2026.03.21 23:12:00,117515.97,117524.19,117496.26,117498.78,360,63,0
2026.03.21 23:06:00,117505.17,117515.94,117505.17,117515.94,360,63,0
2026.03.21 23:00:00,117494.37,117505.14,117494.37,117505.14,360,63,0
2026.03.21 22:54:00,117483.57,117494.34,117483.57,117494.34,360,63,0
2026.03.21 22:48:00,117472.77,117483.54,117472.77,117483.54,360,63,0
2026.03.21 22:42:00,117461.97,117472.74,117461.97,117472.74,360,63,0
2026.03.21 22:36:00,117487.35,117491.79,117455.64,117461.94,360,63,0
2026.03.21 22:30:00,117476.55,117487.32,117476.55,117487.32,360,63,0
2026.03.21 22:24:00,117465.75,117476.52,117465.75,117476.52,360,63,0
2026.03.21 22:18:00,117454.95,117465.72,117454.95,117465.72,360,63,0
2026.03.21 22:12:00,117444.15,117454.92,117444.15,117454.92,360,63,0
2026.03.21 22:06:00,117433.35,117444.12,117433.35,117444.12,360,63,0
2026.03.21 22:00:00,117422.55,117433.32,117422.55,117433.32,360,63,0
2026.03.21 21:54:00,117411.75,117422.52,117411.75,117422.52,360,63,0
2026.03.21 21:48:00,117400.95,117411.72,117400.95,117411.72,360,63,0
2026.03.21 21:42:00,117390.15,117400.92,117390.15,117400.92,360,63,0
2026.03.21 21:36:00,117379.35,117390.12,117379.35,117390.12,360,63,0
2026.03.21 21:30:00,117368.55,117379.32,117368.55,117379.32,360,63,0
2026.03.21 21:24:00,117374.50,117382.33,117365.61,117368.52,360,63,0
2026.03.21 21:18:00,117363.70,117374.47,117363.70,117374.47,360,63,0
2026.03.21 21:12:00,117388.19,117388.43,117353.17,117363.67,360,63,0
2026.03.21 21:06:00,117377.39,117388.16,117377.39,117388.16,360,63,0
2026.03.21 21:00:00,117366.59,117377.36,117366.59,117377.36,360,63,0
2026.03.21 20:54:00,117355.79,117366.56,117355.79,117366.56,360,63,0
2026.03.21 20:48:00,117368.85,117378.48,117354.65,117355.76,360,63,0
2026.03.21 20:42:00,117397.39,117399.61,117360.30,117368.82,360,63,0
2026.03.21 20:36:00,117386.59,117397.36,117386.59,117397.36,360,63,0
2026.03.21 20:30:00,117375.79,117386.56,117375.79,117386.56,360,63,0
2026.03.21 20:24:00,117364.99,117375.76,117364.99,117375.76,360,63,0
2026.03.21 20:18:00,117354.19,117364.96,117354.19,117364.96,360,63,0
2026.03.21 20:12:00,117343.39,117354.16,117343.39,117354.16,360,63,0
2026.03.21 20:06:00,117345.47,117355.28,117342.43,117343.36,360,63,0
2026.03.21 20:00:00,117364.14,117369.24,117339.80,117345.44,360,63,0
2026.03.21 19:54:00,117353.34,117364.11,117353.34,117364.11,360,63,0
2026.03.21 19:48:00,117342.54,117353.31,117342.54,117353.31,360,63,0
2026.03.21 19:42:00,117331.74,117342.51,117331.74,117342.51,360,63,0
2026.03.21 19:36:00,117320.94,117331.71,117320.94,117331.71,360,63,0
2026.03.21 19:30:00,117332.66,117336.56,117314.07,117320.91,360,63,0
2026.03.21 19:24:00,117321.86,117332.63,117321.86,117332.63,360,63,0
2026.03.21 19:18:00,117346.60,117349.60,117319.16,117321.83,360,63,0
2026.03.21 19:12:00,117335.80,117346.57,117335.80,117346.57,360,63,0
2026.03.21 19:06:00,117366.63,117367.50,117327.58,117335.77,360,63,0
2026.03.21 19:00:00,117355.83,117366.60,117355.83,117366.60,360,63,0
2026.03.21 18:54:00,117345.03,117355.80,117345.03,117355.80,360,63,0
2026.03.21 18:48:00,117393.37,117393.55,117344.67,117345.00,360,63,0
2026.03.21 18:42:00,117382.57,117393.34,117382.57,117393.34,360,63,0
2026.03.21 18:36:00,117371.77,117382.54,117371.77,117382.54,360,63,0
2026.03.21 18:30:00,117374.80,117382.21,117368.41,117371.74,360,63,0
2026.03.21 18:24:00,117377.95,117381.76,117367.84,117374.77,360,63,0
2026.03.21 18:18:00,117367.15,117377.92,117367.15,117377.92,360,63,0
2026.03.21 18:12:00,117374.70,117375.66,117357.34,117367.12,360,63,0
2026.03.21 18:06:00,117380.65,117386.02,117369.30,117374.67,360,63,0
2026.03.21 18:00:00,117388.74,117393.06,117374.20,117380.62,360,63,0
2026.03.21 17:54:00,117397.61,117397.79,117378.15,117388.71,360,63,0
2026.03.21 17:48:00,117407.41,117408.28,117387.71,117397.58,360,63,0
2026.03.21 17:42:00,117396.61,117407.38,117396.61,117407.38,360,63,0
2026.03.21 17:36:00,117385.81,117396.58,117385.81,117396.58,360,63,0
2026.03.21 17:30:00,117375.01,117385.78,117375.01,117385.78,360,63,0
2026.03.21 17:24:00,117364.21,117374.98,117364.21,117374.98,360,63,0
2026.03.21 17:18:00,117376.13,117379.04,117356.35,117364.18,360,63,0
2026.03.21 17:12:00,117365.33,117376.10,117365.33,117376.10,360,63,0
2026.03.21 17:06:00,117373.66,117383.95,117364.85,117365.30,360,63,0
2026.03.21 17:00:00,117362.86,117373.63,117362.86,117373.63,360,63,0
2026.03.21 16:54:00,117384.67,117387.58,117355.00,117362.83,360,63,0
2026.03.21 16:48:00,117373.87,117384.64,117373.87,117384.64,360,63,0
2026.03.21 16:42:00,117363.07,117373.84,117363.07,117373.84,360,63,0
2026.03.21 16:36:00,117372.30,117374.37,117354.37,117363.04,360,63,0
2026.03.21 16:30:00,117361.50,117372.27,117361.50,117372.27,360,63,0
2026.03.21 16:24:00,117387.13,117390.25,117353.85,117361.47,360,63,0
2026.03.21 16:18:00,117376.33,117387.10,117376.33,117387.10,360,63,0
2026.03.21 16:12:00,117365.53,117376.30,117365.53,117376.30,360,63,0
2026.03.21 16:06:00,117354.73,117365.50,117354.73,117365.50,360,63,0
2026.03.21 16:00:00,117343.93,117354.70,117343.93,117354.70,360,63,0
2026.03.21 15:54:00,117333.13,117343.90,117333.13,117343.90,360,63,0
2026.03.21 15:48:00,117322.33,117333.10,117322.33,117333.10,360,63,0
2026.03.21 15:42:00,117311.53,117322.30,117311.53,117322.30,360,63,0
2026.03.21 15:36:00,117300.73,117311.50,117300.73,117311.50,360,63,0
2026.03.21 15:30:00,117289.93,117300.70,117289.93,117300.70,360,63,0
2026.03.21 15:24:00,117279.13,117289.90,117279.13,117289.90,360,63,0
2026.03.21 15:18:00,117268.33,117279.10,117268.33,117279.10,360,63,0
2026.03.21 15:12:00,117257.53,117268.30,117257.53,117268.30,360,63,0
2026.03.21 15:06:00,117246.73,117257.50,117246.73,117257.50,360,63,0
2026.03.21 15:00:00,117235.93,117246.70,117235.93,117246.70,360,63,0
2026.03.21 14:54:00,117225.13,117235.90,117225.13,117235.90,360,63,0
2026.03.21 14:48:00,117214.33,117225.10,117214.33,117225.10,360,63,0
2026.03.21 14:42:00,117203.53,117214.30,117203.53,117214.30,360,63,0
2026.03.21 14:36:00,117192.73,117203.50,117192.73,117203.50,360,63,0
2026.03.21 14:30:00,117181.93,117192.70,117181.93,117192.70,360,63,0
2026.03.21 14:24:00,117201.29,117207.89,117177.76,117181.90,360,63,0
2026.03.21 14:18:00,117190.49,117201.26,117190.49,117201.26,360,63,0
2026.03.21 14:12:00,117215.14,117221.20,117186.02,117190.46,360,63,0
2026.03.21 14:06:00,117231.72,117233.13,117205.78,117215.11,360,63,0
2026.03.21 14:00:00,117220.92,117231.69,117220.92,117231.69,360,63,0
2026.03.21 13:54:00,117210.12,117220.89,117210.12,117220.89,360,63,0
2026.03.21 13:48:00,117243.35,117244.91,117200.94,117210.09,360,63,0
2026.03.21 13:42:00,117308.38,117312.82,117238.76,117243.32,360,63,0
2026.03.21 13:36:00,117297.58,117308.35,117297.58,117308.35,360,63,0
2026.03.21 13:30:00,117286.78,117297.55,117286.78,117297.55,360,63,0
2026.03.21 13:24:00,117275.98,117286.75,117275.98,117286.75,360,63,0
2026.03.21 13:18:00,117265.18,117275.95,117265.18,117275.95,360,63,0
2026.03.21 13:12:00,117254.38,117265.15,117254.38,117265.15,360,63,0
2026.03.21 13:06:00,117243.58,117254.35,117243.58,117254.35,360,63,0
2026.03.21 13:00:00,117269.61,117278.61,117241.81,117243.55,360,63,0
2026.03.21 12:54:00,117277.59,117288.00,117269.25,117269.58,360,63,0
2026.03.21 12:48:00,117307.87,117309.16,117270.84,117277.56,360,63,0
2026.03.21 12:42:00,117297.07,117307.84,117297.07,117307.84,360,63,0
2026.03.21 12:36:00,117311.94,117313.68,117288.04,117297.04,360,63,0
2026.03.21 12:30:00,117301.14,117311.91,117301.14,117311.91,360,63,0
2026.03.21 12:24:00,117290.34,117301.11,117290.34,117301.11,360,63,0
2026.03.21 12:18:00,117279.54,117290.31,117279.54,117290.31,360,63,0
2026.03.21 12:12:00,117268.74,117279.51,117268.74,117279.51,360,63,0
2026.03.21 12:06:00,117257.94,117268.71,117257.94,117268.71,360,63,0
2026.03.21 12:00:00,117247.14,117257.91,117247.14,117257.91,360,63,0
2026.03.21 11:54:00,117273.88,117281.59,117244.08,117247.11,360,63,0
2026.03.21 11:48:00,117276.80,117278.81,117265.12,117273.85,360,63,0
2026.03.21 11:42:00,117266.00,117276.77,117266.00,117276.77,360,63,0
2026.03.21 11:36:00,117255.20,117265.97,117255.20,117265.97,360,63,0
2026.03.21 11:30:00,117244.40,117255.17,117244.40,117255.17,360,63,0
2026.03.21 11:24:00,117233.60,117244.37,117233.60,117244.37,360,63,0
2026.03.21 11:18:00,117222.80,117233.57,117222.80,117233.57,360,63,0
2026.03.21 11:12:00,117212.00,117222.77,117212.00,117222.77,360,63,0
2026.03.21 11:06:00,117201.20,117211.97,117201.20,117211.97,360,63,0
2026.03.21 11:00:00,117190.40,117201.17,117190.40,117201.17,360,63,0
2026.03.21 10:54:00,117179.60,117190.37,117179.60,117190.37,360,63,0
2026.03.21 10:48:00,117168.80,117179.57,117168.80,117179.57,360,63,0
2026.03.21 10:42:00,117158.00,117168.77,117158.00,117168.77,360,63,0
2026.03.21 10:36:00,117161.40,117168.57,117154.40,117157.97,360,63,0
2026.03.21 10:30:00,117150.60,117161.37,117150.60,117161.37,360,63,0
2026.03.21 10:24:00,117139.80,117150.57,117139.80,117150.57,360,63,0
2026.03.21 10:18:00,117129.00,117139.77,117129.00,117139.77,360,63,0
2026.03.21 10:12:00,117118.20,117128.97,117118.20,117128.97,360,63,0
2026.03.21 10:06:00,117107.40,117118.17,117107.40,117118.17,360,63,0
2026.03.21 10:00:00,117096.60,117107.37,117096.60,117107.37,360,63,0
2026.03.21 09:54:00,117085.80,117096.57,117085.80,117096.57,360,63,0
2026.03.21 09:48:00,117115.80,117116.88,117076.11,117085.77,360,63,0
2026.03.21 09:42:00,117105.00,117115.77,117105.00,117115.77,360,63,0
2026.03.21 09:36:00,117094.20,117104.97,117094.20,117104.97,360,63,0
2026.03.21 09:30:00,117083.40,117094.17,117083.40,117094.17,360,63,0
2026.03.21 09:24:00,117072.60,117083.37,117072.60,117083.37,360,63,0
2026.03.21 09:18:00,117061.80,117072.57,117061.80,117072.57,360,63,0
2026.03.21 09:12:00,117146.59,117147.37,117056.28,117061.77,360,63,0
2026.03.21 09:06:00,117135.79,117146.56,117135.79,117146.56,360,63,0
2026.03.21 09:00:00,117140.81,117148.58,117132.79,117135.76,360,63,0
2026.03.21 08:54:00,117170.26,117174.19,117139.73,117140.78,360,63,0
2026.03.21 08:48:00,117159.46,117170.23,117159.46,117170.23,360,63,0
2026.03.21 08:42:00,117148.66,117159.43,117148.66,117159.43,360,63,0
2026.03.21 08:36:00,117137.86,117148.63,117137.86,117148.63,360,63,0
2026.03.21 08:30:00,117150.05,117156.86,117133.90,117137.83,360,63,0
2026.03.21 08:24:00,117172.31,117181.43,117148.40,117150.02,360,63,0
2026.03.21 08:18:00,117161.51,117172.28,117161.51,117172.28,360,63,0
2026.03.21 08:12:00,117176.45,117177.44,117151.73,117161.48,360,63,0
2026.03.21 08:06:00,117165.65,117176.42,117165.65,117176.42,360,63,0
2026.03.21 08:00:00,117154.85,117165.62,117154.85,117165.62,360,63,0
2026.03.21 07:54:00,117144.05,117154.82,117144.05,117154.82,360,63,0
2026.03.21 07:48:00,117133.25,117144.02,117133.25,117144.02,360,63,0
2026.03.21 07:42:00,117153.78,117160.50,117129.20,117133.22,360,63,0
2026.03.21 07:36:00,117142.98,117153.75,117142.98,117153.75,360,63,0
2026.03.21 07:30:00,117132.18,117142.95,117132.18,117142.95,360,63,0
2026.03.21 07:24:00,117182.38,117184.90,117128.04,117132.15,360,63,0
2026.03.21 07:18:00,117191.32,117197.32,117177.61,117182.35,360,63,0
2026.03.21 07:12:00,117180.52,117191.29,117180.52,117191.29,360,63,0
2026.03.21 07:06:00,117192.67,117196.96,117174.04,117180.49,360,63,0
2026.03.21 07:00:00,117228.53,117236.06,117189.79,117192.64,360,63,0
2026.03.21 06:54:00,117217.73,117228.50,117217.73,117228.50,360,63,0
2026.03.21 06:48:00,117245.26,117252.25,117213.95,117217.70,360,63,0
2026.03.21 06:42:00,117234.46,117245.23,117234.46,117245.23,360,63,0
2026.03.21 06:36:00,117223.66,117234.43,117223.66,117234.43,360,63,0
2026.03.21 06:30:00,117212.86,117223.63,117212.86,117223.63,360,63,0
2026.03.21 06:24:00,117202.06,117212.83,117202.06,117212.83,360,63,0
2026.03.21 06:18:00,117223.04,117224.75,117193.00,117202.03,360,63,0
2026.03.21 06:12:00,117242.66,117243.62,117213.23,117223.01,360,63,0
2026.03.21 06:06:00,117231.86,117242.63,117231.86,117242.63,360,63,0
2026.03.21 06:00:00,117253.26,117256.56,117224.39,117231.83,360,63,0
2026.03.21 05:54:00,117242.46,117253.23,117242.46,117253.23,360,63,0
2026.03.21 05:48:00,117257.88,117266.55,117240.36,117242.43,360,63,0
2026.03.21 05:42:00,117261.29,117270.71,117256.53,117257.85,360,63,0
2026.03.21 05:36:00,117284.78,117289.58,117255.32,117261.26,360,63,0
2026.03.21 05:30:00,117273.98,117284.75,117273.98,117284.75,360,63,0
2026.03.21 05:24:00,117263.18,117273.95,117263.18,117273.95,360,63,0
2026.03.21 05:18:00,117252.38,117263.15,117252.38,117263.15,360,63,0
2026.03.21 05:12:00,117241.58,117252.35,117241.58,117252.35,360,63,0
2026.03.21 05:06:00,117230.78,117241.55,117230.78,117241.55,360,63,0
2026.03.21 05:00:00,117256.32,117257.55,117228.68,117230.75,360,63,0
2026.03.21 04:54:00,117260.01,117260.37,117245.91,117256.29,360,63,0
2026.03.21 04:48:00,117286.86,117290.10,117252.48,117259.98,360,63,0
2026.03.21 04:42:00,117276.06,117286.83,117276.06,117286.83,360,63,0
2026.03.21 04:36:00,117265.26,117276.03,117265.26,117276.03,360,63,0
2026.03.21 04:30:00,117254.46,117265.23,117254.46,117265.23,360,63,0
2026.03.21 04:24:00,117243.66,117254.43,117243.66,117254.43,360,63,0
2026.03.21 04:18:00,117232.86,117243.63,117232.86,117243.63,360,63,0
2026.03.21 04:12:00,117222.06,117232.83,117222.06,117232.83,360,63,0
2026.03.21 04:06:00,117211.26,117222.03,117211.26,117222.03,360,63,0
2026.03.21 04:00:00,117200.46,117211.23,117200.46,117211.23,360,63,0
2026.03.21 03:54:00,117189.66,117200.43,117189.66,117200.43,360,63,0
2026.03.21 03:48:00,117178.86,117189.63,117178.86,117189.63,360,63,0
2026.03.21 03:42:00,117225.45,117229.17,117174.27,117178.83,360,63,0
2026.03.21 03:36:00,117214.65,117225.42,117214.65,117225.42,360,63,0
2026.03.21 03:30:00,117222.03,117222.45,117204.30,117214.62,360,63,0
2026.03.21 03:24:00,117225.32,117232.34,117218.28,117222.00,360,63,0
2026.03.21 03:18:00,117256.96,117262.72,117221.72,117225.29,360,63,0
2026.03.21 03:12:00,117246.16,117256.93,117246.16,117256.93,360,63,0
2026.03.21 03:06:00,117235.36,117246.13,117235.36,117246.13,360,63,0
2026.03.21 03:00:00,117224.56,117235.33,117224.56,117235.33,360,63,0
2026.03.21 02:54:00,117213.76,117224.53,117213.76,117224.53,360,63,0
2026.03.21 02:48:00,117202.96,117213.73,117202.96,117213.73,360,63,0
2026.03.21 02:42:00,117192.16,117202.93,117192.16,117202.93,360,63,0
2026.03.21 02:36:00,117181.36,117192.13,117181.36,117192.13,360,63,0
2026.03.21 02:30:00,117170.56,117181.33,117170.56,117181.33,360,63,0
2026.03.21 02:24:00,117159.76,117170.53,117159.76,117170.53,360,63,0
2026.03.21 02:18:00,117148.96,117159.73,117148.96,117159.73,360,63,0
2026.03.21 02:12:00,117159.75,117169.62,117148.06,117148.93,360,63,0
2026.03.21 02:06:00,117148.95,117159.72,117148.95,117159.72,360,63,0
2026.03.21 02:00:00,117138.15,117148.92,117138.15,117148.92,360,63,0
2026.03.21 01:54:00,117141.45,117147.33,117133.26,117138.12,360,63,0
2026.03.21 01:48:00,117130.65,117141.42,117130.65,117141.42,360,63,0
2026.03.21 01:42:00,117151.53,117158.25,117126.60,117130.62,360,63,0
2026.03.21 01:36:00,117140.73,117151.50,117140.73,117151.50,360,63,0
2026.03.21 01:30:00,117129.93,117140.70,117129.93,117140.70,360,63,0
2026.03.21 01:24:00,117119.13,117129.90,117119.13,117129.90,360,63,0
2026.03.21 01:18:00,117128.56,117136.15,117115.95,117119.10,360,63,0
2026.03.21 01:12:00,117117.76,117128.53,117117.76,117128.53,360,63,0
2026.03.21 01:06:00,117106.96,117117.73,117106.96,117117.73,360,63,0
2026.03.21 01:00:00,117096.16,117106.93,117096.16,117106.93,360,63,0
2026.03.21 00:54:00,117113.20,117120.73,117092.92,117096.13,360,63,0
2026.03.21 00:48:00,117140.47,117142.36,117104.32,117113.17,360,63,0
2026.03.21 00:42:00,117154.59,117162.54,117137.65,117140.44,360,63,0
2026.03.21 00:36:00,117143.79,117154.56,117143.79,117154.56,360,63,0
2026.03.21 00:30:00,117132.99,117143.76,117132.99,117143.76,360,63,0
2026.03.21 00:24:00,117122.19,117132.96,117122.19,117132.96,360,63,0
2026.03.21 00:18:00,117123.89,117127.94,117115.47,117122.16,360,63,0
2026.03.21 00:12:00,117113.09,117123.86,117113.09,117123.86,360,63,0
2026.03.21 00:06:00,117102.29,117113.06,117102.29,117113.06,360,63,0
2026.03.21 00:00:00,117091.49,117102.26,117091.49,117102.26,360,63,0
2026.03.20 23:54:00,117096.80,117102.89,117086.81,117091.46,360,63,0
2026.03.20 23:48:00,117105.48,117112.68,117093.23,117096.77,360,63,0
2026.03.20 23:42:00,117130.01,117137.27,117101.97,117105.45,360,63,0
2026.03.20 23:36:00,117119.21,117129.98,117119.21,117129.98,360,63,0
2026.03.20 23:30:00,117122.45,117129.29,117115.28,117119.18,360,63,0
2026.03.20 23:24:00,117111.65,117122.42,117111.65,117122.42,360,63,0
2026.03.20 23:18:00,117100.85,117111.62,117100.85,117111.62,360,63,0
2026.03.20 23:12:00,117090.05,117100.82,117090.05,117100.82,360,63,0
2026.03.20 23:06:00,117079.25,117090.02,117079.25,117090.02,360,63,0
2026.03.20 23:00:00,117068.45,117079.22,117068.45,117079.22,360,63,0
2026.03.20 22:54:00,117057.65,117068.42,117057.65,117068.42,360,63,0
2026.03.20 22:48:00,117046.85,117057.62,117046.85,117057.62,360,63,0
2026.03.20 22:42:00,117036.05,117046.82,117036.05,117046.82,360,63,0
2026.03.20 22:36:00,117025.25,117036.02,117025.25,117036.02,360,63,0
2026.03.20 22:30:00,117070.81,117077.56,117024.71,117025.22,360,63,0
2026.03.20 22:24:00,117060.01,117070.78,117060.01,117070.78,360,63,0
2026.03.20 22:18:00,117049.21,117059.98,117049.21,117059.98,360,63,0
2026.03.20 22:12:00,117038.41,117049.18,117038.41,117049.18,360,63,0
2026.03.20 22:06:00,117027.61,117038.38,117027.61,117038.38,360,63,0
2026.03.20 22:00:00,117036.72,117045.39,117025.51,117027.58,360,63,0
2026.03.20 21:54:00,117043.64,117047.57,117029.88,117036.69,360,63,0
2026.03.20 21:48:00,117060.29,117069.95,117042.53,117043.61,360,63,0
2026.03.20 21:42:00,117086.67,117087.15,117050.00,117060.26,360,63,0
2026.03.20 21:36:00,117075.87,117086.64,117075.87,117086.64,360,63,0
2026.03.20 21:30:00,117065.07,117075.84,117065.07,117075.84,360,63,0
2026.03.20 21:24:00,117054.27,117065.04,117054.27,117065.04,360,63,0
2026.03.20 21:18:00,117043.47,117054.24,117043.47,117054.24,360,63,0
2026.03.20 21:12:00,117068.16,117075.60,117040.14,117043.44,360,63,0
2026.03.20 21:06:00,117078.06,117086.16,117065.49,117068.13,360,63,0
2026.03.20 21:00:00,117099.86,117103.52,117070.95,117078.03,360,63,0
2026.03.20 20:54:00,117089.06,117099.83,117089.06,117099.83,360,63,0
2026.03.20 20:48:00,117078.26,117089.03,117078.26,117089.03,360,63,0
2026.03.20 20:42:00,117067.46,117078.23,117067.46,117078.23,360,63,0
2026.03.20 20:36:00,117096.18,117101.40,117067.10,117067.43,360,63,0
2026.03.20 20:30:00,117085.38,117096.15,117085.38,117096.15,360,63,0
2026.03.20 20:24:00,117095.69,117106.25,117085.17,117085.35,360,63,0
2026.03.20 20:18:00,117084.89,117095.66,117084.89,117095.66,360,63,0
2026.03.20 20:12:00,117100.75,117107.53,117080.90,117084.86,360,63,0
2026.03.20 20:06:00,117089.95,117100.72,117089.95,117100.72,360,63,0
2026.03.20 20:00:00,117111.88,117117.64,117084.94,117089.92,360,63,0
2026.03.20 19:54:00,117101.08,117111.85,117101.08,117111.85,360,63,0
2026.03.20 19:48:00,117090.28,117101.05,117090.28,117101.05,360,63,0
2026.03.20 19:42:00,117079.48,117090.25,117079.48,117090.25,360,63,0
2026.03.20 19:36:00,117090.08,117095.87,117074.50,117079.45,360,63,0
2026.03.20 19:30:00,117079.28,117090.05,117079.28,117090.05,360,63,0
2026.03.20 19:24:00,117068.48,117079.25,117068.48,117079.25,360,63,0
2026.03.20 19:18:00,117057.68,117068.45,117057.68,117068.45,360,63,0
2026.03.20 19:12:00,117082.59,117086.43,117050.75,117057.65,360,63,0
2026.03.20 19:06:00,117071.79,117082.56,117071.79,117082.56,360,63,0
2026.03.20 19:00:00,117060.99,117071.76,117060.99,117071.76,360,63,0
2026.03.20 18:54:00,117084.92,117087.02,117052.32,117060.96,360,63,0
2026.03.20 18:48:00,117143.07,117145.68,117079.49,117084.89,360,63,0
2026.03.20 18:42:00,117132.27,117143.04,117132.27,117143.04,360,63,0
2026.03.20 18:36:00,117152.28,117158.34,117127.56,117132.24,360,63,0
2026.03.20 18:30:00,117141.48,117152.25,117141.48,117152.25,360,63,0
2026.03.20 18:24:00,117130.68,117141.45,117130.68,117141.45,360,63,0
2026.03.20 18:18:00,117145.33,117145.54,117120.12,117130.65,360,63,0
2026.03.20 18:12:00,117134.53,117145.30,117134.53,117145.30,360,63,0
2026.03.20 18:06:00,117139.93,117142.75,117126.58,117134.50,360,63,0
2026.03.20 18:00:00,117173.63,117178.55,117134.08,117139.90,360,63,0
2026.03.20 17:54:00,117162.83,117173.60,117162.83,117173.60,360,63,0
2026.03.20 17:48:00,117152.03,117162.80,117152.03,117162.80,360,63,0
2026.03.20 17:42:00,117141.23,117152.00,117141.23,117152.00,360,63,0
2026.03.20 17:36:00,117130.43,117141.20,117130.43,117141.20,360,63,0
2026.03.20 17:30:00,117119.63,117130.40,117119.63,117130.40,360,63,0
2026.03.20 17:24:00,117144.63,117147.30,117111.53,117119.60,360,63,0
2026.03.20 17:18:00,117155.44,117155.50,117133.92,117144.60,360,63,0
2026.03.20 17:12:00,117144.64,117155.41,117144.64,117155.41,360,63,0
2026.03.20 17:06:00,117133.84,117144.61,117133.84,117144.61,360,63,0
2026.03.20 17:00:00,117171.14,117177.05,117128.98,117133.81,360,63,0
2026.03.20 16:54:00,117195.39,117201.48,117166.46,117171.11,360,63,0
2026.03.20 16:48:00,117246.12,117249.12,117194.52,117195.36,360,63,0
2026.03.20 16:42:00,117235.32,117246.09,117235.32,117246.09,360,63,0
2026.03.20 16:36:00,117224.52,117235.29,117224.52,117235.29,360,63,0
2026.03.20 16:30:00,117213.72,117224.49,117213.72,117224.49,360,63,0
2026.03.20 16:24:00,117276.96,117286.77,117213.66,117213.69,360,63,0
2026.03.20 16:18:00,117266.16,117276.93,117266.16,117276.93,360,63,0
2026.03.20 16:12:00,117255.36,117266.13,117255.36,117266.13,360,63,0
2026.03.20 16:06:00,117244.56,117255.33,117244.56,117255.33,360,63,0
2026.03.20 16:00:00,117233.76,117244.53,117233.76,117244.53,360,63,0
2026.03.20 15:54:00,117255.89,117261.92,117229.02,117233.73,360,63,0
2026.03.20 15:48:00,117304.55,117308.54,117252.59,117255.86,360,63,0
2026.03.20 15:42:00,117293.75,117304.52,117293.75,117304.52,360,63,0
2026.03.20 15:36:00,117304.60,117311.56,117289.94,117293.72,360,63,0
2026.03.20 15:30:00,117311.16,117317.76,117300.43,117304.57,360,63,0
2026.03.20 15:24:00,117300.36,117311.13,117300.36,117311.13,360,63,0
2026.03.20 15:18:00,117316.80,117317.61,117292.14,117300.33,360,63,0
2026.03.20 15:12:00,117306.00,117316.77,117306.00,117316.77,360,63,0
2026.03.20 15:06:00,117310.89,117317.10,117301.44,117305.97,360,63,0
2026.03.20 15:00:00,117300.09,117310.86,117300.09,117310.86,360,63,0
2026.03.20 14:54:00,117313.40,117315.83,117291.75,117300.06,360,63,0
2026.03.20 14:48:00,117323.83,117334.51,117313.31,117313.37,360,63,0
2026.03.20 14:42:00,117313.03,117323.80,117313.03,117323.80,360,63,0
2026.03.20 14:36:00,117302.23,117313.00,117302.23,117313.00,360,63,0
2026.03.20 14:30:00,117291.43,117302.20,117291.43,117302.20,360,63,0
2026.03.20 14:24:00,117280.63,117291.40,117280.63,117291.40,360,63,0
2026.03.20 14:18:00,117269.83,117280.60,117269.83,117280.60,360,63,0
2026.03.20 14:12:00,117259.03,117269.80,117259.03,117269.80,360,63,0
2026.03.20 14:06:00,117248.23,117259.00,117248.23,117259.00,360,63,0
2026.03.20 14:00:00,117268.49,117271.10,117240.07,117248.20,360,63,0
2026.03.20 13:54:00,117257.69,117268.46,117257.69,117268.46,360,63,0
2026.03.20 13:48:00,117273.96,117282.90,117255.86,117257.66,360,63,0
2026.03.20 13:42:00,117285.24,117293.25,117271.20,117273.93,360,63,0
2026.03.20 13:36:00,117274.44,117285.21,117274.44,117285.21,360,63,0
2026.03.20 13:30:00,117263.64,117274.41,117263.64,117274.41,360,63,0
2026.03.20 13:24:00,117272.42,117276.95,117257.40,117263.61,360,63,0
2026.03.20 13:18:00,117283.15,117285.16,117263.66,117272.39,360,63,0
2026.03.20 13:12:00,117272.35,117283.12,117272.35,117283.12,360,63,0
2026.03.20 13:06:00,117278.14,117287.50,117270.94,117272.32,360,63,0
2026.03.20 13:00:00,117267.34,117278.11,117267.34,117278.11,360,63,0
2026.03.20 12:54:00,117325.10,117325.43,117266.86,117267.31,360,63,0
2026.03.20 12:48:00,117349.12,117354.91,117322.13,117325.07,360,63,0
2026.03.20 12:42:00,117338.32,117349.09,117338.32,117349.09,360,63,0
2026.03.20 12:36:00,117327.52,117338.29,117327.52,117338.29,360,63,0
2026.03.20 12:30:00,117316.72,117327.49,117316.72,117327.49,360,63,0
2026.03.20 12:24:00,117305.92,117316.69,117305.92,117316.69,360,63,0
2026.03.20 12:18:00,117322.17,117324.27,117297.25,117305.89,360,63,0
2026.03.20 12:12:00,117333.74,117334.13,117311.79,117322.14,360,63,0
2026.03.20 12:06:00,117322.94,117333.71,117322.94,117333.71,360,63,0
2026.03.20 12:00:00,117312.14,117322.91,117312.14,117322.91,360,63,0
2026.03.20 11:54:00,117336.44,117345.26,117310.19,117312.11,360,63,0
2026.03.20 11:48:00,117325.64,117336.41,117325.64,117336.41,360,63,0
2026.03.20 11:42:00,117314.84,117325.61,117314.84,117325.61,360,63,0
2026.03.20 11:36:00,117316.36,117321.07,117308.78,117314.81,360,63,0
2026.03.20 11:30:00,117321.41,117328.70,117312.88,117316.33,360,63,0
2026.03.20 11:24:00,117310.61,117321.38,117310.61,117321.38,360,63,0
2026.03.20 11:18:00,117328.64,117332.36,117303.56,117310.58,360,63,0
2026.03.20 11:12:00,117317.84,117328.61,117317.84,117328.61,360,63,0
2026.03.20 11:06:00,117307.04,117317.81,117307.04,117317.81,360,63,0
2026.03.20 11:00:00,117296.24,117307.01,117296.24,117307.01,360,63,0
2026.03.20 10:54:00,117333.17,117335.27,117287.57,117296.21,360,63,0
2026.03.20 10:48:00,117322.37,117333.14,117322.37,117333.14,360,63,0
2026.03.20 10:42:00,117311.57,117322.34,117311.57,117322.34,360,63,0
2026.03.20 10:36:00,117300.77,117311.54,117300.77,117311.54,360,63,0
2026.03.20 10:30:00,117304.70,117304.97,117290.27,117300.74,360,63,0
2026.03.20 10:24:00,117293.90,117304.67,117293.90,117304.67,360,63,0
2026.03.20 10:18:00,117283.10,117293.87,117283.10,117293.87,360,63,0
2026.03.20 10:12:00,117272.30,117283.07,117272.30,117283.07,360,63,0
2026.03.20 10:06:00,117261.50,117272.27,117261.50,117272.27,360,63,0
2026.03.20 10:00:00,117250.70,117261.47,117250.70,117261.47,360,63,0
2026.03.20 09:54:00,117239.90,117250.67,117239.90,117250.67,360,63,0
2026.03.20 09:48:00,117229.10,117239.87,117229.10,117239.87,360,63,0
2026.03.20 09:42:00,117277.03,117279.61,117225.98,117229.07,360,63,0
2026.03.20 09:36:00,117305.75,117307.01,117267.52,117277.00,360,63,0
2026.03.20 09:30:00,117294.95,117305.72,117294.95,117305.72,360,63,0
2026.03.20 09:24:00,117284.15,117294.92,117284.15,117294.92,360,63,0
2026.03.20 09:18:00,117273.35,117284.12,117273.35,117284.12,360,63,0
2026.03.20 09:12:00,117275.25,117279.03,117266.36,117273.32,360,63,0
2026.03.20 09:06:00,117318.51,117318.57,117268.80,117275.22,360,63,0
2026.03.20 09:00:00,117307.71,117318.48,117307.71,117318.48,360,63,0
2026.03.20 08:54:00,117296.91,117307.68,117296.91,117307.68,360,63,0
2026.03.20 08:48:00,117286.11,117296.88,117286.11,117296.88,360,63,0
2026.03.20 08:42:00,117275.31,117286.08,117275.31,117286.08,360,63,0
2026.03.20 08:36:00,117327.46,117334.06,117273.78,117275.28,360,63,0
2026.03.20 08:30:00,117316.66,117327.43,117316.66,117327.43,360,63,0
2026.03.20 08:24:00,117305.86,117316.63,117305.86,117316.63,360,63,0
2026.03.20 08:18:00,117295.06,117305.83,117295.06,117305.83,360,63,0
2026.03.20 08:12:00,117307.14,117317.34,117294.49,117295.03,360,63,0
2026.03.20 08:06:00,117296.34,117307.11,117296.34,117307.11,360,63,0
2026.03.20 08:00:00,117330.27,117333.99,117294.87,117296.31,360,63,0
2026.03.20 07:54:00,117386.39,117393.20,117328.20,117330.24,360,63,0
2026.03.20 07:48:00,117375.59,117386.36,117375.59,117386.36,360,63,0
2026.03.20 07:42:00,117364.79,117375.56,117364.79,117375.56,360,63,0
2026.03.20 07:36:00,117372.82,117373.90,117355.10,117364.76,360,63,0
2026.03.20 07:30:00,117362.02,117372.79,117362.02,117372.79,360,63,0
2026.03.20 07:24:00,117351.22,117361.99,117351.22,117361.99,360,63,0
2026.03.20 07:18:00,117340.42,117351.19,117340.42,117351.19,360,63,0
2026.03.20 07:12:00,117329.62,117340.39,117329.62,117340.39,360,63,0
2026.03.20 07:06:00,117345.52,117349.75,117323.08,117329.59,360,63,0
2026.03.20 07:00:00,117334.72,117345.49,117334.72,117345.49,360,63,0
2026.03.20 06:54:00,117323.92,117334.69,117323.92,117334.69,360,63,0
2026.03.20 06:48:00,117313.12,117323.89,117313.12,117323.89,360,63,0
2026.03.20 06:42:00,117342.12,117349.56,117311.50,117313.09,360,63,0
2026.03.20 06:36:00,117331.32,117342.09,117331.32,117342.09,360,63,0
2026.03.20 06:30:00,117320.52,117331.29,117320.52,117331.29,360,63,0
2026.03.20 06:24:00,117309.72,117320.49,117309.72,117320.49,360,63,0
2026.03.20 06:18:00,117345.37,117353.74,117307.32,117309.69,360,63,0
2026.03.20 06:12:00,117361.30,117361.66,117334.96,117345.34,360,63,0
2026.03.20 06:06:00,117350.50,117361.27,117350.50,117361.27,360,63,0
2026.03.20 06:00:00,117339.70,117350.47,117339.70,117350.47,360,63,0
2026.03.20 05:54:00,117376.32,117380.58,117336.25,117339.67,360,63,0
2026.03.20 05:48:00,117365.52,117376.29,117365.52,117376.29,360,63,0
2026.03.20 05:42:00,117377.42,117380.45,117357.78,117365.49,360,63,0
2026.03.20 05:36:00,117382.41,117392.49,117376.73,117377.39,360,63,0
2026.03.20 05:30:00,117407.42,117414.41,117378.63,117382.38,360,63,0
2026.03.20 05:24:00,117432.96,117435.45,117399.14,117407.39,360,63,0
2026.03.20 05:18:00,117479.84,117484.13,117427.14,117432.93,360,63,0
2026.03.20 05:12:00,117469.04,117479.81,117469.04,117479.81,360,63,0
2026.03.20 05:06:00,117458.24,117469.01,117458.24,117469.01,360,63,0
2026.03.20 05:00:00,117447.44,117458.21,117447.44,117458.21,360,63,0
2026.03.20 04:54:00,117436.64,117447.41,117436.64,117447.41,360,63,0
2026.03.20 04:48:00,117425.84,117436.61,117425.84,117436.61,360,63,0
2026.03.20 04:42:00,117415.04,117425.81,117415.04,117425.81,360,63,0
2026.03.20 04:36:00,117404.24,117415.01,117404.24,117415.01,360,63,0
2026.03.20 04:30:00,117425.06,117429.53,117397.94,117404.21,360,63,0
2026.03.20 04:24:00,117414.26,117425.03,117414.26,117425.03,360,63,0
2026.03.20 04:18:00,117403.46,117414.23,117403.46,117414.23,360,63,0
2026.03.20 04:12:00,117392.66,117403.43,117392.66,117403.43,360,63,0
2026.03.20 04:06:00,117416.50,117420.19,117386.24,117392.63,360,63,0
2026.03.20 04:00:00,117405.70,117416.47,117405.70,117416.47,360,63,0
2026.03.20 03:54:00,117394.90,117405.67,117394.90,117405.67,360,63,0
2026.03.20 03:48:00,117427.36,117428.20,117389.17,117394.87,360,63,0
2026.03.20 03:42:00,117416.56,117427.33,117416.56,117427.33,360,63,0
2026.03.20 03:36:00,117405.76,117416.53,117405.76,117416.53,360,63,0
2026.03.20 03:30:00,117394.96,117405.73,117394.96,117405.73,360,63,0
2026.03.20 03:24:00,117384.16,117394.93,117384.16,117394.93,360,63,0
2026.03.20 03:18:00,117412.34,117420.23,117382.78,117384.13,360,63,0
2026.03.20 03:12:00,117401.54,117412.31,117401.54,117412.31,360,63,0
2026.03.20 03:06:00,117425.05,117427.57,117393.29,117401.51,360,63,0
2026.03.20 03:00:00,117414.25,117425.02,117414.25,117425.02,360,63,0
2026.03.20 02:54:00,117416.81,117425.36,117412.03,117414.22,360,63,0
2026.03.20 02:48:00,117434.26,117435.49,117407.27,117416.78,360,63,0
2026.03.20 02:42:00,117477.61,117481.21,117427.69,117434.23,360,63,0
2026.03.20 02:36:00,117531.88,117532.00,117469.00,117477.58,360,63,0
2026.03.20 02:30:00,117535.81,117537.70,117523.00,117531.85,360,63,0
2026.03.20 02:24:00,117525.01,117535.78,117525.01,117535.78,360,63,0
2026.03.20 02:18:00,117527.48,117528.86,117515.62,117524.98,360,63,0
2026.03.20 02:12:00,117516.68,117527.45,117516.68,117527.45,360,63,0
2026.03.20 02:06:00,117505.88,117516.65,117505.88,117516.65,360,63,0
2026.03.20 02:00:00,117522.56,117525.98,117498.53,117505.85,360,63,0
2026.03.20 01:54:00,117511.76,117522.53,117511.76,117522.53,360,63,0
2026.03.20 01:48:00,117500.96,117511.73,117500.96,117511.73,360,63,0
2026.03.20 01:42:00,117502.52,117503.60,117491.27,117500.93,360,63,0
2026.03.20 01:36:00,117520.20,117526.44,117497.99,117502.49,360,63,0
2026.03.20 01:30:00,117532.10,117539.33,117516.66,117520.17,360,63,0
2026.03.20 01:24:00,117521.30,117532.07,117521.30,117532.07,360,63,0
2026.03.20 01:18:00,117510.50,117521.27,117510.50,117521.27,360,63,0
2026.03.20 01:12:00,117537.29,117545.66,117508.10,117510.47,360,63,0
2026.03.20 01:06:00,117526.49,117537.26,117526.49,117537.26,360,63,0
2026.03.20 01:00:00,117552.86,117562.97,117525.83,117526.46,360,63,0
2026.03.20 00:54:00,117542.06,117552.83,117542.06,117552.83,360,63,0
2026.03.20 00:48:00,117531.26,117542.03,117531.26,117542.03,360,63,0
2026.03.20 00:42:00,117538.74,117542.61,117524.36,117531.23,360,63,0
2026.03.20 00:36:00,117540.50,117541.34,117528.81,117538.71,360,63,0
2026.03.20 00:30:00,117529.70,117540.47,117529.70,117540.47,360,63,0
2026.03.20 00:24:00,117518.90,117529.67,117518.90,117529.67,360,63,0
2026.03.20 00:18:00,117508.10,117518.87,117508.10,117518.87,360,63,0
2026.03.20 00:12:00,117515.81,117521.30,117502.82,117508.07,360,63,0
2026.03.20 00:06:00,117529.70,117539.12,117514.46,117515.78,360,63,0
2026.03.20 00:00:00,117518.90,117529.67,117518.90,117529.67,360,63,0
2026.03.19 23:54:00,117532.09,117541.21,117517.25,117518.87,360,63,0
2026.03.19 23:48:00,117521.29,117532.06,117521.29,117532.06,360,63,0
2026.03.19 23:42:00,117510.49,117521.26,117510.49,117521.26,360,63,0
2026.03.19 23:36:00,117529.60,117537.25,117507.37,117510.46,360,63,0
2026.03.19 23:30:00,117535.06,117545.80,117529.57,117529.57,360,63,0
2026.03.19 23:24:00,117632.16,117632.25,117531.16,117535.03,360,63,0
2026.03.19 23:18:00,117621.36,117632.13,117621.36,117632.13,360,63,0
2026.03.19 23:12:00,117610.56,117621.33,117610.56,117621.33,360,63,0
2026.03.19 23:06:00,117599.76,117610.53,117599.76,117610.53,360,63,0
2026.03.19 23:00:00,117605.56,117611.47,117594.90,117599.73,360,63,0
2026.03.19 22:54:00,117594.76,117605.53,117594.76,117605.53,360,63,0
2026.03.19 22:48:00,117605.49,117609.66,117588.16,117594.73,360,63,0
2026.03.19 22:42:00,117594.69,117605.46,117594.69,117605.46,360,63,0
2026.03.19 22:36:00,117621.22,117625.24,117587.94,117594.66,360,63,0
2026.03.19 22:30:00,117638.23,117639.91,117612.13,117621.19,360,63,0
2026.03.19 22:24:00,117627.43,117638.20,117627.43,117638.20,360,63,0
2026.03.19 22:18:00,117642.26,117648.47,117622.87,117627.40,360,63,0
2026.03.19 22:12:00,117675.74,117681.95,117637.70,117642.23,360,63,0
2026.03.19 22:06:00,117688.07,117688.16,117665.06,117675.71,360,63,0
2026.03.19 22:00:00,117677.27,117688.04,117677.27,117688.04,360,63,0
2026.03.19 21:54:00,117666.47,117677.24,117666.47,117677.24,360,63,0
2026.03.19 21:48:00,117655.67,117666.44,117655.67,117666.44,360,63,0
2026.03.19 21:42:00,117644.87,117655.64,117644.87,117655.64,360,63,0
2026.03.19 21:36:00,117634.07,117644.84,117634.07,117644.84,360,63,0
2026.03.19 21:30:00,117623.27,117634.04,117623.27,117634.04,360,63,0
2026.03.19 21:24:00,117612.47,117623.24,117612.47,117623.24,360,63,0
2026.03.19 21:18:00,117601.67,117612.44,117601.67,117612.44,360,63,0
2026.03.19 21:12:00,117590.87,117601.64,117590.87,117601.64,360,63,0
2026.03.19 21:06:00,117580.07,117590.84,117580.07,117590.84,360,63,0
2026.03.19 21:00:00,117569.27,117580.04,117569.27,117580.04,360,63,0
2026.03.19 20:54:00,117599.88,117602.04,117563.18,117569.24,360,63,0
2026.03.19 20:48:00,117589.08,117599.85,117589.08,117599.85,360,63,0
2026.03.19 20:42:00,117628.25,117635.12,117587.01,117589.05,360,63,0
2026.03.19 20:36:00,117630.63,117635.22,117622.07,117628.22,360,63,0
2026.03.19 20:30:00,117619.83,117630.60,117619.83,117630.60,360,63,0
2026.03.19 20:24:00,117629.85,117636.39,117615.60,117619.80,360,63,0
2026.03.19 20:18:00,117619.05,117629.82,117619.05,117629.82,360,63,0
2026.03.19 20:12:00,117608.25,117619.02,117608.25,117619.02,360,63,0
2026.03.19 20:06:00,117638.15,117645.14,117604.47,117608.22,360,63,0
2026.03.19 20:00:00,117664.68,117671.10,117633.80,117638.12,360,63,0
2026.03.19 19:54:00,117653.88,117664.65,117653.88,117664.65,360,63,0
2026.03.19 19:48:00,117643.08,117653.85,117643.08,117653.85,360,63,0
2026.03.19 19:42:00,117632.28,117643.05,117632.28,117643.05,360,63,0
2026.03.19 19:36:00,117621.48,117632.25,117621.48,117632.25,360,63,0
2026.03.19 19:30:00,117632.81,117638.45,117616.35,117621.45,360,63,0
2026.03.19 19:24:00,117643.09,117652.51,117631.46,117632.78,360,63,0
2026.03.19 19:18:00,117632.29,117643.06,117632.29,117643.06,360,63,0
2026.03.19 19:12:00,117635.30,117639.98,117626.20,117632.26,360,63,0
2026.03.19 19:06:00,117658.68,117659.31,117631.22,117635.27,360,63,0
2026.03.19 19:00:00,117647.88,117658.65,117647.88,117658.65,360,63,0
2026.03.19 18:54:00,117637.08,117647.85,117637.08,117647.85,360,63,0
2026.03.19 18:48:00,117668.80,117676.27,117635.07,117637.05,360,63,0
2026.03.19 18:42:00,117676.55,117680.60,117662.08,117668.77,360,63,0
2026.03.19 18:36:00,117708.05,117710.48,117673.19,117676.52,360,63,0
2026.03.19 18:30:00,117697.25,117708.02,117697.25,117708.02,360,63,0
2026.03.19 18:24:00,117686.45,117697.22,117686.45,117697.22,360,63,0
2026.03.19 18:18:00,117690.67,117693.97,117678.98,117686.42,360,63,0
2026.03.19 18:12:00,117679.87,117690.64,117679.87,117690.64,360,63,0
2026.03.19 18:06:00,117669.07,117679.84,117669.07,117679.84,360,63,0
2026.03.19 18:00:00,117658.27,117669.04,117658.27,117669.04,360,63,0
2026.03.19 17:54:00,117647.47,117658.24,117647.47,117658.24,360,63,0
2026.03.19 17:48:00,117636.67,117647.44,117636.67,117647.44,360,63,0
2026.03.19 17:42:00,117625.87,117636.64,117625.87,117636.64,360,63,0
2026.03.19 17:36:00,117640.95,117642.18,117616.33,117625.84,360,63,0
2026.03.19 17:30:00,117630.15,117640.92,117630.15,117640.92,360,63,0
2026.03.19 17:24:00,117619.35,117630.12,117619.35,117630.12,360,63,0
2026.03.19 17:18:00,117608.55,117619.32,117608.55,117619.32,360,63,0
2026.03.19 17:12:00,117597.75,117608.52,117597.75,117608.52,360,63,0
2026.03.19 17:06:00,117586.95,117597.72,117586.95,117597.72,360,63,0
2026.03.19 17:00:00,117616.98,117624.78,117583.98,117586.92,360,63,0
2026.03.19 16:54:00,117661.83,117661.95,117610.47,117616.95,360,63,0
2026.03.19 16:48:00,117679.89,117680.34,117651.51,117661.80,360,63,0
2026.03.19 16:42:00,117669.09,117679.86,117669.09,117679.86,360,63,0
2026.03.19 16:36:00,117658.29,117669.06,117658.29,117669.06,360,63,0
2026.03.19 16:30:00,117647.49,117658.26,117647.49,117658.26,360,63,0
2026.03.19 16:24:00,117668.24,117669.44,117637.92,117647.46,360,63,0
2026.03.19 16:18:00,117657.44,117668.21,117657.44,117668.21,360,63,0
2026.03.19 16:12:00,117676.51,117682.72,117652.88,117657.41,360,63,0
2026.03.19 16:06:00,117679.17,117687.60,117674.17,117676.48,360,63,0
2026.03.19 16:00:00,117668.37,117679.14,117668.37,117679.14,360,63,0
2026.03.19 15:54:00,117657.57,117668.34,117657.57,117668.34,360,63,0
2026.03.19 15:48:00,117646.77,117657.54,117646.77,117657.54,360,63,0
2026.03.19 15:42:00,117635.97,117646.74,117635.97,117646.74,360,63,0
2026.03.19 15:36:00,117625.17,117635.94,117625.17,117635.94,360,63,0
2026.03.19 15:30:00,117614.37,117625.14,117614.37,117625.14,360,63,0
2026.03.19 15:24:00,117634.75,117642.61,117611.46,117614.34,360,63,0
2026.03.19 15:18:00,117623.95,117634.72,117623.95,117634.72,360,63,0
2026.03.19 15:12:00,117613.15,117623.92,117613.15,117623.92,360,63,0
2026.03.19 15:06:00,117602.35,117613.12,117602.35,117613.12,360,63,0
2026.03.19 15:00:00,117591.55,117602.32,117591.55,117602.32,360,63,0
2026.03.19 14:54:00,117580.75,117591.52,117580.75,117591.52,360,63,0
2026.03.19 14:48:00,117569.95,117580.72,117569.95,117580.72,360,63,0
2026.03.19 14:42:00,117559.15,117569.92,117559.15,117569.92,360,63,0
2026.03.19 14:36:00,117578.12,117580.07,117558.13,117559.12,360,63,0
2026.03.19 14:30:00,117567.32,117578.09,117567.32,117578.09,360,63,0
2026.03.19 14:24:00,117580.00,117584.53,117561.08,117567.29,360,63,0
2026.03.19 14:18:00,117569.20,117579.97,117569.20,117579.97,360,63,0
2026.03.19 14:12:00,117589.53,117592.80,117561.70,117569.17,360,63,0
2026.03.19 14:06:00,117578.73,117589.50,117578.73,117589.50,360,63,0
2026.03.19 14:00:00,117567.93,117578.70,117567.93,117578.70,360,63,0
2026.03.19 13:54:00,117557.13,117567.90,117557.13,117567.90,360,63,0
2026.03.19 13:48:00,117569.48,117577.16,117554.04,117557.10,360,63,0
2026.03.19 13:42:00,117558.68,117569.45,117558.68,117569.45,360,63,0
2026.03.19 13:36:00,117547.88,117558.65,117547.88,117558.65,360,63,0
2026.03.19 13:30:00,117537.08,117547.85,117537.08,117547.85,360,63,0
2026.03.19 13:24:00,117526.28,117537.05,117526.28,117537.05,360,63,0
2026.03.19 13:18:00,117515.48,117526.25,117515.48,117526.25,360,63,0
2026.03.19 13:12:00,117504.68,117515.45,117504.68,117515.45,360,63,0
2026.03.19 13:06:00,117493.88,117504.65,117493.88,117504.65,360,63,0
2026.03.19 13:00:00,117483.08,117493.85,117483.08,117493.85,360,63,0
2026.03.19 12:54:00,117501.36,117506.37,117477.32,117483.05,360,63,0
2026.03.19 12:48:00,117511.59,117515.61,117494.61,117501.33,360,63,0
2026.03.19 12:42:00,117500.79,117511.56,117500.79,117511.56,360,63,0
2026.03.19 12:36:00,117489.99,117500.76,117489.99,117500.76,360,63,0
2026.03.19 12:30:00,117479.19,117489.96,117479.19,117489.96,360,63,0
2026.03.19 12:24:00,117535.10,117539.93,117476.10,117479.16,360,63,0
2026.03.19 12:18:00,117570.02,117570.83,117527.72,117535.07,360,63,0
2026.03.19 12:12:00,117559.22,117569.99,117559.22,117569.99,360,63,0
2026.03.19 12:06:00,117548.42,117559.19,117548.42,117559.19,360,63,0
2026.03.19 12:00:00,117537.62,117548.39,117537.62,117548.39,360,63,0
2026.03.19 11:54:00,117540.41,117547.37,117533.81,117537.59,360,63,0
2026.03.19 11:48:00,117529.61,117540.38,117529.61,117540.38,360,63,0
2026.03.19 11:42:00,117518.81,117529.58,117518.81,117529.58,360,63,0
2026.03.19 11:36:00,117523.24,117526.66,117511.46,117518.78,360,63,0
2026.03.19 11:30:00,117548.09,117550.13,117514.51,117523.21,360,63,0
2026.03.19 11:24:00,117537.29,117548.06,117537.29,117548.06,360,63,0
2026.03.19 11:18:00,117564.77,117567.56,117530.48,117537.26,360,63,0
2026.03.19 11:12:00,117553.97,117564.74,117553.97,117564.74,360,63,0
2026.03.19 11:06:00,117543.17,117553.94,117543.17,117553.94,360,63,0
2026.03.19 11:00:00,117532.37,117543.14,117532.37,117543.14,360,63,0
2026.03.19 10:54:00,117534.01,117537.61,117525.20,117532.34,360,63,0
2026.03.19 10:48:00,117523.21,117533.98,117523.21,117533.98,360,63,0
2026.03.19 10:42:00,117526.87,117531.37,117516.94,117523.18,360,63,0
2026.03.19 10:36:00,117531.06,117536.07,117521.11,117526.84,360,63,0
2026.03.19 10:30:00,117535.38,117545.64,117530.55,117531.03,360,63,0
2026.03.19 10:24:00,117546.86,117553.91,117531.66,117535.35,360,63,0
2026.03.19 10:18:00,117552.48,117559.68,117543.29,117546.83,360,63,0
2026.03.19 10:12:00,117541.68,117552.45,117541.68,117552.45,360,63,0
2026.03.19 10:06:00,117530.88,117541.65,117530.88,117541.65,360,63,0
2026.03.19 10:00:00,117520.08,117530.85,117520.08,117530.85,360,63,0
2026.03.19 09:54:00,117509.28,117520.05,117509.28,117520.05,360,63,0
2026.03.19 09:48:00,117537.52,117540.97,117506.49,117509.25,360,63,0
2026.03.19 09:42:00,117526.72,117537.49,117526.72,117537.49,360,63,0
2026.03.19 09:36:00,117528.32,117538.61,117526.24,117526.69,360,63,0
2026.03.19 09:30:00,117517.52,117528.29,117517.52,117528.29,360,63,0
2026.03.19 09:24:00,117506.72,117517.49,117506.72,117517.49,360,63,0
2026.03.19 09:18:00,117495.92,117506.69,117495.92,117506.69,360,63,0
2026.03.19 09:12:00,117485.12,117495.89,117485.12,117495.89,360,63,0
2026.03.19 09:06:00,117474.32,117485.09,117474.32,117485.09,360,63,0
2026.03.19 09:00:00,117463.52,117474.29,117463.52,117474.29,360,63,0
2026.03.19 08:54:00,117452.72,117463.49,117452.72,117463.49,360,63,0
2026.03.19 08:48:00,117441.92,117452.69,117441.92,117452.69,360,63,0
2026.03.19 08:42:00,117431.12,117441.89,117431.12,117441.89,360,63,0
2026.03.19 08:36:00,117420.32,117431.09,117420.32,117431.09,360,63,0
2026.03.19 08:30:00,117409.52,117420.29,117409.52,117420.29,360,63,0
2026.03.19 08:24:00,117398.72,117409.49,117398.72,117409.49,360,63,0
2026.03.19 08:18:00,117415.09,117418.12,117390.98,117398.69,360,63,0
2026.03.19 08:12:00,117421.78,117421.93,117404.47,117415.06,360,63,0
2026.03.19 08:06:00,117432.38,117438.11,117416.74,117421.75,360,63,0
2026.03.19 08:00:00,117446.28,117447.36,117422.69,117432.35,360,63,0
2026.03.19 07:54:00,117435.48,117446.25,117435.48,117446.25,360,63,0
2026.03.19 07:48:00,117457.12,117463.36,117432.66,117435.45,360,63,0
2026.03.19 07:42:00,117446.32,117457.09,117446.32,117457.09,360,63,0
2026.03.19 07:36:00,117435.52,117446.29,117435.52,117446.29,360,63,0
2026.03.19 07:30:00,117424.72,117435.49,117424.72,117435.49,360,63,0
2026.03.19 07:24:00,117413.92,117424.69,117413.92,117424.69,360,63,0
2026.03.19 07:18:00,117403.12,117413.89,117403.12,117413.89,360,63,0
2026.03.19 07:12:00,117392.32,117403.09,117392.32,117403.09,360,63,0
2026.03.19 07:06:00,117503.31,117505.62,117392.26,117392.29,360,63,0
2026.03.19 07:00:00,117509.37,117515.28,117498.45,117503.28,360,63,0
2026.03.19 06:54:00,117498.57,117509.34,117498.57,117509.34,360,63,0
2026.03.19 06:48:00,117500.46,117505.83,117493.17,117498.54,360,63,0
2026.03.19 06:42:00,117489.66,117500.43,117489.66,117500.43,360,63,0
2026.03.19 06:36:00,117478.86,117489.63,117478.86,117489.63,360,63,0
2026.03.19 06:30:00,117497.99,117500.60,117470.70,117478.83,360,63,0
2026.03.19 06:24:00,117519.24,117528.78,117496.76,117497.96,360,63,0
2026.03.19 06:18:00,117508.44,117519.21,117508.44,117519.21,360,63,0
2026.03.19 06:12:00,117497.64,117508.41,117497.64,117508.41,360,63,0
2026.03.19 06:06:00,117486.84,117497.61,117486.84,117497.61,360,63,0
2026.03.19 06:00:00,117476.04,117486.81,117476.04,117486.81,360,63,0
2026.03.19 05:54:00,117465.24,117476.01,117465.24,117476.01,360,63,0
2026.03.19 05:48:00,117454.44,117465.21,117454.44,117465.21,360,63,0
2026.03.19 05:42:00,117489.69,117493.11,117447.09,117454.41,360,63,0
2026.03.19 05:36:00,117502.16,117512.60,117489.36,117489.66,360,63,0
2026.03.19 05:30:00,117491.36,117502.13,117491.36,117502.13,360,63,0
2026.03.19 05:24:00,117480.56,117491.33,117480.56,117491.33,360,63,0
2026.03.19 05:18:00,117494.73,117500.55,117475.61,117480.53,360,63,0
2026.03.19 05:12:00,117483.93,117494.70,117483.93,117494.70,360,63,0
2026.03.19 05:06:00,117503.65,117507.88,117477.39,117483.90,360,63,0
2026.03.19 05:00:00,117507.22,117517.12,117502.78,117503.62,360,63,0
2026.03.19 04:54:00,117496.42,117507.19,117496.42,117507.19,360,63,0
2026.03.19 04:48:00,117502.11,117506.55,117490.09,117496.39,360,63,0
2026.03.19 04:42:00,117504.68,117514.82,117501.48,117502.08,360,63,0
2026.03.19 04:36:00,117493.88,117504.65,117493.88,117504.65,360,63,0
2026.03.19 04:30:00,117483.08,117493.85,117483.08,117493.85,360,63,0
2026.03.19 04:24:00,117484.97,117485.15,117472.49,117483.05,360,63,0
2026.03.19 04:18:00,117489.36,117492.63,117477.47,117484.94,360,63,0
2026.03.19 04:12:00,117478.56,117489.33,117478.56,117489.33,360,63,0
2026.03.19 04:06:00,117509.18,117517.67,117477.60,117478.53,360,63,0
2026.03.19 04:00:00,117513.49,117514.84,117499.76,117509.15,360,63,0
2026.03.19 03:54:00,117502.69,117513.46,117502.69,117513.46,360,63,0
2026.03.19 03:48:00,117531.11,117534.98,117502.06,117502.66,360,63,0
2026.03.19 03:42:00,117541.68,117543.30,117521.96,117531.08,360,63,0
2026.03.19 03:36:00,117530.88,117541.65,117530.88,117541.65,360,63,0
2026.03.19 03:30:00,117520.08,117530.85,117520.08,117530.85,360,63,0
2026.03.19 03:24:00,117509.28,117520.05,117509.28,117520.05,360,63,0
2026.03.19 03:18:00,117498.48,117509.25,117498.48,117509.25,360,63,0
2026.03.19 03:12:00,117487.68,117498.45,117487.68,117498.45,360,63,0
2026.03.19 03:06:00,117501.00,117505.50,117481.41,117487.65,360,63,0
2026.03.19 03:00:00,117490.20,117500.97,117490.20,117500.97,360,63,0
2026.03.19 02:54:00,117479.40,117490.17,117479.40,117490.17,360,63,0
2026.03.19 02:48:00,117503.60,117508.19,117473.22,117479.37,360,63,0
2026.03.19 02:42:00,117492.80,117503.57,117492.80,117503.57,360,63,0
2026.03.19 02:36:00,117509.09,117518.03,117490.97,117492.77,360,63,0
2026.03.19 02:30:00,117498.29,117509.06,117498.29,117509.06,360,63,0
2026.03.19 02:24:00,117487.49,117498.26,117487.49,117498.26,360,63,0
2026.03.19 02:18:00,117497.20,117501.52,117481.04,117487.46,360,63,0
2026.03.19 02:12:00,117501.96,117504.48,117488.95,117497.17,360,63,0
2026.03.19 02:06:00,117491.16,117501.93,117491.16,117501.93,360,63,0
2026.03.19 02:00:00,117495.17,117496.13,117481.35,117491.13,360,63,0
2026.03.19 01:54:00,117499.52,117503.33,117488.21,117495.14,360,63,0
2026.03.19 01:48:00,117519.42,117523.86,117493.19,117499.49,360,63,0
2026.03.19 01:42:00,117508.62,117519.39,117508.62,117519.39,360,63,0
2026.03.19 01:36:00,117497.82,117508.59,117497.82,117508.59,360,63,0
2026.03.19 01:30:00,117530.56,117530.80,117495.72,117497.79,360,63,0
2026.03.19 01:24:00,117536.88,117538.29,117521.20,117530.53,360,63,0
2026.03.19 01:18:00,117526.08,117536.85,117526.08,117536.85,360,63,0
2026.03.19 01:12:00,117515.28,117526.05,117515.28,117526.05,360,63,0
2026.03.19 01:06:00,117504.48,117515.25,117504.48,117515.25,360,63,0
2026.03.19 01:00:00,117517.64,117520.01,117496.08,117504.45,360,63,0
2026.03.19 00:54:00,117524.23,117528.88,117511.52,117517.61,360,63,0
2026.03.19 00:48:00,117513.43,117524.20,117513.43,117524.20,360,63,0
2026.03.19 00:42:00,117548.64,117549.69,117510.31,117513.40,360,63,0
2026.03.19 00:36:00,117578.61,117584.25,117544.44,117548.61,360,63,0
2026.03.19 00:30:00,117567.81,117578.58,117567.81,117578.58,360,63,0
2026.03.19 00:24:00,117557.01,117567.78,117557.01,117567.78,360,63,0
2026.03.19 00:18:00,117546.21,117556.98,117546.21,117556.98,360,63,0
2026.03.19 00:12:00,117535.41,117546.18,117535.41,117546.18,360,63,0
2026.03.19 00:06:00,117548.68,117554.29,117530.25,117535.38,360,63,0
2026.03.19 00:00:00,117561.23,117570.68,117547.36,117548.65,360,63,0
2026.03.18 23:54:00,117566.07,117569.52,117553.91,117561.20,360,63,0
2026.03.18 23:48:00,117586.14,117586.74,117555.90,117566.04,360,63,0
2026.03.18 23:42:00,117595.66,117597.97,117577.68,117586.11,360,63,0
2026.03.18 23:36:00,117584.86,117595.63,117584.86,117595.63,360,63,0
2026.03.18 23:30:00,117589.40,117594.41,117579.10,117584.83,360,63,0
2026.03.18 23:24:00,117578.60,117589.37,117578.60,117589.37,360,63,0
2026.03.18 23:18:00,117567.80,117578.57,117567.80,117578.57,360,63,0
2026.03.18 23:12:00,117577.33,117579.01,117558.71,117567.77,360,63,0
2026.03.18 23:06:00,117566.53,117577.30,117566.53,117577.30,360,63,0
2026.03.18 23:00:00,117555.73,117566.50,117555.73,117566.50,360,63,0
2026.03.18 22:54:00,117544.93,117555.70,117544.93,117555.70,360,63,0
2026.03.18 22:48:00,117534.13,117544.90,117534.13,117544.90,360,63,0
2026.03.18 22:42:00,117523.33,117534.10,117523.33,117534.10,360,63,0
2026.03.18 22:36:00,117512.53,117523.30,117512.53,117523.30,360,63,0
2026.03.18 22:30:00,117501.73,117512.50,117501.73,117512.50,360,63,0
2026.03.18 22:24:00,117490.93,117501.70,117490.93,117501.70,360,63,0
2026.03.18 22:18:00,117531.44,117537.02,117485.83,117490.90,360,63,0
2026.03.18 22:12:00,117520.64,117531.41,117520.64,117531.41,360,63,0
2026.03.18 22:06:00,117509.84,117520.61,117509.84,117520.61,360,63,0
2026.03.18 22:00:00,117499.04,117509.81,117499.04,117509.81,360,63,0
2026.03.18 21:54:00,117488.24,117499.01,117488.24,117499.01,360,63,0
2026.03.18 21:48:00,117477.44,117488.21,117477.44,117488.21,360,63,0
2026.03.18 21:42:00,117466.64,117477.41,117466.64,117477.41,360,63,0
2026.03.18 21:36:00,117455.84,117466.61,117455.84,117466.61,360,63,0
2026.03.18 21:30:00,117445.04,117455.81,117445.04,117455.81,360,63,0
2026.03.18 21:24:00,117489.42,117496.56,117443.87,117445.01,360,63,0
2026.03.18 21:18:00,117478.62,117489.39,117478.62,117489.39,360,63,0
2026.03.18 21:12:00,117467.82,117478.59,117467.82,117478.59,360,63,0
2026.03.18 21:06:00,117457.02,117467.79,117457.02,117467.79,360,63,0
2026.03.18 21:00:00,117446.22,117456.99,117446.22,117456.99,360,63,0
2026.03.18 20:54:00,117470.86,117472.12,117437.13,117446.19,360,63,0
2026.03.18 20:48:00,117460.06,117470.83,117460.06,117470.83,360,63,0
2026.03.18 20:42:00,117449.26,117460.03,117449.26,117460.03,360,63,0
2026.03.18 20:36:00,117438.46,117449.23,117438.46,117449.23,360,63,0
2026.03.18 20:30:00,117427.66,117438.43,117427.66,117438.43,360,63,0
2026.03.18 20:24:00,117469.15,117473.98,117426.01,117427.63,360,63,0
2026.03.18 20:18:00,117458.35,117469.12,117458.35,117469.12,360,63,0
2026.03.18 20:12:00,117447.55,117458.32,117447.55,117458.32,360,63,0
2026.03.18 20:06:00,117436.75,117447.52,117436.75,117447.52,360,63,0
2026.03.18 20:00:00,117425.95,117436.72,117425.95,117436.72,360,63,0
2026.03.18 19:54:00,117431.73,117435.90,117419.35,117425.92,360,63,0
2026.03.18 19:48:00,117420.93,117431.70,117420.93,117431.70,360,63,0
2026.03.18 19:42:00,117410.13,117420.90,117410.13,117420.90,360,63,0
2026.03.18 19:36:00,117424.87,117429.91,117404.40,117410.10,360,63,0
2026.03.18 19:30:00,117457.06,117458.41,117415.45,117424.84,360,63,0
2026.03.18 19:24:00,117446.26,117457.03,117446.26,117457.03,360,63,0
2026.03.18 19:18:00,117435.46,117446.23,117435.46,117446.23,360,63,0
2026.03.18 19:12:00,117424.66,117435.43,117424.66,117435.43,360,63,0
2026.03.18 19:06:00,117427.84,117431.80,117417.85,117424.63,360,63,0
2026.03.18 19:00:00,117417.04,117427.81,117417.04,117427.81,360,63,0
2026.03.18 18:54:00,117446.68,117447.46,117407.05,117417.01,360,63,0
2026.03.18 18:48:00,117435.88,117446.65,117435.88,117446.65,360,63,0
2026.03.18 18:42:00,117425.08,117435.85,117425.08,117435.85,360,63,0
2026.03.18 18:36:00,117436.85,117444.17,117421.63,117425.05,360,63,0
2026.03.18 18:30:00,117426.05,117436.82,117426.05,117436.82,360,63,0
2026.03.18 18:24:00,117455.84,117457.88,117417.32,117426.02,360,63,0
2026.03.18 18:18:00,117445.04,117455.81,117445.04,117455.81,360,63,0
2026.03.18 18:12:00,117464.81,117465.65,117435.74,117445.01,360,63,0
2026.03.18 18:06:00,117485.41,117485.50,117454.13,117464.78,360,63,0
2026.03.18 18:00:00,117474.61,117485.38,117474.61,117485.38,360,63,0
2026.03.18 17:54:00,117463.81,117474.58,117463.81,117474.58,360,63,0
2026.03.18 17:48:00,117453.01,117463.78,117453.01,117463.78,360,63,0
2026.03.18 17:42:00,117456.36,117456.87,117442.75,117452.98,360,63,0
2026.03.18 17:36:00,117462.97,117463.27,117445.89,117456.33,360,63,0
2026.03.18 17:30:00,117514.49,117515.06,117461.92,117462.94,360,63,0
2026.03.18 17:24:00,117503.69,117514.46,117503.69,117514.46,360,63,0
2026.03.18 17:18:00,117492.89,117503.66,117492.89,117503.66,360,63,0
2026.03.18 17:12:00,117482.09,117492.86,117482.09,117492.86,360,63,0
2026.03.18 17:06:00,117471.29,117482.06,117471.29,117482.06,360,63,0
2026.03.18 17:00:00,117460.49,117471.26,117460.49,117471.26,360,63,0
2026.03.18 16:54:00,117449.69,117460.46,117449.69,117460.46,360,63,0
2026.03.18 16:48:00,117438.89,117449.66,117438.89,117449.66,360,63,0
2026.03.18 16:42:00,117467.26,117472.24,117433.10,117438.86,360,63,0
2026.03.18 16:36:00,117456.46,117467.23,117456.46,117467.23,360,63,0
2026.03.18 16:30:00,117445.66,117456.43,117445.66,117456.43,360,63,0
2026.03.18 16:24:00,117434.86,117445.63,117434.86,117445.63,360,63,0
2026.03.18 16:18:00,117424.06,117434.83,117424.06,117434.83,360,63,0
2026.03.18 16:12:00,117433.91,117438.38,117417.76,117424.03,360,63,0
2026.03.18 16:06:00,117437.73,117438.21,117423.62,117433.88,360,63,0
2026.03.18 16:00:00,117426.93,117437.70,117426.93,117437.70,360,63,0
2026.03.18 15:54:00,117416.13,117426.90,117416.13,117426.90,360,63,0
2026.03.18 15:48:00,117405.33,117416.10,117405.33,117416.10,360,63,0
2026.03.18 15:42:00,117394.53,117405.30,117394.53,117405.30,360,63,0
2026.03.18 15:36:00,117400.71,117404.01,117387.06,117394.50,360,63,0
2026.03.18 15:30:00,117440.28,117440.55,117399.84,117400.68,360,63,0
2026.03.18 15:24:00,117478.59,117479.52,117431.52,117440.25,360,63,0
2026.03.18 15:18:00,117467.79,117478.56,117467.79,117478.56,360,63,0
2026.03.18 15:12:00,117456.99,117467.76,117456.99,117467.76,360,63,0
2026.03.18 15:06:00,117446.19,117456.96,117446.19,117456.96,360,63,0
2026.03.18 15:00:00,117435.39,117446.16,117435.39,117446.16,360,63,0
2026.03.18 14:54:00,117424.59,117435.36,117424.59,117435.36,360,63,0
2026.03.18 14:48:00,117454.60,117459.37,117423.57,117424.56,360,63,0
2026.03.18 14:42:00,117443.80,117454.57,117443.80,117454.57,360,63,0
2026.03.18 14:36:00,117433.00,117443.77,117433.00,117443.77,360,63,0
2026.03.18 14:30:00,117454.59,117459.27,117426.91,117432.97,360,63,0
2026.03.18 14:24:00,117443.79,117454.56,117443.79,117454.56,360,63,0
2026.03.18 14:18:00,117432.99,117443.76,117432.99,117443.76,360,63,0
2026.03.18 14:12:00,117422.19,117432.96,117422.19,117432.96,360,63,0
2026.03.18 14:06:00,117411.39,117422.16,117411.39,117422.16,360,63,0
2026.03.18 14:00:00,117400.59,117411.36,117400.59,117411.36,360,63,0
2026.03.18 13:54:00,117389.79,117400.56,117389.79,117400.56,360,63,0
2026.03.18 13:48:00,117393.86,117396.80,117381.96,117389.76,360,63,0
2026.03.18 13:42:00,117383.06,117393.83,117383.06,117393.83,360,63,0
2026.03.18 13:36:00,117372.26,117383.03,117372.26,117383.03,360,63,0
2026.03.18 13:30:00,117361.46,117372.23,117361.46,117372.23,360,63,0
2026.03.18 13:24:00,117350.66,117361.43,117350.66,117361.43,360,63,0
2026.03.18 13:18:00,117390.38,117392.03,117342.23,117350.63,361,63,0
2026.03.18 13:12:00,117379.61,117390.35,117379.61,117390.35,359,63,0
2026.03.18 13:06:00,117382.89,117390.72,117376.67,117379.58,360,63,0
2026.03.18 13:00:00,117372.06,117382.86,117372.06,117382.86,361,63,0
2026.03.18 12:54:00,117361.29,117372.03,117361.29,117372.03,359,63,0
2026.03.18 12:48:00,117350.46,117361.26,117350.46,117361.26,361,63,0
2026.03.18 12:42:00,117339.66,117350.43,117339.66,117350.43,360,63,0
2026.03.18 12:36:00,117367.45,117367.48,117332.49,117339.63,359,63,0
2026.03.18 12:30:00,117420.14,117421.73,117366.97,117367.42,361,63,0
2026.03.18 12:24:00,117409.37,117420.11,117409.37,117420.11,359,63,0
2026.03.18 12:18:00,117398.54,117409.34,117398.54,117409.34,361,63,0
2026.03.18 12:12:00,117418.95,117421.95,117390.77,117398.51,360,63,0
2026.03.18 12:06:00,117408.18,117418.92,117408.18,117418.92,359,63,0
2026.03.18 12:00:00,117397.35,117408.15,117397.35,117408.15,361,63,0
2026.03.18 11:54:00,117386.55,117397.32,117386.55,117397.32,360,63,0
2026.03.18 11:48:00,117375.75,117386.52,117375.75,117386.52,360,63,0
2026.03.18 11:42:00,117387.11,117388.22,117366.09,117375.72,360,63,0
2026.03.18 11:36:00,117393.18,117402.27,117385.43,117387.08,360,63,0
2026.03.18 11:30:00,117382.38,117393.15,117382.38,117393.15,360,63,0
2026.03.18 11:24:00,117371.58,117382.35,117371.58,117382.35,360,63,0
2026.03.18 11:18:00,117360.78,117371.55,117360.78,117371.55,360,63,0
2026.03.18 11:12:00,117379.54,117381.31,117351.78,117360.75,360,63,0
2026.03.18 11:06:00,117368.74,117379.51,117368.74,117379.51,360,63,0
2026.03.18 11:00:00,117420.72,117424.92,117367.51,117368.71,360,63,0
2026.03.18 10:54:00,117409.92,117420.69,117409.92,117420.69,360,63,0
2026.03.18 10:48:00,117399.12,117409.89,117399.12,117409.89,360,63,0
2026.03.18 10:42:00,117406.49,117413.78,117395.64,117399.09,360,63,0
2026.03.18 10:36:00,117395.69,117406.46,117395.69,117406.46,360,63,0
2026.03.18 10:30:00,117408.97,117409.21,117385.16,117395.66,360,63,0
2026.03.18 10:24:00,117398.17,117408.94,117398.17,117408.94,360,63,0
2026.03.18 10:18:00,117387.37,117398.14,117387.37,117398.14,360,63,0
2026.03.18 10:12:00,117405.66,117408.72,117379.66,117387.34,360,63,0
2026.03.18 10:06:00,117394.86,117405.63,117394.86,117405.63,360,63,0
2026.03.18 10:00:00,117384.06,117394.83,117384.06,117394.83,360,63,0
2026.03.18 09:54:00,117373.26,117384.03,117373.26,117384.03,360,63,0
2026.03.18 09:48:00,117377.53,117382.78,117367.74,117373.23,360,63,0
2026.03.18 09:42:00,117390.53,117399.20,117375.43,117377.50,360,63,0
2026.03.18 09:36:00,117379.73,117390.50,117379.73,117390.50,360,63,0
2026.03.18 09:30:00,117368.93,117379.70,117368.93,117379.70,360,63,0
2026.03.18 09:24:00,117358.13,117368.90,117358.13,117368.90,360,63,0
2026.03.18 09:18:00,117365.28,117371.85,117353.93,117358.10,360,63,0
2026.03.18 09:12:00,117354.48,117365.25,117354.48,117365.25,360,63,0
2026.03.18 09:06:00,117343.68,117354.45,117343.68,117354.45,360,63,0
2026.03.18 09:00:00,117351.57,117358.80,117340.14,117343.65,360,63,0
2026.03.18 08:54:00,117340.77,117351.54,117340.77,117351.54,360,63,0
2026.03.18 08:48:00,117329.97,117340.74,117329.97,117340.74,360,63,0
2026.03.18 08:42:00,117319.17,117329.94,117319.17,117329.94,360,63,0
2026.03.18 08:36:00,117338.47,117342.22,117312.15,117319.14,360,63,0
2026.03.18 08:30:00,117327.67,117338.44,117327.67,117338.44,360,63,0
2026.03.18 08:24:00,117338.19,117340.38,117319.09,117327.64,360,63,0
2026.03.18 08:18:00,117327.39,117338.16,117327.39,117338.16,360,63,0
2026.03.18 08:12:00,117344.15,117347.63,117320.10,117327.36,360,63,0
2026.03.18 08:06:00,117333.35,117344.12,117333.35,117344.12,360,63,0
2026.03.18 08:00:00,117322.55,117333.32,117322.55,117333.32,360,63,0
2026.03.18 07:54:00,117330.00,117334.53,117316.31,117322.52,360,63,0
2026.03.18 07:48:00,117319.20,117329.97,117319.20,117329.97,360,63,0
2026.03.18 07:42:00,117308.40,117319.17,117308.40,117319.17,360,63,0
2026.03.18 07:36:00,117321.09,117324.03,117300.57,117308.37,360,63,0
2026.03.18 07:30:00,117310.29,117321.06,117310.29,117321.06,360,63,0
2026.03.18 07:24:00,117316.80,117323.61,117306.33,117310.26,360,63,0
2026.03.18 07:18:00,117306.00,117316.77,117306.00,117316.77,360,63,0
2026.03.18 07:12:00,117295.20,117305.97,117295.20,117305.97,360,63,0
2026.03.18 07:06:00,117313.35,117318.12,117289.20,117295.17,360,63,0
2026.03.18 07:00:00,117302.55,117313.32,117302.55,117313.32,360,63,0
2026.03.18 06:54:00,117291.75,117302.52,117291.75,117302.52,360,63,0
2026.03.18 06:48:00,117280.95,117291.72,117280.95,117291.72,360,63,0
2026.03.18 06:42:00,117270.15,117280.92,117270.15,117280.92,360,63,0
2026.03.18 06:36:00,117259.35,117270.12,117259.35,117270.12,360,63,0
2026.03.18 06:30:00,117248.55,117259.32,117248.55,117259.32,360,63,0
2026.03.18 06:24:00,117260.10,117260.76,117238.44,117248.52,360,63,0
2026.03.18 06:18:00,117249.30,117260.07,117249.30,117260.07,360,63,0
2026.03.18 06:12:00,117258.13,117268.60,117249.00,117249.27,360,63,0
2026.03.18 06:06:00,117247.33,117258.10,117247.33,117258.10,360,63,0
2026.03.18 06:00:00,117236.53,117247.30,117236.53,117247.30,360,63,0
2026.03.18 05:54:00,117240.11,117247.40,117233.05,117236.50,360,63,0
2026.03.18 05:48:00,117229.31,117240.08,117229.31,117240.08,360,63,0
2026.03.18 05:42:00,117248.03,117249.89,117220.40,117229.28,360,63,0
2026.03.18 05:36:00,117237.23,117248.00,117237.23,117248.00,360,63,0
2026.03.18 05:30:00,117226.43,117237.20,117226.43,117237.20,360,63,0
2026.03.18 05:24:00,117280.19,117285.44,117223.40,117226.40,360,63,0
2026.03.18 05:18:00,117338.00,117341.60,117278.99,117280.16,360,63,0
2026.03.18 05:12:00,117327.20,117337.97,117327.20,117337.97,360,63,0
2026.03.18 05:06:00,117316.40,117327.17,117316.40,117327.17,360,63,0
2026.03.18 05:00:00,117305.60,117316.37,117305.60,117316.37,360,63,0
2026.03.18 04:54:00,117323.83,117325.93,117296.93,117305.57,360,63,0
2026.03.18 04:48:00,117313.03,117323.80,117313.03,117323.80,360,63,0
2026.03.18 04:42:00,117302.23,117313.00,117302.23,117313.00,360,63,0
2026.03.18 04:36:00,117317.35,117327.22,117301.33,117302.20,360,63,0
2026.03.18 04:30:00,117337.21,117345.37,117314.74,117317.32,360,63,0
2026.03.18 04:24:00,117326.41,117337.18,117326.41,117337.18,360,63,0
2026.03.18 04:18:00,117315.61,117326.38,117315.61,117326.38,360,63,0
2026.03.18 04:12:00,117320.56,117329.92,117314.20,117315.58,360,63,0
2026.03.18 04:06:00,117309.76,117320.53,117309.76,117320.53,360,63,0
2026.03.18 04:00:00,117298.96,117309.73,117298.96,117309.73,360,63,0
2026.03.18 03:54:00,117313.80,117320.13,117294.52,117298.93,360,63,0
2026.03.18 03:48:00,117303.00,117313.77,117303.00,117313.77,360,63,0
2026.03.18 03:42:00,117313.89,117323.19,117301.53,117302.97,360,63,0
2026.03.18 03:36:00,117336.33,117340.89,117307.68,117313.86,360,63,0
2026.03.18 03:30:00,117325.53,117336.30,117325.53,117336.30,360,63,0
2026.03.18 03:24:00,117314.73,117325.50,117314.73,117325.50,360,63,0
2026.03.18 03:18:00,117303.93,117314.70,117303.93,117314.70,360,63,0
2026.03.18 03:12:00,117316.22,117319.07,117296.01,117303.90,360,63,0
2026.03.18 03:06:00,117336.75,117346.29,117314.99,117316.19,360,63,0
2026.03.18 03:00:00,117325.95,117336.72,117325.95,117336.72,360,63,0
2026.03.18 02:54:00,117315.15,117325.92,117315.15,117325.92,360,63,0
2026.03.18 02:48:00,117326.70,117336.24,117313.92,117315.12,360,63,0
2026.03.18 02:42:00,117330.68,117339.65,117324.90,117326.67,360,63,0
2026.03.18 02:36:00,117348.21,117358.05,117329.75,117330.65,360,63,0
2026.03.18 02:30:00,117337.41,117348.18,117337.41,117348.18,360,63,0
2026.03.18 02:24:00,117326.61,117337.38,117326.61,117337.38,360,63,0
2026.03.18 02:18:00,117315.81,117326.58,117315.81,117326.58,360,63,0
2026.03.18 02:12:00,117305.01,117315.78,117305.01,117315.78,360,63,0
2026.03.18 02:06:00,117294.21,117304.98,117294.21,117304.98,360,63,0
2026.03.18 02:00:00,117283.41,117294.18,117283.41,117294.18,360,63,0
2026.03.18 01:54:00,117289.67,117295.07,117278.04,117283.38,360,63,0
2026.03.18 01:48:00,117278.87,117289.64,117278.87,117289.64,360,63,0
2026.03.18 01:42:00,117268.07,117278.84,117268.07,117278.84,360,63,0
2026.03.18 01:36:00,117257.27,117268.04,117257.27,117268.04,360,63,0
2026.03.18 01:30:00,117246.47,117257.24,117246.47,117257.24,360,63,0
2026.03.18 01:24:00,117235.67,117246.44,117235.67,117246.44,360,63,0
2026.03.18 01:18:00,117224.87,117235.64,117224.87,117235.64,360,63,0
2026.03.18 01:12:00,117214.07,117224.84,117214.07,117224.84,360,63,0
2026.03.18 01:06:00,117236.71,117237.55,117204.14,117214.04,360,63,0
2026.03.18 01:00:00,117225.91,117236.68,117225.91,117236.68,360,63,0
2026.03.18 00:54:00,117215.11,117225.88,117215.11,117225.88,360,63,0
2026.03.18 00:48:00,117204.31,117215.08,117204.31,117215.08,360,63,0
2026.03.18 00:42:00,117193.51,117204.28,117193.51,117204.28,360,63,0
2026.03.18 00:36:00,117182.71,117193.48,117182.71,117193.48,360,63,0
2026.03.18 00:30:00,117171.91,117182.68,117171.91,117182.68,360,63,0
2026.03.18 00:24:00,117161.11,117171.88,117161.11,117171.88,360,63,0
2026.03.18 00:18:00,117177.08,117185.42,117158.68,117161.08,360,63,0
2026.03.18 00:12:00,117166.28,117177.05,117166.28,117177.05,360,63,0
2026.03.18 00:06:00,117251.91,117257.76,117166.01,117166.25,360,63,0
2026.03.18 00:00:00,117241.11,117251.88,117241.11,117251.88,360,63,0
2026.03.17 23:54:00,117230.31,117241.08,117230.31,117241.08,360,63,0
2026.03.17 23:48:00,117219.51,117230.28,117219.51,117230.28,360,63,0
2026.03.17 23:42:00,117238.35,117248.16,117218.55,117219.48,360,63,0
2026.03.17 23:36:00,117243.67,117251.14,117235.05,117238.32,360,63,0
2026.03.17 23:30:00,117232.87,117243.64,117232.87,117243.64,360,63,0
2026.03.17 23:24:00,117248.82,117252.87,117226.15,117232.84,360,63,0
2026.03.17 23:18:00,117238.02,117248.79,117238.02,117248.79,360,63,0
2026.03.17 23:12:00,117240.40,117246.07,117232.92,117237.99,360,63,0
2026.03.17 23:06:00,117301.06,117305.14,117235.06,117240.37,360,63,0
2026.03.17 23:00:00,117290.26,117301.03,117290.26,117301.03,360,63,0
2026.03.17 22:54:00,117279.46,117290.23,117279.46,117290.23,360,63,0
2026.03.17 22:48:00,117268.66,117279.43,117268.66,117279.43,360,63,0
2026.03.17 22:42:00,117288.10,117298.63,117268.42,117268.63,360,63,0
2026.03.17 22:36:00,117277.30,117288.07,117277.30,117288.07,360,63,0
2026.03.17 22:30:00,117288.98,117291.86,117269.41,117277.27,360,63,0
2026.03.17 22:24:00,117293.01,117303.63,117288.83,117288.95,360,63,0
2026.03.17 22:18:00,117282.21,117292.98,117282.21,117292.98,360,63,0
2026.03.17 22:12:00,117286.57,117288.88,117273.75,117282.18,360,63,0
2026.03.17 22:06:00,117293.38,117298.12,117280.54,117286.54,360,63,0
2026.03.17 22:00:00,117282.58,117293.35,117282.58,117293.35,360,63,0
2026.03.17 21:54:00,117298.97,117301.64,117274.48,117282.55,360,63,0
2026.03.17 21:48:00,117288.17,117298.94,117288.17,117298.94,360,63,0
2026.03.17 21:42:00,117277.37,117288.14,117277.37,117288.14,360,63,0
2026.03.17 21:36:00,117266.57,117277.34,117266.57,117277.34,360,63,0
2026.03.17 21:30:00,117255.77,117266.54,117255.77,117266.54,360,63,0
2026.03.17 21:24:00,117261.34,117265.24,117248.90,117255.74,360,63,0
2026.03.17 21:18:00,117250.54,117261.31,117250.54,117261.31,360,63,0
2026.03.17 21:12:00,117239.74,117250.51,117239.74,117250.51,360,63,0
2026.03.17 21:06:00,117228.94,117239.71,117228.94,117239.71,360,63,0
2026.03.17 21:00:00,117218.14,117228.91,117218.14,117228.91,360,63,0
2026.03.17 20:54:00,117207.34,117218.11,117207.34,117218.11,360,63,0
2026.03.17 20:48:00,117196.54,117207.31,117196.54,117207.31,360,63,0
2026.03.17 20:42:00,117185.74,117196.51,117185.74,117196.51,360,63,0
2026.03.17 20:36:00,117174.94,117185.71,117174.94,117185.71,360,63,0
2026.03.17 20:30:00,117179.95,117188.95,117173.17,117174.91,360,63,0
2026.03.17 20:24:00,117169.15,117179.92,117169.15,117179.92,360,63,0
2026.03.17 20:18:00,117195.99,117205.95,117168.34,117169.12,360,63,0
2026.03.17 20:12:00,117185.19,117195.96,117185.19,117195.96,360,63,0
2026.03.17 20:06:00,117174.39,117185.16,117174.39,117185.16,360,63,0
2026.03.17 20:00:00,117163.59,117174.36,117163.59,117174.36,360,63,0
2026.03.17 19:54:00,117152.79,117163.56,117152.79,117163.56,360,63,0
2026.03.17 19:48:00,117154.25,117157.55,117145.32,117152.76,360,63,0
2026.03.17 19:42:00,117156.12,117163.14,117150.50,117154.22,360,63,0
2026.03.17 19:36:00,117145.32,117156.09,117145.32,117156.09,360,63,0
2026.03.17 19:30:00,117134.52,117145.29,117134.52,117145.29,360,63,0
2026.03.17 19:24:00,117123.72,117134.49,117123.72,117134.49,360,63,0
2026.03.17 19:18:00,117112.92,117123.69,117112.92,117123.69,360,63,0
2026.03.17 19:12:00,117102.12,117112.89,117102.12,117112.89,360,63,0
2026.03.17 19:06:00,117091.32,117102.09,117091.32,117102.09,360,63,0
2026.03.17 19:00:00,117080.52,117091.29,117080.52,117091.29,360,63,0
2026.03.17 18:54:00,117069.72,117080.49,117069.72,117080.49,360,63,0
2026.03.17 18:48:00,117075.06,117079.71,117063.60,117069.69,360,63,0
2026.03.17 18:42:00,117064.26,117075.03,117064.26,117075.03,360,63,0
2026.03.17 18:36:00,117053.46,117064.23,117053.46,117064.23,360,63,0
2026.03.17 18:30:00,117055.53,117055.92,117043.08,117053.43,360,63,0
2026.03.17 18:24:00,117044.73,117055.50,117044.73,117055.50,360,63,0
2026.03.17 18:18:00,117033.93,117044.70,117033.93,117044.70,360,63,0
2026.03.17 18:12:00,117023.13,117033.90,117023.13,117033.90,360,63,0
2026.03.17 18:06:00,117012.33,117023.10,117012.33,117023.10,360,63,0
2026.03.17 18:00:00,117001.53,117012.30,117001.53,117012.30,360,63,0
2026.03.17 17:54:00,116990.73,117001.50,116990.73,117001.50,360,63,0
2026.03.17 17:48:00,116979.93,116990.70,116979.93,116990.70,360,63,0
2026.03.17 17:42:00,116969.13,116979.90,116969.13,116979.90,360,63,0
2026.03.17 17:36:00,116988.97,116996.17,116965.56,116969.10,360,63,0
2026.03.17 17:30:00,117008.39,117018.77,116988.58,116988.94,360,63,0
2026.03.17 17:24:00,117060.37,117067.24,117005.87,117008.36,360,63,0
2026.03.17 17:18:00,117066.56,117070.97,117054.01,117060.34,360,63,0
2026.03.17 17:12:00,117094.61,117101.99,117063.17,117066.53,360,63,0
2026.03.17 17:06:00,117083.81,117094.58,117083.81,117094.58,360,63,0
2026.03.17 17:00:00,117073.01,117083.78,117073.01,117083.78,360,63,0
2026.03.17 16:54:00,117062.21,117072.98,117062.21,117072.98,360,63,0
2026.03.17 16:48:00,117051.41,117062.18,117051.41,117062.18,360,63,0
2026.03.17 16:42:00,117073.04,117075.38,117042.98,117051.38,360,63,0
2026.03.17 16:36:00,117091.20,117101.52,117072.59,117073.01,360,63,0
2026.03.17 16:30:00,117080.40,117091.17,117080.40,117091.17,360,63,0
2026.03.17 16:24:00,117069.60,117080.37,117069.60,117080.37,360,63,0
2026.03.17 16:18:00,117094.76,117099.95,117064.02,117069.57,360,63,0
2026.03.17 16:12:00,117083.96,117094.73,117083.96,117094.73,360,63,0
2026.03.17 16:06:00,117151.20,117156.39,117083.24,117083.93,360,63,0
2026.03.17 16:00:00,117177.51,117179.55,117142.47,117151.17,360,63,0
2026.03.17 15:54:00,117166.71,117177.48,117166.71,117177.48,360,63,0
2026.03.17 15:48:00,117155.91,117166.68,117155.91,117166.68,360,63,0
2026.03.17 15:42:00,117145.11,117155.88,117145.11,117155.88,360,63,0
2026.03.17 15:36:00,117150.45,117159.54,117143.43,117145.08,360,63,0
2026.03.17 15:30:00,117139.65,117150.42,117139.65,117150.42,360,63,0
2026.03.17 15:24:00,117128.85,117139.62,117128.85,117139.62,360,63,0
2026.03.17 15:18:00,117118.05,117128.82,117118.05,117128.82,360,63,0
2026.03.17 15:12:00,117107.25,117118.02,117107.25,117118.02,360,63,0
2026.03.17 15:06:00,117168.25,117171.28,117104.70,117107.22,360,63,0
2026.03.17 15:00:00,117179.77,117183.70,117161.41,117168.22,360,63,0
2026.03.17 14:54:00,117168.97,117179.74,117168.97,117179.74,360,63,0
2026.03.17 14:48:00,117158.17,117168.94,117158.17,117168.94,360,63,0
2026.03.17 14:42:00,117147.37,117158.14,117147.37,117158.14,360,63,0
2026.03.17 14:36:00,117136.57,117147.34,117136.57,117147.34,360,63,0
2026.03.17 14:30:00,117125.77,117136.54,117125.77,117136.54,360,63,0
2026.03.17 14:24:00,117144.98,117145.52,117115.54,117125.74,360,63,0
2026.03.17 14:18:00,117134.18,117144.95,117134.18,117144.95,360,63,0
2026.03.17 14:12:00,117123.38,117134.15,117123.38,117134.15,360,63,0
2026.03.17 14:06:00,117112.58,117123.35,117112.58,117123.35,360,63,0
2026.03.17 14:00:00,117150.43,117151.78,117103.16,117112.55,360,63,0
2026.03.17 13:54:00,117139.63,117150.40,117139.63,117150.40,360,63,0
2026.03.17 13:48:00,117128.83,117139.60,117128.83,117139.60,360,63,0
2026.03.17 13:42:00,117118.03,117128.80,117118.03,117128.80,360,63,0
2026.03.17 13:36:00,117128.68,117128.95,117107.53,117118.00,360,63,0
2026.03.17 13:30:00,117117.88,117128.65,117117.88,117128.65,360,63,0
2026.03.17 13:24:00,117107.08,117117.85,117107.08,117117.85,360,63,0
2026.03.17 13:18:00,117096.28,117107.05,117096.28,117107.05,360,63,0
2026.03.17 13:12:00,117085.48,117096.25,117085.48,117096.25,360,63,0
2026.03.17 13:06:00,117074.68,117085.45,117074.68,117085.45,360,63,0
2026.03.17 13:00:00,117084.53,117086.03,117065.41,117074.65,360,63,0
2026.03.17 12:54:00,117073.73,117084.50,117073.73,117084.50,360,63,0
2026.03.17 12:48:00,117062.93,117073.70,117062.93,117073.70,360,63,0
2026.03.17 12:42:00,117065.34,117076.11,117065.34,117076.11,360,63,0
2026.03.17 12:36:00,117054.54,117065.31,117054.54,117065.31,360,63,0
2026.03.17 12:30:00,117043.74,117054.51,117043.74,117054.51,360,63,0
2026.03.17 12:24:00,117032.94,117043.71,117032.94,117043.71,360,63,0
2026.03.17 12:18:00,117022.14,117032.91,117022.14,117032.91,360,63,0
2026.03.17 12:12:00,117011.34,117022.11,117011.34,117022.11,360,63,0
2026.03.17 12:06:00,117000.54,117011.31,117000.54,117011.31,360,63,0
2026.03.17 12:00:00,117018.98,117025.13,116995.92,117000.51,360,63,0
2026.03.17 11:54:00,117036.30,117042.15,117014.06,117018.95,360,63,0
2026.03.17 11:48:00,117025.50,117036.27,117025.50,117036.27,360,63,0
2026.03.17 11:42:00,117033.90,117038.31,117019.14,117025.47,360,63,0
2026.03.17 11:36:00,117048.52,117051.25,117025.86,117033.87,360,63,0
2026.03.17 11:30:00,117037.72,117048.49,117037.72,117048.49,360,63,0
2026.03.17 11:24:00,117026.92,117037.69,117026.92,117037.69,360,63,0
2026.03.17 11:18:00,117016.12,117026.89,117016.12,117026.89,360,63,0
2026.03.17 11:12:00,117022.91,117027.32,117009.76,117016.09,360,63,0
2026.03.17 11:06:00,117012.11,117022.88,117012.11,117022.88,360,63,0
2026.03.17 11:00:00,117001.31,117012.08,117001.31,117012.08,360,63,0
2026.03.17 10:54:00,116990.51,117001.28,116990.51,117001.28,360,63,0
2026.03.17 10:48:00,116979.71,116990.48,116979.71,116990.48,360,63,0
2026.03.17 10:42:00,116968.91,116979.68,116968.91,116979.68,360,63,0
2026.03.17 10:36:00,116972.95,116979.91,116965.10,116968.88,360,63,0
2026.03.17 10:30:00,116962.15,116972.92,116962.15,116972.92,360,63,0
2026.03.17 10:24:00,116951.35,116962.12,116951.35,116962.12,360,63,0
2026.03.17 10:18:00,116969.35,116975.35,116946.58,116951.32,360,63,0
2026.03.17 10:12:00,116958.55,116969.32,116958.55,116969.32,360,63,0
2026.03.17 10:06:00,116947.75,116958.52,116947.75,116958.52,360,63,0
2026.03.17 10:00:00,116936.95,116947.72,116936.95,116947.72,360,63,0
2026.03.17 09:54:00,116948.11,116949.94,116928.01,116936.92,360,63,0
2026.03.17 09:48:00,116937.31,116948.08,116937.31,116948.08,360,63,0
2026.03.17 09:42:00,116926.51,116937.28,116926.51,116937.28,360,63,0
2026.03.17 09:36:00,116933.65,116937.67,116919.76,116926.48,360,63,0
2026.03.17 09:30:00,116946.13,116953.21,116929.96,116933.62,360,63,0
2026.03.17 09:24:00,116935.33,116946.10,116935.33,116946.10,360,63,0
2026.03.17 09:18:00,116938.88,116945.75,116931.43,116935.30,360,63,0
2026.03.17 09:12:00,116928.08,116938.85,116928.08,116938.85,360,63,0
2026.03.17 09:06:00,116944.93,116946.88,116919.26,116928.05,360,63,0
2026.03.17 09:00:00,116934.13,116944.90,116934.13,116944.90,360,63,0
2026.03.17 08:54:00,116959.32,116962.65,116926.69,116934.10,360,63,0
2026.03.17 08:48:00,117014.22,117017.01,116952.96,116959.29,360,63,0
2026.03.17 08:42:00,117003.42,117014.19,117003.42,117014.19,360,63,0
2026.03.17 08:36:00,116992.62,117003.39,116992.62,117003.39,360,63,0
2026.03.17 08:30:00,117037.14,117039.87,116987.46,116992.59,360,63,0
2026.03.17 08:24:00,117026.34,117037.11,117026.34,117037.11,360,63,0
2026.03.17 08:18:00,117015.54,117026.31,117015.54,117026.31,360,63,0
2026.03.17 08:12:00,117004.74,117015.51,117004.74,117015.51,360,63,0
2026.03.17 08:06:00,116993.94,117004.71,116993.94,117004.71,360,63,0
2026.03.17 08:00:00,116983.14,116993.91,116983.14,116993.91,360,63,0
2026.03.17 07:54:00,116992.17,116994.81,116975.01,116983.11,360,63,0
2026.03.17 07:48:00,116981.37,116992.14,116981.37,116992.14,360,63,0
2026.03.17 07:42:00,116970.57,116981.34,116970.57,116981.34,360,63,0
2026.03.17 07:36:00,116973.82,116981.14,116967.12,116970.54,360,63,0
2026.03.17 07:30:00,116963.02,116973.79,116963.02,116973.79,360,63,0
2026.03.17 07:24:00,116986.32,116995.02,116960.95,116962.99,360,63,0
2026.03.17 07:18:00,116975.52,116986.29,116975.52,116986.29,360,63,0
2026.03.17 07:12:00,116964.72,116975.49,116964.72,116975.49,360,63,0
2026.03.17 07:06:00,116953.92,116964.69,116953.92,116964.69,360,63,0
2026.03.17 07:00:00,116969.74,116976.73,116950.14,116953.89,360,63,0
2026.03.17 06:54:00,116958.94,116969.71,116958.94,116969.71,360,63,0
2026.03.17 06:48:00,116972.80,116978.68,116954.05,116958.91,360,63,0
2026.03.17 06:42:00,116962.00,116972.77,116962.00,116972.77,360,63,0
2026.03.17 06:36:00,116951.20,116961.97,116951.20,116961.97,360,63,0
2026.03.17 06:30:00,116964.71,116970.47,116946.19,116951.17,360,63,0
2026.03.17 06:24:00,116953.91,116964.68,116953.91,116964.68,360,63,0
2026.03.17 06:18:00,116943.11,116953.88,116943.11,116953.88,360,63,0
2026.03.17 06:12:00,116932.31,116943.08,116932.31,116943.08,360,63,0
2026.03.17 06:06:00,116941.21,116951.98,116941.21,116951.98,360,63,0
2026.03.17 06:00:00,116944.63,116954.35,116940.16,116941.18,360,63,0
2026.03.17 05:54:00,116950.50,116960.76,116944.12,116944.60,360,63,0
2026.03.17 05:48:00,116939.70,116950.47,116939.70,116950.47,360,63,0
2026.03.17 05:42:00,116969.02,116974.36,116934.27,116939.67,360,63,0
2026.03.17 05:36:00,117026.21,117029.24,116966.41,116968.99,360,63,0
2026.03.17 05:30:00,117042.90,117043.80,117016.34,117026.18,360,63,0
2026.03.17 05:24:00,117032.10,117042.87,117032.10,117042.87,360,63,0
2026.03.17 05:18:00,117021.30,117032.07,117021.30,117032.07,360,63,0
2026.03.17 05:12:00,117010.50,117021.27,117010.50,117021.27,360,63,0
2026.03.17 05:06:00,117012.43,117016.12,117003.42,117010.47,360,63,0
2026.03.17 05:00:00,117001.63,117012.40,117001.63,117012.40,360,63,0
2026.03.17 04:54:00,117016.71,117027.33,117001.48,117001.60,360,63,0
2026.03.17 04:48:00,117043.57,117050.47,117012.84,117016.68,360,63,0
2026.03.17 04:42:00,117032.77,117043.54,117032.77,117043.54,360,63,0
2026.03.17 04:36:00,117021.97,117032.74,117021.97,117032.74,360,63,0
2026.03.17 04:30:00,117011.17,117021.94,117011.17,117021.94,360,63,0
2026.03.17 04:24:00,117000.37,117011.14,117000.37,117011.14,360,63,0
2026.03.17 04:18:00,116989.57,117000.34,116989.57,117000.34,360,63,0
2026.03.17 04:12:00,116997.74,117003.26,116984.32,116989.54,360,63,0
2026.03.17 04:06:00,117000.58,117008.89,116995.28,116997.71,360,63,0
2026.03.17 04:00:00,116989.78,117000.55,116989.78,117000.55,360,63,0
2026.03.17 03:54:00,116978.98,116989.75,116978.98,116989.75,360,63,0
2026.03.17 03:48:00,117000.84,117003.12,116970.49,116978.95,360,63,0
2026.03.17 03:42:00,116990.04,117000.81,116990.04,117000.81,360,63,0
2026.03.17 03:36:00,116979.24,116990.01,116979.24,116990.01,360,63,0
2026.03.17 03:30:00,116968.44,116979.21,116968.44,116979.21,360,63,0
2026.03.17 03:24:00,116974.50,116980.35,116963.52,116968.41,360,63,0
2026.03.17 03:18:00,117032.46,117033.21,116969.64,116974.47,360,63,0
2026.03.17 03:12:00,117021.66,117032.43,117021.66,117032.43,360,63,0
2026.03.17 03:06:00,117010.86,117021.63,117010.86,117021.63,360,63,0
2026.03.17 03:00:00,117000.06,117010.83,117000.06,117010.83,360,63,0
2026.03.17 02:54:00,116989.26,117000.03,116989.26,117000.03,360,63,0
2026.03.17 02:48:00,117025.08,117034.74,116988.24,116989.23,360,63,0
2026.03.17 02:42:00,117014.28,117025.05,117014.28,117025.05,360,63,0
2026.03.17 02:36:00,117003.48,117014.25,117003.48,117014.25,360,63,0
2026.03.17 02:30:00,116992.68,117003.45,116992.68,117003.45,360,63,0
2026.03.17 02:24:00,116981.88,116992.65,116981.88,116992.65,360,63,0
2026.03.17 02:18:00,116971.08,116981.85,116971.08,116981.85,360,63,0
2026.03.17 02:12:00,116960.28,116971.05,116960.28,116971.05,360,63,0
2026.03.17 02:06:00,116949.48,116960.25,116949.48,116960.25,360,63,0
2026.03.17 02:00:00,116938.68,116949.45,116938.68,116949.45,360,63,0
2026.03.17 01:54:00,116927.88,116938.65,116927.88,116938.65,360,63,0
2026.03.17 01:48:00,116934.49,116940.04,116922.66,116927.85,360,63,0
2026.03.17 01:42:00,116923.69,116934.46,116923.69,116934.46,360,63,0
2026.03.17 01:36:00,116927.82,116931.24,116916.34,116923.66,360,63,0
2026.03.17 01:30:00,116943.36,116944.98,116918.67,116927.79,360,63,0
2026.03.17 01:24:00,116932.56,116943.33,116932.56,116943.33,360,63,0
2026.03.17 01:18:00,116921.76,116932.53,116921.76,116932.53,360,63,0
2026.03.17 01:12:00,116910.96,116921.73,116910.96,116921.73,360,63,0
2026.03.17 01:06:00,116900.16,116910.93,116900.16,116910.93,360,63,0
2026.03.17 01:00:00,116889.36,116900.13,116889.36,116900.13,360,63,0
2026.03.17 00:54:00,116878.56,116889.33,116878.56,116889.33,360,63,0
2026.03.17 00:48:00,116891.84,116900.69,116876.64,116878.53,360,63,0
2026.03.17 00:42:00,116881.04,116891.81,116881.04,116891.81,360,63,0
2026.03.17 00:36:00,116882.65,116884.18,116871.80,116881.01,360,63,0
2026.03.17 00:30:00,116904.12,116908.20,116875.96,116882.62,360,63,0
2026.03.17 00:24:00,116941.00,116944.81,116898.84,116904.09,360,63,0
2026.03.17 00:18:00,116930.20,116940.97,116930.20,116940.97,360,63,0
2026.03.17 00:12:00,116959.09,116959.69,116920.87,116930.17,360,63,0
2026.03.17 00:06:00,116985.29,116989.22,116952.25,116959.06,360,63,0
2026.03.17 00:00:00,116974.49,116985.26,116974.49,116985.26,360,63,0
2026.03.16 23:54:00,116963.69,116974.46,116963.69,116974.46,360,63,0
2026.03.16 23:48:00,116952.89,116963.66,116952.89,116963.66,360,63,0
2026.03.16 23:42:00,116942.09,116952.86,116942.09,116952.86,360,63,0
2026.03.16 23:36:00,116931.29,116942.06,116931.29,116942.06,360,63,0
2026.03.16 23:30:00,116932.93,116938.27,116925.86,116931.26,360,63,0
2026.03.16 23:24:00,116922.13,116932.90,116922.13,116932.90,360,63,0
2026.03.16 23:18:00,116937.54,116941.47,116915.29,116922.10,360,63,0
2026.03.16 23:12:00,116926.74,116937.51,116926.74,116937.51,360,63,0
2026.03.16 23:06:00,116915.94,116926.71,116915.94,116926.71,360,63,0
2026.03.16 23:00:00,116905.14,116915.91,116905.14,116915.91,360,63,0
2026.03.16 22:54:00,116894.34,116905.11,116894.34,116905.11,360,63,0
2026.03.16 22:48:00,116883.54,116894.31,116883.54,116894.31,360,63,0
2026.03.16 22:42:00,116872.74,116883.51,116872.74,116883.51,360,63,0
2026.03.16 22:36:00,116861.94,116872.71,116861.94,116872.71,360,63,0
2026.03.16 22:30:00,116882.69,116891.75,116860.23,116861.91,360,63,0
2026.03.16 22:24:00,116871.89,116882.66,116871.89,116882.66,360,63,0
2026.03.16 22:18:00,116861.09,116871.86,116861.09,116871.86,360,63,0
2026.03.16 22:12:00,116850.29,116861.06,116850.29,116861.06,360,63,0
2026.03.16 22:06:00,116853.46,116859.28,116845.34,116850.26,360,63,0
2026.03.16 22:00:00,116842.66,116853.43,116842.66,116853.43,360,63,0
2026.03.16 21:54:00,116831.86,116842.63,116831.86,116842.63,360,63,0
2026.03.16 21:48:00,116836.23,116842.20,116827.06,116831.83,360,63,0
2026.03.16 21:42:00,116847.98,116849.57,116827.05,116836.20,360,63,0
2026.03.16 21:36:00,116837.18,116847.95,116837.18,116847.95,360,63,0
2026.03.16 21:30:00,116866.41,116866.47,116827.91,116837.15,360,63,0
2026.03.16 21:24:00,116875.53,116883.39,116863.50,116866.38,360,63,0
2026.03.16 21:18:00,116891.68,116900.23,116873.31,116875.50,360,63,0
2026.03.16 21:12:00,116880.88,116891.65,116880.88,116891.65,360,63,0
2026.03.16 21:06:00,116870.08,116880.85,116870.08,116880.85,360,63,0
2026.03.16 21:00:00,116859.28,116870.05,116859.28,116870.05,360,63,0
2026.03.16 20:54:00,116848.48,116859.25,116848.48,116859.25,360,63,0
2026.03.16 20:48:00,116837.68,116848.45,116837.68,116848.45,360,63,0
2026.03.16 20:42:00,116881.29,116884.83,116834.44,116837.65,360,63,0
2026.03.16 20:36:00,116870.49,116881.26,116870.49,116881.26,360,63,0
2026.03.16 20:30:00,116879.18,116889.41,116869.95,116870.46,360,63,0
2026.03.16 20:24:00,116868.38,116879.15,116868.38,116879.15,360,63,0
2026.03.16 20:18:00,116857.58,116868.35,116857.58,116868.35,360,63,0
2026.03.16 20:12:00,116863.34,116865.23,116848.70,116857.55,360,63,0
2026.03.16 20:06:00,116866.66,116873.44,116859.35,116863.31,360,63,0
2026.03.16 20:00:00,116855.86,116866.63,116855.86,116866.63,360,63,0
2026.03.16 19:54:00,116845.06,116855.83,116845.06,116855.83,360,63,0
2026.03.16 19:48:00,116885.63,116888.30,116841.10,116845.03,360,63,0
2026.03.16 19:42:00,116874.83,116885.60,116874.83,116885.60,360,63,0
2026.03.16 19:36:00,116864.03,116874.80,116864.03,116874.80,360,63,0
2026.03.16 19:30:00,116853.23,116864.00,116853.23,116864.00,360,63,0
2026.03.16 19:24:00,116842.43,116853.20,116842.43,116853.20,360,63,0
2026.03.16 19:18:00,116831.63,116842.40,116831.63,116842.40,360,63,0
2026.03.16 19:12:00,116845.14,116850.51,116826.23,116831.60,360,63,0
2026.03.16 19:06:00,116834.34,116845.11,116834.34,116845.11,360,63,0
2026.03.16 19:00:00,116823.54,116834.31,116823.54,116834.31,360,63,0
2026.03.16 18:54:00,116831.84,116832.11,116813.04,116823.51,360,63,0
2026.03.16 18:48:00,116821.04,116831.81,116821.04,116831.81,360,63,0
2026.03.16 18:42:00,116810.24,116821.01,116810.24,116821.01,360,63,0
2026.03.16 18:36:00,116834.75,116840.15,116804.87,116810.21,360,63,0
2026.03.16 18:30:00,116845.29,116847.39,116826.08,116834.72,360,63,0
2026.03.16 18:24:00,116834.49,116845.26,116834.49,116845.26,360,63,0
2026.03.16 18:18:00,116823.69,116834.46,116823.69,116834.46,360,63,0
2026.03.16 18:12:00,116812.89,116823.66,116812.89,116823.66,360,63,0
2026.03.16 18:06:00,116856.14,116861.66,116810.28,116812.86,360,63,0
2026.03.16 18:00:00,116845.34,116856.11,116845.34,116856.11,360,63,0
2026.03.16 17:54:00,116834.54,116845.31,116834.54,116845.31,360,63,0
2026.03.16 17:48:00,116889.06,116891.79,116833.43,116834.51,360,63,0
2026.03.16 17:42:00,116878.26,116889.03,116878.26,116889.03,360,63,0
2026.03.16 17:36:00,116867.46,116878.23,116867.46,116878.23,360,63,0
2026.03.16 17:30:00,116856.66,116867.43,116856.66,116867.43,360,63,0
2026.03.16 17:24:00,116845.86,116856.63,116845.86,116856.63,360,63,0
2026.03.16 17:18:00,116852.84,116862.08,116844.33,116845.83,360,63,0
2026.03.16 17:12:00,116842.04,116852.81,116842.04,116852.81,360,63,0
2026.03.16 17:06:00,116882.52,116885.55,116838.89,116842.01,360,63,0
2026.03.16 17:00:00,116871.72,116882.49,116871.72,116882.49,360,63,0
2026.03.16 16:54:00,116860.92,116871.69,116860.92,116871.69,360,63,0
2026.03.16 16:48:00,116850.12,116860.89,116850.12,116860.89,360,63,0
2026.03.16 16:42:00,116879.85,116881.83,116843.04,116850.09,360,63,0
2026.03.16 16:36:00,116882.18,116890.37,116877.27,116879.82,360,63,0
2026.03.16 16:30:00,116871.38,116882.15,116871.38,116882.15,360,63,0
2026.03.16 16:24:00,116860.58,116871.35,116860.58,116871.35,360,63,0
2026.03.16 16:18:00,116849.78,116860.55,116849.78,116860.55,360,63,0
2026.03.16 16:12:00,116857.60,116862.25,116843.66,116849.75,360,63,0
2026.03.16 16:06:00,116846.80,116857.57,116846.80,116857.57,360,63,0
2026.03.16 16:00:00,116868.05,116874.62,116842.60,116846.77,360,63,0
2026.03.16 15:54:00,116857.25,116868.02,116857.25,116868.02,360,63,0
2026.03.16 15:48:00,116846.45,116857.22,116846.45,116857.22,360,63,0
2026.03.16 15:42:00,116835.65,116846.42,116835.65,116846.42,360,63,0
2026.03.16 15:36:00,116824.85,116835.62,116824.85,116835.62,360,63,0
2026.03.16 15:30:00,116814.05,116824.82,116814.05,116824.82,360,63,0
2026.03.16 15:24:00,116803.25,116814.02,116803.25,116814.02,360,63,0
2026.03.16 15:18:00,116792.45,116803.22,116792.45,116803.22,360,63,0
2026.03.16 15:12:00,116793.97,116799.34,116787.05,116792.42,360,63,0
2026.03.16 15:06:00,116783.17,116793.94,116783.17,116793.94,360,63,0
2026.03.16 15:00:00,116772.37,116783.14,116772.37,116783.14,360,63,0
2026.03.16 14:54:00,116761.57,116772.34,116761.57,116772.34,360,63,0
2026.03.16 14:48:00,116750.77,116761.54,116750.77,116761.54,360,63,0
2026.03.16 14:42:00,116739.97,116750.74,116739.97,116750.74,360,63,0
2026.03.16 14:36:00,116761.19,116766.14,116734.75,116739.94,360,63,0
2026.03.16 14:30:00,116750.39,116761.16,116750.39,116761.16,360,63,0
2026.03.16 14:24:00,116739.59,116750.36,116739.59,116750.36,360,63,0
2026.03.16 14:18:00,116728.79,116739.56,116728.79,116739.56,360,63,0
2026.03.16 14:12:00,116739.47,116741.81,116720.36,116728.76,360,63,0
2026.03.16 14:06:00,116728.67,116739.44,116728.67,116739.44,360,63,0
2026.03.16 14:00:00,116785.57,116788.60,116726.09,116728.64,360,63,0
2026.03.16 13:54:00,116774.77,116785.54,116774.77,116785.54,360,63,0
2026.03.16 13:48:00,116790.11,116790.26,116764.15,116774.74,360,63,0
2026.03.16 13:42:00,116779.31,116790.08,116779.31,116790.08,360,63,0
2026.03.16 13:36:00,116768.51,116779.28,116768.51,116779.28,360,63,0
2026.03.16 13:30:00,116806.46,116813.96,116765.24,116768.48,360,63,0
2026.03.16 13:24:00,116795.66,116806.43,116795.66,116806.43,360,63,0
2026.03.16 13:18:00,116837.71,116839.57,116795.24,116795.63,360,63,0
2026.03.16 13:12:00,116826.91,116837.68,116826.91,116837.68,360,63,0
2026.03.16 13:06:00,116838.25,116842.93,116820.82,116826.88,360,63,0
2026.03.16 13:00:00,116827.45,116838.22,116827.45,116838.22,360,63,0
2026.03.16 12:54:00,116816.65,116827.42,116816.65,116827.42,360,63,0
2026.03.16 12:48:00,116805.85,116816.62,116805.85,116816.62,360,63,0
2026.03.16 12:42:00,116795.05,116805.82,116795.05,116805.82,360,63,0
2026.03.16 12:36:00,116784.25,116795.02,116784.25,116795.02,360,63,0
2026.03.16 12:30:00,116795.09,116795.90,116774.29,116784.22,360,63,0
2026.03.16 12:24:00,116784.29,116795.06,116784.29,116795.06,360,63,0
2026.03.16 12:18:00,116795.57,116799.98,116777.93,116784.26,360,63,0
2026.03.16 12:12:00,116784.77,116795.54,116784.77,116795.54,360,63,0
2026.03.16 12:06:00,116773.97,116784.74,116773.97,116784.74,360,63,0
2026.03.16 12:00:00,116763.17,116773.94,116763.17,116773.94,360,63,0
2026.03.16 11:54:00,116787.71,116796.59,116761.28,116763.14,360,63,0
2026.03.16 11:48:00,116776.91,116787.68,116776.91,116787.68,360,63,0
2026.03.16 11:42:00,116766.11,116776.88,116766.11,116776.88,360,63,0
2026.03.16 11:36:00,116755.31,116766.08,116755.31,116766.08,360,63,0
2026.03.16 11:30:00,116744.51,116755.28,116744.51,116755.28,360,63,0
2026.03.16 11:24:00,116750.36,116756.48,116739.86,116744.48,360,63,0
2026.03.16 11:18:00,116739.56,116750.33,116739.56,116750.33,360,63,0
2026.03.16 11:12:00,116728.76,116739.53,116728.76,116739.53,360,63,0
2026.03.16 11:06:00,116717.96,116728.73,116717.96,116728.73,360,63,0
2026.03.16 11:00:00,116731.78,116739.13,116714.54,116717.93,360,63,0
2026.03.16 10:54:00,116720.98,116731.75,116720.98,116731.75,360,63,0
2026.03.16 10:48:00,116710.18,116720.95,116710.18,116720.95,360,63,0
2026.03.16 10:42:00,116729.77,116739.94,116709.58,116710.15,360,63,0
2026.03.16 10:36:00,116718.97,116729.74,116718.97,116729.74,360,63,0
2026.03.16 10:30:00,116753.24,116762.69,116718.76,116718.94,360,63,0
2026.03.16 10:24:00,116742.44,116753.21,116742.44,116753.21,360,63,0
2026.03.16 10:18:00,116731.64,116742.41,116731.64,116742.41,360,63,0
2026.03.16 10:12:00,116770.46,116773.67,116727.02,116731.61,360,63,0
2026.03.16 10:06:00,116759.66,116770.43,116759.66,116770.43,360,63,0
2026.03.16 10:00:00,116748.86,116759.63,116748.86,116759.63,360,63,0
2026.03.16 09:54:00,116738.06,116748.83,116738.06,116748.83,360,63,0
2026.03.16 09:48:00,116752.77,116759.25,116733.77,116738.03,360,63,0
2026.03.16 09:42:00,116741.97,116752.74,116741.97,116752.74,360,63,0
2026.03.16 09:36:00,116731.17,116741.94,116731.17,116741.94,360,63,0
2026.03.16 09:30:00,116758.48,116760.55,116722.47,116731.14,360,63,0
2026.03.16 09:24:00,116761.45,116766.64,116752.90,116758.45,360,63,0
2026.03.16 09:18:00,116773.53,116780.22,116757.37,116761.42,360,63,0
2026.03.16 09:12:00,116762.73,116773.50,116762.73,116773.50,360,63,0
2026.03.16 09:06:00,116771.56,116781.13,116761.53,116762.70,360,63,0
2026.03.16 09:00:00,116782.43,116787.08,116765.44,116771.53,360,63,0
2026.03.16 08:54:00,116786.20,116794.78,116780.24,116782.40,360,63,0
2026.03.16 08:48:00,116775.40,116786.17,116775.40,116786.17,360,63,0
2026.03.16 08:42:00,116789.82,116791.29,116766.10,116775.37,360,63,0
2026.03.16 08:36:00,116826.53,116833.34,116788.80,116789.79,360,63,0
2026.03.16 08:30:00,116831.34,116831.97,116816.39,116826.50,360,63,0
2026.03.16 08:24:00,116843.50,116843.92,116820.99,116831.31,360,63,0
2026.03.16 08:18:00,116875.27,116876.77,116834.23,116843.47,360,63,0
2026.03.16 08:12:00,116864.47,116875.24,116864.47,116875.24,360,63,0
2026.03.16 08:06:00,116853.67,116864.44,116853.67,116864.44,360,63,0
2026.03.16 08:00:00,116842.87,116853.64,116842.87,116853.64,360,63,0
2026.03.16 07:54:00,116862.74,116864.15,116833.51,116842.84,360,63,0
2026.03.16 07:48:00,116851.94,116862.71,116851.94,116862.71,360,63,0
2026.03.16 07:42:00,116887.19,116889.98,116843.96,116851.91,360,63,0
2026.03.16 07:36:00,116876.39,116887.16,116876.39,116887.16,360,63,0
2026.03.16 07:30:00,116865.59,116876.36,116865.59,116876.36,360,63,0
2026.03.16 07:24:00,116854.79,116865.56,116854.79,116865.56,360,63,0
2026.03.16 07:18:00,116843.99,116854.76,116843.99,116854.76,360,63,0
2026.03.16 07:12:00,116833.19,116843.96,116833.19,116843.96,360,63,0
2026.03.16 07:06:00,116843.64,116854.17,116832.95,116833.16,360,63,0
2026.03.16 07:00:00,116863.78,116867.29,116836.38,116843.61,360,63,0
2026.03.16 06:54:00,116878.84,116886.25,116860.42,116863.75,360,63,0
2026.03.16 06:48:00,116868.04,116878.81,116868.04,116878.81,360,63,0
2026.03.16 06:42:00,116857.24,116868.01,116857.24,116868.01,360,63,0
2026.03.16 06:36:00,116846.44,116857.21,116846.44,116857.21,360,63,0
2026.03.16 06:30:00,116835.64,116846.41,116835.64,116846.41,360,63,0
2026.03.16 06:24:00,116855.46,116857.08,116826.49,116835.61,360,63,0
2026.03.16 06:18:00,116874.24,116880.57,116851.02,116855.43,360,63,0
2026.03.16 06:12:00,116892.88,116892.97,116863.56,116874.21,360,63,0
2026.03.16 06:06:00,116882.08,116892.85,116882.08,116892.85,360,63,0
2026.03.16 06:00:00,116871.28,116882.05,116871.28,116882.05,360,63,0
2026.03.16 05:54:00,116878.71,116886.78,116868.58,116871.25,360,63,0
2026.03.16 05:48:00,116913.71,116918.75,116876.31,116878.68,360,63,0
2026.03.16 05:42:00,116946.33,116952.06,116911.85,116913.68,360,63,0
2026.03.16 05:36:00,116935.53,116946.30,116935.53,116946.30,360,63,0
2026.03.16 05:30:00,116924.73,116935.50,116924.73,116935.50,360,63,0
2026.03.16 05:24:00,116913.93,116924.70,116913.93,116924.70,360,63,0
2026.03.16 05:18:00,116931.97,116934.07,116905.26,116913.90,360,63,0
2026.03.16 05:12:00,116949.80,116951.69,116923.09,116931.94,360,63,0
2026.03.16 05:06:00,116939.00,116949.77,116939.00,116949.77,360,63,0
2026.03.16 05:00:00,116928.20,116938.97,116928.20,116938.97,360,63,0
2026.03.16 04:54:00,116917.40,116928.17,116917.40,116928.17,360,63,0
2026.03.16 04:48:00,116906.60,116917.37,116906.60,116917.37,360,63,0
2026.03.16 04:42:00,116907.97,116908.90,116896.76,116906.57,360,63,0
2026.03.16 04:36:00,116897.17,116907.94,116897.17,116907.94,360,63,0
2026.03.16 04:30:00,116886.37,116897.14,116886.37,116897.14,360,63,0
2026.03.16 04:24:00,116875.57,116886.34,116875.57,116886.34,360,63,0
2026.03.16 04:18:00,116864.77,116875.54,116864.77,116875.54,360,63,0
2026.03.16 04:12:00,116869.33,116869.45,116854.12,116864.74,360,63,0
2026.03.16 04:06:00,116858.53,116869.30,116858.53,116869.30,360,63,0
2026.03.16 04:00:00,116859.90,116864.10,116851.96,116858.50,360,63,0
2026.03.16 03:54:00,116849.10,116859.87,116849.10,116859.87,360,63,0
2026.03.16 03:48:00,116838.30,116849.07,116838.30,116849.07,360,63,0
2026.03.16 03:42:00,116848.87,116854.81,116833.47,116838.27,360,63,0
2026.03.16 03:36:00,116838.07,116848.84,116838.07,116848.84,360,63,0
2026.03.16 03:30:00,116827.27,116838.04,116827.27,116838.04,360,63,0
2026.03.16 03:24:00,116816.47,116827.24,116816.47,116827.24,360,63,0
2026.03.16 03:18:00,116805.67,116816.44,116805.67,116816.44,360,63,0
2026.03.16 03:12:00,116794.87,116805.64,116794.87,116805.64,360,63,0
2026.03.16 03:06:00,116810.32,116811.70,116785.48,116794.84,360,63,0
2026.03.16 03:00:00,116799.52,116810.29,116799.52,116810.29,360,63,0
2026.03.16 02:54:00,116813.93,116821.16,116795.98,116799.49,360,63,0
2026.03.16 02:48:00,116815.34,116819.39,116807.21,116813.90,360,63,0
2026.03.16 02:42:00,116804.54,116815.31,116804.54,116815.31,360,63,0
2026.03.16 02:36:00,116829.60,116840.07,116804.24,116804.51,360,63,0
2026.03.16 02:30:00,116818.80,116829.57,116818.80,116829.57,360,63,0
2026.03.16 02:24:00,116828.56,116835.40,116814.87,116818.77,360,63,0
2026.03.16 02:18:00,116834.25,116842.56,116826.10,116828.53,360,63,0
2026.03.16 02:12:00,116823.45,116834.22,116823.45,116834.22,360,63,0
2026.03.16 02:06:00,116826.08,116828.72,116815.32,116823.42,360,63,0
2026.03.16 02:00:00,116838.86,116847.89,116824.34,116826.05,360,63,0
2026.03.16 01:54:00,116828.06,116838.83,116828.06,116838.83,360,63,0
2026.03.16 01:48:00,116817.26,116828.03,116817.26,116828.03,360,63,0
2026.03.16 01:42:00,116806.46,116817.23,116806.46,116817.23,360,63,0
2026.03.16 01:36:00,116795.66,116806.43,116795.66,116806.43,360,63,0
2026.03.16 01:30:00,116784.86,116795.63,116784.86,116795.63,360,63,0
2026.03.16 01:24:00,116806.60,116808.40,116775.98,116784.83,360,63,0
2026.03.16 01:18:00,116795.80,116806.57,116795.80,116806.57,360,63,0
2026.03.16 01:12:00,116785.00,116795.77,116785.00,116795.77,360,63,0
2026.03.16 01:06:00,116774.20,116784.97,116774.20,116784.97,360,63,0
2026.03.16 01:00:00,116763.40,116774.17,116763.40,116774.17,360,63,0
2026.03.16 00:54:00,116752.60,116763.37,116752.60,116763.37,360,63,0
2026.03.16 00:48:00,116741.80,116752.57,116741.80,116752.57,360,63,0
2026.03.16 00:42:00,116763.05,116764.01,116731.99,116741.77,360,63,0
2026.03.16 00:36:00,116752.25,116763.02,116752.25,116763.02,360,63,0
2026.03.16 00:30:00,116766.17,116771.51,116746.82,116752.22,360,63,0
2026.03.16 00:24:00,116755.37,116766.14,116755.37,116766.14,360,63,0
2026.03.16 00:18:00,116744.57,116755.34,116744.57,116755.34,360,63,0
2026.03.16 00:12:00,116733.77,116744.54,116733.77,116744.54,360,63,0
2026.03.16 00:06:00,116748.05,116752.40,116727.35,116733.74,360,63,0
2026.03.16 00:00:00,116737.25,116748.02,116737.25,116748.02,360,63,0
2026.03.15 23:54:00,116743.95,116744.82,116727.35,116737.22,360,63,0
2026.03.15 23:48:00,116733.15,116743.92,116733.15,116743.92,360,63,0
2026.03.15 23:42:00,116722.35,116733.12,116722.35,116733.12,360,63,0
2026.03.15 23:36:00,116711.55,116722.32,116711.55,116722.32,360,63,0
2026.03.15 23:30:00,116700.75,116711.52,116700.75,116711.52,360,63,0
2026.03.15 23:24:00,116724.84,116727.03,116692.17,116700.72,360,63,0
2026.03.15 23:18:00,116726.11,116730.28,116718.24,116724.81,360,63,0
2026.03.15 23:12:00,116715.31,116726.08,116715.31,116726.08,360,63,0
2026.03.15 23:06:00,116704.51,116715.28,116704.51,116715.28,360,63,0
2026.03.15 23:00:00,116693.71,116704.48,116693.71,116704.48,360,63,0
2026.03.15 22:54:00,116682.91,116693.68,116682.91,116693.68,360,63,0
2026.03.15 22:48:00,116672.11,116682.88,116672.11,116682.88,360,63,0
2026.03.15 22:42:00,116661.31,116672.08,116661.31,116672.08,360,63,0
2026.03.15 22:36:00,116650.51,116661.28,116650.51,116661.28,360,63,0
2026.03.15 22:30:00,116656.59,116661.06,116644.21,116650.48,360,63,0
2026.03.15 22:24:00,116680.17,116685.51,116651.16,116656.56,360,63,0
2026.03.15 22:18:00,116690.31,116700.00,116679.09,116680.14,360,63,0
2026.03.15 22:12:00,116679.51,116690.28,116679.51,116690.28,360,63,0
2026.03.15 22:06:00,116668.71,116679.48,116668.71,116679.48,360,63,0
2026.03.15 22:00:00,116657.91,116668.68,116657.91,116668.68,360,63,0
2026.03.15 21:54:00,116647.11,116657.88,116647.11,116657.88,360,63,0
2026.03.15 21:48:00,116636.31,116647.08,116636.31,116647.08,360,63,0
2026.03.15 21:42:00,116625.51,116636.28,116625.51,116636.28,360,63,0
2026.03.15 21:36:00,116614.71,116625.48,116614.71,116625.48,360,63,0
2026.03.15 21:30:00,116646.17,116648.51,116606.28,116614.68,360,63,0
2026.03.15 21:24:00,116648.02,116658.31,116645.69,116646.14,360,63,0
2026.03.15 21:18:00,116637.22,116647.99,116637.22,116647.99,360,63,0
2026.03.15 21:12:00,116626.42,116637.19,116626.42,116637.19,360,63,0
2026.03.15 21:06:00,116647.46,116652.95,116621.14,116626.39,360,63,0
2026.03.15 21:00:00,116636.66,116647.43,116636.66,116647.43,360,63,0
2026.03.15 20:54:00,116671.14,116677.38,116635.19,116636.63,360,63,0
2026.03.15 20:48:00,116660.34,116671.11,116660.34,116671.11,360,63,0
2026.03.15 20:42:00,116649.54,116660.31,116649.54,116660.31,360,63,0
2026.03.15 20:36:00,116662.91,116672.60,116648.46,116649.51,360,63,0
2026.03.15 20:30:00,116652.11,116662.88,116652.11,116662.88,360,63,0
2026.03.15 20:24:00,116662.25,116669.66,116648.75,116652.08,360,63,0
2026.03.15 20:18:00,116679.89,116683.31,116654.90,116662.22,360,63,0
2026.03.15 20:12:00,116669.09,116679.86,116669.09,116679.86,360,63,0
2026.03.15 20:06:00,116658.29,116669.06,116658.29,116669.06,360,63,0
2026.03.15 20:00:00,116662.82,116670.02,116654.72,116658.26,360,63,0
2026.03.15 19:54:00,116681.34,116688.63,116659.34,116662.79,360,63,0
2026.03.15 19:48:00,116685.70,116690.74,116675.61,116681.31,360,63,0
2026.03.15 19:42:00,116674.90,116685.67,116674.90,116685.67,360,63,0
2026.03.15 19:36:00,116664.10,116674.87,116664.10,116674.87,360,63,0
2026.03.15 19:30:00,116679.06,116682.33,116656.60,116664.07,360,63,0
2026.03.15 19:24:00,116668.26,116679.03,116668.26,116679.03,360,63,0
2026.03.15 19:18:00,116657.46,116668.23,116657.46,116668.23,360,63,0
2026.03.15 19:12:00,116671.71,116681.64,116656.62,116657.43,360,63,0
2026.03.15 19:06:00,116680.45,116691.19,116671.68,116671.68,360,63,0
2026.03.15 19:00:00,116669.65,116680.42,116669.65,116680.42,360,63,0
2026.03.15 18:54:00,116658.85,116669.62,116658.85,116669.62,360,63,0
2026.03.15 18:48:00,116648.05,116658.82,116648.05,116658.82,360,63,0
2026.03.15 18:42:00,116665.97,116674.64,116645.95,116648.02,360,63,0
2026.03.15 18:36:00,116655.17,116665.94,116655.17,116665.94,360,63,0
2026.03.15 18:30:00,116682.58,116689.75,116651.57,116655.14,360,63,0
2026.03.15 18:24:00,116671.78,116682.55,116671.78,116682.55,360,63,0
2026.03.15 18:18:00,116660.98,116671.75,116660.98,116671.75,360,63,0
2026.03.15 18:12:00,116696.02,116702.05,116659.81,116660.95,360,63,0
2026.03.15 18:06:00,116703.03,116705.28,116687.50,116695.99,360,63,0
2026.03.15 18:00:00,116692.23,116703.00,116692.23,116703.00,360,63,0
2026.03.15 17:54:00,116700.00,116701.02,116682.48,116692.20,360,63,0
2026.03.15 17:48:00,116733.76,116743.18,116698.65,116699.97,360,63,0
2026.03.15 17:42:00,116722.96,116733.73,116722.96,116733.73,360,63,0
2026.03.15 17:36:00,116740.40,116743.19,116714.98,116722.93,360,63,0
2026.03.15 17:30:00,116729.60,116740.37,116729.60,116740.37,360,63,0
2026.03.15 17:24:00,116718.80,116729.57,116718.80,116729.57,360,63,0
2026.03.15 17:18:00,116708.00,116718.77,116708.00,116718.77,360,63,0
2026.03.15 17:12:00,116697.20,116707.97,116697.20,116707.97,360,63,0
2026.03.15 17:06:00,116712.62,116717.15,116690.96,116697.17,360,63,0
2026.03.15 17:00:00,116701.82,116712.59,116701.82,116712.59,360,63,0
2026.03.15 16:54:00,116705.29,116713.15,116698.91,116701.79,360,63,0
2026.03.15 16:48:00,116727.84,116737.35,116704.03,116705.26,360,63,0
2026.03.15 16:42:00,116717.04,116727.81,116717.04,116727.81,360,63,0
2026.03.15 16:36:00,116725.62,116731.74,116712.39,116717.01,360,63,0
2026.03.15 16:30:00,116714.82,116725.59,116714.82,116725.59,360,63,0
2026.03.15 16:24:00,116704.02,116714.79,116704.02,116714.79,360,63,0
2026.03.15 16:18:00,116738.78,116744.84,116703.18,116703.99,360,63,0
2026.03.15 16:12:00,116727.98,116738.75,116727.98,116738.75,360,63,0
2026.03.15 16:06:00,116717.18,116727.95,116717.18,116727.95,360,63,0
2026.03.15 16:00:00,116706.38,116717.15,116706.38,116717.15,360,63,0
2026.03.15 15:54:00,116735.43,116736.63,116698.73,116706.35,360,63,0
2026.03.15 15:48:00,116724.63,116735.40,116724.63,116735.40,360,63,0
2026.03.15 15:42:00,116738.45,116748.68,116724.09,116724.60,360,63,0
2026.03.15 15:36:00,116727.65,116738.42,116727.65,116738.42,360,63,0
2026.03.15 15:30:00,116716.85,116727.62,116716.85,116727.62,360,63,0
2026.03.15 15:24:00,116706.05,116716.82,116706.05,116716.82,360,63,0
2026.03.15 15:18:00,116695.25,116706.02,116695.25,116706.02,360,63,0
2026.03.15 15:12:00,116705.46,116707.86,116686.88,116695.22,360,63,0
2026.03.15 15:06:00,116694.66,116705.43,116694.66,116705.43,360,63,0
2026.03.15 15:00:00,116683.86,116694.63,116683.86,116694.63,360,63,0
2026.03.15 14:54:00,116673.06,116683.83,116673.06,116683.83,360,63,0
2026.03.15 14:48:00,116696.04,116700.45,116666.70,116673.03,360,63,0
2026.03.15 14:42:00,116685.24,116696.01,116685.24,116696.01,360,63,0
2026.03.15 14:36:00,116697.14,116703.32,116680.65,116685.21,360,63,0
2026.03.15 14:30:00,116706.29,116712.77,116692.85,116697.11,360,63,0
2026.03.15 14:24:00,116695.49,116706.26,116695.49,116706.26,360,63,0
2026.03.15 14:18:00,116684.69,116695.46,116684.69,116695.46,360,63,0
2026.03.15 14:12:00,116691.50,116691.83,116674.25,116684.66,360,63,0
2026.03.15 14:06:00,116680.70,116691.47,116680.70,116691.47,360,63,0
2026.03.15 14:00:00,116669.90,116680.67,116669.90,116680.67,360,63,0
2026.03.15 13:54:00,116688.00,116694.45,116665.58,116669.87,360,63,0
2026.03.15 13:48:00,116677.20,116687.97,116677.20,116687.97,360,63,0
2026.03.15 13:42:00,116666.40,116677.17,116666.40,116677.17,360,63,0
2026.03.15 13:36:00,116688.14,116691.32,116658.81,116666.37,360,63,0
2026.03.15 13:30:00,116722.71,116731.89,116686.55,116688.11,360,63,0
2026.03.15 13:24:00,116711.91,116722.68,116711.91,116722.68,360,63,0
2026.03.15 13:18:00,116800.83,116802.39,116709.75,116711.88,360,63,0
2026.03.15 13:12:00,116790.03,116800.80,116790.03,116800.80,360,63,0
2026.03.15 13:06:00,116779.23,116790.00,116779.23,116790.00,360,63,0
2026.03.15 13:00:00,116802.38,116806.82,116772.90,116779.20,360,63,0
2026.03.15 12:54:00,116835.31,116838.97,116802.17,116802.35,360,63,0
2026.03.15 12:48:00,116844.92,116846.18,116825.80,116835.28,360,63,0
2026.03.15 12:42:00,116834.12,116844.89,116834.12,116844.89,360,63,0
2026.03.15 12:36:00,116823.32,116834.09,116823.32,116834.09,360,63,0
2026.03.15 12:30:00,116812.52,116823.29,116812.52,116823.29,360,63,0
2026.03.15 12:24:00,116801.72,116812.49,116801.72,116812.49,360,63,0
2026.03.15 12:18:00,116820.57,116831.16,116801.54,116801.69,360,63,0
2026.03.15 12:12:00,116825.08,116832.85,116817.57,116820.54,360,63,0
2026.03.15 12:06:00,116814.28,116825.05,116814.28,116825.05,360,63,0
2026.03.15 12:00:00,116803.48,116814.25,116803.48,116814.25,360,63,0
2026.03.15 11:54:00,116824.13,116830.40,116798.98,116803.45,360,63,0
2026.03.15 11:48:00,116813.33,116824.10,116813.33,116824.10,360,63,0
2026.03.15 11:42:00,116802.53,116813.30,116802.53,116813.30,360,63,0
2026.03.15 11:36:00,116791.73,116802.50,116791.73,116802.50,360,63,0
2026.03.15 11:30:00,116780.93,116791.70,116780.93,116791.70,360,63,0
2026.03.15 11:24:00,116845.97,116849.42,116777.87,116780.90,360,63,0
2026.03.15 11:18:00,116843.90,116845.94,116843.90,116845.94,69,63,0
2026.03.15 11:06:00,116878.53,116878.62,116840.63,116843.90,268,63,0
2026.03.15 11:00:00,116867.73,116878.50,116867.73,116878.50,360,63,0
2026.03.15 10:54:00,116856.93,116867.70,116856.93,116867.70,360,63,0
2026.03.15 10:48:00,116864.03,116869.07,116851.20,116856.90,360,63,0
2026.03.15 10:42:00,116853.23,116864.00,116853.23,116864.00,360,63,0
2026.03.15 10:36:00,116842.43,116853.20,116842.43,116853.20,360,63,0
2026.03.15 10:30:00,116831.63,116842.40,116831.63,116842.40,360,63,0
2026.03.15 10:24:00,116843.34,116846.13,116823.65,116831.60,360,63,0
2026.03.15 10:18:00,116854.12,116858.50,116836.95,116843.31,360,63,0
2026.03.15 10:12:00,116843.32,116854.09,116843.32,116854.09,360,63,0
2026.03.15 10:06:00,116848.28,116854.07,116838.34,116843.29,360,63,0
2026.03.15 10:00:00,116837.48,116848.25,116837.48,116848.25,360,63,0
2026.03.15 09:54:00,116826.68,116837.45,116826.68,116837.45,360,63,0
2026.03.15 09:48:00,116815.88,116826.65,116815.88,116826.65,360,63,0
2026.03.15 09:42:00,116805.08,116815.85,116805.08,116815.85,360,63,0
2026.03.15 09:36:00,116854.39,116856.43,116801.57,116805.05,360,63,0
2026.03.15 09:30:00,116843.59,116854.36,116843.59,116854.36,350,63,0
2026.03.15 09:24:00,116832.79,116843.56,116832.79,116843.56,360,63,0
2026.03.15 09:18:00,116899.28,116902.25,116829.97,116832.76,360,63,0
2026.03.15 09:12:00,116921.01,116921.16,116891.54,116899.25,360,63,0
2026.03.15 09:06:00,116923.16,116931.77,116918.85,116920.98,360,63,0
2026.03.15 09:00:00,116912.36,116923.13,116912.36,116923.13,360,63,0
2026.03.15 08:54:00,116901.56,116912.33,116901.56,116912.33,360,63,0
2026.03.15 08:48:00,116890.76,116901.53,116890.76,116901.53,360,63,0
2026.03.15 08:42:00,116879.96,116890.73,116879.96,116890.73,360,63,0
2026.03.15 08:36:00,116869.16,116879.93,116869.16,116879.93,360,63,0
2026.03.15 08:30:00,116879.24,116887.22,116866.37,116869.13,360,63,0
2026.03.15 08:24:00,116881.69,116892.34,116879.12,116879.21,360,63,0
2026.03.15 08:18:00,116870.89,116881.66,116870.89,116881.66,360,63,0
2026.03.15 08:12:00,116899.41,116905.47,116868.61,116870.86,360,63,0
2026.03.15 08:06:00,116905.06,116911.93,116895.51,116899.38,360,63,0
2026.03.15 08:00:00,116894.26,116905.03,116894.26,116905.03,353,63,0
2026.03.15 07:54:00,116883.46,116894.23,116883.46,116894.23,360,63,0
2026.03.15 07:48:00,116873.17,116883.43,116873.17,116883.43,292,63,0
2026.03.15 07:42:00,116862.37,116873.14,116862.37,116873.14,360,63,0
2026.03.15 07:36:00,116880.51,116891.04,116862.13,116862.34,360,63,0
2026.03.15 07:30:00,116869.71,116880.48,116869.71,116880.48,360,63,0
2026.03.15 07:24:00,116871.09,116877.96,116865.81,116869.68,360,63,0
2026.03.15 07:18:00,116860.29,116871.06,116860.29,116871.06,360,63,0
2026.03.15 07:12:00,116849.49,116860.26,116849.49,116860.26,360,63,0
2026.03.15 07:06:00,116856.44,116861.03,116843.31,116849.46,360,63,0
2026.03.15 07:00:00,116891.40,116892.00,116854.55,116856.41,360,63,0
2026.03.15 06:48:00,116903.97,116906.34,116890.20,116891.37,120,63,0
2026.03.15 06:42:00,116893.17,116903.94,116893.17,116903.94,360,63,0
2026.03.15 06:36:00,116882.37,116893.14,116882.37,116893.14,360,63,0
2026.03.15 06:30:00,116901.59,116908.22,116878.23,116882.34,360,63,0
2026.03.15 06:24:00,116890.79,116901.56,116890.79,116901.56,360,63,0
2026.03.15 06:18:00,116879.99,116890.76,116879.99,116890.76,360,63,0
2026.03.15 06:12:00,116869.19,116879.96,116869.19,116879.96,360,63,0
2026.03.15 06:06:00,116858.39,116869.16,116858.39,116869.16,360,63,0
2026.03.15 06:00:00,116847.59,116858.36,116847.59,116858.36,360,63,0
2026.03.15 05:54:00,116896.87,116901.16,116841.77,116847.56,360,63,0
2026.03.15 05:48:00,116886.07,116896.84,116886.07,116896.84,360,63,0
2026.03.15 05:42:00,116909.35,116917.15,116883.10,116886.04,360,63,0
2026.03.15 05:36:00,116898.55,116909.32,116898.55,116909.32,360,63,0
2026.03.15 05:30:00,116887.75,116898.52,116887.75,116898.52,360,63,0
2026.03.15 05:24:00,116894.36,116895.89,116878.51,116887.72,360,63,0
2026.03.15 05:18:00,116910.79,116911.33,116884.13,116894.33,360,63,0
2026.03.15 05:12:00,116899.99,116910.76,116899.99,116910.76,360,63,0
2026.03.15 05:06:00,116909.05,116914.54,116894.71,116899.96,360,63,0
2026.03.15 05:00:00,116898.25,116909.02,116898.25,116909.02,360,63,0
2026.03.15 04:54:00,116913.58,116924.32,116898.22,116898.22,360,63,0
2026.03.15 04:48:00,116915.75,116919.71,116906.77,116913.55,360,63,0
2026.03.15 04:42:00,116935.35,116937.81,116907.44,116915.72,360,63,0
2026.03.15 04:36:00,116924.55,116935.32,116924.55,116935.32,360,63,0
2026.03.15 04:30:00,116913.75,116924.52,116913.75,116924.52,360,63,0
2026.03.15 04:24:00,116902.95,116913.72,116902.95,116913.72,360,63,0
2026.03.15 04:18:00,116916.11,116918.84,116894.91,116902.92,360,63,0
2026.03.15 04:12:00,116918.26,116920.57,116907.65,116916.08,360,63,0
2026.03.15 04:06:00,116907.46,116918.23,116907.46,116918.23,360,63,0
2026.03.15 04:00:00,116914.31,116916.20,116898.58,116907.43,360,63,0
2026.03.15 03:54:00,116903.51,116914.28,116903.51,116914.28,360,63,0
2026.03.15 03:48:00,116934.57,116937.18,116899.10,116903.48,360,63,0
2026.03.15 03:42:00,116971.21,116973.97,116933.43,116934.54,360,63,0
2026.03.15 03:36:00,116960.41,116971.18,116960.41,116971.18,360,63,0
2026.03.15 03:30:00,116949.61,116960.38,116949.61,116960.38,360,63,0
2026.03.15 03:24:00,116938.81,116949.58,116938.81,116949.58,360,63,0
2026.03.15 03:18:00,116928.01,116938.78,116928.01,116938.78,360,63,0
2026.03.15 03:12:00,116917.21,116927.98,116917.21,116927.98,360,63,0
2026.03.15 03:06:00,116906.41,116917.18,116906.41,116917.18,360,63,0
2026.03.15 03:00:00,116940.42,116949.99,116906.17,116906.38,360,63,0
2026.03.15 02:54:00,116929.62,116940.39,116929.62,116940.39,360,63,0
2026.03.15 02:48:00,116918.82,116929.59,116918.82,116929.59,360,63,0
2026.03.15 02:42:00,116926.63,116931.85,116913.27,116918.79,360,63,0
2026.03.15 02:36:00,116965.79,116966.06,116920.72,116926.60,360,63,0
2026.03.15 02:30:00,116954.99,116965.76,116954.99,116965.76,360,63,0
2026.03.15 02:24:00,116964.49,116967.16,116946.89,116954.96,360,63,0
2026.03.15 02:18:00,116953.69,116964.46,116953.69,116964.46,360,63,0
2026.03.15 02:12:00,116942.89,116953.66,116942.89,116953.66,360,63,0
2026.03.15 02:06:00,116932.09,116942.86,116932.09,116942.86,360,63,0
2026.03.15 02:00:00,116921.29,116932.06,116921.29,116932.06,360,63,0
2026.03.15 01:54:00,116910.49,116921.26,116910.49,116921.26,360,63,0
2026.03.15 01:48:00,116899.69,116910.46,116899.69,116910.46,360,63,0
2026.03.15 01:42:00,116888.89,116899.66,116888.89,116899.66,360,63,0
2026.03.15 01:36:00,116878.09,116888.86,116878.09,116888.86,360,63,0
2026.03.15 01:30:00,116887.87,116893.06,116872.51,116878.06,360,63,0
2026.03.15 01:24:00,116877.07,116887.84,116877.07,116887.84,360,63,0
2026.03.15 01:18:00,116866.27,116877.04,116866.27,116877.04,360,63,0
2026.03.15 01:12:00,116855.47,116866.24,116855.47,116866.24,360,63,0
2026.03.15 01:06:00,116860.13,116863.22,116847.79,116855.44,360,63,0
2026.03.15 01:00:00,116849.33,116860.10,116849.33,116860.10,360,63,0
2026.03.15 00:54:00,116857.67,116860.94,116841.83,116849.30,360,63,0
2026.03.15 00:48:00,116897.05,116900.05,116853.80,116857.64,360,63,0
2026.03.15 00:42:00,116886.25,116897.02,116886.25,116897.02,360,63,0
2026.03.15 00:36:00,116938.33,116944.69,116883.52,116886.22,360,63,0
2026.03.15 00:30:00,116957.05,116959.66,116930.17,116938.30,360,63,0
2026.03.15 00:24:00,116946.25,116957.02,116946.25,116957.02,360,63,0
2026.03.15 00:18:00,116935.45,116946.22,116935.45,116946.22,360,63,0
2026.03.15 00:12:00,116945.24,116951.33,116930.77,116935.42,360,63,0
2026.03.15 00:06:00,116963.52,116968.08,116939.03,116945.21,360,63,0
2026.03.15 00:00:00,116952.72,116963.49,116952.72,116963.49,360,63,0
2026.03.14 23:54:00,116977.25,116981.30,116951.04,116952.69,360,63,0
2026.03.14 23:48:00,116966.45,116977.22,116966.45,116977.22,360,63,0
2026.03.14 23:42:00,116984.73,116993.22,116964.17,116966.42,360,63,0
2026.03.14 23:36:00,117006.21,117011.55,116979.30,116984.70,360,63,0
2026.03.14 23:30:00,117038.95,117044.65,117001.14,117006.18,360,63,0
2026.03.14 23:24:00,117028.15,117038.92,117028.15,117038.92,360,63,0
2026.03.14 23:18:00,117017.35,117028.12,117017.35,117028.12,360,63,0
2026.03.14 23:12:00,117006.55,117017.32,117006.55,117017.32,360,63,0
2026.03.14 23:06:00,116995.75,117006.52,116995.75,117006.52,360,63,0
2026.03.14 23:00:00,117019.14,117019.38,116987.08,116995.72,360,63,0
2026.03.14 22:54:00,117027.37,117037.66,117018.66,117019.11,360,63,0
2026.03.14 22:48:00,117016.57,117027.34,117016.57,117027.34,360,63,0
2026.03.14 22:42:00,117034.96,117035.44,117006.28,117016.54,360,63,0
2026.03.14 22:36:00,117041.92,117046.15,117028.42,117034.93,360,63,0
2026.03.14 22:30:00,117051.48,117059.67,117039.34,117041.89,360,63,0
2026.03.14 22:24:00,117040.68,117051.45,117040.68,117051.45,360,63,0
2026.03.14 22:18:00,117029.88,117040.65,117029.88,117040.65,360,63,0
2026.03.14 22:12:00,117068.40,117072.24,117026.85,117029.85,360,63,0
2026.03.14 22:06:00,117057.60,117068.37,117057.60,117068.37,360,63,0
2026.03.14 22:00:00,117046.80,117057.57,117046.80,117057.57,360,63,0
2026.03.14 21:54:00,117065.61,117068.88,117045.87,117046.77,360,63,0
2026.03.14 21:48:00,117079.18,117085.33,117060.99,117065.58,360,63,0
2026.03.14 21:42:00,117068.38,117079.15,117068.38,117079.15,360,63,0
2026.03.14 21:36:00,117057.58,117068.35,117057.58,117068.35,360,63,0
2026.03.14 21:30:00,117046.78,117057.55,117046.78,117057.55,360,63,0
2026.03.14 21:24:00,117065.95,117068.53,117038.59,117046.75,360,63,0
2026.03.14 21:18:00,117072.44,117077.57,117060.31,117065.92,360,63,0
2026.03.14 21:12:00,117061.64,117072.41,117061.64,117072.41,360,63,0
2026.03.14 21:06:00,117063.85,117067.96,117054.98,117061.61,360,63,0
2026.03.14 21:00:00,117053.05,117063.82,117053.05,117063.82,360,63,0
2026.03.14 20:54:00,117073.90,117076.12,117044.50,117053.02,360,63,0
2026.03.14 20:48:00,117080.51,117083.45,117066.07,117073.87,360,63,0
2026.03.14 20:42:00,117105.41,117109.25,117079.25,117080.48,360,63,0
2026.03.14 20:36:00,117137.03,117143.39,117101.00,117105.38,360,63,0
2026.03.14 20:30:00,117171.40,117178.78,117133.64,117137.00,360,63,0
2026.03.14 20:24:00,117160.60,117171.37,117160.60,117171.37,360,63,0
2026.03.14 20:18:00,117149.80,117160.57,117149.80,117160.57,360,63,0
2026.03.14 20:12:00,117195.52,117195.94,117140.29,117149.77,360,63,0
2026.03.14 20:06:00,117184.72,117195.49,117184.72,117195.49,360,63,0
2026.03.14 20:00:00,117227.95,117231.19,117177.40,117184.69,360,63,0
2026.03.14 19:54:00,117217.15,117227.92,117217.15,117227.92,360,63,0
2026.03.14 19:48:00,117206.35,117217.12,117206.35,117217.12,360,63,0
2026.03.14 19:42:00,117195.55,117206.32,117195.55,117206.32,360,63,0
2026.03.14 19:36:00,117184.75,117195.52,117184.75,117195.52,360,63,0
2026.03.14 19:30:00,117173.95,117184.72,117173.95,117184.72,360,63,0
2026.03.14 19:24:00,117163.15,117173.92,117163.15,117173.92,360,63,0
2026.03.14 19:18:00,117166.28,117170.48,117156.58,117163.12,360,63,0
2026.03.14 19:12:00,117155.48,117166.25,117155.48,117166.25,360,63,0
2026.03.14 19:06:00,117171.57,117180.06,117153.20,117155.45,360,63,0
2026.03.14 19:00:00,117160.77,117171.54,117160.77,117171.54,360,63,0
2026.03.14 18:54:00,117149.97,117160.74,117149.97,117160.74,360,63,0
2026.03.14 18:48:00,117214.48,117214.72,117148.95,117149.94,360,63,0
2026.03.14 18:42:00,117203.68,117214.45,117203.68,117214.45,360,63,0
2026.03.14 18:36:00,117232.56,117238.86,117200.02,117203.65,360,63,0
2026.03.14 18:30:00,117221.76,117232.53,117221.76,117232.53,360,63,0
2026.03.14 18:24:00,117210.96,117221.73,117210.96,117221.73,360,63,0
2026.03.14 18:18:00,117200.16,117210.93,117200.16,117210.93,360,63,0
2026.03.14 18:12:00,117207.97,117217.15,117198.57,117200.13,360,63,0
2026.03.14 18:06:00,117243.11,117244.04,117201.25,117207.94,360,63,0
2026.03.14 18:00:00,117264.48,117271.41,117239.27,117243.08,360,63,0
2026.03.14 17:54:00,117299.68,117304.30,117261.90,117264.45,360,63,0
2026.03.14 17:48:00,117331.07,117333.47,117296.83,117299.65,360,63,0
2026.03.14 17:42:00,117320.27,117331.04,117320.27,117331.04,360,63,0
2026.03.14 17:36:00,117346.63,117354.16,117317.03,117320.24,360,63,0
2026.03.14 17:30:00,117335.83,117346.60,117335.83,117346.60,360,63,0
2026.03.14 17:24:00,117347.21,117357.11,117334.96,117335.80,360,63,0
2026.03.14 17:18:00,117362.93,117370.28,117343.79,117347.18,360,63,0
2026.03.14 17:12:00,117369.92,117375.11,117357.35,117362.90,360,63,0
2026.03.14 17:06:00,117359.12,117369.89,117359.12,117369.89,360,63,0
2026.03.14 17:00:00,117380.45,117385.58,117353.48,117359.09,360,63,0
2026.03.14 16:54:00,117369.65,117380.42,117369.65,117380.42,360,63,0
2026.03.14 16:48:00,117374.04,117384.30,117369.14,117369.62,360,63,0
2026.03.14 16:42:00,117363.24,117374.01,117363.24,117374.01,360,63,0
2026.03.14 16:36:00,117352.44,117363.21,117352.44,117363.21,360,63,0
2026.03.14 16:30:00,117341.64,117352.41,117341.64,117352.41,360,63,0
2026.03.14 16:24:00,117330.84,117341.61,117330.84,117341.61,360,63,0
2026.03.14 16:18:00,117320.04,117330.81,117320.04,117330.81,360,63,0
2026.03.14 16:12:00,117327.72,117328.56,117310.11,117320.01,360,63,0
2026.03.14 16:06:00,117316.92,117327.69,117316.92,117327.69,360,63,0
2026.03.14 16:00:00,117306.12,117316.89,117306.12,117316.89,360,63,0
2026.03.14 15:54:00,117295.32,117306.09,117295.32,117306.09,360,63,0
2026.03.14 15:48:00,117284.52,117295.29,117284.52,117295.29,360,63,0
2026.03.14 15:42:00,117273.72,117284.49,117273.72,117284.49,360,63,0
2026.03.14 15:36:00,117262.92,117273.69,117262.92,117273.69,360,63,0
2026.03.14 15:30:00,117252.12,117262.89,117252.12,117262.89,360,63,0
2026.03.14 15:24:00,117270.53,117279.26,117250.08,117252.09,360,63,0
2026.03.14 15:18:00,117259.73,117270.50,117259.73,117270.50,360,63,0
2026.03.14 15:12:00,117276.10,117284.83,117257.69,117259.70,360,63,0
2026.03.14 15:06:00,117278.88,117280.14,117266.59,117276.07,360,63,0
2026.03.14 15:00:00,117286.76,117296.18,117277.53,117278.85,360,63,0
2026.03.14 14:54:00,117294.08,117298.79,117280.70,117286.73,360,63,0
2026.03.14 14:48:00,117283.28,117294.05,117283.28,117294.05,360,63,0
2026.03.14 14:42:00,117272.48,117283.25,117272.48,117283.25,360,63,0
2026.03.14 14:36:00,117290.22,117294.72,117266.21,117272.45,360,63,0
2026.03.14 14:30:00,117279.42,117290.19,117279.42,117290.19,360,63,0
2026.03.14 14:24:00,117301.65,117305.49,117272.49,117279.39,360,63,0
2026.03.14 14:18:00,117290.85,117301.62,117290.85,117301.62,360,63,0
2026.03.14 14:12:00,117280.05,117290.82,117280.05,117290.82,360,63,0
2026.03.14 14:06:00,117347.66,117348.32,117277.02,117280.02,360,63,0
2026.03.14 14:00:00,117387.06,117396.81,117346.64,117347.63,360,63,0
2026.03.14 13:54:00,117376.26,117387.03,117376.26,117387.03,360,63,0
2026.03.14 13:48:00,117383.14,117385.69,117368.04,117376.23,360,63,0
2026.03.14 13:42:00,117372.34,117383.11,117372.34,117383.11,360,63,0
2026.03.14 13:36:00,117361.54,117372.31,117361.54,117372.31,360,63,0
2026.03.14 13:30:00,117443.80,117444.16,117361.21,117361.51,360,63,0
2026.03.14 13:24:00,117433.00,117443.77,117433.00,117443.77,360,63,0
2026.03.14 13:18:00,117422.20,117432.97,117422.20,117432.97,360,63,0
2026.03.14 13:12:00,117411.40,117422.17,117411.40,117422.17,360,63,0
2026.03.14 13:06:00,117400.60,117411.37,117400.60,117411.37,360,63,0
2026.03.14 13:00:00,117413.02,117413.74,117390.55,117400.57,360,63,0
2026.03.14 12:54:00,117402.22,117412.99,117402.22,117412.99,360,63,0
2026.03.14 12:48:00,117391.42,117402.19,117391.42,117402.19,360,63,0
2026.03.14 12:42:00,117380.62,117391.39,117380.62,117391.39,360,63,0
2026.03.14 12:36:00,117393.07,117399.61,117376.39,117380.59,360,63,0
2026.03.14 12:30:00,117394.56,117396.42,117384.16,117393.04,353,63,0
2026.03.14 12:24:00,117383.76,117394.53,117383.76,117394.53,360,63,0
2026.03.14 12:18:00,117372.96,117383.73,117372.96,117383.73,360,63,0
2026.03.14 12:12:00,117362.16,117372.93,117362.16,117372.93,360,63,0
2026.03.14 12:06:00,117351.36,117362.13,117351.36,117362.13,360,63,0
2026.03.14 12:00:00,117347.82,117351.33,117347.82,117351.33,118,63,0
2026.03.14 10:00:00,117345.81,117347.82,117345.81,117347.82,68,63,0
2026.03.14 09:54:00,117371.16,117381.21,117345.09,117345.78,360,63,0
2026.03.14 09:48:00,117376.53,117387.00,117370.86,117371.13,360,63,0
2026.03.14 09:42:00,117365.73,117376.50,117365.73,117376.50,360,63,0
2026.03.14 09:36:00,117354.93,117365.70,117354.93,117365.70,360,63,0
2026.03.14 09:30:00,117344.13,117354.90,117344.13,117354.90,360,63,0
2026.03.14 09:24:00,117333.33,117344.10,117333.33,117344.10,360,63,0
2026.03.14 09:18:00,117322.53,117333.30,117322.53,117333.30,360,63,0
2026.03.14 09:12:00,117336.13,117346.30,117321.93,117322.50,360,63,0
2026.03.14 09:06:00,117325.33,117336.10,117325.33,117336.10,360,63,0
2026.03.14 09:00:00,117376.89,117383.10,117324.88,117325.30,360,63,0
2026.03.14 08:54:00,117366.09,117376.86,117366.09,117376.86,360,63,0
2026.03.14 08:48:00,117382.00,117386.26,117359.58,117366.06,360,63,0
2026.03.14 08:42:00,117371.20,117381.97,117371.20,117381.97,360,63,0
2026.03.14 08:36:00,117360.40,117371.17,117360.40,117371.17,360,63,0
2026.03.14 08:30:00,117349.60,117360.37,117349.60,117360.37,360,63,0
2026.03.14 08:24:00,117338.80,117349.57,117338.80,117349.57,360,63,0
2026.03.14 08:18:00,117328.00,117338.77,117328.00,117338.77,360,63,0
2026.03.14 08:12:00,117334.84,117335.83,117318.22,117327.97,360,63,0
2026.03.14 08:06:00,117324.04,117334.81,117324.04,117334.81,360,63,0
2026.03.14 08:00:00,117313.24,117324.01,117313.24,117324.01,360,63,0
2026.03.14 07:54:00,117302.44,117313.21,117302.44,117313.21,360,63,0
2026.03.14 07:48:00,117291.64,117302.41,117291.64,117302.41,360,63,0
2026.03.14 07:42:00,117280.84,117291.61,117280.84,117291.61,360,63,0
2026.03.14 07:36:00,117290.77,117296.11,117275.41,117280.81,360,63,0
2026.03.14 07:30:00,117279.97,117290.74,117279.97,117290.74,360,63,0
2026.03.14 07:24:00,117269.17,117279.94,117269.17,117279.94,360,63,0
2026.03.14 07:18:00,117258.37,117269.14,117258.37,117269.14,360,63,0
2026.03.14 07:12:00,117247.57,117258.34,117247.57,117258.34,360,63,0
2026.03.14 07:06:00,117253.04,117261.02,117244.78,117247.54,360,63,0
2026.03.14 07:00:00,117255.14,117259.07,117246.20,117253.01,360,63,0
2026.03.14 06:54:00,117262.08,117270.21,117252.50,117255.11,360,63,0
2026.03.14 06:48:00,117269.22,117278.16,117260.25,117262.05,360,63,0
2026.03.14 06:42:00,117258.42,117269.19,117258.42,117269.19,360,63,0
2026.03.14 06:36:00,117282.63,117284.61,117249.63,117258.39,360,63,0
2026.03.14 06:30:00,117317.28,117318.48,117276.00,117282.60,360,63,0
2026.03.14 06:24:00,117339.30,117340.95,117311.73,117317.25,360,63,0
2026.03.14 06:18:00,117328.50,117339.27,117328.50,117339.27,360,63,0
2026.03.14 06:12:00,117317.70,117328.47,117317.70,117328.47,360,63,0
2026.03.14 06:06:00,117306.90,117317.67,117306.90,117317.67,360,63,0
2026.03.14 06:00:00,117296.10,117306.87,117296.10,117306.87,360,63,0
2026.03.14 05:54:00,117297.41,117299.21,117287.13,117296.07,360,63,0
2026.03.14 05:48:00,117286.61,117297.38,117286.61,117297.38,360,63,0
2026.03.14 05:42:00,117275.81,117286.58,117275.81,117286.58,360,63,0
2026.03.14 05:36:00,117291.55,117295.48,117268.97,117275.78,360,63,0
2026.03.14 05:30:00,117280.75,117291.52,117280.75,117291.52,360,63,0
2026.03.14 05:24:00,117290.04,117295.86,117275.80,117280.72,360,63,0
2026.03.14 05:18:00,117279.24,117290.01,117279.24,117290.01,360,63,0
2026.03.14 05:12:00,117311.46,117312.03,117278.31,117279.21,360,63,0
2026.03.14 05:06:00,117300.66,117311.43,117300.66,117311.43,360,63,0
2026.03.14 05:00:00,117289.86,117300.63,117289.86,117300.63,360,63,0
2026.03.14 04:54:00,117279.06,117289.83,117279.06,117289.83,360,63,0
2026.03.14 04:48:00,117268.26,117279.03,117268.26,117279.03,360,63,0
2026.03.14 04:42:00,117277.13,117277.19,117257.55,117268.23,360,63,0
2026.03.14 04:36:00,117330.99,117333.84,117276.11,117277.10,360,63,0
2026.03.14 04:30:00,117337.14,117343.20,117326.28,117330.96,360,63,0
2026.03.14 04:24:00,117326.34,117337.11,117326.34,117337.11,360,63,0
2026.03.14 04:18:00,117358.06,117358.30,117320.31,117326.31,360,63,0
2026.03.14 04:12:00,117347.26,117358.03,117347.26,117358.03,360,63,0
2026.03.14 04:06:00,117336.46,117347.23,117336.46,117347.23,360,63,0
2026.03.14 04:00:00,117337.85,117348.20,117336.04,117336.43,360,63,0
2026.03.14 03:54:00,117339.72,117341.52,117328.88,117337.82,360,63,0
2026.03.14 03:48:00,117376.49,117380.03,117338.55,117339.69,360,63,0
2026.03.14 03:42:00,117425.69,117431.87,117374.96,117376.46,360,63,0
2026.03.14 03:36:00,117414.89,117425.66,117414.89,117425.66,360,63,0
2026.03.14 03:30:00,117404.09,117414.86,117404.09,117414.86,360,63,0
2026.03.14 03:24:00,117393.29,117404.06,117393.29,117404.06,360,63,0
2026.03.14 03:18:00,117398.93,117407.12,117390.71,117393.26,360,63,0
2026.03.14 03:12:00,117388.13,117398.90,117388.13,117398.90,360,63,0
2026.03.14 03:06:00,117377.33,117388.10,117377.33,117388.10,360,63,0
2026.03.14 03:00:00,117446.82,117454.83,117377.12,117377.30,360,63,0
2026.03.14 02:54:00,117467.54,117467.81,117436.32,117446.79,360,63,0
2026.03.14 02:48:00,117531.35,117534.35,117464.84,117467.51,360,63,0
2026.03.14 02:42:00,117520.55,117531.32,117520.55,117531.32,360,63,0
2026.03.14 02:36:00,117509.75,117520.52,117509.75,117520.52,360,63,0
2026.03.14 02:30:00,117556.69,117561.46,117504.02,117509.72,360,63,0
2026.03.14 02:24:00,117570.21,117572.88,117548.59,117556.66,360,63,0
2026.03.14 02:18:00,117573.76,117582.55,117568.23,117570.18,360,63,0
2026.03.14 02:12:00,117577.47,117578.40,117563.92,117573.73,360,63,0
2026.03.14 02:06:00,117566.67,117577.44,117566.67,117577.44,360,63,0
2026.03.14 02:00:00,117594.76,117595.24,117566.22,117566.64,360,63,0
2026.03.14 01:54:00,117583.96,117594.73,117583.96,117594.73,360,63,0
2026.03.14 01:48:00,117589.87,117599.89,117583.21,117583.93,360,63,0
2026.03.14 01:42:00,117579.07,117589.84,117579.07,117589.84,360,63,0
2026.03.14 01:36:00,117595.49,117598.49,117571.30,117579.04,360,63,0
2026.03.14 01:30:00,117584.69,117595.46,117584.69,117595.46,360,63,0
2026.03.14 01:24:00,117599.26,117604.66,117579.32,117584.66,360,63,0
2026.03.14 01:18:00,117588.46,117599.23,117588.46,117599.23,360,63,0
2026.03.14 01:12:00,117577.66,117588.43,117577.66,117588.43,360,63,0
2026.03.14 01:06:00,117566.86,117577.63,117566.86,117577.63,360,63,0
2026.03.14 01:00:00,117556.06,117566.83,117556.06,117566.83,360,63,0
2026.03.14 00:54:00,117596.52,117598.26,117550.15,117556.03,360,63,0
2026.03.14 00:48:00,117585.72,117596.49,117585.72,117596.49,360,63,0
2026.03.14 00:42:00,117600.32,117610.22,117584.85,117585.69,360,63,0
2026.03.14 00:36:00,117589.52,117600.29,117589.52,117600.29,360,63,0
2026.03.14 00:30:00,117633.07,117641.08,117587.84,117589.49,360,63,0
2026.03.14 00:24:00,117622.27,117633.04,117622.27,117633.04,360,63,0
2026.03.14 00:18:00,117633.84,117635.10,117612.76,117622.24,360,63,0
2026.03.14 00:12:00,117623.04,117633.81,117623.04,117633.81,360,63,0
2026.03.14 00:06:00,117612.24,117623.01,117612.24,117623.01,360,63,0
2026.03.14 00:00:00,117624.92,117632.30,117608.85,117612.21,360,63,0
2026.03.13 23:54:00,117614.12,117624.89,117614.12,117624.89,360,63,0
2026.03.13 23:48:00,117618.29,117625.91,117610.97,117614.09,360,63,0
2026.03.13 23:42:00,117607.49,117618.26,117607.49,117618.26,360,63,0
2026.03.13 23:36:00,117596.69,117607.46,117596.69,117607.46,360,63,0
2026.03.13 23:30:00,117585.89,117596.66,117585.89,117596.66,360,63,0
2026.03.13 23:24:00,117604.42,117606.70,117577.40,117585.86,360,63,0
2026.03.13 23:18:00,117593.62,117604.39,117593.62,117604.39,360,63,0
2026.03.13 23:12:00,117618.32,117621.08,117585.61,117593.59,360,63,0
2026.03.13 23:06:00,117657.28,117660.64,117616.76,117618.29,360,63,0
2026.03.13 23:00:00,117646.48,117657.25,117646.48,117657.25,360,63,0
2026.03.13 22:54:00,117635.68,117646.45,117635.68,117646.45,360,63,0
2026.03.13 22:48:00,117624.88,117635.65,117624.88,117635.65,360,63,0
2026.03.13 22:42:00,117614.08,117624.85,117614.08,117624.85,360,63,0
2026.03.13 22:36:00,117603.28,117614.05,117603.28,117614.05,360,63,0
2026.03.13 22:30:00,117592.48,117603.25,117592.48,117603.25,360,63,0
2026.03.13 22:24:00,117611.27,117612.32,117582.76,117592.45,360,63,0
2026.03.13 22:18:00,117625.91,117628.70,117603.29,117611.24,360,63,0
2026.03.13 22:12:00,117637.80,117645.39,117622.73,117625.88,360,63,0
2026.03.13 22:06:00,117627.00,117637.77,117627.00,117637.77,360,63,0
2026.03.13 22:00:00,117631.24,117635.68,117620.67,117626.97,360,63,0
2026.03.13 21:54:00,117657.69,117662.67,117625.45,117631.21,360,63,0
2026.03.13 21:48:00,117676.89,117679.11,117649.14,117657.66,360,63,0
2026.03.13 21:42:00,117666.09,117676.86,117666.09,117676.86,360,63,0
2026.03.13 21:36:00,117668.07,117677.34,117664.59,117666.06,360,63,0
2026.03.13 21:30:00,117710.93,117716.72,117667.62,117668.04,360,63,0
2026.03.13 21:24:00,117737.47,117738.73,117704.45,117710.90,360,63,0
2026.03.13 21:18:00,117726.67,117737.44,117726.67,117737.44,360,63,0
2026.03.13 21:12:00,117715.87,117726.64,117715.87,117726.64,360,63,0
2026.03.13 21:06:00,117718.15,117722.53,117709.48,117715.84,360,63,0
2026.03.13 21:00:00,117707.35,117718.12,117707.35,117718.12,360,63,0
2026.03.13 20:54:00,117696.55,117707.32,117696.55,117707.32,360,63,0
2026.03.13 20:48:00,117685.75,117696.52,117685.75,117696.52,360,63,0
2026.03.13 20:42:00,117674.95,117685.72,117674.95,117685.72,360,63,0
2026.03.13 20:36:00,117664.15,117674.92,117664.15,117674.92,360,63,0
2026.03.13 20:30:00,117653.35,117664.12,117653.35,117664.12,360,63,0
2026.03.13 20:24:00,117642.55,117653.32,117642.55,117653.32,360,63,0
2026.03.13 20:18:00,117631.75,117642.52,117631.75,117642.52,360,63,0
2026.03.13 20:12:00,117620.95,117631.72,117620.95,117631.72,360,63,0
2026.03.13 20:06:00,117610.15,117620.92,117610.15,117620.92,360,63,0
2026.03.13 20:00:00,117599.35,117610.12,117599.35,117610.12,360,63,0
2026.03.13 19:54:00,117588.55,117599.32,117588.55,117599.32,360,63,0
2026.03.13 19:48:00,117602.40,117606.48,117581.86,117588.52,360,63,0
2026.03.13 19:42:00,117591.60,117602.37,117591.60,117602.37,360,63,0
2026.03.13 19:36:00,117580.80,117591.57,117580.80,117591.57,360,63,0
2026.03.13 19:30:00,117586.30,117587.29,117571.02,117580.77,360,63,0
2026.03.13 19:24:00,117592.00,117594.88,117578.41,117586.27,360,63,0
2026.03.13 19:18:00,117581.20,117591.97,117581.20,117591.97,360,63,0
2026.03.13 19:12:00,117617.17,117621.91,117577.39,117581.17,360,63,0
2026.03.13 19:06:00,117606.37,117617.14,117606.37,117617.14,360,63,0
2026.03.13 19:00:00,117614.11,117616.69,117598.18,117606.34,360,63,0
2026.03.13 18:54:00,117603.31,117614.08,117603.31,117614.08,360,63,0
2026.03.13 18:48:00,117592.51,117603.28,117592.51,117603.28,360,63,0
2026.03.13 18:42:00,117581.71,117592.48,117581.71,117592.48,360,63,0
2026.03.13 18:36:00,117594.66,117598.59,117574.87,117581.68,360,63,0
2026.03.13 18:30:00,117583.86,117594.63,117583.86,117594.63,360,63,0
2026.03.13 18:24:00,117573.06,117583.83,117573.06,117583.83,360,63,0
2026.03.13 18:18:00,117562.26,117573.03,117562.26,117573.03,360,63,0
2026.03.13 18:12:00,117551.46,117562.23,117551.46,117562.23,360,63,0
2026.03.13 18:06:00,117540.66,117551.43,117540.66,117551.43,360,63,0
2026.03.13 18:00:00,117529.86,117540.63,117529.86,117540.63,360,63,0
2026.03.13 17:54:00,117519.06,117529.83,117519.06,117529.83,360,63,0
2026.03.13 17:48:00,117508.26,117519.03,117508.26,117519.03,360,63,0
2026.03.13 17:42:00,117549.20,117551.60,117502.17,117508.23,360,63,0
2026.03.13 17:36:00,117538.40,117549.17,117538.40,117549.17,360,63,0
2026.03.13 17:30:00,117527.60,117538.37,117527.60,117538.37,360,63,0
2026.03.13 17:24:00,117516.80,117527.57,117516.80,117527.57,360,63,0
2026.03.13 17:18:00,117520.16,117525.80,117511.67,117516.77,360,63,0
2026.03.13 17:12:00,117534.27,117535.02,117510.14,117520.13,360,63,0
2026.03.13 17:06:00,117523.47,117534.24,117523.47,117534.24,360,63,0
2026.03.13 17:00:00,117512.67,117523.44,117512.67,117523.44,360,63,0
2026.03.13 16:54:00,117501.87,117512.64,117501.87,117512.64,360,63,0
2026.03.13 16:48:00,117505.92,117507.24,117492.42,117501.84,360,63,0
2026.03.13 16:42:00,117532.72,117542.71,117505.14,117505.89,360,63,0
2026.03.13 16:36:00,117521.92,117532.69,117521.92,117532.69,360,63,0
2026.03.13 16:30:00,117511.12,117521.89,117511.12,117521.89,360,63,0
2026.03.13 16:24:00,117513.81,117514.35,117500.89,117511.09,360,63,0
2026.03.13 16:18:00,117503.01,117513.78,117503.01,117513.78,360,63,0
2026.03.13 16:12:00,117506.48,117510.95,117496.71,117502.98,360,63,0
2026.03.13 16:06:00,117495.68,117506.45,117495.68,117506.45,360,63,0
2026.03.13 16:00:00,117511.43,117513.80,117487.28,117495.65,360,63,0
2026.03.13 15:54:00,117500.63,117511.40,117500.63,117511.40,360,63,0
2026.03.13 15:48:00,117489.83,117500.60,117489.83,117500.60,360,63,0
2026.03.13 15:42:00,117516.40,117522.49,117485.15,117489.80,360,63,0
2026.03.13 15:36:00,117505.60,117516.37,117505.60,117516.37,360,63,0
2026.03.13 15:30:00,117494.80,117505.57,117494.80,117505.57,360,63,0
2026.03.13 15:24:00,117484.00,117494.77,117484.00,117494.77,360,63,0
2026.03.13 15:18:00,117473.20,117483.97,117473.20,117483.97,360,63,0
2026.03.13 15:12:00,117478.16,117483.89,117468.16,117473.17,360,63,0
2026.03.13 15:06:00,117498.94,117507.58,117476.03,117478.13,360,63,0
2026.03.13 15:00:00,117510.24,117514.11,117492.04,117498.91,360,63,0
2026.03.13 14:54:00,117521.62,117529.06,117506.91,117510.21,360,63,0
2026.03.13 14:48:00,117510.82,117521.59,117510.82,117521.59,360,63,0
2026.03.13 14:42:00,117500.02,117510.79,117500.02,117510.79,360,63,0
2026.03.13 14:36:00,117501.77,117510.32,117497.80,117499.99,360,63,0
2026.03.13 14:30:00,117512.50,117520.99,117499.49,117501.74,360,63,0
2026.03.13 14:24:00,117501.70,117512.47,117501.70,117512.47,360,63,0
2026.03.13 14:18:00,117490.90,117501.67,117490.90,117501.67,360,63,0
2026.03.13 14:12:00,117480.10,117490.87,117480.10,117490.87,360,63,0
2026.03.13 14:06:00,117491.58,117499.08,117476.83,117480.07,360,63,0
2026.03.13 14:00:00,117506.09,117508.61,117483.33,117491.55,360,63,0
2026.03.13 13:54:00,117495.29,117506.06,117495.29,117506.06,360,63,0
2026.03.13 13:48:00,117484.49,117495.26,117484.49,117495.26,360,63,0
2026.03.13 13:42:00,117528.43,117529.99,117475.28,117484.46,360,63,0
2026.03.13 13:36:00,117517.63,117528.40,117517.63,117528.40,360,63,0
2026.03.13 13:30:00,117524.45,117532.46,117514.87,117517.60,360,63,0
2026.03.13 13:24:00,117530.63,117537.38,117520.43,117524.42,360,63,0
2026.03.13 13:18:00,117550.39,117556.57,117526.04,117530.60,360,63,0
2026.03.13 13:12:00,117579.05,117586.55,117547.12,117550.36,360,63,0
2026.03.13 13:06:00,117593.04,117602.82,117578.06,117579.02,360,63,0
2026.03.13 13:00:00,117605.70,117609.93,117586.50,117593.01,360,63,0
2026.03.13 12:54:00,117594.90,117605.67,117594.90,117605.67,360,63,0
2026.03.13 12:48:00,117584.10,117594.87,117584.10,117594.87,360,63,0
2026.03.13 12:42:00,117593.68,117603.43,117583.08,117584.07,360,63,0
2026.03.13 12:36:00,117582.88,117593.65,117582.88,117593.65,360,63,0
2026.03.13 12:30:00,117572.08,117582.85,117572.08,117582.85,360,63,0
2026.03.13 12:24:00,117561.28,117572.05,117561.28,117572.05,360,63,0
2026.03.13 12:18:00,117550.48,117561.25,117550.48,117561.25,360,63,0
2026.03.13 12:12:00,117539.68,117550.45,117539.68,117550.45,360,63,0
2026.03.13 12:06:00,117546.24,117555.66,117538.33,117539.65,360,63,0
2026.03.13 12:00:00,117549.69,117550.11,117535.89,117546.21,360,63,0
2026.03.13 11:54:00,117538.89,117549.66,117538.89,117549.66,360,63,0
2026.03.13 11:48:00,117625.77,117632.04,117537.69,117538.86,360,63,0
2026.03.13 11:42:00,117646.58,117648.89,117617.31,117625.74,360,63,0
2026.03.13 11:36:00,117661.37,117663.95,117638.39,117646.55,360,63,0
2026.03.13 11:30:00,117650.57,117661.34,117650.57,117661.34,360,63,0
2026.03.13 11:24:00,117639.77,117650.54,117639.77,117650.54,360,63,0
2026.03.13 11:18:00,117628.97,117639.74,117628.97,117639.74,360,63,0
2026.03.13 11:12:00,117618.17,117628.94,117618.17,117628.94,360,63,0
2026.03.13 11:06:00,117607.37,117618.14,117607.37,117618.14,360,63,0
2026.03.13 11:00:00,117596.57,117607.34,117596.57,117607.34,360,63,0
2026.03.13 10:54:00,117609.16,117614.02,117590.66,117596.54,360,63,0
2026.03.13 10:48:00,117598.36,117609.13,117598.36,117609.13,360,63,0
2026.03.13 10:42:00,117626.50,117628.15,117589.24,117598.33,360,63,0
2026.03.13 10:36:00,117630.02,117631.85,117617.56,117626.47,360,63,0
2026.03.13 10:30:00,117619.22,117629.99,117619.22,117629.99,360,63,0
2026.03.13 10:24:00,117632.15,117638.84,117615.14,117619.19,360,63,0
2026.03.13 10:18:00,117638.05,117644.80,117628.13,117632.12,360,63,0
2026.03.13 10:12:00,117627.25,117638.02,117627.25,117638.02,360,63,0
2026.03.13 10:06:00,117616.45,117627.22,117616.45,117627.22,360,63,0
2026.03.13 10:00:00,117619.05,117624.15,117610.78,117616.42,360,63,0
2026.03.13 09:54:00,117640.13,117648.77,117616.92,117619.02,360,63,0
2026.03.13 09:48:00,117629.33,117640.10,117629.33,117640.10,360,63,0
2026.03.13 09:42:00,117618.53,117629.30,117618.53,117629.30,360,63,0
2026.03.13 09:36:00,117607.73,117618.50,117607.73,117618.50,360,63,0
2026.03.13 09:30:00,117615.04,117623.74,117605.66,117607.70,360,63,0
2026.03.13 09:24:00,117604.24,117615.01,117604.24,117615.01,360,63,0
2026.03.13 09:18:00,117593.44,117604.21,117593.44,117604.21,360,63,0
2026.03.13 09:12:00,117582.64,117593.41,117582.64,117593.41,360,63,0
2026.03.13 09:06:00,117591.13,117595.66,117576.40,117582.61,360,63,0
2026.03.13 09:00:00,117608.01,117611.37,117583.72,117591.10,360,63,0
2026.03.13 08:54:00,117597.21,117607.98,117597.21,117607.98,360,63,0
2026.03.13 08:48:00,117611.95,117620.80,117595.29,117597.18,360,63,0
2026.03.13 08:42:00,117601.15,117611.92,117601.15,117611.92,360,63,0
2026.03.13 08:36:00,117634.34,117640.31,117596.35,117601.12,360,63,0
2026.03.13 08:30:00,117649.53,117655.95,117629.99,117634.31,360,63,0
2026.03.13 08:24:00,117638.73,117649.50,117638.73,117649.50,360,63,0
2026.03.13 08:18:00,117627.93,117638.70,117627.93,117638.70,360,63,0
2026.03.13 08:12:00,117617.13,117627.90,117617.13,117627.90,360,63,0
2026.03.13 08:06:00,117606.33,117617.10,117606.33,117617.10,360,63,0
2026.03.13 08:00:00,117595.53,117606.30,117595.53,117606.30,360,63,0
2026.03.13 07:54:00,117584.73,117595.50,117584.73,117595.50,360,63,0
2026.03.13 07:48:00,117573.93,117584.70,117573.93,117584.70,360,63,0
2026.03.13 07:42:00,117563.13,117573.90,117563.13,117573.90,360,63,0
2026.03.13 07:36:00,117552.33,117563.10,117552.33,117563.10,360,63,0
2026.03.13 07:30:00,117567.04,117575.38,117549.90,117552.30,360,63,0
2026.03.13 07:24:00,117556.24,117567.01,117556.24,117567.01,360,63,0
2026.03.13 07:18:00,117545.44,117556.21,117545.44,117556.21,360,63,0
2026.03.13 07:12:00,117534.64,117545.41,117534.64,117545.41,360,63,0
2026.03.13 07:06:00,117523.84,117534.61,117523.84,117534.61,360,63,0
2026.03.13 07:00:00,117513.04,117523.81,117513.04,117523.81,360,63,0
2026.03.13 06:54:00,117502.24,117513.01,117502.24,117513.01,360,63,0
2026.03.13 06:48:00,117525.90,117535.38,117500.95,117502.21,360,63,0
2026.03.13 06:42:00,117515.10,117525.87,117515.10,117525.87,360,63,0
2026.03.13 06:36:00,117525.90,117528.54,117506.97,117515.07,360,63,0
2026.03.13 06:30:00,117515.10,117525.87,117515.10,117525.87,360,63,0
2026.03.13 06:24:00,117534.79,117537.73,117507.27,117515.07,360,63,0
2026.03.13 06:18:00,117546.33,117554.25,117531.94,117534.76,360,63,0
2026.03.13 06:12:00,117569.05,117572.29,117538.80,117546.30,360,63,0
2026.03.13 06:06:00,117558.25,117569.02,117558.25,117569.02,360,63,0
2026.03.13 06:00:00,117547.45,117558.22,117547.45,117558.22,360,63,0
2026.03.13 05:54:00,117536.65,117547.42,117536.65,117547.42,360,63,0
2026.03.13 05:48:00,117556.31,117559.43,117529.00,117536.62,360,63,0
2026.03.13 05:42:00,117545.51,117556.28,117545.51,117556.28,360,63,0
2026.03.13 05:36:00,117534.71,117545.48,117534.71,117545.48,360,63,0
2026.03.13 05:30:00,117542.33,117548.69,117530.30,117534.68,360,63,0
2026.03.13 05:24:00,117531.53,117542.30,117531.53,117542.30,360,63,0
2026.03.13 05:18:00,117520.73,117531.50,117520.73,117531.50,360,63,0
2026.03.13 05:12:00,117525.86,117528.20,117512.30,117520.70,360,63,0
2026.03.13 05:06:00,117515.06,117525.83,117515.06,117525.83,360,63,0
2026.03.13 05:00:00,117504.26,117515.03,117504.26,117515.03,360,63,0
2026.03.13 04:54:00,117519.82,117524.08,117497.75,117504.23,360,63,0
2026.03.13 04:48:00,117509.02,117519.79,117509.02,117519.79,360,63,0
2026.03.13 04:42:00,117498.22,117508.99,117498.22,117508.99,360,63,0
2026.03.13 04:36:00,117506.46,117508.92,117489.91,117498.19,360,63,0
2026.03.13 04:30:00,117509.04,117514.74,117501.39,117506.43,360,63,0
2026.03.13 04:24:00,117514.17,117516.42,117500.52,117509.01,360,63,0
2026.03.13 04:18:00,117503.37,117514.14,117503.37,117514.14,360,63,0
2026.03.13 04:12:00,117492.57,117503.34,117492.57,117503.34,360,63,0
2026.03.13 04:06:00,117523.86,117525.00,117488.76,117492.54,360,63,0
2026.03.13 04:00:00,117513.06,117523.83,117513.06,117523.83,360,63,0
2026.03.13 03:54:00,117535.44,117536.28,117503.13,117513.03,360,63,0
2026.03.13 03:48:00,117537.37,117540.67,117527.97,117535.41,360,63,0
2026.03.13 03:42:00,117556.52,117562.49,117532.57,117537.34,360,63,0
2026.03.13 03:36:00,117576.92,117577.88,117552.77,117556.49,360,63,0
2026.03.13 03:30:00,117566.12,117576.89,117566.12,117576.89,360,63,0
2026.03.13 03:24:00,117555.32,117566.09,117555.32,117566.09,360,63,0
2026.03.13 03:18:00,117571.64,117572.51,117545.42,117555.29,360,63,0
2026.03.13 03:12:00,117560.84,117571.61,117560.84,117571.61,360,63,0
2026.03.13 03:06:00,117550.04,117560.81,117550.04,117560.81,360,63,0
2026.03.13 03:00:00,117539.24,117550.01,117539.24,117550.01,360,63,0
2026.03.13 02:54:00,117528.44,117539.21,117528.44,117539.21,360,63,0
2026.03.13 02:48:00,117517.64,117528.41,117517.64,117528.41,360,63,0
2026.03.13 02:42:00,117521.35,117521.92,117507.44,117517.61,360,63,0
2026.03.13 02:36:00,117553.40,117553.88,117512.20,117521.32,360,63,0
2026.03.13 02:30:00,117542.60,117553.37,117542.60,117553.37,360,63,0
2026.03.13 02:24:00,117531.80,117542.57,117531.80,117542.57,360,63,0
2026.03.13 02:18:00,117534.83,117536.15,117522.35,117531.77,360,63,0
2026.03.13 02:12:00,117524.03,117534.80,117524.03,117534.80,360,63,0
2026.03.13 02:06:00,117539.46,117546.30,117520.10,117524.00,360,63,0
2026.03.13 02:00:00,117559.84,117561.31,117530.16,117539.43,360,63,0
2026.03.13 01:54:00,117549.04,117559.81,117549.04,117559.81,360,63,0
2026.03.13 01:48:00,117538.24,117549.01,117538.24,117549.01,360,63,0
2026.03.13 01:42:00,117589.16,117597.20,117538.00,117538.21,360,63,0
2026.03.13 01:36:00,117578.36,117589.13,117578.36,117589.13,360,63,0
2026.03.13 01:30:00,117587.38,117596.41,117576.62,117578.33,360,63,0
2026.03.13 01:24:00,117576.58,117587.35,117576.58,117587.35,360,63,0
2026.03.13 01:18:00,117565.78,117576.55,117565.78,117576.55,360,63,0
2026.03.13 01:12:00,117554.98,117565.75,117554.98,117565.75,360,63,0
2026.03.13 01:06:00,117558.19,117562.90,117548.92,117554.95,360,63,0
2026.03.13 01:00:00,117560.15,117566.72,117553.99,117558.16,360,63,0
2026.03.13 00:54:00,117549.35,117560.12,117549.35,117560.12,360,63,0
2026.03.13 00:48:00,117559.72,117562.57,117541.43,117549.32,360,63,0
2026.03.13 00:42:00,117576.44,117582.62,117555.13,117559.69,360,63,0
2026.03.13 00:36:00,117584.71,117587.62,117568.58,117576.41,360,63,0
2026.03.13 00:30:00,117573.91,117584.68,117573.91,117584.68,360,63,0
2026.03.13 00:24:00,117601.34,117606.56,117568.36,117573.88,360,63,0
2026.03.13 00:18:00,117590.54,117601.31,117590.54,117601.31,360,63,0
2026.03.13 00:12:00,117579.74,117590.51,117579.74,117590.51,360,63,0
2026.03.13 00:06:00,117568.94,117579.71,117568.94,117579.71,360,63,0
2026.03.13 00:00:00,117558.14,117568.91,117558.14,117568.91,360,63,0
2026.03.12 23:54:00,117547.34,117558.11,117547.34,117558.11,360,63,0
2026.03.12 23:48:00,117536.54,117547.31,117536.54,117547.31,360,63,0
2026.03.12 23:42:00,117525.74,117536.51,117525.74,117536.51,360,63,0
2026.03.12 23:36:00,117514.94,117525.71,117514.94,117525.71,360,63,0
2026.03.12 23:30:00,117504.14,117514.91,117504.14,117514.91,360,63,0
2026.03.12 23:24:00,117493.34,117504.11,117493.34,117504.11,360,63,0
2026.03.12 23:18:00,117497.64,117498.42,117483.35,117493.31,360,63,0
2026.03.12 23:12:00,117486.84,117497.61,117486.84,117497.61,360,63,0
2026.03.12 23:06:00,117476.04,117486.81,117476.04,117486.81,360,63,0
2026.03.12 23:00:00,117489.80,117491.87,117467.34,117476.01,360,63,0
2026.03.12 22:54:00,117512.20,117520.75,117489.41,117489.77,360,63,0
2026.03.12 22:48:00,117535.20,117540.75,117506.98,117512.17,360,63,0
2026.03.12 22:42:00,117544.92,117549.78,117529.29,117535.17,360,63,0
2026.03.12 22:36:00,117534.12,117544.89,117534.12,117544.89,360,63,0
2026.03.12 22:30:00,117561.09,117565.65,117527.91,117534.09,360,63,0
2026.03.12 22:24:00,117550.29,117561.06,117550.29,117561.06,360,63,0
2026.03.12 22:18:00,117539.49,117550.26,117539.49,117550.26,360,63,0
2026.03.12 22:12:00,117528.69,117539.46,117528.69,117539.46,360,63,0
2026.03.12 22:06:00,117517.89,117528.66,117517.89,117528.66,360,63,0
2026.03.12 22:00:00,117525.28,117531.28,117513.12,117517.86,360,63,0
2026.03.12 21:54:00,117532.30,117535.45,117517.66,117525.25,360,63,0
2026.03.12 21:48:00,117521.50,117532.27,117521.50,117532.27,360,63,0
2026.03.12 21:42:00,117510.70,117521.47,117510.70,117521.47,360,63,0
2026.03.12 21:36:00,117499.90,117510.67,117499.90,117510.67,360,63,0
2026.03.12 21:30:00,117489.10,117499.87,117489.10,117499.87,360,63,0
2026.03.12 21:24:00,117497.93,117500.09,117480.49,117489.07,360,63,0
2026.03.12 21:18:00,117487.13,117497.90,117487.13,117497.90,360,63,0
2026.03.12 21:12:00,117476.33,117487.10,117476.33,117487.10,360,63,0
2026.03.12 21:06:00,117487.12,117495.88,117474.32,117476.30,360,63,0
2026.03.12 21:00:00,117476.32,117487.09,117476.32,117487.09,360,63,0
2026.03.12 20:54:00,117465.52,117476.29,117465.52,117476.29,360,63,0
2026.03.12 20:48:00,117454.72,117465.49,117454.72,117465.49,360,63,0
2026.03.12 20:42:00,117443.92,117454.69,117443.92,117454.69,360,63,0
2026.03.12 20:36:00,117452.33,117456.41,117437.23,117443.89,360,63,0
2026.03.12 20:30:00,117441.53,117452.30,117441.53,117452.30,360,63,0
2026.03.12 20:24:00,117430.73,117441.50,117430.73,117441.50,360,63,0
2026.03.12 20:18:00,117454.00,117461.11,117427.07,117430.70,360,63,0
2026.03.12 20:12:00,117443.20,117453.97,117443.20,117453.97,360,63,0
2026.03.12 20:06:00,117432.40,117443.17,117432.40,117443.17,360,63,0
2026.03.12 20:00:00,117421.60,117432.37,117421.60,117432.37,360,63,0
2026.03.12 19:54:00,117410.80,117421.57,117410.80,117421.57,360,63,0
2026.03.12 19:48:00,117400.00,117410.77,117400.00,117410.77,360,63,0
2026.03.12 19:42:00,117405.94,117415.78,117399.07,117399.97,360,63,0
2026.03.12 19:36:00,117395.14,117405.91,117395.14,117405.91,360,63,0
2026.03.12 19:30:00,117384.34,117395.11,117384.34,117395.11,360,63,0
2026.03.12 19:24:00,117373.54,117384.31,117373.54,117384.31,360,63,0
2026.03.12 19:18:00,117362.74,117373.51,117362.74,117373.51,360,63,0
2026.03.12 19:12:00,117351.94,117362.71,117351.94,117362.71,360,63,0
2026.03.12 19:06:00,117371.19,117374.31,117344.29,117351.91,360,63,0
2026.03.12 19:00:00,117360.39,117371.16,117360.39,117371.16,360,63,0
2026.03.12 18:54:00,117349.59,117360.36,117349.59,117360.36,360,63,0
2026.03.12 18:48:00,117338.79,117349.56,117338.79,117349.56,360,63,0
2026.03.12 18:42:00,117351.82,117354.76,117330.96,117338.76,360,63,0
2026.03.12 18:36:00,117341.02,117351.79,117341.02,117351.79,360,63,0
2026.03.12 18:30:00,117330.22,117340.99,117330.22,117340.99,360,63,0
2026.03.12 18:24:00,117319.42,117330.19,117319.42,117330.19,360,63,0
2026.03.12 18:18:00,117308.62,117319.39,117308.62,117319.39,360,63,0
2026.03.12 18:12:00,117297.82,117308.59,117297.82,117308.59,360,63,0
2026.03.12 18:06:00,117287.02,117297.79,117287.02,117297.79,360,63,0
2026.03.12 18:00:00,117276.22,117286.99,117276.22,117286.99,360,63,0
2026.03.12 17:54:00,117317.12,117318.44,117274.48,117276.19,360,63,0
2026.03.12 17:48:00,117306.32,117317.09,117306.32,117317.09,360,63,0
2026.03.12 17:42:00,117295.52,117306.29,117295.52,117306.29,360,63,0
2026.03.12 17:36:00,117284.72,117295.49,117284.72,117295.49,360,63,0
2026.03.12 17:30:00,117273.92,117284.69,117273.92,117284.69,360,63,0
2026.03.12 17:24:00,117291.21,117300.96,117272.90,117273.89,360,63,0
2026.03.12 17:18:00,117280.41,117291.18,117280.41,117291.18,360,63,0
2026.03.12 17:12:00,117269.61,117280.38,117269.61,117280.38,360,63,0
2026.03.12 17:06:00,117296.94,117299.70,117268.53,117269.58,360,63,0
2026.03.12 17:00:00,117286.14,117296.91,117286.14,117296.91,360,63,0
2026.03.12 16:54:00,117309.32,117314.00,117285.21,117286.11,360,63,0
2026.03.12 16:48:00,117340.39,117341.20,117299.36,117309.29,360,63,0
2026.03.12 16:42:00,117329.59,117340.36,117329.59,117340.36,360,63,0
2026.03.12 16:36:00,117331.83,117333.21,117320.20,117329.56,360,63,0
2026.03.12 16:30:00,117321.03,117331.80,117321.03,117331.80,360,63,0
2026.03.12 16:24:00,117310.23,117321.00,117310.23,117321.00,360,63,0
2026.03.12 16:18:00,117299.43,117310.20,117299.43,117310.20,360,63,0
2026.03.12 16:12:00,117288.63,117299.40,117288.63,117299.40,360,63,0
2026.03.12 16:06:00,117277.83,117288.60,117277.83,117288.60,360,63,0
2026.03.12 16:00:00,117267.03,117277.80,117267.03,117277.80,360,63,0
2026.03.12 15:54:00,117256.23,117267.00,117256.23,117267.00,360,63,0
2026.03.12 15:48:00,117245.43,117256.20,117245.43,117256.20,360,63,0
2026.03.12 15:42:00,117234.63,117245.40,117234.63,117245.40,360,63,0
2026.03.12 15:36:00,117268.06,117268.36,117226.11,117234.60,360,63,0
2026.03.12 15:30:00,117257.26,117268.03,117257.26,117268.03,360,63,0
2026.03.12 15:24:00,117246.46,117257.23,117246.46,117257.23,360,63,0
2026.03.12 15:18:00,117235.66,117246.43,117235.66,117246.43,360,63,0
2026.03.12 15:12:00,117224.86,117235.63,117224.86,117235.63,360,63,0
2026.03.12 15:06:00,117258.66,117258.66,117220.51,117224.83,360,63,0
2026.03.12 15:00:00,117247.86,117258.63,117247.86,117258.63,360,63,0
2026.03.12 14:54:00,117237.06,117247.83,117237.06,117247.83,360,63,0
2026.03.12 14:48:00,117250.24,117250.90,117226.95,117237.03,360,63,0
2026.03.12 14:42:00,117239.44,117250.21,117239.44,117250.21,360,63,0
2026.03.12 14:36:00,117228.64,117239.41,117228.64,117239.41,360,63,0
2026.03.12 14:30:00,117217.84,117228.61,117217.84,117228.61,360,63,0
2026.03.12 14:24:00,117255.32,117256.76,117211.72,117217.81,360,63,0
2026.03.12 14:18:00,117244.52,117255.29,117244.52,117255.29,360,63,0
2026.03.12 14:12:00,117233.72,117244.49,117233.72,117244.49,360,63,0
2026.03.12 14:06:00,117242.12,117245.27,117226.10,117233.69,360,63,0
2026.03.12 14:00:00,117231.32,117242.09,117231.32,117242.09,360,63,0
2026.03.12 13:54:00,117233.29,117235.09,117222.35,117231.29,360,63,0
2026.03.12 13:48:00,117222.49,117233.26,117222.49,117233.26,360,63,0
2026.03.12 13:42:00,117211.69,117222.46,117211.69,117222.46,360,63,0
2026.03.12 13:36:00,117219.18,117219.39,117201.13,117211.66,360,63,0
2026.03.12 13:30:00,117227.15,117227.93,117209.19,117219.15,360,63,0
2026.03.12 13:24:00,117216.35,117227.12,117216.35,117227.12,360,63,0
2026.03.12 13:18:00,117249.98,117253.58,117209.18,117216.32,360,63,0
2026.03.12 13:12:00,117239.18,117249.95,117239.18,117249.95,360,63,0
2026.03.12 13:06:00,117228.38,117239.15,117228.38,117239.15,360,63,0
2026.03.12 13:00:00,117217.58,117228.35,117217.58,117228.35,360,63,0
2026.03.12 12:54:00,117206.78,117217.55,117206.78,117217.55,360,63,0
2026.03.12 12:48:00,117241.94,117244.19,117204.17,117206.75,360,63,0
2026.03.12 12:42:00,117231.14,117241.91,117231.14,117241.91,360,63,0
2026.03.12 12:36:00,117220.34,117231.11,117220.34,117231.11,360,63,0
2026.03.12 12:30:00,117222.14,117230.60,117218.03,117220.31,360,63,0
2026.03.12 12:24:00,117211.34,117222.11,117211.34,117222.11,360,63,0
2026.03.12 12:18:00,117229.37,117237.74,117208.94,117211.31,360,63,0
2026.03.12 12:12:00,117218.57,117229.34,117218.57,117229.34,360,63,0
2026.03.12 12:06:00,117207.77,117218.54,117207.77,117218.54,360,63,0
2026.03.12 12:00:00,117196.97,117207.74,117196.97,117207.74,360,63,0
2026.03.12 11:54:00,117204.21,117207.18,117189.17,117196.94,360,63,0
2026.03.12 11:48:00,117193.41,117204.18,117193.41,117204.18,360,63,0
2026.03.12 11:42:00,117182.61,117193.38,117182.61,117193.38,360,63,0
2026.03.12 11:36:00,117240.11,117241.31,117177.99,117182.58,360,63,0
2026.03.12 11:30:00,117229.31,117240.08,117229.31,117240.08,360,63,0
2026.03.12 11:24:00,117218.51,117229.28,117218.51,117229.28,360,63,0
2026.03.12 11:18:00,117207.71,117218.48,117207.71,117218.48,360,63,0
2026.03.12 11:12:00,117196.91,117207.68,117196.91,117207.68,360,63,0
2026.03.12 11:06:00,117186.11,117196.88,117186.11,117196.88,360,63,0
2026.03.12 11:00:00,117213.42,117224.10,117186.02,117186.08,360,63,0
2026.03.12 10:54:00,117202.62,117213.39,117202.62,117213.39,360,63,0
2026.03.12 10:48:00,117217.87,117227.23,117201.21,117202.59,360,63,0
2026.03.12 10:42:00,117207.07,117217.84,117207.07,117217.84,360,63,0
2026.03.12 10:36:00,117196.27,117207.04,117196.27,117207.04,360,63,0
2026.03.12 10:30:00,117185.47,117196.24,117185.47,117196.24,360,63,0
2026.03.12 10:24:00,117174.67,117185.44,117174.67,117185.44,360,63,0
2026.03.12 10:18:00,117209.65,117213.49,117170.29,117174.64,360,63,0
2026.03.12 10:12:00,117264.33,117271.47,117206.56,117209.62,360,63,0
2026.03.12 10:06:00,117253.53,117264.30,117253.53,117264.30,360,63,0
2026.03.12 10:00:00,117242.73,117253.50,117242.73,117253.50,360,63,0
2026.03.12 09:54:00,117231.93,117242.70,117231.93,117242.70,360,63,0
2026.03.12 09:48:00,117221.13,117231.90,117221.13,117231.90,360,63,0
2026.03.12 09:42:00,117226.23,117229.68,117213.81,117221.10,360,63,0
2026.03.12 09:36:00,117237.53,117243.35,117221.28,117226.20,360,63,0
2026.03.12 09:30:00,117241.28,117243.23,117228.71,117237.50,360,63,0
2026.03.12 09:24:00,117230.48,117241.25,117230.48,117241.25,360,63,0
2026.03.12 09:18:00,117252.48,117253.38,117220.61,117230.45,360,63,0
2026.03.12 09:12:00,117241.68,117252.45,117241.68,117252.45,360,63,0
2026.03.12 09:06:00,117230.88,117241.65,117230.88,117241.65,360,63,0
2026.03.12 09:00:00,117220.08,117230.85,117220.08,117230.85,360,63,0
2026.03.12 08:54:00,117240.20,117247.76,117216.87,117220.05,360,63,0
2026.03.12 08:48:00,117249.44,117253.13,117233.12,117240.17,360,63,0
2026.03.12 08:42:00,117258.11,117265.43,117245.99,117249.41,360,63,0
2026.03.12 08:36:00,117247.31,117258.08,117247.31,117258.08,360,63,0
2026.03.12 08:30:00,117261.45,117267.63,117242.72,117247.28,360,63,0
2026.03.12 08:24:00,117250.65,117261.42,117250.65,117261.42,360,63,0
2026.03.12 08:18:00,117239.85,117250.62,117239.85,117250.62,360,63,0
2026.03.12 08:12:00,117250.48,117252.10,117230.70,117239.82,360,63,0
2026.03.12 08:06:00,117239.68,117250.45,117239.68,117250.45,360,63,0
2026.03.12 08:00:00,117228.88,117239.65,117228.88,117239.65,360,63,0
2026.03.12 07:54:00,117218.08,117228.85,117218.08,117228.85,360,63,0
2026.03.12 07:48:00,117207.28,117218.05,117207.28,117218.05,360,63,0
2026.03.12 07:42:00,117229.62,117231.66,117198.55,117207.25,360,63,0
2026.03.12 07:36:00,117235.74,117242.55,117225.66,117229.59,360,63,0
2026.03.12 07:30:00,117224.94,117235.71,117224.94,117235.71,360,63,0
2026.03.12 07:24:00,117214.14,117224.91,117214.14,117224.91,360,63,0
2026.03.12 07:18:00,117227.35,117235.33,117211.35,117214.11,360,63,0
2026.03.12 07:12:00,117216.55,117227.32,117216.55,117227.32,360,63,0
2026.03.12 07:06:00,117205.75,117216.52,117205.75,117216.52,360,63,0
2026.03.12 07:00:00,117194.95,117205.72,117194.95,117205.72,360,63,0
2026.03.12 06:54:00,117184.15,117194.92,117184.15,117194.92,360,63,0
2026.03.12 06:48:00,117204.07,117207.10,117182.89,117184.12,360,63,0
2026.03.12 06:42:00,117193.27,117204.04,117193.27,117204.04,360,63,0
2026.03.12 06:36:00,117201.61,117212.23,117193.12,117193.24,360,63,0
2026.03.12 06:30:00,117247.03,117247.30,117195.22,117201.58,360,63,0
2026.03.12 06:24:00,117236.23,117247.00,117236.23,117247.00,360,63,0
2026.03.12 06:18:00,117250.25,117256.91,117232.12,117236.20,360,63,0
2026.03.12 06:12:00,117260.95,117268.99,117247.52,117250.22,360,63,0
2026.03.12 06:06:00,117266.40,117271.77,117255.55,117260.92,360,63,0
2026.03.12 06:00:00,117255.60,117266.37,117255.60,117266.37,360,63,0
2026.03.12 05:54:00,117244.80,117255.57,117244.80,117255.57,360,63,0
2026.03.12 05:48:00,117266.82,117275.64,117242.85,117244.77,360,63,0
2026.03.12 05:42:00,117291.68,117292.04,117256.41,117266.79,360,63,0
2026.03.12 05:36:00,117339.54,117339.78,117282.14,117291.65,360,63,0
2026.03.12 05:30:00,117328.74,117339.51,117328.74,117339.51,360,63,0
2026.03.12 05:24:00,117335.08,117341.47,117324.36,117328.71,360,63,0
2026.03.12 05:18:00,117324.28,117335.05,117324.28,117335.05,360,63,0
2026.03.12 05:12:00,117329.03,117332.72,117317.20,117324.25,360,63,0
2026.03.12 05:06:00,117357.20,117362.18,117323.24,117329.00,360,63,0
2026.03.12 05:00:00,117396.43,117396.79,117353.00,117357.17,360,63,0
2026.03.12 04:54:00,117385.63,117396.40,117385.63,117396.40,360,63,0
2026.03.12 04:48:00,117374.83,117385.60,117374.83,117385.60,360,63,0
2026.03.12 04:42:00,117398.98,117400.75,117365.83,117374.80,360,63,0
2026.03.12 04:36:00,117404.97,117407.10,117390.34,117398.95,360,63,0
2026.03.12 04:30:00,117394.17,117404.94,117394.17,117404.94,360,63,0
2026.03.12 04:24:00,117410.61,117420.27,117393.06,117394.14,360,63,0
2026.03.12 04:18:00,117399.81,117410.58,117399.81,117410.58,360,63,0
2026.03.12 04:12:00,117389.01,117399.78,117389.01,117399.78,360,63,0
2026.03.12 04:06:00,117378.21,117388.98,117378.21,117388.98,360,63,0
2026.03.12 04:00:00,117367.41,117378.18,117367.41,117378.18,360,63,0
2026.03.12 03:54:00,117356.61,117367.38,117356.61,117367.38,360,63,0
2026.03.12 03:48:00,117345.81,117356.58,117345.81,117356.58,360,63,0
2026.03.12 03:42:00,117335.01,117345.78,117335.01,117345.78,360,63,0
2026.03.12 03:36:00,117324.21,117334.98,117324.21,117334.98,360,63,0
2026.03.12 03:30:00,117313.41,117324.18,117313.41,117324.18,360,63,0
2026.03.12 03:24:00,117302.61,117313.38,117302.61,117313.38,360,63,0
2026.03.12 03:18:00,117307.37,117308.81,117293.28,117302.58,360,63,0
2026.03.12 03:12:00,117315.39,117325.26,117306.47,117307.34,360,63,0
2026.03.12 03:06:00,117304.59,117315.36,117304.59,117315.36,360,63,0
2026.03.12 03:00:00,117293.79,117304.56,117293.79,117304.56,360,63,0
2026.03.12 02:54:00,117295.93,117305.59,117292.68,117293.76,360,63,0
2026.03.12 02:48:00,117285.13,117295.90,117285.13,117295.90,360,63,0
2026.03.12 02:42:00,117274.33,117285.10,117274.33,117285.10,360,63,0
2026.03.12 02:36:00,117263.53,117274.30,117263.53,117274.30,360,63,0
2026.03.12 02:30:00,117252.73,117263.50,117252.73,117263.50,360,63,0
2026.03.12 02:24:00,117261.72,117271.26,117251.50,117252.70,360,63,0
2026.03.12 02:18:00,117250.92,117261.69,117250.92,117261.69,360,63,0
2026.03.12 02:12:00,117268.25,117274.43,117246.33,117250.89,360,63,0
2026.03.12 02:06:00,117257.45,117268.22,117257.45,117268.22,360,63,0
2026.03.12 02:00:00,117246.65,117257.42,117246.65,117257.42,360,63,0
2026.03.12 01:54:00,117235.85,117246.62,117235.85,117246.62,360,63,0
2026.03.12 01:48:00,117224.90,117235.82,117224.90,117235.82,365,63,0
2026.03.12 01:42:00,117214.25,117224.87,117214.25,117224.87,355,63,0
2026.03.12 01:36:00,117203.45,117214.22,117203.45,117214.22,360,63,0
2026.03.12 01:30:00,117192.65,117203.42,117192.65,117203.42,360,63,0
2026.03.12 01:24:00,117181.85,117192.62,117181.85,117192.62,360,63,0
2026.03.12 01:18:00,117171.05,117181.82,117171.05,117181.82,360,63,0
2026.03.12 01:12:00,117160.25,117171.02,117160.25,117171.02,360,63,0
2026.03.12 01:06:00,117149.45,117160.22,117149.45,117160.22,360,63,0
2026.03.12 01:00:00,117138.65,117149.42,117138.65,117149.42,360,63,0
2026.03.12 00:54:00,117127.85,117138.62,117127.85,117138.62,360,63,0
2026.03.12 00:48:00,117137.52,117147.03,117126.59,117127.82,360,63,0
2026.03.12 00:42:00,117126.72,117137.49,117126.72,117137.49,360,63,0
2026.03.12 00:36:00,117149.75,117150.26,117124.02,117126.69,360,63,0
2026.03.12 00:30:00,117138.95,117149.72,117138.95,117149.72,360,63,0
2026.03.12 00:24:00,117128.15,117138.92,117128.15,117138.92,360,63,0
2026.03.12 00:18:00,117117.35,117128.12,117117.35,117128.12,360,63,0
2026.03.12 00:12:00,117139.12,117145.30,117112.76,117117.32,360,63,0
2026.03.12 00:06:00,117184.07,117186.08,117137.41,117139.09,360,63,0
2026.03.12 00:00:00,117173.27,117184.04,117173.27,117184.04,360,63,0
2026.03.11 23:54:00,117162.47,117173.24,117162.47,117173.24,360,63,0
2026.03.11 23:48:00,117170.87,117173.15,117153.98,117162.44,360,63,0
2026.03.11 23:42:00,117160.07,117170.84,117160.07,117170.84,360,63,0
2026.03.11 23:36:00,117165.66,117173.67,117157.31,117160.04,360,63,0
2026.03.11 23:30:00,117168.46,117173.47,117159.90,117165.63,360,63,0
2026.03.11 23:24:00,117157.66,117168.43,117157.66,117168.43,360,63,0
2026.03.11 23:18:00,117159.93,117163.53,117150.49,117157.63,360,63,0
2026.03.11 23:12:00,117162.76,117169.90,117156.30,117159.90,360,63,0
2026.03.11 23:06:00,117168.52,117172.90,117156.37,117162.73,360,63,0
2026.03.11 23:00:00,117187.80,117197.25,117167.20,117168.49,360,63,0
2026.03.11 22:54:00,117195.63,117204.90,117186.30,117187.77,360,63,0
2026.03.11 22:48:00,117184.83,117195.60,117184.83,117195.60,360,63,0
2026.03.11 22:42:00,117203.55,117208.23,117178.74,117184.80,360,63,0
2026.03.11 22:36:00,117192.75,117203.52,117192.75,117203.52,360,63,0
2026.03.11 22:30:00,117181.95,117192.72,117181.95,117192.72,360,63,0
2026.03.11 22:24:00,117171.15,117181.92,117171.15,117181.92,360,63,0
2026.03.11 22:18:00,117177.99,117178.44,117160.83,117171.12,360,63,0
2026.03.11 22:12:00,117167.19,117177.96,117167.19,117177.96,360,63,0
2026.03.11 22:06:00,117219.86,117222.02,117166.29,117167.16,360,63,0
2026.03.11 22:00:00,117209.06,117219.83,117209.06,117219.83,360,63,0
2026.03.11 21:54:00,117198.26,117209.03,117198.26,117209.03,360,63,0
2026.03.11 21:48:00,117211.48,117213.22,117189.23,117198.23,360,63,0
2026.03.11 21:42:00,117200.68,117211.45,117200.68,117211.45,360,63,0
2026.03.11 21:36:00,117224.64,117230.97,117196.24,117200.65,360,63,0
2026.03.11 21:30:00,117226.37,117226.91,117214.41,117224.61,360,63,0
2026.03.11 21:24:00,117215.57,117226.34,117215.57,117226.34,360,63,0
2026.03.11 21:18:00,117204.77,117215.54,117204.77,117215.54,360,63,0
2026.03.11 21:12:00,117193.97,117204.74,117193.97,117204.74,360,63,0
2026.03.11 21:06:00,117183.17,117193.94,117183.17,117193.94,360,63,0
2026.03.11 21:00:00,117172.37,117183.14,117172.37,117183.14,360,63,0
2026.03.11 20:54:00,117161.57,117172.34,117161.57,117172.34,360,63,0
2026.03.11 20:48:00,117150.77,117161.54,117150.77,117161.54,360,63,0
2026.03.11 20:42:00,117139.97,117150.74,117139.97,117150.74,360,63,0
2026.03.11 20:36:00,117129.17,117139.94,117129.17,117139.94,360,63,0
2026.03.11 20:30:00,117145.87,117152.95,117125.48,117129.14,360,63,0
2026.03.11 20:24:00,117147.41,117154.43,117142.12,117145.84,360,63,0
2026.03.11 20:18:00,117154.83,117158.61,117140.42,117147.38,360,63,0
2026.03.11 20:12:00,117144.03,117154.80,117144.03,117154.80,360,63,0
2026.03.11 20:06:00,117202.16,117210.44,117142.20,117144.00,360,63,0
2026.03.11 20:00:00,117191.36,117202.13,117191.36,117202.13,360,63,0
2026.03.11 19:54:00,117180.56,117191.33,117180.56,117191.33,360,63,0
2026.03.11 19:48:00,117169.76,117180.53,117169.76,117180.53,360,63,0
2026.03.11 19:42:00,117158.96,117169.73,117158.96,117169.73,360,63,0
2026.03.11 19:36:00,117148.16,117158.93,117148.16,117158.93,360,63,0
2026.03.11 19:30:00,117137.36,117148.13,117137.36,117148.13,360,63,0
2026.03.11 19:24:00,117126.56,117137.33,117126.56,117137.33,360,63,0
2026.03.11 19:18:00,117145.00,117146.83,117117.62,117126.53,360,63,0
2026.03.11 19:12:00,117134.20,117144.97,117134.20,117144.97,360,63,0
2026.03.11 19:06:00,117155.36,117158.18,117126.25,117134.17,360,63,0
2026.03.11 19:00:00,117144.56,117155.33,117144.56,117155.33,360,63,0
2026.03.11 18:54:00,117133.76,117144.53,117133.76,117144.53,360,63,0
2026.03.11 18:48:00,117122.96,117133.73,117122.96,117133.73,360,63,0
2026.03.11 18:42:00,117128.22,117131.34,117115.31,117122.93,360,63,0
2026.03.11 18:36:00,117142.88,117150.38,117124.95,117128.19,360,63,0
2026.03.11 18:30:00,117132.08,117142.85,117132.08,117142.85,360,63,0
2026.03.11 18:24:00,117121.28,117132.05,117121.28,117132.05,360,63,0
2026.03.11 18:18:00,117110.48,117121.25,117110.48,117121.25,360,63,0
2026.03.11 18:12:00,117099.68,117110.45,117099.68,117110.45,360,63,0
2026.03.11 18:06:00,117088.88,117099.65,117088.88,117099.65,360,63,0
2026.03.11 18:00:00,117138.76,117139.99,117081.32,117088.85,360,63,0
2026.03.11 17:54:00,117150.42,117151.65,117129.22,117138.73,360,63,0
2026.03.11 17:48:00,117139.62,117150.39,117139.62,117150.39,360,63,0
2026.03.11 17:42:00,117128.82,117139.59,117128.82,117139.59,360,63,0
2026.03.11 17:36:00,117118.02,117128.79,117118.02,117128.79,360,63,0
2026.03.11 17:30:00,117156.30,117157.23,117116.67,117117.99,360,63,0
2026.03.11 17:24:00,117157.88,117164.06,117151.71,117156.27,360,63,0
2026.03.11 17:18:00,117147.08,117157.85,117147.08,117157.85,360,63,0
2026.03.11 17:12:00,117136.28,117147.05,117136.28,117147.05,360,63,0
2026.03.11 17:06:00,117125.48,117136.25,117125.48,117136.25,360,63,0
2026.03.11 17:00:00,117156.28,117162.10,117123.14,117125.45,360,63,0
2026.03.11 16:54:00,117145.48,117156.25,117145.48,117156.25,360,63,0
2026.03.11 16:48:00,117153.32,117155.75,117137.14,117145.45,360,63,0
2026.03.11 16:42:00,117167.60,117173.48,117148.43,117153.29,360,63,0
2026.03.11 16:36:00,117156.80,117167.57,117156.80,117167.57,360,63,0
2026.03.11 16:30:00,117146.00,117156.77,117146.00,117156.77,360,63,0
2026.03.11 16:24:00,117135.20,117145.97,117135.20,117145.97,360,63,0
2026.03.11 16:18:00,117124.40,117135.17,117124.40,117135.17,360,63,0
2026.03.11 16:12:00,117143.29,117148.72,117119.06,117124.37,360,63,0
2026.03.11 16:06:00,117163.65,117169.35,117138.22,117143.26,360,63,0
2026.03.11 16:00:00,117152.85,117163.62,117152.85,117163.62,360,63,0
2026.03.11 15:54:00,117189.55,117195.37,117147.90,117152.82,360,63,0
2026.03.11 15:48:00,117178.75,117189.52,117178.75,117189.52,360,63,0
2026.03.11 15:42:00,117211.88,117216.29,117175.99,117178.72,360,63,0
2026.03.11 15:36:00,117250.79,117252.65,117203.72,117211.85,360,63,0
2026.03.11 15:30:00,117239.99,117250.76,117239.99,117250.76,360,63,0
2026.03.11 15:24:00,117229.19,117239.96,117229.19,117239.96,360,63,0
2026.03.11 15:18:00,117218.39,117229.16,117218.39,117229.16,360,63,0
2026.03.11 15:12:00,117207.59,117218.36,117207.59,117218.36,360,63,0
2026.03.11 15:06:00,117196.79,117207.56,117196.79,117207.56,360,63,0
2026.03.11 15:00:00,117185.99,117196.76,117185.99,117196.76,360,63,0
2026.03.11 14:54:00,117194.37,117199.80,117180.65,117185.96,360,63,0
2026.03.11 14:48:00,117183.57,117194.34,117183.57,117194.34,360,63,0
2026.03.11 14:42:00,117172.77,117183.54,117172.77,117183.54,360,63,0
2026.03.11 14:36:00,117161.97,117172.74,117161.97,117172.74,360,63,0
2026.03.11 14:30:00,117187.83,117188.43,117151.80,117161.94,360,63,0
2026.03.11 14:24:00,117200.38,117210.52,117187.20,117187.80,360,63,0
2026.03.11 14:18:00,117189.58,117200.35,117189.58,117200.35,360,63,0
2026.03.11 14:12:00,117178.78,117189.55,117178.78,117189.55,360,63,0
2026.03.11 14:06:00,117204.83,117205.16,117168.34,117178.75,360,63,0
2026.03.11 14:00:00,117194.03,117204.80,117194.03,117204.80,360,63,0
2026.03.11 13:54:00,117251.79,117254.46,117193.04,117194.00,360,63,0
2026.03.11 13:48:00,117240.99,117251.76,117240.99,117251.76,360,63,0
2026.03.11 13:42:00,117230.19,117240.96,117230.19,117240.96,360,63,0
2026.03.11 13:36:00,117219.39,117230.16,117219.39,117230.16,360,63,0
2026.03.11 13:30:00,117208.59,117219.36,117208.59,117219.36,360,63,0
2026.03.11 13:24:00,117197.79,117208.56,117197.79,117208.56,360,63,0
2026.03.11 13:18:00,117325.70,117328.88,117194.31,117197.76,360,63,0
2026.03.11 13:12:00,117355.15,117358.84,117319.82,117325.67,360,63,0
2026.03.11 13:06:00,117344.35,117355.12,117344.35,117355.12,360,63,0
2026.03.11 13:00:00,117333.55,117344.32,117333.55,117344.32,360,63,0
2026.03.11 12:54:00,117357.25,117360.19,117332.38,117333.52,360,63,0
2026.03.11 12:48:00,117362.11,117362.23,117346.60,117357.22,360,63,0
2026.03.11 12:42:00,117351.31,117362.08,117351.31,117362.08,360,63,0
2026.03.11 12:36:00,117371.70,117379.77,117348.61,117351.28,360,63,0
2026.03.11 12:30:00,117360.90,117371.67,117360.90,117371.67,360,63,0
2026.03.11 12:24:00,117350.10,117360.87,117350.10,117360.87,360,63,0
2026.03.11 12:18:00,117339.30,117350.07,117339.30,117350.07,360,63,0
2026.03.11 12:12:00,117328.50,117339.27,117328.50,117339.27,360,63,0
2026.03.11 12:06:00,117317.70,117328.47,117317.70,117328.47,360,63,0
2026.03.11 12:00:00,117330.65,117331.07,117307.35,117317.67,360,63,0
2026.03.11 11:54:00,117319.85,117330.62,117319.85,117330.62,360,63,0
2026.03.11 11:48:00,117309.05,117319.82,117309.05,117319.82,360,63,0
2026.03.11 11:42:00,117318.33,117325.92,117305.87,117309.02,360,63,0
2026.03.11 11:36:00,117307.53,117318.30,117307.53,117318.30,360,63,0
2026.03.11 11:30:00,117321.27,117329.01,117304.50,117307.50,360,63,0
2026.03.11 11:24:00,117347.60,117349.07,117311.97,117321.24,360,63,0
2026.03.11 11:18:00,117336.80,117347.57,117336.80,117347.57,360,63,0
2026.03.11 11:12:00,117326.00,117336.77,117326.00,117336.77,360,63,0
2026.03.11 11:06:00,117315.20,117325.97,117315.20,117325.97,360,63,0
2026.03.11 11:00:00,117335.55,117345.18,117314.06,117315.17,360,63,0
2026.03.11 10:54:00,117324.75,117335.52,117324.75,117335.52,360,63,0
2026.03.11 10:48:00,117313.95,117324.72,117313.95,117324.72,360,63,0
2026.03.11 10:42:00,117303.15,117313.92,117303.15,117313.92,360,63,0
2026.03.11 10:36:00,117292.35,117303.12,117292.35,117303.12,360,63,0
2026.03.11 10:30:00,117318.39,117321.81,117285.00,117292.32,360,63,0
2026.03.11 10:24:00,117325.46,117331.34,117313.50,117318.36,360,63,0
2026.03.11 10:18:00,117314.66,117325.43,117314.66,117325.43,360,63,0
2026.03.11 10:12:00,117303.86,117314.63,117303.86,117314.63,360,63,0
2026.03.11 10:06:00,117308.06,117311.03,117296.06,117303.83,360,63,0
2026.03.11 10:00:00,117325.25,117326.69,117298.73,117308.03,360,63,0
2026.03.11 09:54:00,117350.93,117353.60,117317.15,117325.22,360,63,0
2026.03.11 09:48:00,117370.90,117381.16,117350.42,117350.90,360,63,0
2026.03.11 09:42:00,117360.10,117370.87,117360.10,117370.87,360,63,0
2026.03.11 09:36:00,117349.30,117360.07,117349.30,117360.07,360,63,0
2026.03.11 09:30:00,117352.64,117362.63,117348.52,117349.27,360,63,0
2026.03.11 09:24:00,117375.58,117382.36,117348.65,117352.61,360,63,0
2026.03.11 09:18:00,117392.32,117394.45,117366.94,117375.55,360,63,0
2026.03.11 09:12:00,117411.62,117421.52,117391.45,117392.29,360,63,0
2026.03.11 09:06:00,117400.82,117411.59,117400.82,117411.59,360,63,0
2026.03.11 09:00:00,117449.59,117451.54,117392.69,117400.79,360,63,0
2026.03.11 08:54:00,117459.70,117470.11,117449.23,117449.56,360,63,0
2026.03.11 08:48:00,117548.94,117553.44,117458.77,117459.67,360,63,0
2026.03.11 08:42:00,117538.14,117548.91,117538.14,117548.91,360,63,0
2026.03.11 08:36:00,117527.34,117538.11,117527.34,117538.11,360,63,0
2026.03.11 08:30:00,117516.54,117527.31,117516.54,117527.31,360,63,0
2026.03.11 08:24:00,117521.42,117524.33,117508.68,117516.51,360,63,0
2026.03.11 08:18:00,117510.62,117521.39,117510.62,117521.39,360,63,0
2026.03.11 08:12:00,117563.54,117566.33,117509.18,117510.59,360,63,0
2026.03.11 08:06:00,117594.47,117596.00,117554.30,117563.51,360,63,0
2026.03.11 08:00:00,117583.67,117594.44,117583.67,117594.44,360,63,0
2026.03.11 07:54:00,117572.87,117583.64,117572.87,117583.64,360,63,0
2026.03.11 07:48:00,117578.80,117579.31,117562.61,117572.84,360,63,0
2026.03.11 07:42:00,117568.00,117578.77,117568.00,117578.77,360,63,0
2026.03.11 07:36:00,117557.20,117567.97,117557.20,117567.97,360,63,0
2026.03.11 07:30:00,117546.40,117557.17,117546.40,117557.17,360,63,0
2026.03.11 07:24:00,117535.60,117546.37,117535.60,117546.37,360,63,0
2026.03.11 07:18:00,117524.80,117535.57,117524.80,117535.57,360,63,0
2026.03.11 07:12:00,117514.00,117524.77,117514.00,117524.77,360,63,0
2026.03.11 07:06:00,117503.20,117513.97,117503.20,117513.97,360,63,0
2026.03.11 07:00:00,117574.92,117576.84,117502.69,117503.17,360,63,0
2026.03.11 06:54:00,117564.12,117574.89,117564.12,117574.89,360,63,0
2026.03.11 06:48:00,117553.32,117564.09,117553.32,117564.09,360,63,0
2026.03.11 06:42:00,117562.00,117571.99,117552.54,117553.29,360,63,0
2026.03.11 06:36:00,117551.20,117561.97,117551.20,117561.97,360,63,0
2026.03.11 06:30:00,117540.40,117551.17,117540.40,117551.17,360,63,0
2026.03.11 06:24:00,117529.60,117540.37,117529.60,117540.37,360,63,0
2026.03.11 06:18:00,117518.80,117529.57,117518.80,117529.57,360,63,0
2026.03.11 06:12:00,117566.89,117571.54,117514.87,117518.77,360,63,0
2026.03.11 06:06:00,117556.09,117566.86,117556.09,117566.86,360,63,0
2026.03.11 06:00:00,117545.29,117556.06,117545.29,117556.06,360,63,0
2026.03.11 05:54:00,117548.79,117555.39,117541.12,117545.26,360,63,0
2026.03.11 05:48:00,117537.99,117548.76,117537.99,117548.76,360,63,0
2026.03.11 05:42:00,117527.19,117537.96,117527.19,117537.96,360,63,0
2026.03.11 05:36:00,117516.39,117527.16,117516.39,117527.16,360,63,0
2026.03.11 05:30:00,117505.59,117516.36,117505.59,117516.36,360,63,0
2026.03.11 05:24:00,117494.79,117505.56,117494.79,117505.56,360,63,0
2026.03.11 05:18:00,117505.99,117508.24,117486.27,117494.76,360,63,0
2026.03.11 05:12:00,117495.19,117505.96,117495.19,117505.96,360,63,0
2026.03.11 05:06:00,117484.39,117495.16,117484.39,117495.16,360,63,0
2026.03.11 05:00:00,117511.67,117521.57,117483.52,117484.36,360,63,0
2026.03.11 04:54:00,117515.29,117524.17,117509.78,117511.64,360,63,0
2026.03.11 04:48:00,117504.49,117515.26,117504.49,117515.26,360,63,0
2026.03.11 04:42:00,117521.42,117528.74,117501.04,117504.46,360,63,0
2026.03.11 04:36:00,117510.62,117521.39,117510.62,117521.39,360,63,0
2026.03.11 04:30:00,117499.82,117510.59,117499.82,117510.59,360,63,0
2026.03.11 04:24:00,117510.65,117512.21,117490.61,117499.79,360,63,0
2026.03.11 04:18:00,117541.97,117552.47,117510.38,117510.62,360,63,0
2026.03.11 04:12:00,117531.17,117541.94,117531.17,117541.94,360,63,0
2026.03.11 04:06:00,117556.95,117556.98,117520.43,117531.14,360,63,0
2026.03.11 04:00:00,117546.15,117556.92,117546.15,117556.92,360,63,0
2026.03.11 03:54:00,117535.35,117546.12,117535.35,117546.12,360,63,0
2026.03.11 03:48:00,117544.10,117552.80,117533.28,117535.32,360,63,0
2026.03.11 03:42:00,117533.30,117544.07,117533.30,117544.07,360,63,0
2026.03.11 03:36:00,117588.49,117596.47,117558.42,117561.18,360,63,0
2026.03.11 03:30:00,117577.69,117588.46,117577.69,117588.46,360,63,0
2026.03.11 03:24:00,117594.43,117595.09,117567.58,117577.66,360,63,0
2026.03.11 03:18:00,117583.63,117594.40,117583.63,117594.40,360,63,0
2026.03.11 03:12:00,117602.84,117606.59,117576.61,117583.60,360,63,0
2026.03.11 03:06:00,117592.04,117602.81,117592.04,117602.81,360,63,0
2026.03.11 03:00:00,117621.17,117623.00,117583.10,117592.01,360,63,0
2026.03.11 02:54:00,117640.29,117648.36,117618.47,117621.14,360,63,0
2026.03.11 02:48:00,117655.21,117661.30,117635.61,117640.26,360,63,0
2026.03.11 02:42:00,117644.41,117655.18,117644.41,117655.18,360,63,0
2026.03.11 02:36:00,117633.61,117644.38,117633.61,117644.38,360,63,0
2026.03.11 02:30:00,117622.81,117633.58,117622.81,117633.58,360,63,0
2026.03.11 02:24:00,117646.89,117648.33,117615.70,117622.78,360,63,0
2026.03.11 02:18:00,117651.65,117658.94,117643.41,117646.86,360,63,0
2026.03.11 02:12:00,117661.34,117667.01,117646.55,117651.62,360,63,0
2026.03.11 02:06:00,117682.86,117684.84,117652.55,117661.31,360,63,0
2026.03.11 02:00:00,117672.06,117682.83,117672.06,117682.83,360,63,0
2026.03.11 01:54:00,117661.26,117672.03,117661.26,117672.03,360,63,0
2026.03.11 01:48:00,117650.46,117661.23,117650.46,117661.23,360,63,0
2026.03.11 01:42:00,117639.66,117650.43,117639.66,117650.43,360,63,0
2026.03.11 01:36:00,117628.86,117639.63,117628.86,117639.63,360,63,0
2026.03.11 01:30:00,117618.06,117628.83,117618.06,117628.83,360,63,0
2026.03.11 01:24:00,117623.84,117624.44,117607.89,117618.03,360,63,0
2026.03.11 01:18:00,117613.04,117623.81,117613.04,117623.81,360,63,0
2026.03.11 01:12:00,117602.24,117613.01,117602.24,117613.01,360,63,0
2026.03.11 01:06:00,117591.44,117602.21,117591.44,117602.21,360,63,0
2026.03.11 01:00:00,117580.64,117591.41,117580.64,117591.41,360,63,0
2026.03.11 00:54:00,117569.84,117580.61,117569.84,117580.61,360,63,0
2026.03.11 00:48:00,117587.00,117593.72,117565.79,117569.81,360,63,0
2026.03.11 00:42:00,117576.20,117586.97,117576.20,117586.97,360,63,0
2026.03.11 00:36:00,117597.05,117604.61,117572.99,117576.17,360,63,0
2026.03.11 00:30:00,117617.40,117618.18,117587.06,117597.02,360,63,0
2026.03.11 00:24:00,117633.81,117637.98,117615.18,117617.37,360,63,0
2026.03.11 00:18:00,117623.01,117633.78,117623.01,117633.78,360,63,0
2026.03.11 00:12:00,117612.21,117622.98,117612.21,117622.98,360,63,0
2026.03.11 00:06:00,117601.41,117612.18,117601.41,117612.18,360,63,0
2026.03.11 00:00:00,117604.57,117605.95,117592.02,117601.38,360,63,0
2026.03.10 23:54:00,117593.77,117604.54,117593.77,117604.54,360,63,0
2026.03.10 23:48:00,117582.97,117593.74,117582.97,117593.74,360,63,0
2026.03.10 23:42:00,117572.17,117582.94,117572.17,117582.94,360,63,0
2026.03.10 23:36:00,117590.85,117593.97,117564.52,117572.14,360,63,0
2026.03.10 23:30:00,117580.05,117590.82,117580.05,117590.82,360,63,0
2026.03.10 23:24:00,117617.13,117617.13,117571.95,117580.02,360,63,0
2026.03.10 23:18:00,117606.33,117617.10,117606.33,117617.10,360,63,0
2026.03.10 23:12:00,117595.53,117606.30,117595.53,117606.30,360,63,0
2026.03.10 23:06:00,117618.15,117624.24,117590.85,117595.50,360,63,0
2026.03.10 23:00:00,117607.35,117618.12,117607.35,117618.12,360,63,0
2026.03.10 22:54:00,117596.55,117607.32,117596.55,117607.32,360,63,0
2026.03.10 22:48:00,117602.71,117611.35,117594.42,117596.52,360,63,0
2026.03.10 22:42:00,117635.39,117637.67,117594.22,117602.68,360,63,0
2026.03.10 22:36:00,117657.56,117661.10,117628.16,117635.36,360,63,0
2026.03.10 22:30:00,117685.45,117685.66,117649.70,117657.53,360,63,0
2026.03.10 22:24:00,117674.65,117685.42,117674.65,117685.42,360,63,0
2026.03.10 22:18:00,117682.71,117687.81,117668.98,117674.62,360,63,0
2026.03.10 22:12:00,117735.65,117740.84,117679.50,117682.68,360,63,0
2026.03.10 22:06:00,117724.85,117735.62,117724.85,117735.62,360,63,0
2026.03.10 22:00:00,117730.86,117739.47,117722.69,117724.82,360,63,0
2026.03.10 21:54:00,117720.06,117730.83,117720.06,117730.83,360,63,0
2026.03.10 21:48:00,117709.26,117720.03,117709.26,117720.03,360,63,0
2026.03.10 21:42:00,117749.10,117749.76,117701.16,117709.23,360,63,0
2026.03.10 21:36:00,117738.30,117749.07,117738.30,117749.07,360,63,0
2026.03.10 21:30:00,117727.50,117738.27,117727.50,117738.27,360,63,0
2026.03.10 21:24:00,117716.70,117727.47,117716.70,117727.47,360,63,0
2026.03.10 21:18:00,117747.08,117753.71,117713.34,117716.67,360,63,0
2026.03.10 21:12:00,117736.28,117747.05,117736.28,117747.05,360,63,0
2026.03.10 21:06:00,117725.48,117736.25,117725.48,117736.25,360,63,0
2026.03.10 21:00:00,117714.68,117725.45,117714.68,117725.45,360,63,0
2026.03.10 20:54:00,117738.24,117739.08,117704.75,117714.65,360,63,0
2026.03.10 20:48:00,117727.44,117738.21,117727.44,117738.21,360,63,0
2026.03.10 20:42:00,117716.64,117727.41,117716.64,117727.41,360,63,0
2026.03.10 20:36:00,117705.84,117716.61,117705.84,117716.61,360,63,0
2026.03.10 20:30:00,117722.34,117724.98,117697.71,117705.81,360,63,0
2026.03.10 20:24:00,117711.54,117722.31,117711.54,117722.31,360,63,0
2026.03.10 20:18:00,117700.74,117711.51,117700.74,117711.51,360,63,0
2026.03.10 20:12:00,117720.45,117728.94,117698.46,117700.71,360,63,0
2026.03.10 20:06:00,117735.36,117739.59,117713.91,117720.42,360,63,0
2026.03.10 20:00:00,117752.86,117753.82,117725.55,117735.33,360,63,0
2026.03.10 19:54:00,117742.06,117752.83,117742.06,117752.83,360,63,0
2026.03.10 19:48:00,117747.86,117751.43,117734.86,117742.03,360,63,0
2026.03.10 19:42:00,117737.06,117747.83,117737.06,117747.83,360,63,0
2026.03.10 19:36:00,117726.26,117737.03,117726.26,117737.03,360,63,0
2026.03.10 19:30:00,117728.86,117730.30,117716.93,117726.23,360,63,0
2026.03.10 19:24:00,117718.06,117728.83,117718.06,117728.83,360,63,0
2026.03.10 19:18:00,117707.26,117718.03,117707.26,117718.03,360,63,0
2026.03.10 19:12:00,117696.46,117707.23,117696.46,117707.23,360,63,0
2026.03.10 19:06:00,117685.66,117696.43,117685.66,117696.43,360,63,0
2026.03.10 19:00:00,117699.85,117706.90,117681.94,117685.63,360,63,0
2026.03.10 18:54:00,117689.05,117699.82,117689.05,117699.82,360,63,0
2026.03.10 18:48:00,117678.25,117689.02,117678.25,117689.02,360,63,0
2026.03.10 18:42:00,117692.77,117701.56,117676.27,117678.22,360,63,0
2026.03.10 18:36:00,117681.97,117692.74,117681.97,117692.74,360,63,0
2026.03.10 18:30:00,117671.17,117681.94,117671.17,117681.94,360,63,0
2026.03.10 18:24:00,117660.37,117671.14,117660.37,117671.14,360,63,0
2026.03.10 18:18:00,117667.74,117672.75,117654.61,117660.34,360,63,0
2026.03.10 18:12:00,117656.94,117667.71,117656.94,117667.71,360,63,0
2026.03.10 18:06:00,117660.27,117667.50,117653.40,117656.91,360,63,0
2026.03.10 18:00:00,117649.47,117660.24,117649.47,117660.24,360,63,0
2026.03.10 17:54:00,117638.67,117649.44,117638.67,117649.44,360,63,0
2026.03.10 17:48:00,117627.87,117638.64,117627.87,117638.64,360,63,0
2026.03.10 17:42:00,117617.07,117627.84,117617.07,117627.84,360,63,0
2026.03.10 17:36:00,117606.27,117617.04,117606.27,117617.04,360,63,0
2026.03.10 17:30:00,117623.81,117633.86,117605.55,117606.24,360,63,0
2026.03.10 17:24:00,117613.01,117623.78,117613.01,117623.78,360,63,0
2026.03.10 17:18:00,117615.98,117618.20,117604.46,117612.98,360,63,0
2026.03.10 17:12:00,117605.18,117615.95,117605.18,117615.95,360,63,0
2026.03.10 17:06:00,117594.38,117605.15,117594.38,117605.15,360,63,0
2026.03.10 17:00:00,117583.58,117594.35,117583.58,117594.35,360,63,0
2026.03.10 16:54:00,117588.44,117589.67,117574.04,117583.55,360,63,0
2026.03.10 16:48:00,117598.33,117606.58,117585.92,117588.41,360,63,0
2026.03.10 16:42:00,117587.53,117598.30,117587.53,117598.30,360,63,0
2026.03.10 16:36:00,117606.54,117612.66,117582.88,117587.50,360,63,0
2026.03.10 16:30:00,117595.74,117606.51,117595.74,117606.51,360,63,0
2026.03.10 16:24:00,117628.55,117632.93,117593.37,117595.71,360,63,0
2026.03.10 16:18:00,117617.75,117628.52,117617.75,117628.52,360,63,0
2026.03.10 16:12:00,117635.58,117643.68,117615.08,117617.72,360,63,0
2026.03.10 16:06:00,117696.22,117696.43,117629.01,117635.55,360,63,0
2026.03.10 16:00:00,117746.09,117750.71,117693.79,117696.19,360,63,0
2026.03.10 15:54:00,117735.29,117746.06,117735.29,117746.06,360,63,0
2026.03.10 15:48:00,117724.49,117735.26,117724.49,117735.26,360,63,0
2026.03.10 15:42:00,117730.48,117739.93,117723.17,117724.46,360,63,0
2026.03.10 15:36:00,117719.68,117730.45,117719.68,117730.45,360,63,0
2026.03.10 15:30:00,117708.88,117719.65,117708.88,117719.65,360,63,0
2026.03.10 15:24:00,117698.08,117708.85,117698.08,117708.85,360,63,0
2026.03.10 15:18:00,117687.28,117698.05,117687.28,117698.05,360,63,0
2026.03.10 15:12:00,117676.48,117687.25,117676.48,117687.25,360,63,0
2026.03.10 15:06:00,117665.68,117676.45,117665.68,117676.45,360,63,0
2026.03.10 15:00:00,117654.88,117665.65,117654.88,117665.65,360,63,0
2026.03.10 14:54:00,117644.08,117654.85,117644.08,117654.85,360,63,0
2026.03.10 14:48:00,117654.65,117659.72,117638.38,117644.05,360,63,0
2026.03.10 14:42:00,117643.85,117654.62,117643.85,117654.62,360,63,0
2026.03.10 14:36:00,117633.05,117643.82,117633.05,117643.82,360,63,0
2026.03.10 14:30:00,117622.25,117633.02,117622.25,117633.02,360,63,0
2026.03.10 14:24:00,117644.00,117647.60,117616.67,117622.22,360,63,0
2026.03.10 14:18:00,117633.20,117643.97,117633.20,117643.97,360,63,0
2026.03.10 14:12:00,117622.40,117633.17,117622.40,117633.17,360,63,0
2026.03.10 14:06:00,117646.04,117648.41,117614.00,117622.37,360,63,0
2026.03.10 14:00:00,117635.24,117646.01,117635.24,117646.01,360,63,0
2026.03.10 13:54:00,117639.33,117646.47,117631.61,117635.21,360,63,0
2026.03.10 13:48:00,117628.53,117639.30,117628.53,117639.30,360,63,0
2026.03.10 13:42:00,117617.73,117628.50,117617.73,117628.50,360,63,0
2026.03.10 13:36:00,117606.93,117617.70,117606.93,117617.70,360,63,0
2026.03.10 13:30:00,117618.26,117620.33,117598.23,117606.90,360,63,0
2026.03.10 13:24:00,117607.46,117618.23,117607.46,117618.23,360,63,0
2026.03.10 13:18:00,117596.66,117607.43,117596.66,117607.43,360,63,0
2026.03.10 13:12:00,117619.24,117623.86,117590.51,117596.63,360,63,0
2026.03.10 13:06:00,117655.85,117655.91,117614.71,117619.21,360,63,0
2026.03.10 13:00:00,117645.05,117655.82,117645.05,117655.82,360,63,0
2026.03.10 12:54:00,117634.25,117645.02,117634.25,117645.02,360,63,0
2026.03.10 12:48:00,117623.45,117634.22,117623.45,117634.22,360,63,0
2026.03.10 12:42:00,117612.65,117623.42,117612.65,117623.42,360,63,0
2026.03.10 12:36:00,117601.85,117612.62,117601.85,117612.62,360,63,0
2026.03.10 12:30:00,117591.05,117601.82,117591.05,117601.82,360,63,0
2026.03.10 12:24:00,117580.25,117591.02,117580.25,117591.02,360,63,0
2026.03.10 12:18:00,117589.80,117596.01,117575.69,117580.22,360,63,0
2026.03.10 12:12:00,117579.00,117589.77,117579.00,117589.77,360,63,0
2026.03.10 12:06:00,117581.94,117587.25,117573.54,117578.97,360,63,0
2026.03.10 12:00:00,117606.20,117615.68,117580.65,117581.91,360,63,0
2026.03.10 11:54:00,117595.40,117606.17,117595.40,117606.17,360,63,0
2026.03.10 11:48:00,117638.27,117640.07,117590.03,117595.37,360,63,0
2026.03.10 11:42:00,117652.03,117653.89,117629.36,117638.24,360,63,0
2026.03.10 11:36:00,117641.23,117652.00,117641.23,117652.00,360,63,0
2026.03.10 11:30:00,117663.86,117663.98,117630.58,117641.20,360,63,0
2026.03.10 11:24:00,117675.74,117681.35,117658.70,117663.83,360,63,0
2026.03.10 11:18:00,117664.94,117675.71,117664.94,117675.71,360,63,0
2026.03.10 11:12:00,117654.14,117664.91,117654.14,117664.91,360,63,0
2026.03.10 11:06:00,117643.34,117654.11,117643.34,117654.11,360,63,0
2026.03.10 11:00:00,117632.54,117643.31,117632.54,117643.31,360,63,0
2026.03.10 10:54:00,117621.74,117632.51,117621.74,117632.51,360,63,0
2026.03.10 10:48:00,117624.74,117624.80,117611.03,117621.71,360,63,0
2026.03.10 10:42:00,117613.94,117624.71,117613.94,117624.71,360,63,0
2026.03.10 10:36:00,117618.53,117620.93,117605.57,117613.91,360,63,0
2026.03.10 10:30:00,117607.73,117618.50,117607.73,117618.50,360,63,0
2026.03.10 10:24:00,117596.93,117607.70,117596.93,117607.70,360,63,0
2026.03.10 10:18:00,117620.26,117630.19,117596.09,117596.90,360,63,0
2026.03.10 10:12:00,117651.06,117653.82,117616.75,117620.23,360,63,0
2026.03.10 10:06:00,117640.26,117651.03,117640.26,117651.03,360,63,0
2026.03.10 10:00:00,117629.46,117640.23,117629.46,117640.23,360,63,0
2026.03.10 09:54:00,117635.97,117643.17,117625.89,117629.43,360,63,0
2026.03.10 09:48:00,117625.17,117635.94,117625.17,117635.94,360,63,0
2026.03.10 09:42:00,117629.45,117633.11,117618.06,117625.14,360,63,0
2026.03.10 09:36:00,117618.65,117629.42,117618.65,117629.42,360,63,0
2026.03.10 09:30:00,117607.85,117618.62,117607.85,117618.62,360,63,0
2026.03.10 09:24:00,117597.05,117607.82,117597.05,117607.82,360,63,0
2026.03.10 09:18:00,117586.25,117597.02,117586.25,117597.02,360,63,0
2026.03.10 09:12:00,117575.45,117586.22,117575.45,117586.22,360,63,0
2026.03.10 09:06:00,117564.65,117575.42,117564.65,117575.42,360,63,0
2026.03.10 09:00:00,117582.47,117589.64,117561.05,117564.62,360,63,0
2026.03.10 08:54:00,117571.67,117582.44,117571.67,117582.44,360,63,0
2026.03.10 08:48:00,117560.87,117571.64,117560.87,117571.64,360,63,0
2026.03.10 08:42:00,117575.36,117585.92,117560.66,117560.84,360,63,0
2026.03.10 08:36:00,117564.56,117575.33,117564.56,117575.33,360,63,0
2026.03.10 08:30:00,117569.06,117577.16,117561.89,117564.53,360,63,0
2026.03.10 08:24:00,117558.26,117569.03,117558.26,117569.03,360,63,0
2026.03.10 08:18:00,117547.46,117558.23,117547.46,117558.23,360,63,0
2026.03.10 08:12:00,117536.66,117547.43,117536.66,117547.43,360,63,0
2026.03.10 08:06:00,117525.86,117536.63,117525.86,117536.63,360,63,0
2026.03.10 08:00:00,117536.32,117539.11,117517.88,117525.83,360,63,0
2026.03.10 07:54:00,117552.60,117560.97,117533.92,117536.29,360,63,0
2026.03.10 07:48:00,117541.80,117552.57,117541.80,117552.57,360,63,0
2026.03.10 07:42:00,117531.00,117541.77,117531.00,117541.77,360,63,0
2026.03.10 07:36:00,117520.20,117530.97,117520.20,117530.97,360,63,0
2026.03.10 07:30:00,117509.40,117520.17,117509.40,117520.17,360,63,0
2026.03.10 07:24:00,117498.60,117509.37,117498.60,117509.37,360,63,0
2026.03.10 07:18:00,117487.80,117498.57,117487.80,117498.57,360,63,0
2026.03.10 07:12:00,117489.21,117492.15,117479.97,117487.77,360,63,0
2026.03.10 07:06:00,117497.06,117498.62,117480.00,117489.18,360,63,0
2026.03.10 07:00:00,117486.26,117497.03,117486.26,117497.03,360,63,0
2026.03.10 06:54:00,117518.73,117520.50,117484.79,117486.23,360,63,0
2026.03.10 06:48:00,117507.93,117518.70,117507.93,117518.70,360,63,0
2026.03.10 06:42:00,117497.13,117507.90,117497.13,117507.90,360,63,0
2026.03.10 06:36:00,117486.33,117497.10,117486.33,117497.10,360,63,0
2026.03.10 06:30:00,117475.53,117486.30,117475.53,117486.30,360,63,0
2026.03.10 06:24:00,117490.92,117498.78,117472.62,117475.50,360,63,0
2026.03.10 06:18:00,117514.15,117523.69,117489.69,117490.89,360,63,0
2026.03.10 06:12:00,117553.48,117560.29,117510.19,117514.12,360,63,0
2026.03.10 06:06:00,117572.47,117576.37,117546.61,117553.45,360,63,0
2026.03.10 06:00:00,117561.67,117572.44,117561.67,117572.44,360,63,0
2026.03.10 05:54:00,117550.87,117561.64,117550.87,117561.64,360,63,0
2026.03.10 05:48:00,117570.09,117571.32,117541.33,117550.84,360,63,0
2026.03.10 05:42:00,117574.06,117582.13,117567.39,117570.06,360,63,0
2026.03.10 05:36:00,117563.26,117574.03,117563.26,117574.03,360,63,0
2026.03.10 05:30:00,117552.46,117563.23,117552.46,117563.23,360,63,0
2026.03.10 05:24:00,117541.66,117552.43,117541.66,117552.43,360,63,0
2026.03.10 05:18:00,117530.86,117541.63,117530.86,117541.63,360,63,0
2026.03.10 05:12:00,117520.06,117530.83,117520.06,117530.83,360,63,0
2026.03.10 05:06:00,117562.12,117562.96,117514.24,117520.03,360,63,0
2026.03.10 05:00:00,117551.32,117562.09,117551.32,117562.09,360,63,0
2026.03.10 04:54:00,117540.52,117551.29,117540.52,117551.29,360,63,0
2026.03.10 04:48:00,117529.72,117540.49,117529.72,117540.49,360,63,0
2026.03.10 04:42:00,117518.92,117529.69,117518.92,117529.69,360,63,0
2026.03.10 04:36:00,117508.12,117518.89,117508.12,117518.89,360,63,0
2026.03.10 04:30:00,117531.05,117532.88,117504.85,117508.09,360,63,0
2026.03.10 04:24:00,117520.25,117531.02,117520.25,117531.02,360,63,0
2026.03.10 04:18:00,117509.45,117520.22,117509.45,117520.22,360,63,0
2026.03.10 04:12:00,117498.65,117509.42,117498.65,117509.42,360,63,0
2026.03.10 04:06:00,117487.85,117498.62,117487.85,117498.62,360,63,0
2026.03.10 04:00:00,117515.62,117524.86,117486.29,117487.82,361,63,0
2026.03.10 03:54:00,117504.85,117515.59,117504.85,117515.59,359,63,0
2026.03.10 03:48:00,117509.35,117519.97,117504.67,117504.82,361,63,0
2026.03.10 03:42:00,117536.95,117541.33,117502.99,117509.32,359,63,0
2026.03.10 03:36:00,117543.88,117549.16,117531.46,117536.92,360,63,0
2026.03.10 03:30:00,117548.09,117554.81,117539.83,117543.85,360,63,0
2026.03.10 03:24:00,117537.29,117548.06,117537.29,117548.06,360,63,0
2026.03.10 03:18:00,117540.17,117543.86,117530.21,117537.26,360,63,0
2026.03.10 03:12:00,117569.14,117571.15,117531.41,117540.14,360,63,0
2026.03.10 03:06:00,117558.34,117569.11,117558.34,117569.11,360,63,0
2026.03.10 03:00:00,117547.54,117558.31,117547.54,117558.31,360,63,0
2026.03.10 02:54:00,117536.74,117547.51,117536.74,117547.51,360,63,0
2026.03.10 02:48:00,117525.91,117536.71,117525.91,117536.71,361,63,0
2026.03.10 02:42:00,117515.14,117525.88,117515.14,117525.88,359,63,0
2026.03.10 02:36:00,117504.34,117515.11,117504.34,117515.11,360,63,0
2026.03.10 02:30:00,117522.98,117529.91,117500.50,117504.31,360,63,0
2026.03.10 02:24:00,117512.18,117522.95,117512.18,117522.95,360,63,0
2026.03.10 02:18:00,117501.35,117512.15,117501.35,117512.15,361,63,0
2026.03.10 02:12:00,117506.08,117509.71,117494.24,117501.32,359,63,0
2026.03.10 02:06:00,117495.28,117506.05,117495.28,117506.05,360,63,0
2026.03.10 02:00:00,117527.38,117530.11,117493.33,117495.25,361,63,0
2026.03.10 01:54:00,117539.42,117541.13,117518.35,117527.35,359,63,0
2026.03.10 01:48:00,117528.59,117539.39,117528.59,117539.39,361,63,0
2026.03.10 01:42:00,117517.79,117528.56,117517.79,117528.56,360,63,0
2026.03.10 01:36:00,117507.02,117517.76,117507.02,117517.76,359,63,0
2026.03.10 01:30:00,117496.19,117506.99,117496.19,117506.99,361,63,0
2026.03.10 01:24:00,117485.39,117496.16,117485.39,117496.16,360,63,0
2026.03.10 01:18:00,117474.59,117485.36,117474.59,117485.36,360,63,0
2026.03.10 01:12:00,117463.79,117474.56,117463.79,117474.56,360,63,0
2026.03.10 01:06:00,117452.99,117463.76,117452.99,117463.76,360,63,0
2026.03.10 01:00:00,117477.32,117477.56,117443.84,117452.96,360,63,0
2026.03.10 00:54:00,117492.31,117499.54,117473.78,117477.29,360,63,0
2026.03.10 00:48:00,117481.51,117492.28,117481.51,117492.28,360,63,0
2026.03.10 00:42:00,117470.71,117481.48,117470.71,117481.48,360,63,0
2026.03.10 00:36:00,117477.47,117481.10,117463.57,117470.68,360,63,0
2026.03.10 00:30:00,117505.95,117506.28,117467.03,117477.44,360,63,0
2026.03.10 00:24:00,117509.83,117511.66,117497.01,117505.92,360,63,0
2026.03.10 00:18:00,117499.03,117509.80,117499.03,117509.80,360,63,0
2026.03.10 00:12:00,117488.23,117499.00,117488.23,117499.00,360,63,0
2026.03.10 00:06:00,117502.11,117506.52,117481.87,117488.20,360,63,0
2026.03.10 00:00:00,117518.05,117525.70,117498.99,117502.08,360,63,0
2026.03.09 23:54:00,117507.25,117518.02,117507.25,117518.02,360,63,0
2026.03.09 23:48:00,117496.45,117507.22,117496.45,117507.22,360,63,0
2026.03.09 23:42:00,117485.65,117496.42,117485.65,117496.42,360,63,0
2026.03.09 23:36:00,117474.85,117485.62,117474.85,117485.62,360,63,0
2026.03.09 23:30:00,117464.05,117474.82,117464.05,117474.82,360,63,0
2026.03.09 23:24:00,117501.31,117501.49,117461.50,117464.02,360,63,0
2026.03.09 23:18:00,117515.20,117524.44,117499.78,117501.28,360,63,0
2026.03.09 23:12:00,117528.02,117528.38,117504.79,117515.17,360,63,0
2026.03.09 23:06:00,117517.22,117527.99,117517.22,117527.99,360,63,0
2026.03.09 23:00:00,117534.16,117543.01,117515.30,117517.19,360,63,0
2026.03.09 22:54:00,117523.36,117534.13,117523.36,117534.13,360,63,0
2026.03.09 22:48:00,117512.56,117523.33,117512.56,117523.33,360,63,0
2026.03.09 22:42:00,117501.76,117512.53,117501.76,117512.53,360,63,0
2026.03.09 22:36:00,117516.74,117525.20,117499.45,117501.73,360,63,0
2026.03.09 22:30:00,117505.94,117516.71,117505.94,117516.71,360,63,0
2026.03.09 22:24:00,117495.14,117505.91,117495.14,117505.91,360,63,0
2026.03.09 22:18:00,117484.34,117495.11,117484.34,117495.11,360,63,0
2026.03.09 22:12:00,117473.54,117484.31,117473.54,117484.31,360,63,0
2026.03.09 22:06:00,117492.02,117498.20,117468.95,117473.51,360,63,0
2026.03.09 22:00:00,117481.22,117491.99,117481.22,117491.99,360,63,0
2026.03.09 21:54:00,117470.42,117481.19,117470.42,117481.19,360,63,0
2026.03.09 21:48:00,117509.94,117516.42,117466.79,117470.39,360,63,0
2026.03.09 21:42:00,117499.14,117509.91,117499.14,117509.91,360,63,0
2026.03.09 21:36:00,117488.34,117499.11,117488.34,117499.11,360,63,0
2026.03.09 21:30:00,117495.37,117504.55,117486.75,117488.31,360,63,0
2026.03.09 21:24:00,117484.57,117495.34,117484.57,117495.34,360,63,0
2026.03.09 21:18:00,117473.77,117484.54,117473.77,117484.54,360,63,0
2026.03.09 21:12:00,117530.89,117531.73,117473.44,117473.74,360,63,0
2026.03.09 21:06:00,117539.53,117541.18,117521.77,117530.86,360,63,0
2026.03.09 21:00:00,117549.09,117554.01,117533.68,117539.50,360,63,0
2026.03.09 20:54:00,117538.29,117549.06,117538.29,117549.06,360,63,0
2026.03.09 20:48:00,117540.72,117543.03,117529.83,117538.26,360,63,0
2026.03.09 20:42:00,117554.19,117564.51,117540.27,117540.69,360,63,0
2026.03.09 20:36:00,117543.39,117554.16,117543.39,117554.16,360,63,0
2026.03.09 20:30:00,117532.59,117543.36,117532.59,117543.36,360,63,0
2026.03.09 20:24:00,117596.50,117602.38,117532.44,117532.56,360,63,0
2026.03.09 20:18:00,117585.70,117596.47,117585.70,117596.47,360,63,0
2026.03.09 20:12:00,117574.90,117585.67,117574.90,117585.67,360,63,0
2026.03.09 20:06:00,117618.61,117620.38,117567.49,117574.87,360,63,0
2026.03.09 20:00:00,117607.81,117618.58,117607.81,117618.58,360,63,0
2026.03.09 19:54:00,117597.01,117607.78,117597.01,117607.78,360,63,0
2026.03.09 19:48:00,117600.44,117605.69,117591.49,117596.98,360,63,0
2026.03.09 19:42:00,117589.64,117600.41,117589.64,117600.41,360,63,0
2026.03.09 19:36:00,117578.84,117589.61,117578.84,117589.61,360,63,0
2026.03.09 19:30:00,117614.08,117614.29,117569.18,117578.81,360,63,0
2026.03.09 19:24:00,117603.28,117614.05,117603.28,117614.05,360,63,0
2026.03.09 19:18:00,117592.48,117603.25,117592.48,117603.25,360,63,0
2026.03.09 19:12:00,117620.89,117631.36,117592.18,117592.45,360,63,0
2026.03.09 19:06:00,117610.09,117620.86,117610.09,117620.86,360,63,0
2026.03.09 19:00:00,117599.29,117610.06,117599.29,117610.06,360,63,0
2026.03.09 18:54:00,117588.49,117599.26,117588.49,117599.26,360,63,0
2026.03.09 18:48:00,117577.69,117588.46,117577.69,117588.46,360,63,0
2026.03.09 18:42:00,117579.82,117583.54,117570.64,117577.66,360,63,0
2026.03.09 18:36:00,117584.43,117590.31,117574.93,117579.79,360,63,0
2026.03.09 18:30:00,117610.17,117615.57,117579.06,117584.40,360,63,0
2026.03.09 18:24:00,117648.56,117653.15,117606.57,117610.14,360,63,0
2026.03.09 18:18:00,117666.85,117669.61,117640.55,117648.53,360,63,0
2026.03.09 18:12:00,117656.05,117666.82,117656.05,117666.82,360,63,0
2026.03.09 18:06:00,117682.16,117682.85,117645.97,117656.02,360,63,0
2026.03.09 18:00:00,117671.36,117682.13,117671.36,117682.13,360,63,0
2026.03.09 17:54:00,117681.58,117686.98,117665.99,117671.33,360,63,0
2026.03.09 17:48:00,117670.78,117681.55,117670.78,117681.55,360,63,0
2026.03.09 17:42:00,117681.08,117681.53,117660.46,117670.75,360,63,0
2026.03.09 17:36:00,117670.28,117681.05,117670.28,117681.05,360,63,0
2026.03.09 17:30:00,117659.48,117670.25,117659.48,117670.25,360,63,0
2026.03.09 17:24:00,117679.42,117688.18,117657.47,117659.45,360,63,0
2026.03.09 17:18:00,117693.59,117701.63,117676.69,117679.39,360,63,0
2026.03.09 17:12:00,117682.79,117693.56,117682.79,117693.56,360,63,0
2026.03.09 17:06:00,117671.99,117682.76,117671.99,117682.76,360,63,0
2026.03.09 17:00:00,117675.65,117678.29,117663.86,117671.96,360,63,0
2026.03.09 16:54:00,117664.85,117675.62,117664.85,117675.62,360,63,0
2026.03.09 16:48:00,117680.10,117688.47,117662.45,117664.82,360,63,0
2026.03.09 16:42:00,117698.93,117706.31,117676.71,117680.07,360,63,0
2026.03.09 16:36:00,117688.13,117698.90,117688.13,117698.90,360,63,0
2026.03.09 16:30:00,117719.82,117728.19,117685.73,117688.10,360,63,0
2026.03.09 16:24:00,117738.96,117745.77,117715.86,117719.79,360,63,0
2026.03.09 16:18:00,117728.16,117738.93,117728.16,117738.93,360,63,0
2026.03.09 16:12:00,117743.47,117753.79,117727.71,117728.13,360,63,0
2026.03.09 16:06:00,117785.85,117786.39,117738.91,117743.44,360,63,0
2026.03.09 16:00:00,117805.38,117807.18,117776.88,117785.82,360,63,0
2026.03.09 15:54:00,117794.58,117805.35,117794.58,117805.35,360,63,0
2026.03.09 15:48:00,117857.43,117858.51,117793.26,117794.55,360,63,0
2026.03.09 15:42:00,117903.55,117904.51,117849.57,117857.40,360,63,0
2026.03.09 15:36:00,117892.75,117903.52,117892.75,117903.52,360,63,0
2026.03.09 15:30:00,117881.95,117892.72,117881.95,117892.72,360,63,0
2026.03.09 15:24:00,117896.08,117904.06,117879.16,117881.92,360,63,0
2026.03.09 15:18:00,117885.28,117896.05,117885.28,117896.05,360,63,0
2026.03.09 15:12:00,117874.48,117885.25,117874.48,117885.25,360,63,0
2026.03.09 15:06:00,117863.68,117874.45,117863.68,117874.45,360,63,0
2026.03.09 15:00:00,117886.01,117889.52,117856.42,117863.65,360,63,0
2026.03.09 14:54:00,117902.51,117907.88,117883.97,117885.98,360,63,0
2026.03.09 14:48:00,117912.65,117923.15,117902.24,117902.48,360,63,0
2026.03.09 14:42:00,117901.85,117912.62,117901.85,117912.62,360,63,0
2026.03.09 14:36:00,117921.28,117929.44,117899.24,117901.82,360,63,0
2026.03.09 14:30:00,117910.48,117921.25,117910.48,117921.25,360,63,0
2026.03.09 14:24:00,117899.68,117910.45,117899.68,117910.45,360,63,0
2026.03.09 14:18:00,117913.88,117923.78,117898.81,117899.65,360,63,0
2026.03.09 14:12:00,117903.08,117913.85,117903.08,117913.85,360,63,0
2026.03.09 14:06:00,117892.28,117903.05,117892.28,117903.05,360,63,0
2026.03.09 14:00:00,117907.52,117916.16,117890.15,117892.25,360,63,0
2026.03.09 13:54:00,117896.72,117907.49,117896.72,117907.49,360,63,0
2026.03.09 13:48:00,117885.92,117896.69,117885.92,117896.69,360,63,0
2026.03.09 13:42:00,117894.60,117902.34,117882.89,117885.89,360,63,0
2026.03.09 13:36:00,117883.80,117894.57,117883.80,117894.57,360,63,0
2026.03.09 13:30:00,117873.00,117883.77,117873.00,117883.77,360,63,0
2026.03.09 13:24:00,117889.15,117893.23,117866.31,117872.97,360,63,0
2026.03.09 13:18:00,117878.35,117889.12,117878.35,117889.12,360,63,0
2026.03.09 13:12:00,117867.55,117878.32,117867.55,117878.32,360,63,0
2026.03.09 13:06:00,117856.75,117867.52,117856.75,117867.52,360,63,0
2026.03.09 13:00:00,117845.95,117856.72,117845.95,117856.72,360,63,0
2026.03.09 12:54:00,117835.15,117845.92,117835.15,117845.92,360,63,0
2026.03.09 12:48:00,117824.35,117835.12,117824.35,117835.12,360,63,0
2026.03.09 12:42:00,117813.55,117824.32,117813.55,117824.32,360,63,0
2026.03.09 12:36:00,117839.72,117841.34,117806.53,117813.52,360,63,0
2026.03.09 12:30:00,117828.92,117839.69,117828.92,117839.69,360,63,0
2026.03.09 12:24:00,117818.12,117828.89,117818.12,117828.89,360,63,0
2026.03.09 12:18:00,117807.32,117818.09,117807.32,117818.09,360,63,0
2026.03.09 12:12:00,117844.92,117846.48,117799.43,117807.29,360,63,0
2026.03.09 12:06:00,117851.20,117860.68,117843.63,117844.89,360,63,0
2026.03.09 12:00:00,117840.40,117851.17,117840.40,117851.17,360,63,0
2026.03.09 11:54:00,117859.22,117867.47,117837.88,117840.37,360,63,0
2026.03.09 11:48:00,117866.08,117866.14,117848.51,117859.19,360,63,0
2026.03.09 11:42:00,117855.28,117866.05,117855.28,117866.05,360,63,0
2026.03.09 11:36:00,117877.22,117882.08,117849.37,117855.25,360,63,0
2026.03.09 11:30:00,117905.82,117909.48,117870.11,117877.19,360,63,0
2026.03.09 11:24:00,117895.02,117905.79,117895.02,117905.79,360,63,0
2026.03.09 11:18:00,117884.22,117894.99,117884.22,117894.99,360,63,0
2026.03.09 11:12:00,117885.76,117891.58,117879.27,117884.19,360,63,0
2026.03.09 11:06:00,117874.96,117885.73,117874.96,117885.73,360,63,0
2026.03.09 11:00:00,117864.16,117874.93,117864.16,117874.93,360,63,0
2026.03.09 10:54:00,117853.36,117864.13,117853.36,117864.13,360,63,0
2026.03.09 10:48:00,117902.51,117908.90,117853.27,117853.33,360,63,0
2026.03.09 10:42:00,117909.12,117913.23,117895.85,117902.48,360,63,0
2026.03.09 10:36:00,117926.31,117932.46,117904.50,117909.09,360,63,0
2026.03.09 10:30:00,117934.25,117935.06,117916.35,117926.28,360,63,0
2026.03.09 10:24:00,117978.34,117981.82,117928.55,117934.22,360,63,0
2026.03.09 10:18:00,117987.75,117995.40,117975.22,117978.31,360,63,0
2026.03.09 10:12:00,117976.95,117987.72,117976.95,117987.72,360,63,0
2026.03.09 10:06:00,117966.15,117976.92,117966.15,117976.92,360,63,0
2026.03.09 10:00:00,117978.29,117985.25,117962.34,117966.12,360,63,0
2026.03.09 09:54:00,117988.62,117999.27,117978.17,117978.26,360,63,0
2026.03.09 09:48:00,117977.82,117988.59,117977.82,117988.59,360,63,0
2026.03.09 09:42:00,117967.02,117977.79,117967.02,117977.79,360,63,0
2026.03.09 09:36:00,117956.22,117966.99,117956.22,117966.99,360,63,0
2026.03.09 09:30:00,117945.42,117956.19,117945.42,117956.19,360,63,0
2026.03.09 09:24:00,117934.62,117945.39,117934.62,117945.39,360,63,0
2026.03.09 09:18:00,117941.71,117942.07,117924.21,117934.59,360,63,0
2026.03.09 09:12:00,117930.91,117941.68,117930.91,117941.68,360,63,0
2026.03.09 09:06:00,117961.56,117967.11,117930.52,117930.88,360,63,0
2026.03.09 09:00:00,118005.61,118006.18,117955.62,117961.53,360,63,0
2026.03.09 08:54:00,117994.81,118005.58,117994.81,118005.58,360,63,0
2026.03.09 08:48:00,117984.01,117994.78,117984.01,117994.78,360,63,0
2026.03.09 08:42:00,117995.67,118000.71,117978.28,117983.98,360,63,0
2026.03.09 08:36:00,118047.72,118047.87,117991.74,117995.64,360,63,0
2026.03.09 08:30:00,118036.92,118047.69,118036.92,118047.69,360,63,0
2026.03.09 08:24:00,118056.21,118058.37,118041.67,118050.25,360,63,0
2026.03.09 08:18:00,118045.41,118056.18,118045.41,118056.18,360,63,0
2026.03.09 08:12:00,118034.61,118045.38,118034.61,118045.38,360,63,0
2026.03.09 08:06:00,118023.81,118034.58,118023.81,118034.58,360,63,0
2026.03.09 08:00:00,118025.24,118033.07,118020.87,118023.78,360,63,0
2026.03.09 07:54:00,118014.44,118025.21,118014.44,118025.21,360,63,0
2026.03.09 07:48:00,118047.36,118052.91,118009.22,118014.41,360,63,0
2026.03.09 07:42:00,118036.56,118047.33,118036.56,118047.33,360,63,0
2026.03.09 07:36:00,118025.76,118036.53,118025.76,118036.53,360,63,0
2026.03.09 07:30:00,118014.96,118025.73,118014.96,118025.73,360,63,0
2026.03.09 07:24:00,118004.16,118014.93,118004.16,118014.93,360,63,0
2026.03.09 07:18:00,117993.36,118004.13,117993.36,118004.13,360,63,0
2026.03.09 07:12:00,118035.37,118039.12,117991.44,117993.33,360,63,0
2026.03.09 07:06:00,118024.57,118035.34,118024.57,118035.34,360,63,0
2026.03.09 07:00:00,118056.02,118059.29,118020.94,118024.54,360,63,0
2026.03.09 06:54:00,118097.44,118098.37,118047.47,118055.99,360,63,0
2026.03.09 06:48:00,118086.64,118097.41,118086.64,118097.41,360,63,0
2026.03.09 06:42:00,118075.84,118086.61,118075.84,118086.61,360,63,0
2026.03.09 06:36:00,118065.04,118075.81,118065.04,118075.81,360,63,0
2026.03.09 06:30:00,118105.60,118113.58,118062.58,118065.01,360,63,0
2026.03.09 06:24:00,118094.80,118105.57,118094.80,118105.57,360,63,0
2026.03.09 06:18:00,118098.09,118105.38,118091.32,118094.77,360,63,0
2026.03.09 06:12:00,118087.29,118098.06,118087.29,118098.06,360,63,0
2026.03.09 06:06:00,118076.49,118087.26,118076.49,118087.26,360,63,0
2026.03.09 06:00:00,118065.69,118076.46,118065.69,118076.46,360,63,0
2026.03.09 05:54:00,118054.89,118065.66,118054.89,118065.66,360,63,0
2026.03.09 05:48:00,118044.09,118054.86,118044.09,118054.86,360,63,0
2026.03.09 05:42:00,118033.29,118044.06,118033.29,118044.06,360,63,0
2026.03.09 05:36:00,118054.31,118056.74,118024.95,118033.26,360,63,0
2026.03.09 05:30:00,118043.51,118054.28,118043.51,118054.28,360,63,0
2026.03.09 05:24:00,118032.71,118043.48,118032.71,118043.48,360,63,0
2026.03.09 05:18:00,118047.78,118052.43,118026.59,118032.68,360,63,0
2026.03.09 05:12:00,118063.25,118066.40,118040.16,118047.75,360,63,0
2026.03.09 05:06:00,118084.39,118093.36,118061.45,118063.22,360,63,0
2026.03.09 05:00:00,118134.57,118139.40,118083.49,118084.36,360,63,0
2026.03.09 04:54:00,118123.77,118134.54,118123.77,118134.54,360,63,0
2026.03.09 04:48:00,118112.97,118123.74,118112.97,118123.74,360,63,0
2026.03.09 04:42:00,118185.55,118187.47,118108.50,118112.94,360,63,0
2026.03.09 04:36:00,118174.75,118185.52,118174.75,118185.52,360,63,0
2026.03.09 04:30:00,118163.95,118174.72,118163.95,118174.72,360,63,0
2026.03.09 04:24:00,118153.15,118163.92,118153.15,118163.92,360,63,0
2026.03.09 04:18:00,118142.35,118153.12,118142.35,118153.12,360,63,0
2026.03.09 04:12:00,118131.55,118142.32,118131.55,118142.32,360,63,0
2026.03.09 04:06:00,118164.96,118173.78,118129.60,118131.52,360,63,0
2026.03.09 04:00:00,118175.25,118179.09,118158.03,118164.93,360,63,0
2026.03.09 03:54:00,118164.45,118175.22,118164.45,118175.22,360,63,0
2026.03.09 03:48:00,118174.03,118180.99,118160.64,118164.42,360,63,0
2026.03.09 03:42:00,118163.23,118174.00,118163.23,118174.00,360,63,0
2026.03.09 03:36:00,118188.80,118194.62,118161.64,118163.20,360,63,0
2026.03.09 03:30:00,118205.75,118205.81,118178.09,118188.77,360,63,0
2026.03.09 03:24:00,118194.95,118205.72,118194.95,118205.72,360,63,0
2026.03.09 03:18:00,118184.15,118194.92,118184.15,118194.92,360,63,0
2026.03.09 03:12:00,118173.35,118184.12,118173.35,118184.12,360,63,0
2026.03.09 03:06:00,118162.55,118173.32,118162.55,118173.32,360,63,0
2026.03.09 03:00:00,118151.75,118162.52,118151.75,118162.52,360,63,0
2026.03.09 02:54:00,118140.95,118151.72,118140.95,118151.72,360,63,0
2026.03.09 02:48:00,118130.15,118140.92,118130.15,118140.92,360,63,0
2026.03.09 02:42:00,118119.35,118130.12,118119.35,118130.12,360,63,0
2026.03.09 02:36:00,118108.55,118119.32,118108.55,118119.32,360,63,0
2026.03.09 02:30:00,118097.75,118108.52,118097.75,118108.52,360,63,0
2026.03.09 02:24:00,118120.03,118120.63,118094.96,118097.72,360,63,0
2026.03.09 02:18:00,118109.23,118120.00,118109.23,118120.00,360,63,0
2026.03.09 02:12:00,118126.65,118134.60,118106.41,118109.20,360,63,0
2026.03.09 02:06:00,118115.85,118126.62,118115.85,118126.62,360,63,0
2026.03.09 02:00:00,118105.05,118115.82,118105.05,118115.82,360,63,0
2026.03.09 01:54:00,118094.25,118105.02,118094.25,118105.02,360,63,0
2026.03.09 01:48:00,118083.45,118094.22,118083.45,118094.22,360,63,0
2026.03.09 01:42:00,118072.65,118083.42,118072.65,118083.42,360,63,0
2026.03.09 01:36:00,118061.85,118072.62,118061.85,118072.62,360,63,0
2026.03.09 01:30:00,118065.10,118071.61,118057.59,118061.82,360,63,0
2026.03.09 01:24:00,118083.78,118093.95,118064.50,118065.07,360,63,0
2026.03.09 01:18:00,118101.28,118110.46,118082.19,118083.75,360,63,0
2026.03.09 01:12:00,118090.48,118101.25,118090.48,118101.25,360,63,0
2026.03.09 01:06:00,118106.73,118112.04,118085.02,118090.45,360,63,0
2026.03.09 01:00:00,118095.93,118106.70,118095.93,118106.70,360,63,0
2026.03.09 00:54:00,118085.13,118095.90,118085.13,118095.90,360,63,0
2026.03.09 00:48:00,118089.86,118099.28,118083.78,118085.10,360,63,0
2026.03.09 00:42:00,118079.06,118089.83,118079.06,118089.83,360,63,0
2026.03.09 00:36:00,118068.26,118079.03,118068.26,118079.03,360,63,0
2026.03.09 00:30:00,118057.46,118068.23,118057.46,118068.23,360,63,0
2026.03.09 00:24:00,118046.66,118057.43,118046.66,118057.43,360,63,0
2026.03.09 00:18:00,118035.86,118046.63,118035.86,118046.63,360,63,0
2026.03.09 00:12:00,118039.67,118041.05,118026.47,118035.83,360,63,0
2026.03.09 00:06:00,118055.38,118062.58,118036.10,118039.64,360,63,0
2026.03.09 00:00:00,118044.58,118055.35,118044.58,118055.35,360,63,0
2026.03.08 23:54:00,118033.78,118044.55,118033.78,118044.55,360,63,0
2026.03.08 23:48:00,118022.98,118033.75,118022.98,118033.75,360,63,0
2026.03.08 23:42:00,118044.39,118053.06,118020.88,118022.95,360,63,0
2026.03.08 23:36:00,118033.59,118044.36,118033.59,118044.36,360,63,0
2026.03.08 23:30:00,118022.79,118033.56,118022.79,118033.56,360,63,0
2026.03.08 23:24:00,118011.99,118022.76,118011.99,118022.76,360,63,0
2026.03.08 23:18:00,118046.23,118054.63,118011.24,118011.96,360,63,0
2026.03.08 23:12:00,118035.43,118046.20,118035.43,118046.20,360,63,0
2026.03.08 23:06:00,118024.63,118035.40,118024.63,118035.40,360,63,0
2026.03.08 23:00:00,118013.83,118024.60,118013.83,118024.60,360,63,0
2026.03.08 22:54:00,118003.03,118013.80,118003.03,118013.80,360,63,0
2026.03.08 22:48:00,117992.23,118003.00,117992.23,118003.00,360,63,0
2026.03.08 22:42:00,117981.43,117992.20,117981.43,117992.20,360,63,0
2026.03.08 22:36:00,118036.20,118038.84,117980.17,117981.40,360,63,0
2026.03.08 22:30:00,118025.40,118036.17,118025.40,118036.17,360,63,0
2026.03.08 22:24:00,118014.60,118025.37,118014.60,118025.37,360,63,0
2026.03.08 22:18:00,118003.80,118014.57,118003.80,118014.57,360,63,0
2026.03.08 22:12:00,118014.94,118020.22,117998.31,118003.77,360,63,0
2026.03.08 22:06:00,118004.14,118014.91,118004.14,118014.91,360,63,0
2026.03.08 22:00:00,117993.34,118004.11,117993.34,118004.11,360,63,0
2026.03.08 21:54:00,117982.54,117993.31,117982.54,117993.31,360,63,0
2026.03.08 21:48:00,117985.62,117993.90,117980.05,117982.51,360,63,0
2026.03.08 21:42:00,117974.82,117985.59,117974.82,117985.59,360,63,0
2026.03.08 21:36:00,117964.02,117974.79,117964.02,117974.79,360,63,0
2026.03.08 21:30:00,117953.22,117963.99,117953.22,117963.99,360,63,0
2026.03.08 21:24:00,117958.91,117961.16,117944.70,117953.19,360,63,0
2026.03.08 21:18:00,117961.98,117963.57,117949.73,117958.88,360,63,0
2026.03.08 21:12:00,117951.18,117961.95,117951.18,117961.95,360,63,0
2026.03.08 21:06:00,117964.11,117972.96,117949.26,117951.15,360,63,0
2026.03.08 21:00:00,117968.03,117974.03,117959.34,117964.08,360,63,0
2026.03.08 20:54:00,117957.23,117968.00,117957.23,117968.00,360,63,0
2026.03.08 20:48:00,117946.43,117957.20,117946.43,117957.20,360,63,0
2026.03.08 20:42:00,117935.63,117946.40,117935.63,117946.40,360,63,0
2026.03.08 20:36:00,117924.83,117935.60,117924.83,117935.60,360,63,0
2026.03.08 20:30:00,117914.03,117924.80,117914.03,117924.80,360,63,0
2026.03.08 20:24:00,117903.23,117914.00,117903.23,117914.00,360,63,0
2026.03.08 20:18:00,117956.74,117963.01,117901.28,117903.20,360,63,0
2026.03.08 20:12:00,117973.26,117978.81,117953.71,117956.71,360,63,0
2026.03.08 20:06:00,117962.46,117973.23,117962.46,117973.23,360,63,0
2026.03.08 20:00:00,118010.54,118010.75,117961.65,117962.43,360,63,0
2026.03.08 19:54:00,117999.74,118010.51,117999.74,118010.51,360,63,0
2026.03.08 19:48:00,118029.64,118030.96,117995.60,117999.71,360,63,0
2026.03.08 19:42:00,118018.84,118029.61,118018.84,118029.61,360,63,0
2026.03.08 19:36:00,118031.91,118041.39,118017.55,118018.81,360,63,0
2026.03.08 19:30:00,118021.11,118031.88,118021.11,118031.88,360,63,0
2026.03.08 19:24:00,118042.82,118043.39,118010.91,118021.08,360,63,0
2026.03.08 19:18:00,118032.02,118042.79,118032.02,118042.79,360,63,0
2026.03.08 19:12:00,118054.38,118061.94,118029.17,118031.99,360,63,0
2026.03.08 19:06:00,118073.05,118077.82,118048.38,118054.35,360,63,0
2026.03.08 19:00:00,118062.25,118073.02,118062.25,118073.02,360,63,0
2026.03.08 18:54:00,118101.80,118104.50,118061.50,118062.22,360,63,0
2026.03.08 18:48:00,118091.00,118101.77,118091.00,118101.77,360,63,0
2026.03.08 18:42:00,118112.70,118122.18,118089.71,118090.97,360,63,0
2026.03.08 18:36:00,118101.90,118112.67,118101.90,118112.67,360,63,0
2026.03.08 18:30:00,118091.10,118101.87,118091.10,118101.87,360,63,0
2026.03.08 18:24:00,118080.30,118091.07,118080.30,118091.07,360,63,0
2026.03.08 18:18:00,118069.50,118080.27,118069.50,118080.27,360,63,0
2026.03.08 18:12:00,118086.59,118094.75,118066.89,118069.47,360,63,0
2026.03.08 18:06:00,118075.79,118086.56,118075.79,118086.56,360,63,0
2026.03.08 18:00:00,118079.37,118079.67,118065.32,118075.76,360,63,0
2026.03.08 17:54:00,118068.57,118079.34,118068.57,118079.34,360,63,0
2026.03.08 17:48:00,118071.14,118075.43,118062.09,118068.54,360,63,0
2026.03.08 17:42:00,118060.34,118071.11,118060.34,118071.11,360,63,0
2026.03.08 17:36:00,118049.54,118060.31,118049.54,118060.31,360,63,0
2026.03.08 17:30:00,118050.80,118053.56,118041.53,118049.51,360,63,0
2026.03.08 17:24:00,118062.63,118063.74,118041.14,118050.77,360,63,0
2026.03.08 17:18:00,118051.83,118062.60,118051.83,118062.60,360,63,0
2026.03.08 17:12:00,118041.03,118051.80,118041.03,118051.80,360,63,0
2026.03.08 17:06:00,118030.23,118041.00,118030.23,118041.00,360,63,0
2026.03.08 17:00:00,118019.43,118030.20,118019.43,118030.20,360,63,0
2026.03.08 16:54:00,118035.19,118045.66,118019.13,118019.40,360,63,0
2026.03.08 16:48:00,118024.39,118035.16,118024.39,118035.16,360,63,0
2026.03.08 16:42:00,118052.73,118054.38,118021.57,118024.36,360,63,0
2026.03.08 16:36:00,118041.93,118052.70,118041.93,118052.70,360,63,0
2026.03.08 16:30:00,118053.78,118060.14,118037.52,118041.90,360,63,0
2026.03.08 16:24:00,118042.98,118053.75,118042.98,118053.75,360,63,0
2026.03.08 16:18:00,118032.18,118042.95,118032.18,118042.95,360,63,0
2026.03.08 16:12:00,118075.62,118082.28,118028.76,118032.15,360,63,0
2026.03.08 16:06:00,118088.18,118088.54,118065.21,118075.59,360,63,0
2026.03.08 16:00:00,118077.38,118088.15,118077.38,118088.15,360,63,0
2026.03.08 15:54:00,118080.84,118082.58,118068.35,118077.35,360,63,0
2026.03.08 15:48:00,118070.04,118080.81,118070.04,118080.81,360,63,0
2026.03.08 15:42:00,118059.24,118070.01,118059.24,118070.01,360,63,0
2026.03.08 15:36:00,118048.44,118059.21,118048.44,118059.21,360,63,0
2026.03.08 15:30:00,118037.64,118048.41,118037.64,118048.41,360,63,0
2026.03.08 15:24:00,118026.84,118037.61,118026.84,118037.61,360,63,0
2026.03.08 15:18:00,118043.20,118046.98,118019.85,118026.81,360,63,0
2026.03.08 15:12:00,118032.40,118043.17,118032.40,118043.17,360,63,0
2026.03.08 15:06:00,118048.62,118054.29,118027.30,118032.37,360,63,0
2026.03.08 15:00:00,118037.82,118048.59,118037.82,118048.59,360,63,0
2026.03.08 14:54:00,118027.02,118037.79,118027.02,118037.79,360,63,0
2026.03.08 14:48:00,118016.22,118026.99,118016.22,118026.99,360,63,0
2026.03.08 14:42:00,118024.79,118025.48,118006.14,118016.19,360,63,0
2026.03.08 14:36:00,118013.99,118024.76,118013.99,118024.76,360,63,0
2026.03.08 14:30:00,118003.19,118013.96,118003.19,118013.96,360,63,0
2026.03.08 14:24:00,117992.39,118003.16,117992.39,118003.16,360,63,0
2026.03.08 14:18:00,118031.36,118041.14,117991.40,117992.36,360,63,0
2026.03.08 14:12:00,118020.56,118031.33,118020.56,118031.33,360,63,0
2026.03.08 14:06:00,118009.76,118020.53,118009.76,118020.53,360,63,0
2026.03.08 14:00:00,117998.96,118009.73,117998.96,118009.73,360,63,0
2026.03.08 13:54:00,118011.75,118019.73,117996.17,117998.93,360,63,0
2026.03.08 13:48:00,118000.95,118011.72,118000.95,118011.72,360,63,0
2026.03.08 13:42:00,117990.15,118000.92,117990.15,118000.92,360,63,0
2026.03.08 13:36:00,117979.35,117990.12,117979.35,117990.12,360,63,0
2026.03.08 13:30:00,117968.55,117979.32,117968.55,117979.32,360,63,0
2026.03.08 13:24:00,117957.75,117968.52,117957.75,117968.52,360,63,0
2026.03.08 13:18:00,117967.88,117978.20,117957.30,117957.72,360,63,0
2026.03.08 13:12:00,117957.08,117967.85,117957.08,117967.85,360,63,0
2026.03.08 13:06:00,117946.28,117957.05,117946.28,117957.05,360,63,0
2026.03.08 13:00:00,117935.48,117946.25,117935.48,117946.25,360,63,0
2026.03.08 12:54:00,117924.68,117935.45,117924.68,117935.45,360,63,0
2026.03.08 12:48:00,117941.70,117948.12,117920.33,117924.65,360,63,0
2026.03.08 12:42:00,117930.90,117941.67,117930.90,117941.67,360,63,0
2026.03.08 12:36:00,117937.28,117941.18,117924.03,117930.87,360,63,0
2026.03.08 12:30:00,117926.48,117937.25,117926.48,117937.25,360,63,0
2026.03.08 12:24:00,117915.68,117926.45,117915.68,117926.45,360,63,0
2026.03.08 12:18:00,117904.88,117915.65,117904.88,117915.65,360,63,0
2026.03.08 12:12:00,117894.08,117904.85,117894.08,117904.85,360,63,0
2026.03.08 12:06:00,117896.89,117906.61,117893.03,117894.05,360,63,0
2026.03.08 12:00:00,117886.09,117896.86,117886.09,117896.86,360,63,0
2026.03.08 11:54:00,117875.29,117886.06,117875.29,117886.06,360,63,0
2026.03.08 11:48:00,117864.49,117875.26,117864.49,117875.26,360,63,0
2026.03.08 11:42:00,117866.12,117873.20,117860.80,117864.46,360,63,0
2026.03.08 11:36:00,117875.09,117885.62,117865.88,117866.09,360,63,0
2026.03.08 11:30:00,117892.71,117895.32,117866.93,117875.06,360,63,0
2026.03.08 11:24:00,117881.91,117892.68,117881.91,117892.68,360,63,0
2026.03.08 11:18:00,117888.23,117888.89,117871.80,117881.88,360,63,0
2026.03.08 11:12:00,117922.47,117925.65,117885.44,117888.20,360,63,0
2026.03.08 11:06:00,117911.67,117922.44,117911.67,117922.44,360,63,0
2026.03.08 11:00:00,117900.87,117911.64,117900.87,117911.64,360,63,0
2026.03.08 10:54:00,117915.64,117916.42,117890.88,117900.84,360,63,0
2026.03.08 10:48:00,117920.63,117920.66,117904.90,117915.61,360,63,0
2026.03.08 10:42:00,117909.83,117920.60,117909.83,117920.60,360,63,0
2026.03.08 10:36:00,117911.50,117913.15,117900.71,117909.80,360,63,0
2026.03.08 10:30:00,117900.70,117911.47,117900.70,117911.47,360,63,0
2026.03.08 10:24:00,117889.90,117900.67,117889.90,117900.67,360,63,0
2026.03.08 10:18:00,117923.22,117929.19,117885.10,117889.87,360,63,0
2026.03.08 10:12:00,117912.42,117923.19,117912.42,117923.19,360,63,0
2026.03.08 10:06:00,117918.57,117921.75,117904.83,117912.39,360,63,0
2026.03.08 10:00:00,117928.87,117933.97,117912.90,117918.54,360,63,0
2026.03.08 09:54:00,117918.07,117928.84,117918.07,117928.84,360,63,0
2026.03.08 09:48:00,117907.27,117918.04,117907.27,117918.04,360,63,0
2026.03.08 09:42:00,117914.40,117915.48,117897.58,117907.24,360,63,0
2026.03.08 09:36:00,117903.60,117914.37,117903.60,117914.37,360,63,0
2026.03.08 09:30:00,117892.80,117903.57,117892.80,117903.57,360,63,0
2026.03.08 09:24:00,117882.00,117892.77,117882.00,117892.77,360,63,0
2026.03.08 09:18:00,117897.84,117902.85,117876.24,117881.97,360,63,0
2026.03.08 09:12:00,117887.04,117897.81,117887.04,117897.81,360,63,0
2026.03.08 09:06:00,117876.24,117887.01,117876.24,117887.01,360,63,0
2026.03.08 09:00:00,117865.44,117876.21,117865.44,117876.21,360,63,0
2026.03.08 08:54:00,117904.94,117906.17,117860.94,117865.41,360,63,0
2026.03.08 08:48:00,117894.14,117904.91,117894.14,117904.91,360,63,0
2026.03.08 08:42:00,117883.34,117894.11,117883.34,117894.11,360,63,0
2026.03.08 08:36:00,117872.54,117883.31,117872.54,117883.31,360,63,0
2026.03.08 08:30:00,117916.84,117921.55,117866.60,117872.51,360,63,0
2026.03.08 08:24:00,117906.04,117916.81,117906.04,117916.81,360,63,0
2026.03.08 08:18:00,117895.24,117906.01,117895.24,117906.01,360,63,0
2026.03.08 08:12:00,117927.75,117929.85,117886.57,117895.21,360,63,0
2026.03.08 08:06:00,117961.52,117971.00,117926.46,117927.72,360,63,0
2026.03.08 08:00:00,117950.72,117961.49,117950.72,117961.49,291,63,0
2026.03.08 07:54:00,117975.20,117976.07,117940.82,117950.69,360,63,0
2026.03.08 07:48:00,117985.43,117989.93,117968.93,117975.17,360,63,0
2026.03.08 07:42:00,117974.63,117985.40,117974.63,117985.40,360,63,0
2026.03.08 07:36:00,117963.83,117974.60,117963.83,117974.60,360,63,0
2026.03.08 07:30:00,117968.00,117977.03,117962.09,117963.80,360,63,0
2026.03.08 07:24:00,117969.95,117974.72,117962.00,117967.97,360,63,0
2026.03.08 07:18:00,117959.15,117969.92,117959.15,117969.92,360,63,0
2026.03.08 07:12:00,117948.35,117959.12,117948.35,117959.12,360,63,0
2026.03.08 07:06:00,117937.55,117948.32,117937.55,117948.32,360,63,0
2026.03.08 07:00:00,117926.75,117937.52,117926.75,117937.52,360,63,0
2026.03.08 06:48:00,117935.21,117938.72,117926.69,117926.72,120,63,0
2026.03.08 06:42:00,117924.41,117935.18,117924.41,117935.18,360,63,0
2026.03.08 06:36:00,117931.74,117940.59,117922.49,117924.38,360,63,0
2026.03.08 06:30:00,117997.56,118000.56,117926.91,117931.71,360,63,0
2026.03.08 06:24:00,118000.74,118008.87,117994.92,117997.53,360,63,0
2026.03.08 06:18:00,118043.62,118048.21,117997.86,118000.71,360,63,0
2026.03.08 06:12:00,118049.55,118056.09,118039.39,118043.59,360,63,0
2026.03.08 06:06:00,118038.75,118049.52,118038.75,118049.52,360,63,0
2026.03.08 06:00:00,118027.95,118038.72,118027.95,118038.72,360,63,0
2026.03.08 05:54:00,118017.15,118027.92,118017.15,118027.92,360,63,0
2026.03.08 05:48:00,118006.35,118017.12,118006.35,118017.12,360,63,0
2026.03.08 05:42:00,117995.55,118006.32,117995.55,118006.32,360,63,0
2026.03.08 05:36:00,117984.75,117995.52,117984.75,117995.52,360,63,0
2026.03.08 05:30:00,117973.95,117984.72,117973.95,117984.72,360,63,0
2026.03.08 05:24:00,117963.15,117973.92,117963.15,117973.92,360,63,0
2026.03.08 05:18:00,117952.35,117963.12,117952.35,117963.12,360,63,0
2026.03.08 05:12:00,117941.55,117952.32,117941.55,117952.32,360,63,0
2026.03.08 05:06:00,117930.75,117941.52,117930.75,117941.52,360,63,0
2026.03.08 05:00:00,117948.43,117956.08,117927.63,117930.72,360,63,0
2026.03.08 04:54:00,117955.56,117964.11,117946.21,117948.40,360,63,0
2026.03.08 04:48:00,117944.76,117955.53,117944.76,117955.53,360,63,0
2026.03.08 04:42:00,117933.96,117944.73,117933.96,117944.73,360,63,0
2026.03.08 04:36:00,117923.16,117933.93,117923.16,117933.93,360,63,0
2026.03.08 04:30:00,117943.52,117948.56,117917.43,117923.13,360,63,0
2026.03.08 04:24:00,117932.72,117943.49,117932.72,117943.49,360,63,0
2026.03.08 04:18:00,117958.75,117963.13,117926.33,117932.69,360,63,0
2026.03.08 04:12:00,117947.95,117958.72,117947.95,117958.72,360,63,0
2026.03.08 04:06:00,117937.15,117947.92,117937.15,117947.92,360,63,0
2026.03.08 04:00:00,117941.14,117947.17,117932.41,117937.12,360,63,0
2026.03.08 03:54:00,117966.16,117972.49,117936.70,117941.11,360,63,0
2026.03.08 03:48:00,117955.36,117966.13,117955.36,117966.13,360,63,0
2026.03.08 03:42:00,117944.56,117955.33,117944.56,117955.33,360,63,0
2026.03.08 03:36:00,117933.76,117944.53,117933.76,117944.53,360,63,0
2026.03.08 03:30:00,117922.96,117933.73,117922.96,117933.73,360,63,0
2026.03.08 03:24:00,117912.16,117922.93,117912.16,117922.93,360,63,0
2026.03.08 03:18:00,117901.36,117912.13,117901.36,117912.13,360,63,0
2026.03.08 03:12:00,117890.56,117901.33,117890.56,117901.33,360,63,0
2026.03.08 03:06:00,117879.76,117890.53,117879.76,117890.53,360,63,0
2026.03.08 03:00:00,117868.96,117879.73,117868.96,117879.73,360,63,0
2026.03.08 02:54:00,117871.73,117873.44,117859.90,117868.93,360,63,0
2026.03.08 02:48:00,117860.93,117871.70,117860.93,117871.70,360,63,0
2026.03.08 02:42:00,117850.13,117860.90,117850.13,117860.90,360,63,0
2026.03.08 02:36:00,117839.33,117850.10,117839.33,117850.10,360,63,0
2026.03.08 02:30:00,117828.53,117839.30,117828.53,117839.30,360,63,0
2026.03.08 02:24:00,117817.73,117828.50,117817.73,117828.50,360,63,0
2026.03.08 02:18:00,117824.44,117825.85,117808.37,117817.70,360,63,0
2026.03.08 02:12:00,117813.64,117824.41,117813.64,117824.41,360,63,0
2026.03.08 02:06:00,117802.84,117813.61,117802.84,117813.61,360,63,0
2026.03.08 02:00:00,117792.04,117802.81,117792.04,117802.81,360,63,0
2026.03.08 01:54:00,117810.20,117811.28,117791.92,117792.01,360,63,0
2026.03.08 01:48:00,117799.40,117810.17,117799.40,117810.17,360,63,0
2026.03.08 01:42:00,117846.71,117848.57,117792.77,117799.37,360,63,0
2026.03.08 01:36:00,117850.87,117851.92,117836.99,117846.68,360,63,0
2026.03.08 01:30:00,117860.38,117863.02,117842.74,117850.84,360,63,0
2026.03.08 01:24:00,117849.58,117860.35,117849.58,117860.35,360,63,0
2026.03.08 01:18:00,117838.78,117849.55,117838.78,117849.55,360,63,0
2026.03.08 01:12:00,117830.50,117838.75,117830.50,117838.75,277,63,0
2026.03.08 01:06:00,117836.80,117843.19,117826.12,117830.47,360,63,0
2026.03.08 01:00:00,117826.00,117836.77,117826.00,117836.77,360,63,0
2026.03.08 00:54:00,117815.20,117825.97,117815.20,117825.97,360,63,0
2026.03.08 00:48:00,117804.40,117815.17,117804.40,117815.17,360,63,0
2026.03.08 00:42:00,117793.60,117804.37,117793.60,117804.37,360,63,0
2026.03.08 00:36:00,117782.80,117793.57,117782.80,117793.57,360,63,0
2026.03.08 00:30:00,117772.00,117782.77,117772.00,117782.77,360,63,0
2026.03.08 00:24:00,117779.12,117787.16,117769.27,117771.97,360,63,0
2026.03.08 00:18:00,117768.32,117779.09,117768.32,117779.09,360,63,0
2026.03.08 00:12:00,117757.52,117768.29,117757.52,117768.29,360,63,0
2026.03.08 00:06:00,117785.88,117787.80,117752.51,117757.49,360,63,0
2026.03.08 00:00:00,117775.08,117785.85,117775.08,117785.85,360,63,0
2026.03.07 23:54:00,117764.28,117775.05,117764.28,117775.05,360,63,0
2026.03.07 23:48:00,117753.48,117764.25,117753.48,117764.25,360,63,0
2026.03.07 23:42:00,117742.68,117753.45,117742.68,117753.45,360,63,0
2026.03.07 23:36:00,117731.88,117742.65,117731.88,117742.65,360,63,0
2026.03.07 23:30:00,117740.03,117742.40,117723.48,117731.85,360,63,0
2026.03.07 23:24:00,117762.52,117767.35,117734.09,117740.00,360,63,0
2026.03.07 23:18:00,117770.12,117773.99,117755.62,117762.49,360,63,0
2026.03.07 23:12:00,117759.32,117770.09,117759.32,117770.09,360,63,0
2026.03.07 23:06:00,117748.52,117759.29,117748.52,117759.29,360,63,0
2026.03.07 23:00:00,117737.72,117748.49,117737.72,117748.49,360,63,0
2026.03.07 22:54:00,117726.92,117737.69,117726.92,117737.69,360,63,0
2026.03.07 22:48:00,117716.12,117726.89,117716.12,117726.89,360,63,0
2026.03.07 22:42:00,117705.32,117716.09,117705.32,117716.09,360,63,0
2026.03.07 22:36:00,117694.52,117705.29,117694.52,117705.29,360,63,0
2026.03.07 22:30:00,117683.72,117694.49,117683.72,117694.49,360,63,0
2026.03.07 22:24:00,117672.92,117683.69,117672.92,117683.69,360,63,0
2026.03.07 22:18:00,117662.12,117672.89,117662.12,117672.89,360,63,0
2026.03.07 22:12:00,117651.32,117662.09,117651.32,117662.09,360,63,0
2026.03.07 22:06:00,117640.76,117651.29,117640.76,117651.29,352,63,0
2026.03.07 22:00:00,117651.33,117651.45,117630.11,117640.73,360,63,0
2026.03.07 21:54:00,117640.53,117651.30,117640.53,117651.30,346,63,0
2026.03.07 21:48:00,117648.19,117658.03,117639.60,117640.50,360,63,0
2026.03.07 21:42:00,117637.39,117648.16,117637.39,117648.16,360,63,0
2026.03.07 21:36:00,117626.59,117637.36,117626.59,117637.36,360,63,0
2026.03.07 21:30:00,117615.79,117626.56,117615.79,117626.56,360,63,0
2026.03.07 21:24:00,117632.56,117642.94,117615.40,117615.76,360,63,0
2026.03.07 21:18:00,117621.76,117632.53,117621.76,117632.53,360,63,0
2026.03.07 21:12:00,117610.96,117621.73,117610.96,117621.73,360,63,0
2026.03.07 21:06:00,117614.96,117621.35,117606.58,117610.93,360,63,0
2026.03.07 21:00:00,117604.16,117614.93,117604.16,117614.93,360,63,0
2026.03.07 20:54:00,117594.17,117604.13,117594.17,117604.13,333,63,0
2026.03.07 20:48:00,117586.43,117594.17,117586.43,117594.17,259,63,0
2026.03.07 20:42:00,117575.63,117586.40,117575.63,117586.40,360,63,0
2026.03.07 20:36:00,117564.83,117575.60,117564.83,117575.60,360,63,0
2026.03.07 20:30:00,117554.03,117564.80,117554.03,117564.80,360,63,0
2026.03.07 20:24:00,117565.63,117570.31,117547.94,117554.00,360,63,0
2026.03.07 20:18:00,117554.83,117565.60,117554.83,117565.60,360,63,0
2026.03.07 20:12:00,117560.28,117567.75,117551.53,117554.80,360,63,0
2026.03.07 20:06:00,117549.48,117560.25,117549.48,117560.25,360,63,0
2026.03.07 20:00:00,117564.35,117572.21,117546.57,117549.45,360,63,0
2026.03.07 19:54:00,117553.55,117564.32,117553.55,117564.32,360,63,0
2026.03.07 19:48:00,117542.75,117553.52,117542.75,117553.52,360,63,0
2026.03.07 19:42:00,117531.95,117542.72,117531.95,117542.72,360,63,0
2026.03.07 19:36:00,117521.15,117531.92,117521.15,117531.92,360,63,0
2026.03.07 19:30:00,117510.35,117521.12,117510.35,117521.12,360,63,0
2026.03.07 19:24:00,117499.55,117510.32,117499.55,117510.32,360,63,0
2026.03.07 19:18:00,117524.29,117528.01,117492.50,117499.52,360,63,0
2026.03.07 19:12:00,117513.49,117524.26,117513.49,117524.26,360,63,0
2026.03.07 19:06:00,117502.69,117513.46,117502.69,117513.46,360,63,0
2026.03.07 19:00:00,117491.89,117502.66,117491.89,117502.66,360,63,0
2026.03.07 18:54:00,117481.09,117491.86,117481.09,117491.86,360,63,0
2026.03.07 18:48:00,117470.29,117481.06,117470.29,117481.06,360,63,0
2026.03.07 18:42:00,117490.34,117499.46,117468.64,117470.26,360,63,0
2026.03.07 18:36:00,117479.54,117490.31,117479.54,117490.31,360,63,0
2026.03.07 18:30:00,117468.74,117479.51,117468.74,117479.51,360,63,0
2026.03.07 18:24:00,117457.94,117468.71,117457.94,117468.71,360,63,0
2026.03.07 18:18:00,117447.14,117457.91,117447.14,117457.91,360,63,0
2026.03.07 18:12:00,117458.67,117460.44,117438.14,117447.11,360,63,0
2026.03.07 18:06:00,117447.87,117458.64,117447.87,117458.64,360,63,0
2026.03.07 18:00:00,117454.96,117458.02,117440.16,117447.84,360,63,0
2026.03.07 17:54:00,117444.16,117454.93,117444.16,117454.93,360,63,0
2026.03.07 17:48:00,117433.36,117444.13,117433.36,117444.13,360,63,0
2026.03.07 17:42:00,117422.56,117433.33,117422.56,117433.33,360,63,0
2026.03.07 17:36:00,117431.92,117442.12,117421.99,117422.53,360,63,0
2026.03.07 17:30:00,117421.12,117431.89,117421.12,117431.89,360,63,0
2026.03.07 17:24:00,117410.32,117421.09,117410.32,117421.09,360,63,0
2026.03.07 17:18:00,117399.52,117410.29,117399.52,117410.29,360,63,0
2026.03.07 17:12:00,117436.36,117441.88,117394.27,117399.49,360,63,0
2026.03.07 17:06:00,117425.56,117436.33,117425.56,117436.33,360,63,0
2026.03.07 17:00:00,117458.09,117459.02,117421.00,117425.53,360,63,0
2026.03.07 16:54:00,117447.29,117458.06,117447.29,117458.06,360,63,0
2026.03.07 16:48:00,117436.49,117447.26,117436.49,117447.26,360,63,0
2026.03.07 16:42:00,117425.69,117436.46,117425.69,117436.46,360,63,0
2026.03.07 16:36:00,117414.89,117425.66,117414.89,117425.66,360,63,0
2026.03.07 16:30:00,117432.07,117438.07,117410.12,117414.86,360,63,0
2026.03.07 16:24:00,117421.27,117432.04,117421.27,117432.04,360,63,0
2026.03.07 16:18:00,117442.39,117447.13,117415.24,117421.24,360,63,0
2026.03.07 16:12:00,117431.56,117442.36,117431.56,117442.36,361,63,0
2026.03.07 16:06:00,117420.76,117431.53,117420.76,117431.53,360,63,0
2026.03.07 16:00:00,117444.36,117450.81,117416.44,117420.73,360,63,0
2026.03.07 15:54:00,117433.56,117444.33,117433.56,117444.33,360,63,0
2026.03.07 15:48:00,117452.17,117453.94,117424.98,117433.53,360,63,0
2026.03.07 15:42:00,117441.37,117452.14,117441.37,117452.14,360,63,0
2026.03.07 15:36:00,117446.99,117449.30,117432.91,117441.34,360,63,0
2026.03.07 15:30:00,117436.19,117446.96,117436.19,117446.96,360,63,0
2026.03.07 15:24:00,117425.39,117436.16,117425.39,117436.16,360,63,0
2026.03.07 15:18:00,117520.53,117525.48,117424.49,117425.36,360,63,0
2026.03.07 15:12:00,117509.73,117520.50,117509.73,117520.50,360,63,0
2026.03.07 15:06:00,117531.83,117537.50,117504.63,117509.70,360,63,0
2026.03.07 15:00:00,117549.70,117555.37,117526.73,117531.80,360,63,0
2026.03.07 14:54:00,117538.90,117549.67,117538.90,117549.67,360,63,0
2026.03.07 14:48:00,117528.10,117538.87,117528.10,117538.87,360,63,0
2026.03.07 14:42:00,117517.30,117528.07,117517.30,117528.07,360,63,0
2026.03.07 14:36:00,117518.73,117520.23,117508.03,117517.27,360,63,0
2026.03.07 14:30:00,117526.80,117536.82,117517.98,117518.70,360,63,0
2026.03.07 14:24:00,117546.29,117551.09,117520.83,117526.77,360,63,0
2026.03.07 14:18:00,117554.01,117563.37,117544.88,117546.26,360,63,0
2026.03.07 14:12:00,117543.21,117553.98,117543.21,117553.98,360,63,0
2026.03.07 14:06:00,117532.41,117543.18,117532.41,117543.18,360,63,0
2026.03.07 14:00:00,117521.61,117532.38,117521.61,117532.38,360,63,0
2026.03.07 13:54:00,117510.81,117521.58,117510.81,117521.58,360,63,0
2026.03.07 13:48:00,117500.01,117510.78,117500.01,117510.78,360,63,0
2026.03.07 13:42:00,117489.21,117499.98,117489.21,117499.98,360,63,0
2026.03.07 13:36:00,117498.28,117499.81,117479.97,117489.18,360,63,0
2026.03.07 13:30:00,117509.13,117517.83,117496.21,117498.25,360,63,0
2026.03.07 13:24:00,117533.15,117536.06,117501.27,117509.10,360,63,0
2026.03.07 13:18:00,117522.35,117533.12,117522.35,117533.12,360,63,0
2026.03.07 13:12:00,117530.06,117538.55,117520.07,117522.32,360,63,0
2026.03.07 13:06:00,117539.90,117547.91,117527.30,117530.03,360,63,0
2026.03.07 13:00:00,117543.71,117553.76,117539.18,117539.87,360,63,0
2026.03.07 12:54:00,117532.91,117543.68,117532.91,117543.68,360,63,0
2026.03.07 12:48:00,117522.11,117532.88,117522.11,117532.88,360,63,0
2026.03.07 12:42:00,117511.31,117522.08,117511.31,117522.08,360,63,0
2026.03.07 12:36:00,117500.51,117511.28,117500.51,117511.28,360,63,0
2026.03.07 12:30:00,117489.71,117500.48,117489.71,117500.48,360,63,0
2026.03.07 12:24:00,117478.91,117489.68,117478.91,117489.68,360,63,0
2026.03.07 12:18:00,117485.11,117492.76,117475.79,117478.88,360,63,0
2026.03.07 12:12:00,117500.38,117501.25,117475.21,117485.08,360,63,0
2026.03.07 12:06:00,117509.99,117513.53,117493.15,117500.35,360,63,0
2026.03.07 12:00:00,117527.57,117528.41,117500.06,117509.96,360,63,0
2026.03.07 11:54:00,117516.77,117527.54,117516.77,117527.54,360,63,0
2026.03.07 11:48:00,117505.97,117516.74,117505.97,117516.74,360,63,0
2026.03.07 11:42:00,117495.17,117505.94,117495.17,117505.94,360,63,0
2026.03.07 11:36:00,117484.37,117495.14,117484.37,117495.14,360,63,0
2026.03.07 11:30:00,117473.57,117484.34,117473.57,117484.34,360,63,0
2026.03.07 11:24:00,117462.77,117473.54,117462.77,117473.54,360,63,0
2026.03.07 11:18:00,117468.09,117477.24,117461.15,117462.74,360,63,0
2026.03.07 11:12:00,117457.29,117468.06,117457.29,117468.06,360,63,0
2026.03.07 11:06:00,117468.15,117477.09,117455.46,117457.26,360,63,0
2026.03.07 11:00:00,117457.35,117468.12,117457.35,117468.12,360,63,0
2026.03.07 10:54:00,117446.55,117457.32,117446.55,117457.32,360,63,0
2026.03.07 10:48:00,117483.16,117485.41,117442.02,117446.52,360,63,0
2026.03.07 10:42:00,117472.36,117483.13,117472.36,117483.13,360,63,0
2026.03.07 10:36:00,117461.56,117472.33,117461.56,117472.33,360,63,0
2026.03.07 10:30:00,117483.95,117486.65,117453.49,117461.53,360,63,0
2026.03.07 10:24:00,117473.15,117483.92,117473.15,117483.92,360,63,0
2026.03.07 10:18:00,117462.35,117473.12,117462.35,117473.12,360,63,0
2026.03.07 10:12:00,117469.77,117475.17,117456.98,117462.32,360,63,0
2026.03.07 10:06:00,117458.97,117469.74,117458.97,117469.74,360,63,0
2026.03.07 10:00:00,117448.17,117458.94,117448.17,117458.94,360,63,0
2026.03.07 09:54:00,117437.37,117448.14,117437.37,117448.14,360,63,0
2026.03.07 09:48:00,117426.57,117437.34,117426.57,117437.34,360,63,0
2026.03.07 09:42:00,117428.45,117437.09,117424.44,117426.54,360,63,0
2026.03.07 09:36:00,117417.65,117428.42,117417.65,117428.42,360,63,0
2026.03.07 09:30:00,117406.85,117417.62,117406.85,117417.62,360,63,0
2026.03.07 09:24:00,117396.05,117406.82,117396.05,117406.82,360,63,0
2026.03.07 09:18:00,117385.25,117396.02,117385.25,117396.02,360,63,0
2026.03.07 09:12:00,117374.45,117385.22,117374.45,117385.22,360,63,0
2026.03.07 09:06:00,117383.56,117390.46,117370.58,117374.42,360,63,0
2026.03.07 09:00:00,117372.76,117383.53,117372.76,117383.53,360,63,0
2026.03.07 08:54:00,117421.34,117425.78,117371.14,117372.73,360,63,0
2026.03.07 08:48:00,117472.63,117474.73,117419.63,117421.31,360,63,0
2026.03.07 08:42:00,117461.83,117472.60,117461.83,117472.60,360,63,0
2026.03.07 08:36:00,117451.03,117461.80,117451.03,117461.80,360,63,0
2026.03.07 08:30:00,117440.23,117451.00,117440.23,117451.00,360,63,0
2026.03.07 08:24:00,117429.43,117440.20,117429.43,117440.20,360,63,0
2026.03.07 08:18:00,117449.05,117449.05,117421.63,117429.40,360,63,0
2026.03.07 08:12:00,117438.25,117449.02,117438.25,117449.02,360,63,0
2026.03.07 08:06:00,117427.45,117438.22,117427.45,117438.22,360,63,0
2026.03.07 08:00:00,117416.65,117427.42,117416.65,117427.42,360,63,0
2026.03.07 07:54:00,117405.85,117416.62,117405.85,117416.62,360,63,0
2026.03.07 07:48:00,117395.05,117405.82,117395.05,117405.82,360,63,0
2026.03.07 07:42:00,117433.00,117434.11,117394.21,117395.02,360,63,0
2026.03.07 07:36:00,117422.20,117432.97,117422.20,117432.97,360,63,0
2026.03.07 07:30:00,117411.40,117422.17,117411.40,117422.17,360,63,0
2026.03.07 07:24:00,117400.60,117411.37,117400.60,117411.37,360,63,0
2026.03.07 07:18:00,117410.55,117417.78,117397.03,117400.57,361,63,0
2026.03.07 07:12:00,117399.75,117410.52,117399.75,117410.52,360,63,0
2026.03.07 07:06:00,117388.95,117399.72,117388.95,117399.72,360,63,0
2026.03.07 07:00:00,117441.11,117446.66,117384.15,117388.92,360,63,0
2026.03.07 06:54:00,117430.31,117441.08,117430.31,117441.08,360,63,0
2026.03.07 06:48:00,117419.51,117430.28,117419.51,117430.28,360,63,0
2026.03.07 06:42:00,117408.71,117419.48,117408.71,117419.48,360,63,0
2026.03.07 06:36:00,117397.91,117408.68,117397.91,117408.68,360,63,0
2026.03.07 06:30:00,117411.00,117412.56,117388.70,117397.88,360,63,0
2026.03.07 06:24:00,117400.20,117410.97,117400.20,117410.97,360,63,0
2026.03.07 06:18:00,117415.61,117418.01,117391.83,117400.17,360,63,0
2026.03.07 06:12:00,117451.22,117453.89,117408.71,117415.58,360,63,0
2026.03.07 06:06:00,117440.42,117451.19,117440.42,117451.19,360,63,0
2026.03.07 06:00:00,117446.78,117454.25,117437.12,117440.39,360,63,0
2026.03.07 05:54:00,117435.98,117446.75,117435.98,117446.75,360,63,0
2026.03.07 05:48:00,117425.18,117435.95,117425.18,117435.95,360,63,0
2026.03.07 05:42:00,117466.71,117471.81,117422.09,117425.15,360,63,0
2026.03.07 05:36:00,117455.91,117466.68,117455.91,117466.68,360,63,0
2026.03.07 05:30:00,117445.11,117455.88,117445.11,117455.88,360,63,0
2026.03.07 05:24:00,117453.25,117461.95,117443.04,117445.08,360,63,0
2026.03.07 05:18:00,117478.30,117480.49,117444.67,117453.22,360,63,0
2026.03.07 05:12:00,117467.50,117478.27,117467.50,117478.27,360,63,0
2026.03.07 05:06:00,117456.70,117467.47,117456.70,117467.47,360,63,0
2026.03.07 05:00:00,117445.90,117456.67,117445.90,117456.67,360,63,0
2026.03.07 04:54:00,117435.10,117445.87,117435.10,117445.87,360,63,0
2026.03.07 04:48:00,117424.30,117435.07,117424.30,117435.07,360,63,0
2026.03.07 04:42:00,117413.50,117424.27,117413.50,117424.27,360,63,0
2026.03.07 04:36:00,117434.96,117442.97,117413.41,117413.47,360,63,0
2026.03.07 04:30:00,117436.29,117438.30,117426.20,117434.93,360,63,0
2026.03.07 04:24:00,117425.49,117436.26,117425.49,117436.26,360,63,0
2026.03.07 04:18:00,117414.69,117425.46,117414.69,117425.46,360,63,0
2026.03.07 04:12:00,117403.89,117414.66,117403.89,117414.66,360,63,0
2026.03.07 04:06:00,117393.09,117403.86,117393.09,117403.86,360,63,0
2026.03.07 04:00:00,117416.30,117418.16,117384.18,117393.06,360,63,0
2026.03.07 03:54:00,117405.50,117416.27,117405.50,117416.27,360,63,0
2026.03.07 03:48:00,117394.70,117405.47,117394.70,117405.47,360,63,0
2026.03.07 03:42:00,117383.90,117394.67,117383.90,117394.67,360,63,0
2026.03.07 03:36:00,117373.10,117383.87,117373.10,117383.87,360,63,0
2026.03.07 03:30:00,117362.30,117373.07,117362.30,117373.07,360,63,0
2026.03.07 03:24:00,117391.66,117394.93,117354.80,117362.27,360,63,0
2026.03.07 03:18:00,117380.86,117391.63,117380.86,117391.63,360,63,0
2026.03.07 03:12:00,117385.64,117387.17,117371.62,117380.83,360,63,0
2026.03.07 03:06:00,117419.44,117425.59,117385.46,117385.61,360,63,0
2026.03.07 03:00:00,117428.98,117432.16,117411.85,117419.41,360,63,0
2026.03.07 02:54:00,117418.18,117428.95,117418.18,117428.95,360,63,0
2026.03.07 02:48:00,117432.25,117435.52,117410.68,117418.15,360,63,0
2026.03.07 02:42:00,117421.45,117432.22,117421.45,117432.22,360,63,0
2026.03.07 02:36:00,117447.23,117448.88,117420.88,117421.42,360,63,0
2026.03.07 02:30:00,117436.43,117447.20,117436.43,117447.20,360,63,0
2026.03.07 02:24:00,117458.80,117462.91,117429.77,117436.40,360,63,0
2026.03.07 02:18:00,117448.00,117458.77,117448.00,117458.77,360,63,0
2026.03.07 02:12:00,117437.20,117447.97,117437.20,117447.97,360,63,0
2026.03.07 02:06:00,117446.43,117451.68,117431.68,117437.17,360,63,0
2026.03.07 02:00:00,117435.63,117446.40,117435.63,117446.40,360,63,0
2026.03.07 01:54:00,117424.83,117435.60,117424.83,117435.60,360,63,0
2026.03.07 01:48:00,117436.36,117444.46,117422.16,117424.80,360,63,0
2026.03.07 01:42:00,117443.56,117445.03,117427.06,117436.33,360,63,0
2026.03.07 01:36:00,117432.76,117443.53,117432.76,117443.53,360,63,0
2026.03.07 01:30:00,117421.96,117432.73,117421.96,117432.73,360,63,0
2026.03.07 01:24:00,117411.16,117421.93,117411.16,117421.93,360,63,0
2026.03.07 01:18:00,117400.36,117411.13,117400.36,117411.13,360,63,0
2026.03.07 01:12:00,117389.56,117400.33,117389.56,117400.33,360,63,0
2026.03.07 01:06:00,117378.76,117389.53,117378.76,117389.53,360,63,0
2026.03.07 01:00:00,117367.96,117378.73,117367.96,117378.73,360,63,0
2026.03.07 00:54:00,117385.99,117393.70,117364.90,117367.93,360,63,0
2026.03.07 00:48:00,117394.65,117402.72,117383.29,117385.96,360,63,0
2026.03.07 00:42:00,117429.51,117429.63,117385.41,117394.62,360,63,0
2026.03.07 00:36:00,117418.71,117429.48,117418.71,117429.48,360,63,0
2026.03.07 00:30:00,117407.91,117418.68,117407.91,117418.68,360,63,0
2026.03.07 00:24:00,117397.11,117407.88,117397.11,117407.88,360,63,0
2026.03.07 00:18:00,117386.31,117397.08,117386.31,117397.08,360,63,0
2026.03.07 00:12:00,117375.51,117386.28,117375.51,117386.28,360,63,0
2026.03.07 00:06:00,117364.71,117375.48,117364.71,117375.48,360,63,0
2026.03.07 00:00:00,117353.91,117364.68,117353.91,117364.68,360,63,0
2026.03.06 23:54:00,117343.11,117353.88,117343.11,117353.88,360,63,0
2026.03.06 23:48:00,117358.10,117367.64,117341.88,117343.08,360,63,0
2026.03.06 23:42:00,117347.30,117358.07,117347.30,117358.07,360,63,0
2026.03.06 23:36:00,117336.50,117347.27,117336.50,117347.27,360,63,0
2026.03.06 23:30:00,117325.70,117336.47,117325.70,117336.47,360,63,0
2026.03.06 23:24:00,117314.90,117325.67,117314.90,117325.67,360,63,0
2026.03.06 23:18:00,117304.10,117314.87,117304.10,117314.87,360,63,0
2026.03.06 23:12:00,117325.41,117331.65,117299.57,117304.07,360,63,0
2026.03.06 23:06:00,117344.23,117354.22,117324.63,117325.38,360,63,0
2026.03.06 23:00:00,117333.43,117344.20,117333.43,117344.20,360,63,0
2026.03.06 22:54:00,117341.86,117350.83,117331.63,117333.40,360,63,0
2026.03.06 22:48:00,117331.06,117341.83,117331.06,117341.83,360,63,0
2026.03.06 22:42:00,117320.26,117331.03,117320.26,117331.03,360,63,0
2026.03.06 22:36:00,117324.14,117329.48,117314.83,117320.23,360,63,0
2026.03.06 22:30:00,117313.34,117324.11,117313.34,117324.11,360,63,0
2026.03.06 22:24:00,117302.54,117313.31,117302.54,117313.31,360,63,0
2026.03.06 22:18:00,117291.71,117302.51,117291.71,117302.51,361,63,0
2026.03.06 22:12:00,117280.91,117291.68,117280.91,117291.68,360,63,0
2026.03.06 22:06:00,117270.11,117280.88,117270.11,117280.88,360,63,0
2026.03.06 22:00:00,117259.31,117270.08,117259.31,117270.08,360,63,0
2026.03.06 21:54:00,117248.51,117259.28,117248.51,117259.28,360,63,0
2026.03.06 21:48:00,117258.99,117264.15,117242.90,117248.48,360,63,0
2026.03.06 21:42:00,117248.19,117258.96,117248.19,117258.96,360,63,0
2026.03.06 21:36:00,117237.39,117248.16,117237.39,117248.16,360,63,0
2026.03.06 21:30:00,117226.59,117237.36,117226.59,117237.36,360,63,0
2026.03.06 21:24:00,117215.79,117226.56,117215.79,117226.56,360,63,0
2026.03.06 21:18:00,117204.99,117215.76,117204.99,117215.76,360,63,0
2026.03.06 21:12:00,117220.81,117228.97,117202.38,117204.96,360,63,0
2026.03.06 21:06:00,117247.29,117253.80,117216.55,117220.78,360,63,0
2026.03.06 21:00:00,117236.49,117247.26,117236.49,117247.26,360,63,0
2026.03.06 20:54:00,117225.69,117236.46,117225.69,117236.46,360,63,0
2026.03.06 20:48:00,117214.89,117225.66,117214.89,117225.66,360,63,0
2026.03.06 20:42:00,117239.30,117242.81,117207.63,117214.86,360,63,0
2026.03.06 20:36:00,117228.50,117239.27,117228.50,117239.27,360,63,0
2026.03.06 20:30:00,117217.70,117228.47,117217.70,117228.47,360,63,0
2026.03.06 20:24:00,117206.90,117217.67,117206.90,117217.67,360,63,0
2026.03.06 20:18:00,117228.36,117233.70,117201.47,117206.87,360,63,0
2026.03.06 20:12:00,117217.56,117228.33,117217.56,117228.33,360,63,0
2026.03.06 20:06:00,117206.76,117217.53,117206.76,117217.53,360,63,0
2026.03.06 20:00:00,117195.96,117206.73,117195.96,117206.73,360,63,0
2026.03.06 19:54:00,117185.16,117195.93,117185.16,117195.93,360,63,0
2026.03.06 19:48:00,117174.36,117185.13,117174.36,117185.13,360,63,0
2026.03.06 19:42:00,117224.41,117226.30,117173.07,117174.33,360,63,0
2026.03.06 19:36:00,117213.61,117224.38,117213.61,117224.38,360,63,0
2026.03.06 19:30:00,117218.83,117227.29,117211.30,117213.58,360,63,0
2026.03.06 19:24:00,117208.03,117218.80,117208.03,117218.80,360,63,0
2026.03.06 19:18:00,117197.23,117208.00,117197.23,117208.00,360,63,0
2026.03.06 19:12:00,117202.28,117203.03,117187.21,117197.20,360,63,0
2026.03.06 19:06:00,117191.48,117202.25,117191.48,117202.25,360,63,0
2026.03.06 19:00:00,117180.68,117191.45,117180.68,117191.45,360,63,0
2026.03.06 18:54:00,117201.67,117203.83,117172.07,117180.65,360,63,0
2026.03.06 18:48:00,117190.87,117201.64,117190.87,117201.64,360,63,0
2026.03.06 18:42:00,117180.07,117190.84,117180.07,117190.84,360,63,0
2026.03.06 18:36:00,117169.27,117180.04,117169.27,117180.04,360,63,0
2026.03.06 18:30:00,117196.95,117199.41,117160.96,117169.24,360,63,0
2026.03.06 18:24:00,117186.15,117196.92,117186.15,117196.92,360,63,0
2026.03.06 18:18:00,117202.98,117208.11,117180.51,117186.12,360,63,0
2026.03.06 18:12:00,117207.51,117209.31,117194.01,117202.95,360,63,0
2026.03.06 18:06:00,117196.71,117207.48,117196.71,117207.48,360,63,0
2026.03.06 18:00:00,117210.41,117219.95,117195.48,117196.68,360,63,0
2026.03.06 17:54:00,117217.06,117222.19,117204.77,117210.38,360,63,0
2026.03.06 17:48:00,117206.26,117217.03,117206.26,117217.03,360,63,0
2026.03.06 17:42:00,117195.46,117206.23,117195.46,117206.23,360,63,0
2026.03.06 17:36:00,117184.66,117195.43,117184.66,117195.43,360,63,0
2026.03.06 17:30:00,117173.86,117184.63,117173.86,117184.63,360,63,0
2026.03.06 17:24:00,117163.06,117173.83,117163.06,117173.83,360,63,0
2026.03.06 17:18:00,117152.26,117163.03,117152.26,117163.03,360,63,0
2026.03.06 17:12:00,117161.05,117170.53,117150.97,117152.23,360,63,0
2026.03.06 17:06:00,117194.57,117197.30,117155.32,117161.02,360,63,0
2026.03.06 17:00:00,117195.86,117203.90,117191.84,117194.54,360,63,0
2026.03.06 16:54:00,117185.06,117195.83,117185.06,117195.83,360,63,0
2026.03.06 16:48:00,117237.14,117237.29,117179.99,117185.03,360,63,0
2026.03.06 16:42:00,117226.34,117237.11,117226.34,117237.11,360,63,0
2026.03.06 16:36:00,117246.59,117247.22,117216.20,117226.31,360,63,0
2026.03.06 16:30:00,117235.79,117246.56,117235.79,117246.56,360,63,0
2026.03.06 16:24:00,117224.99,117235.76,117224.99,117235.76,360,63,0
2026.03.06 16:18:00,117214.19,117224.96,117214.19,117224.96,360,63,0
2026.03.06 16:12:00,117217.74,117220.35,117206.03,117214.16,360,63,0
2026.03.06 16:06:00,117206.94,117217.71,117206.94,117217.71,360,63,0
2026.03.06 16:00:00,117196.14,117206.91,117196.14,117206.91,360,63,0
2026.03.06 15:54:00,117225.20,117233.24,117193.41,117196.11,360,63,0
2026.03.06 15:48:00,117214.40,117225.17,117214.40,117225.17,360,63,0
2026.03.06 15:42:00,117203.60,117214.37,117203.60,117214.37,360,63,0
2026.03.06 15:36:00,117192.80,117203.57,117192.80,117203.57,360,63,0
2026.03.06 15:30:00,117182.00,117192.77,117182.00,117192.77,360,63,0
2026.03.06 15:24:00,117171.20,117181.97,117171.20,117181.97,360,63,0
2026.03.06 15:18:00,117160.40,117171.17,117160.40,117171.17,360,63,0
2026.03.06 15:12:00,117190.35,117193.41,117152.96,117160.37,360,63,0
2026.03.06 15:06:00,117230.52,117238.11,117189.99,117190.32,360,63,0
2026.03.06 15:00:00,117249.96,117259.86,117229.65,117230.49,360,63,0
2026.03.06 14:54:00,117239.16,117249.93,117239.16,117249.93,360,63,0
2026.03.06 14:48:00,117277.52,117279.71,117230.58,117239.13,360,63,0
2026.03.06 14:42:00,117319.47,117320.19,117271.43,117277.49,360,63,0
2026.03.06 14:36:00,117308.67,117319.44,117308.67,117319.44,360,63,0
2026.03.06 14:30:00,117311.57,117312.89,117299.22,117308.64,360,63,0
2026.03.06 14:24:00,117300.77,117311.54,117300.77,117311.54,360,63,0
2026.03.06 14:18:00,117289.97,117300.74,117289.97,117300.74,360,63,0
2026.03.06 14:12:00,117309.84,117317.31,117286.67,117289.94,360,63,0
2026.03.06 14:06:00,117299.04,117309.81,117299.04,117309.81,360,63,0
2026.03.06 14:00:00,117288.24,117299.01,117288.24,117299.01,360,63,0
2026.03.06 13:54:00,117277.44,117288.21,117277.44,117288.21,360,63,0
2026.03.06 13:48:00,117266.64,117277.41,117266.64,117277.41,360,63,0
2026.03.06 13:42:00,117255.84,117266.61,117255.84,117266.61,360,63,0
2026.03.06 13:36:00,117245.04,117255.81,117245.04,117255.81,360,63,0
2026.03.06 13:30:00,117234.24,117245.01,117234.24,117245.01,360,63,0
2026.03.06 13:24:00,117250.51,117250.54,117223.50,117234.21,360,63,0
2026.03.06 13:18:00,117239.71,117250.48,117239.71,117250.48,360,63,0
2026.03.06 13:12:00,117228.91,117239.68,117228.91,117239.68,360,63,0
2026.03.06 13:06:00,117236.54,117237.29,117218.86,117228.88,361,63,0
2026.03.06 13:00:00,117225.74,117236.51,117225.74,117236.51,360,63,0
2026.03.06 12:54:00,117214.94,117225.71,117214.94,117225.71,360,63,0
2026.03.06 12:48:00,117223.71,117227.49,117207.95,117214.91,360,63,0
2026.03.06 12:42:00,117237.27,117237.90,117213.57,117223.68,360,63,0
2026.03.06 12:36:00,117241.29,117242.55,117227.76,117237.24,360,63,0
2026.03.06 12:30:00,117230.49,117241.26,117230.49,117241.26,360,63,0
2026.03.06 12:24:00,117219.69,117230.46,117219.69,117230.46,360,63,0
2026.03.06 12:18:00,117208.89,117219.66,117208.89,117219.66,360,63,0
2026.03.06 12:12:00,117198.09,117208.86,117198.09,117208.86,360,63,0
2026.03.06 12:06:00,117187.29,117198.06,117187.29,117198.06,360,63,0
2026.03.06 12:00:00,117201.32,117208.52,117183.72,117187.26,360,63,0
2026.03.06 11:54:00,117190.52,117201.29,117190.52,117201.29,360,63,0
2026.03.06 11:48:00,117179.72,117190.49,117179.72,117190.49,360,63,0
2026.03.06 11:42:00,117168.92,117179.69,117168.92,117179.69,360,63,0
2026.03.06 11:36:00,117158.12,117168.89,117158.12,117168.89,360,63,0
2026.03.06 11:30:00,117147.32,117158.09,117147.32,117158.09,360,63,0
2026.03.06 11:24:00,117136.52,117147.29,117136.52,117147.29,360,63,0
2026.03.06 11:18:00,117138.82,117145.51,117132.44,117136.49,360,63,0
2026.03.06 11:12:00,117128.02,117138.79,117128.02,117138.79,360,63,0
2026.03.06 11:06:00,117133.35,117142.05,117125.95,117127.99,360,63,0
2026.03.06 11:00:00,117149.02,117158.14,117131.70,117133.32,360,63,0
2026.03.06 10:54:00,117138.22,117148.99,117138.22,117148.99,360,63,0
2026.03.06 10:48:00,117127.42,117138.19,117127.42,117138.19,360,63,0
2026.03.06 10:42:00,117143.21,117144.68,117118.12,117127.39,360,63,0
2026.03.06 10:36:00,117132.41,117143.18,117132.41,117143.18,360,63,0
2026.03.06 10:30:00,117142.39,117151.06,117130.31,117132.38,360,63,0
2026.03.06 10:24:00,117143.88,117147.84,117135.58,117142.36,360,63,0
2026.03.06 10:18:00,117133.08,117143.85,117133.08,117143.85,360,63,0
2026.03.06 10:12:00,117122.28,117133.05,117122.28,117133.05,360,63,0
2026.03.06 10:06:00,117111.48,117122.25,117111.48,117122.25,360,63,0
2026.03.06 10:00:00,117100.68,117111.45,117100.68,117111.45,360,63,0
2026.03.06 09:54:00,117116.67,117122.88,117096.12,117100.65,360,63,0
2026.03.06 09:48:00,117105.87,117116.64,117105.87,117116.64,360,63,0
2026.03.06 09:42:00,117095.07,117105.84,117095.07,117105.84,360,63,0
2026.03.06 09:36:00,117084.27,117095.04,117084.27,117095.04,360,63,0
2026.03.06 09:30:00,117073.47,117084.24,117073.47,117084.24,360,63,0
2026.03.06 09:24:00,117086.21,117094.37,117070.86,117073.44,360,63,0
2026.03.06 09:18:00,117075.41,117086.18,117075.41,117086.18,360,63,0
2026.03.06 09:12:00,117081.53,117085.43,117068.54,117075.38,360,63,0
2026.03.06 09:06:00,117070.73,117081.50,117070.73,117081.50,360,63,0
2026.03.06 09:00:00,117059.93,117070.70,117059.93,117070.70,360,63,0
2026.03.06 08:54:00,117049.13,117059.90,117049.13,117059.90,360,63,0
2026.03.06 08:48:00,117038.33,117049.10,117038.33,117049.10,360,63,0
2026.03.06 08:42:00,117027.53,117038.30,117027.53,117038.30,360,63,0
2026.03.06 08:36:00,117016.73,117027.50,117016.73,117027.50,360,63,0
2026.03.06 08:30:00,117020.26,117028.48,117014.18,117016.70,360,63,0
2026.03.06 08:24:00,117064.49,117068.03,117018.52,117020.23,360,63,0
2026.03.06 08:18:00,117053.69,117064.46,117053.69,117064.46,360,63,0
2026.03.06 08:12:00,117066.65,117068.99,117045.26,117053.66,360,63,0
2026.03.06 08:06:00,117055.85,117066.62,117055.85,117066.62,360,63,0
2026.03.06 08:00:00,117045.05,117055.82,117045.05,117055.82,360,63,0
2026.03.06 07:54:00,117034.25,117045.02,117034.25,117045.02,360,63,0
2026.03.06 07:48:00,117023.45,117034.22,117023.45,117034.22,360,63,0
2026.03.06 07:42:00,117012.65,117023.42,117012.65,117023.42,360,63,0
2026.03.06 07:36:00,117001.85,117012.62,117001.85,117012.62,360,63,0
2026.03.06 07:30:00,117003.21,117011.34,116999.21,117001.82,360,63,0
2026.03.06 07:24:00,116992.41,117003.18,116992.41,117003.18,360,63,0
2026.03.06 07:18:00,117005.38,117006.49,116982.75,116992.38,360,63,0
2026.03.06 07:12:00,116994.58,117005.35,116994.58,117005.35,360,63,0
2026.03.06 07:06:00,117015.41,117017.96,116986.36,116994.55,360,63,0
2026.03.06 07:00:00,117030.35,117038.81,117013.10,117015.38,360,63,0
2026.03.06 06:54:00,117046.71,117049.86,117022.73,117030.32,360,63,0
2026.03.06 06:48:00,117066.17,117075.53,117045.30,117046.68,360,63,0
2026.03.06 06:42:00,117076.20,117085.80,117065.00,117066.14,360,63,0
2026.03.06 06:36:00,117065.40,117076.17,117065.40,117076.17,360,63,0
2026.03.06 06:30:00,117054.60,117065.37,117054.60,117065.37,360,63,0
2026.03.06 06:24:00,117043.80,117054.57,117043.80,117054.57,360,63,0
2026.03.06 06:18:00,117054.73,117060.31,117038.61,117043.77,360,63,0
2026.03.06 06:12:00,117067.14,117077.28,117054.10,117054.70,360,63,0
2026.03.06 06:06:00,117056.34,117067.11,117056.34,117067.11,360,63,0
2026.03.06 06:00:00,117060.38,117069.59,117054.78,117056.31,360,63,0
2026.03.06 05:54:00,117074.37,117083.55,117058.79,117060.35,360,63,0
2026.03.06 05:48:00,117093.45,117094.41,117064.56,117074.34,360,63,0
2026.03.06 05:42:00,117082.65,117093.42,117082.65,117093.42,360,63,0
2026.03.06 05:36:00,117071.85,117082.62,117071.85,117082.62,360,63,0
2026.03.06 05:30:00,117083.81,117089.63,117066.90,117071.82,360,63,0
2026.03.06 05:24:00,117088.28,117090.02,117074.78,117083.78,360,63,0
2026.03.06 05:18:00,117077.48,117088.25,117077.48,117088.25,360,63,0
2026.03.06 05:12:00,117066.68,117077.45,117066.68,117077.45,360,63,0
2026.03.06 05:06:00,117086.48,117093.80,117063.23,117066.65,360,63,0
2026.03.06 05:00:00,117075.68,117086.45,117075.68,117086.45,360,63,0
2026.03.06 04:54:00,117080.91,117090.54,117074.54,117075.65,360,63,0
2026.03.06 04:48:00,117070.11,117080.88,117070.11,117080.88,360,63,0
2026.03.06 04:42:00,117059.31,117070.08,117059.31,117070.08,360,63,0
2026.03.06 04:36:00,117072.63,117072.78,117048.69,117059.28,360,63,0
2026.03.06 04:30:00,117061.83,117072.60,117061.83,117072.60,360,63,0
2026.03.06 04:24:00,117051.03,117061.80,117051.03,117061.80,360,63,0
2026.03.06 04:18:00,117040.23,117051.00,117040.23,117051.00,360,63,0
2026.03.06 04:12:00,117029.43,117040.20,117029.43,117040.20,360,63,0
2026.03.06 04:06:00,117018.60,117029.40,117018.60,117029.40,361,63,0
2026.03.06 04:00:00,117007.80,117018.57,117007.80,117018.57,360,63,0
2026.03.06 03:54:00,116997.00,117007.77,116997.00,117007.77,360,63,0
2026.03.06 03:48:00,116986.20,116996.97,116986.20,116996.97,360,63,0
2026.03.06 03:42:00,116975.40,116986.17,116975.40,116986.17,360,63,0
2026.03.06 03:36:00,116964.60,116975.37,116964.60,116975.37,360,63,0
2026.03.06 03:30:00,116988.41,116990.57,116957.25,116964.57,360,63,0
2026.03.06 03:24:00,116977.61,116988.38,116977.61,116988.38,360,63,0
2026.03.06 03:18:00,116979.33,116986.53,116974.04,116977.58,360,63,0
2026.03.06 03:12:00,116968.53,116979.30,116968.53,116979.30,360,63,0
2026.03.06 03:06:00,116957.73,116968.50,116957.73,116968.50,360,63,0
2026.03.06 03:00:00,116968.39,116971.69,116950.26,116957.70,360,63,0
2026.03.06 02:54:00,117014.92,117022.24,116966.56,116968.36,360,63,0
2026.03.06 02:48:00,117004.12,117014.89,117004.12,117014.89,360,63,0
2026.03.06 02:42:00,117009.62,117014.96,116998.69,117004.09,360,63,0
2026.03.06 02:36:00,117023.94,117026.01,117000.92,117009.59,360,63,0
2026.03.06 02:30:00,117025.52,117031.19,117018.84,117023.91,360,63,0
2026.03.06 02:24:00,117036.99,117040.92,117018.68,117025.49,360,63,0
2026.03.06 02:18:00,117045.79,117050.95,117031.38,117036.96,360,63,0
2026.03.06 02:12:00,117034.99,117045.76,117034.99,117045.76,360,63,0
2026.03.06 02:06:00,117024.19,117034.96,117024.19,117034.96,360,63,0
2026.03.06 02:00:00,117061.93,117065.59,117019.33,117024.16,360,63,0
2026.03.06 01:54:00,117051.13,117061.90,117051.13,117061.90,360,63,0
2026.03.06 01:48:00,117040.33,117051.10,117040.33,117051.10,360,63,0
2026.03.06 01:42:00,117029.53,117040.30,117029.53,117040.30,360,63,0
2026.03.06 01:36:00,117018.73,117029.50,117018.73,117029.50,360,63,0
2026.03.06 01:30:00,117026.93,117030.53,117011.56,117018.70,360,63,0
2026.03.06 01:24:00,117039.12,117047.13,117024.17,117026.90,360,63,0
2026.03.06 01:18:00,117028.32,117039.09,117028.32,117039.09,360,63,0
2026.03.06 01:12:00,117017.52,117028.29,117017.52,117028.29,360,63,0
2026.03.06 01:06:00,117033.02,117043.07,117016.80,117017.49,360,63,0
2026.03.06 01:00:00,117022.22,117032.99,117022.22,117032.99,360,63,0
2026.03.06 00:54:00,117011.42,117022.19,117011.42,117022.19,360,63,0
2026.03.06 00:48:00,117000.62,117011.39,117000.62,117011.39,360,63,0
2026.03.06 00:42:00,116989.82,117000.59,116989.82,117000.59,360,63,0
2026.03.06 00:36:00,117013.13,117022.55,116988.47,116989.79,360,63,0
2026.03.06 00:30:00,117002.33,117013.10,117002.33,117013.10,360,63,0
2026.03.06 00:24:00,116991.53,117002.30,116991.53,117002.30,360,63,0
2026.03.06 00:18:00,116980.73,116991.50,116980.73,116991.50,360,63,0
2026.03.06 00:12:00,116969.93,116980.70,116969.93,116980.70,360,63,0
2026.03.06 00:06:00,116984.13,116991.87,116966.90,116969.90,360,63,0
2026.03.06 00:00:00,116973.33,116984.10,116973.33,116984.10,360,63,0
2026.03.05 23:54:00,116962.53,116973.30,116962.53,116973.30,360,63,0
2026.03.05 23:48:00,116964.92,116971.73,116958.57,116962.50,360,63,0
2026.03.05 23:42:00,116983.42,116986.24,116956.97,116964.89,360,63,0
2026.03.05 23:36:00,116972.62,116983.39,116972.62,116983.39,360,63,0
2026.03.05 23:30:00,116961.82,116972.59,116961.82,116972.59,360,63,0
2026.03.05 23:24:00,116951.02,116961.79,116951.02,116961.79,360,63,0
2026.03.05 23:18:00,116958.64,116968.06,116949.67,116950.99,360,63,0
2026.03.05 23:12:00,116947.84,116958.61,116947.84,116958.61,360,63,0
2026.03.05 23:06:00,116937.04,116947.81,116937.04,116947.81,360,63,0
2026.03.05 23:00:00,116955.94,116958.01,116928.34,116937.01,360,63,0
2026.03.05 22:54:00,116945.14,116955.91,116945.14,116955.91,360,63,0
2026.03.05 22:48:00,116987.89,116991.01,116939.35,116945.11,360,63,0
2026.03.05 22:42:00,117012.56,117016.67,116985.58,116987.86,360,63,0
2026.03.05 22:36:00,117001.76,117012.53,117001.76,117012.53,360,63,0
2026.03.05 22:30:00,116990.96,117001.73,116990.96,117001.73,360,63,0
2026.03.05 22:24:00,117011.15,117018.53,116987.57,116990.93,360,63,0
2026.03.05 22:18:00,117000.35,117011.12,117000.35,117011.12,360,63,0
2026.03.05 22:12:00,116989.55,117000.32,116989.55,117000.32,360,63,0
2026.03.05 22:06:00,116978.75,116989.52,116978.75,116989.52,360,63,0
2026.03.05 22:00:00,116967.95,116978.72,116967.95,116978.72,360,63,0
2026.03.05 21:54:00,116957.15,116967.92,116957.15,116967.92,360,63,0
2026.03.05 21:48:00,116946.35,116957.12,116946.35,116957.12,360,63,0
2026.03.05 21:42:00,116935.55,116946.32,116935.55,116946.32,360,63,0
2026.03.05 21:36:00,116947.76,116958.50,116935.52,116935.52,360,63,0
2026.03.05 21:30:00,116958.90,116961.54,116939.63,116947.73,360,63,0
2026.03.05 21:24:00,116973.40,116979.16,116953.89,116958.87,360,63,0
2026.03.05 21:18:00,117009.80,117010.73,116967.07,116973.37,360,63,0
2026.03.05 21:12:00,116999.00,117009.77,116999.00,117009.77,360,63,0
2026.03.05 21:06:00,117024.45,117032.58,116996.36,116998.97,360,63,0
2026.03.05 21:00:00,117029.70,117031.02,117015.00,117024.42,360,63,0
2026.03.05 20:54:00,117018.90,117029.67,117018.90,117029.67,360,63,0
2026.03.05 20:48:00,117008.10,117018.87,117008.10,117018.87,360,63,0
2026.03.05 20:42:00,116997.30,117008.07,116997.30,117008.07,360,63,0
2026.03.05 20:36:00,116986.50,116997.27,116986.50,116997.27,360,63,0
2026.03.05 20:30:00,116998.75,117007.15,116984.13,116986.47,360,63,0
2026.03.05 20:24:00,116987.95,116998.72,116987.95,116998.72,360,63,0
2026.03.05 20:18:00,116993.39,116998.91,116982.70,116987.92,360,63,0
2026.03.05 20:12:00,117021.78,117021.90,116983.58,116993.36,360,63,0
2026.03.05 20:06:00,117010.98,117021.75,117010.98,117021.75,360,63,0
2026.03.05 20:00:00,117000.18,117010.95,117000.18,117010.95,360,63,0
2026.03.05 19:54:00,117020.94,117021.27,116989.74,117000.15,360,63,0
2026.03.05 19:48:00,117055.59,117061.11,117017.52,117020.91,360,63,0
2026.03.05 19:42:00,117044.79,117055.56,117044.79,117055.56,360,63,0
2026.03.05 19:36:00,117047.69,117057.86,117044.19,117044.76,360,63,0
2026.03.05 19:30:00,117036.89,117047.66,117036.89,117047.66,360,63,0
2026.03.05 19:24:00,117026.09,117036.86,117026.09,117036.86,360,63,0
2026.03.05 19:18:00,117015.29,117026.06,117015.29,117026.06,360,63,0
2026.03.05 19:12:00,117004.49,117015.26,117004.49,117015.26,360,63,0
2026.03.05 19:06:00,117028.86,117029.94,116994.80,117004.46,360,63,0
2026.03.05 19:00:00,117018.06,117028.83,117018.06,117028.83,360,63,0
2026.03.05 18:54:00,117007.23,117018.03,117007.23,117018.03,361,63,0
2026.03.05 18:48:00,117054.75,117056.16,117004.77,117007.20,360,63,0
2026.03.05 18:42:00,117072.88,117076.06,117047.16,117054.72,360,63,0
2026.03.05 18:36:00,117062.08,117072.85,117062.08,117072.85,360,63,0
2026.03.05 18:30:00,117051.28,117062.05,117051.28,117062.05,360,63,0
2026.03.05 18:24:00,117061.80,117069.78,117048.49,117051.25,360,63,0
2026.03.05 18:18:00,117051.00,117061.77,117051.00,117061.77,360,63,0
2026.03.05 18:12:00,117040.20,117050.97,117040.20,117050.97,360,63,0
2026.03.05 18:06:00,117050.74,117058.06,117036.75,117040.17,360,63,0
2026.03.05 18:00:00,117039.94,117050.71,117039.94,117050.71,360,63,0
2026.03.05 17:54:00,117029.14,117039.91,117029.14,117039.91,360,63,0
2026.03.05 17:48:00,117042.07,117042.46,117018.76,117029.11,360,63,0
2026.03.05 17:42:00,117031.27,117042.04,117031.27,117042.04,360,63,0
2026.03.05 17:36:00,117069.68,117070.70,117031.12,117031.24,360,63,0
2026.03.05 17:30:00,117058.88,117069.65,117058.88,117069.65,360,63,0
2026.03.05 17:24:00,117112.66,117113.17,117057.74,117058.85,360,63,0
2026.03.05 17:18:00,117143.48,117145.64,117109.72,117112.63,360,63,0
2026.03.05 17:12:00,117132.68,117143.45,117132.68,117143.45,360,63,0
2026.03.05 17:06:00,117121.88,117132.65,117121.88,117132.65,360,63,0
2026.03.05 17:00:00,117137.52,117141.45,117115.04,117121.85,360,63,0
2026.03.05 16:54:00,117126.72,117137.49,117126.72,117137.49,360,63,0
2026.03.05 16:48:00,117150.61,117157.63,117122.97,117126.69,360,63,0
2026.03.05 16:42:00,117139.81,117150.58,117139.81,117150.58,360,63,0
2026.03.05 16:36:00,117129.01,117139.78,117129.01,117139.78,360,63,0
2026.03.05 16:30:00,117118.21,117128.98,117118.21,117128.98,360,63,0
2026.03.05 16:24:00,117189.76,117190.84,117117.46,117118.18,360,63,0
2026.03.05 16:18:00,117178.96,117189.73,117178.96,117189.73,360,63,0
2026.03.05 16:12:00,117168.16,117178.93,117168.16,117178.93,360,63,0
2026.03.05 16:06:00,117169.60,117179.89,117167.68,117168.13,360,63,0
2026.03.05 16:00:00,117201.79,117206.89,117163.93,117169.57,360,63,0
2026.03.05 15:54:00,117214.00,117219.67,117196.69,117201.76,360,63,0
2026.03.05 15:48:00,117271.23,117276.96,117209.05,117213.97,360,63,0
2026.03.05 15:42:00,117260.43,117271.20,117260.43,117271.20,360,63,0
2026.03.05 15:36:00,117249.63,117260.40,117249.63,117260.40,360,63,0
2026.03.05 15:30:00,117256.60,117259.24,117241.50,117249.60,360,63,0
2026.03.05 15:24:00,117245.80,117256.57,117245.80,117256.57,360,63,0
2026.03.05 15:18:00,117235.00,117245.77,117235.00,117245.77,360,63,0
2026.03.05 15:12:00,117224.20,117234.97,117224.20,117234.97,360,63,0
2026.03.05 15:06:00,117213.40,117224.17,117213.40,117224.17,360,63,0
2026.03.05 15:00:00,117202.60,117213.37,117202.60,117213.37,360,63,0
2026.03.05 14:54:00,117203.91,117212.04,117199.96,117202.57,360,63,0
2026.03.05 14:48:00,117219.44,117226.73,117200.43,117203.88,360,63,0
2026.03.05 14:42:00,117208.64,117219.41,117208.64,117219.41,360,63,0
2026.03.05 14:36:00,117214.76,117218.06,117201.17,117208.61,360,63,0
2026.03.05 14:30:00,117203.96,117214.73,117203.96,117214.73,360,63,0
2026.03.05 14:24:00,117193.16,117203.93,117193.16,117203.93,360,63,0
2026.03.05 14:18:00,117182.36,117193.13,117182.36,117193.13,360,63,0
2026.03.05 14:12:00,117237.21,117244.92,117181.73,117182.33,360,63,0
2026.03.05 14:06:00,117241.25,117243.44,117228.63,117237.18,360,63,0
2026.03.05 14:00:00,117230.45,117241.22,117230.45,117241.22,360,63,0
2026.03.05 13:54:00,117219.65,117230.42,117219.65,117230.42,360,63,0
2026.03.05 13:48:00,117208.85,117219.62,117208.85,117219.62,360,63,0
2026.03.05 13:42:00,117198.05,117208.82,117198.05,117208.82,360,63,0
2026.03.05 13:36:00,117187.25,117198.02,117187.25,117198.02,360,63,0
2026.03.05 13:30:00,117176.45,117187.22,117176.45,117187.22,360,63,0
2026.03.05 13:24:00,117165.65,117176.42,117165.65,117176.42,360,63,0
2026.03.05 13:18:00,117154.85,117165.62,117154.85,117165.62,360,63,0
2026.03.05 13:12:00,117169.18,117176.92,117151.82,117154.82,360,63,0
2026.03.05 13:06:00,117178.53,117189.15,117169.03,117169.15,360,63,0
2026.03.05 13:00:00,117167.73,117178.50,117167.73,117178.50,360,63,0
2026.03.05 12:54:00,117186.38,117193.94,117164.52,117167.70,360,63,0
2026.03.05 12:48:00,117175.58,117186.35,117175.58,117186.35,360,63,0
2026.03.05 12:42:00,117164.78,117175.55,117164.78,117175.55,360,63,0
2026.03.05 12:36:00,117153.98,117164.75,117153.98,117164.75,360,63,0
2026.03.05 12:30:00,117143.18,117153.95,117143.18,117153.95,360,63,0
2026.03.05 12:24:00,117216.37,117217.75,117140.54,117143.15,360,63,0
2026.03.05 12:18:00,117205.57,117216.34,117205.57,117216.34,360,63,0
2026.03.05 12:12:00,117194.77,117205.54,117194.77,117205.54,360,63,0
2026.03.05 12:06:00,117183.97,117194.74,117183.97,117194.74,360,63,0
2026.03.05 12:00:00,117173.17,117183.94,117173.17,117183.94,360,63,0
2026.03.05 11:54:00,117196.36,117200.11,117169.60,117173.14,360,63,0
2026.03.05 11:48:00,117206.35,117214.84,117194.08,117196.33,360,63,0
2026.03.05 11:42:00,117195.55,117206.32,117195.55,117206.32,360,63,0
2026.03.05 11:36:00,117209.40,117209.70,117185.08,117195.52,360,63,0
2026.03.05 11:30:00,117230.28,117240.54,117208.89,117209.37,360,63,0
2026.03.05 11:24:00,117257.99,117265.01,117229.29,117230.25,360,63,0
2026.03.05 11:18:00,117281.70,117283.68,117249.20,117257.96,360,63,0
2026.03.05 11:12:00,117329.22,117336.09,117280.23,117281.67,360,63,0
2026.03.05 11:06:00,117345.17,117355.10,117328.38,117329.19,360,63,0
2026.03.05 11:00:00,117334.37,117345.14,117334.37,117345.14,360,63,0
2026.03.05 10:54:00,117323.57,117334.34,117323.57,117334.34,360,63,0
2026.03.05 10:48:00,117312.77,117323.54,117312.77,117323.54,360,63,0
2026.03.05 10:42:00,117301.97,117312.74,117301.97,117312.74,360,63,0
2026.03.05 10:36:00,117291.17,117301.94,117291.17,117301.94,360,63,0
2026.03.05 10:30:00,117305.40,117308.07,117283.07,117291.14,360,63,0
2026.03.05 10:24:00,117318.78,117327.24,117303.09,117305.37,360,63,0
2026.03.05 10:18:00,117307.98,117318.75,117307.98,117318.75,360,63,0
2026.03.05 10:12:00,117297.18,117307.95,117297.18,117307.95,360,63,0
2026.03.05 10:06:00,117286.38,117297.15,117286.38,117297.15,360,63,0
2026.03.05 10:00:00,117275.58,117286.35,117275.58,117286.35,360,63,0
2026.03.05 09:54:00,117264.78,117275.55,117264.78,117275.55,360,63,0
2026.03.05 09:48:00,117301.08,117305.58,117258.48,117264.75,361,63,0
2026.03.05 09:42:00,117310.17,117314.07,117294.21,117301.05,360,63,0
2026.03.05 09:36:00,117299.37,117310.14,117299.37,117310.14,360,63,0
2026.03.05 09:30:00,117288.57,117299.34,117288.57,117299.34,360,63,0
2026.03.05 09:24:00,117316.03,117318.70,117280.47,117288.54,360,63,0
2026.03.05 09:18:00,117362.94,117371.52,117314.80,117316.00,360,63,0
2026.03.05 09:12:00,117372.78,117373.71,117353.10,117362.91,360,63,0
2026.03.05 09:06:00,117361.98,117372.75,117361.98,117372.75,360,63,0
2026.03.05 09:00:00,117351.18,117361.95,117351.18,117361.95,360,63,0
2026.03.05 08:54:00,117340.38,117351.15,117340.38,117351.15,360,63,0
2026.03.05 08:48:00,117329.58,117340.35,117329.58,117340.35,360,63,0
2026.03.05 08:42:00,117318.78,117329.55,117318.78,117329.55,360,63,0
2026.03.05 08:36:00,117307.98,117318.75,117307.98,117318.75,360,63,0
2026.03.05 08:30:00,117321.20,117327.56,117303.57,117307.95,360,63,0
2026.03.05 08:24:00,117310.40,117321.17,117310.40,117321.17,360,63,0
2026.03.05 08:18:00,117299.60,117310.37,117299.60,117310.37,360,63,0
2026.03.05 08:12:00,117313.91,117321.32,117296.24,117299.57,360,63,0
2026.03.05 08:06:00,117337.54,117338.32,117303.92,117313.88,360,63,0
2026.03.05 08:00:00,117326.74,117337.51,117326.74,117337.51,360,63,0
2026.03.05 07:54:00,117315.94,117326.71,117315.94,117326.71,360,63,0
2026.03.05 07:48:00,117305.14,117315.91,117305.14,117315.91,360,63,0
2026.03.05 07:42:00,117294.34,117305.11,117294.34,117305.11,360,63,0
2026.03.05 07:36:00,117311.38,117319.99,117292.18,117294.31,360,63,0
2026.03.05 07:30:00,117300.58,117311.35,117300.58,117311.35,360,63,0
2026.03.05 07:24:00,117289.78,117300.55,117289.78,117300.55,360,63,0
2026.03.05 07:18:00,117278.98,117289.75,117278.98,117289.75,360,63,0
2026.03.05 07:12:00,117280.69,117284.05,117271.57,117278.95,360,63,0
2026.03.05 07:06:00,117269.89,117280.66,117269.89,117280.66,360,63,0
2026.03.05 07:00:00,117284.18,117292.82,117267.76,117269.86,360,63,0
2026.03.05 06:54:00,117273.38,117284.15,117273.38,117284.15,360,63,0
2026.03.05 06:48:00,117317.00,117324.02,117271.94,117273.35,360,63,0
2026.03.05 06:42:00,117326.88,117328.08,117307.43,117316.97,360,63,0
2026.03.05 06:36:00,117337.84,117341.77,117320.04,117326.85,360,63,0
2026.03.05 06:30:00,117351.57,117360.33,117335.83,117337.81,360,63,0
2026.03.05 06:24:00,117340.77,117351.54,117340.77,117351.54,360,63,0
2026.03.05 06:18:00,117365.57,117371.78,117336.21,117340.74,360,63,0
2026.03.05 06:12:00,117389.78,117397.37,117362.39,117365.54,360,63,0
2026.03.05 06:06:00,117411.58,117419.41,117386.84,117389.75,360,63,0
2026.03.05 06:00:00,117449.97,117450.30,117401.89,117411.55,360,63,0
2026.03.05 05:54:00,117439.17,117449.94,117439.17,117449.94,360,63,0
2026.03.05 05:48:00,117428.37,117439.14,117428.37,117439.14,360,63,0
2026.03.05 05:42:00,117417.57,117428.34,117417.57,117428.34,360,63,0
2026.03.05 05:36:00,117406.77,117417.54,117406.77,117417.54,360,63,0
2026.03.05 05:30:00,117395.97,117406.74,117395.97,117406.74,360,63,0
2026.03.05 05:24:00,117385.17,117395.94,117385.17,117395.94,360,63,0
2026.03.05 05:18:00,117374.37,117385.14,117374.37,117385.14,360,63,0
2026.03.05 05:12:00,117363.57,117374.34,117363.57,117374.34,360,63,0
2026.03.05 05:06:00,117369.04,117373.36,117357.12,117363.54,360,63,0
2026.03.05 05:00:00,117382.91,117391.82,117367.18,117369.01,360,63,0
2026.03.05 04:54:00,117372.11,117382.88,117372.11,117382.88,360,63,0
2026.03.05 04:48:00,117361.31,117372.08,117361.31,117372.08,360,63,0
2026.03.05 04:42:00,117350.51,117361.28,117350.51,117361.28,360,63,0
2026.03.05 04:36:00,117339.71,117350.48,117339.71,117350.48,360,63,0
2026.03.05 04:30:00,117328.91,117339.68,117328.91,117339.68,360,63,0
2026.03.05 04:24:00,117318.11,117328.88,117318.11,117328.88,360,63,0
2026.03.05 04:18:00,117307.31,117318.08,117307.31,117318.08,360,63,0
2026.03.05 04:12:00,117327.77,117335.60,117304.37,117307.28,360,63,0
2026.03.05 04:06:00,117349.77,117354.15,117321.38,117327.74,360,63,0
2026.03.05 04:00:00,117361.52,117364.43,117341.91,117349.74,360,63,0
2026.03.05 03:54:00,117350.72,117361.49,117350.72,117361.49,360,63,0
2026.03.05 03:48:00,117354.87,117362.58,117347.66,117350.69,360,63,0
2026.03.05 03:42:00,117344.07,117354.84,117344.07,117354.84,360,63,0
2026.03.05 03:36:00,117350.50,117352.60,117335.40,117344.04,360,63,0
2026.03.05 03:30:00,117339.70,117350.47,117339.70,117350.47,360,63,0
2026.03.05 03:24:00,117328.90,117339.67,117328.90,117339.67,360,63,0
2026.03.05 03:18:00,117318.10,117328.87,117318.10,117328.87,360,63,0
2026.03.05 03:12:00,117307.30,117318.07,117307.30,117318.07,360,63,0
2026.03.05 03:06:00,117296.50,117307.27,117296.50,117307.27,360,63,0
2026.03.05 03:00:00,117309.41,117317.84,117294.16,117296.47,360,63,0
2026.03.05 02:54:00,117310.97,117311.93,117299.60,117309.38,360,63,0
2026.03.05 02:48:00,117300.17,117310.94,117300.17,117310.94,360,63,0
2026.03.05 02:42:00,117289.37,117300.14,117289.37,117300.14,360,63,0
2026.03.05 02:36:00,117278.57,117289.34,117278.57,117289.34,360,63,0
2026.03.05 02:30:00,117267.77,117278.54,117267.77,117278.54,360,63,0
2026.03.05 02:24:00,117256.97,117267.74,117256.97,117267.74,360,63,0
2026.03.05 02:18:00,117246.17,117256.94,117246.17,117256.94,360,63,0
2026.03.05 02:12:00,117254.01,117261.54,117242.93,117246.14,360,63,0
2026.03.05 02:06:00,117296.58,117305.01,117252.63,117253.98,360,63,0
2026.03.05 02:00:00,117324.38,117331.88,117293.31,117296.55,360,63,0
2026.03.05 01:54:00,117313.58,117324.35,117313.58,117324.35,360,63,0
2026.03.05 01:48:00,117302.78,117313.55,117302.78,117313.55,360,63,0
2026.03.05 01:42:00,117291.98,117302.75,117291.98,117302.75,360,63,0
2026.03.05 01:36:00,117281.18,117291.95,117281.18,117291.95,360,63,0
2026.03.05 01:30:00,117288.47,117298.82,117280.76,117281.15,360,63,0
2026.03.05 01:24:00,117277.67,117288.44,117277.67,117288.44,360,63,0
2026.03.05 01:18:00,117294.11,117303.35,117276.14,117277.64,360,63,0
2026.03.05 01:12:00,117309.37,117315.67,117289.64,117294.08,360,63,0
2026.03.05 01:06:00,117323.06,117333.38,117308.92,117309.34,360,63,0
2026.03.05 01:00:00,117362.03,117363.59,117319.64,117323.03,360,63,0
2026.03.05 00:54:00,117351.23,117362.00,117351.23,117362.00,360,63,0
2026.03.05 00:48:00,117355.87,117365.08,117349.67,117351.20,360,63,0
2026.03.05 00:42:00,117368.16,117370.89,117347.80,117355.84,361,63,0
2026.03.05 00:36:00,117392.24,117395.06,117366.75,117368.13,360,63,0
2026.03.05 00:30:00,117381.44,117392.21,117381.44,117392.21,360,63,0
2026.03.05 00:24:00,117370.64,117381.41,117370.64,117381.41,360,63,0
2026.03.05 00:18:00,117411.59,117416.06,117364.67,117370.61,360,63,0
2026.03.05 00:12:00,117400.79,117411.56,117400.79,117411.56,360,63,0
2026.03.05 00:06:00,117404.69,117405.47,117390.80,117400.76,360,63,0
2026.03.05 00:00:00,117415.07,117423.89,117402.74,117404.66,360,63,0
2026.03.04 23:54:00,117404.27,117415.04,117404.27,117415.04,360,63,0
2026.03.04 23:48:00,117393.47,117404.24,117393.47,117404.24,360,63,0
2026.03.04 23:42:00,117382.67,117393.44,117382.67,117393.44,360,63,0
2026.03.04 23:36:00,117371.87,117382.64,117371.87,117382.64,360,63,0
2026.03.04 23:30:00,117361.07,117371.84,117361.07,117371.84,360,63,0
2026.03.04 23:24:00,117399.01,117399.91,117354.89,117361.04,360,63,0
2026.03.04 23:18:00,117406.97,117408.02,117389.29,117398.98,360,63,0
2026.03.04 23:12:00,117396.17,117406.94,117396.17,117406.94,360,63,0
2026.03.04 23:06:00,117385.37,117396.14,117385.37,117396.14,360,63,0
2026.03.04 23:00:00,117404.36,117411.32,117381.56,117385.34,360,63,0
2026.03.04 22:54:00,117432.46,117437.38,117398.51,117404.33,360,63,0
2026.03.04 22:48:00,117421.66,117432.43,117421.66,117432.43,360,63,0
2026.03.04 22:42:00,117410.86,117421.63,117410.86,117421.63,360,63,0
2026.03.04 22:36:00,117400.06,117410.83,117400.06,117410.83,360,63,0
2026.03.04 22:30:00,117389.26,117400.03,117389.26,117400.03,360,63,0
2026.03.04 22:24:00,117378.46,117389.23,117378.46,117389.23,360,63,0
2026.03.04 22:18:00,117367.66,117378.43,117367.66,117378.43,360,63,0
2026.03.04 22:12:00,117370.30,117377.44,117364.03,117367.63,360,63,0
2026.03.04 22:06:00,117359.50,117370.27,117359.50,117370.27,360,63,0
2026.03.04 22:00:00,117387.63,117393.03,117355.96,117359.47,360,63,0
2026.03.04 21:54:00,117376.83,117387.60,117376.83,117387.60,360,63,0
2026.03.04 21:48:00,117379.16,117387.53,117374.43,117376.80,360,63,0
2026.03.04 21:42:00,117368.36,117379.13,117368.36,117379.13,360,63,0
2026.03.04 21:36:00,117357.56,117368.33,117357.56,117368.33,360,63,0
2026.03.04 21:30:00,117346.76,117357.53,117346.76,117357.53,360,63,0
2026.03.04 21:24:00,117354.85,117357.52,117338.66,117346.73,360,63,0
2026.03.04 21:18:00,117414.70,117416.83,117352.24,117354.82,360,63,0
2026.03.04 21:12:00,117403.90,117414.67,117403.90,117414.67,360,63,0
2026.03.04 21:06:00,117408.36,117417.33,117402.10,117403.87,360,63,0
2026.03.04 21:00:00,117444.43,117449.44,117405.21,117408.33,360,63,0
2026.03.04 20:54:00,117496.86,117505.20,117442.54,117444.40,360,63,0
2026.03.04 20:48:00,117486.06,117496.83,117486.06,117496.83,360,63,0
2026.03.04 20:42:00,117495.95,117499.43,117478.77,117486.03,360,63,0
2026.03.04 20:36:00,117507.91,117516.22,117493.49,117495.92,360,63,0
2026.03.04 20:30:00,117523.38,117524.70,117498.46,117507.88,360,63,0
2026.03.04 20:24:00,117512.58,117523.35,117512.58,117523.35,360,63,0
2026.03.04 20:18:00,117501.78,117512.55,117501.78,117512.55,360,63,0
2026.03.04 20:12:00,117490.98,117501.75,117490.98,117501.75,360,63,0
2026.03.04 20:06:00,117480.18,117490.95,117480.18,117490.95,360,63,0
2026.03.04 20:00:00,117469.38,117480.15,117469.38,117480.15,360,63,0
2026.03.04 19:54:00,117458.58,117469.35,117458.58,117469.35,360,63,0
2026.03.04 19:48:00,117447.78,117458.55,117447.78,117458.55,360,63,0
2026.03.04 19:42:00,117436.98,117447.75,117436.98,117447.75,360,63,0
2026.03.04 19:36:00,117426.18,117436.95,117426.18,117436.95,360,63,0
2026.03.04 19:30:00,117415.38,117426.15,117415.38,117426.15,360,63,0
2026.03.04 19:24:00,117452.27,117455.09,117415.17,117415.35,360,63,0
2026.03.04 19:18:00,117457.93,117458.71,117442.28,117452.24,360,63,0
2026.03.04 19:12:00,117466.04,117471.23,117452.35,117457.90,360,63,0
2026.03.04 19:06:00,117455.24,117466.01,117455.24,117466.01,360,63,0
2026.03.04 19:00:00,117444.44,117455.21,117444.44,117455.21,360,63,0
2026.03.04 18:54:00,117484.80,117489.36,117440.33,117444.41,360,63,0
2026.03.04 18:48:00,117474.00,117484.77,117474.00,117484.77,360,63,0
2026.03.04 18:42:00,117463.20,117473.97,117463.20,117473.97,360,63,0
2026.03.04 18:36:00,117452.40,117463.17,117452.40,117463.17,360,63,0
2026.03.04 18:30:00,117441.60,117452.37,117441.60,117452.37,360,63,0
2026.03.04 18:24:00,117450.18,117458.01,117438.66,117441.57,360,63,0
2026.03.04 18:18:00,117454.02,117457.38,117442.77,117450.15,360,63,0
2026.03.04 18:12:00,117443.22,117453.99,117443.22,117453.99,360,63,0
2026.03.04 18:06:00,117485.51,117486.32,117435.69,117443.19,360,63,0
2026.03.04 18:00:00,117497.73,117501.99,117479.00,117485.48,360,63,0
2026.03.04 17:54:00,117486.93,117497.70,117486.93,117497.70,360,63,0
2026.03.04 17:48:00,117521.74,117521.86,117483.93,117486.90,360,63,0
2026.03.04 17:42:00,117536.13,117536.28,117511.12,117521.71,360,63,0
2026.03.04 17:36:00,117525.33,117536.10,117525.33,117536.10,360,63,0
2026.03.04 17:30:00,117514.53,117525.30,117514.53,117525.30,360,63,0
2026.03.04 17:24:00,117533.63,117539.90,117510.03,117514.50,360,63,0
2026.03.04 17:18:00,117522.83,117533.60,117522.83,117533.60,360,63,0
2026.03.04 17:12:00,117545.49,117547.92,117514.49,117522.80,360,63,0
2026.03.04 17:06:00,117534.69,117545.46,117534.69,117545.46,360,63,0
2026.03.04 17:00:00,117546.02,117551.48,117529.38,117534.66,360,63,0
2026.03.04 16:54:00,117549.90,117560.19,117545.54,117545.99,360,63,0
2026.03.04 16:48:00,117562.24,117570.37,117547.26,117549.87,360,63,0
2026.03.04 16:42:00,117551.44,117562.21,117551.44,117562.21,360,63,0
2026.03.04 16:36:00,117540.64,117551.41,117540.64,117551.41,360,63,0
2026.03.04 16:30:00,117554.43,117558.03,117533.47,117540.61,360,63,0
2026.03.04 16:24:00,117543.63,117554.40,117543.63,117554.40,360,63,0
2026.03.04 16:18:00,117532.83,117543.60,117532.83,117543.60,360,63,0
2026.03.04 16:12:00,117522.03,117532.80,117522.03,117532.80,360,63,0
2026.03.04 16:06:00,117546.37,117550.93,117515.82,117522.00,360,63,0
2026.03.04 16:00:00,117535.57,117546.34,117535.57,117546.34,360,63,0
2026.03.04 15:54:00,117540.34,117548.17,117532.63,117535.54,360,63,0
2026.03.04 15:48:00,117529.54,117540.31,117529.54,117540.31,360,63,0
2026.03.04 15:42:00,117518.74,117529.51,117518.74,117529.51,360,63,0
2026.03.04 15:36:00,117507.94,117518.71,117507.94,117518.71,360,63,0
2026.03.04 15:30:00,117497.14,117507.91,117497.14,117507.91,360,63,0
2026.03.04 15:24:00,117486.34,117497.11,117486.34,117497.11,360,63,0
2026.03.04 15:18:00,117496.04,117499.64,117479.17,117486.31,360,63,0
2026.03.04 15:12:00,117485.24,117496.01,117485.24,117496.01,360,63,0
2026.03.04 15:06:00,117492.32,117498.38,117480.53,117485.21,360,63,0
2026.03.04 15:00:00,117481.52,117492.29,117481.52,117492.29,360,63,0
2026.03.04 14:54:00,117470.72,117481.49,117470.72,117481.49,360,63,0
2026.03.04 14:48:00,117459.92,117470.69,117459.92,117470.69,360,63,0
2026.03.04 14:42:00,117449.12,117459.89,117449.12,117459.89,360,63,0
2026.03.04 14:36:00,117438.32,117449.09,117438.32,117449.09,360,63,0
2026.03.04 14:30:00,117472.84,117477.61,117437.66,117438.29,360,63,0
2026.03.04 14:24:00,117462.04,117472.81,117462.04,117472.81,360,63,0
2026.03.04 14:18:00,117451.24,117462.01,117451.24,117462.01,360,63,0
2026.03.04 14:12:00,117454.82,117454.88,117440.53,117451.21,360,63,0
2026.03.04 14:06:00,117515.15,117522.17,117454.76,117454.79,360,63,0
2026.03.04 14:00:00,117531.39,117531.63,117504.62,117515.12,360,63,0
2026.03.04 13:54:00,117543.82,117544.48,117521.28,117531.36,360,63,0
2026.03.04 13:48:00,117533.02,117543.79,117533.02,117543.79,360,63,0
2026.03.04 13:42:00,117538.04,117543.53,117527.74,117532.99,360,63,0
2026.03.04 13:36:00,117527.24,117538.01,117527.24,117538.01,360,63,0
2026.03.04 13:30:00,117516.44,117527.21,117516.44,117527.21,360,63,0
2026.03.04 13:24:00,117505.64,117516.41,117505.64,117516.41,360,63,0
2026.03.04 13:18:00,117494.84,117505.61,117494.84,117505.61,360,63,0
2026.03.04 13:12:00,117484.04,117494.81,117484.04,117494.81,360,63,0
2026.03.04 13:06:00,117473.24,117484.01,117473.24,117484.01,360,63,0
2026.03.04 13:00:00,117462.44,117473.21,117462.44,117473.21,360,63,0
2026.03.04 12:54:00,117487.73,117492.47,117456.41,117462.41,360,63,0
2026.03.04 12:48:00,117476.93,117487.70,117476.93,117487.70,360,63,0
2026.03.04 12:42:00,117466.13,117476.90,117466.13,117476.90,360,63,0
2026.03.04 12:36:00,117474.61,117475.57,117456.32,117466.10,360,63,0
2026.03.04 12:30:00,117500.31,117509.46,117472.99,117474.58,360,63,0
2026.03.04 12:24:00,117489.51,117500.28,117489.51,117500.28,360,63,0
2026.03.04 12:18:00,117503.93,117511.37,117486.18,117489.48,360,63,0
2026.03.04 12:12:00,117493.13,117503.90,117493.13,117503.90,360,63,0
2026.03.04 12:06:00,117518.07,117519.09,117483.38,117493.10,360,63,0
2026.03.04 12:00:00,117507.27,117518.04,117507.27,117518.04,360,63,0
2026.03.04 11:54:00,117496.47,117507.24,117496.47,117507.24,360,63,0
2026.03.04 11:48:00,117485.67,117496.44,117485.67,117496.44,360,63,0
2026.03.04 11:42:00,117474.87,117485.64,117474.87,117485.64,360,63,0
2026.03.04 11:36:00,117485.59,117490.84,117469.35,117474.84,360,63,0
2026.03.04 11:30:00,117489.80,117489.92,117474.94,117485.56,360,63,0
2026.03.04 11:24:00,117495.67,117503.44,117486.80,117489.77,360,63,0
2026.03.04 11:18:00,117484.87,117495.64,117484.87,117495.64,360,63,0
2026.03.04 11:12:00,117474.07,117484.84,117474.07,117484.84,360,63,0
2026.03.04 11:06:00,117463.27,117474.04,117463.27,117474.04,360,63,0
2026.03.04 11:00:00,117452.47,117463.24,117452.47,117463.24,360,63,0
2026.03.04 10:54:00,117441.67,117452.44,117441.67,117452.44,360,63,0
2026.03.04 10:48:00,117430.87,117441.64,117430.87,117441.64,360,63,0
2026.03.04 10:42:00,117439.19,117442.79,117423.70,117430.84,360,63,0
2026.03.04 10:36:00,117428.39,117439.16,117428.39,117439.16,360,63,0
2026.03.04 10:30:00,117417.59,117428.36,117417.59,117428.36,360,63,0
2026.03.04 10:24:00,117406.79,117417.56,117406.79,117417.56,360,63,0
2026.03.04 10:18:00,117444.13,117449.47,117401.36,117406.76,360,63,0
2026.03.04 10:12:00,117433.33,117444.10,117433.33,117444.10,360,63,0
2026.03.04 10:06:00,117422.53,117433.30,117422.53,117433.30,360,63,0
2026.03.04 10:00:00,117411.73,117422.50,117411.73,117422.50,360,63,0
2026.03.04 09:54:00,117419.77,117430.21,117411.40,117411.70,360,63,0
2026.03.04 09:48:00,117463.59,117469.92,117418.45,117419.74,360,63,0
2026.03.04 09:42:00,117452.79,117463.56,117452.79,117463.56,360,63,0
2026.03.04 09:36:00,117480.92,117486.23,117447.33,117452.76,360,63,0
2026.03.04 09:30:00,117470.12,117480.89,117470.12,117480.89,360,63,0
2026.03.04 09:24:00,117502.06,117503.02,117460.31,117470.09,360,63,0
2026.03.04 09:18:00,117491.26,117502.03,117491.26,117502.03,360,63,0
2026.03.04 09:12:00,117480.46,117491.23,117480.46,117491.23,360,63,0
2026.03.04 09:06:00,117469.66,117480.43,117469.66,117480.43,360,63,0
2026.03.04 09:00:00,117458.86,117469.63,117458.86,117469.63,360,63,0
2026.03.04 08:54:00,117448.06,117458.83,117448.06,117458.83,360,63,0
2026.03.04 08:48:00,117437.26,117448.03,117437.26,117448.03,360,63,0
2026.03.04 08:42:00,117426.46,117437.23,117426.46,117437.23,360,63,0
2026.03.04 08:36:00,117415.66,117426.43,117415.66,117426.43,360,63,0
2026.03.04 08:30:00,117404.86,117415.63,117404.86,117415.63,360,63,0
2026.03.04 08:24:00,117394.06,117404.83,117394.06,117404.83,360,63,0
2026.03.04 08:18:00,117397.09,117407.56,117393.76,117394.03,360,63,0
2026.03.04 08:12:00,117386.29,117397.06,117386.29,117397.06,360,63,0
2026.03.04 08:06:00,117375.49,117386.26,117375.49,117386.26,360,63,0
2026.03.04 08:00:00,117381.59,117382.49,117365.62,117375.46,360,63,0
2026.03.04 07:54:00,117370.79,117381.56,117370.79,117381.56,360,63,0
2026.03.04 07:48:00,117359.99,117370.76,117359.99,117370.76,360,63,0
2026.03.04 07:42:00,117349.19,117359.96,117349.19,117359.96,360,63,0
2026.03.04 07:36:00,117338.39,117349.16,117338.39,117349.16,360,63,0
2026.03.04 07:30:00,117349.11,117352.86,117331.37,117338.36,360,63,0
2026.03.04 07:24:00,117338.31,117349.08,117338.31,117349.08,360,63,0
2026.03.04 07:18:00,117327.51,117338.28,117327.51,117338.28,360,63,0
2026.03.04 07:12:00,117342.71,117344.24,117318.27,117327.48,360,63,0
2026.03.04 07:06:00,117331.91,117342.68,117331.91,117342.68,360,63,0
2026.03.04 07:00:00,117321.11,117331.88,117321.11,117331.88,360,63,0
2026.03.04 06:54:00,117380.12,117380.48,117318.02,117321.08,360,63,0
2026.03.04 06:48:00,117369.32,117380.09,117369.32,117380.09,360,63,0
2026.03.04 06:42:00,117403.62,117413.88,117368.81,117369.29,360,63,0
2026.03.04 06:36:00,117392.82,117403.59,117392.82,117403.59,360,63,0
2026.03.04 06:30:00,117382.02,117392.79,117382.02,117392.79,360,63,0
2026.03.04 06:24:00,117394.28,117399.14,117376.11,117381.99,360,63,0
2026.03.04 06:18:00,117410.76,117412.74,117385.49,117394.25,360,63,0
2026.03.04 06:12:00,117431.27,117441.14,117409.86,117410.73,360,63,0
2026.03.04 06:06:00,117420.47,117431.24,117420.47,117431.24,360,63,0
2026.03.04 06:00:00,117442.19,117446.15,117413.66,117420.44,360,63,0
2026.03.04 05:54:00,117470.16,117477.33,117438.59,117442.16,360,63,0
2026.03.04 05:48:00,117459.36,117470.13,117459.36,117470.13,360,63,0
2026.03.04 05:42:00,117448.56,117459.33,117448.56,117459.33,360,63,0
2026.03.04 05:36:00,117437.76,117448.53,117437.76,117448.53,360,63,0
2026.03.04 05:30:00,117426.96,117437.73,117426.96,117437.73,360,63,0
2026.03.04 05:24:00,117440.27,117440.96,117416.88,117426.93,360,63,0
2026.03.04 05:18:00,117463.43,117471.68,117437.75,117440.24,360,63,0
2026.03.04 05:12:00,117452.63,117463.40,117452.63,117463.40,360,63,0
2026.03.04 05:06:00,117441.83,117452.60,117441.83,117452.60,360,63,0
2026.03.04 05:00:00,117431.03,117441.80,117431.03,117441.80,360,63,0
2026.03.04 04:54:00,117444.98,117445.13,117420.59,117431.00,354,63,0
2026.03.04 04:48:00,117485.74,117492.61,117442.73,117444.95,360,63,0
2026.03.04 04:42:00,117474.94,117485.71,117474.94,117485.71,360,63,0
2026.03.04 04:36:00,117464.14,117474.91,117464.14,117474.91,360,63,0
2026.03.04 04:30:00,117453.34,117464.11,117453.34,117464.11,360,63,0
2026.03.04 04:24:00,117442.54,117453.31,117442.54,117453.31,360,63,0
2026.03.04 04:18:00,117444.90,117447.03,117433.90,117442.51,360,63,0
2026.03.04 04:12:00,117434.10,117444.87,117434.10,117444.87,360,63,0
2026.03.04 04:06:00,117456.79,117459.22,117432.93,117434.07,360,63,0
2026.03.04 04:00:00,117470.22,117477.12,117452.92,117456.76,360,63,0
2026.03.04 03:54:00,117459.42,117470.19,117459.42,117470.19,360,63,0
2026.03.04 03:48:00,117448.62,117459.39,117448.62,117459.39,360,63,0
2026.03.04 03:42:00,117437.82,117448.59,117437.82,117448.59,360,63,0
2026.03.04 03:36:00,117470.65,117478.93,117435.33,117437.79,360,63,0
2026.03.04 03:30:00,117459.85,117470.62,117459.85,117470.62,360,63,0
2026.03.04 03:24:00,117449.05,117459.82,117449.05,117459.82,360,63,0
2026.03.04 03:18:00,117438.25,117449.02,117438.25,117449.02,360,63,0
2026.03.04 03:12:00,117427.45,117438.22,117427.45,117438.22,360,63,0
2026.03.04 03:06:00,117416.65,117427.42,117416.65,117427.42,360,63,0
2026.03.04 03:00:00,117405.85,117416.62,117405.85,117416.62,360,63,0
2026.03.04 02:54:00,117416.98,117417.46,117395.56,117405.82,360,63,0
2026.03.04 02:48:00,117434.51,117434.69,117406.39,117416.95,360,63,0
2026.03.04 02:42:00,117440.93,117449.63,117432.44,117434.48,360,63,0
2026.03.04 02:36:00,117430.13,117440.90,117430.13,117440.90,360,63,0
2026.03.04 02:30:00,117419.33,117430.10,117419.33,117430.10,360,63,0
2026.03.04 02:24:00,117408.53,117419.30,117408.53,117419.30,360,63,0
2026.03.04 02:18:00,117397.73,117408.50,117397.73,117408.50,360,63,0
2026.03.04 02:12:00,117386.93,117397.70,117386.93,117397.70,360,63,0
2026.03.04 02:06:00,117391.02,117396.03,117381.17,117386.90,360,63,0
2026.03.04 02:00:00,117399.60,117408.99,117389.64,117390.99,360,63,0
2026.03.04 01:54:00,117388.80,117399.57,117388.80,117399.57,360,63,0
2026.03.04 01:48:00,117378.00,117388.77,117378.00,117388.77,360,63,0
2026.03.04 01:42:00,117367.20,117377.97,117367.20,117377.97,360,63,0
2026.03.04 01:36:00,117356.40,117367.17,117356.40,117367.17,360,63,0
2026.03.04 01:30:00,117345.60,117356.37,117345.60,117356.37,360,63,0
2026.03.04 01:24:00,117349.63,117358.69,117343.89,117345.57,360,63,0
2026.03.04 01:18:00,117338.83,117349.60,117338.83,117349.60,360,63,0
2026.03.04 01:12:00,117328.03,117338.80,117328.03,117338.80,360,63,0
2026.03.04 01:06:00,117317.23,117328.00,117317.23,117328.00,360,63,0
2026.03.04 01:00:00,117306.43,117317.20,117306.43,117317.20,360,63,0
2026.03.04 00:54:00,117295.63,117306.40,117295.63,117306.40,360,63,0
2026.03.04 00:48:00,117284.83,117295.60,117284.83,117295.60,360,63,0
2026.03.04 00:42:00,117274.03,117284.80,117274.03,117284.80,360,63,0
2026.03.04 00:36:00,117263.23,117274.00,117263.23,117274.00,360,63,0
2026.03.04 00:30:00,117252.43,117263.20,117252.43,117263.20,360,63,0
2026.03.04 00:24:00,117241.63,117252.40,117241.63,117252.40,360,63,0
2026.03.04 00:18:00,117230.83,117241.60,117230.83,117241.60,360,63,0
2026.03.04 00:12:00,117220.03,117230.80,117220.03,117230.80,360,63,0
2026.03.04 00:06:00,117209.23,117220.00,117209.23,117220.00,360,63,0
2026.03.04 00:00:00,117198.43,117209.20,117198.43,117209.20,360,63,0
2026.03.03 23:54:00,117203.82,117205.35,117189.19,117198.40,360,63,0
2026.03.03 23:48:00,117223.04,117231.35,117201.36,117203.79,360,63,0
2026.03.03 23:42:00,117226.87,117229.15,117214.55,117223.01,360,63,0
2026.03.03 23:36:00,117216.07,117226.84,117216.07,117226.84,360,63,0
2026.03.03 23:30:00,117205.27,117216.04,117205.27,117216.04,360,63,0
2026.03.03 23:24:00,117226.84,117230.23,117205.06,117205.24,360,63,0
2026.03.03 23:18:00,117216.04,117226.81,117216.04,117226.81,360,63,0
2026.03.03 23:12:00,117205.24,117216.01,117205.24,117216.01,360,63,0
2026.03.03 23:06:00,117219.23,117228.71,117203.95,117205.21,360,63,0
2026.03.03 23:00:00,117208.40,117219.20,117208.40,117219.20,361,63,0
2026.03.03 22:54:00,117218.52,117220.83,117199.94,117208.37,360,63,0
2026.03.03 22:48:00,117207.72,117218.49,117207.72,117218.49,360,63,0
2026.03.03 22:42:00,117196.92,117207.69,117196.92,117207.69,360,63,0
2026.03.03 22:36:00,117186.12,117196.89,117186.12,117196.89,360,63,0
2026.03.03 22:30:00,117226.29,117226.71,117183.15,117186.09,360,63,0
2026.03.03 22:24:00,117215.49,117226.26,117215.49,117226.26,360,63,0
2026.03.03 22:18:00,117204.69,117215.46,117204.69,117215.46,360,63,0
2026.03.03 22:12:00,117263.89,117268.66,117199.65,117204.66,360,63,0
2026.03.03 22:06:00,117353.40,117353.52,117257.92,117263.86,360,63,0
2026.03.03 22:00:00,117377.50,117384.70,117349.83,117353.37,360,63,0
2026.03.03 21:54:00,117366.70,117377.47,117366.70,117377.47,360,63,0
2026.03.03 21:48:00,117355.90,117366.67,117355.90,117366.67,360,63,0
2026.03.03 21:42:00,117345.10,117355.87,117345.10,117355.87,360,63,0
2026.03.03 21:36:00,117354.67,117358.54,117338.20,117345.07,360,63,0
2026.03.03 21:30:00,117410.00,117417.29,117351.49,117354.64,360,63,0
2026.03.03 21:24:00,117399.20,117409.97,117399.20,117409.97,360,63,0
2026.03.03 21:18:00,117388.40,117399.17,117388.40,117399.17,360,63,0
2026.03.03 21:12:00,117377.60,117388.37,117377.60,117388.37,360,63,0
2026.03.03 21:06:00,117419.75,117425.69,117373.13,117377.57,360,63,0
2026.03.03 21:00:00,117422.96,117429.11,117415.13,117419.72,360,63,0
2026.03.03 20:54:00,117432.99,117433.17,117412.37,117422.93,360,63,0
2026.03.03 20:48:00,117422.19,117432.96,117422.19,117432.96,360,63,0
2026.03.03 20:42:00,117411.39,117422.16,117411.39,117422.16,360,63,0
2026.03.03 20:36:00,117400.59,117411.36,117400.59,117411.36,360,63,0
2026.03.03 20:30:00,117405.77,117415.97,117400.02,117400.56,360,63,0
2026.03.03 20:24:00,117394.97,117405.74,117394.97,117405.74,360,63,0
2026.03.03 20:18:00,117384.17,117394.94,117384.17,117394.94,360,63,0
2026.03.03 20:12:00,117373.37,117384.14,117373.37,117384.14,360,63,0
2026.03.03 20:06:00,117362.57,117373.34,117362.57,117373.34,360,63,0
2026.03.03 20:00:00,117351.77,117362.54,117351.77,117362.54,360,63,0
2026.03.03 19:54:00,117380.59,117387.88,117348.29,117351.74,360,63,0
2026.03.03 19:48:00,117369.79,117380.56,117369.79,117380.56,360,63,0
2026.03.03 19:42:00,117358.99,117369.76,117358.99,117369.76,360,63,0
2026.03.03 19:36:00,117365.42,117374.63,117357.43,117358.96,360,63,0
2026.03.03 19:30:00,117354.62,117365.39,117354.62,117365.39,360,63,0
2026.03.03 19:24:00,117369.09,117371.67,117346.43,117354.59,360,63,0
2026.03.03 19:18:00,117358.29,117369.06,117358.29,117369.06,360,63,0
2026.03.03 19:12:00,117347.49,117358.26,117347.49,117358.26,360,63,0
2026.03.03 19:06:00,117359.93,117365.06,117341.85,117347.46,360,63,0
2026.03.03 19:00:00,117349.13,117359.90,117349.13,117359.90,360,63,0
2026.03.03 18:54:00,117355.67,117365.09,117347.78,117349.10,360,63,0
2026.03.03 18:48:00,117356.97,117364.41,117352.34,117355.64,360,63,0
2026.03.03 18:42:00,117391.51,117393.58,117349.32,117356.94,360,63,0
2026.03.03 18:36:00,117380.71,117391.48,117380.71,117391.48,360,63,0
2026.03.03 18:30:00,117369.91,117380.68,117369.91,117380.68,360,63,0
2026.03.03 18:24:00,117413.49,117419.16,117369.37,117369.88,360,63,0
2026.03.03 18:18:00,117402.69,117413.46,117402.69,117413.46,360,63,0
2026.03.03 18:12:00,117391.89,117402.66,117391.89,117402.66,360,63,0
2026.03.03 18:06:00,117460.92,117461.01,117389.94,117391.86,360,63,0
2026.03.03 18:00:00,117450.12,117460.89,117450.12,117460.89,360,63,0
2026.03.03 17:54:00,117439.32,117450.09,117439.32,117450.09,360,63,0
2026.03.03 17:48:00,117428.52,117439.29,117428.52,117439.29,360,63,0
2026.03.03 17:42:00,117417.72,117428.49,117417.72,117428.49,360,63,0
2026.03.03 17:36:00,117406.92,117417.69,117406.92,117417.69,360,63,0
2026.03.03 17:30:00,117396.12,117406.89,117396.12,117406.89,360,63,0
2026.03.03 17:24:00,117385.32,117396.09,117385.32,117396.09,360,63,0
2026.03.03 17:18:00,117374.52,117385.29,117374.52,117385.29,360,63,0
2026.03.03 17:12:00,117363.72,117374.49,117363.72,117374.49,360,63,0
2026.03.03 17:06:00,117352.92,117363.69,117352.92,117363.69,360,63,0
2026.03.03 17:00:00,117342.12,117352.89,117342.12,117352.89,360,63,0
2026.03.03 16:54:00,117347.41,117349.60,117333.54,117342.09,360,63,0
2026.03.03 16:48:00,117373.58,117378.26,117341.32,117347.38,360,63,0
2026.03.03 16:42:00,117362.78,117373.55,117362.78,117373.55,360,63,0
2026.03.03 16:36:00,117365.45,117370.64,117357.20,117362.75,360,63,0
2026.03.03 16:30:00,117382.15,117390.49,117363.02,117365.42,360,63,0
2026.03.03 16:24:00,117371.35,117382.12,117371.35,117382.12,360,63,0
2026.03.03 16:18:00,117360.55,117371.32,117360.55,117371.32,360,63,0
2026.03.03 16:12:00,117363.63,117371.46,117357.61,117360.52,360,63,0
2026.03.03 16:06:00,117428.54,117429.20,117362.16,117363.60,360,63,0
2026.03.03 16:00:00,117443.68,117448.78,117422.87,117428.51,360,63,0
2026.03.03 15:54:00,117432.88,117443.65,117432.88,117443.65,360,63,0
2026.03.03 15:48:00,117422.08,117432.85,117422.08,117432.85,360,63,0
2026.03.03 15:42:00,117411.28,117422.05,117411.28,117422.05,360,63,0
2026.03.03 15:36:00,117400.48,117411.25,117400.48,117411.25,360,63,0
2026.03.03 15:30:00,117411.33,117418.35,117396.73,117400.45,360,63,0
2026.03.03 15:24:00,117400.53,117411.30,117400.53,117411.30,360,63,0
2026.03.03 15:18:00,117389.73,117400.50,117389.73,117400.50,360,63,0
2026.03.03 15:12:00,117402.61,117411.46,117387.81,117389.70,360,63,0
2026.03.03 15:06:00,117391.81,117402.58,117391.81,117402.58,360,63,0
2026.03.03 15:00:00,117381.01,117391.78,117381.01,117391.78,360,63,0
2026.03.03 14:54:00,117370.21,117380.98,117370.21,117380.98,360,63,0
2026.03.03 14:48:00,117388.91,117389.99,117360.52,117370.18,360,63,0
2026.03.03 14:42:00,117378.11,117388.88,117378.11,117388.88,360,63,0
2026.03.03 14:36:00,117367.31,117378.08,117367.31,117378.08,360,63,0
2026.03.03 14:30:00,117356.51,117367.28,117356.51,117367.28,360,63,0
2026.03.03 14:24:00,117358.49,117361.58,117348.83,117356.48,360,63,0
2026.03.03 14:18:00,117401.22,117407.88,117356.63,117358.46,360,63,0
2026.03.03 14:12:00,117390.42,117401.19,117390.42,117401.19,360,63,0
2026.03.03 14:06:00,117500.44,117501.16,117388.29,117390.39,360,63,0
2026.03.03 14:00:00,117526.18,117535.84,117499.30,117500.41,361,63,0
2026.03.03 13:54:00,117545.20,117553.06,117523.27,117526.15,360,63,0
2026.03.03 13:48:00,117534.40,117545.17,117534.40,117545.17,360,63,0
2026.03.03 13:42:00,117523.60,117534.37,117523.60,117534.37,360,63,0
2026.03.03 13:36:00,117512.80,117523.57,117512.80,117523.57,360,63,0
2026.03.03 13:30:00,117537.51,117540.66,117510.04,117512.77,360,63,0
2026.03.03 13:24:00,117546.22,117552.97,117533.49,117537.48,360,63,0
2026.03.03 13:18:00,117535.42,117546.19,117535.42,117546.19,360,63,0
2026.03.03 13:12:00,117524.62,117535.39,117524.62,117535.39,360,63,0
2026.03.03 13:06:00,117513.82,117524.59,117513.82,117524.59,360,63,0
2026.03.03 13:00:00,117527.79,117532.35,117507.61,117513.79,360,63,0
2026.03.03 12:54:00,117516.99,117527.76,117516.99,117527.76,360,63,0
2026.03.03 12:48:00,117506.19,117516.96,117506.19,117516.96,360,63,0
2026.03.03 12:42:00,117495.39,117506.16,117495.39,117506.16,360,63,0
2026.03.03 12:36:00,117484.59,117495.36,117484.59,117495.36,360,63,0
2026.03.03 12:30:00,117505.51,117506.20,117474.51,117484.56,360,63,0
2026.03.03 12:24:00,117494.71,117505.48,117494.71,117505.48,360,63,0
2026.03.03 12:18:00,117483.91,117494.68,117483.91,117494.68,360,63,0
2026.03.03 12:12:00,117473.11,117483.88,117473.11,117483.88,360,63,0
2026.03.03 12:06:00,117485.70,117486.75,117463.39,117473.08,360,63,0
2026.03.03 12:00:00,117474.90,117485.67,117474.90,117485.67,360,63,0
2026.03.03 11:54:00,117464.10,117474.87,117464.10,117474.87,360,63,0
2026.03.03 11:48:00,117453.30,117464.07,117453.30,117464.07,360,63,0
2026.03.03 11:42:00,117442.50,117453.27,117442.50,117453.27,360,63,0
2026.03.03 11:36:00,117478.84,117483.82,117439.29,117442.47,360,63,0
2026.03.03 11:30:00,117499.78,117501.64,117471.91,117478.81,360,63,0
2026.03.03 11:24:00,117518.00,117520.82,117491.83,117499.75,360,63,0
2026.03.03 11:18:00,117507.20,117517.97,117507.20,117517.97,360,63,0
2026.03.03 11:12:00,117533.31,117538.74,117502.76,117507.17,360,63,0
2026.03.03 11:06:00,117522.51,117533.28,117522.51,117533.28,360,63,0
2026.03.03 11:00:00,117540.88,117544.96,117515.82,117522.48,360,63,0
2026.03.03 10:54:00,117530.08,117540.85,117530.08,117540.85,360,63,0
2026.03.03 10:48:00,117543.67,117544.99,117520.63,117530.05,360,63,0
2026.03.03 10:42:00,117532.87,117543.64,117532.87,117543.64,360,63,0
2026.03.03 10:36:00,117583.42,117586.39,117530.77,117532.84,360,63,0
2026.03.03 10:30:00,117572.62,117583.39,117572.62,117583.39,360,63,0
2026.03.03 10:24:00,117561.82,117572.59,117561.82,117572.59,360,63,0
2026.03.03 10:18:00,117551.02,117561.79,117551.02,117561.79,360,63,0
2026.03.03 10:12:00,117540.22,117550.99,117540.22,117550.99,360,63,0
2026.03.03 10:06:00,117555.50,117556.76,117530.71,117540.19,360,63,0
2026.03.03 10:00:00,117544.70,117555.47,117544.70,117555.47,360,63,0
2026.03.03 09:54:00,117533.90,117544.67,117533.90,117544.67,360,63,0
2026.03.03 09:48:00,117523.10,117533.87,117523.10,117533.87,360,63,0
2026.03.03 09:42:00,117512.30,117523.07,117512.30,117523.07,360,63,0
2026.03.03 09:36:00,117501.50,117512.27,117501.50,117512.27,360,63,0
2026.03.03 09:30:00,117490.70,117501.47,117490.70,117501.47,360,63,0
2026.03.03 09:24:00,117499.34,117509.96,117490.55,117490.67,360,63,0
2026.03.03 09:18:00,117512.73,117519.72,117495.56,117499.31,360,63,0
2026.03.03 09:12:00,117501.93,117512.70,117501.93,117512.70,360,63,0
2026.03.03 09:06:00,117515.97,117517.71,117492.90,117501.90,360,63,0
2026.03.03 09:00:00,117523.49,117525.71,117507.42,117515.94,360,63,0
2026.03.03 08:54:00,117531.42,117532.05,117513.35,117523.46,360,63,0
2026.03.03 08:48:00,117520.62,117531.39,117520.62,117531.39,360,63,0
2026.03.03 08:42:00,117509.82,117520.59,117509.82,117520.59,360,63,0
2026.03.03 08:36:00,117513.83,117515.21,117500.43,117509.79,360,63,0
2026.03.03 08:30:00,117503.03,117513.80,117503.03,117513.80,360,63,0
2026.03.03 08:24:00,117513.74,117521.54,117500.06,117503.00,360,63,0
2026.03.03 08:18:00,117502.94,117513.71,117502.94,117513.71,360,63,0
2026.03.03 08:12:00,117492.14,117502.91,117492.14,117502.91,360,63,0
2026.03.03 08:06:00,117481.34,117492.11,117481.34,117492.11,360,63,0
2026.03.03 08:00:00,117470.54,117481.31,117470.54,117481.31,360,63,0
2026.03.03 07:54:00,117498.81,117505.65,117468.56,117470.51,360,63,0
2026.03.03 07:48:00,117488.01,117498.78,117488.01,117498.78,360,63,0
2026.03.03 07:42:00,117498.68,117502.70,117481.26,117487.98,360,63,0
2026.03.03 07:36:00,117508.62,117512.58,117491.87,117498.65,360,63,0
2026.03.03 07:30:00,117497.82,117508.59,117497.82,117508.59,360,63,0
2026.03.03 07:24:00,117487.02,117497.79,117487.02,117497.79,360,63,0
2026.03.03 07:18:00,117476.22,117486.99,117476.22,117486.99,360,63,0
2026.03.03 07:12:00,117465.42,117476.19,117465.42,117476.19,360,63,0
2026.03.03 07:06:00,117454.62,117465.39,117454.62,117465.39,360,63,0
2026.03.03 07:00:00,117443.82,117454.59,117443.82,117454.59,360,63,0
2026.03.03 06:54:00,117433.02,117443.79,117433.02,117443.79,360,63,0
2026.03.03 06:48:00,117422.22,117432.99,117422.22,117432.99,360,63,0
2026.03.03 06:42:00,117447.69,117450.00,117419.55,117422.19,360,63,0
2026.03.03 06:36:00,117458.31,117460.35,117438.96,117447.66,360,63,0
2026.03.03 06:30:00,117447.51,117458.28,117447.51,117458.28,360,63,0
2026.03.03 06:24:00,117492.61,117493.90,117439.62,117447.48,360,63,0
2026.03.03 06:18:00,117481.81,117492.58,117481.81,117492.58,360,63,0
2026.03.03 06:12:00,117523.49,117524.87,117476.83,117481.78,360,63,0
2026.03.03 06:06:00,117512.69,117523.46,117512.69,117523.46,360,63,0
2026.03.03 06:00:00,117501.89,117512.66,117501.89,117512.66,360,63,0
2026.03.03 05:54:00,117491.09,117501.86,117491.09,117501.86,360,63,0
2026.03.03 05:48:00,117506.68,117516.85,117490.49,117491.06,360,63,0
2026.03.03 05:42:00,117515.18,117516.05,117496.78,117506.65,360,63,0
2026.03.03 05:36:00,117540.68,117544.43,117512.00,117515.15,360,63,0
2026.03.03 05:30:00,117529.88,117540.65,117529.88,117540.65,360,63,0
2026.03.03 05:24:00,117535.91,117536.06,117519.26,117529.85,360,63,0
2026.03.03 05:18:00,117567.99,117574.26,117532.94,117535.88,360,63,0
2026.03.03 05:12:00,117557.19,117567.96,117557.19,117567.96,360,63,0
2026.03.03 05:06:00,117571.43,117579.62,117554.61,117557.16,360,63,0
2026.03.03 05:00:00,117600.09,117608.28,117568.82,117571.40,361,63,0
2026.03.03 04:54:00,117589.29,117600.06,117589.29,117600.06,360,63,0
2026.03.03 04:48:00,117578.49,117589.26,117578.49,117589.26,360,63,0
2026.03.03 04:42:00,117587.20,117590.98,117571.50,117578.46,360,63,0
2026.03.03 04:36:00,117576.40,117587.17,117576.40,117587.17,360,63,0
2026.03.03 04:30:00,117565.60,117576.37,117565.60,117576.37,360,63,0
2026.03.03 04:24:00,117554.80,117565.57,117554.80,117565.57,360,63,0
2026.03.03 04:18:00,117583.74,117589.23,117549.52,117554.77,360,63,0
2026.03.03 04:12:00,117640.71,117641.01,117579.21,117583.71,360,63,0
2026.03.03 04:06:00,117629.91,117640.68,117629.91,117640.68,360,63,0
2026.03.03 04:00:00,117660.31,117665.29,117624.12,117629.88,360,63,0
2026.03.03 03:54:00,117649.51,117660.28,117649.51,117660.28,360,63,0
2026.03.03 03:48:00,117665.67,117667.56,117640.63,117649.48,360,63,0
2026.03.03 03:42:00,117699.98,117702.74,117665.04,117665.64,360,63,0
2026.03.03 03:36:00,117689.18,117699.95,117689.18,117699.95,360,63,0
2026.03.03 03:30:00,117678.38,117689.15,117678.38,117689.15,360,63,0
2026.03.03 03:24:00,117667.58,117678.35,117667.58,117678.35,360,63,0
2026.03.03 03:18:00,117673.01,117678.32,117662.12,117667.55,360,63,0
2026.03.03 03:12:00,117662.21,117672.98,117662.21,117672.98,360,63,0
2026.03.03 03:06:00,117651.41,117662.18,117651.41,117662.18,360,63,0
2026.03.03 03:00:00,117640.61,117651.38,117640.61,117651.38,360,63,0
2026.03.03 02:54:00,117629.81,117640.58,117629.81,117640.58,360,63,0
2026.03.03 02:48:00,117633.80,117639.23,117624.47,117629.78,360,63,0
2026.03.03 02:42:00,117623.00,117633.77,117623.00,117633.77,360,63,0
2026.03.03 02:36:00,117612.20,117622.97,117612.20,117622.97,360,63,0
2026.03.03 02:30:00,117601.40,117612.17,117601.40,117612.17,360,63,0
2026.03.03 02:24:00,117612.63,117613.56,117591.56,117601.37,360,63,0
2026.03.03 02:18:00,117601.83,117612.60,117601.83,117612.60,360,63,0
2026.03.03 02:12:00,117591.03,117601.80,117591.03,117601.80,360,63,0
2026.03.03 02:06:00,117580.23,117591.00,117580.23,117591.00,360,63,0
2026.03.03 02:00:00,117586.33,117593.17,117576.30,117580.20,360,63,0
2026.03.03 01:54:00,117575.53,117586.30,117575.53,117586.30,360,63,0
2026.03.03 01:48:00,117564.73,117575.50,117564.73,117575.50,360,63,0
2026.03.03 01:42:00,117596.93,117598.76,117558.34,117564.70,360,63,0
2026.03.03 01:36:00,117586.13,117596.90,117586.13,117596.90,360,63,0
2026.03.03 01:30:00,117575.33,117586.10,117575.33,117586.10,360,63,0
2026.03.03 01:24:00,117564.53,117575.30,117564.53,117575.30,360,63,0
2026.03.03 01:18:00,117553.73,117564.50,117553.73,117564.50,360,63,0
2026.03.03 01:12:00,117542.93,117553.70,117542.93,117553.70,360,63,0
2026.03.03 01:06:00,117558.61,117561.64,117535.19,117542.90,360,63,0
2026.03.03 01:00:00,117547.81,117558.58,117547.81,117558.58,360,63,0
2026.03.03 00:54:00,117549.25,117555.88,117543.67,117547.78,360,63,0
2026.03.03 00:48:00,117568.28,117574.04,117544.24,117549.22,360,63,0
2026.03.03 00:42:00,117557.48,117568.25,117557.48,117568.25,360,63,0
2026.03.03 00:36:00,117546.68,117557.45,117546.68,117557.45,360,63,0
2026.03.03 00:30:00,117535.88,117546.65,117535.88,117546.65,360,63,0
2026.03.03 00:24:00,117525.08,117535.85,117525.08,117535.85,360,63,0
2026.03.03 00:18:00,117529.91,117535.58,117519.98,117525.05,360,63,0
2026.03.03 00:12:00,117519.11,117529.88,117519.11,117529.88,360,63,0
2026.03.03 00:06:00,117542.78,117550.85,117516.41,117519.08,360,63,0
2026.03.03 00:00:00,117531.98,117542.75,117531.98,117542.75,360,63,0
2026.03.02 23:54:00,117548.81,117550.67,117523.07,117531.95,360,63,0
2026.03.02 23:48:00,117538.01,117548.78,117538.01,117548.78,360,63,0
2026.03.02 23:42:00,117527.21,117537.98,117527.21,117537.98,360,63,0
2026.03.02 23:36:00,117516.41,117527.18,117516.41,117527.18,360,63,0
2026.03.02 23:30:00,117505.61,117516.38,117505.61,117516.38,360,63,0
2026.03.02 23:24:00,117530.12,117535.97,117500.69,117505.58,360,63,0
2026.03.02 23:18:00,117539.18,117546.62,117526.79,117530.09,360,63,0
2026.03.02 23:12:00,117528.38,117539.15,117528.38,117539.15,360,63,0
2026.03.02 23:06:00,117552.87,117557.67,117522.41,117528.35,360,63,0
2026.03.02 23:00:00,117577.10,117580.79,117545.79,117552.84,360,63,0
2026.03.02 22:54:00,117566.30,117577.07,117566.30,117577.07,360,63,0
2026.03.02 22:48:00,117555.50,117566.27,117555.50,117566.27,360,63,0
2026.03.02 22:42:00,117544.70,117555.47,117544.70,117555.47,360,63,0
2026.03.02 22:36:00,117550.84,117554.38,117537.47,117544.67,360,63,0
2026.03.02 22:30:00,117540.04,117550.81,117540.04,117550.81,360,63,0
2026.03.02 22:24:00,117529.24,117540.01,117529.24,117540.01,360,63,0
2026.03.02 22:18:00,117518.44,117529.21,117518.44,117529.21,360,63,0
2026.03.02 22:12:00,117507.64,117518.41,117507.64,117518.41,360,63,0
2026.03.02 22:06:00,117496.84,117507.61,117496.84,117507.61,360,63,0
2026.03.02 22:00:00,117486.04,117496.81,117486.04,117496.81,360,63,0
2026.03.02 21:54:00,117490.67,117499.07,117483.67,117486.01,360,63,0
2026.03.02 21:48:00,117479.87,117490.64,117479.87,117490.64,360,63,0
2026.03.02 21:42:00,117469.07,117479.84,117469.07,117479.84,360,63,0
2026.03.02 21:36:00,117487.95,117493.89,117464.24,117469.04,360,63,0
2026.03.02 21:30:00,117477.15,117487.92,117477.15,117487.92,360,63,0
2026.03.02 21:24:00,117466.35,117477.12,117466.35,117477.12,360,63,0
2026.03.02 21:18:00,117455.55,117466.32,117455.55,117466.32,360,63,0
2026.03.02 21:12:00,117473.30,117474.02,117445.50,117455.52,360,63,0
2026.03.02 21:06:00,117462.50,117473.27,117462.50,117473.27,360,63,0
2026.03.02 21:00:00,117451.70,117462.47,117451.70,117462.47,360,63,0
2026.03.02 20:54:00,117440.90,117451.67,117440.90,117451.67,360,63,0
2026.03.02 20:48:00,117430.10,117440.87,117430.10,117440.87,360,63,0
2026.03.02 20:42:00,117419.30,117430.07,117419.30,117430.07,360,63,0
2026.03.02 20:36:00,117408.50,117419.27,117408.50,117419.27,360,63,0
2026.03.02 20:30:00,117397.70,117408.47,117397.70,117408.47,360,63,0
2026.03.02 20:24:00,117403.68,117408.66,117391.91,117397.67,360,63,0
2026.03.02 20:18:00,117392.88,117403.65,117392.88,117403.65,360,63,0
2026.03.02 20:12:00,117382.08,117392.85,117382.08,117392.85,360,63,0
2026.03.02 20:06:00,117422.03,117424.64,117378.72,117382.05,360,63,0
2026.03.02 20:00:00,117411.23,117422.00,117411.23,117422.00,360,63,0
2026.03.02 19:54:00,117400.40,117411.20,117400.40,117411.20,361,63,0
2026.03.02 19:48:00,117408.59,117413.75,117394.79,117400.37,360,63,0
2026.03.02 19:42:00,117427.46,117434.78,117405.14,117408.56,360,63,0
2026.03.02 19:36:00,117416.66,117427.43,117416.66,117427.43,360,63,0
2026.03.02 19:30:00,117431.69,117433.67,117407.87,117416.63,360,63,0
2026.03.02 19:24:00,117439.97,117441.05,117422.00,117431.66,360,63,0
2026.03.02 19:18:00,117429.17,117439.94,117429.17,117439.94,360,63,0
2026.03.02 19:12:00,117418.37,117429.14,117418.37,117429.14,360,63,0
2026.03.02 19:06:00,117407.57,117418.34,117407.57,117418.34,360,63,0
2026.03.02 19:00:00,117430.82,117434.87,117405.41,117407.54,360,63,0
2026.03.02 18:54:00,117437.30,117443.18,117425.93,117430.79,360,63,0
2026.03.02 18:48:00,117453.79,117461.92,117434.66,117437.27,360,63,0
2026.03.02 18:42:00,117478.29,117487.92,117452.65,117453.76,360,63,0
2026.03.02 18:36:00,117489.04,117496.36,117474.84,117478.26,360,63,0
2026.03.02 18:30:00,117496.74,117505.20,117486.73,117489.01,360,63,0
2026.03.02 18:24:00,117485.94,117496.71,117485.94,117496.71,360,63,0
2026.03.02 18:18:00,117475.14,117485.91,117475.14,117485.91,360,63,0
2026.03.02 18:12:00,117497.47,117506.71,117473.61,117475.11,360,63,0
2026.03.02 18:06:00,117486.67,117497.44,117486.67,117497.44,360,63,0
2026.03.02 18:00:00,117475.87,117486.64,117475.87,117486.64,360,63,0
2026.03.02 17:54:00,117530.78,117536.60,117475.27,117475.84,360,63,0
2026.03.02 17:48:00,117519.98,117530.75,117519.98,117530.75,360,63,0
2026.03.02 17:42:00,117509.18,117519.95,117509.18,117519.95,360,63,0
2026.03.02 17:36:00,117498.38,117509.15,117498.38,117509.15,360,63,0
2026.03.02 17:30:00,117487.58,117498.35,117487.58,117498.35,360,63,0
2026.03.02 17:24:00,117476.78,117487.55,117476.78,117487.55,360,63,0
2026.03.02 17:18:00,117522.96,117525.90,117474.08,117476.75,360,63,0
2026.03.02 17:12:00,117532.86,117533.40,117512.73,117522.93,360,63,0
2026.03.02 17:06:00,117550.89,117561.21,117532.41,117532.83,360,63,0
2026.03.02 17:00:00,117540.09,117550.86,117540.09,117550.86,360,63,0
2026.03.02 16:54:00,117568.72,117573.34,117536.91,117540.06,360,63,0
2026.03.02 16:48:00,117650.41,117651.82,117561.91,117568.69,360,63,0
2026.03.02 16:42:00,117639.61,117650.38,117639.61,117650.38,360,63,0
2026.03.02 16:36:00,117628.81,117639.58,117628.81,117639.58,360,63,0
2026.03.02 16:30:00,117632.60,117634.76,117620.20,117628.78,360,63,0
2026.03.02 16:24:00,117621.80,117632.57,117621.80,117632.57,360,63,0
2026.03.02 16:18:00,117611.00,117621.77,117611.00,117621.77,360,63,0
2026.03.02 16:12:00,117600.20,117610.97,117600.20,117610.97,360,63,0
2026.03.02 16:06:00,117613.05,117620.94,117597.32,117600.17,360,63,0
2026.03.02 16:00:00,117602.25,117613.02,117602.25,117613.02,360,63,0
2026.03.02 15:54:00,117608.01,117608.73,117592.20,117602.22,360,63,0
2026.03.02 15:48:00,117597.21,117607.98,117597.21,117607.98,360,63,0
2026.03.02 15:42:00,117619.32,117620.19,117587.31,117597.18,360,63,0
2026.03.02 15:36:00,117608.52,117619.29,117608.52,117619.29,360,63,0
2026.03.02 15:30:00,117597.72,117608.49,117597.72,117608.49,360,63,0
2026.03.02 15:24:00,117620.24,117626.81,117593.52,117597.69,360,63,0
2026.03.02 15:18:00,117609.44,117620.21,117609.44,117620.21,360,63,0
2026.03.02 15:12:00,117610.77,117619.92,117607.82,117609.41,360,63,0
2026.03.02 15:06:00,117599.97,117610.74,117599.97,117610.74,360,63,0
2026.03.02 15:00:00,117589.17,117599.94,117589.17,117599.94,360,63,0
2026.03.02 14:54:00,117604.06,117604.06,117578.40,117589.14,360,63,0
2026.03.02 14:48:00,117637.34,117641.51,117602.95,117604.03,360,63,0
2026.03.02 14:42:00,117626.54,117637.31,117626.54,117637.31,360,63,0
2026.03.02 14:36:00,117649.00,117653.98,117620.75,117626.51,360,63,0
2026.03.02 14:30:00,117670.15,117675.76,117643.84,117648.97,360,63,0
2026.03.02 14:24:00,117698.23,117698.98,117663.16,117670.12,360,63,0
2026.03.02 14:18:00,117687.43,117698.20,117687.43,117698.20,360,63,0
2026.03.02 14:12:00,117676.63,117687.40,117676.63,117687.40,360,63,0
2026.03.02 14:06:00,117685.26,117689.25,117669.85,117676.60,360,63,0
2026.03.02 14:00:00,117689.13,117692.55,117677.91,117685.23,360,63,0
2026.03.02 13:54:00,117701.08,117708.10,117685.38,117689.10,360,63,0
2026.03.02 13:48:00,117711.13,117716.89,117696.07,117701.05,360,63,0
2026.03.02 13:42:00,117725.01,117734.19,117709.54,117711.10,360,63,0
2026.03.02 13:36:00,117714.21,117724.98,117714.21,117724.98,360,63,0
2026.03.02 13:30:00,117703.41,117714.18,117703.41,117714.18,360,63,0
2026.03.02 13:24:00,117713.34,117717.63,117696.93,117703.38,360,63,0
2026.03.02 13:18:00,117722.84,117730.67,117710.40,117713.31,360,63,0
2026.03.02 13:12:00,117712.04,117722.81,117712.04,117722.81,360,63,0
2026.03.02 13:06:00,117701.24,117712.01,117701.24,117712.01,360,63,0
2026.03.02 13:00:00,117690.44,117701.21,117690.44,117701.21,360,63,0
2026.03.02 12:54:00,117741.38,117748.70,117687.02,117690.41,360,63,0
2026.03.02 12:48:00,117730.58,117741.35,117730.58,117741.35,360,63,0
2026.03.02 12:42:00,117719.78,117730.55,117719.78,117730.55,360,63,0
2026.03.02 12:36:00,117708.98,117719.75,117708.98,117719.75,360,63,0
2026.03.02 12:30:00,117730.96,117734.20,117701.45,117708.95,360,63,0
2026.03.02 12:24:00,117720.16,117730.93,117720.16,117730.93,360,63,0
2026.03.02 12:18:00,117724.16,117734.75,117719.98,117720.13,360,63,0
2026.03.02 12:12:00,117734.51,117736.10,117714.98,117724.13,360,63,0
2026.03.02 12:06:00,117751.23,117761.64,117734.15,117734.48,360,63,0
2026.03.02 12:00:00,117740.43,117751.20,117740.43,117751.20,360,63,0
2026.03.02 11:54:00,117729.63,117740.40,117729.63,117740.40,360,63,0
2026.03.02 11:48:00,117718.83,117729.60,117718.83,117729.60,360,63,0
2026.03.02 11:42:00,117708.03,117718.80,117708.03,117718.80,360,63,0
2026.03.02 11:36:00,117697.23,117708.00,117697.23,117708.00,360,63,0
2026.03.02 11:30:00,117727.12,117731.92,117695.52,117697.20,360,63,0
2026.03.02 11:24:00,117716.32,117727.09,117716.32,117727.09,360,63,0
2026.03.02 11:18:00,117705.52,117716.29,117705.52,117716.29,360,63,0
2026.03.02 11:12:00,117694.72,117705.49,117694.72,117705.49,360,63,0
2026.03.02 11:06:00,117722.07,117729.60,117692.47,117694.69,360,63,0
2026.03.02 11:00:00,117711.27,117722.04,117711.27,117722.04,360,63,0
2026.03.02 10:54:00,117700.47,117711.24,117700.47,117711.24,360,63,0
2026.03.02 10:48:00,117720.82,117728.44,117697.29,117700.44,361,63,0
2026.03.02 10:42:00,117710.02,117720.79,117710.02,117720.79,360,63,0
2026.03.02 10:36:00,117699.22,117709.99,117699.22,117709.99,360,63,0
2026.03.02 10:30:00,117688.42,117699.19,117688.42,117699.19,360,63,0
2026.03.02 10:24:00,117677.62,117688.39,117677.62,117688.39,360,63,0
2026.03.02 10:18:00,117700.02,117706.38,117676.81,117677.59,360,63,0
2026.03.02 10:12:00,117689.22,117699.99,117689.22,117699.99,360,63,0
2026.03.02 10:06:00,117703.69,117708.67,117683.43,117689.19,360,63,0
2026.03.02 10:00:00,117735.82,117743.05,117700.15,117703.66,360,63,0
2026.03.02 09:54:00,117725.02,117735.79,117725.02,117735.79,360,63,0
2026.03.02 09:48:00,117750.56,117752.18,117715.87,117724.99,360,63,0
2026.03.02 09:42:00,117754.11,117763.32,117749.00,117750.53,360,63,0
2026.03.02 09:36:00,117743.31,117754.08,117743.31,117754.08,360,63,0
2026.03.02 09:30:00,117732.51,117743.28,117732.51,117743.28,360,63,0
2026.03.02 09:24:00,117721.71,117732.48,117721.71,117732.48,360,63,0
2026.03.02 09:18:00,117743.59,117744.52,117711.87,117721.68,360,63,0
2026.03.02 09:12:00,117732.79,117743.56,117732.79,117743.56,360,63,0
2026.03.02 09:06:00,117721.99,117732.76,117721.99,117732.76,360,63,0
2026.03.02 09:00:00,117711.19,117721.96,117711.19,117721.96,360,63,0
2026.03.02 08:54:00,117700.39,117711.16,117700.39,117711.16,360,63,0
2026.03.02 08:48:00,117705.02,117707.42,117692.02,117700.36,360,63,0
2026.03.02 08:42:00,117694.22,117704.99,117694.22,117704.99,360,63,0
2026.03.02 08:36:00,117700.88,117702.56,117685.13,117694.19,360,63,0
2026.03.02 08:30:00,117690.08,117700.85,117690.08,117700.85,360,63,0
2026.03.02 08:24:00,117698.52,117702.78,117683.57,117690.05,360,63,0
2026.03.02 08:18:00,117715.47,117721.44,117693.72,117698.49,360,63,0
2026.03.02 08:12:00,117704.67,117715.44,117704.67,117715.44,360,63,0
2026.03.02 08:06:00,117716.51,117723.44,117700.83,117704.64,360,63,0
2026.03.02 08:00:00,117705.71,117716.48,117705.71,117716.48,360,63,0
2026.03.02 07:54:00,117710.86,117711.22,117695.30,117705.68,360,63,0
2026.03.02 07:48:00,117717.73,117719.02,117701.38,117710.83,360,63,0
2026.03.02 07:42:00,117706.93,117717.70,117706.93,117717.70,360,63,0
2026.03.02 07:36:00,117696.13,117706.90,117696.13,117706.90,360,63,0
2026.03.02 07:30:00,117685.33,117696.10,117685.33,117696.10,360,63,0
2026.03.02 07:24:00,117717.01,117717.91,117679.87,117685.30,360,63,0
2026.03.02 07:18:00,117706.21,117716.98,117706.21,117716.98,360,63,0
2026.03.02 07:12:00,117695.41,117706.18,117695.41,117706.18,360,63,0
2026.03.02 07:06:00,117726.71,117728.30,117694.75,117695.38,360,63,0
2026.03.02 07:00:00,117737.43,117741.90,117720.41,117726.68,360,63,0
2026.03.02 06:54:00,117726.63,117737.40,117726.63,117737.40,360,63,0
2026.03.02 06:48:00,117766.39,117770.74,117722.16,117726.60,360,63,0
2026.03.02 06:42:00,117755.59,117766.36,117755.59,117766.36,360,63,0
2026.03.02 06:36:00,117785.44,117789.10,117748.48,117755.56,360,63,0
2026.03.02 06:30:00,117774.64,117785.41,117774.64,117785.41,360,63,0
2026.03.02 06:24:00,117782.99,117786.05,117766.93,117774.61,360,63,0
2026.03.02 06:18:00,117844.80,117851.49,117781.94,117782.96,360,63,0
2026.03.02 06:12:00,117864.99,117874.35,117843.39,117844.77,360,63,0
2026.03.02 06:06:00,117854.19,117864.96,117854.19,117864.96,360,63,0
2026.03.02 06:00:00,117843.39,117854.16,117843.39,117854.16,360,63,0
2026.03.02 05:54:00,117832.59,117843.36,117832.59,117843.36,360,63,0
2026.03.02 05:48:00,117821.79,117832.56,117821.79,117832.56,360,63,0
2026.03.02 05:42:00,117810.99,117821.76,117810.99,117821.76,360,63,0
2026.03.02 05:36:00,117800.19,117810.96,117800.19,117810.96,360,63,0
2026.03.02 05:30:00,117789.39,117800.16,117789.39,117800.16,360,63,0
2026.03.02 05:24:00,117778.59,117789.36,117778.59,117789.36,360,63,0
2026.03.02 05:18:00,117782.34,117791.16,117776.64,117778.56,360,63,0
2026.03.02 05:12:00,117771.54,117782.31,117771.54,117782.31,360,63,0
2026.03.02 05:06:00,117760.74,117771.51,117760.74,117771.51,360,63,0
2026.03.02 05:00:00,117764.58,117765.36,117750.75,117760.71,360,63,0
2026.03.02 04:54:00,117753.78,117764.55,117753.78,117764.55,360,63,0
2026.03.02 04:48:00,117742.98,117753.75,117742.98,117753.75,360,63,0
2026.03.02 04:42:00,117732.18,117742.95,117732.18,117742.95,360,63,0
2026.03.02 04:36:00,117721.38,117732.15,117721.38,117732.15,360,63,0
2026.03.02 04:30:00,117710.58,117721.35,117710.58,117721.35,360,63,0
2026.03.02 04:24:00,117699.78,117710.55,117699.78,117710.55,360,63,0
2026.03.02 04:18:00,117688.98,117699.75,117688.98,117699.75,360,63,0
2026.03.02 04:12:00,117678.18,117688.95,117678.18,117688.95,360,63,0
2026.03.02 04:06:00,117693.96,117699.45,117672.90,117678.15,360,63,0
2026.03.02 04:00:00,117683.16,117693.93,117683.16,117693.93,360,63,0
2026.03.02 03:54:00,117672.36,117683.13,117672.36,117683.13,360,63,0
2026.03.02 03:48:00,117689.04,117695.37,117667.92,117672.33,360,63,0
2026.03.02 03:42:00,117709.35,117716.61,117685.53,117689.01,360,63,0
2026.03.02 03:36:00,117719.25,117729.33,117708.66,117709.32,360,63,0
2026.03.02 03:30:00,117708.45,117719.22,117708.45,117719.22,360,63,0
2026.03.02 03:24:00,117697.65,117708.42,117697.65,117708.42,360,63,0
2026.03.02 03:18:00,117718.10,117726.41,117695.19,117697.62,360,63,0
2026.03.02 03:12:00,117746.80,117754.48,117715.01,117718.07,360,63,0
2026.03.02 03:06:00,117736.00,117746.77,117736.00,117746.77,360,63,0
2026.03.02 03:00:00,117741.41,117748.04,117731.86,117735.97,360,63,0
2026.03.02 02:54:00,117762.24,117771.03,117739.43,117741.38,360,63,0
2026.03.02 02:48:00,117782.02,117783.37,117752.82,117762.21,360,63,0
2026.03.02 02:42:00,117771.22,117781.99,117771.22,117781.99,360,63,0
2026.03.02 02:36:00,117773.46,117778.29,117765.28,117771.19,360,63,0
2026.03.02 02:30:00,117762.66,117773.43,117762.66,117773.43,360,63,0
2026.03.02 02:24:00,117751.86,117762.63,117751.86,117762.63,360,63,0
2026.03.02 02:18:00,117741.06,117751.83,117741.06,117751.83,360,63,0
2026.03.02 02:12:00,117747.88,117758.65,117747.88,117758.65,360,63,0
2026.03.02 02:06:00,117759.42,117761.76,117739.45,117747.85,360,63,0
2026.03.02 02:00:00,117748.62,117759.39,117748.62,117759.39,360,63,0
2026.03.02 01:54:00,117737.82,117748.59,117737.82,117748.59,360,63,0
2026.03.02 01:48:00,117727.02,117737.79,117727.02,117737.79,360,63,0
2026.03.02 01:42:00,117716.19,117726.99,117716.19,117726.99,361,63,0
2026.03.02 01:36:00,117705.39,117716.16,117705.39,117716.16,360,63,0
2026.03.02 01:30:00,117708.41,117717.47,117703.68,117705.36,360,63,0
2026.03.02 01:24:00,117697.61,117708.38,117697.61,117708.38,360,63,0
2026.03.02 01:18:00,117686.81,117697.58,117686.81,117697.58,360,63,0
2026.03.02 01:12:00,117676.01,117686.78,117676.01,117686.78,360,63,0
2026.03.02 01:06:00,117665.21,117675.98,117665.21,117675.98,360,63,0
2026.03.02 01:00:00,117654.41,117665.18,117654.41,117665.18,360,63,0
2026.03.02 00:54:00,117666.50,117668.21,117645.35,117654.38,360,63,0
2026.03.02 00:48:00,117676.05,117686.46,117666.14,117666.47,360,63,0
2026.03.02 00:42:00,117665.25,117676.02,117665.25,117676.02,360,63,0
2026.03.02 00:36:00,117654.45,117665.22,117654.45,117665.22,360,63,0
2026.03.02 00:30:00,117643.65,117654.42,117643.65,117654.42,360,63,0
2026.03.02 00:24:00,117632.85,117643.62,117632.85,117643.62,360,63,0
2026.03.02 00:18:00,117622.05,117632.82,117622.05,117632.82,360,63,0
2026.03.02 00:12:00,117611.25,117622.02,117611.25,117622.02,360,63,0
2026.03.02 00:06:00,117600.45,117611.22,117600.45,117611.22,360,63,0
2026.03.02 00:00:00,117658.41,117666.63,117598.65,117600.42,360,63,0
2026.03.01 23:54:00,117670.36,117673.81,117651.09,117658.38,360,63,0
2026.03.01 23:48:00,117659.56,117670.33,117659.56,117670.33,360,63,0
2026.03.01 23:42:00,117681.95,117687.56,117654.40,117659.53,360,63,0
2026.03.01 23:36:00,117671.15,117681.92,117671.15,117681.92,360,63,0
2026.03.01 23:30:00,117660.35,117671.12,117660.35,117671.12,360,63,0
2026.03.01 23:24:00,117649.55,117660.32,117649.55,117660.32,360,63,0
2026.03.01 23:18:00,117638.75,117649.52,117638.75,117649.52,360,63,0
2026.03.01 23:12:00,117627.95,117638.72,117627.95,117638.72,360,63,0
2026.03.01 23:06:00,117633.15,117634.02,117618.05,117627.92,360,63,0
2026.03.01 23:00:00,117622.35,117633.12,117622.35,117633.12,360,63,0
2026.03.01 22:54:00,117611.55,117622.32,117611.55,117622.32,360,63,0
2026.03.01 22:48:00,117615.96,117626.22,117611.04,117611.52,360,63,0
2026.03.01 22:42:00,117605.16,117615.93,117605.16,117615.93,360,63,0
2026.03.01 22:36:00,117594.36,117605.13,117594.36,117605.13,360,63,0
2026.03.01 22:30:00,117614.49,117624.18,117593.28,117594.33,360,63,0
2026.03.01 22:24:00,117631.10,117639.35,117611.97,117614.46,360,63,0
2026.03.01 22:18:00,117620.30,117631.07,117620.30,117631.07,360,63,0
2026.03.01 22:12:00,117646.13,117648.89,117617.51,117620.27,360,63,0
2026.03.01 22:06:00,117635.33,117646.10,117635.33,117646.10,360,63,0
2026.03.01 22:00:00,117666.96,117676.98,117634.58,117635.30,360,63,0
2026.03.01 21:54:00,117656.16,117666.93,117656.16,117666.93,360,63,0
2026.03.01 21:48:00,117659.69,117664.64,117650.34,117656.13,360,63,0
2026.03.01 21:42:00,117663.80,117666.92,117652.04,117659.66,360,63,0
2026.03.01 21:36:00,117653.00,117663.77,117653.00,117663.77,360,63,0
2026.03.01 21:30:00,117642.20,117652.97,117642.20,117652.97,360,63,0
2026.03.01 21:24:00,117631.40,117642.17,117631.40,117642.17,360,63,0
2026.03.01 21:18:00,117620.60,117631.37,117620.60,117631.37,360,63,0
2026.03.01 21:12:00,117668.28,117669.21,117619.10,117620.57,360,63,0
2026.03.01 21:06:00,117657.48,117668.25,117657.48,117668.25,360,63,0
2026.03.01 21:00:00,117646.68,117657.45,117646.68,117657.45,360,63,0
2026.03.01 20:54:00,117659.06,117660.56,117637.41,117646.65,360,63,0
2026.03.01 20:48:00,117678.64,117684.91,117654.56,117659.03,360,63,0
2026.03.01 20:42:00,117667.84,117678.61,117667.84,117678.61,360,63,0
2026.03.01 20:36:00,117657.04,117667.81,117657.04,117667.81,360,63,0
2026.03.01 20:30:00,117646.24,117657.01,117646.24,117657.01,360,63,0
2026.03.01 20:24:00,117700.50,117706.83,117644.68,117646.21,360,63,0
2026.03.01 20:18:00,117689.70,117700.47,117689.70,117700.47,360,63,0
2026.03.01 20:12:00,117678.90,117689.67,117678.90,117689.67,360,63,0
2026.03.01 20:06:00,117693.38,117697.25,117672.00,117678.87,360,63,0
2026.03.01 20:00:00,117714.20,117720.08,117688.82,117693.35,360,63,0
2026.03.01 19:54:00,117725.99,117731.51,117708.95,117714.17,360,63,0
2026.03.01 19:48:00,117715.19,117725.96,117715.19,117725.96,360,63,0
2026.03.01 19:42:00,117704.39,117715.16,117704.39,117715.16,360,63,0
2026.03.01 19:36:00,117744.11,117749.78,117700.31,117704.36,360,63,0
2026.03.01 19:30:00,117756.92,117763.85,117740.27,117744.08,360,63,0
2026.03.01 19:24:00,117746.12,117756.89,117746.12,117756.89,360,63,0
2026.03.01 19:18:00,117783.91,117784.81,117737.81,117746.09,360,63,0
2026.03.01 19:12:00,117773.11,117783.88,117773.11,117783.88,360,63,0
2026.03.01 19:06:00,117792.65,117801.95,117771.64,117773.08,360,63,0
2026.03.01 19:00:00,117781.85,117792.62,117781.85,117792.62,360,63,0
2026.03.01 18:54:00,117771.05,117781.82,117771.05,117781.82,360,63,0
2026.03.01 18:48:00,117821.12,117825.71,117764.93,117771.02,360,63,0
2026.03.01 18:42:00,117810.32,117821.09,117810.32,117821.09,360,63,0
2026.03.01 18:36:00,117799.52,117810.29,117799.52,117810.29,360,63,0
2026.03.01 18:30:00,117812.78,117815.63,117791.60,117799.49,360,63,0
2026.03.01 18:24:00,117801.98,117812.75,117801.98,117812.75,360,63,0
2026.03.01 18:18:00,117791.18,117801.95,117791.18,117801.95,360,63,0
2026.03.01 18:12:00,117794.74,117804.01,117789.68,117791.15,360,63,0
2026.03.01 18:06:00,117816.44,117822.50,117791.92,117794.71,360,63,0
2026.03.01 18:00:00,117805.64,117816.41,117805.64,117816.41,360,63,0
2026.03.01 17:54:00,117794.84,117805.61,117794.84,117805.61,360,63,0
2026.03.01 17:48:00,117784.04,117794.81,117784.04,117794.81,360,63,0
2026.03.01 17:42:00,117811.89,117817.92,117779.30,117784.01,360,63,0
2026.03.01 17:36:00,117801.09,117811.86,117801.09,117811.86,360,63,0
2026.03.01 17:30:00,117790.29,117801.06,117790.29,117801.06,360,63,0
2026.03.01 17:24:00,117838.49,117841.31,117787.05,117790.26,360,63,0
2026.03.01 17:18:00,117858.67,117863.29,117832.34,117838.46,360,63,0
2026.03.01 17:12:00,117878.46,117883.38,117853.81,117858.64,360,63,0
2026.03.01 17:06:00,117882.12,117887.34,117872.91,117878.43,360,63,0
2026.03.01 17:00:00,117871.32,117882.09,117871.32,117882.09,360,63,0
2026.03.01 16:54:00,117899.95,117903.58,117865.83,117871.29,361,63,0
2026.03.01 16:48:00,117903.81,117910.05,117895.42,117899.92,360,63,0
2026.03.01 16:42:00,117933.44,117941.72,117903.45,117903.78,360,63,0
2026.03.01 16:36:00,117974.23,117974.26,117929.99,117933.41,360,63,0
2026.03.01 16:30:00,117963.43,117974.20,117963.43,117974.20,360,63,0
2026.03.01 16:24:00,117952.63,117963.40,117952.63,117963.40,360,63,0
2026.03.01 16:18:00,118009.31,118015.61,117952.45,117952.60,360,63,0
2026.03.01 16:12:00,118022.98,118032.04,118007.60,118009.28,360,63,0
2026.03.01 16:06:00,118012.18,118022.95,118012.18,118022.95,360,63,0
2026.03.01 16:00:00,118001.38,118012.15,118001.38,118012.15,360,63,0
2026.03.01 15:54:00,117990.58,118001.35,117990.58,118001.35,360,63,0
2026.03.01 15:48:00,118008.67,118015.12,117986.26,117990.55,360,63,0
2026.03.01 15:42:00,117997.87,118008.64,117997.87,118008.64,360,63,0
2026.03.01 15:36:00,117987.07,117997.84,117987.07,117997.84,360,63,0
2026.03.01 15:30:00,117990.85,118000.72,117986.17,117987.04,360,63,0
2026.03.01 15:24:00,117980.05,117990.82,117980.05,117990.82,360,63,0
2026.03.01 15:18:00,118012.46,118017.59,117975.88,117980.02,360,63,0
2026.03.01 15:12:00,118001.66,118012.43,118001.66,118012.43,360,63,0
2026.03.01 15:06:00,117990.86,118001.63,117990.86,118001.63,360,63,0
2026.03.01 15:00:00,117980.06,117990.83,117980.06,117990.83,360,63,0
2026.03.01 14:54:00,118012.52,118018.70,117978.95,117980.03,360,63,0
2026.03.01 14:48:00,118001.72,118012.49,118001.72,118012.49,360,63,0
2026.03.01 14:42:00,117990.92,118001.69,117990.92,118001.69,360,63,0
2026.03.01 14:36:00,117980.12,117990.89,117980.12,117990.89,360,63,0
2026.03.01 14:30:00,117969.32,117980.09,117969.32,117980.09,360,63,0
2026.03.01 14:24:00,118000.76,118002.56,117962.15,117969.29,360,63,0
2026.03.01 14:18:00,118042.53,118047.21,117995.15,118000.73,360,63,0
2026.03.01 14:12:00,118031.73,118042.50,118031.73,118042.50,360,63,0
2026.03.01 14:06:00,118020.93,118031.70,118020.93,118031.70,360,63,0
2026.03.01 14:00:00,118010.13,118020.90,118010.13,118020.90,360,63,0
2026.03.01 13:54:00,118022.47,118032.67,118009.56,118010.10,360,63,0
2026.03.01 13:48:00,118011.67,118022.44,118011.67,118022.44,360,63,0
2026.03.01 13:42:00,118000.87,118011.64,118000.87,118011.64,360,63,0
2026.03.01 13:36:00,117990.07,118000.84,117990.07,118000.84,360,63,0
2026.03.01 13:30:00,117979.27,117990.04,117979.27,117990.04,360,63,0
2026.03.01 13:24:00,117981.91,117986.68,117973.27,117979.24,360,63,0
2026.03.01 13:18:00,117971.11,117981.88,117971.11,117981.88,360,63,0
2026.03.01 13:12:00,117960.31,117971.08,117960.31,117971.08,360,63,0
2026.03.01 13:06:00,117949.51,117960.28,117949.51,117960.28,360,63,0
2026.03.01 13:00:00,117938.71,117949.48,117938.71,117949.48,360,63,0
2026.03.01 12:54:00,117927.91,117938.68,117927.91,117938.68,360,63,0
2026.03.01 12:48:00,117917.11,117927.88,117917.11,117927.88,360,63,0
2026.03.01 12:42:00,117942.98,117952.10,117915.46,117917.08,360,63,0
2026.03.01 12:36:00,117932.18,117942.95,117932.18,117942.95,360,63,0
2026.03.01 12:30:00,117958.66,117967.09,117929.84,117932.15,360,63,0
2026.03.01 12:24:00,117947.86,117958.63,117947.86,117958.63,360,63,0
2026.03.01 12:18:00,117972.56,117981.77,117946.30,117947.83,360,63,0
2026.03.01 12:12:00,117983.88,117987.42,117965.33,117972.53,360,63,0
2026.03.01 12:06:00,117973.08,117983.85,117973.08,117983.85,360,63,0
2026.03.01 12:00:00,117975.05,117978.53,117965.79,117973.05,360,63,0
2026.03.01 11:54:00,117964.25,117975.02,117964.25,117975.02,360,63,0
2026.03.01 11:48:00,117953.45,117964.22,117953.45,117964.22,360,63,0
2026.03.01 11:42:00,117942.65,117953.42,117942.65,117953.42,360,63,0
2026.03.01 11:36:00,117944.47,117945.22,117932.63,117942.62,360,63,0
2026.03.01 11:30:00,117933.67,117944.44,117933.67,117944.44,360,63,0
2026.03.01 11:24:00,117922.87,117933.64,117922.87,117933.64,360,63,0
2026.03.01 11:18:00,117912.07,117922.84,117912.07,117922.84,360,63,0
2026.03.01 11:12:00,117901.27,117912.04,117901.27,117912.04,360,63,0
2026.03.01 11:06:00,117890.47,117901.24,117890.47,117901.24,360,63,0
2026.03.01 11:00:00,117903.89,117908.33,117884.14,117890.44,360,63,0
2026.03.01 10:54:00,117893.09,117903.86,117893.09,117903.86,360,63,0
2026.03.01 10:48:00,117905.09,117914.27,117891.50,117893.06,360,63,0
2026.03.01 10:42:00,117929.02,117929.71,117895.22,117905.06,360,63,0
2026.03.01 10:36:00,117918.22,117928.99,117918.22,117928.99,360,63,0
2026.03.01 10:30:00,117907.42,117918.19,117907.42,117918.19,360,63,0
2026.03.01 10:24:00,117896.62,117907.39,117896.62,117907.39,360,63,0
2026.03.01 10:18:00,117885.82,117896.59,117885.82,117896.59,360,63,0
2026.03.01 10:12:00,117875.02,117885.79,117875.02,117885.79,360,63,0
2026.03.01 10:06:00,117900.52,117901.36,117874.24,117874.99,360,63,0
2026.03.01 10:00:00,117926.86,117928.24,117891.13,117900.49,360,63,0
2026.03.01 09:54:00,117916.06,117926.83,117916.06,117926.83,360,63,0
2026.03.01 09:48:00,117964.18,117973.42,117915.40,117916.03,360,63,0
2026.03.01 09:42:00,117967.71,117967.74,117953.44,117964.15,360,63,0
2026.03.01 09:36:00,117999.86,118000.85,117957.93,117967.68,360,63,0
2026.03.01 09:30:00,117989.06,117999.83,117989.06,117999.83,360,63,0
2026.03.01 09:24:00,117978.26,117989.03,117978.26,117989.03,360,63,0
2026.03.01 09:18:00,117967.46,117978.23,117967.46,117978.23,360,63,0
2026.03.01 09:12:00,117956.66,117967.43,117956.66,117967.43,360,63,0
2026.03.01 09:06:00,117958.94,117959.93,117946.88,117956.63,360,63,0
2026.03.01 09:00:00,117948.14,117958.91,117948.14,117958.91,360,63,0
2026.03.01 08:54:00,117937.34,117948.11,117937.34,117948.11,360,63,0
2026.03.01 08:48:00,117926.54,117937.31,117926.54,117937.31,360,63,0
2026.03.01 08:42:00,117915.74,117926.51,117915.74,117926.51,360,63,0
2026.03.01 08:36:00,117904.94,117915.71,117904.94,117915.71,360,63,0
2026.03.01 08:30:00,117894.14,117904.91,117894.14,117904.91,360,63,0
2026.03.01 08:24:00,117883.34,117894.11,117883.34,117894.11,360,63,0
2026.03.01 08:18:00,117872.54,117883.31,117872.54,117883.31,360,63,0
2026.03.01 08:12:00,117861.74,117872.51,117861.74,117872.51,360,63,0
2026.03.01 08:06:00,117850.94,117861.71,117850.94,117861.71,360,63,0
2026.03.01 08:00:00,117853.53,117856.50,117845.09,117850.91,295,63,0
2026.03.01 07:54:00,117842.73,117853.50,117842.73,117853.50,360,63,0
2026.03.01 07:48:00,117831.93,117842.70,117831.93,117842.70,360,63,0
2026.03.01 07:42:00,117821.13,117831.90,117821.13,117831.90,360,63,0
2026.03.01 07:36:00,117810.33,117821.10,117810.33,117821.10,360,63,0
2026.03.01 07:30:00,117799.53,117810.30,117799.53,117810.30,360,63,0
2026.03.01 07:24:00,117823.37,117828.29,117796.29,117799.50,360,63,0
2026.03.01 07:18:00,117825.68,117826.16,117813.08,117823.34,360,63,0
2026.03.01 07:12:00,117814.88,117825.65,117814.88,117825.65,360,63,0
2026.03.01 07:06:00,117804.08,117814.85,117804.08,117814.85,360,63,0
2026.03.01 07:00:00,117793.28,117804.05,117793.28,117804.05,360,63,0
2026.03.01 06:48:00,117789.68,117793.25,117789.68,117793.25,120,63,0
2026.03.01 06:42:00,117791.31,117794.58,117782.18,117789.65,360,63,0
2026.03.01 06:36:00,117780.51,117791.28,117780.51,117791.28,360,63,0
2026.03.01 06:30:00,117788.14,117797.80,117779.40,117780.48,360,63,0
2026.03.01 06:24:00,117777.34,117788.11,117777.34,117788.11,360,63,0
2026.03.01 06:18:00,117795.69,117802.98,117773.86,117777.31,360,63,0
2026.03.01 06:12:00,117784.89,117795.66,117784.89,117795.66,360,63,0
2026.03.01 06:06:00,117815.12,117815.45,117783.06,117784.86,360,63,0
2026.03.01 06:00:00,117804.32,117815.09,117804.32,117815.09,360,63,0
2026.03.01 05:54:00,117793.52,117804.29,117793.52,117804.29,360,63,0
2026.03.01 05:48:00,117797.18,117807.38,117792.95,117793.49,360,63,0
2026.03.01 05:42:00,117786.38,117797.15,117786.38,117797.15,360,63,0
2026.03.01 05:36:00,117799.53,117800.85,117776.93,117786.35,360,63,0
2026.03.01 05:30:00,117807.40,117816.55,117797.91,117799.50,360,63,0
2026.03.01 05:24:00,117796.60,117807.37,117796.60,117807.37,360,63,0
2026.03.01 05:18:00,117808.00,117813.82,117791.65,117796.57,360,63,0
2026.03.01 05:12:00,117797.20,117807.97,117797.20,117807.97,360,63,0
2026.03.01 05:06:00,117786.40,117797.17,117786.40,117797.17,360,63,0
2026.03.01 05:00:00,117775.60,117786.37,117775.60,117786.37,360,63,0
2026.03.01 04:54:00,117764.80,117775.57,117764.80,117775.57,360,63,0
2026.03.01 04:48:00,117754.00,117764.77,117754.00,117764.77,360,63,0
2026.03.01 04:42:00,117760.51,117761.38,117744.10,117753.97,360,63,0
2026.03.01 04:36:00,117749.71,117760.48,117749.71,117760.48,360,63,0
2026.03.01 04:30:00,117772.65,117776.07,117742.36,117749.68,360,63,0
2026.03.01 04:24:00,117761.85,117772.62,117761.85,117772.62,360,63,0
2026.03.01 04:18:00,117770.25,117778.47,117759.30,117761.82,360,63,0
2026.03.01 04:12:00,117759.45,117770.22,117759.45,117770.22,360,63,0
2026.03.01 04:06:00,117748.65,117759.42,117748.65,117759.42,360,63,0
2026.03.01 04:00:00,117737.85,117748.62,117737.85,117748.62,360,63,0
2026.03.01 03:54:00,117745.19,117745.64,117727.53,117737.82,360,63,0
2026.03.01 03:48:00,117734.39,117745.16,117734.39,117745.16,360,63,0
2026.03.01 03:42:00,117775.57,117781.36,117733.94,117734.36,360,63,0
2026.03.01 03:36:00,117779.80,117782.32,117767.32,117775.54,360,63,0
2026.03.01 03:30:00,117784.07,117792.44,117777.40,117779.77,360,63,0
2026.03.01 03:24:00,117794.82,117804.09,117782.57,117784.04,360,63,0
2026.03.01 03:18:00,117784.02,117794.79,117784.02,117794.79,360,63,0
2026.03.01 03:12:00,117786.00,117787.32,117774.57,117783.99,360,63,0
2026.03.01 03:06:00,117775.20,117785.97,117775.20,117785.97,360,63,0
2026.03.01 03:00:00,117789.14,117795.38,117770.67,117775.17,360,63,0
2026.03.01 02:54:00,117778.34,117789.11,117778.34,117789.11,360,63,0
2026.03.01 02:48:00,117767.54,117778.31,117767.54,117778.31,360,63,0
2026.03.01 02:42:00,117756.74,117767.51,117756.74,117767.51,360,63,0
2026.03.01 02:36:00,117745.94,117756.71,117745.94,117756.71,360,63,0
2026.03.01 02:30:00,117769.43,117770.75,117736.49,117745.91,360,63,0
2026.03.01 02:24:00,117758.63,117769.40,117758.63,117769.40,360,63,0
2026.03.01 02:18:00,117764.26,117764.47,117748.07,117758.60,360,63,0
2026.03.01 02:12:00,117753.46,117764.23,117753.46,117764.23,360,63,0
2026.03.01 02:06:00,117805.21,117805.27,117749.62,117753.43,360,63,0
2026.03.01 02:00:00,117794.41,117805.18,117794.41,117805.18,360,63,0
2026.03.01 01:54:00,117783.61,117794.38,117783.61,117794.38,360,63,0
2026.03.01 01:48:00,117804.71,117809.90,117778.03,117783.58,360,63,0
2026.03.01 01:42:00,117793.91,117804.68,117793.91,117804.68,360,63,0
2026.03.01 01:36:00,117783.11,117793.88,117783.11,117793.88,360,63,0
2026.03.01 01:30:00,117799.85,117804.14,117777.26,117783.08,360,63,0
2026.03.01 01:24:00,117789.05,117799.82,117789.05,117799.82,360,63,0
2026.03.01 01:18:00,117778.25,117789.02,117778.25,117789.02,360,63,0
2026.03.01 01:12:00,117767.45,117778.22,117767.45,117778.22,360,63,0
2026.03.01 01:06:00,117756.65,117767.42,117756.65,117767.42,360,63,0
2026.03.01 01:00:00,117745.85,117756.62,117745.85,117756.62,360,63,0
2026.03.01 00:54:00,117735.05,117745.82,117735.05,117745.82,360,63,0
2026.03.01 00:48:00,117724.25,117735.02,117724.25,117735.02,360,63,0
2026.03.01 00:42:00,117733.10,117740.51,117720.89,117724.22,360,63,0
2026.03.01 00:36:00,117737.50,117738.85,117723.68,117733.07,360,63,0
2026.03.01 00:30:00,117748.53,117756.06,117734.26,117737.47,360,63,0
2026.03.01 00:24:00,117737.73,117748.50,117737.73,117748.50,360,63,0
2026.03.01 00:18:00,117726.93,117737.70,117726.93,117737.70,360,63,0
2026.03.01 00:12:00,117730.86,117740.52,117725.82,117726.90,360,63,0
2026.03.01 00:06:00,117720.06,117730.83,117720.06,117730.83,360,63,0
2026.03.01 00:00:00,117725.10,117733.92,117718.11,117720.03,360,63,0
