Time,Open,High,Low,Close,TickVolume,Spread,RealVolume
2026.02.28 23:55:00,109885.09,109906.25,109880.34,109896.10,300,80,0
2026.02.28 23:50:00,109853.59,109887.04,109852.59,109885.14,300,80,0
2026.02.28 23:45:00,109868.59,109868.59,109853.64,109853.64,300,80,0
2026.02.28 23:40:00,109883.59,109883.59,109868.64,109868.64,300,80,0
2026.02.28 23:35:00,109871.88,109889.84,109863.18,109883.64,300,80,0
2026.02.28 23:30:00,109886.88,109886.88,109871.93,109871.93,300,80,0
2026.02.28 23:25:00,109865.37,109898.68,109862.22,109886.93,300,80,0
2026.02.28 23:20:00,109880.37,109880.37,109865.42,109865.42,300,80,0
2026.02.28 23:15:00,109895.37,109895.37,109880.42,109880.42,300,80,0
2026.02.28 23:10:00,109868.26,109896.62,109854.56,109895.42,300,80,0
2026.02.28 23:05:00,109883.26,109883.26,109868.31,109868.31,300,80,0
2026.02.28 23:00:00,109898.26,109898.26,109883.31,109883.31,300,80,0
2026.02.28 22:55:00,109896.60,109899.86,109883.25,109898.31,300,80,0
2026.02.28 22:50:00,109871.59,109902.75,109862.94,109896.65,274,80,0
2026.02.28 22:45:00,109870.84,109883.19,109867.49,109871.64,300,80,0
2026.02.28 22:40:00,109885.84,109885.84,109870.89,109870.89,300,80,0
2026.02.28 22:35:00,109874.24,109894.69,109868.14,109885.89,300,80,0
2026.02.28 22:30:00,109855.04,109879.49,109845.34,109874.29,300,80,0
2026.02.28 22:25:00,109854.48,109868.19,109852.68,109855.09,300,80,0
2026.02.28 22:20:00,109869.48,109869.48,109854.53,109854.53,300,80,0
2026.02.28 22:15:00,109884.48,109884.48,109869.53,109869.53,300,80,0
2026.02.28 22:10:00,109899.48,109899.48,109884.53,109884.53,300,80,0
2026.02.28 22:05:00,109914.48,109914.48,109899.53,109899.53,300,80,0
2026.02.28 22:00:00,109929.48,109929.48,109914.53,109914.53,300,80,0
2026.02.28 21:55:00,109944.48,109944.48,109929.53,109929.53,300,80,0
2026.02.28 21:50:00,109887.60,109946.38,109874.85,109944.53,301,80,0
2026.02.28 21:45:00,109880.33,109888.80,109866.63,109887.65,299,80,0
2026.02.28 21:40:00,109868.44,109886.13,109859.29,109880.38,300,80,0
2026.02.28 21:35:00,109858.24,109881.99,109856.79,109868.49,301,80,0
2026.02.28 21:30:00,109873.24,109873.24,109858.29,109858.29,300,80,0
2026.02.28 21:25:00,109888.24,109888.24,109873.29,109873.29,300,80,0
2026.02.28 21:20:00,109850.49,109890.04,109842.79,109888.29,300,80,0
2026.02.28 21:15:00,109843.25,109861.39,109839.20,109850.54,300,80,0
2026.02.28 21:10:00,109837.76,109849.00,109828.56,109843.30,300,80,0
2026.02.28 21:05:00,109837.58,109848.91,109833.78,109837.81,300,80,0
2026.02.28 21:00:00,109852.58,109852.58,109837.63,109837.63,300,80,0
2026.02.28 20:55:00,109846.86,109857.13,109836.46,109852.63,300,80,0
2026.02.28 20:50:00,109809.04,109853.46,109807.24,109846.91,300,80,0
2026.02.28 20:45:00,109824.04,109824.04,109809.09,109809.09,300,80,0
2026.02.28 20:40:00,109807.91,109832.59,109801.51,109824.09,300,80,0
2026.02.28 20:35:00,109822.91,109822.91,109807.96,109807.96,300,80,0
2026.02.28 20:30:00,109837.91,109837.91,109822.96,109822.96,300,80,0
2026.02.28 20:25:00,109852.91,109852.91,109837.96,109837.96,300,80,0
2026.02.28 20:20:00,109840.40,109856.06,109828.60,109852.96,300,80,0
2026.02.28 20:15:00,109855.40,109855.40,109840.45,109840.45,300,80,0
2026.02.28 20:10:00,109840.98,109865.55,109836.18,109855.45,300,80,0
2026.02.28 20:05:00,109855.98,109855.98,109841.03,109841.03,300,80,0
2026.02.28 20:00:00,109870.98,109870.98,109856.03,109856.03,300,80,0
2026.02.28 19:55:00,109885.98,109885.98,109871.03,109871.03,300,80,0
2026.02.28 19:50:00,109857.16,109895.13,109851.36,109886.03,300,80,0
2026.02.28 19:45:00,109842.91,109864.06,109834.86,109857.21,300,80,0
2026.02.28 19:40:00,109857.91,109857.91,109842.96,109842.96,300,80,0
2026.02.28 19:35:00,109872.91,109872.91,109857.96,109857.96,300,80,0
2026.02.28 19:30:00,109887.91,109887.91,109872.96,109872.96,300,80,0
2026.02.28 19:25:00,109902.91,109902.91,109887.96,109887.96,300,80,0
2026.02.28 19:20:00,109917.91,109917.91,109902.96,109902.96,300,80,0
2026.02.28 19:15:00,109927.56,109927.56,109917.96,109917.96,175,80,0
2026.02.28 19:10:00,109942.56,109942.56,109927.61,109927.61,300,80,0
2026.02.28 19:05:00,109957.56,109957.56,109942.61,109942.61,300,80,0
2026.02.28 19:00:00,109972.56,109972.56,109957.61,109957.61,300,80,0
2026.02.28 18:55:00,109987.56,109987.56,109972.61,109972.61,300,80,0
2026.02.28 18:50:00,109971.81,110000.01,109969.31,109987.61,300,80,0
2026.02.28 18:45:00,109986.81,109986.81,109971.86,109971.86,300,80,0
2026.02.28 18:40:00,110001.81,110001.81,109986.86,109986.86,300,80,0
2026.02.28 18:35:00,110016.81,110016.81,110001.86,110001.86,300,80,0
2026.02.28 18:30:00,110031.81,110031.81,110016.86,110016.86,300,80,0
2026.02.28 18:25:00,110046.81,110046.81,110031.86,110031.86,300,80,0
2026.02.28 18:20:00,110014.31,110054.21,110006.76,110046.86,300,80,0
2026.02.28 18:15:00,110029.31,110029.31,110014.36,110014.36,300,80,0
2026.02.28 18:10:00,110044.31,110044.31,110029.36,110029.36,300,80,0
2026.02.28 18:05:00,110059.31,110059.31,110044.36,110044.36,300,80,0
2026.02.28 18:00:00,110049.94,110067.36,110043.04,110059.36,300,80,0
2026.02.28 17:55:00,110064.94,110064.94,110049.99,110049.99,300,80,0
2026.02.28 17:50:00,110079.94,110079.94,110064.99,110064.99,300,80,0
2026.02.28 17:45:00,110094.94,110094.94,110079.99,110079.99,300,80,0
2026.02.28 17:40:00,110109.94,110109.94,110094.99,110094.99,300,80,0
2026.02.28 17:35:00,110024.42,110110.79,110018.52,110109.99,300,80,0
2026.02.28 17:30:00,110039.42,110039.42,110024.47,110024.47,300,80,0
2026.02.28 17:25:00,110054.42,110054.42,110039.47,110039.47,300,80,0
2026.02.28 17:20:00,110069.42,110069.42,110054.47,110054.47,300,80,0
2026.02.28 17:15:00,110026.76,110072.32,110021.76,110069.47,300,80,0
2026.02.28 17:10:00,110041.76,110041.76,110026.81,110026.81,300,80,0
2026.02.28 17:05:00,110056.76,110056.76,110041.81,110041.81,300,80,0
2026.02.28 17:00:00,110071.81,110071.81,110056.81,110056.81,301,80,0
2026.02.28 16:55:00,110086.81,110086.81,110071.86,110071.86,300,80,0
2026.02.28 16:50:00,110101.81,110101.81,110086.86,110086.86,300,80,0
2026.02.28 16:45:00,110116.81,110116.81,110101.86,110101.86,300,80,0
2026.02.28 16:40:00,110131.81,110131.81,110116.86,110116.86,300,80,0
2026.02.28 16:35:00,110146.81,110146.81,110131.86,110131.86,300,80,0
2026.02.28 16:30:00,110161.81,110161.81,110146.86,110146.86,300,80,0
2026.02.28 16:25:00,110176.81,110176.81,110161.86,110161.86,300,80,0
2026.02.28 16:20:00,110156.91,110187.71,110152.86,110176.86,300,80,0
2026.02.28 16:15:00,110171.91,110171.91,110156.96,110156.96,300,80,0
2026.02.28 16:10:00,110186.91,110186.91,110171.96,110171.96,300,80,0
2026.02.28 16:05:00,110201.91,110201.91,110186.96,110186.96,300,80,0
2026.02.28 16:00:00,110196.66,110214.51,110194.31,110201.96,300,80,0
2026.02.28 15:55:00,110211.66,110211.66,110196.71,110196.71,300,80,0
2026.02.28 15:50:00,110226.66,110226.66,110211.71,110211.71,300,80,0
2026.02.28 15:45:00,110241.66,110241.66,110226.71,110226.71,300,80,0
2026.02.28 15:40:00,110256.66,110256.66,110241.71,110241.71,300,80,0
2026.02.28 15:35:00,110229.70,110259.76,110217.85,110256.71,300,80,0
2026.02.28 15:30:00,110190.51,110231.70,110180.76,110229.75,300,80,0
2026.02.28 15:25:00,110205.51,110205.51,110190.56,110190.56,300,80,0
2026.02.28 15:20:00,110202.52,110216.36,110198.42,110205.56,300,80,0
2026.02.28 15:15:00,110180.96,110207.62,110171.11,110202.57,300,80,0
2026.02.28 15:10:00,110195.96,110195.96,110181.01,110181.01,300,80,0
2026.02.28 15:05:00,110188.98,110208.46,110186.53,110196.01,300,80,0
2026.02.28 15:00:00,110203.98,110203.98,110189.03,110189.03,300,80,0
2026.02.28 14:55:00,110218.98,110218.98,110204.03,110204.03,300,80,0
2026.02.28 14:50:00,110233.98,110233.98,110219.03,110219.03,300,80,0
2026.02.28 14:45:00,110248.98,110248.98,110234.03,110234.03,300,80,0
2026.02.28 14:40:00,110246.29,110253.98,110236.34,110249.03,300,80,0
2026.02.28 14:35:00,110261.29,110261.29,110246.34,110246.34,300,80,0
2026.02.28 14:30:00,110276.29,110276.29,110261.34,110261.34,300,80,0
2026.02.28 14:25:00,110291.29,110291.29,110276.34,110276.34,300,80,0
2026.02.28 14:20:00,110279.43,110305.14,110278.33,110291.34,300,80,0
2026.02.28 14:15:00,110294.43,110294.43,110279.48,110279.48,300,80,0
2026.02.28 14:10:00,110309.43,110309.43,110294.48,110294.48,300,80,0
2026.02.28 14:05:00,110324.43,110324.43,110309.48,110309.48,300,80,0
2026.02.28 14:00:00,110339.43,110339.43,110324.48,110324.48,300,80,0
2026.02.28 13:55:00,110354.43,110354.43,110339.48,110339.48,300,80,0
2026.02.28 13:50:00,110351.94,110355.73,110338.29,110354.48,300,80,0
2026.02.28 13:45:00,110335.70,110364.14,110332.95,110351.99,300,80,0
2026.02.28 13:40:00,110350.70,110350.70,110335.75,110335.75,300,80,0
2026.02.28 13:35:00,110365.70,110365.70,110350.75,110350.75,300,80,0
2026.02.28 13:30:00,110380.70,110380.70,110365.75,110365.75,300,80,0
2026.02.28 13:25:00,110281.17,110382.35,110278.97,110380.75,300,80,0
2026.02.28 13:20:00,110251.01,110292.02,110246.91,110281.22,300,80,0
2026.02.28 13:15:00,110171.87,110261.11,110168.77,110251.06,300,80,0
2026.02.28 13:10:00,110128.14,110177.27,110121.74,110171.92,300,80,0
2026.02.28 13:05:00,110102.85,110133.74,110102.55,110128.19,300,80,0
2026.02.28 13:00:00,110024.06,110115.95,110023.26,110102.90,300,80,0
2026.02.28 12:55:00,110020.46,110038.16,110019.61,110024.11,300,80,0
2026.02.28 12:50:00,110016.74,110031.91,110013.24,110020.51,300,80,0
2026.02.28 12:45:00,110031.74,110031.74,110016.79,110016.79,300,80,0
2026.02.28 12:40:00,110046.74,110046.74,110031.79,110031.79,300,80,0
2026.02.28 12:35:00,110033.68,110057.14,110029.13,110046.79,300,80,0
2026.02.28 12:30:00,110013.18,110042.08,110006.63,110033.73,300,80,0
2026.02.28 12:25:00,109982.68,110023.23,109977.78,110013.23,300,80,0
2026.02.28 12:20:00,109981.10,109991.43,109974.90,109982.73,300,80,0
2026.02.28 12:15:00,109996.10,109996.10,109981.15,109981.15,300,80,0
2026.02.28 12:10:00,110011.10,110011.10,109996.15,109996.15,300,80,0
2026.02.28 12:05:00,109973.00,110014.10,109967.65,110011.15,300,80,0
2026.02.28 12:00:00,109988.00,109988.00,109973.05,109973.05,300,80,0
2026.02.28 11:55:00,110003.00,110003.00,109988.05,109988.05,300,80,0
2026.02.28 11:50:00,110018.00,110018.00,110003.05,110003.05,300,80,0
2026.02.28 11:45:00,110016.67,110028.05,110011.77,110018.05,300,80,0
2026.02.28 11:40:00,110031.67,110031.67,110016.72,110016.72,300,80,0
2026.02.28 11:35:00,110046.67,110046.67,110031.72,110031.72,300,80,0
2026.02.28 11:30:00,109977.42,110055.47,109976.17,110046.72,300,80,0
2026.02.28 11:25:00,109992.42,109992.42,109977.47,109977.47,300,80,0
2026.02.28 11:20:00,110007.42,110007.42,109992.47,109992.47,300,80,0
2026.02.28 11:15:00,110022.42,110022.42,110007.47,110007.47,300,80,0
2026.02.28 11:10:00,109965.06,110023.17,109959.31,110022.47,300,80,0
2026.02.28 11:05:00,109941.86,109966.61,109939.56,109965.11,300,80,0
2026.02.28 11:00:00,109908.76,109943.51,109895.46,109941.91,300,80,0
2026.02.28 10:55:00,109834.66,109912.71,109829.71,109908.81,300,80,0
2026.02.28 10:50:00,109849.66,109849.66,109834.71,109834.71,300,80,0
2026.02.28 10:45:00,109864.66,109864.66,109849.71,109849.71,300,80,0
2026.02.28 10:40:00,109879.66,109879.66,109864.71,109864.71,300,80,0
2026.02.28 10:35:00,109894.66,109894.66,109879.71,109879.71,300,80,0
2026.02.28 10:30:00,109867.04,109897.61,109855.04,109894.71,300,80,0
2026.02.28 10:25:00,109882.04,109882.04,109867.09,109867.09,300,80,0
2026.02.28 10:20:00,109897.04,109897.04,109882.09,109882.09,300,80,0
2026.02.28 10:15:00,109884.92,109884.92,109869.97,109869.97,300,80,0
2026.02.28 10:10:00,109899.92,109899.92,109884.97,109884.97,300,80,0
2026.02.28 10:05:00,109914.92,109914.92,109899.97,109899.97,300,80,0
2026.02.28 10:00:00,109929.92,109929.92,109914.97,109914.97,300,80,0
2026.02.28 09:55:00,109944.92,109944.92,109929.97,109929.97,300,80,0
2026.02.28 09:50:00,109959.92,109959.92,109944.97,109944.97,300,80,0
2026.02.28 09:45:00,109974.92,109974.92,109959.97,109959.97,300,80,0
2026.02.28 09:40:00,109989.92,109989.92,109974.97,109974.97,300,80,0
2026.02.28 09:35:00,109972.06,109991.32,109958.51,109989.97,300,80,0
2026.02.28 09:30:00,109987.06,109987.06,109972.11,109972.11,300,80,0
2026.02.28 09:25:00,109984.84,110001.61,109984.44,109987.11,300,80,0
2026.02.28 09:20:00,109999.84,109999.84,109984.89,109984.89,300,80,0
2026.02.28 09:15:00,110014.84,110014.84,109999.89,109999.89,300,80,0
2026.02.28 09:10:00,110029.84,110029.84,110014.89,110014.89,300,80,0
2026.02.28 09:05:00,110004.26,110041.19,110000.66,110029.89,300,80,0
2026.02.28 09:00:00,109978.27,110010.41,109971.57,110004.31,300,80,0
2026.02.28 08:55:00,109976.40,109990.97,109974.15,109978.32,300,80,0
2026.02.28 08:50:00,109991.40,109991.40,109976.45,109976.45,300,80,0
2026.02.28 08:45:00,110006.40,110006.40,109991.45,109991.45,300,80,0
2026.02.28 08:40:00,110002.15,110017.20,109998.00,110006.45,300,80,0
2026.02.28 08:35:00,110017.15,110017.15,110002.20,110002.20,300,80,0
2026.02.28 08:30:00,110032.15,110032.15,110017.20,110017.20,300,80,0
2026.02.28 08:25:00,110047.15,110047.15,110032.20,110032.20,300,80,0
2026.02.28 08:20:00,110062.15,110062.15,110047.20,110047.20,300,80,0
2026.02.28 08:15:00,110077.15,110077.15,110062.20,110062.20,300,80,0
2026.02.28 08:10:00,110092.15,110092.15,110077.20,110077.20,300,80,0
2026.02.28 08:05:00,110107.15,110107.15,110092.20,110092.20,300,80,0
2026.02.28 08:00:00,110072.05,110108.30,110058.25,110107.20,300,80,0
2026.02.28 07:55:00,110087.10,110087.10,110072.10,110072.10,301,80,0
2026.02.28 07:50:00,110064.14,110092.00,110054.09,110087.15,300,80,0
2026.02.28 07:45:00,110079.14,110079.14,110064.19,110064.19,300,80,0
2026.02.28 07:40:00,110094.14,110094.14,110079.19,110079.19,300,80,0
2026.02.28 07:35:00,110109.14,110109.14,110094.19,110094.19,300,80,0
2026.02.28 07:30:00,110087.29,110117.79,110080.99,110109.19,300,80,0
2026.02.28 07:25:00,110084.84,110092.89,110075.49,110087.34,300,80,0
2026.02.28 07:20:00,110071.74,110085.14,110057.09,110084.89,300,80,0
2026.02.28 07:15:00,110086.74,110086.74,110071.79,110071.79,300,80,0
2026.02.28 07:10:00,110078.64,110094.34,110071.29,110086.79,300,80,0
2026.02.28 07:05:00,110093.64,110093.64,110078.69,110078.69,300,80,0
2026.02.28 07:00:00,110108.64,110108.64,110093.69,110093.69,300,80,0
2026.02.28 06:55:00,110123.64,110123.64,110108.69,110108.69,300,80,0
2026.02.28 06:50:00,110138.64,110138.64,110123.69,110123.69,300,80,0
2026.02.28 06:45:00,110130.23,110145.99,110122.63,110138.69,300,80,0
2026.02.28 06:40:00,110110.51,110130.38,110105.96,110130.28,300,80,0
2026.02.28 06:35:00,110070.74,110113.71,110066.54,110110.56,300,80,0
2026.02.28 06:30:00,110085.74,110085.74,110070.79,110070.79,300,80,0
2026.02.28 06:25:00,110100.74,110100.74,110085.79,110085.79,300,80,0
2026.02.28 06:20:00,110115.74,110115.74,110100.79,110100.79,300,80,0
2026.02.28 06:15:00,110130.74,110130.74,110115.79,110115.79,300,80,0
2026.02.28 06:10:00,110145.74,110145.74,110130.79,110130.79,300,80,0
2026.02.28 06:05:00,110160.74,110160.74,110145.79,110145.79,300,80,0
2026.02.28 06:00:00,110112.73,110162.04,110102.73,110160.79,300,80,0
2026.02.28 05:55:00,110127.73,110127.73,110112.78,110112.78,300,80,0
2026.02.28 05:50:00,110142.73,110142.73,110127.78,110127.78,300,80,0
2026.02.28 05:45:00,110124.58,110155.23,110122.13,110142.78,300,80,0
2026.02.28 05:40:00,110139.58,110139.58,110124.63,110124.63,300,80,0
2026.02.28 05:35:00,110125.55,110147.08,110118.10,110139.63,300,80,0
2026.02.28 05:30:00,110140.55,110140.55,110125.60,110125.60,300,80,0
2026.02.28 05:25:00,110111.74,110144.15,110106.94,110140.60,300,80,0
2026.02.28 05:20:00,110126.74,110126.74,110111.79,110111.79,300,80,0
2026.02.28 05:15:00,110141.74,110141.74,110126.79,110126.79,300,80,0
2026.02.28 05:10:00,110156.74,110156.74,110141.79,110141.79,300,80,0
2026.02.28 05:05:00,110171.74,110171.74,110156.79,110156.79,300,80,0
2026.02.28 05:00:00,110111.92,110174.99,110103.47,110171.79,300,80,0
2026.02.28 04:55:00,110126.92,110126.92,110111.97,110111.97,300,80,0
2026.02.28 04:50:00,110141.92,110141.92,110126.97,110126.97,300,80,0
2026.02.28 04:45:00,110156.92,110156.92,110141.97,110141.97,300,80,0
2026.02.28 04:40:00,110171.92,110171.92,110156.97,110156.97,300,80,0
2026.02.28 04:35:00,110164.91,110180.52,110158.56,110171.97,300,80,0
2026.02.28 04:30:00,110124.76,110172.21,110117.26,110164.96,300,80,0
2026.02.28 04:25:00,110139.76,110139.76,110124.81,110124.81,300,80,0
2026.02.28 04:20:00,110154.76,110154.76,110139.81,110139.81,300,80,0
2026.02.28 04:15:00,110115.96,110165.46,110113.21,110154.81,300,80,0
2026.02.28 04:10:00,110130.96,110130.96,110116.01,110116.01,300,80,0
2026.02.28 04:05:00,110145.96,110145.96,110131.01,110131.01,300,80,0
2026.02.28 04:00:00,110102.92,110157.51,110099.72,110146.01,300,80,0
2026.02.28 03:55:00,110013.70,110107.57,110009.60,110102.97,300,80,0
2026.02.28 03:50:00,110028.70,110028.70,110013.75,110013.75,300,80,0
2026.02.28 03:45:00,110023.95,110043.30,110023.60,110028.75,300,80,0
2026.02.28 03:40:00,110014.22,110036.25,110011.57,110024.00,300,80,0
2026.02.28 03:35:00,110029.22,110029.22,110014.27,110014.27,300,80,0
2026.02.28 03:30:00,110044.22,110044.22,110029.27,110029.27,300,80,0
2026.02.28 03:25:00,110059.22,110059.22,110044.27,110044.27,300,80,0
2026.02.28 03:20:00,110074.22,110074.22,110059.27,110059.27,300,80,0
2026.02.28 03:15:00,110089.22,110089.22,110074.27,110074.27,300,80,0
2026.02.28 03:10:00,110088.14,110098.72,110082.69,110089.27,300,80,0
2026.02.28 03:05:00,110086.15,110088.19,110071.25,110088.19,300,80,0
2026.02.28 03:00:00,110101.15,110101.15,110086.20,110086.20,300,80,0
2026.02.28 02:55:00,110116.15,110116.15,110101.20,110101.20,300,80,0
2026.02.28 02:50:00,110131.15,110131.15,110116.20,110116.20,300,80,0
2026.02.28 02:45:00,110146.15,110146.15,110131.20,110131.20,300,80,0
2026.02.28 02:40:00,110161.15,110161.15,110146.20,110146.20,300,80,0
2026.02.28 02:35:00,110176.15,110176.15,110161.20,110161.20,300,80,0
2026.02.28 02:30:00,110162.49,110181.00,110152.39,110176.20,300,80,0
2026.02.28 02:25:00,110146.46,110177.44,110146.46,110162.54,300,80,0
2026.02.28 02:20:00,110161.46,110161.46,110146.51,110146.51,300,80,0
2026.02.28 02:15:00,110176.46,110176.46,110161.51,110161.51,300,80,0
2026.02.28 02:10:00,110151.37,110180.66,110140.62,110176.51,300,80,0
2026.02.28 02:05:00,110139.27,110159.67,110132.62,110151.42,300,80,0
2026.02.28 02:00:00,110154.27,110154.27,110139.32,110139.32,300,80,0
2026.02.28 01:55:00,110169.27,110169.27,110154.32,110154.32,300,80,0
2026.02.28 01:50:00,110133.31,110172.22,110122.31,110169.32,300,80,0
2026.02.28 01:45:00,110148.31,110148.31,110133.36,110133.36,300,80,0
2026.02.28 01:40:00,110163.31,110163.31,110148.36,110148.36,300,80,0
2026.02.28 01:35:00,110056.12,110165.41,110055.32,110163.36,300,80,0
2026.02.28 01:30:00,110071.12,110071.12,110056.17,110056.17,300,80,0
2026.02.28 01:25:00,110086.12,110086.12,110071.17,110071.17,300,80,0
2026.02.28 01:20:00,110101.12,110101.12,110086.17,110086.17,300,80,0
2026.02.28 01:15:00,110116.12,110116.12,110101.17,110101.17,300,80,0
2026.02.28 01:10:00,110094.87,110126.92,110090.72,110116.17,300,80,0
2026.02.28 01:05:00,110109.87,110109.87,110094.92,110094.92,300,80,0
2026.02.28 01:00:00,110124.87,110124.87,110109.92,110109.92,300,80,0
2026.02.28 00:55:00,110103.49,110128.87,110092.54,110124.92,300,80,0
2026.02.28 00:50:00,110118.49,110118.49,110103.54,110103.54,300,80,0
2026.02.28 00:45:00,110104.93,110127.24,110098.73,110118.54,300,80,0
2026.02.28 00:40:00,110119.93,110119.93,110104.98,110104.98,300,80,0
2026.02.28 00:35:00,110134.93,110134.93,110119.98,110119.98,300,80,0
2026.02.28 00:30:00,110116.30,110146.58,110113.00,110134.98,300,80,0
2026.02.28 00:25:00,110131.30,110131.30,110116.35,110116.35,300,80,0
2026.02.28 00:20:00,110146.30,110146.30,110131.35,110131.35,300,80,0
2026.02.28 00:15:00,110161.30,110161.30,110146.35,110146.35,300,80,0
2026.02.28 00:10:00,110176.30,110176.30,110161.35,110161.35,300,80,0
2026.02.28 00:05:00,110191.30,110191.30,110176.35,110176.35,300,80,0
2026.02.28 00:00:00,110206.30,110206.30,110191.35,110191.35,300,80,0
2026.02.27 23:55:00,110190.65,110219.25,110188.65,110206.35,300,80,0
2026.02.27 23:50:00,110166.03,110198.80,110159.23,110190.70,300,80,0
2026.02.27 23:45:00,110181.03,110181.03,110166.08,110166.08,300,80,0
2026.02.27 23:40:00,110167.44,110182.73,110154.19,110181.08,300,80,0
2026.02.27 23:35:00,110182.44,110182.44,110167.49,110167.49,300,80,0
2026.02.27 23:30:00,110141.03,110183.84,110137.13,110182.49,300,80,0
2026.02.27 23:25:00,110156.03,110156.03,110141.08,110141.08,300,80,0
2026.02.27 23:20:00,110171.03,110171.03,110156.08,110156.08,300,80,0
2026.02.27 23:15:00,110186.03,110186.03,110171.08,110171.08,300,80,0
2026.02.27 23:10:00,110201.03,110201.03,110186.08,110186.08,300,80,0
2026.02.27 23:05:00,110216.03,110216.03,110201.08,110201.08,300,80,0
2026.02.27 23:00:00,110231.03,110231.03,110216.08,110216.08,300,80,0
2026.02.27 22:55:00,110246.03,110246.03,110231.08,110231.08,300,80,0
2026.02.27 22:50:00,110261.08,110261.08,110246.08,110246.08,301,80,0
2026.02.27 22:45:00,110243.42,110274.38,110241.77,110261.13,300,80,0
2026.02.27 22:40:00,110258.42,110258.42,110243.47,110243.47,300,80,0
2026.02.27 22:35:00,110273.42,110273.42,110258.47,110258.47,300,80,0
2026.02.27 22:30:00,110266.20,110273.72,110251.55,110273.47,300,80,0
2026.02.27 22:25:00,110281.20,110281.20,110266.25,110266.25,300,80,0
2026.02.27 22:20:00,110296.20,110296.20,110281.25,110281.25,300,80,0
2026.02.27 22:15:00,110311.20,110311.20,110296.25,110296.25,300,80,0
2026.02.27 22:10:00,110289.26,110319.75,110282.86,110311.25,300,80,0
2026.02.27 22:05:00,110304.26,110304.26,110289.31,110289.31,300,80,0
2026.02.27 22:00:00,110319.26,110319.26,110304.31,110304.31,300,80,0
2026.02.27 21:55:00,110334.26,110334.26,110319.31,110319.31,300,80,0
2026.02.27 21:50:00,110349.26,110349.26,110334.31,110334.31,300,80,0
2026.02.27 21:45:00,110364.26,110364.26,110349.31,110349.31,300,80,0
2026.02.27 21:40:00,110358.54,110364.96,110344.29,110364.31,300,80,0
2026.02.27 21:35:00,110341.09,110368.94,110336.54,110358.59,300,80,0
2026.02.27 21:30:00,110356.09,110356.09,110341.14,110341.14,300,80,0
2026.02.27 21:25:00,110371.09,110371.09,110356.14,110356.14,300,80,0
2026.02.27 21:20:00,110386.09,110386.09,110371.14,110371.14,300,80,0
2026.02.27 21:15:00,110347.30,110398.14,110346.25,110386.14,300,80,0
2026.02.27 21:10:00,110346.79,110355.55,110340.09,110347.35,300,80,0
2026.02.27 21:05:00,110339.16,110359.54,110336.96,110346.84,300,80,0
2026.02.27 21:00:00,110332.75,110341.41,110320.05,110339.21,300,80,0
2026.02.27 20:55:00,110347.75,110347.75,110332.80,110332.80,300,80,0
2026.02.27 20:50:00,110362.75,110362.75,110347.80,110347.80,300,80,0
2026.02.27 20:45:00,110358.69,110369.05,110350.04,110362.80,300,80,0
2026.02.27 20:40:00,110313.61,110369.84,110311.61,110358.74,300,80,0
2026.02.27 20:35:00,110261.28,110313.81,110247.43,110313.66,300,80,0
2026.02.27 20:30:00,110276.28,110276.28,110261.33,110261.33,300,80,0
2026.02.27 20:25:00,110252.91,110288.53,110250.21,110276.33,300,80,0
2026.02.27 20:20:00,110267.91,110267.91,110252.96,110252.96,300,80,0
2026.02.27 20:15:00,110282.91,110282.91,110267.96,110267.96,300,80,0
2026.02.27 20:10:00,110247.01,110290.16,110239.31,110282.96,300,80,0
2026.02.27 20:05:00,110235.85,110256.91,110230.80,110247.06,300,80,0
2026.02.27 20:00:00,110250.85,110250.85,110235.90,110235.90,300,80,0
2026.02.27 19:55:00,110265.85,110265.85,110250.90,110250.90,300,80,0
2026.02.27 19:50:00,110257.59,110269.15,110245.94,110265.90,300,80,0
2026.02.27 19:45:00,110272.59,110272.59,110257.64,110257.64,300,80,0
2026.02.27 19:40:00,110236.18,110273.39,110222.53,110272.64,300,80,0
2026.02.27 19:35:00,110251.18,110251.18,110236.23,110236.23,300,80,0
2026.02.27 19:30:00,110266.18,110266.18,110251.23,110251.23,300,80,0
2026.02.27 19:25:00,110142.04,110269.88,110139.39,110266.23,300,80,0
2026.02.27 19:20:00,110124.05,110156.14,110123.20,110142.09,300,80,0
2026.02.27 19:15:00,110139.05,110139.05,110124.10,110124.10,300,80,0
2026.02.27 19:10:00,110154.05,110154.05,110139.10,110139.10,300,80,0
2026.02.27 19:05:00,110169.05,110169.05,110154.10,110154.10,300,80,0
2026.02.27 19:00:00,110167.80,110176.75,110160.55,110169.10,300,80,0
2026.02.27 18:55:00,110182.80,110182.80,110167.85,110167.85,300,80,0
2026.02.27 18:50:00,110156.13,110187.55,110145.93,110182.85,300,80,0
2026.02.27 18:45:00,110171.13,110171.13,110156.18,110156.18,300,80,0
2026.02.27 18:40:00,110142.10,110175.53,110131.55,110171.18,300,80,0
2026.02.27 18:35:00,110157.10,110157.10,110142.15,110142.15,300,80,0
2026.02.27 18:30:00,110172.10,110172.10,110157.15,110157.15,300,80,0
2026.02.27 18:25:00,110154.96,110175.55,110143.46,110172.15,300,80,0
2026.02.27 18:20:00,110169.96,110169.96,110155.01,110155.01,300,80,0
2026.02.27 18:15:00,110184.96,110184.96,110170.01,110170.01,300,80,0
2026.02.27 18:10:00,110153.48,110192.36,110145.93,110185.01,300,80,0
2026.02.27 18:05:00,110135.72,110165.18,110132.47,110153.53,300,80,0
2026.02.27 18:00:00,110150.72,110150.72,110135.77,110135.77,300,80,0
2026.02.27 17:55:00,110148.45,110156.42,110139.20,110150.77,300,80,0
2026.02.27 17:50:00,110163.45,110163.45,110148.50,110148.50,300,80,0
2026.02.27 17:45:00,110159.04,110165.00,110145.64,110163.50,300,80,0
2026.02.27 17:40:00,110174.04,110174.04,110159.09,110159.09,300,80,0
2026.02.27 17:35:00,110163.41,110179.39,110153.81,110174.09,300,80,0
2026.02.27 17:30:00,110155.73,110163.76,110141.13,110163.46,300,80,0
2026.02.27 17:25:00,110170.73,110170.73,110155.78,110155.78,300,80,0
2026.02.27 17:20:00,110185.73,110185.73,110170.78,110170.78,300,80,0
2026.02.27 17:15:00,110200.73,110200.73,110185.78,110185.78,300,80,0
2026.02.27 17:10:00,110215.73,110215.73,110200.78,110200.78,300,80,0
2026.02.27 17:05:00,110230.73,110230.73,110215.78,110215.78,300,80,0
2026.02.27 17:00:00,110245.73,110245.73,110230.78,110230.78,300,80,0
2026.02.27 16:55:00,110224.84,110255.98,110220.14,110245.78,300,80,0
2026.02.27 16:50:00,110239.84,110239.84,110224.89,110224.89,300,80,0
2026.02.27 16:45:00,110254.84,110254.84,110239.89,110239.89,300,80,0
2026.02.27 16:40:00,110269.84,110269.84,110254.89,110254.89,300,80,0
2026.02.27 16:35:00,110247.72,110271.54,110234.47,110269.89,300,80,0
2026.02.27 16:30:00,110262.72,110262.72,110247.77,110247.77,300,80,0
2026.02.27 16:25:00,110257.93,110276.57,110256.83,110262.77,300,80,0
2026.02.27 16:20:00,110272.93,110272.93,110257.98,110257.98,300,80,0
2026.02.27 16:15:00,110231.37,110277.18,110230.17,110272.98,300,80,0
2026.02.27 16:10:00,110246.37,110246.37,110231.42,110231.42,300,80,0
2026.02.27 16:05:00,110261.37,110261.37,110246.42,110246.42,300,80,0
2026.02.27 16:00:00,110276.37,110276.37,110261.42,110261.42,300,80,0
2026.02.27 15:55:00,110263.55,110284.77,110257.00,110276.42,300,80,0
2026.02.27 15:50:00,110278.55,110278.55,110263.60,110263.60,300,80,0
2026.02.27 15:45:00,110231.82,110290.20,110228.52,110278.60,300,80,0
2026.02.27 15:40:00,110191.10,110241.47,110190.10,110231.87,300,80,0
2026.02.27 15:35:00,110206.10,110206.10,110191.15,110191.15,300,80,0
2026.02.27 15:30:00,110199.35,110208.05,110186.35,110206.15,300,80,0
2026.02.27 15:25:00,110214.35,110214.35,110199.40,110199.40,300,80,0
2026.02.27 15:20:00,110229.35,110229.35,110214.40,110214.40,300,80,0
2026.02.27 15:15:00,110224.50,110232.25,110212.45,110229.40,300,80,0
2026.02.27 15:10:00,110239.50,110239.50,110224.55,110224.55,300,80,0
2026.02.27 15:05:00,110254.50,110254.50,110239.55,110239.55,300,80,0
2026.02.27 15:00:00,110269.50,110269.50,110254.55,110254.55,300,80,0
2026.02.27 14:55:00,110284.50,110284.50,110269.55,110269.55,300,80,0
2026.02.27 14:50:00,110299.50,110299.50,110284.55,110284.55,300,80,0
2026.02.27 14:45:00,110314.50,110314.50,110299.55,110299.55,300,80,0
2026.02.27 14:40:00,110329.50,110329.50,110314.55,110314.55,300,80,0
2026.02.27 14:35:00,110344.50,110344.50,110329.55,110329.55,300,80,0
2026.02.27 14:30:00,110322.26,110345.85,110308.66,110344.55,300,80,0
2026.02.27 14:25:00,110319.22,110323.61,110305.62,110322.31,300,80,0
2026.02.27 14:20:00,110275.57,110323.07,110275.47,110319.27,300,80,0
2026.02.27 14:15:00,110205.23,110281.52,110204.28,110275.62,300,80,0
2026.02.27 14:10:00,110220.23,110220.23,110205.28,110205.28,300,80,0
2026.02.27 14:05:00,110214.40,110225.13,110204.35,110220.28,300,80,0
2026.02.27 14:00:00,110229.40,110229.40,110214.45,110214.45,300,80,0
2026.02.27 13:55:00,110207.30,110230.55,110193.50,110229.45,300,80,0
2026.02.27 13:50:00,110222.30,110222.30,110207.35,110207.35,300,80,0
2026.02.27 13:45:00,110237.30,110237.30,110222.35,110222.35,300,80,0
2026.02.27 13:40:00,110252.30,110252.30,110237.35,110237.35,300,80,0
2026.02.27 13:35:00,110233.96,110266.70,110233.41,110252.35,300,80,0
2026.02.27 13:30:00,110248.96,110248.96,110234.01,110234.01,300,80,0
2026.02.27 13:25:00,110263.96,110263.96,110249.01,110249.01,300,80,0
2026.02.27 13:20:00,110278.96,110278.96,110264.01,110264.01,300,80,0
2026.02.27 13:15:00,110251.36,110290.56,110248.01,110279.01,300,80,0
2026.02.27 13:10:00,110266.36,110266.36,110251.41,110251.41,300,80,0
2026.02.27 13:05:00,110237.57,110281.01,110237.27,110266.41,300,80,0
2026.02.27 13:00:00,110227.82,110248.47,110223.77,110237.62,300,80,0
2026.02.27 12:55:00,110242.82,110242.82,110227.87,110227.87,300,80,0
2026.02.27 12:50:00,110257.82,110257.82,110242.87,110242.87,300,80,0
2026.02.27 12:45:00,110272.82,110272.82,110257.87,110257.87,300,80,0
2026.02.27 12:40:00,110255.10,110278.52,110245.85,110272.87,300,80,0
2026.02.27 12:35:00,110270.10,110270.10,110255.15,110255.15,300,80,0
2026.02.27 12:30:00,110262.74,110275.75,110253.44,110270.15,300,80,0
2026.02.27 12:25:00,110277.74,110277.74,110262.79,110262.79,300,80,0
2026.02.27 12:20:00,110292.74,110292.74,110277.79,110277.79,300,80,0
2026.02.27 12:15:00,110282.18,110293.04,110267.53,110292.79,300,80,0
2026.02.27 12:10:00,110297.18,110297.18,110282.23,110282.23,300,80,0
2026.02.27 12:05:00,110312.18,110312.18,110297.23,110297.23,300,80,0
2026.02.27 12:00:00,110295.82,110317.03,110285.72,110312.23,300,80,0
2026.02.27 11:55:00,110271.31,110299.27,110259.81,110295.87,300,80,0
2026.02.27 11:50:00,110286.31,110286.31,110271.36,110271.36,300,80,0
2026.02.27 11:45:00,110301.31,110301.31,110286.36,110286.36,300,80,0
2026.02.27 11:40:00,110294.93,110305.21,110283.88,110301.36,300,80,0
2026.02.27 11:35:00,110309.93,110309.93,110294.98,110294.98,300,80,0
2026.02.27 11:30:00,110324.93,110324.93,110309.98,110309.98,300,80,0
2026.02.27 11:25:00,110321.94,110335.28,110317.34,110324.98,300,80,0
2026.02.27 11:20:00,110307.96,110329.24,110300.31,110321.99,300,80,0
2026.02.27 11:15:00,110287.60,110321.41,110286.10,110308.01,300,80,0
2026.02.27 11:10:00,110284.35,110290.15,110271.95,110287.65,300,80,0
2026.02.27 11:05:00,110299.35,110299.35,110284.40,110284.40,300,80,0
2026.02.27 11:00:00,110235.40,110301.80,110229.45,110299.40,300,80,0
2026.02.27 10:55:00,110250.40,110250.40,110235.45,110235.45,300,80,0
2026.02.27 10:50:00,110265.40,110265.40,110250.45,110250.45,300,80,0
2026.02.27 10:45:00,110226.74,110278.00,110224.79,110265.45,300,80,0
2026.02.27 10:40:00,110213.82,110232.74,110204.87,110226.79,300,80,0
2026.02.27 10:35:00,110228.82,110228.82,110213.87,110213.87,300,80,0
2026.02.27 10:30:00,110243.82,110243.82,110228.87,110228.87,300,80,0
2026.02.27 10:25:00,110197.72,110243.92,110189.72,110243.87,300,80,0
2026.02.27 10:20:00,110172.15,110209.42,110168.90,110197.77,300,80,0
2026.02.27 10:15:00,110158.01,110178.45,110149.36,110172.20,300,80,0
2026.02.27 10:10:00,110118.21,110163.06,110111.81,110158.06,300,80,0
2026.02.27 10:05:00,110133.21,110133.21,110118.26,110118.26,300,80,0
2026.02.27 10:00:00,110131.72,110144.61,110128.17,110133.26,300,80,0
2026.02.27 09:55:00,110146.72,110146.72,110131.77,110131.77,300,80,0
2026.02.27 09:50:00,110144.02,110149.57,110131.92,110146.77,300,80,0
2026.02.27 09:45:00,110159.02,110159.02,110144.07,110144.07,300,80,0
2026.02.27 09:40:00,110141.92,110171.52,110139.47,110159.07,300,80,0
2026.02.27 09:35:00,110092.34,110148.37,110092.29,110141.97,300,80,0
2026.02.27 09:30:00,110107.34,110107.34,110092.39,110092.39,300,80,0
2026.02.27 09:25:00,110122.34,110122.34,110107.39,110107.39,300,80,0
2026.02.27 09:20:00,110137.34,110137.34,110122.39,110122.39,300,80,0
2026.02.27 09:15:00,110124.07,110144.09,110115.87,110137.39,300,80,0
2026.02.27 09:10:00,110139.07,110139.07,110124.12,110124.12,300,80,0
2026.02.27 09:05:00,110100.77,110140.42,110094.47,110139.12,300,80,0
2026.02.27 09:00:00,110115.77,110115.77,110100.82,110100.82,300,80,0
2026.02.27 08:55:00,110130.77,110130.77,110115.82,110115.82,300,80,0
2026.02.27 08:50:00,110119.44,110132.22,110105.94,110130.82,300,80,0
2026.02.27 08:45:00,110101.57,110129.49,110096.67,110119.49,300,80,0
2026.02.27 08:40:00,110116.57,110116.57,110101.62,110101.62,300,80,0
2026.02.27 08:35:00,110056.34,110121.37,110049.99,110116.62,300,80,0
2026.02.27 08:30:00,110071.34,110071.34,110056.39,110056.39,300,80,0
2026.02.27 08:25:00,110059.63,110077.59,110050.93,110071.39,300,80,0
2026.02.27 08:20:00,109984.01,110062.83,109980.21,110059.68,300,80,0
2026.02.27 08:15:00,109999.01,109999.01,109984.06,109984.06,300,80,0
2026.02.27 08:10:00,109994.06,110006.86,109986.96,109999.06,300,80,0
2026.02.27 08:05:00,110009.06,110009.06,109994.11,109994.11,300,80,0
2026.02.27 08:00:00,110024.06,110024.06,110009.11,110009.11,300,80,0
2026.02.27 07:55:00,110039.06,110039.06,110024.11,110024.11,300,80,0
2026.02.27 07:50:00,110054.06,110054.06,110039.11,110039.11,300,80,0
2026.02.27 07:45:00,110031.12,110056.56,110018.67,110054.11,300,80,0
2026.02.27 07:40:00,110046.12,110046.12,110031.17,110031.17,300,80,0
2026.02.27 07:35:00,110036.55,110049.92,110025.40,110046.17,300,80,0
2026.02.27 07:30:00,110014.18,110037.25,109999.88,110036.60,301,80,0
2026.02.27 07:25:00,109996.27,110016.88,109984.02,110014.23,300,80,0
2026.02.27 07:20:00,109980.28,109998.52,109967.63,109996.32,299,80,0
2026.02.27 07:15:00,109995.28,109995.28,109980.33,109980.33,300,80,0
2026.02.27 07:10:00,109989.11,109999.43,109978.31,109995.33,300,80,0
2026.02.27 07:05:00,110004.11,110004.11,109989.16,109989.16,300,80,0
2026.02.27 07:00:00,110019.11,110019.11,110004.16,110004.16,300,80,0
2026.02.27 06:55:00,110034.11,110034.11,110019.16,110019.16,300,80,0
2026.02.27 06:50:00,110049.11,110049.11,110034.16,110034.16,300,80,0
2026.02.27 06:45:00,110034.97,110061.26,110032.17,110049.16,300,80,0
2026.02.27 06:40:00,110049.97,110049.97,110035.02,110035.02,300,80,0
2026.02.27 06:35:00,110064.97,110064.97,110050.02,110050.02,300,80,0
2026.02.27 06:30:00,110079.97,110079.97,110065.02,110065.02,300,80,0
2026.02.27 06:25:00,110094.97,110094.97,110080.02,110080.02,300,80,0
2026.02.27 06:20:00,110109.97,110109.97,110095.02,110095.02,300,80,0
2026.02.27 06:15:00,110124.97,110124.97,110110.02,110110.02,300,80,0
2026.02.27 06:10:00,110118.28,110139.57,110117.93,110125.02,300,80,0
2026.02.27 06:05:00,110133.28,110133.28,110118.33,110118.33,300,80,0
2026.02.27 06:00:00,110148.28,110148.28,110133.33,110133.33,300,80,0
2026.02.27 05:55:00,110138.80,110158.03,110133.60,110148.33,300,80,0
2026.02.27 05:50:00,110063.97,110146.55,110063.82,110138.85,300,80,0
2026.02.27 05:45:00,110078.97,110078.97,110064.02,110064.02,300,80,0
2026.02.27 05:40:00,110093.97,110093.97,110079.02,110079.02,300,80,0
2026.02.27 05:35:00,110108.97,110108.97,110094.02,110094.02,300,80,0
2026.02.27 05:30:00,110080.04,110113.17,110069.29,110109.02,300,80,0
2026.02.27 05:25:00,110047.18,110084.39,110045.33,110080.09,300,80,0
2026.02.27 05:20:00,110062.18,110062.18,110047.23,110047.23,300,80,0
2026.02.27 05:15:00,110077.18,110077.18,110062.23,110062.23,300,80,0
2026.02.27 05:10:00,110092.18,110092.18,110077.23,110077.23,300,80,0
2026.02.27 05:05:00,110089.41,110096.73,110079.01,110092.23,300,80,0
2026.02.27 05:00:00,110104.41,110104.41,110089.46,110089.46,300,80,0
2026.02.27 04:55:00,110085.83,110116.26,110082.73,110104.46,300,80,0
2026.02.27 04:50:00,110100.83,110100.83,110085.88,110085.88,300,80,0
2026.02.27 04:45:00,110094.72,110102.23,110081.17,110100.88,300,80,0
2026.02.27 04:40:00,110109.72,110109.72,110094.77,110094.77,300,80,0
2026.02.27 04:35:00,110124.72,110124.72,110109.77,110109.77,300,80,0
2026.02.27 04:30:00,110118.01,110135.92,110114.26,110124.77,300,80,0
2026.02.27 04:25:00,110133.01,110133.01,110118.06,110118.06,300,80,0
2026.02.27 04:20:00,110148.01,110148.01,110133.06,110133.06,300,80,0
2026.02.27 04:15:00,110147.08,110151.81,110135.93,110148.06,300,80,0
2026.02.27 04:10:00,110162.08,110162.08,110147.13,110147.13,300,80,0
2026.02.27 04:05:00,110136.31,110176.88,110136.16,110162.13,300,80,0
2026.02.27 04:00:00,110131.51,110138.46,110118.71,110136.36,300,80,0
2026.02.27 03:55:00,110119.86,110135.01,110108.41,110131.56,300,80,0
2026.02.27 03:50:00,110105.53,110130.26,110100.98,110119.91,300,80,0
2026.02.27 03:45:00,110120.53,110120.53,110105.58,110105.58,300,80,0
2026.02.27 03:40:00,110135.53,110135.53,110120.58,110120.58,300,80,0
2026.02.27 03:35:00,110110.02,110145.23,110104.77,110135.58,300,80,0
2026.02.27 03:30:00,110076.94,110124.72,110076.69,110110.07,300,80,0
2026.02.27 03:25:00,110062.84,110089.29,110060.24,110076.99,300,80,0
2026.02.27 03:20:00,110077.84,110077.84,110062.89,110062.89,300,80,0
2026.02.27 03:15:00,110092.84,110092.84,110077.89,110077.89,300,80,0
2026.02.27 03:10:00,110107.84,110107.84,110092.89,110092.89,300,80,0
2026.02.27 03:05:00,110102.50,110122.39,110102.10,110107.89,300,80,0
2026.02.27 03:00:00,110117.50,110117.50,110102.55,110102.55,300,80,0
2026.02.27 02:55:00,110097.56,110123.40,110088.51,110117.55,300,80,0
2026.02.27 02:50:00,110112.56,110112.56,110097.61,110097.61,300,80,0
2026.02.27 02:45:00,110093.09,110113.91,110080.99,110112.61,300,80,0
2026.02.27 02:40:00,110093.02,110105.94,110090.92,110093.14,300,80,0
2026.02.27 02:35:00,110080.61,110096.37,110069.01,110093.07,300,80,0
2026.02.27 02:30:00,110062.04,110083.41,110049.89,110080.66,300,80,0
2026.02.27 02:25:00,110033.83,110062.59,110019.43,110062.09,300,80,0
2026.02.27 02:20:00,110048.83,110048.83,110033.88,110033.88,300,80,0
2026.02.27 02:15:00,110024.78,110058.98,110019.98,110048.88,300,80,0
2026.02.27 02:10:00,110039.78,110039.78,110024.83,110024.83,300,80,0
2026.02.27 02:05:00,110004.34,110051.78,110001.39,110039.83,300,80,0
2026.02.27 02:00:00,110019.34,110019.34,110004.39,110004.39,300,80,0
2026.02.27 01:55:00,110016.70,110028.74,110011.15,110019.39,300,80,0
2026.02.27 01:50:00,110031.70,110031.70,110016.75,110016.75,300,80,0
2026.02.27 01:45:00,110046.70,110046.70,110031.75,110031.75,300,80,0
2026.02.27 01:40:00,110027.42,110049.10,110014.87,110046.75,300,80,0
2026.02.27 01:35:00,110042.42,110042.42,110027.47,110027.47,300,80,0
2026.02.27 01:30:00,110027.23,110045.52,110015.38,110042.47,300,80,0
2026.02.27 01:25:00,110042.23,110042.23,110027.28,110027.28,300,80,0
2026.02.27 01:20:00,110024.44,110047.43,110014.69,110042.28,300,80,0
2026.02.27 01:15:00,110039.44,110039.44,110024.49,110024.49,300,80,0
2026.02.27 01:10:00,110034.67,110044.74,110025.02,110039.49,300,80,0
2026.02.27 01:05:00,110018.26,110042.47,110011.11,110034.72,300,80,0
2026.02.27 01:00:00,109974.02,110024.91,109971.92,110018.31,300,80,0
2026.02.27 00:55:00,109989.02,109989.02,109974.07,109974.07,300,80,0
2026.02.27 00:50:00,110004.02,110004.02,109989.07,109989.07,300,80,0
2026.02.27 00:45:00,109990.74,110007.12,109978.89,110004.07,300,80,0
2026.02.27 00:40:00,110005.74,110005.74,109990.79,109990.79,300,80,0
2026.02.27 00:35:00,110020.74,110020.74,110005.79,110005.79,300,80,0
2026.02.27 00:30:00,110002.07,110031.74,109998.12,110020.79,300,80,0
2026.02.27 00:25:00,110017.07,110017.07,110002.12,110002.12,300,80,0
2026.02.27 00:20:00,110032.07,110032.07,110017.12,110017.12,300,80,0
2026.02.27 00:15:00,110047.07,110047.07,110032.12,110032.12,300,80,0
2026.02.27 00:10:00,110062.07,110062.07,110047.12,110047.12,300,80,0
2026.02.27 00:05:00,110000.72,110063.82,109999.97,110062.12,300,80,0
2026.02.27 00:00:00,109986.72,110003.42,109974.47,110000.77,300,80,0
2026.02.26 23:55:00,109952.83,109988.17,109948.53,109986.77,300,80,0
2026.02.26 23:50:00,109939.67,109954.03,109925.92,109952.88,300,80,0
2026.02.26 23:45:00,109954.67,109954.67,109939.72,109939.72,300,80,0
2026.02.26 23:40:00,109941.19,109966.22,109937.79,109954.72,300,80,0
2026.02.26 23:35:00,109923.52,109945.49,109912.87,109941.24,300,80,0
2026.02.26 23:30:00,109938.52,109938.52,109923.57,109923.57,300,80,0
2026.02.26 23:25:00,109889.18,109939.97,109885.93,109938.57,300,80,0
2026.02.26 23:20:00,109904.18,109904.18,109889.23,109889.23,300,80,0
2026.02.26 23:15:00,109919.18,109919.18,109904.23,109904.23,300,80,0
2026.02.26 23:10:00,109934.18,109934.18,109919.23,109919.23,300,80,0
2026.02.26 23:05:00,109930.00,109947.13,109928.00,109934.23,300,80,0
2026.02.26 23:00:00,109945.00,109945.00,109930.05,109930.05,300,80,0
2026.02.26 22:55:00,109932.12,109945.55,109917.72,109945.05,300,80,0
2026.02.26 22:50:00,109904.63,109932.57,109904.03,109932.17,300,80,0
2026.02.26 22:45:00,109884.47,109914.48,109879.37,109904.68,300,80,0
2026.02.26 22:40:00,109871.75,109899.32,109871.65,109884.52,300,80,0
2026.02.26 22:35:00,109861.99,109878.60,109853.89,109871.80,300,80,0
2026.02.26 22:30:00,109853.26,109872.79,109849.11,109862.04,300,80,0
2026.02.26 22:25:00,109868.26,109868.26,109853.31,109853.31,300,80,0
2026.02.26 22:20:00,109843.67,109872.06,109832.52,109868.31,300,80,0
2026.02.26 22:15:00,109824.77,109857.97,109824.12,109843.72,300,80,0
2026.02.26 22:10:00,109814.08,109834.47,109808.83,109824.82,300,80,0
2026.02.26 22:05:00,109829.08,109829.08,109814.13,109814.13,300,80,0
2026.02.26 22:00:00,109844.08,109844.08,109829.13,109829.13,300,80,0
2026.02.26 21:55:00,109808.25,109850.08,109799.30,109844.13,300,80,0
2026.02.26 21:50:00,109701.04,109815.95,109699.59,109808.30,300,80,0
2026.02.26 21:45:00,109716.04,109716.04,109701.09,109701.09,300,80,0
2026.02.26 21:40:00,109698.59,109724.59,109692.19,109716.09,300,80,0
2026.02.26 21:35:00,109665.78,109709.69,109661.93,109698.64,300,80,0
2026.02.26 21:30:00,109649.00,109679.93,109648.20,109665.83,300,80,0
2026.02.26 21:25:00,109664.00,109664.00,109649.05,109649.05,300,80,0
2026.02.26 21:20:00,109679.00,109679.00,109664.05,109664.05,300,80,0
2026.02.26 21:15:00,109672.68,109685.40,109664.13,109679.05,300,80,0
2026.02.26 21:10:00,109687.68,109687.68,109672.73,109672.73,300,80,0
2026.02.26 21:05:00,109702.68,109702.68,109687.73,109687.73,300,80,0
2026.02.26 21:00:00,109680.77,109715.43,109678.57,109702.73,300,80,0
2026.02.26 20:55:00,109695.77,109695.77,109680.82,109680.82,300,80,0
2026.02.26 20:50:00,109710.77,109710.77,109695.82,109695.82,300,80,0
2026.02.26 20:45:00,109725.77,109725.77,109710.82,109710.82,300,80,0
2026.02.26 20:40:00,109740.77,109740.77,109725.82,109725.82,300,80,0
2026.02.26 20:35:00,109722.84,109748.12,109715.24,109740.82,300,80,0
2026.02.26 20:30:00,109737.84,109737.84,109722.89,109722.89,300,80,0
2026.02.26 20:25:00,109718.57,109744.69,109710.47,109737.89,300,80,0
2026.02.26 20:20:00,109687.72,109732.32,109686.52,109718.62,300,80,0
2026.02.26 20:15:00,109629.08,109691.57,109624.43,109687.77,300,80,0
2026.02.26 20:10:00,109615.31,109640.98,109612.26,109629.13,300,80,0
2026.02.26 20:05:00,109630.31,109630.31,109615.36,109615.36,300,80,0
2026.02.26 20:00:00,109583.29,109634.11,109577.79,109630.36,300,80,0
2026.02.26 19:55:00,109598.29,109598.29,109583.34,109583.34,300,80,0
2026.02.26 19:50:00,109613.29,109613.29,109598.34,109598.34,300,80,0
2026.02.26 19:45:00,109628.29,109628.29,109613.34,109613.34,300,80,0
2026.02.26 19:40:00,109643.29,109643.29,109628.34,109628.34,300,80,0
2026.02.26 19:35:00,109658.29,109658.29,109643.34,109643.34,300,80,0
2026.02.26 19:30:00,109646.04,109671.69,109644.49,109658.34,300,80,0
2026.02.26 19:25:00,109661.04,109661.04,109646.09,109646.09,300,80,0
2026.02.26 19:20:00,109676.04,109676.04,109661.09,109661.09,300,80,0
2026.02.26 19:15:00,109647.60,109684.64,109641.25,109676.09,300,80,0
2026.02.26 19:10:00,109662.60,109662.60,109647.65,109647.65,300,80,0
2026.02.26 19:05:00,109648.53,109667.10,109638.08,109662.65,300,80,0
2026.02.26 19:00:00,109640.29,109656.83,109633.64,109648.58,300,80,0
2026.02.26 18:55:00,109633.97,109654.19,109632.92,109640.34,300,80,0
2026.02.26 18:50:00,109648.97,109648.97,109634.02,109634.02,300,80,0
2026.02.26 18:45:00,109632.67,109661.07,109629.82,109649.02,300,80,0
2026.02.26 18:40:00,109631.60,109646.22,109630.20,109632.72,300,80,0
2026.02.26 18:35:00,109615.88,109637.55,109606.88,109631.65,300,80,0
2026.02.26 18:30:00,109560.96,109616.63,109552.31,109615.93,300,80,0
2026.02.26 18:25:00,109555.93,109569.01,109549.03,109561.01,300,80,0
2026.02.26 18:20:00,109519.17,109566.18,109514.47,109555.98,300,80,0
2026.02.26 18:15:00,109534.17,109534.17,109519.22,109519.22,300,80,0
2026.02.26 18:10:00,109512.14,109542.72,109511.44,109534.22,300,80,0
2026.02.26 18:05:00,109527.14,109527.14,109512.19,109512.19,300,80,0
2026.02.26 18:00:00,109489.00,109531.94,109481.70,109527.19,300,80,0
2026.02.26 17:55:00,109418.24,109498.35,109417.29,109489.05,300,80,0
2026.02.26 17:50:00,109433.24,109433.24,109418.29,109418.29,300,80,0
2026.02.26 17:45:00,109448.24,109448.24,109433.29,109433.29,300,80,0
2026.02.26 17:40:00,109445.41,109453.19,109435.41,109448.29,300,80,0
2026.02.26 17:35:00,109428.32,109457.31,109425.27,109445.46,300,80,0
2026.02.26 17:30:00,109398.42,109431.02,109386.17,109428.37,300,80,0
2026.02.26 17:25:00,109413.42,109413.42,109398.47,109398.47,300,80,0
2026.02.26 17:20:00,109379.66,109421.67,109376.16,109413.47,300,80,0
2026.02.26 17:15:00,109369.51,109392.56,109367.46,109379.71,300,80,0
2026.02.26 17:10:00,109384.51,109384.51,109369.56,109369.56,300,80,0
2026.02.26 17:05:00,109361.11,109397.81,109359.46,109384.56,300,80,0
2026.02.26 17:00:00,109376.11,109376.11,109361.16,109361.16,300,80,0
2026.02.26 16:55:00,109391.11,109391.11,109376.16,109376.16,300,80,0
2026.02.26 16:50:00,109364.60,109403.16,109361.70,109391.16,300,80,0
2026.02.26 16:45:00,109379.60,109379.60,109364.65,109364.65,300,80,0
2026.02.26 16:40:00,109367.42,109382.35,109355.22,109379.65,300,80,0
2026.02.26 16:35:00,109382.42,109382.42,109367.47,109367.47,300,80,0
2026.02.26 16:30:00,109397.42,109397.42,109382.47,109382.47,300,80,0
2026.02.26 16:25:00,109412.42,109412.42,109397.47,109397.47,300,80,0
2026.02.26 16:20:00,109427.42,109427.42,109412.47,109412.47,300,80,0
2026.02.26 16:15:00,109442.42,109442.42,109427.47,109427.47,300,80,0
2026.02.26 16:10:00,109457.42,109457.42,109442.47,109442.47,300,80,0
2026.02.26 16:05:00,109472.42,109472.42,109457.47,109457.47,300,80,0
2026.02.26 16:00:00,109487.42,109487.42,109472.47,109472.47,300,80,0
2026.02.26 15:55:00,109502.42,109502.42,109487.47,109487.47,300,80,0
2026.02.26 15:50:00,109462.04,109504.12,109459.89,109502.47,300,80,0
2026.02.26 15:45:00,109477.04,109477.04,109462.09,109462.09,300,80,0
2026.02.26 15:40:00,109492.04,109492.04,109477.09,109477.09,300,80,0
2026.02.26 15:35:00,109507.04,109507.04,109492.09,109492.09,300,80,0
2026.02.26 15:30:00,109522.04,109522.04,109507.09,109507.09,300,80,0
2026.02.26 15:25:00,109453.61,109526.69,109448.16,109522.09,300,80,0
2026.02.26 15:20:00,109468.61,109468.61,109453.66,109453.66,300,80,0
2026.02.26 15:15:00,109366.41,109471.91,109363.46,109468.66,300,80,0
2026.02.26 15:10:00,109381.41,109381.41,109366.46,109366.46,300,80,0
2026.02.26 15:05:00,109396.41,109396.41,109381.46,109381.46,300,80,0
2026.02.26 15:00:00,109383.87,109403.66,109376.17,109396.46,300,80,0
2026.02.26 14:55:00,109380.18,109391.67,109373.03,109383.92,300,80,0
2026.02.26 14:50:00,109395.18,109395.18,109380.23,109380.23,300,80,0
2026.02.26 14:45:00,109410.18,109410.18,109395.23,109395.23,300,80,0
2026.02.26 14:40:00,109425.18,109425.18,109410.23,109410.23,300,80,0
2026.02.26 14:35:00,109440.18,109440.18,109425.23,109425.23,300,80,0
2026.02.26 14:30:00,109390.44,109440.83,109383.29,109440.23,300,80,0
2026.02.26 14:25:00,109405.44,109405.44,109390.49,109390.49,300,80,0
2026.02.26 14:20:00,109420.44,109420.44,109405.49,109405.49,300,80,0
2026.02.26 14:15:00,109435.44,109435.44,109420.49,109420.49,300,80,0
2026.02.26 14:10:00,109427.75,109441.94,109419.30,109435.49,300,80,0
2026.02.26 14:05:00,109442.75,109442.75,109427.80,109427.80,300,80,0
2026.02.26 14:00:00,109457.75,109457.75,109442.80,109442.80,300,80,0
2026.02.26 13:55:00,109431.64,109458.40,109417.34,109457.80,300,80,0
2026.02.26 13:50:00,109446.64,109446.64,109431.69,109431.69,300,80,0
2026.02.26 13:45:00,109461.64,109461.64,109446.69,109446.69,300,80,0
2026.02.26 13:40:00,109430.85,109468.99,109423.25,109461.69,300,80,0
2026.02.26 13:35:00,109445.85,109445.85,109430.90,109430.90,300,80,0
2026.02.26 13:30:00,109460.85,109460.85,109445.90,109445.90,300,80,0
2026.02.26 13:25:00,109447.33,109461.85,109433.38,109460.90,300,80,0
2026.02.26 13:20:00,109462.33,109462.33,109447.38,109447.38,300,80,0
2026.02.26 13:15:00,109439.59,109474.53,109436.84,109462.38,300,80,0
2026.02.26 13:10:00,109406.67,109447.89,109403.07,109439.64,300,80,0
2026.02.26 13:05:00,109398.93,109413.02,109390.33,109406.72,300,80,0
2026.02.26 13:00:00,109385.99,109408.13,109380.24,109398.98,300,80,0
2026.02.26 12:55:00,109400.99,109400.99,109386.04,109386.04,300,80,0
2026.02.26 12:50:00,109415.99,109415.99,109401.04,109401.04,300,80,0
2026.02.26 12:45:00,109404.66,109419.49,109393.21,109416.04,300,80,0
2026.02.26 12:40:00,109376.61,109415.66,109372.66,109404.71,300,80,0
2026.02.26 12:35:00,109391.61,109391.61,109376.66,109376.66,300,80,0
2026.02.26 12:30:00,109406.61,109406.61,109391.66,109391.66,300,80,0
2026.02.26 12:25:00,109377.07,109421.06,109376.57,109406.66,300,80,0
2026.02.26 12:20:00,109375.75,109389.87,109373.60,109377.12,300,80,0
2026.02.26 12:15:00,109358.59,109383.75,109351.64,109375.80,300,80,0
2026.02.26 12:10:00,109373.59,109373.59,109358.64,109358.64,300,80,0
2026.02.26 12:05:00,109323.52,109380.64,109316.37,109373.64,300,80,0
2026.02.26 12:00:00,109338.52,109338.52,109323.57,109323.57,300,80,0
2026.02.26 11:55:00,109353.52,109353.52,109338.57,109338.57,300,80,0
2026.02.26 11:50:00,109319.84,109360.02,109311.39,109353.57,300,80,0
2026.02.26 11:45:00,109305.95,109320.69,109291.85,109319.89,300,80,0
2026.02.26 11:40:00,109320.95,109320.95,109306.00,109306.00,300,80,0
2026.02.26 11:35:00,109335.95,109335.95,109321.00,109321.00,300,80,0
2026.02.26 11:30:00,109350.95,109350.95,109336.00,109336.00,300,80,0
2026.02.26 11:25:00,109327.05,109351.60,109312.75,109351.00,300,80,0
2026.02.26 11:20:00,109342.05,109342.05,109327.10,109327.10,300,80,0
2026.02.26 11:15:00,109357.05,109357.05,109342.10,109342.10,300,80,0
2026.02.26 11:10:00,109308.46,109358.60,109298.96,109357.10,300,80,0
2026.02.26 11:05:00,109307.17,109318.36,109302.12,109308.51,300,80,0
2026.02.26 11:00:00,109322.17,109322.17,109307.22,109307.22,300,80,0
2026.02.26 10:55:00,109337.17,109337.17,109322.22,109322.22,300,80,0
2026.02.26 10:50:00,109352.17,109352.17,109337.22,109337.22,300,80,0
2026.02.26 10:45:00,109367.17,109367.17,109352.22,109352.22,300,80,0
2026.02.26 10:40:00,109362.48,109368.37,109348.73,109367.22,300,80,0
2026.02.26 10:35:00,109377.48,109377.48,109362.53,109362.53,300,80,0
2026.02.26 10:30:00,109392.48,109392.48,109377.53,109377.53,300,80,0
2026.02.26 10:25:00,109407.48,109407.48,109392.53,109392.53,300,80,0
2026.02.26 10:20:00,109378.77,109414.98,109376.47,109407.53,300,80,0
2026.02.26 10:15:00,109393.77,109393.77,109378.82,109378.82,300,80,0
2026.02.26 10:10:00,109369.16,109395.97,109366.41,109393.82,300,80,0
2026.02.26 10:05:00,109384.16,109384.16,109369.21,109369.21,300,80,0
2026.02.26 10:00:00,109362.74,109392.66,109356.29,109384.21,300,80,0
2026.02.26 09:55:00,109352.14,109365.24,109339.69,109362.79,300,80,0
2026.02.26 09:50:00,109367.14,109367.14,109352.19,109352.19,300,80,0
2026.02.26 09:45:00,109382.14,109382.14,109367.19,109367.19,300,80,0
2026.02.26 09:40:00,109397.14,109397.14,109382.19,109382.19,300,80,0
2026.02.26 09:35:00,109412.14,109412.14,109397.19,109397.19,300,80,0
2026.02.26 09:30:00,109426.84,109426.84,109412.19,109412.19,294,80,0
2026.02.26 09:25:00,109441.84,109441.84,109426.89,109426.89,300,80,0
2026.02.26 09:20:00,109456.84,109456.84,109441.89,109441.89,300,80,0
2026.02.26 09:15:00,109471.84,109471.84,109456.89,109456.89,300,80,0
2026.02.26 09:10:00,109486.84,109486.84,109471.89,109471.89,300,80,0
2026.02.26 09:05:00,109501.84,109501.84,109486.89,109486.89,300,80,0
2026.02.26 09:00:00,109516.84,109516.84,109501.89,109501.89,300,80,0
2026.02.26 08:55:00,109531.84,109531.84,109516.89,109516.89,300,80,0
2026.02.26 08:50:00,109511.80,109534.04,109499.05,109531.89,300,80,0
2026.02.26 08:45:00,109526.80,109526.80,109511.85,109511.85,300,80,0
2026.02.26 08:40:00,109541.80,109541.80,109526.85,109526.85,300,80,0
2026.02.26 08:35:00,109556.80,109556.80,109541.85,109541.85,300,80,0
2026.02.26 08:30:00,109571.85,109571.85,109556.85,109556.85,301,80,0
2026.02.26 08:25:00,109551.20,109576.15,109540.55,109571.90,300,80,0
2026.02.26 08:20:00,109566.20,109566.20,109551.25,109551.25,300,80,0
2026.02.26 08:15:00,109581.20,109581.20,109566.25,109566.25,300,80,0
2026.02.26 08:10:00,109519.07,109592.10,109516.67,109581.25,300,80,0
2026.02.26 08:05:00,109499.16,109533.37,109498.51,109519.12,300,80,0
2026.02.26 08:00:00,109514.16,109514.16,109499.21,109499.21,300,80,0
2026.02.26 07:55:00,109529.16,109529.16,109514.21,109514.21,300,80,0
2026.02.26 07:50:00,109519.16,109542.51,109517.56,109529.21,300,80,0
2026.02.26 07:45:00,109478.97,109529.31,109476.82,109519.21,300,80,0
2026.02.26 07:40:00,109470.20,109482.52,109458.80,109479.02,300,80,0
2026.02.26 07:35:00,109461.30,109482.75,109458.90,109470.25,300,80,0
2026.02.26 07:30:00,109409.15,109462.35,109400.25,109461.35,300,80,0
2026.02.26 07:25:00,109306.75,109411.85,109304.90,109409.20,300,80,0
2026.02.26 07:20:00,109321.75,109321.75,109306.80,109306.80,300,80,0
2026.02.26 07:15:00,109284.19,109323.25,109270.74,109321.80,300,80,0
2026.02.26 07:10:00,109257.27,109286.19,109244.32,109284.24,300,80,0
2026.02.26 07:05:00,109272.27,109272.27,109257.32,109257.32,300,80,0
2026.02.26 07:00:00,109263.03,109275.37,109251.18,109272.32,300,80,0
2026.02.26 06:55:00,109247.26,109273.48,109242.76,109263.08,300,80,0
2026.02.26 06:50:00,109241.50,109248.26,109227.55,109247.31,300,80,0
2026.02.26 06:45:00,109256.50,109256.50,109241.55,109241.55,300,80,0
2026.02.26 06:40:00,109271.50,109271.50,109256.55,109256.55,300,80,0
2026.02.26 06:35:00,109286.50,109286.50,109271.55,109271.55,300,80,0
2026.02.26 06:30:00,109301.50,109301.50,109286.55,109286.55,300,80,0
2026.02.26 06:25:00,109279.87,109301.75,109265.17,109301.55,300,80,0
2026.02.26 06:20:00,109294.87,109294.87,109279.92,109279.92,300,80,0
2026.02.26 06:15:00,109207.85,109303.17,109202.30,109294.92,300,80,0
2026.02.26 06:10:00,109222.85,109222.85,109207.90,109207.90,300,80,0
2026.02.26 06:05:00,109193.39,109228.10,109183.69,109222.90,300,80,0
2026.02.26 06:00:00,109186.63,109204.24,109182.53,109193.44,300,80,0
2026.02.26 05:55:00,109201.63,109201.63,109186.68,109186.68,300,80,0
2026.02.26 05:50:00,109184.58,109202.58,109170.58,109201.68,300,80,0
2026.02.26 05:45:00,109183.20,109199.43,109183.10,109184.63,300,80,0
2026.02.26 05:40:00,109141.36,109183.35,109137.11,109183.25,300,80,0
2026.02.26 05:35:00,109130.56,109152.26,109126.51,109141.41,300,80,0
2026.02.26 05:30:00,109115.77,109136.16,109106.42,109130.61,300,80,0
2026.02.26 05:25:00,109100.21,109126.27,109095.76,109115.82,300,80,0
2026.02.26 05:20:00,109115.21,109115.21,109100.26,109100.26,300,80,0
2026.02.26 05:15:00,109093.28,109123.11,109086.23,109115.26,300,80,0
2026.02.26 05:10:00,109065.37,109093.63,109050.77,109093.33,300,80,0
2026.02.26 05:05:00,109080.37,109080.37,109065.42,109065.42,300,80,0
2026.02.26 05:00:00,109095.37,109095.37,109080.42,109080.42,300,80,0
2026.02.26 04:55:00,109062.32,109107.82,109061.52,109095.42,300,80,0
2026.02.26 04:50:00,109077.32,109077.32,109062.37,109062.37,300,80,0
2026.02.26 04:45:00,109092.32,109092.32,109077.37,109077.37,300,80,0
2026.02.26 04:40:00,109107.32,109107.32,109092.37,109092.37,300,80,0
2026.02.26 04:35:00,109122.32,109122.32,109107.37,109107.37,300,80,0
2026.02.26 04:30:00,109081.28,109132.32,109079.78,109122.37,300,80,0
2026.02.26 04:25:00,109062.46,109086.38,109052.61,109081.33,300,80,0
2026.02.26 04:20:00,109077.46,109077.46,109062.51,109062.51,300,80,0
2026.02.26 04:15:00,109070.23,109083.06,109060.88,109077.51,300,80,0
2026.02.26 04:10:00,109085.23,109085.23,109070.28,109070.28,300,80,0
2026.02.26 04:05:00,109100.23,109100.23,109085.28,109085.28,300,80,0
2026.02.26 04:00:00,109115.23,109115.23,109100.28,109100.28,300,80,0
2026.02.26 03:55:00,109130.23,109130.23,109115.28,109115.28,300,80,0
2026.02.26 03:50:00,109112.63,109143.58,109111.03,109130.28,300,80,0
2026.02.26 03:45:00,109127.63,109127.63,109112.68,109112.68,300,80,0
2026.02.26 03:40:00,109142.63,109142.63,109127.68,109127.68,300,80,0
2026.02.26 03:35:00,109107.94,109151.48,109101.84,109142.68,300,80,0
2026.02.26 03:30:00,109122.94,109122.94,109107.99,109107.99,300,80,0
2026.02.26 03:25:00,109115.61,109137.59,109115.31,109122.99,300,80,0
2026.02.26 03:20:00,109130.61,109130.61,109115.66,109115.66,300,80,0
2026.02.26 03:15:00,109128.28,109145.46,109128.18,109130.66,300,80,0
2026.02.26 03:10:00,109143.28,109143.28,109128.33,109128.33,300,80,0
2026.02.26 03:05:00,109158.28,109158.28,109143.33,109143.33,300,80,0
2026.02.26 03:00:00,109173.28,109173.28,109158.33,109158.33,300,80,0
2026.02.26 02:55:00,109188.28,109188.28,109173.33,109173.33,300,80,0
2026.02.26 02:50:00,109203.28,109203.28,109188.33,109188.33,300,80,0
2026.02.26 02:45:00,109218.28,109218.28,109203.33,109203.33,300,80,0
2026.02.26 02:40:00,109199.70,109231.78,109198.25,109218.33,300,80,0
2026.02.26 02:35:00,109214.70,109214.70,109199.75,109199.75,300,80,0
2026.02.26 02:30:00,109229.70,109229.70,109214.75,109214.75,300,80,0
2026.02.26 02:25:00,109244.70,109244.70,109229.75,109229.75,300,80,0
2026.02.26 02:20:00,109259.70,109259.70,109244.75,109244.75,300,80,0
2026.02.26 02:15:00,109274.70,109274.70,109259.75,109259.75,300,80,0
2026.02.26 02:10:00,109266.24,109281.65,109258.24,109274.75,300,80,0
2026.02.26 02:05:00,109251.04,109279.04,109248.89,109266.29,300,80,0
2026.02.26 02:00:00,109211.78,109243.94,109206.63,109234.19,300,80,0
2026.02.26 01:55:00,109226.78,109226.78,109211.83,109211.83,300,80,0
2026.02.26 01:50:00,109241.78,109241.78,109226.83,109226.83,300,80,0
2026.02.26 01:45:00,109224.51,109249.03,109216.81,109241.83,300,80,0
2026.02.26 01:40:00,109239.51,109239.51,109224.56,109224.56,300,80,0
2026.02.26 01:35:00,109254.51,109254.51,109239.56,109239.56,300,80,0
2026.02.26 01:30:00,109269.51,109269.51,109254.56,109254.56,300,80,0
2026.02.26 01:25:00,109237.97,109278.76,109233.07,109269.56,300,80,0
2026.02.26 01:20:00,109252.97,109252.97,109238.02,109238.02,300,80,0
2026.02.26 01:15:00,109267.97,109267.97,109253.02,109253.02,300,80,0
2026.02.26 01:10:00,109267.90,109272.37,109257.35,109268.02,300,80,0
2026.02.26 01:05:00,109282.90,109282.90,109267.95,109267.95,300,80,0
2026.02.26 01:00:00,109280.76,109296.00,109278.91,109282.95,300,80,0
2026.02.26 00:55:00,109295.76,109295.76,109280.81,109280.81,300,80,0
2026.02.26 00:50:00,109255.72,109299.41,109253.52,109295.81,300,80,0
2026.02.26 00:45:00,109225.48,109259.67,109225.23,109255.77,300,80,0
2026.02.26 00:40:00,109165.20,109227.28,109157.15,109225.53,300,80,0
2026.02.26 00:35:00,109180.20,109180.20,109165.25,109165.25,300,80,0
2026.02.26 00:30:00,109195.20,109195.20,109180.25,109180.25,300,80,0
2026.02.26 00:25:00,109210.20,109210.20,109195.25,109195.25,300,80,0
2026.02.26 00:20:00,109207.53,109220.40,109202.78,109210.25,300,80,0
2026.02.26 00:15:00,109186.77,109222.33,109186.62,109207.58,300,80,0
2026.02.26 00:10:00,109201.77,109201.77,109186.82,109186.82,300,80,0
2026.02.26 00:05:00,109216.77,109216.77,109201.82,109201.82,300,80,0
2026.02.26 00:00:00,109231.77,109231.77,109216.82,109216.82,300,80,0
2026.02.25 23:55:00,109246.77,109246.77,109231.82,109231.82,300,80,0
2026.02.25 23:50:00,109243.86,109256.52,109238.66,109246.82,300,80,0
2026.02.25 23:45:00,109258.86,109258.86,109243.91,109243.91,300,80,0
2026.02.25 23:40:00,109273.86,109273.86,109258.91,109258.91,300,80,0
2026.02.25 23:35:00,109240.66,109280.21,109236.76,109273.91,300,80,0
2026.02.25 23:30:00,109255.66,109255.66,109240.71,109240.71,300,80,0
2026.02.25 23:25:00,109253.90,109262.76,109246.00,109255.71,301,80,0
2026.02.25 23:20:00,109268.90,109268.90,109253.95,109253.95,300,80,0
2026.02.25 23:15:00,109283.90,109283.90,109268.95,109268.95,300,80,0
2026.02.25 23:10:00,109259.83,109284.50,109245.48,109283.95,300,80,0
2026.02.25 23:05:00,109274.83,109274.83,109259.88,109259.88,300,80,0
2026.02.25 23:00:00,109242.18,109286.08,109238.48,109274.88,300,80,0
2026.02.25 22:55:00,109234.08,109252.33,109229.28,109242.23,300,80,0
2026.02.25 22:50:00,109249.08,109249.08,109234.13,109234.13,300,80,0
2026.02.25 22:45:00,109264.08,109264.08,109249.13,109249.13,300,80,0
2026.02.25 22:40:00,109221.92,109272.88,109219.77,109264.13,300,80,0
2026.02.25 22:35:00,109236.92,109236.92,109221.97,109221.97,300,80,0
2026.02.25 22:30:00,109251.92,109251.92,109236.97,109236.97,300,80,0
2026.02.25 22:25:00,109266.92,109266.92,109251.97,109251.97,300,80,0
2026.02.25 22:20:00,109240.37,109275.47,109233.97,109266.97,300,80,0
2026.02.25 22:15:00,109255.37,109255.37,109240.42,109240.42,300,80,0
2026.02.25 22:10:00,109218.05,109262.12,109212.90,109255.42,300,80,0
2026.02.25 22:05:00,109233.05,109233.05,109218.10,109218.10,300,80,0
2026.02.25 22:00:00,109248.05,109248.05,109233.10,109233.10,300,80,0
2026.02.25 21:55:00,109263.05,109263.05,109248.10,109248.10,300,80,0
2026.02.25 21:50:00,109278.05,109278.05,109263.10,109263.10,300,80,0
2026.02.25 21:45:00,109293.05,109293.05,109278.10,109278.10,300,80,0
2026.02.25 21:40:00,109308.05,109308.05,109293.10,109293.10,300,80,0
2026.02.25 21:35:00,109323.05,109323.05,109308.10,109308.10,300,80,0
2026.02.25 21:30:00,109338.05,109338.05,109323.10,109323.10,300,80,0
2026.02.25 21:25:00,109353.05,109353.05,109338.10,109338.10,300,80,0
2026.02.25 21:20:00,109368.05,109368.05,109353.10,109353.10,300,80,0
2026.02.25 21:15:00,109325.80,109372.25,109322.90,109368.10,300,80,0
2026.02.25 21:10:00,109313.26,109327.65,109300.16,109325.85,300,80,0
2026.02.25 21:05:00,109328.26,109328.26,109313.31,109313.31,300,80,0
2026.02.25 21:00:00,109301.01,109332.96,109290.76,109328.31,300,80,0
2026.02.25 20:55:00,109316.01,109316.01,109301.06,109301.06,300,80,0
2026.02.25 20:50:00,109222.58,109318.41,109219.68,109316.06,300,80,0
2026.02.25 20:45:00,109237.58,109237.58,109222.63,109222.63,300,80,0
2026.02.25 20:40:00,109252.58,109252.58,109237.63,109237.63,300,80,0
2026.02.25 20:35:00,109267.58,109267.58,109252.63,109252.63,300,80,0
2026.02.25 20:30:00,109282.58,109282.58,109267.63,109267.63,300,80,0
2026.02.25 20:25:00,109275.69,109284.98,109263.14,109282.63,300,80,0
2026.02.25 20:20:00,109290.69,109290.69,109275.74,109275.74,300,80,0
2026.02.25 20:15:00,109305.69,109305.69,109290.74,109290.74,300,80,0
2026.02.25 20:10:00,109275.74,109311.74,109266.84,109305.74,300,80,0
2026.02.25 20:05:00,109262.14,109283.14,109254.59,109275.79,300,80,0
2026.02.25 20:00:00,109277.14,109277.14,109262.19,109262.19,300,80,0
2026.02.25 19:55:00,109269.87,109289.19,109266.97,109277.19,300,80,0
2026.02.25 19:50:00,109284.87,109284.87,109269.92,109269.92,300,80,0
2026.02.25 19:45:00,109299.87,109299.87,109284.92,109284.92,300,80,0
2026.02.25 19:40:00,109280.61,109300.77,109266.56,109299.92,300,80,0
2026.02.25 19:35:00,109248.85,109282.51,109235.80,109280.66,300,80,0
2026.02.25 19:30:00,109263.85,109263.85,109248.90,109248.90,300,80,0
2026.02.25 19:25:00,109278.85,109278.85,109263.90,109263.90,300,80,0
2026.02.25 19:20:00,109246.90,109291.95,109245.05,109278.90,300,80,0
2026.02.25 19:15:00,109261.90,109261.90,109246.95,109246.95,300,80,0
2026.02.25 19:10:00,109276.90,109276.90,109261.95,109261.95,300,80,0
2026.02.25 19:05:00,109291.90,109291.90,109276.95,109276.95,300,80,0
2026.02.25 19:00:00,109306.90,109306.90,109291.95,109291.95,300,80,0
2026.02.25 18:55:00,109296.50,109315.05,109289.70,109306.95,300,80,0
2026.02.25 18:50:00,109311.50,109311.50,109296.55,109296.55,300,80,0
2026.02.25 18:45:00,109326.50,109326.50,109311.55,109311.55,300,80,0
2026.02.25 18:40:00,109293.87,109332.25,109284.67,109326.55,300,80,0
2026.02.25 18:35:00,109284.88,109302.77,109278.83,109293.92,300,80,0
2026.02.25 18:30:00,109299.88,109299.88,109284.93,109284.93,300,80,0
2026.02.25 18:25:00,109294.25,109294.25,109279.30,109279.30,300,80,0
2026.02.25 18:20:00,109287.20,109298.85,109276.85,109294.30,300,80,0
2026.02.25 18:15:00,109275.38,109275.38,109260.43,109260.43,300,80,0
2026.02.25 18:10:00,109290.38,109290.38,109275.43,109275.43,300,80,0
2026.02.25 18:05:00,109305.38,109305.38,109290.43,109290.43,300,80,0
2026.02.25 18:00:00,109320.38,109320.38,109305.43,109305.43,300,80,0
2026.02.25 17:55:00,109335.38,109335.38,109320.43,109320.43,300,80,0
2026.02.25 17:50:00,109350.38,109350.38,109335.43,109335.43,300,80,0
2026.02.25 17:45:00,109324.58,109362.18,109321.43,109350.43,300,80,0
2026.02.25 17:40:00,109311.23,109335.18,109306.88,109324.63,300,80,0
2026.02.25 17:35:00,109326.23,109326.23,109311.28,109311.28,300,80,0
2026.02.25 17:30:00,109266.35,109326.68,109263.70,109326.28,300,80,0
2026.02.25 17:25:00,109242.30,109277.90,109238.90,109266.40,300,80,0
2026.02.25 17:20:00,109222.85,109250.50,109216.10,109242.35,300,80,0
2026.02.25 17:15:00,109198.61,109229.50,109190.31,109222.90,300,80,0
2026.02.25 17:10:00,109213.61,109213.61,109198.66,109198.66,300,80,0
2026.02.25 17:05:00,109180.11,109215.01,109169.86,109213.66,300,80,0
2026.02.25 17:00:00,109195.11,109195.11,109180.16,109180.16,300,80,0
2026.02.25 16:55:00,109210.11,109210.11,109195.16,109195.16,300,80,0
2026.02.25 16:50:00,109225.11,109225.11,109210.16,109210.16,300,80,0
2026.02.25 16:45:00,109240.11,109240.11,109225.16,109225.16,300,80,0
2026.02.25 16:40:00,109182.97,109242.41,109181.12,109240.16,300,80,0
2026.02.25 16:35:00,109197.97,109197.97,109183.02,109183.02,300,80,0
2026.02.25 16:30:00,109212.97,109212.97,109198.02,109198.02,300,80,0
2026.02.25 16:25:00,109193.61,109223.57,109189.26,109213.02,300,80,0
2026.02.25 16:20:00,109208.61,109208.61,109193.66,109193.66,300,80,0
2026.02.25 16:15:00,109223.61,109223.61,109208.66,109208.66,300,80,0
2026.02.25 16:10:00,109238.61,109238.61,109223.66,109223.66,300,80,0
2026.02.25 16:05:00,109222.04,109253.16,109221.64,109238.66,300,80,0
2026.02.25 16:00:00,109188.68,109223.19,109183.73,109222.09,300,80,0
2026.02.25 15:55:00,109186.17,109194.08,109176.62,109188.73,300,80,0
2026.02.25 15:50:00,109201.17,109201.17,109186.22,109186.22,300,80,0
2026.02.25 15:45:00,109168.57,109208.17,109168.12,109201.22,300,80,0
2026.02.25 15:40:00,109183.57,109183.57,109168.62,109168.62,300,80,0
2026.02.25 15:35:00,109147.28,109187.97,109145.63,109183.62,300,80,0
2026.02.25 15:30:00,109162.28,109162.28,109147.33,109147.33,300,80,0
2026.02.25 15:25:00,109097.60,109162.58,109096.55,109162.33,300,80,0
2026.02.25 15:20:00,109112.60,109112.60,109097.65,109097.65,300,80,0
2026.02.25 15:15:00,109073.43,109117.15,109065.63,109112.65,300,80,0
2026.02.25 15:10:00,109088.43,109088.43,109073.48,109073.48,300,80,0
2026.02.25 15:05:00,109103.43,109103.43,109088.48,109088.48,300,80,0
2026.02.25 15:00:00,109118.43,109118.43,109103.48,109103.48,300,80,0
2026.02.25 14:55:00,109133.43,109133.43,109118.48,109118.48,300,80,0
2026.02.25 14:50:00,109148.43,109148.43,109133.48,109133.48,300,80,0
2026.02.25 14:45:00,109163.43,109163.43,109148.48,109148.48,300,80,0
2026.02.25 14:40:00,109178.43,109178.43,109163.48,109163.48,300,80,0
2026.02.25 14:35:00,109193.43,109193.43,109178.48,109178.48,300,80,0
2026.02.25 14:30:00,109168.52,109195.93,109160.07,109193.48,300,80,0
2026.02.25 14:25:00,109144.22,109180.92,109141.67,109168.57,300,80,0
2026.02.25 14:20:00,109159.22,109159.22,109144.27,109144.27,300,80,0
2026.02.25 14:15:00,109174.22,109174.22,109159.27,109159.27,300,80,0
2026.02.25 14:10:00,109166.61,109187.37,109164.81,109174.27,300,80,0
2026.02.25 14:05:00,109181.66,109181.66,109166.66,109166.66,301,80,0
2026.02.25 14:00:00,109196.66,109196.66,109181.71,109181.71,300,80,0
2026.02.25 13:55:00,109211.66,109211.66,109196.71,109196.71,300,80,0
2026.02.25 13:50:00,109226.66,109226.66,109211.71,109211.71,300,80,0
2026.02.25 13:45:00,109241.66,109241.66,109226.71,109226.71,300,80,0
2026.02.25 13:40:00,109241.48,109248.91,109233.78,109241.71,300,80,0
2026.02.25 13:35:00,109224.17,109246.68,109214.42,109241.53,300,80,0
2026.02.25 13:30:00,109182.83,109237.07,109180.78,109224.22,300,80,0
2026.02.25 13:25:00,109167.39,109183.43,109153.04,109182.88,300,80,0
2026.02.25 13:20:00,109146.01,109172.64,109136.31,109167.44,300,80,0
2026.02.25 13:15:00,109161.01,109161.01,109146.06,109146.06,300,80,0
2026.02.25 13:10:00,109176.01,109176.01,109161.06,109161.06,300,80,0
2026.02.25 13:05:00,109168.29,109178.56,109155.89,109176.06,300,80,0
2026.02.25 13:00:00,109183.29,109183.29,109168.34,109168.34,300,80,0
2026.02.25 12:55:00,109148.41,109184.99,109136.01,109183.34,300,80,0
2026.02.25 12:50:00,109163.41,109163.41,109148.46,109148.46,300,80,0
2026.02.25 12:45:00,109159.00,109175.06,109155.70,109163.46,300,80,0
2026.02.25 12:40:00,109174.00,109174.00,109159.05,109159.05,300,80,0
2026.02.25 12:35:00,109173.48,109175.40,109159.93,109174.05,300,80,0
2026.02.25 12:30:00,109188.48,109188.48,109173.53,109173.53,300,80,0
2026.02.25 12:25:00,109127.80,109192.03,109117.10,109188.53,300,80,0
2026.02.25 12:20:00,109142.80,109142.80,109127.85,109127.85,300,80,0
2026.02.25 12:15:00,109157.80,109157.80,109142.85,109142.85,300,80,0
2026.02.25 12:10:00,109066.48,109160.85,109055.58,109157.85,300,80,0
2026.02.25 12:05:00,109081.48,109081.48,109066.53,109066.53,300,80,0
2026.02.25 12:00:00,109064.25,109083.48,109051.30,109081.53,300,80,0
2026.02.25 11:55:00,109079.25,109079.25,109064.30,109064.30,300,80,0
2026.02.25 11:50:00,109061.44,109094.15,109061.39,109079.30,300,80,0
2026.02.25 11:45:00,109076.44,109076.44,109061.49,109061.49,300,80,0
2026.02.25 11:40:00,109091.44,109091.44,109076.49,109076.49,300,80,0
2026.02.25 11:35:00,109106.44,109106.44,109091.49,109091.49,300,80,0
2026.02.25 11:30:00,109121.44,109121.44,109106.49,109106.49,300,80,0
2026.02.25 11:25:00,109136.44,109136.44,109121.49,109121.49,300,80,0
2026.02.25 11:20:00,109118.96,109150.64,109118.21,109136.49,300,80,0
2026.02.25 11:15:00,109133.96,109133.96,109119.01,109119.01,300,80,0
2026.02.25 11:10:00,109148.96,109148.96,109134.01,109134.01,300,80,0
2026.02.25 11:05:00,109124.85,109161.81,109124.10,109149.01,300,80,0
2026.02.25 11:00:00,109103.75,109131.30,109095.25,109124.90,300,80,0
2026.02.25 10:55:00,109118.75,109118.75,109103.80,109103.80,300,80,0
2026.02.25 10:50:00,109133.75,109133.75,109118.80,109118.80,300,80,0
2026.02.25 10:45:00,109121.73,109146.70,109119.73,109133.80,300,80,0
2026.02.25 10:40:00,109136.73,109136.73,109121.78,109121.78,300,80,0
2026.02.25 10:35:00,109151.73,109151.73,109136.78,109136.78,300,80,0
2026.02.25 10:30:00,109166.73,109166.73,109151.78,109151.78,300,80,0
2026.02.25 10:25:00,109181.73,109181.73,109166.78,109166.78,300,80,0
2026.02.25 10:20:00,109196.73,109196.73,109181.78,109181.78,300,80,0
2026.02.25 10:15:00,109211.73,109211.73,109196.78,109196.78,300,80,0
2026.02.25 10:10:00,109205.93,109222.28,109201.53,109211.78,300,80,0
2026.02.25 10:05:00,109184.34,109210.38,109173.84,109205.98,300,80,0
2026.02.25 10:00:00,109199.34,109199.34,109184.39,109184.39,300,80,0
2026.02.25 09:55:00,109182.83,109210.34,109178.88,109199.39,300,80,0
2026.02.25 09:50:00,109162.57,109188.28,109153.07,109182.88,300,80,0
2026.02.25 09:45:00,109177.57,109177.57,109162.62,109162.62,300,80,0
2026.02.25 09:40:00,109192.57,109192.57,109177.62,109177.62,300,80,0
2026.02.25 09:35:00,109207.57,109207.57,109192.62,109192.62,300,80,0
2026.02.25 09:30:00,109222.57,109222.57,109207.62,109207.62,300,80,0
2026.02.25 09:25:00,109237.57,109237.57,109222.62,109222.62,300,80,0
2026.02.25 09:20:00,109210.64,109252.02,109210.14,109237.62,300,80,0
2026.02.25 09:15:00,109225.64,109225.64,109210.69,109210.69,300,80,0
2026.02.25 09:10:00,109240.64,109240.64,109225.69,109225.69,300,80,0
2026.02.25 09:05:00,109209.07,109245.39,109198.87,109240.69,300,80,0
2026.02.25 09:00:00,109187.09,109211.62,109174.69,109209.12,300,80,0
2026.02.25 08:55:00,109174.65,109190.04,109162.65,109187.14,300,80,0
2026.02.25 08:50:00,109189.65,109189.65,109174.70,109174.70,300,80,0
2026.02.25 08:45:00,109165.31,109204.20,109164.91,109189.70,300,80,0
2026.02.25 08:40:00,109180.31,109180.31,109165.36,109165.36,300,80,0
2026.02.25 08:35:00,109195.31,109195.31,109180.36,109180.36,300,80,0
2026.02.25 08:30:00,109210.31,109210.31,109195.36,109195.36,300,80,0
2026.02.25 08:25:00,109156.05,109216.96,109151.55,109210.36,300,80,0
2026.02.25 08:20:00,109135.12,109170.60,109134.72,109156.10,300,80,0
2026.02.25 08:15:00,109150.12,109150.12,109135.17,109135.17,300,80,0
2026.02.25 08:10:00,109148.19,109158.67,109141.79,109150.17,300,80,0
2026.02.25 08:05:00,109163.19,109163.19,109148.24,109148.24,300,80,0
2026.02.25 08:00:00,109178.19,109178.19,109163.24,109163.24,300,80,0
2026.02.25 07:55:00,109193.19,109193.19,109178.24,109178.24,300,80,0
2026.02.25 07:50:00,109208.19,109208.19,109193.24,109193.24,300,80,0
2026.02.25 07:45:00,109223.19,109223.19,109208.24,109208.24,300,80,0
2026.02.25 07:40:00,109238.19,109238.19,109223.24,109223.24,300,80,0
2026.02.25 07:35:00,109253.19,109253.19,109238.24,109238.24,300,80,0
2026.02.25 07:30:00,109221.03,109255.24,109208.13,109253.24,300,80,0
2026.02.25 07:25:00,109211.84,109230.78,109206.64,109221.08,300,80,0
2026.02.25 07:20:00,109226.84,109226.84,109211.89,109211.89,300,80,0
2026.02.25 07:15:00,109241.84,109241.84,109226.89,109226.89,300,80,0
2026.02.25 07:10:00,109233.06,109244.99,109221.26,109241.89,300,80,0
2026.02.25 07:05:00,109248.06,109248.06,109233.11,109233.11,300,80,0
2026.02.25 07:00:00,109241.87,109259.81,109238.67,109248.11,300,80,0
2026.02.25 06:55:00,109218.50,109249.67,109211.35,109241.92,300,80,0
2026.02.25 06:50:00,109233.50,109233.50,109218.55,109218.55,300,80,0
2026.02.25 06:45:00,109248.50,109248.50,109233.55,109233.55,300,80,0
2026.02.25 06:40:00,109247.69,109262.90,109247.14,109248.55,300,80,0
2026.02.25 06:35:00,109262.69,109262.69,109247.74,109247.74,300,80,0
2026.02.25 06:30:00,109244.34,109269.89,109236.59,109262.74,300,80,0
2026.02.25 06:25:00,109243.82,109247.34,109231.87,109244.39,300,80,0
2026.02.25 06:20:00,109258.82,109258.82,109243.87,109243.87,300,80,0
2026.02.25 06:15:00,109273.82,109273.82,109258.87,109258.87,300,80,0
2026.02.25 06:10:00,109288.82,109288.82,109273.87,109273.87,300,80,0
2026.02.25 06:05:00,109284.84,109293.22,109274.29,109288.87,300,80,0
2026.02.25 06:00:00,109299.84,109299.84,109284.89,109284.89,300,80,0
2026.02.25 05:55:00,109250.42,109309.99,109249.97,109299.89,300,80,0
2026.02.25 05:50:00,109265.42,109265.42,109250.47,109250.47,300,80,0
2026.02.25 05:45:00,109263.15,109273.67,109256.45,109265.47,300,80,0
2026.02.25 05:40:00,109278.15,109278.15,109263.20,109263.20,300,80,0
2026.02.25 05:35:00,109293.15,109293.15,109278.20,109278.20,300,80,0
2026.02.25 05:30:00,109308.15,109308.15,109293.20,109293.20,300,80,0
2026.02.25 05:25:00,109323.15,109323.15,109308.20,109308.20,300,80,0
2026.02.25 05:20:00,109338.15,109338.15,109323.20,109323.20,300,80,0
2026.02.25 05:15:00,109353.15,109353.15,109338.20,109338.20,300,80,0
2026.02.25 05:10:00,109368.15,109368.15,109353.20,109353.20,300,80,0
2026.02.25 05:05:00,109349.01,109381.95,109347.81,109368.20,301,80,0
2026.02.25 05:00:00,109364.01,109364.01,109349.06,109349.06,300,80,0
2026.02.25 04:55:00,109348.87,109372.26,109342.17,109364.06,300,80,0
2026.02.25 04:50:00,109363.87,109363.87,109348.92,109348.92,300,80,0
2026.02.25 04:45:00,109378.87,109378.87,109363.92,109363.92,300,80,0
2026.02.25 04:40:00,109393.87,109393.87,109378.92,109378.92,300,80,0
2026.02.25 04:35:00,109336.32,109394.37,109333.87,109393.92,300,80,0
2026.02.25 04:30:00,109335.94,109348.27,109332.94,109336.37,300,80,0
2026.02.25 04:25:00,109350.94,109350.94,109335.99,109335.99,300,80,0
2026.02.25 04:20:00,109365.94,109365.94,109350.99,109350.99,300,80,0
2026.02.25 04:15:00,109305.08,109366.64,109303.88,109365.99,300,80,0
2026.02.25 04:10:00,109320.08,109320.08,109305.13,109305.13,300,80,0
2026.02.25 04:05:00,109335.08,109335.08,109320.13,109320.13,300,80,0
2026.02.25 04:00:00,109350.08,109350.08,109335.13,109335.13,300,80,0
2026.02.25 03:55:00,109365.08,109365.08,109350.13,109350.13,300,80,0
2026.02.25 03:50:00,109380.08,109380.08,109365.13,109365.13,300,80,0
2026.02.25 03:45:00,109395.08,109395.08,109380.13,109380.13,300,80,0
2026.02.25 03:40:00,109388.65,109396.33,109374.95,109395.13,300,80,0
2026.02.25 03:35:00,109403.65,109403.65,109388.70,109388.70,300,80,0
2026.02.25 03:30:00,109418.65,109418.65,109403.70,109403.70,300,80,0
2026.02.25 03:25:00,109433.65,109433.65,109418.70,109418.70,300,80,0
2026.02.25 03:20:00,109421.80,109435.95,109409.15,109433.70,300,80,0
2026.02.25 03:15:00,109412.42,109424.25,109399.92,109421.85,300,80,0
2026.02.25 03:10:00,109407.69,109420.32,109400.64,109412.47,300,80,0
2026.02.25 03:05:00,109422.69,109422.69,109407.74,109407.74,300,80,0
2026.02.25 03:00:00,109437.69,109437.69,109422.74,109422.74,300,80,0
2026.02.25 02:55:00,109452.69,109452.69,109437.74,109437.74,300,80,0
2026.02.25 02:50:00,109467.69,109467.69,109452.74,109452.74,300,80,0
2026.02.25 02:45:00,109482.69,109482.69,109467.74,109467.74,300,80,0
2026.02.25 02:40:00,109481.55,109486.24,109470.15,109482.74,300,80,0
2026.02.25 02:35:00,109496.55,109496.55,109481.60,109481.60,300,80,0
2026.02.25 02:30:00,109511.55,109511.55,109496.60,109496.60,300,80,0
2026.02.25 02:25:00,109526.55,109526.55,109511.60,109511.60,300,80,0
2026.02.25 02:20:00,109541.55,109541.55,109526.60,109526.60,300,80,0
2026.02.25 02:15:00,109556.55,109556.55,109541.60,109541.60,300,80,0
2026.02.25 02:10:00,109544.18,109570.80,109543.48,109556.60,300,80,0
2026.02.25 02:05:00,109559.18,109559.18,109544.23,109544.23,300,80,0
2026.02.25 02:00:00,109574.18,109574.18,109559.23,109559.23,300,80,0
2026.02.25 01:55:00,109589.18,109589.18,109574.23,109574.23,300,80,0
2026.02.25 01:50:00,109604.18,109604.18,109589.23,109589.23,300,80,0
2026.02.25 01:45:00,109619.18,109619.18,109604.23,109604.23,300,80,0
2026.02.25 01:40:00,109634.18,109634.18,109619.23,109619.23,300,80,0
2026.02.25 01:35:00,109649.18,109649.18,109634.23,109634.23,300,80,0
2026.02.25 01:30:00,109664.18,109664.18,109649.23,109649.23,300,80,0
2026.02.25 01:25:00,109636.63,109666.03,109623.53,109664.23,300,80,0
2026.02.25 01:20:00,109651.63,109651.63,109636.68,109636.68,300,80,0
2026.02.25 01:15:00,109666.63,109666.63,109651.68,109651.68,300,80,0
2026.02.25 01:10:00,109681.63,109681.63,109666.68,109666.68,300,80,0
2026.02.25 01:05:00,109696.63,109696.63,109681.68,109681.68,300,80,0
2026.02.25 01:00:00,109711.63,109711.63,109696.68,109696.68,300,80,0
2026.02.25 00:55:00,109726.63,109726.63,109711.68,109711.68,300,80,0
2026.02.25 00:50:00,109741.63,109741.63,109726.68,109726.68,300,80,0
2026.02.25 00:45:00,109712.76,109756.13,109712.31,109741.68,300,80,0
2026.02.25 00:40:00,109727.76,109727.76,109712.81,109712.81,300,80,0
2026.02.25 00:35:00,109742.76,109742.76,109727.81,109727.81,300,80,0
2026.02.25 00:30:00,109757.76,109757.76,109742.81,109742.81,300,80,0
2026.02.25 00:25:00,109772.76,109772.76,109757.81,109757.81,300,80,0
2026.02.25 00:20:00,109768.86,109778.66,109759.81,109772.81,300,80,0
2026.02.25 00:15:00,109761.49,109776.36,109754.04,109768.91,300,80,0
2026.02.25 00:10:00,109776.49,109776.49,109761.54,109761.54,300,80,0
2026.02.25 00:05:00,109791.49,109791.49,109776.54,109776.54,300,80,0
2026.02.25 00:00:00,109806.49,109806.49,109791.54,109791.54,300,80,0
2026.02.24 23:55:00,109821.49,109821.49,109806.54,109806.54,300,80,0
2026.02.24 23:50:00,109772.09,109830.74,109768.29,109821.54,300,80,0
2026.02.24 23:45:00,109787.09,109787.09,109772.14,109772.14,300,80,0
2026.02.24 23:40:00,109802.09,109802.09,109787.14,109787.14,300,80,0
2026.02.24 23:35:00,109817.09,109817.09,109802.14,109802.14,300,80,0
2026.02.24 23:30:00,109832.09,109832.09,109817.14,109817.14,300,80,0
2026.02.24 23:25:00,109826.67,109846.44,109826.07,109832.14,300,80,0
2026.02.24 23:20:00,109841.67,109841.67,109826.72,109826.72,300,80,0
2026.02.24 23:15:00,109856.67,109856.67,109841.72,109841.72,300,80,0
2026.02.24 23:10:00,109871.67,109871.67,109856.72,109856.72,300,80,0
2026.02.24 23:05:00,109810.96,109875.47,109805.06,109871.72,300,80,0
2026.02.24 23:00:00,109825.96,109825.96,109811.01,109811.01,300,80,0
2026.02.24 22:55:00,109840.96,109840.96,109826.01,109826.01,300,80,0
2026.02.24 22:50:00,109855.96,109855.96,109841.01,109841.01,300,80,0
2026.02.24 22:45:00,109870.96,109870.96,109856.01,109856.01,300,80,0
2026.02.24 22:40:00,109885.96,109885.96,109871.01,109871.01,300,80,0
2026.02.24 22:35:00,109831.24,109888.46,109821.64,109886.01,300,80,0
2026.02.24 22:30:00,109846.24,109846.24,109831.29,109831.29,300,80,0
2026.02.24 22:25:00,109836.40,109855.34,109830.55,109846.29,300,80,0
2026.02.24 22:20:00,109851.40,109851.40,109836.45,109836.45,300,80,0
2026.02.24 22:15:00,109837.96,109862.35,109833.96,109851.45,300,80,0
2026.02.24 22:10:00,109852.96,109852.96,109838.01,109838.01,300,80,0
2026.02.24 22:05:00,109867.96,109867.96,109853.01,109853.01,300,80,0
2026.02.24 22:00:00,109865.00,109880.51,109862.60,109868.01,300,80,0
2026.02.24 21:55:00,109857.73,109872.20,109849.98,109865.05,300,80,0
2026.02.24 21:50:00,109872.73,109872.73,109857.78,109857.78,300,80,0
2026.02.24 21:45:00,109887.73,109887.73,109872.78,109872.78,300,80,0
2026.02.24 21:40:00,109902.73,109902.73,109887.78,109887.78,300,80,0
2026.02.24 21:35:00,109917.73,109917.73,109902.78,109902.78,300,80,0
2026.02.24 21:30:00,109932.73,109932.73,109917.78,109917.78,300,80,0
2026.02.24 21:25:00,109932.46,109942.03,109926.81,109932.78,300,80,0
2026.02.24 21:20:00,109947.46,109947.46,109932.51,109932.51,300,80,0
2026.02.24 21:15:00,109962.46,109962.46,109947.51,109947.51,300,80,0
2026.02.24 21:10:00,109977.46,109977.46,109962.51,109962.51,300,80,0
2026.02.24 21:05:00,109992.46,109992.46,109977.51,109977.51,300,80,0
2026.02.24 21:00:00,110007.46,110007.46,109992.51,109992.51,300,80,0
2026.02.24 20:55:00,110022.46,110022.46,110007.51,110007.51,300,80,0
2026.02.24 20:50:00,110037.46,110037.46,110022.51,110022.51,300,80,0
2026.02.24 20:45:00,110052.46,110052.46,110037.51,110037.51,300,80,0
2026.02.24 20:40:00,110067.46,110067.46,110052.51,110052.51,300,80,0
2026.02.24 20:35:00,110082.46,110082.46,110067.51,110067.51,300,80,0
2026.02.24 20:30:00,110097.46,110097.46,110082.51,110082.51,300,80,0
2026.02.24 20:25:00,110112.46,110112.46,110097.51,110097.51,300,80,0
2026.02.24 20:20:00,110127.46,110127.46,110112.51,110112.51,300,80,0
2026.02.24 20:15:00,110099.25,110139.46,110097.20,110127.51,300,80,0
2026.02.24 20:10:00,110114.25,110114.25,110099.30,110099.30,300,80,0
2026.02.24 20:05:00,110129.25,110129.25,110114.30,110114.30,300,80,0
2026.02.24 20:00:00,110144.30,110144.30,110129.30,110129.30,301,80,0
2026.02.24 19:55:00,110133.53,110150.85,110125.13,110144.35,300,80,0
2026.02.24 19:50:00,110148.53,110148.53,110133.58,110133.58,300,80,0
2026.02.24 19:45:00,110163.53,110163.53,110148.58,110148.58,300,80,0
2026.02.24 19:40:00,110131.40,110166.23,110124.30,110163.58,300,80,0
2026.02.24 19:35:00,110111.13,110145.00,110109.78,110131.45,300,80,0
2026.02.24 19:30:00,110078.66,110125.68,110078.26,110111.18,300,80,0
2026.02.24 19:25:00,110064.24,110083.91,110054.54,110078.71,300,80,0
2026.02.24 19:20:00,110079.24,110079.24,110064.29,110064.29,300,80,0
2026.02.24 19:15:00,110094.24,110094.24,110079.29,110079.29,300,80,0
2026.02.24 19:10:00,110109.24,110109.24,110094.29,110094.29,300,80,0
2026.02.24 19:05:00,110076.21,110117.04,110069.06,110109.29,300,80,0
2026.02.24 19:00:00,110045.48,110082.46,110036.78,110076.26,300,80,0
2026.02.24 18:55:00,110060.48,110060.48,110045.53,110045.53,300,80,0
2026.02.24 18:50:00,110075.48,110075.48,110060.53,110060.53,300,80,0
2026.02.24 18:45:00,110090.48,110090.48,110075.53,110075.53,300,80,0
2026.02.24 18:40:00,110105.48,110105.48,110090.53,110090.53,300,80,0
2026.02.24 18:35:00,110120.48,110120.48,110105.53,110105.53,300,80,0
2026.02.24 18:30:00,110135.48,110135.48,110120.53,110120.53,300,80,0
2026.02.24 18:25:00,110150.48,110150.48,110135.53,110135.53,300,80,0
2026.02.24 18:20:00,110122.82,110164.63,110122.02,110150.53,300,80,0
2026.02.24 18:15:00,110112.80,110133.42,110108.45,110122.87,300,80,0
2026.02.24 18:10:00,110098.51,110124.25,110095.01,110112.85,300,80,0
2026.02.24 18:05:00,110028.59,110101.96,110018.94,110098.56,300,80,0
2026.02.24 18:00:00,110043.59,110043.59,110028.64,110028.64,300,80,0
2026.02.24 17:55:00,110020.81,110048.34,110017.01,110043.64,300,80,0
2026.02.24 17:50:00,110035.81,110035.81,110020.86,110020.86,300,80,0
2026.02.24 17:45:00,110050.81,110050.81,110035.86,110035.86,300,80,0
2026.02.24 17:40:00,110065.81,110065.81,110050.86,110050.86,300,80,0
2026.02.24 17:35:00,110056.95,110076.66,110052.85,110065.86,300,80,0
2026.02.24 17:30:00,110071.95,110071.95,110057.00,110057.00,300,80,0
2026.02.24 17:25:00,110046.63,110076.85,110036.58,110072.00,300,80,0
2026.02.24 17:20:00,110031.87,110050.08,110020.37,110046.68,300,80,0
2026.02.24 17:15:00,110003.27,110039.12,109995.57,110031.92,300,80,0
2026.02.24 17:10:00,110018.27,110018.27,110003.32,110003.32,300,80,0
2026.02.24 17:05:00,110033.27,110033.27,110018.32,110018.32,300,80,0
2026.02.24 17:00:00,110022.72,110038.77,110013.27,110033.32,300,80,0
2026.02.24 16:55:00,110037.72,110037.72,110022.77,110022.77,300,80,0
2026.02.24 16:50:00,110052.72,110052.72,110037.77,110037.77,300,80,0
2026.02.24 16:45:00,110067.72,110067.72,110052.77,110052.77,300,80,0
2026.02.24 16:40:00,110082.72,110082.72,110067.77,110067.77,300,80,0
2026.02.24 16:35:00,110071.42,110093.57,110067.32,110082.77,300,80,0
2026.02.24 16:30:00,110059.58,110082.27,110055.48,110071.47,300,80,0
2026.02.24 16:25:00,110050.99,110064.23,110040.69,110059.63,300,80,0
2026.02.24 16:20:00,110065.99,110065.99,110051.04,110051.04,300,80,0
2026.02.24 16:15:00,110080.99,110080.99,110066.04,110066.04,300,80,0
2026.02.24 16:10:00,110073.42,110084.34,110061.82,110081.04,300,80,0
2026.02.24 16:05:00,110071.79,110084.67,110068.09,110073.47,300,80,0
2026.02.24 16:00:00,110086.79,110086.79,110071.84,110071.84,300,80,0
2026.02.24 15:55:00,110101.79,110101.79,110086.84,110086.84,300,80,0
2026.02.24 15:50:00,110116.79,110116.79,110101.84,110101.84,300,80,0
2026.02.24 15:45:00,110045.76,110126.19,110044.11,110116.84,300,80,0
2026.02.24 15:40:00,110060.76,110060.76,110045.81,110045.81,300,80,0
2026.02.24 15:35:00,109990.69,110061.36,109988.34,110060.81,300,80,0
2026.02.24 15:30:00,109966.98,109991.84,109953.18,109990.74,300,80,0
2026.02.24 15:25:00,109950.62,109970.63,109939.32,109967.03,300,80,0
2026.02.24 15:20:00,109965.62,109965.62,109950.67,109950.67,300,80,0
2026.02.24 15:15:00,109980.62,109980.62,109965.67,109965.67,300,80,0
2026.02.24 15:10:00,109995.62,109995.62,109980.67,109980.67,300,80,0
2026.02.24 15:05:00,110010.62,110010.62,109995.67,109995.67,300,80,0
2026.02.24 15:00:00,110025.62,110025.62,110010.67,110010.67,300,80,0
2026.02.24 14:55:00,110040.62,110040.62,110025.67,110025.67,300,80,0
2026.02.24 14:50:00,110055.62,110055.62,110040.67,110040.67,300,80,0
2026.02.24 14:45:00,110070.62,110070.62,110055.67,110055.67,300,80,0
2026.02.24 14:40:00,110085.62,110085.62,110070.67,110070.67,300,80,0
2026.02.24 14:35:00,110100.62,110100.62,110085.67,110085.67,300,80,0
2026.02.24 14:30:00,110083.75,110113.12,110081.30,110100.67,300,80,0
2026.02.24 14:25:00,110080.21,110093.75,110075.26,110083.80,300,80,0
2026.02.24 14:20:00,110095.21,110095.21,110080.26,110080.26,300,80,0
2026.02.24 14:15:00,110085.26,110105.31,110080.41,110095.26,300,80,0
2026.02.24 14:10:00,110074.44,110092.81,110067.04,110085.31,300,80,0
2026.02.24 14:05:00,110089.44,110089.44,110074.49,110074.49,300,80,0
2026.02.24 14:00:00,110104.44,110104.44,110089.49,110089.49,300,80,0
2026.02.24 13:55:00,110119.44,110119.44,110104.49,110104.49,300,80,0
2026.02.24 13:50:00,110134.44,110134.44,110119.49,110119.49,300,80,0
2026.02.24 13:45:00,110149.44,110149.44,110134.49,110134.49,300,80,0
2026.02.24 13:40:00,110164.44,110164.44,110149.49,110149.49,300,80,0
2026.02.24 13:35:00,110179.44,110179.44,110164.49,110164.49,300,80,0
2026.02.24 13:30:00,110173.67,110183.39,110162.67,110179.49,300,80,0
2026.02.24 13:25:00,110188.67,110188.67,110173.72,110173.72,300,80,0
2026.02.24 13:20:00,110203.67,110203.67,110188.72,110188.72,300,80,0
2026.02.24 13:15:00,110218.67,110218.67,110203.72,110203.72,300,80,0
2026.02.24 13:10:00,110233.67,110233.67,110218.72,110218.72,300,80,0
2026.02.24 13:05:00,110233.48,110246.42,110231.28,110233.72,300,80,0
2026.02.24 13:00:00,110248.48,110248.48,110233.53,110233.53,300,80,0
2026.02.24 12:55:00,110263.48,110263.48,110248.53,110248.53,300,80,0
2026.02.24 12:50:00,110278.48,110278.48,110263.53,110263.53,300,80,0
2026.02.24 12:45:00,110273.49,110292.18,110272.24,110278.53,300,80,0
2026.02.24 12:40:00,110288.49,110288.49,110273.54,110273.54,300,80,0
2026.02.24 12:35:00,110303.49,110303.49,110288.54,110288.54,300,80,0
2026.02.24 12:30:00,110246.87,110306.49,110242.92,110303.54,300,80,0
2026.02.24 12:25:00,110233.83,110253.72,110225.73,110246.92,300,80,0
2026.02.24 12:20:00,110204.82,110247.68,110204.27,110233.88,300,80,0
2026.02.24 12:15:00,110186.21,110205.77,110172.21,110204.87,300,80,0
2026.02.24 12:10:00,110174.82,110187.36,110161.02,110186.26,300,80,0
2026.02.24 12:05:00,110189.82,110189.82,110174.87,110174.87,300,80,0
2026.02.24 12:00:00,110187.32,110204.32,110186.87,110189.87,300,80,0
2026.02.24 11:55:00,110182.15,110193.57,110173.45,110187.37,300,80,0
2026.02.24 11:50:00,110197.15,110197.15,110182.20,110182.20,300,80,0
2026.02.24 11:45:00,110212.15,110212.15,110197.20,110197.20,300,80,0
2026.02.24 11:40:00,110192.96,110216.35,110182.21,110212.20,300,80,0
2026.02.24 11:35:00,110207.96,110207.96,110193.01,110193.01,300,80,0
2026.02.24 11:30:00,110222.96,110222.96,110208.01,110208.01,300,80,0
2026.02.24 11:25:00,110177.51,110232.46,110173.76,110223.01,300,80,0
2026.02.24 11:20:00,110154.52,110187.36,110149.42,110177.56,300,80,0
2026.02.24 11:15:00,110136.92,110164.22,110131.67,110154.57,300,80,0
2026.02.24 11:10:00,110151.92,110151.92,110136.97,110136.97,300,80,0
2026.02.24 11:05:00,110166.92,110166.92,110151.97,110151.97,300,80,0
2026.02.24 11:00:00,110181.92,110181.92,110166.97,110166.97,300,80,0
2026.02.24 10:55:00,110196.97,110196.97,110181.97,110181.97,301,80,0
2026.02.24 10:50:00,110211.97,110211.97,110197.02,110197.02,300,80,0
2026.02.24 10:45:00,110195.23,110225.67,110193.98,110212.02,300,80,0
2026.02.24 10:40:00,110210.23,110210.23,110195.28,110195.28,300,80,0
2026.02.24 10:35:00,110225.23,110225.23,110210.28,110210.28,300,80,0
2026.02.24 10:30:00,110240.23,110240.23,110225.28,110225.28,300,80,0
2026.02.24 10:25:00,110239.01,110243.93,110227.76,110240.28,300,80,0
2026.02.24 10:20:00,110230.57,110250.81,110227.42,110239.06,300,80,0
2026.02.24 10:15:00,110245.57,110245.57,110230.62,110230.62,300,80,0
2026.02.24 10:10:00,110260.57,110260.57,110245.62,110245.62,300,80,0
2026.02.24 10:05:00,110210.45,110262.07,110197.00,110260.62,300,80,0
2026.02.24 10:00:00,110225.45,110225.45,110210.50,110210.50,300,80,0
2026.02.24 09:55:00,110205.23,110226.30,110191.13,110225.50,300,80,0
2026.02.24 09:50:00,110220.23,110220.23,110205.28,110205.28,300,80,0
2026.02.24 09:45:00,110235.23,110235.23,110220.28,110220.28,300,80,0
2026.02.24 09:40:00,110250.23,110250.23,110235.28,110235.28,300,80,0
2026.02.24 09:35:00,110265.23,110265.23,110250.28,110250.28,300,80,0
2026.02.24 09:30:00,110250.26,110274.73,110244.81,110265.28,300,80,0
2026.02.24 09:25:00,110248.41,110264.51,110247.71,110250.31,300,80,0
2026.02.24 09:20:00,110263.41,110263.41,110248.46,110248.46,300,80,0
2026.02.24 09:15:00,110278.41,110278.41,110263.46,110263.46,300,80,0
2026.02.24 09:10:00,110293.41,110293.41,110278.46,110278.46,300,80,0
2026.02.24 09:05:00,110271.71,110308.26,110271.61,110293.46,300,80,0
2026.02.24 09:00:00,110286.71,110286.71,110271.76,110271.76,300,80,0
2026.02.24 08:55:00,110276.96,110293.86,110269.16,110286.76,300,80,0
2026.02.24 08:50:00,110291.96,110291.96,110277.01,110277.01,300,80,0
2026.02.24 08:45:00,110306.96,110306.96,110292.01,110292.01,300,80,0
2026.02.24 08:40:00,110284.30,110314.31,110276.70,110307.01,300,80,0
2026.02.24 08:35:00,110255.81,110288.25,110248.76,110284.35,300,80,0
2026.02.24 08:30:00,110270.81,110270.81,110255.86,110255.86,300,80,0
2026.02.24 08:25:00,110241.22,110278.21,110238.77,110270.86,300,80,0
2026.02.24 08:20:00,110256.22,110256.22,110241.27,110241.27,300,80,0
2026.02.24 08:15:00,110247.93,110260.17,110236.93,110256.27,300,80,0
2026.02.24 08:10:00,110237.75,110250.68,110225.55,110247.98,300,80,0
2026.02.24 08:05:00,110237.66,110239.35,110224.31,110237.80,300,80,0
2026.02.24 08:00:00,110252.66,110252.66,110237.71,110237.71,300,80,0
2026.02.24 07:55:00,110267.66,110267.66,110252.71,110252.71,300,80,0
2026.02.24 07:50:00,110282.66,110282.66,110267.71,110267.71,300,80,0
2026.02.24 07:45:00,110297.66,110297.66,110282.71,110282.71,300,80,0
2026.02.24 07:40:00,110312.66,110312.66,110297.71,110297.71,300,80,0
2026.02.24 07:35:00,110327.66,110327.66,110312.71,110312.71,300,80,0
2026.02.24 07:30:00,110342.66,110342.66,110327.71,110327.71,300,80,0
2026.02.24 07:25:00,110357.66,110357.66,110342.71,110342.71,300,80,0
2026.02.24 07:20:00,110372.66,110372.66,110357.71,110357.71,300,80,0
2026.02.24 07:15:00,110387.66,110387.66,110372.71,110372.71,300,80,0
2026.02.24 07:10:00,110356.08,110401.66,110355.13,110387.71,300,80,0
2026.02.24 07:05:00,110346.12,110368.03,110343.12,110356.13,300,80,0
2026.02.24 07:00:00,110361.12,110361.12,110346.17,110346.17,300,80,0
2026.02.24 06:55:00,110350.92,110365.62,110340.47,110361.17,300,80,0
2026.02.24 06:50:00,110365.92,110365.92,110350.97,110350.97,300,80,0
2026.02.24 06:45:00,110296.03,110367.37,110288.48,110365.97,300,80,0
2026.02.24 06:40:00,110267.00,110310.68,110266.70,110296.08,300,80,0
2026.02.24 06:35:00,110282.00,110282.00,110267.05,110267.05,300,80,0
2026.02.24 06:30:00,110297.00,110297.00,110282.05,110282.05,300,80,0
2026.02.24 06:25:00,110312.00,110312.00,110297.05,110297.05,300,80,0
2026.02.24 06:20:00,110327.00,110327.00,110312.05,110312.05,300,80,0
2026.02.24 06:15:00,110342.00,110342.00,110327.05,110327.05,300,80,0
2026.02.24 06:10:00,110329.07,110352.50,110324.62,110342.05,300,80,0
2026.02.24 06:05:00,110313.42,110332.02,110301.42,110329.12,300,80,0
2026.02.24 06:00:00,110291.26,110325.72,110288.61,110313.47,300,80,0
2026.02.24 05:55:00,110306.26,110306.26,110291.31,110291.31,300,80,0
2026.02.24 05:50:00,110296.24,110311.76,110286.79,110306.31,300,80,0
2026.02.24 05:45:00,110246.32,110303.94,110244.97,110296.29,300,80,0
2026.02.24 05:40:00,110261.32,110261.32,110246.37,110246.37,300,80,0
2026.02.24 05:35:00,110255.55,110265.37,110244.65,110261.37,300,80,0
2026.02.24 05:30:00,110270.55,110270.55,110255.60,110255.60,300,80,0
2026.02.24 05:25:00,110266.35,110276.15,110257.00,110270.60,300,80,0
2026.02.24 05:20:00,110281.35,110281.35,110266.40,110266.40,300,80,0
2026.02.24 05:15:00,110296.35,110296.35,110281.40,110281.40,300,80,0
2026.02.24 05:10:00,110292.94,110303.50,110285.14,110296.40,300,80,0
2026.02.24 05:05:00,110307.94,110307.94,110292.99,110292.99,300,80,0
2026.02.24 05:00:00,110322.94,110322.94,110307.99,110307.99,300,80,0
2026.02.24 04:55:00,110337.94,110337.94,110322.99,110322.99,300,80,0
2026.02.24 04:50:00,110323.14,110346.09,110316.34,110337.99,300,80,0
2026.02.24 04:45:00,110338.14,110338.14,110323.19,110323.19,300,80,0
2026.02.24 04:40:00,110353.14,110353.14,110338.19,110338.19,300,80,0
2026.02.24 04:35:00,110334.02,110364.19,110330.12,110353.19,300,80,0
2026.02.24 04:30:00,110331.73,110345.17,110327.93,110334.07,300,80,0
2026.02.24 04:25:00,110346.73,110346.73,110331.78,110331.78,300,80,0
2026.02.24 04:20:00,110361.73,110361.73,110346.78,110346.78,300,80,0
2026.02.24 04:15:00,110376.73,110376.73,110361.78,110361.78,300,80,0
2026.02.24 04:10:00,110374.75,110385.68,110368.75,110376.78,300,80,0
2026.02.24 04:05:00,110389.75,110389.75,110374.80,110374.80,300,80,0
2026.02.24 04:00:00,110404.75,110404.75,110389.80,110389.80,300,80,0
2026.02.24 03:55:00,110397.12,110411.60,110389.02,110404.80,300,80,0
2026.02.24 03:50:00,110412.12,110412.12,110397.17,110397.17,300,80,0
2026.02.24 03:45:00,110427.12,110427.12,110412.17,110412.17,300,80,0
2026.02.24 03:40:00,110442.12,110442.12,110427.17,110427.17,300,80,0
2026.02.24 03:35:00,110457.12,110457.12,110442.17,110442.17,300,80,0
2026.02.24 03:30:00,110430.86,110458.22,110417.01,110457.17,300,80,0
2026.02.24 03:25:00,110445.86,110445.86,110430.91,110430.91,300,80,0
2026.02.24 03:20:00,110418.82,110459.56,110417.57,110445.91,300,80,0
2026.02.24 03:15:00,110403.67,110422.47,110392.37,110418.87,300,80,0
2026.02.24 03:10:00,110385.63,110407.57,110374.58,110403.72,300,80,0
2026.02.24 03:05:00,110364.76,110393.33,110357.51,110385.68,300,80,0
2026.02.24 03:00:00,110379.76,110379.76,110364.81,110364.81,300,80,0
2026.02.24 02:55:00,110372.62,110387.06,110364.97,110379.81,300,80,0
2026.02.24 02:50:00,110387.62,110387.62,110372.67,110372.67,300,80,0
2026.02.24 02:45:00,110352.02,110391.82,110349.72,110387.67,300,80,0
2026.02.24 02:40:00,110335.25,110355.07,110323.35,110352.07,300,80,0
2026.02.24 02:35:00,110292.82,110342.40,110291.92,110335.30,300,80,0
2026.02.24 02:30:00,110307.82,110307.82,110292.87,110292.87,300,80,0
2026.02.24 02:25:00,110250.70,110310.97,110245.60,110307.87,300,80,0
2026.02.24 02:20:00,110234.73,110262.95,110232.03,110250.75,300,80,0
2026.02.24 02:15:00,110249.73,110249.73,110234.78,110234.78,300,80,0
2026.02.24 02:10:00,110242.55,110256.38,110234.25,110249.78,300,80,0
2026.02.24 02:05:00,110257.55,110257.55,110242.60,110242.60,300,80,0
2026.02.24 02:00:00,110272.55,110272.55,110257.60,110257.60,300,80,0
2026.02.24 01:55:00,110287.55,110287.55,110272.60,110272.60,300,80,0
2026.02.24 01:50:00,110265.93,110287.60,110251.03,110287.60,300,80,0
2026.02.24 01:45:00,110280.93,110280.93,110265.98,110265.98,300,80,0
2026.02.24 01:40:00,110295.93,110295.93,110280.98,110280.98,300,80,0
2026.02.24 01:35:00,110278.03,110298.53,110265.68,110295.98,300,80,0
2026.02.24 01:30:00,110250.78,110284.58,110242.38,110278.08,300,80,0
2026.02.24 01:25:00,110239.60,110252.28,110226.15,110250.83,300,80,0
2026.02.24 01:20:00,110254.60,110254.60,110239.65,110239.65,300,80,0
2026.02.24 01:15:00,110233.62,110254.90,110218.97,110254.65,300,80,0
2026.02.24 01:10:00,110248.62,110248.62,110233.67,110233.67,300,80,0
2026.02.24 01:05:00,110118.33,110252.37,110117.53,110248.67,300,80,0
2026.02.24 01:00:00,110104.31,110131.58,110102.61,110118.38,300,80,0
2026.02.24 00:55:00,110119.31,110119.31,110104.36,110104.36,300,80,0
2026.02.24 00:50:00,110134.31,110134.31,110119.36,110119.36,300,80,0
2026.02.24 00:45:00,110119.70,110146.11,110116.55,110134.36,300,80,0
2026.02.24 00:40:00,110134.70,110134.70,110119.75,110119.75,300,80,0
2026.02.24 00:35:00,110149.70,110149.70,110134.75,110134.75,300,80,0
2026.02.24 00:30:00,110124.22,110150.60,110110.17,110149.75,300,80,0
2026.02.24 00:25:00,110119.59,110128.02,110108.44,110124.27,300,80,0
2026.02.24 00:20:00,110134.59,110134.59,110119.64,110119.64,300,80,0
2026.02.24 00:15:00,110149.59,110149.59,110134.64,110134.64,300,80,0
2026.02.24 00:10:00,110147.01,110159.39,110141.86,110149.64,300,80,0
2026.02.24 00:05:00,110162.01,110162.01,110147.06,110147.06,300,80,0
2026.02.24 00:00:00,110136.62,110171.51,110131.17,110162.06,300,80,0
2026.02.23 23:55:00,110151.62,110151.62,110136.67,110136.67,300,80,0
2026.02.23 23:50:00,110166.62,110166.62,110151.67,110151.67,300,80,0
2026.02.23 23:45:00,110181.62,110181.62,110166.67,110166.67,300,80,0
2026.02.23 23:40:00,110117.87,110183.47,110117.67,110181.67,300,80,0
2026.02.23 23:35:00,110132.87,110132.87,110117.92,110117.92,300,80,0
2026.02.23 23:30:00,110063.42,110137.82,110057.07,110132.92,300,80,0
2026.02.23 23:25:00,110078.42,110078.42,110063.47,110063.47,300,80,0
2026.02.23 23:20:00,110093.42,110093.42,110078.47,110078.47,300,80,0
2026.02.23 23:15:00,110070.09,110100.07,110061.79,110093.47,300,80,0
2026.02.23 23:10:00,110085.09,110085.09,110070.14,110070.14,300,80,0
2026.02.23 23:05:00,110100.09,110100.09,110085.14,110085.14,300,80,0
2026.02.23 23:00:00,110080.17,110100.79,110065.92,110100.14,300,80,0
2026.02.23 22:55:00,110079.17,110082.32,110066.37,110080.22,300,80,0
2026.02.23 22:50:00,110094.17,110094.17,110079.22,110079.22,300,80,0
2026.02.23 22:45:00,110079.01,110103.47,110073.36,110094.22,300,80,0
2026.02.23 22:40:00,110044.62,110084.06,110034.72,110079.06,300,80,0
2026.02.23 22:35:00,110059.62,110059.62,110044.67,110044.67,300,80,0
2026.02.23 22:30:00,110016.33,110062.12,110013.83,110059.67,300,80,0
2026.02.23 22:25:00,110031.38,110031.38,110016.38,110016.38,301,80,0
2026.02.23 22:20:00,110046.33,110046.33,110031.43,110031.43,299,80,0
2026.02.23 22:15:00,110061.38,110061.38,110046.38,110046.38,301,80,0
2026.02.23 22:10:00,110031.34,110062.63,110026.14,110061.43,299,80,0
2026.02.23 22:05:00,110027.07,110033.74,110014.47,110031.39,301,80,0
2026.02.23 22:00:00,110042.02,110042.02,110027.12,110027.12,299,80,0
2026.02.23 21:55:00,110057.07,110057.07,110042.07,110042.07,301,80,0
2026.02.23 21:50:00,110072.02,110072.02,110057.12,110057.12,299,80,0
2026.02.23 21:45:00,110087.07,110087.07,110072.07,110072.07,301,80,0
2026.02.23 21:40:00,110073.22,110096.97,110068.22,110087.12,299,80,0
2026.02.23 21:35:00,110051.85,110080.52,110044.15,110073.27,301,80,0
2026.02.23 21:30:00,110037.73,110054.85,110025.83,110051.90,299,80,0
2026.02.23 21:25:00,110028.53,110046.78,110022.58,110037.78,301,80,0
2026.02.23 21:20:00,109998.54,110042.53,109997.59,110028.58,300,80,0
2026.02.23 21:15:00,110013.54,110013.54,109998.59,109998.59,300,80,0
2026.02.23 21:10:00,110028.54,110028.54,110013.59,110013.59,300,80,0
2026.02.23 21:05:00,110043.54,110043.54,110028.59,110028.59,300,80,0
2026.02.23 21:00:00,110058.54,110058.54,110043.59,110043.59,300,80,0
2026.02.23 20:55:00,110073.54,110073.54,110058.59,110058.59,300,80,0
2026.02.23 20:50:00,110051.71,110083.49,110046.71,110073.59,300,80,0
2026.02.23 20:45:00,110066.71,110066.71,110051.76,110051.76,300,80,0
2026.02.23 20:40:00,110081.71,110081.71,110066.76,110066.76,300,80,0
2026.02.23 20:35:00,110096.71,110096.71,110081.76,110081.76,300,80,0
2026.02.23 20:30:00,110111.71,110111.71,110096.76,110096.76,300,80,0
2026.02.23 20:25:00,110126.71,110126.71,110111.76,110111.76,300,80,0
2026.02.23 20:20:00,110091.48,110131.96,110081.78,110126.76,300,80,0
2026.02.23 20:15:00,110039.04,110098.23,110031.09,110091.53,300,80,0
2026.02.23 20:10:00,110054.04,110054.04,110039.09,110039.09,300,80,0
2026.02.23 20:05:00,110069.04,110069.04,110054.09,110054.09,300,80,0
2026.02.23 20:00:00,110051.92,110074.64,110042.57,110069.09,300,80,0
2026.02.23 19:55:00,110048.54,110063.27,110044.94,110051.97,300,80,0
2026.02.23 19:50:00,110063.54,110063.54,110048.59,110048.59,300,80,0
2026.02.23 19:45:00,110055.40,110074.79,110051.70,110063.59,300,80,0
2026.02.23 19:40:00,110070.40,110070.40,110055.45,110055.45,300,80,0
2026.02.23 19:35:00,110085.40,110085.40,110070.45,110070.45,300,80,0
2026.02.23 19:30:00,110100.40,110100.40,110085.45,110085.45,300,80,0
2026.02.23 19:25:00,110115.40,110115.40,110100.45,110100.45,300,80,0
2026.02.23 19:20:00,110130.40,110130.40,110115.45,110115.45,300,80,0
2026.02.23 19:15:00,110145.40,110145.40,110130.45,110130.45,300,80,0
2026.02.23 19:10:00,110160.40,110160.40,110145.45,110145.45,300,80,0
2026.02.23 19:05:00,110175.40,110175.40,110160.45,110160.45,300,80,0
2026.02.23 19:00:00,110190.40,110190.40,110175.45,110175.45,300,80,0
2026.02.23 18:55:00,110205.40,110205.40,110190.45,110190.45,300,80,0
2026.02.23 18:50:00,110220.40,110220.40,110205.45,110205.45,300,80,0
2026.02.23 18:45:00,110142.55,110227.05,110142.20,110220.45,300,80,0
2026.02.23 18:40:00,110157.55,110157.55,110142.60,110142.60,300,80,0
2026.02.23 18:35:00,110172.55,110172.55,110157.60,110157.60,300,80,0
2026.02.23 18:30:00,110135.31,110177.65,110125.46,110172.60,300,80,0
2026.02.23 18:25:00,110150.31,110150.31,110135.36,110135.36,300,80,0
2026.02.23 18:20:00,110165.31,110165.31,110150.36,110150.36,300,80,0
2026.02.23 18:15:00,110098.49,110171.11,110097.04,110165.36,300,80,0
2026.02.23 18:10:00,110077.56,110108.39,110072.51,110098.54,300,80,0
2026.02.23 18:05:00,110092.56,110092.56,110077.61,110077.61,300,80,0
2026.02.23 18:00:00,110076.28,110096.01,110064.78,110092.61,300,80,0
2026.02.23 17:55:00,110091.28,110091.28,110076.33,110076.33,300,80,0
2026.02.23 17:50:00,110106.28,110106.28,110091.33,110091.33,300,80,0
2026.02.23 17:45:00,110101.38,110119.83,110099.98,110106.33,300,80,0
2026.02.23 17:40:00,110116.38,110116.38,110101.43,110101.43,300,80,0
2026.02.23 17:35:00,110107.33,110130.83,110106.83,110116.43,300,80,0
2026.02.23 17:30:00,110122.33,110122.33,110107.38,110107.38,300,80,0
2026.02.23 17:25:00,110137.33,110137.33,110122.38,110122.38,300,80,0
2026.02.23 17:20:00,110152.33,110152.33,110137.38,110137.38,300,80,0
2026.02.23 17:15:00,110150.34,110165.48,110148.54,110152.38,300,80,0
2026.02.23 17:10:00,110165.34,110165.34,110150.39,110150.39,300,80,0
2026.02.23 17:05:00,110180.34,110180.34,110165.39,110165.39,300,80,0
2026.02.23 17:00:00,110195.34,110195.34,110180.39,110180.39,300,80,0
2026.02.23 16:55:00,110210.34,110210.34,110195.39,110195.39,300,80,0
2026.02.23 16:50:00,110225.34,110225.34,110210.39,110210.39,300,80,0
2026.02.23 16:45:00,110185.06,110227.04,110171.81,110225.39,300,80,0
2026.02.23 16:40:00,110200.06,110200.06,110185.11,110185.11,300,80,0
2026.02.23 16:35:00,110131.72,110204.41,110127.42,110200.11,300,80,0
2026.02.23 16:30:00,110100.02,110135.02,110088.37,110131.77,300,80,0
2026.02.23 16:25:00,110115.02,110115.02,110100.07,110100.07,300,80,0
2026.02.23 16:20:00,110130.02,110130.02,110115.07,110115.07,300,80,0
2026.02.23 16:15:00,110111.83,110133.02,110099.88,110130.07,300,80,0
2026.02.23 16:10:00,110093.78,110122.28,110089.28,110111.88,300,80,0
2026.02.23 16:05:00,110078.69,110104.78,110074.74,110093.83,300,80,0
2026.02.23 16:00:00,109978.99,110086.24,109975.19,110078.74,300,80,0
2026.02.23 15:55:00,109993.99,109993.99,109979.04,109979.04,300,80,0
2026.02.23 15:50:00,110008.99,110008.99,109994.04,109994.04,300,80,0
2026.02.23 15:45:00,110023.99,110023.99,110009.04,110009.04,300,80,0
2026.02.23 15:40:00,110038.99,110038.99,110024.04,110024.04,300,80,0
2026.02.23 15:35:00,110053.99,110053.99,110039.04,110039.04,300,80,0
2026.02.23 15:30:00,110068.99,110068.99,110054.04,110054.04,300,80,0
2026.02.23 15:25:00,110045.19,110081.19,110042.44,110069.04,300,80,0
2026.02.23 15:20:00,110060.19,110060.19,110045.24,110045.24,300,80,0
2026.02.23 15:15:00,110075.19,110075.19,110060.24,110060.24,300,80,0
2026.02.23 15:10:00,110062.50,110078.69,110051.05,110075.24,300,80,0
2026.02.23 15:05:00,110056.84,110065.80,110045.19,110062.55,300,80,0
2026.02.23 15:00:00,110042.42,110060.79,110031.42,110056.89,300,80,0
2026.02.23 14:55:00,110057.42,110057.42,110042.47,110042.47,300,80,0
2026.02.23 14:50:00,110072.42,110072.42,110057.47,110057.47,300,80,0
2026.02.23 14:45:00,110087.42,110087.42,110072.47,110072.47,300,80,0
2026.02.23 14:40:00,110102.42,110102.42,110087.47,110087.47,300,80,0
2026.02.23 14:35:00,110117.42,110117.42,110102.47,110102.47,300,80,0
2026.02.23 14:30:00,110132.42,110132.42,110117.47,110117.47,300,80,0
2026.02.23 14:25:00,110147.42,110147.42,110132.47,110132.47,300,80,0
2026.02.23 14:20:00,110162.42,110162.42,110147.47,110147.47,300,80,0
2026.02.23 14:15:00,110177.42,110177.42,110162.47,110162.47,300,80,0
2026.02.23 14:10:00,110140.47,110187.92,110137.87,110177.47,300,80,0
2026.02.23 14:05:00,110155.47,110155.47,110140.52,110140.52,300,80,0
2026.02.23 14:00:00,110170.47,110170.47,110155.52,110155.52,300,80,0
2026.02.23 13:55:00,110162.96,110178.87,110156.41,110170.52,300,80,0
2026.02.23 13:50:00,110177.96,110177.96,110163.01,110163.01,300,80,0
2026.02.23 13:45:00,110154.90,110191.91,110153.90,110178.01,300,80,0
2026.02.23 13:40:00,110169.90,110169.90,110154.95,110154.95,300,80,0
2026.02.23 13:35:00,110184.90,110184.90,110169.95,110169.95,300,80,0
2026.02.23 13:30:00,110199.90,110199.90,110184.95,110184.95,300,80,0
2026.02.23 13:25:00,110128.34,110207.70,110122.54,110199.95,300,80,0
2026.02.23 13:20:00,110143.34,110143.34,110128.39,110128.39,300,80,0
2026.02.23 13:15:00,110158.34,110158.34,110143.39,110143.39,300,80,0
2026.02.23 13:10:00,110113.12,110159.44,110106.67,110158.39,300,80,0
2026.02.23 13:05:00,110097.25,110114.37,110083.55,110113.17,300,80,0
2026.02.23 13:00:00,110112.25,110112.25,110097.30,110097.30,300,80,0
2026.02.23 12:55:00,110127.25,110127.25,110112.30,110112.30,300,80,0
2026.02.23 12:50:00,110111.65,110139.05,110108.50,110127.30,300,80,0
2026.02.23 12:45:00,110126.65,110126.65,110111.70,110111.70,300,80,0
2026.02.23 12:40:00,110141.65,110141.65,110126.70,110126.70,300,80,0
2026.02.23 12:35:00,110156.65,110156.65,110141.70,110141.70,300,80,0
2026.02.23 12:30:00,110171.65,110171.65,110156.70,110156.70,300,80,0
2026.02.23 12:25:00,110154.69,110177.15,110145.24,110171.70,300,80,0
2026.02.23 12:20:00,110140.43,110164.94,110135.73,110154.74,300,80,0
2026.02.23 12:15:00,110155.43,110155.43,110140.48,110140.48,300,80,0
2026.02.23 12:10:00,110135.50,110166.08,110131.20,110155.48,300,80,0
2026.02.23 12:05:00,110134.59,110137.25,110121.39,110135.55,300,80,0
2026.02.23 12:00:00,110089.85,110137.19,110081.10,110134.64,300,80,0
2026.02.23 11:55:00,110045.26,110094.60,110045.01,110089.90,300,80,0
2026.02.23 11:50:00,110060.26,110060.26,110045.31,110045.31,300,80,0
2026.02.23 11:45:00,110075.26,110075.26,110060.31,110060.31,300,80,0
2026.02.23 11:40:00,110072.11,110079.81,110061.71,110075.31,300,80,0
2026.02.23 11:35:00,110062.23,110075.41,110050.58,110072.16,300,80,0
2026.02.23 11:30:00,110056.49,110064.38,110043.69,110062.28,300,80,0
2026.02.23 11:25:00,110071.49,110071.49,110056.54,110056.54,299,80,0
2026.02.23 11:20:00,110086.49,110086.49,110071.54,110071.54,300,80,0
2026.02.23 11:15:00,110101.49,110101.49,110086.54,110086.54,300,80,0
2026.02.23 11:10:00,110082.93,110102.99,110069.88,110101.54,292,80,0
2026.02.23 11:05:00,110029.47,110083.53,110026.72,110082.93,223,80,0
2026.02.23 11:00:00,110021.45,110033.07,110010.10,110029.52,300,80,0
2026.02.23 10:55:00,110036.45,110036.45,110021.50,110021.50,300,80,0
2026.02.23 10:50:00,110051.45,110051.45,110036.50,110036.50,300,80,0
2026.02.23 10:45:00,110066.45,110066.45,110051.50,110051.50,300,80,0
2026.02.23 10:40:00,110026.58,110074.85,110021.98,110066.50,300,80,0
2026.02.23 10:35:00,110008.27,110030.33,109997.07,110026.63,300,80,0
2026.02.23 10:30:00,110004.73,110021.02,110002.53,110008.32,300,80,0
2026.02.23 10:25:00,110019.73,110019.73,110004.78,110004.78,300,80,0
2026.02.23 10:20:00,110034.73,110034.73,110019.78,110019.78,300,80,0
2026.02.23 10:15:00,110049.73,110049.73,110034.78,110034.78,300,80,0
2026.02.23 10:10:00,110028.08,110061.08,110024.48,110049.78,300,80,0
2026.02.23 10:05:00,110043.08,110043.08,110028.13,110028.13,300,80,0
2026.02.23 10:00:00,110004.07,110046.13,109997.12,110043.13,300,80,0
2026.02.23 09:55:00,110019.07,110019.07,110004.12,110004.12,300,80,0
2026.02.23 09:50:00,110034.07,110034.07,110019.12,110019.12,300,80,0
2026.02.23 09:45:00,110049.07,110049.07,110034.12,110034.12,300,80,0
2026.02.23 09:40:00,110064.07,110064.07,110049.12,110049.12,300,80,0
2026.02.23 09:35:00,110079.07,110079.07,110064.12,110064.12,300,80,0
2026.02.23 09:30:00,110093.22,110093.22,110079.12,110079.12,283,80,0
2026.02.23 09:25:00,110108.22,110108.22,110093.27,110093.27,300,80,0
2026.02.23 09:20:00,110123.22,110123.22,110108.27,110108.27,300,80,0
2026.02.23 09:15:00,110138.22,110138.22,110123.27,110123.27,300,80,0
2026.02.23 09:10:00,110153.22,110153.22,110138.27,110138.27,300,80,0
2026.02.23 09:05:00,110090.57,110159.62,110088.82,110153.27,300,80,0
2026.02.23 09:00:00,110105.57,110105.57,110090.62,110090.62,300,80,0
2026.02.23 08:55:00,110120.57,110120.57,110105.62,110105.62,300,80,0
2026.02.23 08:50:00,110098.97,110134.82,110098.27,110120.62,300,80,0
2026.02.23 08:45:00,110098.28,110110.17,110094.53,110099.02,300,80,0
2026.02.23 08:40:00,110113.28,110113.28,110098.33,110098.33,300,80,0
2026.02.23 08:35:00,110109.07,110124.23,110105.07,110113.33,300,80,0
2026.02.23 08:30:00,110107.41,110109.52,110092.91,110109.12,300,80,0
2026.02.23 08:25:00,110122.41,110122.41,110107.46,110107.46,300,80,0
2026.02.23 08:20:00,110137.41,110137.41,110122.46,110122.46,300,80,0
2026.02.23 08:15:00,110152.41,110152.41,110137.46,110137.46,300,80,0
2026.02.23 08:10:00,110167.41,110167.41,110152.46,110152.46,300,80,0
2026.02.23 08:05:00,110162.55,110174.46,110154.65,110167.46,300,80,0
2026.02.23 08:00:00,110177.55,110177.55,110162.60,110162.60,300,80,0
2026.02.23 07:55:00,110077.42,110177.70,110076.27,110177.60,300,80,0
2026.02.23 07:50:00,110092.42,110092.42,110077.47,110077.47,300,80,0
2026.02.23 07:45:00,110107.42,110107.42,110092.47,110092.47,300,80,0
2026.02.23 07:40:00,110122.42,110122.42,110107.47,110107.47,300,80,0
2026.02.23 07:35:00,110137.42,110137.42,110122.47,110122.47,300,80,0
2026.02.23 07:30:00,110128.12,110138.97,110114.72,110137.47,300,80,0
2026.02.23 07:25:00,110143.12,110143.12,110128.17,110128.17,300,80,0
2026.02.23 07:20:00,110072.75,110148.42,110072.25,110143.17,300,80,0
2026.02.23 07:15:00,110087.75,110087.75,110072.80,110072.80,300,80,0
2026.02.23 07:10:00,110102.75,110102.75,110087.80,110087.80,300,80,0
2026.02.23 07:05:00,110117.75,110117.75,110102.80,110102.80,300,80,0
2026.02.23 07:00:00,110059.32,110126.65,110059.02,110117.80,300,80,0
2026.02.23 06:55:00,110074.32,110074.32,110059.37,110059.37,300,80,0
2026.02.23 06:50:00,110046.49,110085.07,110042.29,110074.37,300,80,0
2026.02.23 06:45:00,110061.49,110061.49,110046.54,110046.54,300,80,0
2026.02.23 06:40:00,110021.73,110071.99,110017.43,110061.54,300,80,0
2026.02.23 06:35:00,110036.73,110036.73,110021.78,110021.78,300,80,0
2026.02.23 06:30:00,110051.73,110051.73,110036.78,110036.78,300,80,0
2026.02.23 06:25:00,110066.73,110066.73,110051.78,110051.78,300,80,0
2026.02.23 06:20:00,110081.73,110081.73,110066.78,110066.78,300,80,0
2026.02.23 06:15:00,110096.73,110096.73,110081.78,110081.78,300,80,0
2026.02.23 06:10:00,110070.04,110110.33,110068.69,110096.78,300,80,0
2026.02.23 06:05:00,110035.99,110084.79,110035.79,110070.09,300,80,0
2026.02.23 06:00:00,110050.99,110050.99,110036.04,110036.04,300,80,0
2026.02.23 05:55:00,110037.12,110065.04,110036.22,110051.04,300,80,0
2026.02.23 05:50:00,110052.12,110052.12,110037.17,110037.17,300,80,0
2026.02.23 05:45:00,110067.12,110067.12,110052.17,110052.17,300,80,0
2026.02.23 05:40:00,110082.12,110082.12,110067.17,110067.17,300,80,0
2026.02.23 05:35:00,110069.70,110094.12,110066.75,110082.17,300,80,0
2026.02.23 05:30:00,110043.02,110080.05,110038.42,110069.75,300,80,0
2026.02.23 05:25:00,110058.07,110058.07,110043.07,110043.07,301,80,0
2026.02.23 05:20:00,110037.74,110064.72,110029.44,110058.12,300,80,0
2026.02.23 05:15:00,110052.74,110052.74,110037.79,110037.79,300,80,0
2026.02.23 05:10:00,110067.74,110067.74,110052.79,110052.79,300,80,0
2026.02.23 05:05:00,110058.80,110073.09,110049.20,110067.79,300,80,0
2026.02.23 05:00:00,110073.80,110073.80,110058.85,110058.85,300,80,0
2026.02.23 04:55:00,110088.80,110088.80,110073.85,110073.85,300,80,0
2026.02.23 04:50:00,110051.64,110089.25,110044.24,110088.85,300,80,0
2026.02.23 04:45:00,110029.47,110052.59,110015.47,110051.69,300,80,0
2026.02.23 04:40:00,110024.39,110037.97,110017.94,110029.52,300,80,0
2026.02.23 04:35:00,110039.39,110039.39,110024.44,110024.44,300,80,0
2026.02.23 04:30:00,110035.23,110048.14,110029.03,110039.44,300,80,0
2026.02.23 04:25:00,110050.23,110050.23,110035.28,110035.28,300,80,0
2026.02.23 04:20:00,110065.23,110065.23,110050.28,110050.28,300,80,0
2026.02.23 04:15:00,110080.23,110080.23,110065.28,110065.28,300,80,0
2026.02.23 04:10:00,110041.18,110089.58,110038.53,110080.28,300,80,0
2026.02.23 04:05:00,110029.43,110052.18,110025.48,110041.23,300,80,0
2026.02.23 04:00:00,110044.43,110044.43,110029.48,110029.48,300,80,0
2026.02.23 03:55:00,110059.43,110059.43,110044.48,110044.48,300,80,0
2026.02.23 03:50:00,110049.22,110071.48,110046.32,110059.48,300,80,0
2026.02.23 03:45:00,110064.22,110064.22,110049.27,110049.27,300,80,0
2026.02.23 03:40:00,110079.22,110079.22,110064.27,110064.27,300,80,0
2026.02.23 03:35:00,110057.70,110084.62,110048.15,110079.27,300,80,0
2026.02.23 03:30:00,110072.70,110072.70,110057.75,110057.75,300,80,0
2026.02.23 03:25:00,110087.70,110087.70,110072.75,110072.75,300,80,0
2026.02.23 03:20:00,110062.74,110098.55,110058.64,110087.75,300,80,0
2026.02.23 03:15:00,110042.40,110074.19,110038.90,110062.79,300,80,0
2026.02.23 03:10:00,110057.40,110057.40,110042.45,110042.45,300,80,0
2026.02.23 03:05:00,110072.40,110072.40,110057.45,110057.45,300,80,0
2026.02.23 03:00:00,110087.40,110087.40,110072.45,110072.45,300,80,0
2026.02.23 02:55:00,110102.40,110102.40,110087.45,110087.45,300,80,0
2026.02.23 02:50:00,110117.40,110117.40,110102.45,110102.45,300,80,0
2026.02.23 02:45:00,110132.40,110132.40,110117.45,110117.45,300,80,0
2026.02.23 02:40:00,110128.85,110136.05,110117.55,110132.45,300,80,0
2026.02.23 02:35:00,110143.85,110143.85,110128.90,110128.90,300,80,0
2026.02.23 02:30:00,110142.54,110155.20,110138.94,110143.90,300,80,0
2026.02.23 02:25:00,110157.54,110157.54,110142.59,110142.59,300,80,0
2026.02.23 02:20:00,110172.54,110172.54,110157.59,110157.59,300,80,0
2026.02.23 02:15:00,110187.54,110187.54,110172.59,110172.59,300,80,0
2026.02.23 02:10:00,110202.54,110202.54,110187.59,110187.59,300,80,0
2026.02.23 02:05:00,110217.54,110217.54,110202.59,110202.59,300,80,0
2026.02.23 02:00:00,110210.14,110231.44,110209.09,110217.59,300,80,0
2026.02.23 01:55:00,110158.95,110218.54,110157.70,110210.19,300,80,0
2026.02.23 01:50:00,110173.95,110173.95,110159.00,110159.00,300,80,0
2026.02.23 01:45:00,110188.95,110188.95,110174.00,110174.00,300,80,0
2026.02.23 01:40:00,110203.95,110203.95,110189.00,110189.00,300,80,0
2026.02.23 01:35:00,110202.31,110210.70,110194.11,110204.00,300,80,0
2026.02.23 01:30:00,110217.31,110217.31,110202.36,110202.36,300,80,0
2026.02.23 01:25:00,110232.31,110232.31,110217.36,110217.36,300,80,0
2026.02.23 01:20:00,110247.31,110247.31,110232.36,110232.36,300,80,0
2026.02.23 01:15:00,110262.31,110262.31,110247.36,110247.36,300,80,0
2026.02.23 01:10:00,110244.80,110277.16,110244.70,110262.36,300,80,0
2026.02.23 01:05:00,110259.80,110259.80,110244.85,110244.85,300,80,0
2026.02.23 01:00:00,110274.80,110274.80,110259.85,110259.85,300,80,0
2026.02.23 00:55:00,110289.80,110289.80,110274.85,110274.85,300,80,0
2026.02.23 00:50:00,110249.21,110290.15,110239.61,110289.85,300,80,0
2026.02.23 00:45:00,110264.21,110264.21,110249.26,110249.26,300,80,0
2026.02.23 00:40:00,110279.21,110279.21,110264.26,110264.26,300,80,0
2026.02.23 00:35:00,110250.51,110280.26,110240.06,110279.26,300,80,0
2026.02.23 00:30:00,110235.44,110261.81,110231.79,110250.56,300,80,0
2026.02.23 00:25:00,110250.44,110250.44,110235.49,110235.49,300,80,0
2026.02.23 00:20:00,110231.72,110258.19,110224.52,110250.49,300,80,0
2026.02.23 00:15:00,110229.64,110242.07,110225.04,110231.77,300,80,0
2026.02.23 00:10:00,110225.53,110241.04,110221.98,110229.69,300,80,0
2026.02.23 00:05:00,110240.53,110240.53,110225.58,110225.58,300,80,0
2026.02.23 00:00:00,110255.53,110255.53,110240.58,110240.58,300,80,0
2026.02.22 23:55:00,110270.53,110270.53,110255.58,110255.58,300,80,0
2026.02.22 23:50:00,110267.96,110276.93,110259.41,110270.58,300,80,0
2026.02.22 23:45:00,110282.96,110282.96,110268.01,110268.01,300,80,0
2026.02.22 23:40:00,110297.96,110297.96,110283.01,110283.01,300,80,0
2026.02.22 23:35:00,110296.35,110312.31,110295.75,110298.01,300,80,0
2026.02.22 23:30:00,110311.35,110311.35,110296.40,110296.40,300,80,0
2026.02.22 23:25:00,110326.35,110326.35,110311.40,110311.40,300,80,0
2026.02.22 23:20:00,110341.35,110341.35,110326.40,110326.40,300,80,0
2026.02.22 23:15:00,110319.43,110345.55,110308.68,110341.40,300,80,0
2026.02.22 23:10:00,110294.08,110319.58,110279.28,110319.48,300,80,0
2026.02.22 23:05:00,110240.31,110302.48,110238.01,110294.13,300,80,0
2026.02.22 23:00:00,110212.45,110253.41,110210.60,110240.36,300,80,0
2026.02.22 22:55:00,110143.21,110212.70,110139.36,110212.50,300,80,0
2026.02.22 22:50:00,110158.21,110158.21,110143.26,110143.26,300,80,0
2026.02.22 22:45:00,110173.21,110173.21,110158.26,110158.26,300,80,0
2026.02.22 22:40:00,110166.33,110176.46,110154.63,110173.26,300,80,0
2026.02.22 22:35:00,110126.49,110177.58,110122.79,110166.38,300,80,0
2026.02.22 22:30:00,110101.82,110131.29,110096.82,110126.54,300,80,0
2026.02.22 22:25:00,110116.82,110116.82,110101.87,110101.87,300,80,0
2026.02.22 22:20:00,110131.82,110131.82,110116.87,110116.87,300,80,0
2026.02.22 22:15:00,110146.82,110146.82,110131.87,110131.87,300,80,0
2026.02.22 22:10:00,110161.82,110161.82,110146.87,110146.87,300,80,0
2026.02.22 22:05:00,110176.82,110176.82,110161.87,110161.87,300,80,0
2026.02.22 22:00:00,110105.22,110181.82,110100.37,110176.87,300,80,0
2026.02.22 21:55:00,110120.22,110120.22,110105.27,110105.27,300,80,0
2026.02.22 21:50:00,110120.01,110132.42,110117.26,110120.27,300,80,0
2026.02.22 21:45:00,110135.01,110135.01,110120.06,110120.06,300,80,0
2026.02.22 21:40:00,110113.29,110147.66,110110.99,110135.06,300,80,0
2026.02.22 21:35:00,110128.29,110128.29,110113.34,110113.34,300,80,0
2026.02.22 21:30:00,110143.29,110143.29,110128.34,110128.34,300,80,0
2026.02.22 21:25:00,110158.29,110158.29,110143.34,110143.34,300,80,0
2026.02.22 21:20:00,110138.37,110170.44,110135.57,110158.34,300,80,0
2026.02.22 21:15:00,110153.37,110153.37,110138.42,110138.42,300,80,0
2026.02.22 21:10:00,110168.37,110168.37,110153.42,110153.42,300,80,0
2026.02.22 21:05:00,110183.37,110183.37,110168.42,110168.42,300,80,0
2026.02.22 21:00:00,110198.37,110198.37,110183.42,110183.42,300,80,0
2026.02.22 20:55:00,110190.13,110208.77,110185.58,110198.42,300,80,0
2026.02.22 20:50:00,110205.13,110205.13,110190.18,110190.18,300,80,0
2026.02.22 20:45:00,110190.79,110210.48,110181.19,110205.18,300,80,0
2026.02.22 20:40:00,110169.64,110204.49,110168.39,110190.84,300,80,0
2026.02.22 20:35:00,110162.92,110174.64,110152.97,110169.69,300,80,0
2026.02.22 20:30:00,110177.92,110177.92,110162.97,110162.97,300,80,0
2026.02.22 20:25:00,110192.92,110192.92,110177.97,110177.97,300,80,0
2026.02.22 20:20:00,110207.97,110207.97,110192.97,110192.97,301,80,0
2026.02.22 20:15:00,110222.97,110222.97,110208.02,110208.02,300,80,0
2026.02.22 20:10:00,110237.97,110237.97,110223.02,110223.02,300,80,0
2026.02.22 20:05:00,110252.97,110252.97,110238.02,110238.02,300,80,0
2026.02.22 20:00:00,110250.75,110257.12,110239.95,110253.02,300,80,0
2026.02.22 19:55:00,110224.42,110263.55,110222.27,110250.80,300,80,0
2026.02.22 19:50:00,110206.14,110234.92,110201.69,110224.47,300,80,0
2026.02.22 19:45:00,110221.14,110221.14,110206.19,110206.19,300,80,0
2026.02.22 19:40:00,110236.14,110236.14,110221.19,110221.19,300,80,0
2026.02.22 19:35:00,110244.29,110244.29,110236.19,110236.19,164,80,0
2026.02.22 19:30:00,110217.27,110250.29,110210.02,110244.34,300,80,0
2026.02.22 19:25:00,110232.27,110232.27,110217.32,110217.32,300,80,0
2026.02.22 19:20:00,110247.27,110247.27,110232.32,110232.32,300,80,0
2026.02.22 19:15:00,110262.27,110262.27,110247.32,110247.32,300,80,0
2026.02.22 19:10:00,110229.97,110276.57,110229.32,110262.32,300,80,0
2026.02.22 19:05:00,110244.97,110244.97,110230.02,110230.02,299,80,0
2026.02.22 19:00:00,110259.97,110259.97,110245.02,110245.02,300,80,0
2026.02.22 18:55:00,110274.97,110274.97,110260.02,110260.02,300,80,0
2026.02.22 18:50:00,110186.10,110277.27,110182.65,110275.02,300,80,0
2026.02.22 18:45:00,110182.35,110198.70,110180.00,110186.15,300,80,0
2026.02.22 18:40:00,110197.35,110197.35,110182.40,110182.40,300,80,0
2026.02.22 18:35:00,110212.35,110212.35,110197.40,110197.40,300,80,0
2026.02.22 18:30:00,110218.15,110218.15,110212.40,110212.40,116,80,0
2026.02.22 18:25:00,110208.56,110226.70,110205.96,110218.15,225,80,0
2026.02.22 18:20:00,110191.34,110222.51,110190.34,110208.61,300,80,0
2026.02.22 18:15:00,110096.74,110192.24,110092.69,110191.39,300,80,0
2026.02.22 18:10:00,110111.74,110111.74,110096.79,110096.79,300,80,0
2026.02.22 18:05:00,110105.49,110118.69,110097.49,110111.79,300,80,0
2026.02.22 18:00:00,110084.46,110108.59,110072.61,110105.54,300,80,0
2026.02.22 17:55:00,110099.46,110099.46,110084.51,110084.51,300,80,0
2026.02.22 17:50:00,110080.60,110108.61,110074.80,110099.51,300,80,0
2026.02.22 17:45:00,110075.79,110089.05,110069.29,110080.65,300,80,0
2026.02.22 17:40:00,110090.79,110090.79,110075.84,110075.84,300,80,0
2026.02.22 17:35:00,110085.63,110100.59,110080.48,110090.84,300,80,0
2026.02.22 17:30:00,110100.63,110100.63,110085.68,110085.68,300,80,0
2026.02.22 17:25:00,110115.63,110115.63,110100.68,110100.68,300,80,0
2026.02.22 17:20:00,110130.63,110130.63,110115.68,110115.68,300,80,0
2026.02.22 17:15:00,110145.63,110145.63,110130.68,110130.68,300,80,0
2026.02.22 17:10:00,110160.63,110160.63,110145.68,110145.68,300,80,0
2026.02.22 17:05:00,110175.63,110175.63,110160.68,110160.68,300,80,0
2026.02.22 17:00:00,110166.08,110182.63,110158.13,110175.68,300,80,0
2026.02.22 16:55:00,110163.64,110171.78,110154.39,110166.13,300,80,0
2026.02.22 16:50:00,110147.84,110164.39,110133.64,110163.69,300,80,0
2026.02.22 16:45:00,110117.18,110155.69,110110.08,110147.89,300,80,0
2026.02.22 16:40:00,110132.18,110132.18,110117.23,110117.23,300,80,0
2026.02.22 16:35:00,110147.18,110147.18,110132.23,110132.23,300,80,0
2026.02.22 16:30:00,110132.11,110154.23,110124.21,110147.23,300,80,0
2026.02.22 16:25:00,110147.11,110147.11,110132.16,110132.16,300,80,0
2026.02.22 16:20:00,110162.11,110162.11,110147.16,110147.16,300,80,0
2026.02.22 16:15:00,110145.80,110162.66,110131.35,110162.16,301,80,0
2026.02.22 16:10:00,110160.80,110160.80,110145.85,110145.85,300,80,0
2026.02.22 16:05:00,110154.50,110165.80,110144.55,110160.85,300,80,0
2026.02.22 16:00:00,110088.43,110156.80,110085.78,110154.55,300,80,0
2026.02.22 15:55:00,110072.17,110092.78,110061.57,110088.48,300,80,0
2026.02.22 15:50:00,110061.91,110083.12,110057.91,110072.22,300,80,0
2026.02.22 15:45:00,110076.91,110076.91,110061.96,110061.96,300,80,0
2026.02.22 15:40:00,110051.85,110088.41,110048.40,110076.96,300,80,0
2026.02.22 15:35:00,110066.85,110066.85,110051.90,110051.90,300,80,0
2026.02.22 15:30:00,110033.08,110079.60,110030.88,110066.90,300,80,0
2026.02.22 15:25:00,110028.85,110034.18,110015.00,110033.13,300,80,0
2026.02.22 15:20:00,110043.85,110043.85,110028.90,110028.90,300,80,0
2026.02.22 15:15:00,110058.85,110058.85,110043.90,110043.90,300,80,0
2026.02.22 15:10:00,110043.43,110059.30,110028.93,110058.90,300,80,0
2026.02.22 15:05:00,110010.88,110051.53,110008.43,110043.48,300,80,0
2026.02.22 15:00:00,109987.61,110011.18,109972.96,110010.93,300,80,0
2026.02.22 14:55:00,109983.88,109998.11,109979.43,109987.66,300,80,0
2026.02.22 14:50:00,109914.53,109986.83,109906.08,109983.93,300,80,0
2026.02.22 14:45:00,109929.53,109929.53,109914.58,109914.58,300,80,0
2026.02.22 14:40:00,109944.53,109944.53,109929.58,109929.58,300,80,0
2026.02.22 14:35:00,109959.53,109959.53,109944.58,109944.58,300,80,0
2026.02.22 14:30:00,109974.53,109974.53,109959.58,109959.58,300,80,0
2026.02.22 14:25:00,109989.53,109989.53,109974.58,109974.58,300,80,0
2026.02.22 14:20:00,109956.55,109995.63,109947.70,109989.58,300,80,0
2026.02.22 14:15:00,109946.49,109968.25,109943.24,109956.60,300,80,0
2026.02.22 14:10:00,109961.49,109961.49,109946.54,109946.54,300,80,0
2026.02.22 14:05:00,109976.49,109976.49,109961.54,109961.54,300,80,0
2026.02.22 14:00:00,109970.69,109983.99,109963.24,109976.54,300,80,0
2026.02.22 13:55:00,109967.98,109978.79,109961.13,109970.74,300,80,0
2026.02.22 13:50:00,109965.27,109972.53,109954.87,109968.03,300,80,0
2026.02.22 13:45:00,109980.27,109980.27,109965.32,109965.32,300,80,0
2026.02.22 13:40:00,109995.27,109995.27,109980.32,109980.32,300,80,0
2026.02.22 13:35:00,110010.27,110010.27,109995.32,109995.32,300,80,0
2026.02.22 13:30:00,110025.27,110025.27,110010.32,110010.32,300,80,0
2026.02.22 13:25:00,110040.27,110040.27,110025.32,110025.32,300,80,0
2026.02.22 13:20:00,109978.19,110040.32,109977.84,110040.32,300,80,0
2026.02.22 13:15:00,109993.19,109993.19,109978.24,109978.24,300,80,0
2026.02.22 13:10:00,110008.19,110008.19,109993.24,109993.24,300,80,0
2026.02.22 13:05:00,110003.83,110009.49,109990.18,110008.24,300,80,0
2026.02.22 13:00:00,110018.83,110018.83,110003.88,110003.88,300,80,0
2026.02.22 12:55:00,109986.48,110033.03,109985.73,110018.88,300,80,0
2026.02.22 12:50:00,110001.48,110001.48,109986.53,109986.53,300,80,0
2026.02.22 12:45:00,109975.79,110013.73,109973.09,110001.53,300,80,0
2026.02.22 12:40:00,109990.79,109990.79,109975.84,109975.84,300,80,0
2026.02.22 12:35:00,110005.79,110005.79,109990.84,109990.84,300,80,0
2026.02.22 12:30:00,109991.55,110012.74,109983.55,110005.84,300,80,0
2026.02.22 12:25:00,110006.55,110006.55,109991.60,109991.60,300,80,0
2026.02.22 12:20:00,109969.34,110015.20,109963.04,110006.60,300,80,0
2026.02.22 12:15:00,109984.34,109984.34,109969.39,109969.39,300,80,0
2026.02.22 12:10:00,109999.34,109999.34,109984.39,109984.39,300,80,0
2026.02.22 12:05:00,110014.34,110014.34,109999.39,109999.39,300,80,0
2026.02.22 12:00:00,109995.77,110022.99,109989.47,110014.39,300,80,0
2026.02.22 11:55:00,109978.10,110003.52,109970.90,109995.82,300,80,0
2026.02.22 11:50:00,109993.10,109993.10,109978.15,109978.15,300,80,0
2026.02.22 11:45:00,110008.10,110008.10,109993.15,109993.15,300,80,0
2026.02.22 11:40:00,109994.93,110013.40,109985.28,110008.15,300,80,0
2026.02.22 11:35:00,109985.99,109997.93,109974.04,109994.98,300,80,0
2026.02.22 11:30:00,110000.99,110000.99,109986.04,109986.04,300,80,0
2026.02.22 11:25:00,109989.04,110007.89,109980.99,110001.04,300,80,0
2026.02.22 11:20:00,109961.99,109998.74,109956.84,109989.09,300,80,0
2026.02.22 11:15:00,109954.71,109967.94,109945.71,109962.04,300,80,0
2026.02.22 11:10:00,109945.08,109965.26,109940.68,109954.76,300,80,0
2026.02.22 11:05:00,109930.88,109950.83,109921.68,109945.13,300,80,0
2026.02.22 11:00:00,109945.88,109945.88,109930.93,109930.93,300,80,0
2026.02.22 10:55:00,109925.36,109951.63,109916.16,109945.93,300,80,0
2026.02.22 10:50:00,109940.36,109940.36,109925.41,109925.41,300,80,0
2026.02.22 10:45:00,109955.36,109955.36,109940.41,109940.41,300,80,0
2026.02.22 10:40:00,109970.36,109970.36,109955.41,109955.41,300,80,0
2026.02.22 10:35:00,109951.34,109982.11,109948.14,109970.41,300,80,0
2026.02.22 10:30:00,109966.34,109966.34,109951.39,109951.39,300,80,0
2026.02.22 10:25:00,109947.74,109974.64,109941.09,109966.39,300,80,0
2026.02.22 10:20:00,109962.74,109962.74,109947.79,109947.79,300,80,0
2026.02.22 10:15:00,109977.74,109977.74,109962.79,109962.79,300,80,0
2026.02.22 10:10:00,109936.62,109978.39,109922.42,109977.79,300,80,0
2026.02.22 10:05:00,109951.62,109951.62,109936.67,109936.67,300,80,0
2026.02.22 10:00:00,109933.05,109953.17,109919.65,109951.67,300,80,0
2026.02.22 09:55:00,109948.05,109948.05,109933.10,109933.10,300,80,0
2026.02.22 09:50:00,109963.05,109963.05,109948.10,109948.10,300,80,0
2026.02.22 09:45:00,109948.55,109965.55,109936.10,109963.10,300,80,0
2026.02.22 09:40:00,109928.83,109957.05,109922.38,109948.60,300,80,0
2026.02.22 09:35:00,109943.83,109943.83,109928.88,109928.88,300,80,0
2026.02.22 09:30:00,109929.50,109946.83,109917.55,109943.88,300,80,0
2026.02.22 09:25:00,109919.46,109937.20,109912.21,109929.55,300,80,0
2026.02.22 09:20:00,109934.46,109934.46,109919.51,109919.51,300,80,0
2026.02.22 09:15:00,109949.46,109949.46,109934.51,109934.51,300,80,0
2026.02.22 09:10:00,109897.76,109950.96,109887.91,109949.51,300,80,0
2026.02.22 09:05:00,109912.76,109912.76,109897.81,109897.81,300,80,0
2026.02.22 09:00:00,109927.76,109927.76,109912.81,109912.81,300,80,0
2026.02.22 08:55:00,109942.76,109942.76,109927.81,109927.81,300,80,0
2026.02.22 08:50:00,109957.76,109957.76,109942.81,109942.81,300,80,0
2026.02.22 08:45:00,109972.76,109972.76,109957.81,109957.81,300,80,0
2026.02.22 08:40:00,109972.11,109973.71,109958.11,109972.81,300,80,0
2026.02.22 08:35:00,109961.33,109984.71,109958.98,109972.16,300,80,0
2026.02.22 08:30:00,109882.28,109963.43,109879.38,109961.38,300,80,0
2026.02.22 08:25:00,109872.47,109886.43,109861.67,109882.33,300,80,0
2026.02.22 08:20:00,109887.47,109887.47,109872.52,109872.52,300,80,0
2026.02.22 08:15:00,109857.13,109896.97,109851.68,109887.52,300,80,0
2026.02.22 08:10:00,109850.51,109862.13,109840.56,109857.18,300,80,0
2026.02.22 08:05:00,109865.51,109865.51,109850.56,109850.56,300,80,0
2026.02.22 08:00:00,109823.39,109870.76,109813.69,109865.56,300,80,0
2026.02.22 07:55:00,109838.39,109838.39,109823.44,109823.44,300,80,0
2026.02.22 07:50:00,109828.90,109840.04,109815.60,109838.44,300,80,0
2026.02.22 07:45:00,109843.90,109843.90,109828.95,109828.95,300,80,0
2026.02.22 07:40:00,109858.90,109858.90,109843.95,109843.95,300,80,0
2026.02.22 07:35:00,109873.90,109873.90,109858.95,109858.95,300,80,0
2026.02.22 07:30:00,109888.90,109888.90,109873.95,109873.95,300,80,0
2026.02.22 07:25:00,109903.90,109903.90,109888.95,109888.95,300,80,0
2026.02.22 07:20:00,109918.90,109918.90,109903.95,109903.95,300,80,0
2026.02.22 07:15:00,109933.95,109933.95,109918.95,109918.95,301,80,0
2026.02.22 07:10:00,109929.07,109943.15,109923.32,109934.00,300,80,0
2026.02.22 07:05:00,109923.83,109932.07,109911.88,109929.12,300,80,0
2026.02.22 07:00:00,109938.83,109938.83,109923.88,109923.88,300,80,0
2026.02.22 06:55:00,109939.48,109939.48,109938.88,109938.88,13,80,0
2026.02.22 06:45:00,109953.83,109953.83,109939.53,109939.53,287,80,0
2026.02.22 06:40:00,109944.43,109958.73,109934.38,109953.88,300,80,0
2026.02.22 06:35:00,109959.43,109959.43,109944.48,109944.48,300,80,0
2026.02.22 06:30:00,109974.43,109974.43,109959.48,109959.48,300,80,0
2026.02.22 06:25:00,109955.08,109984.98,109950.68,109974.48,300,80,0
2026.02.22 06:20:00,109942.37,109961.88,109934.22,109955.13,300,80,0
2026.02.22 06:15:00,109957.37,109957.37,109942.42,109942.42,300,80,0
2026.02.22 06:10:00,109972.37,109972.37,109957.42,109957.42,300,80,0
2026.02.22 06:05:00,109956.51,109974.92,109944.11,109972.42,300,80,0
2026.02.22 06:00:00,109971.51,109971.51,109956.56,109956.56,300,80,0
2026.02.22 05:55:00,109986.51,109986.51,109971.56,109971.56,300,80,0
2026.02.22 05:50:00,110001.51,110001.51,109986.56,109986.56,300,80,0
2026.02.22 05:45:00,109977.00,110005.76,109966.30,110001.56,300,80,0
2026.02.22 05:40:00,109992.00,109992.00,109977.05,109977.05,300,80,0
2026.02.22 05:35:00,110007.00,110007.00,109992.05,109992.05,300,80,0
2026.02.22 05:30:00,110022.00,110022.00,110007.05,110007.05,300,80,0
2026.02.22 05:25:00,110002.87,110030.70,109996.62,110022.05,300,80,0
2026.02.22 05:20:00,109978.24,110014.62,109975.04,110002.92,300,80,0
2026.02.22 05:15:00,109993.24,109993.24,109978.29,109978.29,300,80,0
2026.02.22 05:10:00,110008.24,110008.24,109993.29,109993.29,300,80,0
2026.02.22 05:05:00,110023.24,110023.24,110008.29,110008.29,300,80,0
2026.02.22 05:00:00,110038.24,110038.24,110023.29,110023.29,300,80,0
2026.02.22 04:55:00,110053.24,110053.24,110038.29,110038.29,300,80,0
2026.02.22 04:50:00,110068.24,110068.24,110053.29,110053.29,300,80,0
2026.02.22 04:45:00,110083.24,110083.24,110068.29,110068.29,300,80,0
2026.02.22 04:40:00,110098.24,110098.24,110083.29,110083.29,300,80,0
2026.02.22 04:35:00,110093.76,110098.69,110079.26,110098.29,300,80,0
2026.02.22 04:30:00,110108.76,110108.76,110093.81,110093.81,300,80,0
2026.02.22 04:25:00,110123.76,110123.76,110108.81,110108.81,300,80,0
2026.02.22 04:20:00,110138.76,110138.76,110123.81,110123.81,300,80,0
2026.02.22 04:15:00,110153.76,110153.76,110138.81,110138.81,300,80,0
2026.02.22 04:10:00,110168.76,110168.76,110153.81,110153.81,300,80,0
2026.02.22 04:05:00,110125.54,110170.31,110120.69,110168.81,300,80,0
2026.02.22 04:00:00,110140.54,110140.54,110125.59,110125.59,300,80,0
2026.02.22 03:55:00,110139.09,110149.44,110133.04,110140.59,300,80,0
2026.02.22 03:50:00,110154.09,110154.09,110139.14,110139.14,300,80,0
2026.02.22 03:45:00,110169.09,110169.09,110154.14,110154.14,300,80,0
2026.02.22 03:40:00,110096.41,110175.09,110093.61,110169.14,300,80,0
2026.02.22 03:35:00,110111.41,110111.41,110096.46,110096.46,300,80,0
2026.02.22 03:30:00,110126.41,110126.41,110111.46,110111.46,300,80,0
2026.02.22 03:25:00,110141.41,110141.41,110126.46,110126.46,300,80,0
2026.02.22 03:20:00,110156.41,110156.41,110141.46,110141.46,300,80,0
2026.02.22 03:15:00,110117.24,110169.56,110115.44,110156.46,300,80,0
2026.02.22 03:10:00,110132.24,110132.24,110117.29,110117.29,300,80,0
2026.02.22 03:05:00,110109.61,110138.04,110100.46,110132.29,300,80,0
2026.02.22 03:00:00,110124.61,110124.61,110109.66,110109.66,300,80,0
2026.02.22 02:55:00,110139.61,110139.61,110124.66,110124.66,300,80,0
2026.02.22 02:50:00,110125.84,110151.96,110123.24,110139.66,300,80,0
2026.02.22 02:45:00,110110.21,110136.34,110105.76,110125.89,300,80,0
2026.02.22 02:40:00,110125.21,110125.21,110110.26,110110.26,300,80,0
2026.02.22 02:35:00,110140.21,110140.21,110125.26,110125.26,300,80,0
2026.02.22 02:30:00,110155.21,110155.21,110140.26,110140.26,300,80,0
2026.02.22 02:25:00,110170.21,110170.21,110155.26,110155.26,300,80,0
2026.02.22 02:20:00,110185.21,110185.21,110170.26,110170.26,300,80,0
2026.02.22 02:15:00,110121.21,110189.01,110121.16,110185.26,300,80,0
2026.02.22 02:10:00,110136.21,110136.21,110121.26,110121.26,300,80,0
2026.02.22 02:05:00,110057.05,110136.26,110050.80,110136.26,300,80,0
2026.02.22 02:00:00,110072.05,110072.05,110057.10,110057.10,300,80,0
2026.02.22 01:55:00,110087.05,110087.05,110072.10,110072.10,300,80,0
2026.02.22 01:50:00,110102.05,110102.05,110087.10,110087.10,300,80,0
2026.02.22 01:45:00,110117.05,110117.05,110102.10,110102.10,300,80,0
2026.02.22 01:40:00,110132.05,110132.05,110117.10,110117.10,300,80,0
2026.02.22 01:35:00,110060.29,110143.25,110059.64,110132.10,300,80,0
2026.02.22 01:30:00,110060.17,110063.29,110048.22,110060.34,300,80,0
2026.02.22 01:25:00,110042.93,110072.97,110040.78,110060.22,300,80,0
2026.02.22 01:20:00,110057.93,110057.93,110042.98,110042.98,300,80,0
2026.02.22 01:15:00,110072.93,110072.93,110057.98,110057.98,300,80,0
2026.02.22 01:10:00,110087.93,110087.93,110072.98,110072.98,300,80,0
2026.02.22 01:05:00,110059.71,110088.28,110053.01,110087.98,300,80,0
2026.02.22 01:00:00,110074.71,110074.71,110059.76,110059.76,300,80,0
2026.02.22 00:55:00,110050.32,110075.81,110036.47,110074.76,300,80,0
2026.02.22 00:50:00,109977.17,110060.42,109975.37,110050.37,300,80,0
2026.02.22 00:45:00,109992.17,109992.17,109977.22,109977.22,300,80,0
2026.02.22 00:40:00,110007.17,110007.17,109992.22,109992.22,300,80,0
2026.02.22 00:35:00,109985.58,110010.77,109974.23,110007.22,300,80,0
2026.02.22 00:30:00,110000.58,110000.58,109985.63,109985.63,300,80,0
2026.02.22 00:25:00,110015.58,110015.58,110000.63,110000.63,300,80,0
2026.02.22 00:20:00,109999.98,110023.28,109992.73,110015.63,300,80,0
2026.02.22 00:15:00,109977.81,110005.43,109968.31,110000.03,300,80,0
2026.02.22 00:10:00,109972.18,109986.46,109965.88,109977.86,300,80,0
2026.02.22 00:05:00,109987.18,109987.18,109972.23,109972.23,300,80,0
2026.02.22 00:00:00,109974.94,109993.78,109966.59,109987.23,300,80,0
2026.02.21 23:55:00,109942.56,109977.49,109930.16,109974.99,300,80,0
2026.02.21 23:50:00,109957.56,109957.56,109942.61,109942.61,300,80,0
2026.02.21 23:45:00,109972.56,109972.56,109957.61,109957.61,300,80,0
2026.02.21 23:40:00,109987.56,109987.56,109972.61,109972.61,300,80,0
2026.02.21 23:35:00,110002.56,110002.56,109987.61,109987.61,300,80,0
2026.02.21 23:30:00,110017.56,110017.56,110002.61,110002.61,300,80,0
2026.02.21 23:25:00,110032.56,110032.56,110017.61,110017.61,300,80,0
2026.02.21 23:20:00,110047.56,110047.56,110032.61,110032.61,300,80,0
2026.02.21 23:15:00,110062.56,110062.56,110047.61,110047.61,300,80,0
2026.02.21 23:10:00,109995.49,110071.26,109991.69,110062.61,300,80,0
2026.02.21 23:05:00,110010.49,110010.49,109995.54,109995.54,300,80,0
2026.02.21 23:00:00,110001.09,110016.34,109991.99,110010.54,300,80,0
2026.02.21 22:55:00,109971.19,110014.49,109969.64,110001.14,300,80,0
2026.02.21 22:50:00,109986.19,109986.19,109971.24,109971.24,300,80,0
2026.02.21 22:45:00,110001.19,110001.19,109986.24,109986.24,300,80,0
2026.02.21 22:40:00,109990.47,110011.34,109985.67,110001.24,300,80,0
2026.02.21 22:35:00,110005.47,110005.47,109990.52,109990.52,300,80,0
2026.02.21 22:30:00,110020.47,110020.47,110005.52,110005.52,300,80,0
2026.02.21 22:25:00,110035.47,110035.47,110020.52,110020.52,300,80,0
2026.02.21 22:20:00,110050.47,110050.47,110035.52,110035.52,300,80,0
2026.02.21 22:15:00,110037.65,110060.72,110032.90,110050.52,301,80,0
2026.02.21 22:10:00,110014.96,110038.25,110010.96,110037.70,300,80,0
2026.02.21 22:05:00,109983.38,110015.31,109971.28,110015.01,300,80,0
2026.02.21 22:00:00,109998.38,109998.38,109983.43,109983.43,300,80,0
2026.02.21 21:55:00,110013.38,110013.38,109998.43,109998.43,300,80,0
2026.02.21 21:50:00,110028.38,110028.38,110013.43,110013.43,300,80,0
2026.02.21 21:45:00,110043.38,110043.38,110028.43,110028.43,300,80,0
2026.02.21 21:40:00,110058.38,110058.38,110043.43,110043.43,300,80,0
2026.02.21 21:35:00,110073.38,110073.38,110058.43,110058.43,300,80,0
2026.02.21 21:30:00,110061.37,110075.43,110048.47,110073.43,300,80,0
2026.02.21 21:25:00,110076.37,110076.37,110061.42,110061.42,300,80,0
2026.02.21 21:20:00,110091.37,110091.37,110076.42,110076.42,300,80,0
2026.02.21 21:15:00,110095.37,110095.37,110091.42,110091.42,80,80,0
2026.02.21 21:05:00,110099.62,110099.62,110095.37,110095.37,86,80,0
2026.02.21 21:00:00,110114.62,110114.62,110099.67,110099.67,300,80,0
2026.02.21 20:55:00,110129.62,110129.62,110114.67,110114.67,300,80,0
2026.02.21 20:50:00,110144.62,110144.62,110129.67,110129.67,300,80,0
2026.02.21 20:45:00,110131.61,110158.97,110131.01,110144.67,300,80,0
2026.02.21 20:40:00,110074.85,110133.71,110064.25,110131.66,300,80,0
2026.02.21 20:35:00,110028.85,110087.85,110027.15,110074.90,300,80,0
2026.02.21 20:30:00,109970.24,110034.15,109967.34,110028.90,300,80,0
2026.02.21 20:25:00,109985.24,109985.24,109970.29,109970.29,300,80,0
2026.02.21 20:20:00,109958.99,109995.24,109954.04,109985.29,300,80,0
2026.02.21 20:15:00,109947.19,109960.29,109933.54,109959.04,300,80,0
2026.02.21 20:10:00,109928.69,109961.24,109927.79,109947.24,300,80,0
2026.02.21 20:05:00,109943.69,109943.69,109928.74,109928.74,300,80,0
2026.02.21 20:00:00,109958.69,109958.69,109943.74,109943.74,300,80,0
2026.02.21 19:55:00,109945.61,109959.29,109931.26,109958.74,300,80,0
2026.02.21 19:50:00,109960.61,109960.61,109945.66,109945.66,300,80,0
2026.02.21 19:45:00,109975.61,109975.61,109960.66,109960.66,300,80,0
2026.02.21 19:40:00,109990.61,109990.61,109975.66,109975.66,300,80,0
2026.02.21 19:35:00,109989.97,109993.36,109977.77,109990.66,300,80,0
2026.02.21 19:30:00,110004.97,110004.97,109990.02,109990.02,300,80,0
2026.02.21 19:25:00,109953.66,110005.47,109946.86,110005.02,301,80,0
2026.02.21 19:20:00,109968.66,109968.66,109953.71,109953.71,300,80,0
2026.02.21 19:15:00,109983.66,109983.66,109968.71,109968.71,300,80,0
2026.02.21 19:10:00,109981.23,109992.41,109975.03,109983.71,300,80,0
2026.02.21 19:05:00,109958.17,109988.48,109950.47,109981.28,300,80,0
2026.02.21 19:00:00,109973.17,109973.17,109958.22,109958.22,300,80,0
2026.02.21 18:55:00,109988.17,109988.17,109973.22,109973.22,300,80,0
2026.02.21 18:50:00,110003.17,110003.17,109988.22,109988.22,300,80,0
2026.02.21 18:45:00,109956.45,110007.92,109948.00,110003.22,300,80,0
2026.02.21 18:40:00,109971.45,109971.45,109956.50,109956.50,300,80,0
2026.02.21 18:35:00,109986.45,109986.45,109971.50,109971.50,300,80,0
2026.02.21 18:30:00,110001.45,110001.45,109986.50,109986.50,300,80,0
2026.02.21 18:25:00,110016.45,110016.45,110001.50,110001.50,300,80,0
2026.02.21 18:20:00,110031.45,110031.45,110016.50,110016.50,300,80,0
2026.02.21 18:15:00,110046.45,110046.45,110031.50,110031.50,300,80,0
2026.02.21 18:10:00,110061.45,110061.45,110046.50,110046.50,300,80,0
2026.02.21 18:05:00,110076.45,110076.45,110061.50,110061.50,300,80,0
2026.02.21 18:00:00,110074.05,110080.30,110062.95,110076.50,300,80,0
2026.02.21 17:55:00,110089.05,110089.05,110074.10,110074.10,300,80,0
2026.02.21 17:50:00,110104.05,110104.05,110089.10,110089.10,300,80,0
2026.02.21 17:45:00,110098.65,110110.25,110089.90,110104.10,300,80,0
2026.02.21 17:40:00,110113.65,110113.65,110098.70,110098.70,300,80,0
2026.02.21 17:35:00,110128.65,110128.65,110113.70,110113.70,300,80,0
2026.02.21 17:30:00,110099.02,110137.95,110093.37,110128.70,300,80,0
2026.02.21 17:25:00,110114.02,110114.02,110099.07,110099.07,300,80,0
2026.02.21 17:20:00,110129.02,110129.02,110114.07,110114.07,300,80,0
2026.02.21 17:15:00,110119.50,110132.82,110108.35,110129.07,300,80,0
2026.02.21 17:10:00,110134.50,110134.50,110119.55,110119.55,300,80,0
2026.02.21 17:05:00,110111.24,110136.80,110098.59,110134.55,300,80,0
2026.02.21 17:00:00,110037.06,110118.69,110035.06,110111.29,300,80,0
2026.02.21 16:55:00,109970.08,110039.96,109959.58,110037.11,300,80,0
2026.02.21 16:50:00,109985.08,109985.08,109970.13,109970.13,300,80,0
2026.02.21 16:45:00,110000.08,110000.08,109985.13,109985.13,300,80,0
2026.02.21 16:40:00,109960.14,110007.53,109952.64,110000.13,300,80,0
2026.02.21 16:35:00,109975.14,109975.14,109960.19,109960.19,300,80,0
2026.02.21 16:30:00,109932.84,109977.19,109919.94,109975.19,300,80,0
2026.02.21 16:25:00,109947.84,109947.84,109932.89,109932.89,300,80,0
2026.02.21 16:20:00,109918.24,109954.94,109910.39,109947.89,300,80,0
2026.02.21 16:15:00,109933.24,109933.24,109918.29,109918.29,300,80,0
2026.02.21 16:10:00,109921.06,109938.34,109911.21,109933.29,300,80,0
2026.02.21 16:05:00,109906.41,109932.66,109903.06,109921.11,300,80,0
2026.02.21 16:00:00,109870.75,109908.61,109858.00,109906.46,300,80,0
2026.02.21 15:55:00,109885.75,109885.75,109870.80,109870.80,300,80,0
2026.02.21 15:50:00,109900.75,109900.75,109885.80,109885.80,300,80,0
2026.02.21 15:45:00,109915.75,109915.75,109900.80,109900.80,300,80,0
2026.02.21 15:40:00,109878.65,109927.85,109878.55,109915.80,300,80,0
2026.02.21 15:35:00,109893.65,109893.65,109878.70,109878.70,300,80,0
2026.02.21 15:30:00,109866.09,109898.30,109855.79,109893.70,300,80,0
2026.02.21 15:25:00,109881.09,109881.09,109866.14,109866.14,300,80,0
2026.02.21 15:20:00,109855.95,109894.74,109854.65,109881.14,300,80,0
2026.02.21 15:15:00,109870.95,109870.95,109856.00,109856.00,300,80,0
2026.02.21 15:10:00,109846.19,109881.15,109841.44,109871.00,300,80,0
2026.02.21 15:05:00,109861.19,109861.19,109846.24,109846.24,300,80,0
2026.02.21 15:00:00,109839.91,109868.94,109832.71,109861.24,300,80,0
2026.02.21 14:55:00,109854.91,109854.91,109839.96,109839.96,300,80,0
2026.02.21 14:50:00,109869.91,109869.91,109854.96,109854.96,300,80,0
2026.02.21 14:45:00,109834.09,109874.36,109828.19,109869.96,300,80,0
2026.02.21 14:40:00,109801.78,109839.94,109792.68,109834.14,300,80,0
2026.02.21 14:35:00,109788.35,109813.23,109784.85,109801.83,300,80,0
2026.02.21 14:30:00,109734.61,109795.00,109727.06,109788.40,300,80,0
2026.02.21 14:25:00,109714.56,109736.16,109701.16,109734.66,300,80,0
2026.02.21 14:20:00,109729.56,109729.56,109714.61,109714.61,300,80,0
2026.02.21 14:15:00,109729.21,109739.26,109723.96,109729.61,300,80,0
2026.02.21 14:10:00,109744.21,109744.21,109729.26,109729.26,300,80,0
2026.02.21 14:05:00,109741.51,109752.51,109734.86,109744.26,300,80,0
2026.02.21 14:00:00,109756.51,109756.51,109741.56,109741.56,300,80,0
2026.02.21 13:55:00,109771.51,109771.51,109756.56,109756.56,300,80,0
2026.02.21 13:50:00,109786.51,109786.51,109771.56,109771.56,300,80,0
2026.02.21 13:45:00,109801.51,109801.51,109786.56,109786.56,300,80,0
2026.02.21 13:40:00,109787.22,109813.51,109784.27,109801.56,300,80,0
2026.02.21 13:35:00,109802.22,109802.22,109787.27,109787.27,300,80,0
2026.02.21 13:30:00,109799.97,109805.52,109788.32,109802.27,300,80,0
2026.02.21 13:25:00,109814.97,109814.97,109800.02,109800.02,300,80,0
2026.02.21 13:20:00,109813.63,109827.92,109811.63,109815.02,300,80,0
2026.02.21 13:15:00,109828.63,109828.63,109813.68,109813.68,300,80,0
2026.02.21 13:10:00,109843.63,109843.63,109828.68,109828.68,300,80,0
2026.02.21 13:05:00,109830.11,109846.43,109817.96,109843.68,300,80,0
2026.02.21 13:00:00,109807.67,109833.36,109795.97,109830.16,300,80,0
2026.02.21 12:55:00,109822.67,109822.67,109807.72,109807.72,300,80,0
2026.02.21 12:50:00,109681.22,109825.22,109681.12,109822.72,300,80,0
2026.02.21 12:45:00,109696.22,109696.22,109681.27,109681.27,300,80,0
2026.02.21 12:40:00,109694.04,109698.92,109681.79,109696.27,300,80,0
2026.02.21 12:35:00,109709.04,109709.04,109694.09,109694.09,300,80,0
2026.02.21 12:30:00,109724.04,109724.04,109709.09,109709.09,300,80,0
2026.02.21 12:25:00,109739.04,109739.04,109724.09,109724.09,300,80,0
2026.02.21 12:20:00,109754.04,109754.04,109739.09,109739.09,300,80,0
2026.02.21 12:15:00,109769.04,109769.04,109754.09,109754.09,300,80,0
2026.02.21 12:10:00,109784.04,109784.04,109769.09,109769.09,300,80,0
2026.02.21 12:05:00,109775.55,109798.24,109774.80,109784.09,300,80,0
2026.02.21 12:00:00,109790.55,109790.55,109775.60,109775.60,300,80,0
2026.02.21 11:55:00,109780.41,109803.05,109777.96,109790.60,300,80,0
2026.02.21 11:50:00,109761.31,109786.76,109752.71,109780.46,300,80,0
2026.02.21 11:45:00,109776.31,109776.31,109761.36,109761.36,300,80,0
2026.02.21 11:40:00,109762.86,109776.86,109748.46,109776.36,300,80,0
2026.02.21 11:35:00,109777.86,109777.86,109762.91,109762.91,300,80,0
2026.02.21 11:30:00,109792.86,109792.86,109777.91,109777.91,300,80,0
2026.02.21 11:25:00,109807.86,109807.86,109792.91,109792.91,300,80,0
2026.02.21 11:20:00,109822.86,109822.86,109807.91,109807.91,300,80,0
2026.02.21 11:15:00,109837.86,109837.86,109822.91,109822.91,300,80,0
2026.02.21 11:10:00,109852.86,109852.86,109837.91,109837.91,300,80,0
2026.02.21 11:05:00,109867.86,109867.86,109852.91,109852.91,300,80,0
2026.02.21 11:00:00,109838.96,109880.11,109836.26,109867.91,300,80,0
2026.02.21 10:55:00,109853.96,109853.96,109839.01,109839.01,300,80,0
2026.02.21 10:50:00,109851.14,109860.31,109842.54,109854.01,300,80,0
2026.02.21 10:45:00,109866.14,109866.14,109851.19,109851.19,300,80,0
2026.02.21 10:40:00,109881.14,109881.14,109866.19,109866.19,300,80,0
2026.02.21 10:35:00,109896.14,109896.14,109881.19,109881.19,300,80,0
2026.02.21 10:30:00,109911.14,109911.14,109896.19,109896.19,300,80,0
2026.02.21 10:25:00,109833.36,109916.84,109831.26,109911.19,301,80,0
2026.02.21 10:20:00,109848.36,109848.36,109833.41,109833.41,300,80,0
2026.02.21 10:15:00,109863.36,109863.36,109848.41,109848.41,300,80,0
2026.02.21 10:10:00,109878.36,109878.36,109863.41,109863.41,300,80,0
2026.02.21 10:05:00,109893.36,109893.36,109878.41,109878.41,300,80,0
2026.02.21 10:00:00,109883.53,109905.91,109881.13,109893.41,300,80,0
2026.02.21 09:55:00,109898.53,109898.53,109883.58,109883.58,300,80,0
2026.02.21 09:50:00,109913.53,109913.53,109898.58,109898.58,300,80,0
2026.02.21 09:45:00,109884.24,109925.98,109881.74,109913.58,300,80,0
2026.02.21 09:40:00,109856.68,109894.69,109852.18,109884.29,300,80,0
2026.02.21 09:35:00,109852.92,109859.98,109841.27,109856.73,300,80,0
2026.02.21 09:30:00,109817.15,109857.37,109806.65,109852.97,300,80,0
2026.02.21 09:25:00,109789.77,109831.05,109789.27,109817.20,300,80,0
2026.02.21 09:20:00,109776.15,109802.72,109774.15,109789.82,300,80,0
2026.02.21 09:15:00,109791.15,109791.15,109776.20,109776.20,300,80,0
2026.02.21 09:10:00,109806.15,109806.15,109791.20,109791.20,300,80,0
2026.02.21 09:05:00,109821.15,109821.15,109806.20,109806.20,300,80,0
2026.02.21 09:00:00,109836.15,109836.15,109821.20,109821.20,300,80,0
2026.02.21 08:55:00,109830.97,109844.35,109824.22,109836.20,300,80,0
2026.02.21 08:50:00,109818.75,109836.97,109809.80,109831.02,300,80,0
2026.02.21 08:45:00,109816.02,109820.60,109802.92,109818.80,300,80,0
2026.02.21 08:40:00,109804.71,109820.67,109794.41,109816.07,300,80,0
2026.02.21 08:35:00,109819.71,109819.71,109804.76,109804.76,300,80,0
2026.02.21 08:30:00,109810.26,109832.06,109807.66,109819.76,300,80,0
2026.02.21 08:25:00,109771.89,109818.91,109767.89,109810.31,300,80,0
2026.02.21 08:20:00,109786.89,109786.89,109771.94,109771.94,300,80,0
2026.02.21 08:15:00,109776.10,109790.39,109764.65,109786.94,300,80,0
2026.02.21 08:10:00,109770.12,109784.75,109763.82,109776.15,300,80,0
2026.02.21 08:05:00,109785.12,109785.12,109770.17,109770.17,300,80,0
2026.02.21 08:00:00,109800.12,109800.12,109785.17,109785.17,300,80,0
2026.02.21 07:55:00,109815.12,109815.12,109800.17,109800.17,300,80,0
2026.02.21 07:50:00,109830.12,109830.12,109815.17,109815.17,300,80,0
2026.02.21 07:45:00,109845.12,109845.12,109830.17,109830.17,300,80,0
2026.02.21 07:40:00,109816.91,109849.37,109806.21,109845.17,300,80,0
2026.02.21 07:35:00,109831.91,109831.91,109816.96,109816.96,300,80,0
2026.02.21 07:30:00,109790.18,109839.76,109783.08,109831.96,300,80,0
2026.02.21 07:25:00,109805.18,109805.18,109790.23,109790.23,300,80,0
2026.02.21 07:20:00,109820.18,109820.18,109805.23,109805.23,300,80,0
2026.02.21 07:15:00,109793.14,109822.03,109790.69,109820.23,300,80,0
2026.02.21 07:10:00,109808.14,109808.14,109793.19,109793.19,300,80,0
2026.02.21 07:05:00,109823.14,109823.14,109808.19,109808.19,300,80,0
2026.02.21 07:00:00,109786.21,109824.69,109778.36,109823.19,300,80,0
2026.02.21 06:55:00,109801.21,109801.21,109786.26,109786.26,300,80,0
2026.02.21 06:50:00,109816.21,109816.21,109801.26,109801.26,300,80,0
2026.02.21 06:45:00,109794.64,109828.81,109792.29,109816.26,300,80,0
2026.02.21 06:40:00,109762.40,109809.29,109762.10,109794.69,300,80,0
2026.02.21 06:35:00,109777.40,109777.40,109762.45,109762.45,300,80,0
2026.02.21 06:30:00,109772.94,109779.10,109759.69,109777.45,300,80,0
2026.02.21 06:25:00,109751.31,109780.69,109744.11,109772.99,300,80,0
2026.02.21 06:20:00,109766.31,109766.31,109751.36,109751.36,300,80,0
2026.02.21 06:15:00,109781.31,109781.31,109766.36,109766.36,300,80,0
2026.02.21 06:10:00,109796.31,109796.31,109781.36,109781.36,300,80,0
2026.02.21 06:05:00,109811.31,109811.31,109796.36,109796.36,300,80,0
2026.02.21 06:00:00,109826.31,109826.31,109811.36,109811.36,300,80,0
2026.02.21 05:55:00,109789.90,109831.21,109789.15,109826.36,300,80,0
2026.02.21 05:50:00,109804.90,109804.90,109789.95,109789.95,300,80,0
2026.02.21 05:45:00,109819.90,109819.90,109804.95,109804.95,300,80,0
2026.02.21 05:40:00,109834.90,109834.90,109819.95,109819.95,300,80,0
2026.02.21 05:35:00,109849.90,109849.90,109834.95,109834.95,300,80,0
2026.02.21 05:30:00,109864.90,109864.90,109849.95,109849.95,300,80,0
2026.02.21 05:25:00,109879.90,109879.90,109864.95,109864.95,300,80,0
2026.02.21 05:20:00,109856.86,109891.15,109853.16,109879.95,300,80,0
2026.02.21 05:15:00,109871.86,109871.86,109856.91,109856.91,300,80,0
2026.02.21 05:10:00,109886.86,109886.86,109871.91,109871.91,300,80,0
2026.02.21 05:05:00,109901.86,109901.86,109886.91,109886.91,300,80,0
2026.02.21 05:00:00,109916.86,109916.86,109901.91,109901.91,300,80,0
2026.02.21 04:55:00,109910.00,109918.11,109896.30,109916.91,300,80,0
2026.02.21 04:50:00,109899.35,109923.25,109897.65,109910.05,300,80,0
2026.02.21 04:45:00,109881.69,109908.30,109875.69,109899.40,300,80,0
2026.02.21 04:40:00,109896.69,109896.69,109881.74,109881.74,300,80,0
2026.02.21 04:35:00,109854.43,109905.99,109851.63,109896.74,300,80,0
2026.02.21 04:30:00,109869.43,109869.43,109854.48,109854.48,300,80,0
2026.02.21 04:25:00,109884.43,109884.43,109869.48,109869.48,300,80,0
2026.02.21 04:20:00,109899.43,109899.43,109884.48,109884.48,300,80,0
2026.02.21 04:15:00,109886.99,109903.38,109875.99,109899.48,300,80,0
2026.02.21 04:10:00,109877.22,109900.59,109875.87,109887.04,300,80,0
2026.02.21 04:05:00,109873.60,109885.42,109866.85,109877.27,300,80,0
2026.02.21 04:00:00,109774.85,109877.70,109771.85,109873.65,300,80,0
2026.02.21 03:55:00,109765.27,109776.00,109751.47,109774.90,300,80,0
2026.02.21 03:50:00,109780.27,109780.27,109765.32,109765.32,300,80,0
2026.02.21 03:45:00,109795.27,109795.27,109780.32,109780.32,300,80,0
2026.02.21 03:40:00,109738.51,109800.97,109730.11,109795.32,300,80,0
2026.02.21 03:35:00,109753.51,109753.51,109738.56,109738.56,300,80,0
2026.02.21 03:30:00,109768.51,109768.51,109753.56,109753.56,300,80,0
2026.02.21 03:25:00,109783.51,109783.51,109768.56,109768.56,300,80,0
2026.02.21 03:20:00,109798.51,109798.51,109783.56,109783.56,300,80,0
2026.02.21 03:15:00,109796.84,109812.86,109796.24,109798.56,300,80,0
2026.02.21 03:10:00,109811.84,109811.84,109796.89,109796.89,300,80,0
2026.02.21 03:05:00,109806.23,109826.44,109805.88,109811.89,300,80,0
2026.02.21 03:00:00,109821.23,109821.23,109806.28,109806.28,300,80,0
2026.02.21 02:55:00,109817.96,109825.38,109807.16,109821.28,300,80,0
2026.02.21 02:50:00,109794.05,109830.56,109791.70,109818.01,300,80,0
2026.02.21 02:45:00,109779.62,109796.05,109766.67,109794.10,300,80,0
2026.02.21 02:40:00,109794.62,109794.62,109779.67,109779.67,300,80,0
2026.02.21 02:35:00,109809.62,109809.62,109794.67,109794.67,300,80,0
2026.02.21 02:30:00,109824.62,109824.62,109809.67,109809.67,300,80,0
2026.02.21 02:25:00,109817.37,109836.67,109814.47,109824.67,300,80,0
2026.02.21 02:20:00,109804.85,109826.82,109799.35,109817.42,300,80,0
2026.02.21 02:15:00,109819.85,109819.85,109804.90,109804.90,300,80,0
2026.02.21 02:10:00,109834.85,109834.85,109819.90,109819.90,300,80,0
2026.02.21 02:05:00,109849.85,109849.85,109834.90,109834.90,300,80,0
2026.02.21 02:00:00,109864.85,109864.85,109849.90,109849.90,300,80,0
2026.02.21 01:55:00,109879.85,109879.85,109864.90,109864.90,300,80,0
2026.02.21 01:50:00,109861.52,109882.75,109849.47,109879.90,300,80,0
2026.02.21 01:45:00,109846.95,109872.77,109843.25,109861.57,300,80,0
2026.02.21 01:40:00,109861.95,109861.95,109847.00,109847.00,300,80,0
2026.02.21 01:35:00,109876.95,109876.95,109862.00,109862.00,300,80,0
2026.02.21 01:30:00,109891.95,109891.95,109877.00,109877.00,300,80,0
2026.02.21 01:25:00,109907.00,109907.00,109892.00,109892.00,301,80,0
2026.02.21 01:20:00,109873.62,109916.55,109868.22,109907.05,300,80,0
2026.02.21 01:15:00,109888.62,109888.62,109873.67,109873.67,300,80,0
2026.02.21 01:10:00,109860.88,109894.77,109852.98,109888.67,300,80,0
2026.02.21 01:05:00,109818.58,109861.83,109817.78,109860.93,300,80,0
2026.02.21 01:00:00,109833.58,109833.58,109818.63,109818.63,300,80,0
2026.02.21 00:55:00,109809.47,109837.58,109798.52,109833.63,300,80,0
2026.02.21 00:50:00,109824.47,109824.47,109809.52,109809.52,300,80,0
2026.02.21 00:45:00,109809.64,109839.22,109809.44,109824.52,300,80,0
2026.02.21 00:40:00,109824.64,109824.64,109809.69,109809.69,300,80,0
2026.02.21 00:35:00,109839.64,109839.64,109824.69,109824.69,300,80,0
2026.02.21 00:30:00,109811.94,109843.39,109800.74,109839.69,300,80,0
2026.02.21 00:25:00,109770.01,109818.69,109768.86,109811.99,300,80,0
2026.02.21 00:20:00,109785.01,109785.01,109770.06,109770.06,300,80,0
2026.02.21 00:15:00,109782.39,109786.11,109768.54,109785.06,300,80,0
2026.02.21 00:10:00,109749.90,109794.04,109746.60,109782.44,300,80,0
2026.02.21 00:05:00,109764.90,109764.90,109749.95,109749.95,300,80,0
2026.02.21 00:00:00,109779.90,109779.90,109764.95,109764.95,300,80,0
2026.02.20 23:55:00,109794.90,109794.90,109779.95,109779.95,300,80,0
2026.02.20 23:50:00,109809.90,109809.90,109794.95,109794.95,300,80,0
2026.02.20 23:45:00,109824.90,109824.90,109809.95,109809.95,300,80,0
2026.02.20 23:40:00,109839.90,109839.90,109824.95,109824.95,300,80,0
2026.02.20 23:35:00,109818.84,109848.45,109816.14,109839.95,300,80,0
2026.02.20 23:30:00,109805.94,109830.89,109803.04,109818.89,300,80,0
2026.02.20 23:25:00,109783.27,109814.74,109777.12,109805.99,300,80,0
2026.02.20 23:20:00,109798.27,109798.27,109783.32,109783.32,300,80,0
2026.02.20 23:15:00,109787.98,109810.67,109785.43,109798.32,300,80,0
2026.02.20 23:10:00,109802.98,109802.98,109788.03,109788.03,300,80,0
2026.02.20 23:05:00,109793.48,109804.58,109780.13,109803.03,300,80,0
2026.02.20 23:00:00,109808.48,109808.48,109793.53,109793.53,300,80,0
2026.02.20 22:55:00,109823.48,109823.48,109808.53,109808.53,300,80,0
2026.02.20 22:50:00,109838.48,109838.48,109823.53,109823.53,300,80,0
2026.02.20 22:45:00,109853.48,109853.48,109838.53,109838.53,300,80,0
2026.02.20 22:40:00,109829.77,109856.88,109823.12,109853.53,300,80,0
2026.02.20 22:35:00,109844.77,109844.77,109829.82,109829.82,300,80,0
2026.02.20 22:30:00,109859.77,109859.77,109844.82,109844.82,300,80,0
2026.02.20 22:25:00,109874.77,109874.77,109859.82,109859.82,300,80,0
2026.02.20 22:20:00,109849.64,109875.57,109835.49,109874.82,300,80,0
2026.02.20 22:15:00,109864.64,109864.64,109849.69,109849.69,300,80,0
2026.02.20 22:10:00,109879.64,109879.64,109864.69,109864.69,300,80,0
2026.02.20 22:05:00,109894.64,109894.64,109879.69,109879.69,300,80,0
2026.02.20 22:00:00,109909.64,109909.64,109894.69,109894.69,300,80,0
2026.02.20 21:55:00,109924.64,109924.64,109909.69,109909.69,300,80,0
2026.02.20 21:50:00,109939.64,109939.64,109924.69,109924.69,300,80,0
2026.02.20 21:45:00,109954.64,109954.64,109939.69,109939.69,300,80,0
2026.02.20 21:40:00,109969.64,109969.64,109954.69,109954.69,300,80,0
2026.02.20 21:35:00,109927.08,109978.79,109921.28,109969.69,300,80,0
2026.02.20 21:30:00,109942.08,109942.08,109927.13,109927.13,300,80,0
2026.02.20 21:25:00,109957.08,109957.08,109942.13,109942.13,300,80,0
2026.02.20 21:20:00,109972.08,109972.08,109957.13,109957.13,300,80,0
2026.02.20 21:15:00,109960.18,109981.63,109954.78,109972.13,300,80,0
2026.02.20 21:10:00,109975.18,109975.18,109960.23,109960.23,300,80,0
2026.02.20 21:05:00,109990.18,109990.18,109975.23,109975.23,300,80,0
2026.02.20 21:00:00,110005.18,110005.18,109990.23,109990.23,300,80,0
2026.02.20 20:55:00,110020.18,110020.18,110005.23,110005.23,300,80,0
2026.02.20 20:50:00,110035.18,110035.18,110020.23,110020.23,300,80,0
2026.02.20 20:45:00,110004.47,110042.83,109997.17,110035.23,300,80,0
2026.02.20 20:40:00,110019.47,110019.47,110004.52,110004.52,300,80,0
2026.02.20 20:35:00,109999.63,110031.37,109996.58,110019.52,300,80,0
2026.02.20 20:30:00,109986.55,110007.13,109979.10,109999.68,300,80,0
2026.02.20 20:25:00,110001.55,110001.55,109986.60,109986.60,300,80,0
2026.02.20 20:20:00,110016.55,110016.55,110001.60,110001.60,300,80,0
2026.02.20 20:15:00,110031.55,110031.55,110016.60,110016.60,300,80,0
2026.02.20 20:10:00,110046.55,110046.55,110031.60,110031.60,300,80,0
2026.02.20 20:05:00,110042.10,110059.00,110039.60,110046.60,300,80,0
2026.02.20 20:00:00,110057.10,110057.10,110042.15,110042.15,300,80,0
2026.02.20 19:55:00,110072.10,110072.10,110057.15,110057.15,300,80,0
2026.02.20 19:50:00,110087.10,110087.10,110072.15,110072.15,300,80,0
2026.02.20 19:45:00,110102.10,110102.10,110087.15,110087.15,300,80,0
2026.02.20 19:40:00,110117.10,110117.10,110102.15,110102.15,300,80,0
2026.02.20 19:35:00,110088.22,110122.55,110078.72,110117.15,300,80,0
2026.02.20 19:30:00,110086.86,110100.27,110083.96,110088.27,300,80,0
2026.02.20 19:25:00,110101.86,110101.86,110086.91,110086.91,300,80,0
2026.02.20 19:20:00,110116.86,110116.86,110101.91,110101.91,300,80,0
2026.02.20 19:15:00,110107.35,110125.06,110100.60,110116.91,300,80,0
2026.02.20 19:10:00,110093.59,110116.35,110087.64,110107.40,300,80,0
2026.02.20 19:05:00,110074.48,110097.89,110063.83,110093.64,300,80,0
2026.02.20 19:00:00,110089.48,110089.48,110074.53,110074.53,300,80,0
2026.02.20 18:55:00,110067.57,110092.73,110055.87,110089.53,300,80,0
2026.02.20 18:50:00,110082.57,110082.57,110067.62,110067.62,300,80,0
2026.02.20 18:45:00,110080.61,110096.37,110079.46,110082.62,300,80,0
2026.02.20 18:40:00,110031.49,110081.76,110027.84,110080.66,300,80,0
2026.02.20 18:35:00,110046.49,110046.49,110031.54,110031.54,300,80,0
2026.02.20 18:30:00,110061.49,110061.49,110046.54,110046.54,300,80,0
2026.02.20 18:25:00,110037.43,110063.39,110030.33,110061.54,300,80,0
2026.02.20 18:20:00,110052.43,110052.43,110037.48,110037.48,300,80,0
2026.02.20 18:15:00,110067.43,110067.43,110052.48,110052.48,300,80,0
2026.02.20 18:10:00,110082.43,110082.43,110067.48,110067.48,300,80,0
2026.02.20 18:05:00,110097.43,110097.43,110082.48,110082.48,300,80,0
2026.02.20 18:00:00,110089.95,110103.43,110081.00,110097.48,300,80,0
2026.02.20 17:55:00,110104.95,110104.95,110090.00,110090.00,300,80,0
2026.02.20 17:50:00,110119.95,110119.95,110105.00,110105.00,300,80,0
2026.02.20 17:45:00,110134.95,110134.95,110120.00,110120.00,300,80,0
2026.02.20 17:40:00,110113.16,110144.30,110107.56,110135.00,300,80,0
2026.02.20 17:35:00,110083.56,110126.06,110081.51,110113.21,300,80,0
2026.02.20 17:30:00,110098.56,110098.56,110083.61,110083.61,300,80,0
2026.02.20 17:25:00,110113.56,110113.56,110098.61,110098.61,300,80,0
2026.02.20 17:20:00,110047.92,110122.21,110046.22,110113.61,300,80,0
2026.02.20 17:15:00,110001.83,110055.67,110001.03,110047.97,300,80,0
2026.02.20 17:10:00,109941.80,110006.83,109937.50,110001.88,300,80,0
2026.02.20 17:05:00,109956.80,109956.80,109941.85,109941.85,300,80,0
2026.02.20 17:00:00,109922.30,109971.45,109922.00,109956.85,300,80,0
2026.02.20 16:55:00,109905.22,109923.50,109891.47,109922.35,300,80,0
2026.02.20 16:50:00,109920.22,109920.22,109905.27,109905.27,300,80,0
2026.02.20 16:45:00,109914.19,109926.27,109905.29,109920.27,300,80,0
2026.02.20 16:40:00,109865.59,109916.59,109855.79,109914.24,300,80,0
2026.02.20 16:35:00,109880.59,109880.59,109865.64,109865.64,300,80,0
2026.02.20 16:30:00,109863.90,109892.84,109861.20,109880.64,300,80,0
2026.02.20 16:25:00,109878.95,109878.95,109863.95,109863.95,301,80,0
2026.02.20 16:20:00,109858.96,109883.25,109848.31,109879.00,300,80,0
2026.02.20 16:15:00,109873.96,109873.96,109859.01,109859.01,300,80,0
2026.02.20 16:10:00,109873.36,109876.36,109860.81,109874.01,300,80,0
2026.02.20 16:05:00,109888.36,109888.36,109873.41,109873.41,300,80,0
2026.02.20 16:00:00,109903.36,109903.36,109888.41,109888.41,300,80,0
2026.02.20 15:55:00,109918.36,109918.36,109903.41,109903.41,300,80,0
2026.02.20 15:50:00,109933.36,109933.36,109918.41,109918.41,300,80,0
2026.02.20 15:45:00,109908.07,109943.06,109907.32,109933.41,300,80,0
2026.02.20 15:40:00,109895.21,109920.22,109892.41,109908.12,300,80,0
2026.02.20 15:35:00,109910.21,109910.21,109895.26,109895.26,300,80,0
2026.02.20 15:30:00,109925.21,109925.21,109910.26,109910.26,300,80,0
2026.02.20 15:25:00,109940.21,109940.21,109925.26,109925.26,300,80,0
2026.02.20 15:20:00,109955.21,109955.21,109940.26,109940.26,300,80,0
2026.02.20 15:15:00,109949.08,109959.51,109938.43,109955.26,300,80,0
2026.02.20 15:10:00,109948.39,109963.98,109948.34,109949.13,300,80,0
2026.02.20 15:05:00,109792.26,109953.49,109792.11,109948.44,300,80,0
2026.02.20 15:00:00,109807.26,109807.26,109792.31,109792.31,300,80,0
2026.02.20 14:55:00,109774.92,109810.81,109772.27,109807.31,300,80,0
2026.02.20 14:50:00,109789.92,109789.92,109774.97,109774.97,300,80,0
2026.02.20 14:45:00,109804.92,109804.92,109789.97,109789.97,300,80,0
2026.02.20 14:40:00,109819.92,109819.92,109804.97,109804.97,300,80,0
2026.02.20 14:35:00,109807.91,109823.27,109796.31,109819.97,300,80,0
2026.02.20 14:30:00,109792.43,109815.51,109785.08,109807.96,300,80,0
2026.02.20 14:25:00,109807.43,109807.43,109792.48,109792.48,300,80,0
2026.02.20 14:20:00,109822.43,109822.43,109807.48,109807.48,300,80,0
2026.02.20 14:15:00,109837.43,109837.43,109822.48,109822.48,300,80,0
2026.02.20 14:10:00,109852.43,109852.43,109837.48,109837.48,300,80,0
2026.02.20 14:05:00,109867.43,109867.43,109852.48,109852.48,300,80,0
2026.02.20 14:00:00,109882.43,109882.43,109867.48,109867.48,300,80,0
2026.02.20 13:55:00,109897.43,109897.43,109882.48,109882.48,300,80,0
2026.02.20 13:50:00,109912.43,109912.43,109897.48,109897.48,300,80,0
2026.02.20 13:45:00,109927.43,109927.43,109912.48,109912.48,300,80,0
2026.02.20 13:40:00,109942.43,109942.43,109927.48,109927.48,300,80,0
2026.02.20 13:35:00,109957.43,109957.43,109942.48,109942.48,300,80,0
2026.02.20 13:30:00,109972.43,109972.43,109957.48,109957.48,300,80,0
2026.02.20 13:25:00,109987.43,109987.43,109972.48,109972.48,300,80,0
2026.02.20 13:20:00,110002.43,110002.43,109987.48,109987.48,300,80,0
2026.02.20 13:15:00,110017.43,110017.43,110002.48,110002.48,300,80,0
2026.02.20 13:10:00,110032.43,110032.43,110017.48,110017.48,300,80,0
2026.02.20 13:05:00,110047.43,110047.43,110032.48,110032.48,300,80,0
2026.02.20 13:00:00,110062.43,110062.43,110047.48,110047.48,300,80,0
2026.02.20 12:55:00,110024.40,110071.08,110020.50,110062.48,300,80,0
2026.02.20 12:50:00,110039.40,110039.40,110024.45,110024.45,300,80,0
2026.02.20 12:45:00,110054.40,110054.40,110039.45,110039.45,300,80,0
2026.02.20 12:40:00,110069.40,110069.40,110054.45,110054.45,300,80,0
2026.02.20 12:35:00,110067.89,110073.45,110056.99,110069.45,300,80,0
2026.02.20 12:30:00,110082.89,110082.89,110067.94,110067.94,300,80,0
2026.02.20 12:25:00,110069.01,110095.39,110066.56,110082.94,300,80,0
2026.02.20 12:20:00,110084.01,110084.01,110069.06,110069.06,300,80,0
2026.02.20 12:15:00,110099.01,110099.01,110084.06,110084.06,300,80,0
2026.02.20 12:10:00,110114.01,110114.01,110099.06,110099.06,300,80,0
2026.02.20 12:05:00,110129.01,110129.01,110114.06,110114.06,300,80,0
2026.02.20 12:00:00,110144.01,110144.01,110129.06,110129.06,300,80,0
2026.02.20 11:55:00,110159.01,110159.01,110144.06,110144.06,300,80,0
2026.02.20 11:50:00,110174.01,110174.01,110159.06,110159.06,300,80,0
2026.02.20 11:45:00,110143.09,110176.76,110135.09,110174.06,300,80,0
2026.02.20 11:40:00,110158.09,110158.09,110143.14,110143.14,300,80,0
2026.02.20 11:35:00,110173.09,110173.09,110158.14,110158.14,300,80,0
2026.02.20 11:30:00,110188.09,110188.09,110173.14,110173.14,300,80,0
2026.02.20 11:25:00,110174.18,110196.64,110167.78,110188.14,300,80,0
2026.02.20 11:20:00,110189.18,110189.18,110174.23,110174.23,300,80,0
2026.02.20 11:15:00,110204.18,110204.18,110189.23,110189.23,300,80,0
2026.02.20 11:10:00,110177.76,110210.63,110169.26,110204.23,300,80,0
2026.02.20 11:05:00,110192.76,110192.76,110177.81,110177.81,300,80,0
2026.02.20 11:00:00,110140.48,110194.71,110139.63,110192.81,300,80,0
2026.02.20 10:55:00,110155.48,110155.48,110140.53,110140.53,300,80,0
2026.02.20 10:50:00,110131.44,110155.68,110116.69,110155.53,300,80,0
2026.02.20 10:45:00,110116.60,110145.69,110115.90,110131.49,300,80,0
2026.02.20 10:40:00,110131.60,110131.60,110116.65,110116.65,300,80,0
2026.02.20 10:35:00,110146.60,110146.60,110131.65,110131.65,300,80,0
2026.02.20 10:30:00,110128.30,110158.20,110124.95,110146.65,300,80,0
2026.02.20 10:25:00,110120.72,110141.95,110119.42,110128.35,300,80,0
2026.02.20 10:20:00,110135.72,110135.72,110120.77,110120.77,300,80,0
2026.02.20 10:15:00,110100.06,110145.37,110098.76,110135.77,298,80,0
2026.02.20 10:10:00,110092.86,110112.51,110090.36,110100.11,300,80,0
2026.02.20 10:05:00,110107.86,110107.86,110092.91,110092.91,300,80,0
2026.02.20 10:00:00,110093.28,110115.31,110085.78,110107.91,300,80,0
2026.02.20 09:55:00,110108.28,110108.28,110093.33,110093.33,300,80,0
2026.02.20 09:50:00,110074.42,110114.73,110071.77,110108.33,300,80,0
2026.02.20 09:45:00,110089.42,110089.42,110074.47,110074.47,300,80,0
2026.02.20 09:40:00,110073.23,110100.67,110069.53,110089.47,300,80,0
2026.02.20 09:35:00,110088.23,110088.23,110073.28,110073.28,300,80,0
2026.02.20 09:30:00,110103.23,110103.23,110088.28,110088.28,300,80,0
2026.02.20 09:25:00,110118.23,110118.23,110103.28,110103.28,300,80,0
2026.02.20 09:20:00,110133.23,110133.23,110118.28,110118.28,300,80,0
2026.02.20 09:15:00,110148.23,110148.23,110133.28,110133.28,300,80,0
2026.02.20 09:10:00,110163.23,110163.23,110148.28,110148.28,300,80,0
2026.02.20 09:05:00,110178.23,110178.23,110163.28,110163.28,300,80,0
2026.02.20 09:00:00,110166.77,110181.08,110154.67,110178.28,300,80,0
2026.02.20 08:55:00,110146.97,110171.07,110136.32,110166.82,300,80,0
2026.02.20 08:50:00,110146.18,110158.22,110142.48,110147.02,300,80,0
2026.02.20 08:45:00,110161.18,110161.18,110146.23,110146.23,300,80,0
2026.02.20 08:40:00,110106.32,110168.33,110103.92,110161.23,301,80,0
2026.02.20 08:35:00,110121.32,110121.32,110106.37,110106.37,300,80,0
2026.02.20 08:30:00,110085.28,110127.72,110081.73,110121.37,300,80,0
2026.02.20 08:25:00,110053.04,110086.03,110038.84,110085.33,300,80,0
2026.02.20 08:20:00,110068.04,110068.04,110053.09,110053.09,300,80,0
2026.02.20 08:15:00,110083.04,110083.04,110068.09,110068.09,300,80,0
2026.02.20 08:10:00,110058.46,110086.84,110049.31,110083.09,300,80,0
2026.02.20 08:05:00,110073.46,110073.46,110058.51,110058.51,300,80,0
2026.02.20 08:00:00,109994.37,110073.81,109984.82,110073.51,300,80,0
2026.02.20 07:55:00,110009.37,110009.37,109994.42,109994.42,300,80,0
2026.02.20 07:50:00,110024.37,110024.37,110009.42,110009.42,300,80,0
2026.02.20 07:45:00,110039.37,110039.37,110024.42,110024.42,300,80,0
2026.02.20 07:40:00,110054.37,110054.37,110039.42,110039.42,300,80,0
2026.02.20 07:35:00,110069.37,110069.37,110054.42,110054.42,300,80,0
2026.02.20 07:30:00,110084.37,110084.37,110069.42,110069.42,300,80,0
2026.02.20 07:25:00,110057.86,110097.02,110055.56,110084.42,300,80,0
2026.02.20 07:20:00,110072.86,110072.86,110057.91,110057.91,300,80,0
2026.02.20 07:15:00,110087.86,110087.86,110072.91,110072.91,300,80,0
2026.02.20 07:10:00,110102.86,110102.86,110087.91,110087.91,300,80,0
2026.02.20 07:05:00,110117.86,110117.86,110102.91,110102.91,300,80,0
2026.02.20 07:00:00,110132.86,110132.86,110117.91,110117.91,300,80,0
2026.02.20 06:55:00,110147.86,110147.86,110132.91,110132.91,300,80,0
2026.02.20 06:50:00,110162.86,110162.86,110147.91,110147.91,300,80,0
2026.02.20 06:45:00,110177.86,110177.86,110162.91,110162.91,300,80,0
2026.02.20 06:40:00,110192.86,110192.86,110177.91,110177.91,300,80,0
2026.02.20 06:35:00,110189.88,110199.41,110181.48,110192.91,300,80,0
2026.02.20 06:30:00,110204.88,110204.88,110189.93,110189.93,300,80,0
2026.02.20 06:25:00,110204.31,110219.03,110203.51,110204.93,300,80,0
2026.02.20 06:20:00,110219.31,110219.31,110204.36,110204.36,300,80,0
2026.02.20 06:15:00,110199.62,110232.91,110198.27,110219.36,300,80,0
2026.02.20 06:10:00,110214.62,110214.62,110199.67,110199.67,300,80,0
2026.02.20 06:05:00,110180.44,110217.97,110172.49,110214.67,300,80,0
2026.02.20 06:00:00,110195.44,110195.44,110180.49,110180.49,300,80,0
2026.02.20 05:55:00,110210.44,110210.44,110195.49,110195.49,300,80,0
2026.02.20 05:50:00,110225.44,110225.44,110210.49,110210.49,300,80,0
2026.02.20 05:45:00,110180.53,110230.54,110179.13,110225.49,300,80,0
2026.02.20 05:40:00,110195.53,110195.53,110180.58,110180.58,300,80,0
2026.02.20 05:35:00,110135.39,110200.28,110134.24,110195.58,300,80,0
2026.02.20 05:30:00,110119.18,110149.14,110117.98,110135.44,300,80,0
2026.02.20 05:25:00,110134.18,110134.18,110119.23,110119.23,300,80,0
2026.02.20 05:20:00,110149.18,110149.18,110134.23,110134.23,300,80,0
2026.02.20 05:15:00,110164.18,110164.18,110149.23,110149.23,300,80,0
2026.02.20 05:10:00,110179.18,110179.18,110164.23,110164.23,300,80,0
2026.02.20 05:05:00,110164.68,110186.23,110156.78,110179.23,300,80,0
2026.02.20 05:00:00,110130.12,110170.28,110129.37,110164.73,300,80,0
2026.02.20 04:55:00,110145.12,110145.12,110130.17,110130.17,300,80,0
2026.02.20 04:50:00,110140.45,110158.67,110139.05,110145.17,300,80,0
2026.02.20 04:45:00,110155.45,110155.45,110140.50,110140.50,300,80,0
2026.02.20 04:40:00,110170.45,110170.45,110155.50,110155.50,300,80,0
2026.02.20 04:35:00,110169.35,110172.20,110156.15,110170.50,300,80,0
2026.02.20 04:30:00,110168.16,110172.75,110156.61,110169.40,300,80,0
2026.02.20 04:25:00,110142.13,110180.46,110139.48,110168.21,300,80,0
2026.02.20 04:20:00,110157.13,110157.13,110142.18,110142.18,300,80,0
2026.02.20 04:15:00,110172.13,110172.13,110157.18,110157.18,300,80,0
2026.02.20 04:10:00,110187.13,110187.13,110172.18,110172.18,300,80,0
2026.02.20 04:05:00,110179.72,110199.33,110176.97,110187.18,300,80,0
2026.02.20 04:00:00,110164.10,110193.22,110162.65,110179.77,300,80,0
2026.02.20 03:55:00,110179.10,110179.10,110164.15,110164.15,300,80,0
2026.02.20 03:50:00,110174.34,110192.20,110172.49,110179.15,300,80,0
2026.02.20 03:45:00,110189.34,110189.34,110174.39,110174.39,300,80,0
2026.02.20 03:40:00,110204.34,110204.34,110189.39,110189.39,300,80,0
2026.02.20 03:35:00,110219.34,110219.34,110204.39,110204.39,300,80,0
2026.02.20 03:30:00,110234.34,110234.34,110219.39,110219.39,300,80,0
2026.02.20 03:25:00,110249.34,110249.34,110234.39,110234.39,300,80,0
2026.02.20 03:20:00,110264.34,110264.34,110249.39,110249.39,300,80,0
2026.02.20 03:15:00,110279.34,110279.34,110264.39,110264.39,300,80,0
2026.02.20 03:10:00,110294.34,110294.34,110279.39,110279.39,300,80,0
2026.02.20 03:05:00,110309.34,110309.34,110294.39,110294.39,300,80,0
2026.02.20 03:00:00,110297.11,110318.99,110291.81,110309.39,300,80,0
2026.02.20 02:55:00,110312.11,110312.11,110297.16,110297.16,300,80,0
2026.02.20 02:50:00,110279.29,110320.06,110272.29,110312.16,300,80,0
2026.02.20 02:45:00,110294.29,110294.29,110279.34,110279.34,300,80,0
2026.02.20 02:40:00,110263.69,110306.94,110261.39,110294.34,300,80,0
2026.02.20 02:35:00,110261.94,110277.14,110260.44,110263.74,300,80,0
2026.02.20 02:30:00,110230.24,110266.59,110219.94,110261.99,300,80,0
2026.02.20 02:25:00,110245.24,110245.24,110230.29,110230.29,300,80,0
2026.02.20 02:20:00,110260.24,110260.24,110245.29,110245.29,300,80,0
2026.02.20 02:15:00,110275.24,110275.24,110260.29,110260.29,300,80,0
2026.02.20 02:10:00,110231.70,110275.69,110223.55,110275.29,300,80,0
2026.02.20 02:05:00,110246.70,110246.70,110231.75,110231.75,300,80,0
2026.02.20 02:00:00,110238.36,110250.20,110226.91,110246.75,300,80,0
2026.02.20 01:55:00,110253.36,110253.36,110238.41,110238.41,300,80,0
2026.02.20 01:50:00,110268.36,110268.36,110253.41,110253.41,300,80,0
2026.02.20 01:45:00,110283.36,110283.36,110268.41,110268.41,300,80,0
2026.02.20 01:40:00,110282.04,110284.81,110268.54,110283.41,300,80,0
2026.02.20 01:35:00,110297.04,110297.04,110282.09,110282.09,300,80,0
2026.02.20 01:30:00,110289.40,110303.59,110281.00,110297.09,300,80,0
2026.02.20 01:25:00,110304.40,110304.40,110289.45,110289.45,300,80,0
2026.02.20 01:20:00,110319.40,110319.40,110304.45,110304.45,300,80,0
2026.02.20 01:15:00,110318.32,110322.40,110306.37,110319.45,300,80,0
2026.02.20 01:10:00,110289.25,110330.42,110286.40,110318.37,300,80,0
2026.02.20 01:05:00,110274.32,110290.75,110260.87,110289.30,300,80,0
2026.02.20 01:00:00,110289.32,110289.32,110274.37,110274.37,300,80,0
2026.02.20 00:55:00,110304.32,110304.32,110289.37,110289.37,300,80,0
2026.02.20 00:50:00,110319.32,110319.32,110304.37,110304.37,300,80,0
2026.02.20 00:45:00,110305.16,110325.02,110295.91,110319.37,300,80,0
2026.02.20 00:40:00,110237.29,110305.71,110234.99,110305.21,300,80,0
2026.02.20 00:35:00,110252.29,110252.29,110237.34,110237.34,300,80,0
2026.02.20 00:30:00,110241.30,110260.14,110234.20,110252.34,300,80,0
2026.02.20 00:25:00,110228.78,110243.25,110215.78,110241.35,300,80,0
2026.02.20 00:20:00,110243.78,110243.78,110228.83,110228.83,300,80,0
2026.02.20 00:15:00,110258.78,110258.78,110243.83,110243.83,300,80,0
2026.02.20 00:10:00,110273.78,110273.78,110258.83,110258.83,300,80,0
2026.02.20 00:05:00,110288.78,110288.78,110273.83,110273.83,300,80,0
2026.02.20 00:00:00,110303.78,110303.78,110288.83,110288.83,300,80,0
2026.02.19 23:55:00,110318.78,110318.78,110303.83,110303.83,300,80,0
2026.02.19 23:50:00,110333.78,110333.78,110318.83,110318.83,300,80,0
2026.02.19 23:45:00,110330.61,110340.88,110322.76,110333.83,300,80,0
2026.02.19 23:40:00,110320.78,110331.96,110307.18,110330.66,300,80,0
2026.02.19 23:35:00,110335.83,110335.83,110320.83,110320.83,301,80,0
2026.02.19 23:30:00,110331.68,110350.58,110331.48,110335.88,300,80,0
2026.02.19 23:25:00,110327.45,110344.43,110325.25,110331.73,300,80,0
2026.02.19 23:20:00,110342.45,110342.45,110327.50,110327.50,300,80,0
2026.02.19 23:15:00,110278.49,110347.20,110272.34,110342.50,300,80,0
2026.02.19 23:10:00,110293.49,110293.49,110278.54,110278.54,300,80,0
2026.02.19 23:05:00,110281.39,110293.99,110266.94,110293.54,300,80,0
2026.02.19 23:00:00,110296.39,110296.39,110281.44,110281.44,300,80,0
2026.02.19 22:55:00,110280.10,110299.14,110267.90,110296.44,300,80,0
2026.02.19 22:50:00,110245.54,110288.40,110242.39,110280.15,300,80,0
2026.02.19 22:45:00,110260.54,110260.54,110245.59,110245.59,300,80,0
2026.02.19 22:40:00,110245.37,110261.79,110231.67,110260.59,300,80,0
2026.02.19 22:35:00,110215.46,110260.02,110215.16,110245.42,300,80,0
2026.02.19 22:30:00,110230.46,110230.46,110215.51,110215.51,300,80,0
2026.02.19 22:25:00,110245.46,110245.46,110230.51,110230.51,300,80,0
2026.02.19 22:20:00,110233.95,110259.16,110232.70,110245.51,300,80,0
2026.02.19 22:15:00,110248.95,110248.95,110234.00,110234.00,300,80,0
2026.02.19 22:10:00,110212.49,110262.95,110211.54,110249.00,300,80,0
2026.02.19 22:05:00,110227.49,110227.49,110212.54,110212.54,300,80,0
2026.02.19 22:00:00,110204.73,110233.84,110196.13,110227.54,300,80,0
2026.02.19 21:55:00,110159.56,110208.08,110157.11,110204.78,300,80,0
2026.02.19 21:50:00,110174.56,110174.56,110159.61,110159.61,300,80,0
2026.02.19 21:45:00,110189.56,110189.56,110174.61,110174.61,300,80,0
2026.02.19 21:40:00,110159.17,110202.51,110157.17,110189.61,300,80,0
2026.02.19 21:35:00,110174.17,110174.17,110159.22,110159.22,300,80,0
2026.02.19 21:30:00,110189.17,110189.17,110174.22,110174.22,300,80,0
2026.02.19 21:25:00,110204.17,110204.17,110189.22,110189.22,300,80,0
2026.02.19 21:20:00,110219.17,110219.17,110204.22,110204.22,300,80,0
2026.02.19 21:15:00,110234.17,110234.17,110219.22,110219.22,300,80,0
2026.02.19 21:10:00,110249.17,110249.17,110234.22,110234.22,300,80,0
2026.02.19 21:05:00,110264.17,110264.17,110249.22,110249.22,300,80,0
2026.02.19 21:00:00,110261.64,110269.87,110252.39,110264.22,300,80,0
2026.02.19 20:55:00,110235.25,110265.79,110224.45,110261.69,300,80,0
2026.02.19 20:50:00,110250.25,110250.25,110235.30,110235.30,300,80,0
2026.02.19 20:45:00,110221.31,110263.75,110219.86,110250.30,300,80,0
2026.02.19 20:40:00,110236.31,110236.31,110221.36,110221.36,300,80,0
2026.02.19 20:35:00,110251.31,110251.31,110236.36,110236.36,300,80,0
2026.02.19 20:30:00,110266.31,110266.31,110251.36,110251.36,300,80,0
2026.02.19 20:25:00,110281.31,110281.31,110266.36,110266.36,300,80,0
2026.02.19 20:20:00,110296.31,110296.31,110281.36,110281.36,300,80,0
2026.02.19 20:15:00,110285.25,110304.81,110278.80,110296.36,300,80,0
2026.02.19 20:10:00,110262.70,110287.50,110250.00,110285.30,300,80,0
2026.02.19 20:05:00,110255.42,110274.70,110252.47,110262.75,300,80,0
2026.02.19 20:00:00,110270.42,110270.42,110255.47,110255.47,300,80,0
2026.02.19 19:55:00,110285.42,110285.42,110270.47,110270.47,300,80,0
2026.02.19 19:50:00,110278.59,110287.62,110265.84,110285.47,300,80,0
2026.02.19 19:45:00,110293.59,110293.59,110278.64,110278.64,300,80,0
2026.02.19 19:40:00,110269.31,110302.34,110263.11,110293.64,300,80,0
2026.02.19 19:35:00,110284.31,110284.31,110269.36,110269.36,300,80,0
2026.02.19 19:30:00,110265.28,110285.91,110251.93,110284.36,300,80,0
2026.02.19 19:25:00,110240.11,110266.78,110226.66,110265.33,300,80,0
2026.02.19 19:20:00,110234.10,110242.26,110221.30,110240.16,300,80,0
2026.02.19 19:15:00,110249.10,110249.10,110234.15,110234.15,300,80,0
2026.02.19 19:10:00,110264.10,110264.10,110249.15,110249.15,300,80,0
2026.02.19 19:05:00,110166.40,110268.15,110164.65,110264.15,300,80,0
2026.02.19 19:00:00,110157.76,110177.80,110154.21,110166.45,300,80,0
2026.02.19 18:55:00,110172.76,110172.76,110157.81,110157.81,300,80,0
2026.02.19 18:50:00,110187.76,110187.76,110172.81,110172.81,300,80,0
2026.02.19 18:45:00,110179.06,110192.01,110168.36,110187.81,300,80,0
2026.02.19 18:40:00,110194.06,110194.06,110179.11,110179.11,300,80,0
2026.02.19 18:35:00,110175.62,110208.96,110175.57,110194.11,300,80,0
2026.02.19 18:30:00,110190.62,110190.62,110175.67,110175.67,300,80,0
2026.02.19 18:25:00,110205.62,110205.62,110190.67,110190.67,300,80,0
2026.02.19 18:20:00,110220.62,110220.62,110205.67,110205.67,300,80,0
2026.02.19 18:15:00,110235.62,110235.62,110220.67,110220.67,300,80,0
2026.02.19 18:10:00,110250.62,110250.62,110235.67,110235.67,300,80,0
2026.02.19 18:05:00,110265.62,110265.62,110250.67,110250.67,300,80,0
2026.02.19 18:00:00,110211.41,110267.97,110208.91,110265.67,300,80,0
2026.02.19 17:55:00,110145.09,110211.61,110143.99,110211.46,300,80,0
2026.02.19 17:50:00,110126.37,110149.54,110115.87,110145.14,300,80,0
2026.02.19 17:45:00,110141.37,110141.37,110126.42,110126.42,300,80,0
2026.02.19 17:40:00,110156.37,110156.37,110141.42,110141.42,300,80,0
2026.02.19 17:35:00,110171.37,110171.37,110156.42,110156.42,300,80,0
2026.02.19 17:30:00,110163.81,110181.17,110158.66,110171.42,300,80,0
2026.02.19 17:25:00,110151.75,110176.06,110149.05,110163.86,300,80,0
2026.02.19 17:20:00,110166.75,110166.75,110151.80,110151.80,300,80,0
2026.02.19 17:15:00,110110.80,110167.50,110104.55,110166.80,300,80,0
2026.02.19 17:10:00,110125.80,110125.80,110110.85,110110.85,300,80,0
2026.02.19 17:05:00,110140.80,110140.80,110125.85,110125.85,300,80,0
2026.02.19 17:00:00,110155.80,110155.80,110140.85,110140.85,300,80,0
2026.02.19 16:55:00,110123.79,110167.45,110122.49,110155.85,300,80,0
2026.02.19 16:50:00,110138.79,110138.79,110123.84,110123.84,300,80,0
2026.02.19 16:45:00,110153.79,110153.79,110138.84,110138.84,300,80,0
2026.02.19 16:40:00,110168.79,110168.79,110153.84,110153.84,300,80,0
2026.02.19 16:35:00,110183.79,110183.79,110168.84,110168.84,300,80,0
2026.02.19 16:30:00,110198.79,110198.79,110183.84,110183.84,300,80,0
2026.02.19 16:25:00,110173.57,110206.69,110166.52,110198.84,300,80,0
2026.02.19 16:20:00,110188.57,110188.57,110173.62,110173.62,300,80,0
2026.02.19 16:15:00,110178.57,110191.42,110166.47,110188.62,300,80,0
2026.02.19 16:10:00,110193.57,110193.57,110178.62,110178.62,300,80,0
2026.02.19 16:05:00,110208.57,110208.57,110193.62,110193.62,300,80,0
2026.02.19 16:00:00,110223.57,110223.57,110208.62,110208.62,300,80,0
2026.02.19 15:55:00,110238.57,110238.57,110223.62,110223.62,300,80,0
2026.02.19 15:50:00,110253.57,110253.57,110238.62,110238.62,300,80,0
2026.02.19 15:45:00,110247.68,110268.02,110247.18,110253.62,300,80,0
2026.02.19 15:40:00,110156.95,110250.43,110149.85,110247.73,300,80,0
2026.02.19 15:35:00,110171.95,110171.95,110157.00,110157.00,300,80,0
2026.02.19 15:30:00,110186.95,110186.95,110172.00,110172.00,300,80,0
2026.02.19 15:25:00,110201.95,110201.95,110187.00,110187.00,300,80,0
2026.02.19 15:20:00,110148.44,110205.60,110139.34,110202.00,300,80,0
2026.02.19 15:15:00,110163.44,110163.44,110148.49,110148.49,300,80,0
2026.02.19 15:10:00,110178.44,110178.44,110163.49,110163.49,300,80,0
2026.02.19 15:05:00,110158.04,110188.84,110153.49,110178.49,300,80,0
2026.02.19 15:00:00,110137.35,110168.34,110132.70,110158.09,300,80,0
2026.02.19 14:55:00,110152.35,110152.35,110137.40,110137.40,300,80,0
2026.02.19 14:50:00,110141.36,110164.80,110138.86,110152.40,300,80,0
2026.02.19 14:45:00,110105.00,110142.31,110098.20,110141.41,300,80,0
2026.02.19 14:40:00,110092.37,110107.05,110079.47,110105.05,300,80,0
2026.02.19 14:35:00,110089.64,110103.52,110085.84,110092.42,300,80,0
2026.02.19 14:30:00,110104.64,110104.64,110089.69,110089.69,300,80,0
2026.02.19 14:25:00,110119.69,110119.69,110104.69,110104.69,301,80,0
2026.02.19 14:20:00,110134.69,110134.69,110119.74,110119.74,300,80,0
2026.02.19 14:15:00,110149.69,110149.69,110134.74,110134.74,300,80,0
2026.02.19 14:10:00,110104.79,110154.39,110095.69,110149.74,300,80,0
2026.02.19 14:05:00,110119.79,110119.79,110104.84,110104.84,300,80,0
2026.02.19 14:00:00,110134.79,110134.79,110119.84,110119.84,300,80,0
2026.02.19 13:55:00,110149.79,110149.79,110134.84,110134.84,300,80,0
2026.02.19 13:50:00,110129.74,110152.19,110117.19,110149.84,300,80,0
2026.02.19 13:45:00,110144.74,110144.74,110129.79,110129.79,300,80,0
2026.02.19 13:40:00,110159.74,110159.74,110144.79,110144.79,300,80,0
2026.02.19 13:35:00,110139.09,110166.59,110136.84,110159.79,300,80,0
2026.02.19 13:30:00,110087.03,110140.14,110082.63,110139.14,300,80,0
2026.02.19 13:25:00,110068.09,110096.53,110062.64,110087.08,300,80,0
2026.02.19 13:20:00,110083.09,110083.09,110068.14,110068.14,300,80,0
2026.02.19 13:15:00,110098.09,110098.09,110083.14,110083.14,300,80,0
2026.02.19 13:10:00,110113.09,110113.09,110098.14,110098.14,300,80,0
2026.02.19 13:05:00,110128.09,110128.09,110113.14,110113.14,300,80,0
2026.02.19 13:00:00,110100.89,110135.74,110093.59,110128.14,300,80,0
2026.02.19 12:55:00,110115.89,110115.89,110100.94,110100.94,300,80,0
2026.02.19 12:50:00,110130.89,110130.89,110115.94,110115.94,300,80,0
2026.02.19 12:45:00,110145.89,110145.89,110130.94,110130.94,300,80,0
2026.02.19 12:40:00,110160.89,110160.89,110145.94,110145.94,300,80,0
2026.02.19 12:35:00,110127.80,110167.54,110119.50,110160.94,300,80,0
2026.02.19 12:30:00,110088.22,110131.40,110076.87,110127.85,300,80,0
2026.02.19 12:25:00,110085.57,110090.77,110073.17,110088.27,300,80,0
2026.02.19 12:20:00,110064.79,110093.67,110057.94,110085.62,300,80,0
2026.02.19 12:15:00,110053.98,110072.74,110046.98,110064.84,300,80,0
2026.02.19 12:10:00,110022.50,110061.48,110016.85,110054.03,300,80,0
2026.02.19 12:05:00,110037.50,110037.50,110022.55,110022.55,300,80,0
2026.02.19 12:00:00,110021.37,110044.60,110013.52,110037.55,300,80,0
2026.02.19 11:55:00,110036.37,110036.37,110021.42,110021.42,300,80,0
2026.02.19 11:50:00,110051.37,110051.37,110036.42,110036.42,300,80,0
2026.02.19 11:45:00,110066.37,110066.37,110051.42,110051.42,300,80,0
2026.02.19 11:40:00,110081.37,110081.37,110066.42,110066.42,300,80,0
2026.02.19 11:35:00,110096.37,110096.37,110081.42,110081.42,300,80,0
2026.02.19 11:30:00,110093.75,110111.17,110093.60,110096.42,300,80,0
2026.02.19 11:25:00,110065.01,110101.65,110057.96,110093.80,300,80,0
2026.02.19 11:20:00,110080.01,110080.01,110065.06,110065.06,300,80,0
2026.02.19 11:15:00,110077.54,110080.21,110062.79,110080.06,300,80,0
2026.02.19 11:10:00,110034.90,110084.44,110026.85,110077.59,300,80,0
2026.02.19 11:05:00,110049.90,110049.90,110034.95,110034.95,300,80,0
2026.02.19 11:00:00,110028.29,110057.60,110021.04,110049.95,300,80,0
2026.02.19 10:55:00,110043.29,110043.29,110028.34,110028.34,300,80,0
2026.02.19 10:50:00,110028.97,110047.04,110017.77,110043.34,300,80,0
2026.02.19 10:45:00,110043.97,110043.97,110029.02,110029.02,300,80,0
2026.02.19 10:40:00,110058.97,110058.97,110044.02,110044.02,300,80,0
2026.02.19 10:35:00,110073.97,110073.97,110059.02,110059.02,300,80,0
2026.02.19 10:30:00,110088.97,110088.97,110074.02,110074.02,300,80,0
2026.02.19 10:25:00,110069.43,110097.77,110063.28,110089.02,300,80,0
2026.02.19 10:20:00,110043.70,110077.83,110037.15,110069.48,300,80,0
2026.02.19 10:15:00,110058.70,110058.70,110043.75,110043.75,300,80,0
2026.02.19 10:10:00,110073.70,110073.70,110058.75,110058.75,300,80,0
2026.02.19 10:05:00,110067.50,110081.65,110060.50,110073.75,300,80,0
2026.02.19 10:00:00,110054.49,110069.60,110041.64,110067.55,300,80,0
2026.02.19 09:55:00,110006.58,110065.54,110005.98,110054.54,300,80,0
2026.02.19 09:50:00,109955.24,110006.83,109947.69,110006.63,300,80,0
2026.02.19 09:45:00,109942.90,109958.19,109930.90,109955.29,300,80,0
2026.02.19 09:40:00,109957.90,109957.90,109942.95,109942.95,300,80,0
2026.02.19 09:35:00,109927.33,109967.20,109921.68,109957.95,300,80,0
2026.02.19 09:30:00,109942.33,109942.33,109927.38,109927.38,300,80,0
2026.02.19 09:25:00,109918.45,109947.58,109908.75,109942.38,300,80,0
2026.02.19 09:20:00,109877.68,109925.90,109870.18,109918.50,300,80,0
2026.02.19 09:15:00,109872.02,109889.23,109868.62,109877.73,300,80,0
2026.02.19 09:10:00,109887.02,109887.02,109872.07,109872.07,300,80,0
2026.02.19 09:05:00,109850.82,109887.87,109840.62,109887.07,300,80,0
2026.02.19 09:00:00,109865.82,109865.82,109850.87,109850.87,300,80,0
2026.02.19 08:55:00,109880.82,109880.82,109865.87,109865.87,300,80,0
2026.02.19 08:50:00,109895.82,109895.82,109880.87,109880.87,300,80,0
2026.02.19 08:45:00,109910.82,109910.82,109895.87,109895.87,300,80,0
2026.02.19 08:40:00,109883.74,109918.77,109876.74,109910.87,300,80,0
2026.02.19 08:35:00,109898.74,109898.74,109883.79,109883.79,300,80,0
2026.02.19 08:30:00,109913.74,109913.74,109898.79,109898.79,300,80,0
2026.02.19 08:25:00,109883.96,109915.94,109871.21,109913.79,300,80,0
2026.02.19 08:20:00,109851.31,109891.46,109850.01,109884.01,300,80,0
2026.02.19 08:15:00,109830.66,109855.11,109819.51,109851.36,300,80,0
2026.02.19 08:10:00,109845.66,109845.66,109830.71,109830.71,300,80,0
2026.02.19 08:05:00,109860.66,109860.66,109845.71,109845.71,300,80,0
2026.02.19 08:00:00,109856.92,109873.26,109854.57,109860.71,300,80,0
2026.02.19 07:55:00,109871.92,109871.92,109856.97,109856.97,300,80,0
2026.02.19 07:50:00,109886.92,109886.92,109871.97,109871.97,300,80,0
2026.02.19 07:45:00,109901.92,109901.92,109886.97,109886.97,300,80,0
2026.02.19 07:40:00,109916.92,109916.92,109901.97,109901.97,300,80,0
2026.02.19 07:35:00,109931.92,109931.92,109916.97,109916.97,300,80,0
2026.02.19 07:30:00,109946.92,109946.92,109931.97,109931.97,300,80,0
2026.02.19 07:25:00,109961.92,109961.92,109946.97,109946.97,300,80,0
2026.02.19 07:20:00,109976.92,109976.92,109961.97,109961.97,300,80,0
2026.02.19 07:15:00,109965.74,109990.07,109963.94,109976.97,300,80,0
2026.02.19 07:10:00,109952.94,109974.09,109946.34,109965.79,300,80,0
2026.02.19 07:05:00,109967.94,109967.94,109952.99,109952.99,300,80,0
2026.02.19 07:00:00,109982.94,109982.94,109967.99,109967.99,300,80,0
2026.02.19 06:55:00,109981.19,109997.19,109980.49,109982.99,300,80,0
2026.02.19 06:50:00,109948.38,109982.19,109936.58,109981.24,300,80,0
2026.02.19 06:45:00,109963.38,109963.38,109948.43,109948.43,300,80,0
2026.02.19 06:40:00,109978.38,109978.38,109963.43,109963.43,300,80,0
2026.02.19 06:35:00,109993.38,109993.38,109978.43,109978.43,300,80,0
2026.02.19 06:30:00,109960.25,110000.23,109952.15,109993.43,300,80,0
2026.02.19 06:25:00,109975.25,109975.25,109960.30,109960.30,300,80,0
2026.02.19 06:20:00,109971.82,109980.70,109962.32,109975.30,300,80,0
2026.02.19 06:15:00,109964.25,109977.17,109954.65,109971.87,300,80,0
2026.02.19 06:10:00,109979.25,109979.25,109964.30,109964.30,300,80,0
2026.02.19 06:05:00,109994.25,109994.25,109979.30,109979.30,300,80,0
2026.02.19 06:00:00,110009.25,110009.25,109994.30,109994.30,300,80,0
2026.02.19 05:55:00,110024.25,110024.25,110009.30,110009.30,300,80,0
2026.02.19 05:50:00,110009.72,110038.30,110008.82,110024.30,300,80,0
2026.02.19 05:45:00,110024.72,110024.72,110009.77,110009.77,300,80,0
2026.02.19 05:40:00,109965.78,110031.12,109962.58,110024.77,300,80,0
2026.02.19 05:35:00,109910.49,109967.13,109904.14,109965.83,300,80,0
2026.02.19 05:30:00,109888.84,109922.99,109886.39,109910.54,300,80,0
2026.02.19 05:25:00,109903.84,109903.84,109888.89,109888.89,300,80,0
2026.02.19 05:20:00,109892.28,109918.09,109891.53,109903.89,301,80,0
2026.02.19 05:15:00,109869.38,109904.48,109866.63,109892.33,300,80,0
2026.02.19 05:10:00,109819.53,109871.28,109806.48,109869.43,300,80,0
2026.02.19 05:05:00,109743.31,109823.43,109743.31,109819.58,300,80,0
2026.02.19 05:00:00,109731.60,109753.61,109726.95,109743.36,300,80,0
2026.02.19 04:55:00,109746.60,109746.60,109731.65,109731.65,300,80,0
2026.02.19 04:50:00,109761.60,109761.60,109746.65,109746.65,300,80,0
2026.02.19 04:45:00,109776.60,109776.60,109761.65,109761.65,300,80,0
2026.02.19 04:40:00,109758.35,109787.25,109754.05,109776.65,300,80,0
2026.02.19 04:35:00,109773.35,109773.35,109758.40,109758.40,300,80,0
2026.02.19 04:30:00,109727.33,109777.70,109725.73,109773.40,300,80,0
2026.02.19 04:25:00,109742.33,109742.33,109727.38,109727.38,300,80,0
2026.02.19 04:20:00,109757.33,109757.33,109742.38,109742.38,300,80,0
2026.02.19 04:15:00,109772.33,109772.33,109757.38,109757.38,300,80,0
2026.02.19 04:10:00,109768.72,109786.18,109767.62,109772.38,300,80,0
2026.02.19 04:05:00,109783.72,109783.72,109768.77,109768.77,300,80,0
2026.02.19 04:00:00,109746.70,109786.67,109740.20,109783.77,300,80,0
2026.02.19 03:55:00,109761.70,109761.70,109746.75,109746.75,300,80,0
2026.02.19 03:50:00,109776.70,109776.70,109761.75,109761.75,300,80,0
2026.02.19 03:45:00,109791.70,109791.70,109776.75,109776.75,300,80,0
2026.02.19 03:40:00,109806.70,109806.70,109791.75,109791.75,300,80,0
2026.02.19 03:35:00,109785.98,109807.95,109772.28,109806.75,300,80,0
2026.02.19 03:30:00,109800.98,109800.98,109786.03,109786.03,300,80,0
2026.02.19 03:25:00,109753.28,109814.38,109751.88,109801.03,300,80,0
2026.02.19 03:20:00,109723.92,109753.33,109721.47,109753.33,300,80,0
2026.02.19 03:15:00,109668.33,109729.32,109663.88,109723.97,300,80,0
2026.02.19 03:10:00,109646.10,109677.48,109640.30,109668.38,300,80,0
2026.02.19 03:05:00,109661.10,109661.10,109646.15,109646.15,300,80,0
2026.02.19 03:00:00,109641.57,109665.00,109630.52,109661.15,300,80,0
2026.02.19 02:55:00,109656.57,109656.57,109641.62,109641.62,300,80,0
2026.02.19 02:50:00,109671.57,109671.57,109656.62,109656.62,300,80,0
2026.02.19 02:45:00,109647.78,109675.22,109646.93,109671.62,300,80,0
2026.02.19 02:40:00,109662.78,109662.78,109647.83,109647.83,300,80,0
2026.02.19 02:35:00,109636.30,109666.58,109632.80,109662.83,300,80,0
2026.02.19 02:30:00,109606.95,109649.40,109605.10,109636.35,300,80,0
2026.02.19 02:25:00,109599.39,109614.15,109591.64,109607.00,300,80,0
2026.02.19 02:20:00,109614.39,109614.39,109599.44,109599.44,300,80,0
2026.02.19 02:15:00,109593.59,109615.64,109579.89,109614.44,300,80,0
2026.02.19 02:10:00,109608.59,109608.59,109593.64,109593.64,300,80,0
2026.02.19 02:05:00,109623.59,109623.59,109608.64,109608.64,300,80,0
2026.02.19 02:00:00,109638.59,109638.59,109623.64,109623.64,300,80,0
2026.02.19 01:55:00,109653.59,109653.59,109638.64,109638.64,300,80,0
2026.02.19 01:50:00,109598.32,109656.44,109587.62,109653.64,300,80,0
2026.02.19 01:45:00,109592.51,109608.57,109587.81,109598.37,300,80,0
2026.02.19 01:40:00,109557.13,109599.41,109549.08,109592.56,300,80,0
2026.02.19 01:35:00,109572.13,109572.13,109557.18,109557.18,300,80,0
2026.02.19 01:30:00,109563.56,109582.33,109558.81,109572.18,300,80,0
2026.02.19 01:25:00,109578.56,109578.56,109563.61,109563.61,300,80,0
2026.02.19 01:20:00,109571.88,109591.71,109570.08,109578.61,300,80,0
2026.02.19 01:15:00,109566.37,109574.83,109554.37,109571.93,300,80,0
2026.02.19 01:10:00,109581.37,109581.37,109566.42,109566.42,300,80,0
2026.02.19 01:05:00,109596.37,109596.37,109581.42,109581.42,300,80,0
2026.02.19 01:00:00,109611.37,109611.37,109596.42,109596.42,300,80,0
2026.02.19 00:55:00,109598.53,109612.42,109584.63,109611.42,300,80,0
2026.02.19 00:50:00,109579.77,109602.78,109569.07,109598.58,300,80,0
2026.02.19 00:45:00,109551.06,109582.42,109549.41,109579.82,300,80,0
2026.02.19 00:40:00,109566.06,109566.06,109551.11,109551.11,300,80,0
2026.02.19 00:35:00,109565.29,109569.01,109553.29,109566.11,300,80,0
2026.02.19 00:30:00,109505.68,109568.44,109503.68,109565.34,300,80,0
2026.02.19 00:25:00,109520.68,109520.68,109505.73,109505.73,300,80,0
2026.02.19 00:20:00,109482.65,109530.08,109477.10,109520.73,300,80,0
2026.02.19 00:15:00,109497.65,109497.65,109482.70,109482.70,300,80,0
2026.02.19 00:10:00,109512.65,109512.65,109497.70,109497.70,300,80,0
2026.02.19 00:05:00,109487.99,109514.20,109474.59,109512.70,300,80,0
2026.02.19 00:00:00,109502.99,109502.99,109488.04,109488.04,300,80,0
2026.02.18 23:55:00,109493.32,109504.94,109480.32,109503.04,300,80,0
2026.02.18 23:50:00,109508.32,109508.32,109493.37,109493.37,300,80,0
2026.02.18 23:45:00,109471.55,109518.02,109466.30,109508.37,300,80,0
2026.02.18 23:40:00,109486.55,109486.55,109471.60,109471.60,300,80,0
2026.02.18 23:35:00,109421.77,109487.45,109408.82,109486.60,300,80,0
2026.02.18 23:30:00,109436.77,109436.77,109421.82,109421.82,300,80,0
2026.02.18 23:25:00,109451.77,109451.77,109436.82,109436.82,300,80,0
2026.02.18 23:20:00,109466.77,109466.77,109451.82,109451.82,300,80,0
2026.02.18 23:15:00,109443.82,109471.72,109433.82,109466.82,300,80,0
2026.02.18 23:10:00,109458.82,109458.82,109443.87,109443.87,300,80,0
2026.02.18 23:05:00,109473.82,109473.82,109458.87,109458.87,300,80,0
2026.02.18 23:00:00,109488.82,109488.82,109473.87,109473.87,300,80,0
2026.02.18 22:55:00,109503.82,109503.82,109488.87,109488.87,300,80,0
2026.02.18 22:50:00,109487.44,109507.07,109475.74,109503.87,300,80,0
2026.02.18 22:45:00,109487.37,109501.04,109486.02,109487.49,300,80,0
2026.02.18 22:40:00,109502.37,109502.37,109487.42,109487.42,300,80,0
2026.02.18 22:35:00,109517.37,109517.37,109502.42,109502.42,300,80,0
2026.02.18 22:30:00,109532.37,109532.37,109517.42,109517.42,300,80,0
2026.02.18 22:25:00,109547.37,109547.37,109532.42,109532.42,300,80,0
2026.02.18 22:20:00,109562.37,109562.37,109547.42,109547.42,300,80,0
2026.02.18 22:15:00,109577.37,109577.37,109562.42,109562.42,300,80,0
2026.02.18 22:10:00,109592.37,109592.37,109577.42,109577.42,300,80,0
2026.02.18 22:05:00,109607.37,109607.37,109592.42,109592.42,300,80,0
2026.02.18 22:00:00,109622.37,109622.37,109607.42,109607.42,300,80,0
2026.02.18 21:55:00,109612.81,109631.37,109606.86,109622.42,300,80,0
2026.02.18 21:50:00,109627.81,109627.81,109612.86,109612.86,300,80,0
2026.02.18 21:45:00,109605.40,109641.26,109603.90,109627.86,300,80,0
2026.02.18 21:40:00,109586.42,109611.40,109577.47,109605.45,300,80,0
2026.02.18 21:35:00,109601.42,109601.42,109586.47,109586.47,300,80,0
2026.02.18 21:30:00,109559.21,109606.52,109557.36,109601.47,300,80,0
2026.02.18 21:25:00,109508.39,109571.86,109506.09,109559.26,300,80,0
2026.02.18 21:20:00,109496.69,109512.54,109485.89,109508.44,300,80,0
2026.02.18 21:15:00,109511.69,109511.69,109496.74,109496.74,300,80,0
2026.02.18 21:10:00,109526.69,109526.69,109511.74,109511.74,300,80,0
2026.02.18 21:05:00,109500.48,109530.04,109497.48,109526.74,300,80,0
2026.02.18 21:00:00,109515.48,109515.48,109500.53,109500.53,300,80,0
2026.02.18 20:55:00,109530.48,109530.48,109515.53,109515.53,300,80,0
2026.02.18 20:50:00,109545.48,109545.48,109530.53,109530.53,300,80,0
2026.02.18 20:45:00,109533.91,109549.33,109522.81,109545.53,300,80,0
2026.02.18 20:40:00,109548.91,109548.91,109533.96,109533.96,300,80,0
2026.02.18 20:35:00,109563.91,109563.91,109548.96,109548.96,300,80,0
2026.02.18 20:30:00,109578.91,109578.91,109563.96,109563.96,300,80,0
2026.02.18 20:25:00,109524.90,109583.81,109523.35,109578.96,300,80,0
2026.02.18 20:20:00,109510.85,109530.20,109501.20,109524.95,300,80,0
2026.02.18 20:15:00,109525.90,109525.90,109510.90,109510.90,301,80,0
2026.02.18 20:10:00,109540.90,109540.90,109525.95,109525.95,300,80,0
2026.02.18 20:05:00,109555.90,109555.90,109540.95,109540.95,300,80,0
2026.02.18 20:00:00,109570.90,109570.90,109555.95,109555.95,300,80,0
2026.02.18 19:55:00,109585.90,109585.90,109570.95,109570.95,300,80,0
2026.02.18 19:50:00,109562.28,109598.15,109559.58,109585.95,300,80,0
2026.02.18 19:45:00,109577.28,109577.28,109562.33,109562.33,300,80,0
2026.02.18 19:40:00,109592.28,109592.28,109577.33,109577.33,300,80,0
2026.02.18 19:35:00,109576.83,109596.03,109565.63,109592.33,300,80,0
2026.02.18 19:30:00,109591.83,109591.83,109576.88,109576.88,300,80,0
2026.02.18 19:25:00,109571.15,109595.88,109560.25,109591.88,300,80,0
2026.02.18 19:20:00,109547.48,109579.85,109541.23,109571.20,300,80,0
2026.02.18 19:15:00,109562.48,109562.48,109547.53,109547.53,300,80,0
2026.02.18 19:10:00,109577.48,109577.48,109562.53,109562.53,300,80,0
2026.02.18 19:05:00,109592.48,109592.48,109577.53,109577.53,300,80,0
2026.02.18 19:00:00,109607.48,109607.48,109592.53,109592.53,300,80,0
2026.02.18 18:55:00,109622.48,109622.48,109607.53,109607.53,300,80,0
2026.02.18 18:50:00,109637.48,109637.48,109622.53,109622.53,300,80,0
2026.02.18 18:45:00,109652.48,109652.48,109637.53,109637.53,300,80,0
2026.02.18 18:40:00,109667.48,109667.48,109652.53,109652.53,300,80,0
2026.02.18 18:35:00,109649.09,109672.23,109638.89,109667.53,300,80,0
2026.02.18 18:30:00,109644.89,109662.09,109642.94,109649.14,300,80,0
2026.02.18 18:25:00,109602.49,109654.89,109601.14,109644.94,300,80,0
2026.02.18 18:20:00,109534.09,109606.69,109530.84,109602.54,300,80,0
2026.02.18 18:15:00,109531.66,109534.14,109516.76,109534.14,300,80,0
2026.02.18 18:10:00,109546.66,109546.66,109531.71,109531.71,300,80,0
2026.02.18 18:05:00,109561.66,109561.66,109546.71,109546.71,300,80,0
2026.02.18 18:00:00,109576.66,109576.66,109561.71,109561.71,300,80,0
2026.02.18 17:55:00,109591.66,109591.66,109576.71,109576.71,300,80,0
2026.02.18 17:50:00,109606.66,109606.66,109591.71,109591.71,300,80,0
2026.02.18 17:45:00,109621.66,109621.66,109606.71,109606.71,300,80,0
2026.02.18 17:40:00,109636.66,109636.66,109621.71,109621.71,300,80,0
2026.02.18 17:35:00,109651.66,109651.66,109636.71,109636.71,300,80,0
2026.02.18 17:30:00,109666.66,109666.66,109651.71,109651.71,300,80,0
2026.02.18 17:25:00,109651.04,109671.96,109641.39,109666.71,300,80,0
2026.02.18 17:20:00,109633.55,109665.09,109632.65,109651.09,300,80,0
2026.02.18 17:15:00,109621.41,109643.75,109616.66,109633.60,300,80,0
2026.02.18 17:10:00,109636.41,109636.41,109621.46,109621.46,300,80,0
2026.02.18 17:05:00,109620.95,109646.41,109616.00,109636.46,300,80,0
2026.02.18 17:00:00,109562.68,109630.20,109562.13,109621.00,300,80,0
2026.02.18 16:55:00,109577.68,109577.68,109562.73,109562.73,300,80,0
2026.02.18 16:50:00,109560.19,109582.58,109550.14,109577.73,300,80,0
2026.02.18 16:45:00,109546.77,109560.79,109532.42,109560.24,300,80,0
2026.02.18 16:40:00,109561.77,109561.77,109546.82,109546.82,300,80,0
2026.02.18 16:35:00,109561.48,109567.52,109552.28,109561.82,300,80,0
2026.02.18 16:30:00,109557.57,109574.43,109555.57,109561.53,300,80,0
2026.02.18 16:25:00,109572.57,109572.57,109557.62,109557.62,300,80,0
2026.02.18 16:20:00,109587.57,109587.57,109572.62,109572.62,300,80,0
2026.02.18 16:15:00,109584.91,109600.52,109582.91,109587.62,300,80,0
2026.02.18 16:10:00,109571.60,109590.31,109562.05,109584.96,300,80,0
2026.02.18 16:05:00,109534.31,109582.65,109530.41,109571.65,300,80,0
2026.02.18 16:00:00,109549.31,109549.31,109534.36,109534.36,300,80,0
2026.02.18 15:55:00,109564.31,109564.31,109549.36,109549.36,300,80,0
2026.02.18 15:50:00,109547.93,109573.16,109541.83,109564.36,300,80,0
2026.02.18 15:45:00,109493.10,109554.13,109490.60,109547.98,300,80,0
2026.02.18 15:40:00,109508.10,109508.10,109493.15,109493.15,300,80,0
2026.02.18 15:35:00,109523.10,109523.10,109508.15,109508.15,300,80,0
2026.02.18 15:30:00,109522.47,109531.75,109516.17,109523.15,300,80,0
2026.02.18 15:25:00,109470.36,109524.92,109462.61,109522.52,300,80,0
2026.02.18 15:20:00,109466.11,109476.76,109457.56,109470.41,300,80,0
2026.02.18 15:15:00,109481.11,109481.11,109466.16,109466.16,300,80,0
2026.02.18 15:10:00,109496.11,109496.11,109481.16,109481.16,300,80,0
2026.02.18 15:05:00,109511.11,109511.11,109496.16,109496.16,300,80,0
2026.02.18 15:00:00,109470.78,109523.06,109467.78,109511.16,300,80,0
2026.02.18 14:55:00,109485.78,109485.78,109470.83,109470.83,300,80,0
2026.02.18 14:50:00,109469.47,109491.08,109459.82,109485.83,300,80,0
2026.02.18 14:45:00,109484.47,109484.47,109469.52,109469.52,300,80,0
2026.02.18 14:40:00,109499.47,109499.47,109484.52,109484.52,300,80,0
2026.02.18 14:35:00,109514.47,109514.47,109499.52,109499.52,300,80,0
2026.02.18 14:30:00,109529.47,109529.47,109514.52,109514.52,300,80,0
2026.02.18 14:25:00,109544.47,109544.47,109529.52,109529.52,300,80,0
2026.02.18 14:20:00,109559.47,109559.47,109544.52,109544.52,300,80,0
2026.02.18 14:15:00,109574.47,109574.47,109559.52,109559.52,300,80,0
2026.02.18 14:10:00,109589.47,109589.47,109574.52,109574.52,300,80,0
2026.02.18 14:05:00,109604.47,109604.47,109589.52,109589.52,300,80,0
2026.02.18 14:00:00,109602.25,109613.22,109596.05,109604.52,300,80,0
2026.02.18 13:55:00,109617.25,109617.25,109602.30,109602.30,300,80,0
2026.02.18 13:50:00,109632.25,109632.25,109617.30,109617.30,300,80,0
2026.02.18 13:45:00,109545.71,109632.95,109539.71,109632.30,300,80,0
2026.02.18 13:40:00,109500.92,109546.06,109498.42,109545.76,300,80,0
2026.02.18 13:35:00,109515.92,109515.92,109500.97,109500.97,300,80,0
2026.02.18 13:30:00,109511.80,109527.67,109508.60,109515.97,300,80,0
2026.02.18 13:25:00,109526.80,109526.80,109511.85,109511.85,300,80,0
2026.02.18 13:20:00,109541.80,109541.80,109526.85,109526.85,300,80,0
2026.02.18 13:15:00,109534.69,109541.85,109519.79,109541.85,300,80,0
2026.02.18 13:10:00,109549.69,109549.69,109534.74,109534.74,300,80,0
2026.02.18 13:05:00,109564.69,109564.69,109549.74,109549.74,300,80,0
2026.02.18 13:00:00,109579.69,109579.69,109564.74,109564.74,300,80,0
2026.02.18 12:55:00,109594.69,109594.69,109579.74,109579.74,300,80,0
2026.02.18 12:50:00,109609.69,109609.69,109594.74,109594.74,300,80,0
2026.02.18 12:45:00,109624.69,109624.69,109609.74,109609.74,300,80,0
2026.02.18 12:40:00,109639.69,109639.69,109624.74,109624.74,300,80,0
2026.02.18 12:35:00,109654.69,109654.69,109639.74,109639.74,300,80,0
2026.02.18 12:30:00,109643.69,109657.34,109631.39,109654.74,300,80,0
2026.02.18 12:25:00,109658.69,109658.69,109643.74,109643.74,300,80,0
2026.02.18 12:20:00,109652.71,109673.29,109652.36,109658.74,300,80,0
2026.02.18 12:15:00,109648.19,109666.76,109647.29,109652.76,300,80,0
2026.02.18 12:10:00,109663.19,109663.19,109648.24,109648.24,300,80,0
2026.02.18 12:05:00,109678.19,109678.19,109663.24,109663.24,300,80,0
2026.02.18 12:00:00,109693.19,109693.19,109678.24,109678.24,300,80,0
2026.02.18 11:55:00,109708.19,109708.19,109693.24,109693.24,300,80,0
2026.02.18 11:50:00,109661.05,109711.89,109655.00,109708.24,300,80,0
2026.02.18 11:45:00,109676.05,109676.05,109661.10,109661.10,300,80,0
2026.02.18 11:40:00,109656.83,109681.05,109646.88,109676.10,300,80,0
2026.02.18 11:35:00,109649.40,109665.68,109643.30,109656.88,300,80,0
2026.02.18 11:30:00,109664.40,109664.40,109649.45,109649.45,300,80,0
2026.02.18 11:25:00,109679.40,109679.40,109664.45,109664.45,300,80,0
2026.02.18 11:20:00,109656.87,109682.15,109644.67,109679.45,300,80,0
2026.02.18 11:15:00,109671.87,109671.87,109656.92,109656.92,300,80,0
2026.02.18 11:10:00,109686.87,109686.87,109671.92,109671.92,300,80,0
2026.02.18 11:05:00,109701.92,109701.92,109686.92,109686.92,301,80,0
2026.02.18 11:00:00,109716.92,109716.92,109701.97,109701.97,300,80,0
2026.02.18 10:55:00,109731.92,109731.92,109716.97,109716.97,300,80,0
2026.02.18 10:50:00,109687.70,109738.07,109678.90,109731.97,300,80,0
2026.02.18 10:45:00,109702.70,109702.70,109687.75,109687.75,300,80,0
2026.02.18 10:40:00,109717.70,109717.70,109702.75,109702.75,300,80,0
2026.02.18 10:35:00,109701.92,109728.35,109697.62,109717.75,300,80,0
2026.02.18 10:30:00,109716.92,109716.92,109701.97,109701.97,300,80,0
2026.02.18 10:25:00,109713.87,109727.97,109709.97,109716.97,300,80,0
2026.02.18 10:20:00,109728.87,109728.87,109713.92,109713.92,300,80,0
2026.02.18 10:15:00,109725.64,109729.22,109711.04,109728.92,300,80,0
2026.02.18 10:10:00,109740.64,109740.64,109725.69,109725.69,300,80,0
2026.02.18 10:05:00,109726.52,109742.44,109713.37,109740.69,300,80,0
2026.02.18 10:00:00,109741.52,109741.52,109726.57,109726.57,300,80,0
2026.02.18 09:55:00,109733.83,109753.92,109731.28,109741.57,300,80,0
2026.02.18 09:50:00,109748.83,109748.83,109733.88,109733.88,300,80,0
2026.02.18 09:45:00,109763.83,109763.83,109748.88,109748.88,300,80,0
2026.02.18 09:40:00,109778.83,109778.83,109763.88,109763.88,300,80,0
2026.02.18 09:35:00,109793.83,109793.83,109778.88,109778.88,300,80,0
2026.02.18 09:30:00,109808.83,109808.83,109793.88,109793.88,300,80,0
2026.02.18 09:25:00,109823.83,109823.83,109808.88,109808.88,300,80,0
2026.02.18 09:20:00,109838.83,109838.83,109823.88,109823.88,300,80,0
2026.02.18 09:15:00,109853.83,109853.83,109838.88,109838.88,300,80,0
2026.02.18 09:10:00,109868.83,109868.83,109853.88,109853.88,300,80,0
2026.02.18 09:05:00,109883.83,109883.83,109868.88,109868.88,300,80,0
2026.02.18 09:00:00,109898.83,109898.83,109883.88,109883.88,300,80,0
2026.02.18 08:55:00,109888.04,109911.48,109885.74,109898.88,300,80,0
2026.02.18 08:50:00,109903.04,109903.04,109888.09,109888.09,300,80,0
2026.02.18 08:45:00,109918.04,109918.04,109903.09,109903.09,300,80,0
2026.02.18 08:40:00,109911.55,109926.54,109905.10,109918.09,300,80,0
2026.02.18 08:35:00,109926.55,109926.55,109911.60,109911.60,300,80,0
2026.02.18 08:30:00,109922.83,109932.55,109913.88,109926.60,300,80,0
2026.02.18 08:25:00,109937.83,109937.83,109922.88,109922.88,300,80,0
2026.02.18 08:20:00,109935.89,109941.13,109924.24,109937.88,300,80,0
2026.02.18 08:15:00,109950.89,109950.89,109935.94,109935.94,300,80,0
2026.02.18 08:10:00,109965.89,109965.89,109950.94,109950.94,300,80,0
2026.02.18 08:05:00,109980.89,109980.89,109965.94,109965.94,300,80,0
2026.02.18 08:00:00,109995.89,109995.89,109980.94,109980.94,300,80,0
2026.02.18 07:55:00,109995.20,109998.89,109983.25,109995.94,300,80,0
2026.02.18 07:50:00,109993.74,110002.95,109986.54,109995.25,300,80,0
2026.02.18 07:45:00,109944.14,109995.79,109932.14,109993.79,300,80,0
2026.02.18 07:40:00,109959.14,109959.14,109944.19,109944.19,300,80,0
2026.02.18 07:35:00,109931.85,109972.24,109930.00,109959.19,300,80,0
2026.02.18 07:30:00,109946.85,109946.85,109931.90,109931.90,300,80,0
2026.02.18 07:25:00,109961.85,109961.85,109946.90,109946.90,300,80,0
2026.02.18 07:20:00,109893.71,109962.10,109881.76,109961.90,300,80,0
2026.02.18 07:15:00,109876.25,109896.76,109864.35,109893.76,300,80,0
2026.02.18 07:10:00,109891.25,109891.25,109876.30,109876.30,300,80,0
2026.02.18 07:05:00,109876.22,109901.55,109871.57,109891.30,300,80,0
2026.02.18 07:00:00,109866.72,109880.22,109855.77,109876.27,300,80,0
2026.02.18 06:55:00,109881.72,109881.72,109866.77,109866.77,300,80,0
2026.02.18 06:50:00,109896.72,109896.72,109881.77,109881.77,300,80,0
2026.02.18 06:45:00,109882.42,109903.17,109873.92,109896.77,300,80,0
2026.02.18 06:40:00,109897.42,109897.42,109882.47,109882.47,300,80,0
2026.02.18 06:35:00,109890.83,109897.47,109875.93,109897.47,300,80,0
2026.02.18 06:30:00,109905.83,109905.83,109890.88,109890.88,300,80,0
2026.02.18 06:25:00,109920.83,109920.83,109905.88,109905.88,300,80,0
2026.02.18 06:20:00,109900.72,109929.33,109894.27,109920.88,300,80,0
2026.02.18 06:15:00,109915.72,109915.72,109900.77,109900.77,300,80,0
2026.02.18 06:10:00,109930.72,109930.72,109915.77,109915.77,300,80,0
2026.02.18 06:05:00,109945.72,109945.72,109930.77,109930.77,300,80,0
2026.02.18 06:00:00,109910.14,109952.62,109902.24,109945.77,300,80,0
2026.02.18 05:55:00,109925.14,109925.14,109910.19,109910.19,300,80,0
2026.02.18 05:50:00,109940.14,109940.14,109925.19,109925.19,300,80,0
2026.02.18 05:45:00,109955.14,109955.14,109940.19,109940.19,300,80,0
2026.02.18 05:40:00,109930.40,109961.49,109928.20,109955.19,300,80,0
2026.02.18 05:35:00,109918.50,109932.95,109906.10,109930.45,300,80,0
2026.02.18 05:30:00,109933.50,109933.50,109918.55,109918.55,300,80,0
2026.02.18 05:25:00,109948.50,109948.50,109933.55,109933.55,300,80,0
2026.02.18 05:20:00,109934.87,109949.40,109920.82,109948.55,300,80,0
2026.02.18 05:15:00,109949.87,109949.87,109934.92,109934.92,300,80,0
2026.02.18 05:10:00,109921.06,109954.62,109910.86,109949.92,300,80,0
2026.02.18 05:05:00,109936.06,109936.06,109921.11,109921.11,300,80,0
2026.02.18 05:00:00,109951.06,109951.06,109936.11,109936.11,300,80,0
2026.02.18 04:55:00,109935.60,109957.66,109927.25,109951.11,300,80,0
2026.02.18 04:50:00,109950.60,109950.60,109935.65,109935.65,300,80,0
2026.02.18 04:45:00,109945.58,109955.25,109935.28,109950.65,300,80,0
2026.02.18 04:40:00,109960.58,109960.58,109945.63,109945.63,300,80,0
2026.02.18 04:35:00,109941.76,109964.33,109930.56,109960.63,300,80,0
2026.02.18 04:30:00,109956.76,109956.76,109941.81,109941.81,300,80,0
2026.02.18 04:25:00,109971.76,109971.76,109956.81,109956.81,300,80,0
2026.02.18 04:20:00,109986.76,109986.76,109971.81,109971.81,300,80,0
2026.02.18 04:15:00,109963.91,109992.56,109954.76,109986.81,300,80,0
2026.02.18 04:10:00,109950.98,109968.66,109940.78,109963.96,300,80,0
2026.02.18 04:05:00,109965.98,109965.98,109951.03,109951.03,300,80,0
2026.02.18 04:00:00,109980.98,109980.98,109966.03,109966.03,300,80,0
2026.02.18 03:55:00,109995.98,109995.98,109981.03,109981.03,300,80,0
2026.02.18 03:50:00,109981.80,110000.78,109971.65,109996.03,300,80,0
2026.02.18 03:45:00,109996.80,109996.80,109981.85,109981.85,300,80,0
2026.02.18 03:40:00,110011.80,110011.80,109996.85,109996.85,300,80,0
2026.02.18 03:35:00,110026.80,110026.80,110011.85,110011.85,300,80,0
2026.02.18 03:30:00,110041.80,110041.80,110026.85,110026.85,300,80,0
2026.02.18 03:25:00,110056.80,110056.80,110041.85,110041.85,300,80,0
2026.02.18 03:20:00,110037.81,110070.85,110036.91,110056.85,300,80,0
2026.02.18 03:15:00,110032.46,110039.31,110019.01,110037.86,300,80,0
2026.02.18 03:10:00,110030.93,110036.71,110020.23,110032.51,300,80,0
2026.02.18 03:05:00,110024.28,110034.73,110013.13,110030.98,300,80,0
2026.02.18 03:00:00,110039.28,110039.28,110024.33,110024.33,300,80,0
2026.02.18 02:55:00,110024.98,110048.73,110019.48,110039.33,300,80,0
2026.02.18 02:50:00,110015.15,110033.28,110008.50,110025.03,300,80,0
2026.02.18 02:45:00,110030.15,110030.15,110015.20,110015.20,300,80,0
2026.02.18 02:40:00,110021.16,110032.40,110008.46,110030.20,300,80,0
2026.02.18 02:35:00,110036.16,110036.16,110021.21,110021.21,300,80,0
2026.02.18 02:30:00,110051.16,110051.16,110036.21,110036.21,300,80,0
2026.02.18 02:25:00,110005.92,110056.16,109997.72,110051.21,300,80,0
2026.02.18 02:20:00,110020.92,110020.92,110005.97,110005.97,300,80,0
2026.02.18 02:15:00,110035.92,110035.92,110020.97,110020.97,300,80,0
2026.02.18 02:10:00,110050.92,110050.92,110035.97,110035.97,300,80,0
2026.02.18 02:05:00,110065.92,110065.92,110050.97,110050.97,300,80,0
2026.02.18 02:00:00,110080.97,110080.97,110065.97,110065.97,301,80,0
2026.02.18 01:55:00,110060.96,110086.42,110051.46,110081.02,300,80,0
2026.02.18 01:50:00,110075.96,110075.96,110061.01,110061.01,300,80,0
2026.02.18 01:45:00,110090.96,110090.96,110076.01,110076.01,300,80,0
2026.02.18 01:40:00,110105.96,110105.96,110091.01,110091.01,300,80,0
2026.02.18 01:35:00,110120.96,110120.96,110106.01,110106.01,300,80,0
2026.02.18 01:30:00,110135.96,110135.96,110121.01,110121.01,300,80,0
2026.02.18 01:25:00,110114.88,110145.86,110109.83,110136.01,300,80,0
2026.02.18 01:20:00,110096.50,110117.58,110084.25,110114.93,300,80,0
2026.02.18 01:15:00,110076.68,110106.45,110071.68,110096.55,300,80,0
2026.02.18 01:10:00,110091.68,110091.68,110076.73,110076.73,300,80,0
2026.02.18 01:05:00,110068.71,110092.73,110054.81,110091.73,300,80,0
2026.02.18 01:00:00,110058.08,110070.81,110045.23,110068.76,300,80,0
2026.02.18 00:55:00,110038.03,110060.93,110025.93,110058.13,300,80,0
2026.02.18 00:50:00,110053.03,110053.03,110038.08,110038.08,300,80,0
2026.02.18 00:45:00,110068.03,110068.03,110053.08,110053.08,300,80,0
2026.02.18 00:40:00,110083.03,110083.03,110068.08,110068.08,300,80,0
2026.02.18 00:35:00,110098.03,110098.03,110083.08,110083.08,300,80,0
2026.02.18 00:30:00,110079.71,110104.38,110071.11,110098.08,300,80,0
2026.02.18 00:25:00,110068.67,110089.06,110063.07,110079.76,300,80,0
2026.02.18 00:20:00,110083.67,110083.67,110068.72,110068.72,300,80,0
2026.02.18 00:15:00,110076.41,110090.52,110068.31,110083.72,300,80,0
2026.02.18 00:10:00,110091.41,110091.41,110076.46,110076.46,300,80,0
2026.02.18 00:05:00,110087.26,110091.81,110072.71,110091.46,300,80,0
2026.02.18 00:00:00,110102.26,110102.26,110087.31,110087.31,300,80,0
2026.02.17 23:55:00,110082.80,110107.41,110073.00,110102.31,300,80,0
2026.02.17 23:50:00,110063.62,110083.40,110049.27,110082.85,300,80,0
2026.02.17 23:45:00,110078.62,110078.62,110063.67,110063.67,300,80,0
2026.02.17 23:40:00,110078.35,110087.02,110071.80,110078.67,300,80,0
2026.02.17 23:35:00,110093.35,110093.35,110078.40,110078.40,300,80,0
2026.02.17 23:30:00,109933.51,110100.50,109932.81,110093.40,300,80,0
2026.02.17 23:25:00,109924.32,109938.76,109914.62,109933.56,300,80,0
2026.02.17 23:20:00,109939.32,109939.32,109924.37,109924.37,300,80,0
2026.02.17 23:15:00,109908.51,109947.52,109901.76,109939.37,300,80,0
2026.02.17 23:10:00,109861.81,109916.91,109858.96,109908.56,300,80,0
2026.02.17 23:05:00,109851.63,109862.76,109837.63,109861.86,300,80,0
2026.02.17 23:00:00,109866.63,109866.63,109851.68,109851.68,300,80,0
2026.02.17 22:55:00,109881.63,109881.63,109866.68,109866.68,300,80,0
2026.02.17 22:50:00,109896.63,109896.63,109881.68,109881.68,300,80,0
2026.02.17 22:45:00,109890.34,109903.18,109881.94,109896.68,300,80,0
2026.02.17 22:40:00,109863.94,109902.94,109861.59,109890.39,300,80,0
2026.02.17 22:35:00,109878.94,109878.94,109863.99,109863.99,300,80,0
2026.02.17 22:30:00,109893.94,109893.94,109878.99,109878.99,300,80,0
2026.02.17 22:25:00,109836.66,109894.44,109830.11,109893.99,300,80,0
2026.02.17 22:20:00,109851.66,109851.66,109836.71,109836.71,300,80,0
2026.02.17 22:15:00,109848.12,109861.36,109842.87,109851.71,300,80,0
2026.02.17 22:10:00,109863.12,109863.12,109848.17,109848.17,300,80,0
2026.02.17 22:05:00,109878.12,109878.12,109863.17,109863.17,300,80,0
2026.02.17 22:00:00,109837.88,109879.02,109836.38,109878.17,300,80,0
2026.02.17 21:55:00,109775.78,109840.58,109767.63,109837.93,300,80,0
2026.02.17 21:50:00,109790.78,109790.78,109775.83,109775.83,300,80,0
2026.02.17 21:45:00,109768.07,109792.98,109755.32,109790.83,300,80,0
2026.02.17 21:40:00,109783.07,109783.07,109768.12,109768.12,300,80,0
2026.02.17 21:35:00,109798.07,109798.07,109783.12,109783.12,300,80,0
2026.02.17 21:30:00,109813.07,109813.07,109798.12,109798.12,300,80,0
2026.02.17 21:25:00,109793.14,109815.32,109781.89,109813.12,300,80,0
2026.02.17 21:20:00,109786.89,109807.59,109786.39,109793.19,300,80,0
2026.02.17 21:15:00,109782.38,109791.74,109772.28,109786.94,300,80,0
2026.02.17 21:10:00,109797.38,109797.38,109782.43,109782.43,300,80,0
2026.02.17 21:05:00,109812.38,109812.38,109797.43,109797.43,300,80,0
2026.02.17 21:00:00,109794.33,109821.53,109788.53,109812.43,300,80,0
2026.02.17 20:55:00,109784.95,109801.58,109777.25,109794.38,300,80,0
2026.02.17 20:50:00,109779.92,109797.95,109777.97,109785.00,300,80,0
2026.02.17 20:45:00,109728.78,109782.62,109722.03,109779.97,300,80,0
2026.02.17 20:40:00,109743.78,109743.78,109728.83,109728.83,300,80,0
2026.02.17 20:35:00,109758.78,109758.78,109743.83,109743.83,300,80,0
2026.02.17 20:30:00,109773.78,109773.78,109758.83,109758.83,300,80,0
2026.02.17 20:25:00,109742.59,109781.73,109735.59,109773.83,300,80,0
2026.02.17 20:20:00,109740.86,109743.39,109726.71,109742.64,300,80,0
2026.02.17 20:15:00,109755.86,109755.86,109740.91,109740.91,300,80,0
2026.02.17 20:10:00,109625.74,109759.11,109623.74,109755.91,300,80,0
2026.02.17 20:05:00,109640.74,109640.74,109625.79,109625.79,300,80,0
2026.02.17 20:00:00,109632.25,109644.99,109621.55,109640.79,300,80,0
2026.02.17 19:55:00,109572.93,109641.30,109570.63,109632.30,300,80,0
2026.02.17 19:50:00,109569.18,109579.13,109560.43,109572.98,300,80,0
2026.02.17 19:45:00,109584.18,109584.18,109569.23,109569.23,300,80,0
2026.02.17 19:40:00,109599.18,109599.18,109584.23,109584.23,300,80,0
2026.02.17 19:35:00,109614.18,109614.18,109599.23,109599.23,300,80,0
2026.02.17 19:30:00,109593.63,109623.88,109588.38,109614.23,300,80,0
2026.02.17 19:25:00,109608.63,109608.63,109593.68,109593.68,300,80,0
2026.02.17 19:20:00,109623.63,109623.63,109608.68,109608.68,300,80,0
2026.02.17 19:15:00,109638.63,109638.63,109623.68,109623.68,300,80,0
2026.02.17 19:10:00,109596.79,109641.38,109596.39,109638.68,300,80,0
2026.02.17 19:05:00,109611.79,109611.79,109596.84,109596.84,300,80,0
2026.02.17 19:00:00,109567.95,109594.57,109558.40,109589.22,300,80,0
2026.02.17 18:55:00,109582.95,109582.95,109568.00,109568.00,300,80,0
2026.02.17 18:50:00,109568.38,109587.20,109557.68,109583.00,300,80,0
2026.02.17 18:45:00,109583.38,109583.38,109568.43,109568.43,300,80,0
2026.02.17 18:40:00,109575.37,109597.18,109574.22,109583.43,300,80,0
2026.02.17 18:35:00,109560.36,109576.57,109546.61,109575.42,300,80,0
2026.02.17 18:30:00,109575.36,109575.36,109560.41,109560.41,300,80,0
2026.02.17 18:25:00,109560.59,109575.41,109545.69,109575.41,300,80,0
2026.02.17 18:20:00,109575.59,109575.59,109560.64,109560.64,300,80,0
2026.02.17 18:15:00,109539.30,109587.89,109536.65,109575.64,300,80,0
2026.02.17 18:10:00,109554.30,109554.30,109539.35,109539.35,300,80,0
2026.02.17 18:05:00,109539.58,109563.60,109533.93,109554.35,300,80,0
2026.02.17 18:00:00,109524.63,109540.58,109510.68,109539.63,300,80,0
2026.02.17 17:55:00,109539.63,109539.63,109524.68,109524.68,300,80,0
2026.02.17 17:50:00,109554.63,109554.63,109539.68,109539.68,300,80,0
2026.02.17 17:45:00,109569.63,109569.63,109554.68,109554.68,300,80,0
2026.02.17 17:40:00,109584.63,109584.63,109569.68,109569.68,300,80,0
2026.02.17 17:35:00,109584.19,109593.33,109577.94,109584.68,300,80,0
2026.02.17 17:30:00,109578.71,109593.14,109572.71,109584.24,300,80,0
2026.02.17 17:25:00,109593.71,109593.71,109578.76,109578.76,300,80,0
2026.02.17 17:20:00,109554.61,109602.86,109549.06,109593.76,300,80,0
2026.02.17 17:15:00,109553.93,109569.26,109553.63,109554.66,300,80,0
2026.02.17 17:10:00,109568.93,109568.93,109553.98,109553.98,300,80,0
2026.02.17 17:05:00,109508.18,109575.28,109504.48,109568.98,300,80,0
2026.02.17 17:00:00,109484.54,109519.43,109480.79,109508.23,301,80,0
2026.02.17 16:55:00,109499.54,109499.54,109484.59,109484.59,300,80,0
2026.02.17 16:50:00,109492.20,109507.79,109485.50,109499.59,300,80,0
2026.02.17 16:45:00,109507.20,109507.20,109492.25,109492.25,300,80,0
2026.02.17 16:40:00,109522.20,109522.20,109507.25,109507.25,300,80,0
2026.02.17 16:35:00,109537.20,109537.20,109522.25,109522.25,300,80,0
2026.02.17 16:30:00,109552.20,109552.20,109537.25,109537.25,300,80,0
2026.02.17 16:25:00,109567.20,109567.20,109552.25,109552.25,300,80,0
2026.02.17 16:20:00,109545.07,109580.20,109543.12,109567.25,300,80,0
2026.02.17 16:15:00,109560.07,109560.07,109545.12,109545.12,300,80,0
2026.02.17 16:10:00,109575.07,109575.07,109560.12,109560.12,300,80,0
2026.02.17 16:05:00,109590.07,109590.07,109575.12,109575.12,300,80,0
2026.02.17 16:00:00,109605.07,109605.07,109590.12,109590.12,300,80,0
2026.02.17 15:55:00,109620.07,109620.07,109605.12,109605.12,300,80,0
2026.02.17 15:50:00,109567.83,109623.52,109563.03,109620.12,300,80,0
2026.02.17 15:45:00,109558.61,109572.58,109548.41,109567.88,300,80,0
2026.02.17 15:40:00,109542.77,109564.21,109533.42,109558.66,300,80,0
2026.02.17 15:35:00,109557.77,109557.77,109542.82,109542.82,300,80,0
2026.02.17 15:30:00,109572.77,109572.77,109557.82,109557.82,300,80,0
2026.02.17 15:25:00,109571.69,109580.42,109564.39,109572.82,300,80,0
2026.02.17 15:20:00,109586.69,109586.69,109571.74,109571.74,300,80,0
2026.02.17 15:15:00,109601.69,109601.69,109586.74,109586.74,300,80,0
2026.02.17 15:10:00,109587.43,109608.09,109578.88,109601.74,300,80,0
2026.02.17 15:05:00,109602.43,109602.43,109587.48,109587.48,300,80,0
2026.02.17 15:00:00,109592.82,109610.83,109586.27,109602.48,300,80,0
2026.02.17 14:55:00,109607.82,109607.82,109592.87,109592.87,300,80,0
2026.02.17 14:50:00,109622.82,109622.82,109607.87,109607.87,300,80,0
2026.02.17 14:45:00,109615.35,109623.27,109600.85,109622.87,300,80,0
2026.02.17 14:40:00,109630.35,109630.35,109615.40,109615.40,300,80,0
2026.02.17 14:35:00,109616.98,109642.00,109613.68,109630.40,300,80,0
2026.02.17 14:30:00,109631.98,109631.98,109617.03,109617.03,300,80,0
2026.02.17 14:25:00,109646.98,109646.98,109632.03,109632.03,300,80,0
2026.02.17 14:20:00,109661.98,109661.98,109647.03,109647.03,300,80,0
2026.02.17 14:15:00,109676.98,109676.98,109662.03,109662.03,300,80,0
2026.02.17 14:10:00,109691.98,109691.98,109677.03,109677.03,300,80,0
2026.02.17 14:05:00,109706.98,109706.98,109692.03,109692.03,300,80,0
2026.02.17 14:00:00,109721.98,109721.98,109707.03,109707.03,300,80,0
2026.02.17 13:55:00,109736.98,109736.98,109722.03,109722.03,300,80,0
2026.02.17 13:50:00,109723.27,109743.08,109714.42,109737.03,300,80,0
2026.02.17 13:45:00,109672.29,109723.67,109665.29,109723.32,300,80,0
2026.02.17 13:40:00,109687.29,109687.29,109672.34,109672.34,300,80,0
2026.02.17 13:35:00,109702.29,109702.29,109687.34,109687.34,300,80,0
2026.02.17 13:30:00,109695.10,109713.74,109691.60,109702.34,300,80,0
2026.02.17 13:25:00,109710.10,109710.10,109695.15,109695.15,300,80,0
2026.02.17 13:20:00,109725.10,109725.10,109710.15,109710.15,300,80,0
2026.02.17 13:15:00,109710.40,109734.10,109704.45,109725.15,300,80,0
2026.02.17 13:10:00,109701.32,109713.50,109689.47,109710.45,300,80,0
2026.02.17 13:05:00,109676.32,109715.42,109675.47,109701.37,300,80,0
2026.02.17 13:00:00,109671.09,109676.67,109656.49,109676.37,300,80,0
2026.02.17 12:55:00,109639.90,109675.29,109637.15,109671.14,300,80,0
2026.02.17 12:50:00,109600.41,109643.90,109597.36,109639.95,300,80,0
2026.02.17 12:45:00,109590.22,109607.96,109582.82,109600.46,300,80,0
2026.02.17 12:40:00,109605.22,109605.22,109590.27,109590.27,300,80,0
2026.02.17 12:35:00,109620.22,109620.22,109605.27,109605.27,300,80,0
2026.02.17 12:30:00,109635.22,109635.22,109620.27,109620.27,300,80,0
2026.02.17 12:25:00,109650.22,109650.22,109635.27,109635.27,300,80,0
2026.02.17 12:20:00,109626.73,109650.72,109622.23,109650.27,300,80,0
2026.02.17 12:15:00,109641.73,109641.73,109626.78,109626.78,300,80,0
2026.02.17 12:10:00,109605.39,109643.48,109605.04,109641.78,300,80,0
2026.02.17 12:05:00,109620.39,109620.39,109605.44,109605.44,300,80,0
2026.02.17 12:00:00,109635.39,109635.39,109620.44,109620.44,300,80,0
2026.02.17 11:55:00,109650.39,109650.39,109635.44,109635.44,300,80,0
2026.02.17 11:50:00,109632.20,109659.54,109626.40,109650.44,300,80,0
2026.02.17 11:45:00,109618.31,109644.40,109615.56,109632.25,300,80,0
2026.02.17 11:40:00,109593.02,109632.16,109591.92,109618.36,300,80,0
2026.02.17 11:35:00,109589.55,109601.12,109582.70,109593.07,300,80,0
2026.02.17 11:30:00,109604.55,109604.55,109589.60,109589.60,300,80,0
2026.02.17 11:25:00,109619.55,109619.55,109604.60,109604.60,300,80,0
2026.02.17 11:20:00,109597.13,109624.60,109587.23,109619.60,300,80,0
2026.02.17 11:15:00,109572.51,109606.08,109566.51,109597.18,300,80,0
2026.02.17 11:10:00,109587.51,109587.51,109572.56,109572.56,300,80,0
2026.02.17 11:05:00,109552.26,109599.36,109549.16,109587.56,300,80,0
2026.02.17 11:00:00,109535.30,109559.46,109531.70,109552.31,300,80,0
2026.02.17 10:55:00,109550.30,109550.30,109535.35,109535.35,300,80,0
2026.02.17 10:50:00,109565.30,109565.30,109550.35,109550.35,300,80,0
2026.02.17 10:45:00,109580.30,109580.30,109565.35,109565.35,300,80,0
2026.02.17 10:40:00,109561.76,109586.65,109553.16,109580.35,300,80,0
2026.02.17 10:35:00,109548.29,109564.56,109536.14,109561.81,300,80,0
2026.02.17 10:30:00,109563.29,109563.29,109548.34,109548.34,300,80,0
2026.02.17 10:25:00,109528.59,109566.54,109525.09,109563.34,300,80,0
2026.02.17 10:20:00,109543.59,109543.59,109528.64,109528.64,300,80,0
2026.02.17 10:15:00,109558.59,109558.59,109543.64,109543.64,300,80,0
2026.02.17 10:10:00,109518.12,109564.04,109512.77,109558.64,300,80,0
2026.02.17 10:05:00,109533.12,109533.12,109518.17,109518.17,300,80,0
2026.02.17 10:00:00,109512.80,109548.07,109512.80,109533.17,300,80,0
2026.02.17 09:55:00,109527.80,109527.80,109512.85,109512.85,300,80,0
2026.02.17 09:50:00,109542.80,109542.80,109527.85,109527.85,300,80,0
2026.02.17 09:45:00,109508.24,109549.25,109506.39,109542.85,300,80,0
2026.02.17 09:40:00,109523.24,109523.24,109508.29,109508.29,300,80,0
2026.02.17 09:35:00,109538.24,109538.24,109523.29,109523.29,300,80,0
2026.02.17 09:30:00,109553.24,109553.24,109538.29,109538.29,300,80,0
2026.02.17 09:25:00,109568.24,109568.24,109553.29,109553.29,300,80,0
2026.02.17 09:20:00,109583.24,109583.24,109568.29,109568.29,300,80,0
2026.02.17 09:15:00,109598.24,109598.24,109583.29,109583.29,300,80,0
2026.02.17 09:10:00,109613.24,109613.24,109598.29,109598.29,300,80,0
2026.02.17 09:05:00,109628.24,109628.24,109613.29,109613.29,300,80,0
2026.02.17 09:00:00,109618.88,109628.49,109604.18,109628.29,300,80,0
2026.02.17 08:55:00,109614.45,109632.18,109612.80,109618.93,300,80,0
2026.02.17 08:50:00,109629.45,109629.45,109614.50,109614.50,300,80,0
2026.02.17 08:45:00,109644.45,109644.45,109629.50,109629.50,300,80,0
2026.02.17 08:40:00,109592.89,109653.40,109591.59,109644.50,300,80,0
2026.02.17 08:35:00,109607.89,109607.89,109592.94,109592.94,300,80,0
2026.02.17 08:30:00,109622.89,109622.89,109607.94,109607.94,300,80,0
2026.02.17 08:25:00,109637.89,109637.89,109622.94,109622.94,300,80,0
2026.02.17 08:20:00,109652.89,109652.89,109637.94,109637.94,300,80,0
2026.02.17 08:15:00,109667.89,109667.89,109652.94,109652.94,300,80,0
2026.02.17 08:10:00,109682.89,109682.89,109667.94,109667.94,300,80,0
2026.02.17 08:05:00,109666.39,109685.44,109653.99,109682.94,300,80,0
2026.02.17 08:00:00,109681.44,109681.44,109666.44,109666.44,301,80,0
2026.02.17 07:55:00,109696.44,109696.44,109681.49,109681.49,300,80,0
2026.02.17 07:50:00,109711.44,109711.44,109696.49,109696.49,300,80,0
2026.02.17 07:45:00,109726.44,109726.44,109711.49,109711.49,300,80,0
2026.02.17 07:40:00,109741.44,109741.44,109726.49,109726.49,300,80,0
2026.02.17 07:35:00,109756.44,109756.44,109741.49,109741.49,300,80,0
2026.02.17 07:30:00,109771.44,109771.44,109756.49,109756.49,300,80,0
2026.02.17 07:25:00,109761.68,109777.39,109752.68,109771.49,300,80,0
2026.02.17 07:20:00,109776.68,109776.68,109761.73,109761.73,300,80,0
2026.02.17 07:15:00,109791.68,109791.68,109776.73,109776.73,300,80,0
2026.02.17 07:10:00,109765.32,109801.28,109759.97,109791.73,300,80,0
2026.02.17 07:05:00,109780.32,109780.32,109765.37,109765.37,300,80,0
2026.02.17 07:00:00,109795.32,109795.32,109780.37,109780.37,300,80,0
2026.02.17 06:55:00,109810.32,109810.32,109795.37,109795.37,300,80,0
2026.02.17 06:50:00,109752.15,109821.67,109749.55,109810.37,300,80,0
2026.02.17 06:45:00,109744.69,109755.40,109732.99,109752.20,300,80,0
2026.02.17 06:40:00,109729.10,109757.24,109726.70,109744.74,300,80,0
2026.02.17 06:35:00,109723.51,109736.65,109716.11,109729.15,300,80,0
2026.02.17 06:30:00,109738.51,109738.51,109723.56,109723.56,300,80,0
2026.02.17 06:25:00,109753.51,109753.51,109738.56,109738.56,300,80,0
2026.02.17 06:20:00,109768.51,109768.51,109753.56,109753.56,300,80,0
2026.02.17 06:15:00,109783.51,109783.51,109768.56,109768.56,300,80,0
2026.02.17 06:10:00,109798.51,109798.51,109783.56,109783.56,300,80,0
2026.02.17 06:05:00,109813.51,109813.51,109798.56,109798.56,300,80,0
2026.02.17 06:00:00,109796.42,109823.81,109791.77,109813.56,300,80,0
2026.02.17 05:55:00,109757.27,109807.62,109754.32,109796.47,300,80,0
2026.02.17 05:50:00,109772.27,109772.27,109757.32,109757.32,300,80,0
2026.02.17 05:45:00,109787.27,109787.27,109772.32,109772.32,300,80,0
2026.02.17 05:40:00,109802.27,109802.27,109787.32,109787.32,300,80,0
2026.02.17 05:35:00,109786.38,109815.67,109784.83,109802.32,300,80,0
2026.02.17 05:30:00,109672.79,109789.73,109671.54,109786.43,300,80,0
2026.02.17 05:25:00,109647.34,109675.79,109635.39,109672.84,300,80,0
2026.02.17 05:20:00,109567.48,109647.79,109562.93,109647.39,300,80,0
2026.02.17 05:15:00,109582.48,109582.48,109567.53,109567.53,300,80,0
2026.02.17 05:10:00,109555.20,109594.33,109552.10,109582.53,300,80,0
2026.02.17 05:05:00,109570.20,109570.20,109555.25,109555.25,300,80,0
2026.02.17 05:00:00,109585.20,109585.20,109570.25,109570.25,300,80,0
2026.02.17 04:55:00,109583.90,109596.40,109580.15,109585.25,300,80,0
2026.02.17 04:50:00,109569.69,109596.50,109567.34,109583.95,300,80,0
2026.02.17 04:45:00,109584.69,109584.69,109569.74,109569.74,300,80,0
2026.02.17 04:40:00,109576.70,109592.39,109569.45,109584.74,300,80,0
2026.02.17 04:35:00,109591.70,109591.70,109576.75,109576.75,300,80,0
2026.02.17 04:30:00,109606.70,109606.70,109591.75,109591.75,300,80,0
2026.02.17 04:25:00,109591.22,109608.30,109577.87,109606.75,300,80,0
2026.02.17 04:20:00,109588.49,109591.32,109573.64,109591.27,300,80,0
2026.02.17 04:15:00,109603.49,109603.49,109588.54,109588.54,300,80,0
2026.02.17 04:10:00,109618.49,109618.49,109603.54,109603.54,300,80,0
2026.02.17 04:05:00,109633.49,109633.49,109618.54,109618.54,300,80,0
2026.02.17 04:00:00,109648.49,109648.49,109633.54,109633.54,300,80,0
2026.02.17 03:55:00,109629.34,109652.74,109618.64,109648.54,300,80,0
2026.02.17 03:50:00,109644.34,109644.34,109629.39,109629.39,300,80,0
2026.02.17 03:45:00,109659.34,109659.34,109644.39,109644.39,300,80,0
2026.02.17 03:40:00,109674.34,109674.34,109659.39,109659.39,300,80,0
2026.02.17 03:35:00,109662.86,109685.74,109659.31,109674.39,300,80,0
2026.02.17 03:30:00,109677.86,109677.86,109662.91,109662.91,300,80,0
2026.02.17 03:25:00,109661.22,109691.86,109660.27,109677.91,300,80,0
2026.02.17 03:20:00,109676.22,109676.22,109661.27,109661.27,300,80,0
2026.02.17 03:15:00,109670.98,109690.62,109670.43,109676.27,300,80,0
2026.02.17 03:10:00,109685.98,109685.98,109671.03,109671.03,300,80,0
2026.02.17 03:05:00,109663.52,109694.13,109656.72,109686.03,300,80,0
2026.02.17 03:00:00,109625.30,109675.07,109622.35,109663.57,300,80,0
2026.02.17 02:55:00,109625.10,109627.60,109612.45,109625.35,300,80,0
2026.02.17 02:50:00,109640.10,109640.10,109625.15,109625.15,300,80,0
2026.02.17 02:45:00,109655.10,109655.10,109640.15,109640.15,300,80,0
2026.02.17 02:40:00,109650.76,109659.05,109639.76,109655.15,300,80,0
2026.02.17 02:35:00,109665.76,109665.76,109650.81,109650.81,300,80,0
2026.02.17 02:30:00,109577.63,109669.56,109568.53,109665.81,300,80,0
2026.02.17 02:25:00,109592.63,109592.63,109577.68,109577.68,300,80,0
2026.02.17 02:20:00,109536.40,109602.33,109532.60,109592.68,300,80,0
2026.02.17 02:15:00,109551.40,109551.40,109536.45,109536.45,300,80,0
2026.02.17 02:10:00,109566.40,109566.40,109551.45,109551.45,300,80,0
2026.02.17 02:05:00,109553.47,109577.50,109549.62,109566.45,300,80,0
2026.02.17 02:00:00,109547.45,109560.37,109539.40,109553.52,300,80,0
2026.02.17 01:55:00,109562.45,109562.45,109547.50,109547.50,300,80,0
2026.02.17 01:50:00,109577.45,109577.45,109562.50,109562.50,300,80,0
2026.02.17 01:45:00,109564.86,109581.50,109553.96,109577.50,300,80,0
2026.02.17 01:40:00,109557.10,109568.06,109545.35,109564.91,300,80,0
2026.02.17 01:35:00,109572.10,109572.10,109557.15,109557.15,300,80,0
2026.02.17 01:30:00,109587.10,109587.10,109572.15,109572.15,300,80,0
2026.02.17 01:25:00,109602.10,109602.10,109587.15,109587.15,300,80,0
2026.02.17 01:20:00,109585.58,109585.58,109570.63,109570.63,300,80,0
2026.02.17 01:15:00,109534.89,109586.88,109533.59,109585.63,300,80,0
2026.02.17 01:10:00,109549.89,109549.89,109534.94,109534.94,300,80,0
2026.02.17 01:05:00,109564.89,109564.89,109549.94,109549.94,300,80,0
2026.02.17 01:00:00,109579.89,109579.89,109564.94,109564.94,300,80,0
2026.02.17 00:55:00,109571.36,109588.44,109564.96,109579.94,300,80,0
2026.02.17 00:50:00,109586.36,109586.36,109571.41,109571.41,300,80,0
2026.02.17 00:45:00,109601.36,109601.36,109586.41,109586.41,300,80,0
2026.02.17 00:40:00,109616.36,109616.36,109601.41,109601.41,300,80,0
2026.02.17 00:35:00,109631.36,109631.36,109616.41,109616.41,300,80,0
2026.02.17 00:30:00,109622.81,109642.11,109618.61,109631.41,300,80,0
2026.02.17 00:25:00,109606.05,109624.71,109593.00,109622.86,300,80,0
2026.02.17 00:20:00,109605.41,109618.10,109602.51,109606.10,300,80,0
2026.02.17 00:15:00,109620.41,109620.41,109605.46,109605.46,300,80,0
2026.02.17 00:10:00,109596.85,109621.26,109582.75,109620.46,300,80,0
2026.02.17 00:05:00,109611.85,109611.85,109596.90,109596.90,300,80,0
2026.02.17 00:00:00,109626.85,109626.85,109611.90,109611.90,300,80,0
2026.02.16 23:55:00,109623.57,109641.80,109623.57,109626.90,300,80,0
2026.02.16 23:50:00,109638.57,109638.57,109623.62,109623.62,300,80,0
2026.02.16 23:45:00,109653.57,109653.57,109638.62,109638.62,300,80,0
2026.02.16 23:40:00,109668.57,109668.57,109653.62,109653.62,300,80,0
2026.02.16 23:35:00,109683.57,109683.57,109668.62,109668.62,300,80,0
2026.02.16 23:30:00,109698.57,109698.57,109683.62,109683.62,300,80,0
2026.02.16 23:25:00,109713.57,109713.57,109698.62,109698.62,300,80,0
2026.02.16 23:20:00,109699.78,109715.32,109686.58,109713.62,300,80,0
2026.02.16 23:15:00,109673.19,109711.58,109670.04,109699.83,300,80,0
2026.02.16 23:10:00,109688.19,109688.19,109673.24,109673.24,300,80,0
2026.02.16 23:05:00,109680.46,109697.84,109675.16,109688.24,300,80,0
2026.02.16 23:00:00,109673.96,109695.31,109673.81,109680.51,301,80,0
2026.02.16 22:55:00,109688.96,109688.96,109674.01,109674.01,300,80,0
2026.02.16 22:50:00,109703.96,109703.96,109689.01,109689.01,300,80,0
2026.02.16 22:45:00,109718.96,109718.96,109704.01,109704.01,300,80,0
2026.02.16 22:40:00,109703.40,109720.46,109689.95,109719.01,300,80,0
2026.02.16 22:35:00,109702.72,109711.05,109695.42,109703.45,300,80,0
2026.02.16 22:30:00,109717.72,109717.72,109702.77,109702.77,300,80,0
2026.02.16 22:25:00,109732.72,109732.72,109717.77,109717.77,300,80,0
2026.02.16 22:20:00,109671.95,109735.62,109671.60,109732.77,300,80,0
2026.02.16 22:15:00,109686.95,109686.95,109672.00,109672.00,300,80,0
2026.02.16 22:10:00,109701.95,109701.95,109687.00,109687.00,300,80,0
2026.02.16 22:05:00,109716.95,109716.95,109702.00,109702.00,300,80,0
2026.02.16 22:00:00,109731.95,109731.95,109717.00,109717.00,300,80,0
2026.02.16 21:55:00,109695.78,109738.95,109687.83,109732.00,300,80,0
2026.02.16 21:50:00,109666.17,109701.83,109665.82,109695.83,300,80,0
2026.02.16 21:45:00,109681.17,109681.17,109666.22,109666.22,300,80,0
2026.02.16 21:40:00,109696.17,109696.17,109681.22,109681.22,300,80,0
2026.02.16 21:35:00,109711.17,109711.17,109696.22,109696.22,300,80,0
2026.02.16 21:30:00,109726.17,109726.17,109711.22,109711.22,300,80,0
2026.02.16 21:25:00,109704.89,109736.07,109699.84,109726.22,300,80,0
2026.02.16 21:20:00,109719.89,109719.89,109704.94,109704.94,300,80,0
2026.02.16 21:15:00,109734.89,109734.89,109719.94,109719.94,300,80,0
2026.02.16 21:10:00,109749.89,109749.89,109734.94,109734.94,300,80,0
2026.02.16 21:05:00,109764.89,109764.89,109749.94,109749.94,300,80,0
2026.02.16 21:00:00,109747.23,109771.09,109738.48,109764.94,300,80,0
2026.02.16 20:55:00,109762.23,109762.23,109747.28,109747.28,300,80,0
2026.02.16 20:50:00,109777.23,109777.23,109762.28,109762.28,300,80,0
2026.02.16 20:45:00,109792.23,109792.23,109777.28,109777.28,300,80,0
2026.02.16 20:40:00,109807.23,109807.23,109792.28,109792.28,300,80,0
2026.02.16 20:35:00,109790.13,109817.58,109785.53,109807.28,300,80,0
2026.02.16 20:30:00,109805.13,109805.13,109790.18,109790.18,300,80,0
2026.02.16 20:25:00,109787.65,109809.53,109777.10,109805.18,300,80,0
2026.02.16 20:20:00,109802.65,109802.65,109787.70,109787.70,300,80,0
2026.02.16 20:15:00,109789.97,109810.20,109782.57,109802.70,300,80,0
2026.02.16 20:10:00,109804.97,109804.97,109790.02,109790.02,300,80,0
2026.02.16 20:05:00,109776.24,109807.12,109771.44,109805.02,300,80,0
2026.02.16 20:00:00,109791.24,109791.24,109776.29,109776.29,300,80,0
2026.02.16 19:55:00,109806.24,109806.24,109791.29,109791.29,300,80,0
2026.02.16 19:50:00,109821.24,109821.24,109806.29,109806.29,300,80,0
2026.02.16 19:45:00,109778.41,109827.14,109774.46,109821.29,300,80,0
2026.02.16 19:40:00,109759.29,109789.41,109755.34,109778.46,300,80,0
2026.02.16 19:35:00,109774.29,109774.29,109759.34,109759.34,300,80,0
2026.02.16 19:30:00,109789.29,109789.29,109774.34,109774.34,300,80,0
2026.02.16 19:25:00,109804.29,109804.29,109789.34,109789.34,300,80,0
2026.02.16 19:20:00,109819.29,109819.29,109804.34,109804.34,300,80,0
2026.02.16 19:15:00,109834.29,109834.29,109819.34,109819.34,300,80,0
2026.02.16 19:10:00,109813.88,109839.69,109804.33,109834.34,300,80,0
2026.02.16 19:05:00,109828.88,109828.88,109813.93,109813.93,300,80,0
2026.02.16 19:00:00,109818.36,109831.18,109805.71,109828.93,300,80,0
2026.02.16 18:55:00,109833.36,109833.36,109818.41,109818.41,300,80,0
2026.02.16 18:50:00,109848.36,109848.36,109833.41,109833.41,300,80,0
2026.02.16 18:45:00,109863.36,109863.36,109848.41,109848.41,300,80,0
2026.02.16 18:40:00,109878.36,109878.36,109863.41,109863.41,300,80,0
2026.02.16 18:35:00,109893.36,109893.36,109878.41,109878.41,300,80,0
2026.02.16 18:30:00,109908.36,109908.36,109893.41,109893.41,300,80,0
2026.02.16 18:25:00,109923.36,109923.36,109908.41,109908.41,300,80,0
2026.02.16 18:20:00,109938.36,109938.36,109923.41,109923.41,300,80,0
2026.02.16 18:15:00,109953.36,109953.36,109938.41,109938.41,300,80,0
2026.02.16 18:10:00,109933.76,109963.41,109928.86,109953.41,300,80,0
2026.02.16 18:05:00,109948.76,109948.76,109933.81,109933.81,300,80,0
2026.02.16 18:00:00,109930.76,109954.96,109922.01,109948.81,300,80,0
2026.02.16 17:55:00,109945.76,109945.76,109930.81,109930.81,300,80,0
2026.02.16 17:50:00,109960.76,109960.76,109945.81,109945.81,300,80,0
2026.02.16 17:45:00,109975.76,109975.76,109960.81,109960.81,300,80,0
2026.02.16 17:40:00,109990.76,109990.76,109975.81,109975.81,300,80,0
2026.02.16 17:35:00,110005.76,110005.76,109990.81,109990.81,300,80,0
2026.02.16 17:30:00,109997.80,110007.61,109984.70,110005.81,300,80,0
2026.02.16 17:25:00,110012.80,110012.80,109997.85,109997.85,300,80,0
2026.02.16 17:20:00,110010.90,110014.10,109997.25,110012.85,300,80,0
2026.02.16 17:15:00,110025.90,110025.90,110010.95,110010.95,300,80,0
2026.02.16 17:10:00,110018.17,110038.30,110015.62,110025.95,300,80,0
2026.02.16 17:05:00,110017.82,110024.82,110009.52,110018.22,300,80,0
2026.02.16 17:00:00,109998.55,110018.27,109984.05,110017.87,300,80,0
2026.02.16 16:55:00,110013.55,110013.55,109998.60,109998.60,300,80,0
2026.02.16 16:50:00,109984.50,110020.10,109976.10,110013.60,300,80,0
2026.02.16 16:45:00,109954.77,109996.20,109951.52,109984.55,300,80,0
2026.02.16 16:40:00,109969.77,109969.77,109954.82,109954.82,300,80,0
2026.02.16 16:35:00,109968.82,109979.32,109963.42,109969.82,300,80,0
2026.02.16 16:30:00,109983.82,109983.82,109968.87,109968.87,300,80,0
2026.02.16 16:25:00,109935.29,109984.67,109934.84,109983.87,300,80,0
2026.02.16 16:20:00,109926.90,109948.99,109925.65,109935.34,300,80,0
2026.02.16 16:15:00,109921.17,109930.80,109910.12,109926.95,300,80,0
2026.02.16 16:10:00,109906.23,109932.52,109902.63,109921.22,300,80,0
2026.02.16 16:05:00,109921.23,109921.23,109906.28,109906.28,300,80,0
2026.02.16 16:00:00,109910.64,109921.93,109896.39,109921.28,300,80,0
2026.02.16 15:55:00,109887.21,109915.94,109877.56,109910.69,300,80,0
2026.02.16 15:50:00,109902.21,109902.21,109887.26,109887.26,300,80,0
2026.02.16 15:45:00,109887.09,109914.01,109883.94,109902.26,300,80,0
2026.02.16 15:40:00,109902.09,109902.09,109887.14,109887.14,300,80,0
2026.02.16 15:35:00,109892.94,109903.69,109879.59,109902.14,300,80,0
2026.02.16 15:30:00,109892.37,109894.54,109879.02,109892.99,300,80,0
2026.02.16 15:25:00,109907.37,109907.37,109892.42,109892.42,300,80,0
2026.02.16 15:20:00,109903.49,109919.57,109900.74,109907.42,300,80,0
2026.02.16 15:15:00,109918.49,109918.49,109903.54,109903.54,300,80,0
2026.02.16 15:10:00,109933.49,109933.49,109918.54,109918.54,300,80,0
2026.02.16 15:05:00,109948.49,109948.49,109933.54,109933.54,300,80,0
2026.02.16 15:00:00,109947.42,109961.99,109945.97,109948.54,300,80,0
2026.02.16 14:55:00,109930.17,109948.27,109916.07,109947.47,300,80,0
2026.02.16 14:50:00,109945.17,109945.17,109930.22,109930.22,300,80,0
2026.02.16 14:45:00,109926.29,109958.62,109924.79,109945.22,300,80,0
2026.02.16 14:40:00,109908.55,109934.44,109901.75,109926.34,300,80,0
2026.02.16 14:35:00,109923.55,109923.55,109908.60,109908.60,300,80,0
2026.02.16 14:30:00,109911.84,109932.30,109905.64,109923.60,300,80,0
2026.02.16 14:25:00,109926.84,109926.84,109911.89,109911.89,300,80,0
2026.02.16 14:20:00,109941.84,109941.84,109926.89,109926.89,300,80,0
2026.02.16 14:15:00,109956.84,109956.84,109941.89,109941.89,300,80,0
2026.02.16 14:10:00,109971.84,109971.84,109956.89,109956.89,300,80,0
2026.02.16 14:05:00,109986.84,109986.84,109971.89,109971.89,300,80,0
2026.02.16 14:00:00,110001.84,110001.84,109986.89,109986.89,300,80,0
2026.02.16 13:55:00,109979.12,110011.89,109974.22,110001.89,300,80,0
2026.02.16 13:50:00,109966.41,109981.72,109954.06,109979.17,300,80,0
2026.02.16 13:45:00,109981.41,109981.41,109966.46,109966.46,300,80,0
2026.02.16 13:40:00,109996.41,109996.41,109981.46,109981.46,300,80,0
2026.02.16 13:35:00,110011.41,110011.41,109996.46,109996.46,300,80,0
2026.02.16 13:30:00,110026.41,110026.41,110011.46,110011.46,300,80,0
2026.02.16 13:25:00,110041.41,110041.41,110026.46,110026.46,300,80,0
2026.02.16 13:20:00,110056.41,110056.41,110041.46,110041.46,300,80,0
2026.02.16 13:15:00,110071.41,110071.41,110056.46,110056.46,300,80,0
2026.02.16 13:10:00,110070.03,110079.61,110063.28,110071.46,300,80,0
2026.02.16 13:05:00,110085.03,110085.03,110070.08,110070.08,300,80,0
2026.02.16 13:00:00,110100.03,110100.03,110085.08,110085.08,300,80,0
2026.02.16 12:55:00,110093.56,110106.18,110084.76,110100.08,300,80,0
2026.02.16 12:50:00,110092.94,110108.36,110092.79,110093.61,300,80,0
2026.02.16 12:45:00,110107.94,110107.94,110092.99,110092.99,300,80,0
2026.02.16 12:40:00,110122.94,110122.94,110107.99,110107.99,300,80,0
2026.02.16 12:35:00,110137.94,110137.94,110122.99,110122.99,300,80,0
2026.02.16 12:30:00,110080.69,110141.74,110074.69,110137.99,300,80,0
2026.02.16 12:25:00,110095.69,110095.69,110080.74,110080.74,300,80,0
2026.02.16 12:20:00,110110.69,110110.69,110095.74,110095.74,300,80,0
2026.02.16 12:15:00,110125.69,110125.69,110110.74,110110.74,300,80,0
2026.02.16 12:10:00,110140.69,110140.69,110125.74,110125.74,300,80,0
2026.02.16 12:05:00,110155.69,110155.69,110140.74,110140.74,300,80,0
2026.02.16 12:00:00,110149.95,110163.59,110142.90,110155.74,300,80,0
2026.02.16 11:55:00,110164.95,110164.95,110150.00,110150.00,300,80,0
2026.02.16 11:50:00,110179.95,110179.95,110165.00,110165.00,300,80,0
2026.02.16 11:45:00,110194.95,110194.95,110180.00,110180.00,300,80,0
2026.02.16 11:40:00,110209.95,110209.95,110195.00,110195.00,300,80,0
2026.02.16 11:35:00,110188.23,110218.50,110181.83,110210.00,300,80,0
2026.02.16 11:30:00,110181.99,110191.23,110170.04,110188.28,300,80,0
2026.02.16 11:25:00,110196.99,110196.99,110182.04,110182.04,300,80,0
2026.02.16 11:20:00,110170.42,110206.24,110170.27,110197.04,300,80,0
2026.02.16 11:15:00,110185.42,110185.42,110170.47,110170.47,300,80,0
2026.02.16 11:10:00,110200.42,110200.42,110185.47,110185.47,300,80,0
2026.02.16 11:05:00,110173.94,110210.52,110169.09,110200.47,300,80,0
2026.02.16 11:00:00,110188.94,110188.94,110173.99,110173.99,300,80,0
2026.02.16 10:55:00,110166.54,110193.69,110156.34,110188.99,300,80,0
2026.02.16 10:50:00,110141.05,110176.69,110136.25,110166.59,300,80,0
2026.02.16 10:45:00,110156.05,110156.05,110141.10,110141.10,300,80,0
2026.02.16 10:40:00,110171.05,110171.05,110156.10,110156.10,300,80,0
2026.02.16 10:35:00,110144.87,110176.40,110137.42,110171.10,300,80,0
2026.02.16 10:30:00,110159.87,110159.87,110144.92,110144.92,300,80,0
2026.02.16 10:25:00,110126.61,110171.87,110123.66,110159.92,300,80,0
2026.02.16 10:20:00,110141.61,110141.61,110126.66,110126.66,300,80,0
2026.02.16 10:15:00,110128.28,110148.91,110120.63,110141.66,300,80,0
2026.02.16 10:10:00,110143.28,110143.28,110128.33,110128.33,300,80,0
2026.02.16 10:05:00,110158.28,110158.28,110143.33,110143.33,300,80,0
2026.02.16 10:00:00,110173.28,110173.28,110158.33,110158.33,300,80,0
2026.02.16 09:55:00,110188.28,110188.28,110173.33,110173.33,300,80,0
2026.02.16 09:50:00,110203.28,110203.28,110188.33,110188.33,300,80,0
2026.02.16 09:45:00,110218.28,110218.28,110203.33,110203.33,300,80,0
2026.02.16 09:40:00,110233.28,110233.28,110218.33,110218.33,300,80,0
2026.02.16 09:35:00,110227.20,110245.93,110224.90,110233.33,300,80,0
2026.02.16 09:30:00,110242.20,110242.20,110227.25,110227.25,300,80,0
2026.02.16 09:25:00,110257.20,110257.20,110242.25,110242.25,300,80,0
2026.02.16 09:20:00,110272.20,110272.20,110257.25,110257.25,300,80,0
2026.02.16 09:15:00,110287.25,110287.25,110272.25,110272.25,301,80,0
2026.02.16 09:10:00,110246.47,110293.20,110242.92,110287.30,299,80,0
2026.02.16 09:05:00,110214.00,110251.72,110209.95,110246.52,301,80,0
2026.02.16 09:00:00,110186.77,110216.95,110174.82,110214.05,299,80,0
2026.02.16 08:55:00,110201.82,110201.82,110186.82,110186.82,301,80,0
2026.02.16 08:50:00,110127.48,110210.17,110122.23,110201.87,299,80,0
2026.02.16 08:45:00,110113.26,110133.28,110104.06,110127.53,301,80,0
2026.02.16 08:40:00,110093.96,110124.71,110090.51,110113.31,299,80,0
2026.02.16 08:35:00,110109.01,110109.01,110094.01,110094.01,301,80,0
2026.02.16 08:30:00,110123.96,110123.96,110109.06,110109.06,299,80,0
2026.02.16 08:25:00,110139.01,110139.01,110124.01,110124.01,301,80,0
2026.02.16 08:20:00,110124.49,110153.66,110124.24,110139.06,299,80,0
2026.02.16 08:15:00,110139.54,110139.54,110124.54,110124.54,301,80,0
2026.02.16 08:10:00,110131.01,110143.24,110119.76,110139.59,300,80,0
2026.02.16 08:05:00,110146.01,110146.01,110131.06,110131.06,300,80,0
2026.02.16 08:00:00,110161.01,110161.01,110146.06,110146.06,300,80,0
2026.02.16 07:55:00,110176.01,110176.01,110161.06,110161.06,300,80,0
2026.02.16 07:50:00,110167.21,110186.71,110162.96,110176.06,300,80,0
2026.02.16 07:45:00,110182.21,110182.21,110167.26,110167.26,300,80,0
2026.02.16 07:40:00,110197.21,110197.21,110182.26,110182.26,300,80,0
2026.02.16 07:35:00,110158.38,110200.81,110153.98,110197.26,300,80,0
2026.02.16 07:30:00,110157.39,110163.18,110147.24,110158.43,300,80,0
2026.02.16 07:25:00,110078.43,110164.29,110075.53,110157.44,300,80,0
2026.02.16 07:20:00,110093.43,110093.43,110078.48,110078.48,300,80,0
2026.02.16 07:15:00,110108.43,110108.43,110093.48,110093.48,300,80,0
2026.02.16 07:10:00,110123.43,110123.43,110108.48,110108.48,300,80,0
2026.02.16 07:05:00,110138.43,110138.43,110123.48,110123.48,300,80,0
2026.02.16 07:00:00,110153.43,110153.43,110138.48,110138.48,300,80,0
2026.02.16 06:55:00,110168.43,110168.43,110153.48,110153.48,300,80,0
2026.02.16 06:50:00,110183.38,110183.38,110168.48,110168.48,299,80,0
2026.02.16 06:45:00,110198.38,110198.38,110183.43,110183.43,300,80,0
2026.02.16 06:40:00,110213.43,110213.43,110198.43,110198.43,301,80,0
2026.02.16 06:35:00,110228.43,110228.43,110213.48,110213.48,300,80,0
2026.02.16 06:30:00,110214.22,110230.53,110201.37,110228.48,300,80,0
2026.02.16 06:25:00,110229.22,110229.22,110214.27,110214.27,300,80,0
2026.02.16 06:20:00,110244.22,110244.22,110229.27,110229.27,300,80,0
2026.02.16 06:15:00,110229.49,110256.57,110226.89,110244.27,300,80,0
2026.02.16 06:10:00,110224.70,110238.69,110218.95,110229.54,300,80,0
2026.02.16 06:05:00,110239.70,110239.70,110224.75,110224.75,300,80,0
2026.02.16 06:00:00,110228.95,110251.80,110226.10,110239.75,300,80,0
2026.02.16 05:55:00,110243.95,110243.95,110229.00,110229.00,300,80,0
2026.02.16 05:50:00,110258.95,110258.95,110244.00,110244.00,300,80,0
2026.02.16 05:45:00,110273.95,110273.95,110259.00,110259.00,300,80,0
2026.02.16 05:40:00,110288.95,110288.95,110274.00,110274.00,300,80,0
2026.02.16 05:35:00,110303.95,110303.95,110289.00,110289.00,300,80,0
2026.02.16 05:30:00,110291.57,110306.30,110278.97,110304.00,300,80,0
2026.02.16 05:25:00,110306.57,110306.57,110291.62,110291.62,300,80,0
2026.02.16 05:20:00,110253.81,110310.37,110243.21,110306.62,300,80,0
2026.02.16 05:15:00,110268.81,110268.81,110253.86,110253.86,300,80,0
2026.02.16 05:10:00,110245.36,110280.81,110242.41,110268.86,300,80,0
2026.02.16 05:05:00,110260.36,110260.36,110245.41,110245.41,300,80,0
2026.02.16 05:00:00,110234.50,110273.66,110232.85,110260.41,300,80,0
2026.02.16 04:55:00,110218.07,110238.70,110207.32,110234.55,300,80,0
2026.02.16 04:50:00,110147.08,110223.32,110138.08,110218.12,300,80,0
2026.02.16 04:45:00,110143.93,110155.13,110137.03,110147.13,300,80,0
2026.02.16 04:40:00,110158.93,110158.93,110143.98,110143.98,300,80,0
2026.02.16 04:35:00,110173.93,110173.93,110158.98,110158.98,300,80,0
2026.02.16 04:30:00,110188.93,110188.93,110173.98,110173.98,300,80,0
2026.02.16 04:25:00,110203.93,110203.93,110188.98,110188.98,300,80,0
2026.02.16 04:20:00,110181.10,110210.88,110173.10,110203.98,300,80,0
2026.02.16 04:15:00,110196.10,110196.10,110181.15,110181.15,300,80,0
2026.02.16 04:10:00,110211.10,110211.10,110196.15,110196.15,300,80,0
2026.02.16 04:05:00,110226.10,110226.10,110211.15,110211.15,300,80,0
2026.02.16 04:00:00,110241.10,110241.10,110226.15,110226.15,300,80,0
2026.02.16 03:55:00,110256.10,110256.10,110241.15,110241.15,300,80,0
2026.02.16 03:50:00,110271.10,110271.10,110256.15,110256.15,300,80,0
2026.02.16 03:45:00,110254.83,110272.05,110240.83,110271.15,300,80,0
2026.02.16 03:40:00,110237.77,110268.38,110236.37,110254.88,300,80,0
2026.02.16 03:35:00,110224.41,110241.67,110213.36,110237.82,300,80,0
2026.02.16 03:30:00,110208.20,110229.96,110198.80,110224.46,300,80,0
2026.02.16 03:25:00,110223.20,110223.20,110208.25,110208.25,300,80,0
2026.02.16 03:20:00,110214.43,110235.70,110211.98,110223.25,300,80,0
2026.02.16 03:15:00,110196.39,110215.43,110182.44,110214.48,300,80,0
2026.02.16 03:10:00,110139.39,110198.99,110138.39,110196.44,300,80,0
2026.02.16 03:05:00,110154.39,110154.39,110139.44,110139.44,300,80,0
2026.02.16 03:00:00,110169.39,110169.39,110154.44,110154.44,300,80,0
2026.02.16 02:55:00,110184.39,110184.39,110169.44,110169.44,300,80,0
2026.02.16 02:50:00,110199.39,110199.39,110184.44,110184.44,300,80,0
2026.02.16 02:45:00,110186.39,110213.09,110185.14,110199.44,300,80,0
2026.02.16 02:40:00,110173.29,110192.04,110163.99,110186.44,300,80,0
2026.02.16 02:35:00,110188.29,110188.29,110173.34,110173.34,300,80,0
2026.02.16 02:30:00,110176.79,110199.54,110173.09,110188.34,300,80,0
2026.02.16 02:25:00,110154.20,110182.34,110144.80,110176.84,300,80,0
2026.02.16 02:20:00,110169.20,110169.20,110154.25,110154.25,300,80,0
2026.02.16 02:15:00,110184.20,110184.20,110169.25,110169.25,300,80,0
2026.02.16 02:10:00,110183.09,110185.35,110169.29,110184.25,300,80,0
2026.02.16 02:05:00,110198.09,110198.09,110183.14,110183.14,300,80,0
2026.02.16 02:00:00,110195.27,110212.14,110194.37,110198.14,300,80,0
2026.02.16 01:55:00,110210.27,110210.27,110195.32,110195.32,300,80,0
2026.02.16 01:50:00,110225.27,110225.27,110210.32,110210.32,300,80,0
2026.02.16 01:45:00,110178.36,110228.52,110167.51,110225.32,300,80,0
2026.02.16 01:40:00,110193.36,110193.36,110178.41,110178.41,300,80,0
2026.02.16 01:35:00,110208.36,110208.36,110193.41,110193.41,300,80,0
2026.02.16 01:30:00,110159.68,110212.66,110157.78,110208.41,300,80,0
2026.02.16 01:25:00,110144.15,110161.58,110131.10,110159.73,300,80,0
2026.02.16 01:20:00,110139.26,110152.95,110133.11,110144.20,300,80,0
2026.02.16 01:15:00,110122.92,110148.56,110117.27,110139.31,300,80,0
2026.02.16 01:10:00,110108.54,110132.37,110103.04,110122.97,300,80,0
2026.02.16 01:05:00,110123.54,110123.54,110108.59,110108.59,300,80,0
2026.02.16 01:00:00,110104.15,110127.09,110092.75,110123.59,300,80,0
2026.02.16 00:55:00,110071.01,110107.65,110063.91,110104.20,300,80,0
2026.02.16 00:50:00,110022.68,110075.06,110017.78,110071.06,300,80,0
2026.02.16 00:45:00,110037.68,110037.68,110022.73,110022.73,300,80,0
2026.02.16 00:40:00,110052.68,110052.68,110037.73,110037.73,300,80,0
2026.02.16 00:35:00,110067.68,110067.68,110052.73,110052.73,300,80,0
2026.02.16 00:30:00,110082.68,110082.68,110067.73,110067.73,300,80,0
2026.02.16 00:25:00,110097.68,110097.68,110082.73,110082.73,300,80,0
2026.02.16 00:20:00,110112.68,110112.68,110097.73,110097.73,300,80,0
2026.02.16 00:15:00,110110.09,110125.68,110108.14,110112.73,300,80,0
2026.02.16 00:10:00,110125.09,110125.09,110110.14,110110.14,300,80,0
2026.02.16 00:05:00,110113.22,110138.29,110111.47,110125.14,300,80,0
2026.02.16 00:00:00,110015.34,110122.62,110014.89,110113.27,300,80,0
2026.02.15 23:55:00,110030.34,110030.34,110015.39,110015.39,300,80,0
2026.02.15 23:50:00,110012.85,110030.59,109998.15,110030.39,300,80,0
2026.02.15 23:45:00,109996.15,110017.15,109985.50,110012.90,300,80,0
2026.02.15 23:40:00,110011.15,110011.15,109996.20,109996.20,300,80,0
2026.02.15 23:35:00,110026.15,110026.15,110011.20,110011.20,300,80,0
2026.02.15 23:30:00,110024.82,110030.55,110014.27,110026.20,300,80,0
2026.02.15 23:25:00,109977.54,110027.67,109977.14,110024.87,300,80,0
2026.02.15 23:20:00,109992.54,109992.54,109977.59,109977.59,300,80,0
2026.02.15 23:15:00,109973.18,109995.69,109961.38,109992.59,300,80,0
2026.02.15 23:10:00,109988.18,109988.18,109973.23,109973.23,300,80,0
2026.02.15 23:05:00,110003.18,110003.18,109988.23,109988.23,300,80,0
2026.02.15 23:00:00,110018.18,110018.18,110003.23,110003.23,300,80,0
2026.02.15 22:55:00,109997.95,110022.68,109987.50,110018.23,300,80,0
2026.02.15 22:50:00,109993.37,110003.70,109984.17,109998.00,300,80,0
2026.02.15 22:45:00,110008.37,110008.37,109993.42,109993.42,300,80,0
2026.02.15 22:40:00,110004.22,110018.82,109999.72,110008.42,300,80,0
2026.02.15 22:35:00,110019.22,110019.22,110004.27,110004.27,300,80,0
2026.02.15 22:30:00,110034.22,110034.22,110019.27,110019.27,300,80,0
2026.02.15 22:25:00,109997.51,110034.57,109996.21,110034.27,300,80,0
2026.02.15 22:20:00,110012.51,110012.51,109997.56,109997.56,300,80,0
2026.02.15 22:15:00,110027.51,110027.51,110012.56,110012.56,300,80,0
2026.02.15 22:10:00,110026.35,110036.91,110020.80,110027.56,300,80,0
2026.02.15 22:05:00,110012.53,110036.05,110007.28,110026.40,300,80,0
2026.02.15 22:00:00,110027.53,110027.53,110012.58,110012.58,300,80,0
2026.02.15 21:55:00,109989.78,110038.98,109986.28,110027.58,300,80,0
2026.02.15 21:50:00,110004.78,110004.78,109989.83,109989.83,300,80,0
2026.02.15 21:45:00,109998.47,110007.58,109986.32,110004.83,300,80,0
2026.02.15 21:40:00,110013.47,110013.47,109998.52,109998.52,300,80,0
2026.02.15 21:35:00,109993.51,110013.97,109979.06,110013.52,300,80,0
2026.02.15 21:30:00,110008.51,110008.51,109993.56,109993.56,300,80,0
2026.02.15 21:25:00,110023.51,110023.51,110008.56,110008.56,300,80,0
2026.02.15 21:20:00,110003.67,110031.91,109997.12,110023.56,300,80,0
2026.02.15 21:15:00,110018.67,110018.67,110003.72,110003.72,300,80,0
2026.02.15 21:10:00,110033.67,110033.67,110018.72,110018.72,300,80,0
2026.02.15 21:05:00,110048.67,110048.67,110033.72,110033.72,300,80,0
2026.02.15 21:00:00,110063.67,110063.67,110048.72,110048.72,300,80,0
2026.02.15 20:55:00,110047.50,110067.12,110036.00,110063.72,300,80,0
2026.02.15 20:50:00,110040.19,110055.95,110033.69,110047.55,300,80,0
2026.02.15 20:45:00,110016.66,110050.44,110011.96,110040.24,300,80,0
2026.02.15 20:40:00,110005.65,110029.26,110003.30,110016.71,300,80,0
2026.02.15 20:35:00,110020.65,110020.65,110005.70,110005.70,300,80,0
2026.02.15 20:30:00,110035.65,110035.65,110020.70,110020.70,300,80,0
2026.02.15 20:25:00,110021.48,110037.50,110008.38,110035.70,300,80,0
2026.02.15 20:20:00,110014.18,110032.93,110010.68,110021.53,300,80,0
2026.02.15 20:15:00,110029.18,110029.18,110014.23,110014.23,300,80,0
2026.02.15 20:10:00,109953.33,110031.43,109949.68,110029.23,300,80,0
2026.02.15 20:05:00,109916.77,109953.48,109910.27,109953.38,300,80,0
2026.02.15 20:00:00,109890.80,109918.57,109877.65,109916.82,300,80,0
2026.02.15 19:55:00,109868.78,109894.75,109857.78,109890.85,300,80,0
2026.02.15 19:50:00,109883.78,109883.78,109868.83,109868.83,300,80,0
2026.02.15 19:45:00,109898.78,109898.78,109883.83,109883.83,300,80,0
2026.02.15 19:40:00,109864.36,109901.93,109859.76,109898.83,300,80,0
2026.02.15 19:35:00,109879.36,109879.36,109864.41,109864.41,300,80,0
2026.02.15 19:30:00,109894.36,109894.36,109879.41,109879.41,300,80,0
2026.02.15 19:25:00,109880.42,109902.21,109873.32,109894.41,300,80,0
2026.02.15 19:20:00,109829.87,109881.97,109824.57,109880.47,300,80,0
2026.02.15 19:15:00,109844.87,109844.87,109829.92,109829.92,300,80,0
2026.02.15 19:10:00,109859.87,109859.87,109844.92,109844.92,300,80,0
2026.02.15 19:05:00,109874.87,109874.87,109859.92,109859.92,300,80,0
2026.02.15 19:00:00,109889.87,109889.87,109874.92,109874.92,300,80,0
2026.02.15 18:55:00,109887.67,109901.47,109884.32,109889.92,300,80,0
2026.02.15 18:50:00,109902.67,109902.67,109887.72,109887.72,300,80,0
2026.02.15 18:45:00,109865.11,109905.67,109853.16,109902.72,300,80,0
2026.02.15 18:40:00,109880.11,109880.11,109865.16,109865.16,300,80,0
2026.02.15 18:35:00,109828.67,109884.56,109824.72,109880.16,300,80,0
2026.02.15 18:30:00,109810.86,109833.97,109801.21,109828.72,300,80,0
2026.02.15 18:25:00,109810.68,109816.06,109800.93,109810.91,300,80,0
2026.02.15 18:20:00,109825.68,109825.68,109810.73,109810.73,300,80,0
2026.02.15 18:15:00,109824.77,109833.23,109817.37,109825.73,300,80,0
2026.02.15 18:10:00,109816.34,109826.07,109802.69,109824.82,300,80,0
2026.02.15 18:05:00,109800.71,109828.69,109798.11,109816.39,300,80,0
2026.02.15 18:00:00,109815.71,109815.71,109800.76,109800.76,300,80,0
2026.02.15 17:55:00,109785.75,109829.91,109785.00,109815.76,300,80,0
2026.02.15 17:50:00,109800.75,109800.75,109785.80,109785.80,300,80,0
2026.02.15 17:45:00,109815.75,109815.75,109800.80,109800.80,300,80,0
2026.02.15 17:40:00,109830.75,109830.75,109815.80,109815.80,300,80,0
2026.02.15 17:35:00,109845.75,109845.75,109830.80,109830.80,300,80,0
2026.02.15 17:30:00,109860.75,109860.75,109845.80,109845.80,300,80,0
2026.02.15 17:25:00,109875.75,109875.75,109860.80,109860.80,300,80,0
2026.02.15 17:20:00,109849.54,109877.60,109836.44,109875.80,300,80,0
2026.02.15 17:15:00,109864.54,109864.54,109849.59,109849.59,300,80,0
2026.02.15 17:10:00,109859.50,109873.54,109853.55,109864.59,300,80,0
2026.02.15 17:05:00,109829.10,109870.60,109825.25,109859.55,300,80,0
2026.02.15 17:00:00,109844.10,109844.10,109829.15,109829.15,300,80,0
2026.02.15 16:55:00,109859.10,109859.10,109844.15,109844.15,300,80,0
2026.02.15 16:50:00,109874.10,109874.10,109859.15,109859.15,300,80,0
2026.02.15 16:45:00,109856.17,109880.85,109847.97,109874.15,300,80,0
2026.02.15 16:40:00,109871.17,109871.17,109856.22,109856.22,300,80,0
2026.02.15 16:35:00,109886.17,109886.17,109871.22,109871.22,300,80,0
2026.02.15 16:30:00,109901.17,109901.17,109886.22,109886.22,300,80,0
2026.02.15 16:25:00,109876.69,109901.67,109862.24,109901.22,300,80,0
2026.02.15 16:20:00,109831.90,109880.89,109821.90,109876.74,300,80,0
2026.02.15 16:15:00,109788.16,109839.00,109783.16,109831.95,300,80,0
2026.02.15 16:10:00,109803.16,109803.16,109788.21,109788.21,300,80,0
2026.02.15 16:05:00,109761.20,109803.96,109747.55,109803.21,300,80,0
2026.02.15 16:00:00,109776.20,109776.20,109761.25,109761.25,300,80,0
2026.02.15 15:55:00,109751.63,109789.85,109750.33,109776.25,300,80,0
2026.02.15 15:50:00,109766.63,109766.63,109751.68,109751.68,300,80,0
2026.02.15 15:45:00,109781.63,109781.63,109766.68,109766.68,300,80,0
2026.02.15 15:40:00,109775.79,109795.83,109775.04,109781.68,300,80,0
2026.02.15 15:35:00,109790.79,109790.79,109775.84,109775.84,300,80,0
2026.02.15 15:30:00,109784.19,109804.39,109782.84,109790.84,300,80,0
2026.02.15 15:25:00,109783.69,109786.04,109770.59,109784.24,300,80,0
2026.02.15 15:20:00,109761.82,109794.44,109757.62,109783.74,300,80,0
2026.02.15 15:15:00,109776.82,109776.82,109761.87,109761.87,300,80,0
2026.02.15 15:10:00,109791.82,109791.82,109776.87,109776.87,300,80,0
2026.02.15 15:05:00,109806.82,109806.82,109791.87,109791.87,300,80,0
2026.02.15 15:00:00,109767.23,109812.57,109766.23,109806.87,300,80,0
2026.02.15 14:55:00,109744.59,109771.08,109733.49,109767.28,300,80,0
2026.02.15 14:50:00,109759.59,109759.59,109744.64,109744.64,300,80,0
2026.02.15 14:45:00,109774.59,109774.59,109759.64,109759.64,300,80,0
2026.02.15 14:40:00,109751.84,109788.79,109751.09,109774.64,300,80,0
2026.02.15 14:35:00,109766.84,109766.84,109751.89,109751.89,300,80,0
2026.02.15 14:30:00,109781.84,109781.84,109766.89,109766.89,300,80,0
2026.02.15 14:25:00,109773.41,109796.24,109772.86,109781.89,300,80,0
2026.02.15 14:20:00,109788.41,109788.41,109773.46,109773.46,300,80,0
2026.02.15 14:15:00,109759.99,109797.86,109755.64,109788.46,300,80,0
2026.02.15 14:10:00,109774.99,109774.99,109760.04,109760.04,300,80,0
2026.02.15 14:05:00,109763.90,109775.99,109749.95,109775.04,300,80,0
2026.02.15 14:00:00,109700.09,109767.50,109696.69,109763.95,300,80,0
2026.02.15 13:55:00,109715.09,109715.09,109700.14,109700.14,280,80,0
2026.02.15 13:50:00,109730.09,109730.09,109715.14,109715.14,300,80,0
2026.02.15 13:45:00,109745.09,109745.09,109730.14,109730.14,300,80,0
2026.02.15 13:40:00,109760.09,109760.09,109745.14,109745.14,300,80,0
2026.02.15 13:35:00,109775.09,109775.09,109760.14,109760.14,300,80,0
2026.02.15 13:30:00,109742.39,109776.19,109728.54,109775.14,300,80,0
2026.02.15 13:25:00,109757.39,109757.39,109742.44,109742.44,300,80,0
2026.02.15 13:20:00,109772.39,109772.39,109757.44,109757.44,300,80,0
2026.02.15 13:15:00,109751.26,109782.89,109746.81,109772.44,300,80,0
2026.02.15 13:10:00,109766.26,109766.26,109751.31,109751.31,300,80,0
2026.02.15 13:05:00,109761.43,109780.51,109760.73,109766.31,300,80,0
2026.02.15 13:00:00,109776.43,109776.43,109761.48,109761.48,300,80,0
2026.02.15 12:55:00,109791.43,109791.43,109776.48,109776.48,300,80,0
2026.02.15 12:50:00,109806.43,109806.43,109791.48,109791.48,300,80,0
2026.02.15 12:45:00,109793.07,109810.83,109782.52,109806.48,300,80,0
2026.02.15 12:40:00,109763.95,109800.77,109761.40,109793.12,300,80,0
2026.02.15 12:35:00,109778.95,109778.95,109764.00,109764.00,300,80,0
2026.02.15 12:30:00,109776.66,109779.75,109762.51,109779.00,300,80,0
2026.02.15 12:25:00,109791.66,109791.66,109776.71,109776.71,300,80,0
2026.02.15 12:20:00,109806.66,109806.66,109791.71,109791.71,300,80,0
2026.02.15 12:15:00,109821.66,109821.66,109806.71,109806.71,300,80,0
2026.02.15 12:10:00,109836.66,109836.66,109821.71,109821.71,300,80,0
2026.02.15 12:05:00,109830.74,109842.16,109821.29,109836.71,300,80,0
2026.02.15 12:00:00,109845.74,109845.74,109830.79,109830.79,300,80,0
2026.02.15 11:55:00,109838.77,109856.04,109834.12,109845.79,300,80,0
2026.02.15 11:50:00,109826.61,109840.92,109813.81,109838.82,300,80,0
2026.02.15 11:45:00,109841.61,109841.61,109826.66,109826.66,300,80,0
2026.02.15 11:40:00,109839.71,109851.66,109834.81,109841.66,300,80,0
2026.02.15 11:35:00,109854.71,109854.71,109839.76,109839.76,300,80,0
2026.02.15 11:30:00,109831.29,109866.91,109828.54,109854.76,300,80,0
2026.02.15 11:25:00,109846.29,109846.29,109831.34,109831.34,300,80,0
2026.02.15 11:20:00,109823.20,109859.34,109821.30,109846.34,300,80,0
2026.02.15 11:15:00,109838.20,109838.20,109823.25,109823.25,300,80,0
2026.02.15 11:10:00,109788.43,109852.75,109788.03,109838.25,300,80,0
2026.02.15 11:05:00,109803.43,109803.43,109788.48,109788.48,300,80,0
2026.02.15 11:00:00,109775.63,109811.43,109768.68,109803.48,300,80,0
2026.02.15 10:55:00,109790.63,109790.63,109775.68,109775.68,300,80,0
2026.02.15 10:50:00,109805.63,109805.63,109790.68,109790.68,300,80,0
2026.02.15 10:45:00,109757.52,109809.58,109756.12,109805.68,300,80,0
2026.02.15 10:40:00,109704.80,109758.27,109703.60,109757.57,300,80,0
2026.02.15 10:35:00,109696.42,109705.80,109682.47,109704.85,300,80,0
2026.02.15 10:30:00,109682.02,109706.32,109676.97,109696.47,300,80,0
2026.02.15 10:25:00,109669.16,109691.12,109663.31,109682.07,300,80,0
2026.02.15 10:20:00,109640.80,109674.51,109631.20,109669.21,300,80,0
2026.02.15 10:15:00,109655.80,109655.80,109640.85,109640.85,300,80,0
2026.02.15 10:10:00,109632.87,109656.50,109618.62,109655.85,300,80,0
2026.02.15 10:05:00,109616.95,109646.02,109615.15,109632.92,300,80,0
2026.02.15 10:00:00,109600.20,109628.10,109596.40,109617.00,300,80,0
2026.02.15 09:55:00,109579.00,109600.60,109564.45,109600.25,300,80,0
2026.02.15 09:50:00,109577.69,109591.30,109575.04,109579.05,300,80,0
2026.02.15 09:45:00,109540.20,109580.94,109536.75,109577.74,300,80,0
2026.02.15 09:40:00,109555.20,109555.20,109540.25,109540.25,300,80,0
2026.02.15 09:35:00,109529.49,109569.60,109528.94,109555.25,300,80,0
2026.02.15 09:30:00,109544.49,109544.49,109529.54,109529.54,300,80,0
2026.02.15 09:25:00,109559.49,109559.49,109544.54,109544.54,300,80,0
2026.02.15 09:20:00,109574.49,109574.49,109559.54,109559.54,300,80,0
2026.02.15 09:15:00,109589.49,109589.49,109574.54,109574.54,300,80,0
2026.02.15 09:10:00,109564.37,109594.34,109554.27,109589.54,300,80,0
2026.02.15 09:05:00,109579.37,109579.37,109564.42,109564.42,300,80,0
2026.02.15 09:00:00,109594.37,109594.37,109579.42,109579.42,300,80,0
2026.02.15 08:55:00,109609.37,109609.37,109594.42,109594.42,300,80,0
2026.02.15 08:50:00,109585.59,109619.42,109580.69,109609.42,300,80,0
2026.02.15 08:45:00,109580.83,109594.14,109574.43,109585.64,300,80,0
2026.02.15 08:40:00,109595.83,109595.83,109580.88,109580.88,300,80,0
2026.02.15 08:35:00,109610.83,109610.83,109595.88,109595.88,300,80,0
2026.02.15 08:30:00,109601.49,109622.58,109598.29,109610.88,300,80,0
2026.02.15 08:25:00,109616.49,109616.49,109601.54,109601.54,300,80,0
2026.02.15 08:20:00,109577.87,109621.24,109567.67,109616.54,300,80,0
2026.02.15 08:15:00,109543.59,109585.22,109537.19,109577.92,300,80,0
2026.02.15 08:10:00,109558.59,109558.59,109543.64,109543.64,300,80,0
2026.02.15 08:05:00,109573.59,109573.59,109558.64,109558.64,300,80,0
2026.02.15 08:00:00,109588.59,109588.59,109573.64,109573.64,235,80,0
2026.02.15 07:55:00,109603.59,109603.59,109588.64,109588.64,300,80,0
2026.02.15 07:50:00,109580.34,109611.69,109576.89,109603.64,232,80,0
2026.02.15 07:45:00,109569.63,109587.64,109561.98,109580.39,300,80,0
2026.02.15 07:40:00,109566.00,109582.58,109564.00,109569.68,300,80,0
2026.02.15 07:35:00,109533.45,109574.15,109526.65,109566.05,300,80,0
2026.02.15 07:30:00,109548.45,109548.45,109533.50,109533.50,300,80,0
2026.02.15 07:25:00,109526.41,109548.70,109521.91,109548.50,300,80,0
2026.02.15 07:20:00,109504.04,109537.91,109500.59,109526.46,300,80,0
2026.02.15 07:15:00,109502.17,109514.54,109497.72,109504.09,300,80,0
2026.02.15 07:10:00,109455.35,109507.12,109445.65,109502.22,300,80,0
2026.02.15 07:05:00,109470.35,109470.35,109455.40,109455.40,300,80,0
2026.02.15 07:00:00,109485.30,109485.30,109470.40,109470.40,299,80,0
2026.02.15 06:55:00,109485.35,109485.35,109485.35,109485.35,1,80,0
2026.02.15 06:45:00,109475.60,109493.85,109469.20,109485.40,299,80,0
2026.02.15 06:40:00,109464.39,109481.75,109455.59,109475.65,300,80,0
2026.02.15 06:35:00,109479.39,109479.39,109464.44,109464.44,300,80,0
2026.02.15 06:30:00,109494.39,109494.39,109479.44,109479.44,300,80,0
2026.02.15 06:25:00,109509.39,109509.39,109494.44,109494.44,300,80,0
2026.02.15 06:20:00,109524.39,109524.39,109509.44,109509.44,300,80,0
2026.02.15 06:15:00,109415.03,109533.34,109413.18,109524.44,300,80,0
2026.02.15 06:10:00,109388.32,109426.33,109384.67,109415.08,300,80,0
2026.02.15 06:05:00,109375.21,109390.37,109362.31,109388.37,300,80,0
2026.02.15 06:00:00,109358.15,109380.76,109348.75,109375.26,300,80,0
2026.02.15 05:55:00,109373.15,109373.15,109358.20,109358.20,300,80,0
2026.02.15 05:50:00,109388.15,109388.15,109373.20,109373.20,300,80,0
2026.02.15 05:45:00,109403.15,109403.15,109388.20,109388.20,300,80,0
2026.02.15 05:40:00,109418.15,109418.15,109403.20,109403.20,300,80,0
2026.02.15 05:35:00,109433.15,109433.15,109418.20,109418.20,300,80,0
2026.02.15 05:30:00,109448.15,109448.15,109433.20,109433.20,300,80,0
2026.02.15 05:25:00,109463.15,109463.15,109448.20,109448.20,300,80,0
2026.02.15 05:20:00,109441.92,109464.55,109428.37,109463.20,300,80,0
2026.02.15 05:15:00,109456.92,109456.92,109441.97,109441.97,300,80,0
2026.02.15 05:10:00,109471.92,109471.92,109456.97,109456.97,300,80,0
2026.02.15 05:05:00,109486.92,109486.92,109471.97,109471.97,300,80,0
2026.02.15 05:00:00,109501.92,109501.92,109486.97,109486.97,300,80,0
2026.02.15 04:55:00,109516.92,109516.92,109501.97,109501.97,300,80,0
2026.02.15 04:50:00,109531.92,109531.92,109516.97,109516.97,300,80,0
2026.02.15 04:45:00,109546.92,109546.92,109531.97,109531.97,300,80,0
2026.02.15 04:40:00,109561.92,109561.92,109546.97,109546.97,300,80,0
2026.02.15 04:35:00,109576.92,109576.92,109561.97,109561.97,300,80,0
2026.02.15 04:30:00,109591.92,109591.92,109576.97,109576.97,300,80,0
2026.02.15 04:25:00,109606.92,109606.92,109591.97,109591.97,300,80,0
2026.02.15 04:20:00,109599.95,109615.32,109593.40,109606.97,300,80,0
2026.02.15 04:15:00,109614.95,109614.95,109600.00,109600.00,300,80,0
2026.02.15 04:10:00,109629.95,109629.95,109615.00,109615.00,300,80,0
2026.02.15 04:05:00,109644.95,109644.95,109630.00,109630.00,300,80,0
2026.02.15 04:00:00,109659.95,109659.95,109645.00,109645.00,300,80,0
2026.02.15 03:55:00,109674.95,109674.95,109660.00,109660.00,300,80,0
2026.02.15 03:50:00,109640.83,109678.30,109635.33,109675.00,300,80,0
2026.02.15 03:45:00,109655.83,109655.83,109640.88,109640.88,300,80,0
2026.02.15 03:40:00,109640.23,109656.58,109626.03,109655.88,300,80,0
2026.02.15 03:35:00,109655.23,109655.23,109640.28,109640.28,300,80,0
2026.02.15 03:30:00,109648.87,109657.93,109636.62,109655.28,300,80,0
2026.02.15 03:25:00,109625.52,109656.12,109617.82,109648.92,300,80,0
2026.02.15 03:20:00,109640.52,109640.52,109625.57,109625.57,300,80,0
2026.02.15 03:15:00,109567.17,109642.62,109561.92,109640.57,300,80,0
2026.02.15 03:10:00,109545.02,109575.47,109538.37,109567.22,300,80,0
2026.02.15 03:05:00,109517.47,109551.42,109516.57,109545.07,300,80,0
2026.02.15 03:00:00,109442.52,109519.42,109431.42,109517.52,300,80,0
2026.02.15 02:55:00,109413.31,109444.17,109400.01,109442.57,300,80,0
2026.02.15 02:50:00,109412.07,109421.56,109405.37,109413.36,300,80,0
2026.02.15 02:45:00,109427.07,109427.07,109412.12,109412.12,300,80,0
2026.02.15 02:40:00,109442.07,109442.07,109427.12,109427.12,300,80,0
2026.02.15 02:35:00,109457.07,109457.07,109442.12,109442.12,300,80,0
2026.02.15 02:30:00,109405.34,109466.77,109400.09,109457.12,300,80,0
2026.02.15 02:25:00,109420.34,109420.34,109405.39,109405.39,300,80,0
2026.02.15 02:20:00,109386.61,109433.89,109385.16,109420.39,301,80,0
2026.02.15 02:15:00,109401.61,109401.61,109386.66,109386.66,300,80,0
2026.02.15 02:10:00,109416.61,109416.61,109401.66,109401.66,300,80,0
2026.02.15 02:05:00,109394.09,109417.61,109385.14,109416.66,300,80,0
2026.02.15 02:00:00,109409.09,109409.09,109394.14,109394.14,300,80,0
2026.02.15 01:55:00,109424.09,109424.09,109409.14,109409.14,300,80,0
2026.02.15 01:50:00,109439.09,109439.09,109424.14,109424.14,300,80,0
2026.02.15 01:45:00,109454.09,109454.09,109439.14,109439.14,300,80,0
2026.02.15 01:40:00,109469.09,109469.09,109454.14,109454.14,300,80,0
2026.02.15 01:35:00,109484.09,109484.09,109469.14,109469.14,300,80,0
2026.02.15 01:30:00,109467.08,109489.94,109457.98,109484.14,300,80,0
2026.02.15 01:25:00,109482.08,109482.08,109467.13,109467.13,300,80,0
2026.02.15 01:20:00,109463.61,109495.53,109462.11,109482.13,300,80,0
2026.02.15 01:15:00,109446.34,109466.71,109434.49,109463.66,300,80,0
2026.02.15 01:10:00,109461.34,109461.34,109446.39,109446.39,300,80,0
2026.02.15 01:05:00,109476.34,109476.34,109461.39,109461.39,300,80,0
2026.02.15 01:00:00,109491.34,109491.34,109476.39,109476.39,300,80,0
2026.02.15 00:55:00,109506.34,109506.34,109491.39,109491.39,300,80,0
2026.02.15 00:50:00,109521.34,109521.34,109506.39,109506.39,300,80,0
2026.02.15 00:45:00,109536.34,109536.34,109521.39,109521.39,300,80,0
2026.02.15 00:40:00,109532.29,109549.69,109530.69,109536.39,300,80,0
2026.02.15 00:35:00,109547.29,109547.29,109532.34,109532.34,300,80,0
2026.02.15 00:30:00,109539.24,109560.69,109537.69,109547.34,300,80,0
2026.02.15 00:25:00,109554.24,109554.24,109539.29,109539.29,300,80,0
2026.02.15 00:20:00,109569.24,109569.24,109554.29,109554.29,300,80,0
2026.02.15 00:15:00,109490.25,109577.19,109486.60,109569.29,300,80,0
2026.02.15 00:10:00,109505.25,109505.25,109490.30,109490.30,300,80,0
2026.02.15 00:05:00,109520.25,109520.25,109505.30,109505.30,300,80,0
2026.02.15 00:00:00,109495.81,109524.35,109487.36,109520.30,300,80,0
2026.02.14 23:55:00,109510.81,109510.81,109495.86,109495.86,300,80,0
2026.02.14 23:50:00,109497.30,109514.61,109486.15,109510.86,300,80,0
2026.02.14 23:45:00,109512.30,109512.30,109497.35,109497.35,300,80,0
2026.02.14 23:40:00,109527.30,109527.30,109512.35,109512.35,300,80,0
2026.02.14 23:35:00,109542.30,109542.30,109527.35,109527.35,300,80,0
2026.02.14 23:30:00,109557.30,109557.30,109542.35,109542.35,300,80,0
2026.02.14 23:25:00,109572.30,109572.30,109557.35,109557.35,300,80,0
2026.02.14 23:20:00,109536.62,109573.20,109523.47,109572.35,300,80,0
2026.02.14 23:15:00,109551.62,109551.62,109536.67,109536.67,300,80,0
2026.02.14 23:10:00,109566.62,109566.62,109551.67,109551.67,300,80,0
2026.02.14 23:05:00,109581.62,109581.62,109566.67,109566.67,300,80,0
2026.02.14 23:00:00,109572.37,109590.92,109566.72,109581.67,300,80,0
2026.02.14 22:55:00,109587.37,109587.37,109572.42,109572.42,300,80,0
2026.02.14 22:50:00,109581.55,109594.72,109573.95,109587.42,300,80,0
2026.02.14 22:45:00,109596.55,109596.55,109581.60,109581.60,300,80,0
2026.02.14 22:40:00,109551.91,109606.80,109547.56,109596.60,300,80,0
2026.02.14 22:35:00,109566.91,109566.91,109551.96,109551.96,300,80,0
2026.02.14 22:30:00,109581.91,109581.91,109566.96,109566.96,300,80,0
2026.02.14 22:25:00,109596.91,109596.91,109581.96,109581.96,300,80,0
2026.02.14 22:20:00,109571.91,109602.81,109571.06,109596.96,300,80,0
2026.02.14 22:15:00,109586.91,109586.91,109571.96,109571.96,300,80,0
2026.02.14 22:10:00,109601.91,109601.91,109586.96,109586.96,300,80,0
2026.02.14 22:05:00,109592.10,109613.41,109588.65,109601.96,300,80,0
2026.02.14 22:00:00,109607.10,109607.10,109592.15,109592.15,300,80,0
2026.02.14 21:55:00,109622.10,109622.10,109607.15,109607.15,300,80,0
2026.02.14 21:50:00,109637.10,109637.10,109622.15,109622.15,300,80,0
2026.02.14 21:45:00,109652.10,109652.10,109637.15,109637.15,300,80,0
2026.02.14 21:40:00,109646.74,109655.10,109634.79,109652.15,300,80,0
2026.02.14 21:35:00,109632.49,109653.34,109624.14,109646.79,300,80,0
2026.02.14 21:30:00,109647.49,109647.49,109632.54,109632.54,300,80,0
2026.02.14 21:25:00,109662.49,109662.49,109647.54,109647.54,300,80,0
2026.02.14 21:20:00,109620.80,109671.94,109615.30,109662.54,300,80,0
2026.02.14 21:15:00,109607.04,109634.10,109605.39,109620.85,300,80,0
2026.02.14 21:10:00,109622.04,109622.04,109607.09,109607.09,300,80,0
2026.02.14 21:05:00,109637.04,109637.04,109622.09,109622.09,300,80,0
2026.02.14 21:00:00,109621.11,109639.89,109609.01,109637.09,300,80,0
2026.02.14 20:55:00,109636.11,109636.11,109621.16,109621.16,300,80,0
2026.02.14 20:50:00,109623.84,109647.36,109620.14,109636.16,300,80,0
2026.02.14 20:45:00,109619.26,109627.49,109607.96,109623.89,300,80,0
2026.02.14 20:40:00,109600.38,109623.96,109590.13,109619.31,300,80,0
2026.02.14 20:35:00,109615.38,109615.38,109600.43,109600.43,300,80,0
2026.02.14 20:30:00,109630.38,109630.38,109615.43,109615.43,300,80,0
2026.02.14 20:25:00,109645.38,109645.38,109630.43,109630.43,300,80,0
2026.02.14 20:20:00,109610.29,109652.38,109610.19,109645.43,300,80,0
2026.02.14 20:15:00,109554.59,109619.39,109549.04,109610.34,300,80,0
2026.02.14 20:10:00,109569.59,109569.59,109554.64,109554.64,300,80,0
2026.02.14 20:05:00,109584.59,109584.59,109569.64,109569.64,300,80,0
2026.02.14 20:00:00,109540.46,109595.09,109536.01,109584.64,300,80,0
2026.02.14 19:55:00,109482.91,109543.46,109472.81,109540.51,300,80,0
2026.02.14 19:50:00,109468.62,109494.96,109465.72,109482.96,286,80,0
2026.02.14 19:45:00,109457.58,109477.62,109451.63,109468.67,300,80,0
2026.02.14 19:40:00,109423.69,109465.08,109421.64,109457.63,300,80,0
2026.02.14 19:35:00,109378.86,109437.14,109378.66,109423.74,300,80,0
2026.02.14 19:30:00,109369.35,109389.36,109364.90,109378.91,300,80,0
2026.02.14 19:25:00,109384.35,109384.35,109369.40,109369.40,300,80,0
2026.02.14 19:20:00,109375.82,109397.15,109373.67,109384.40,300,80,0
2026.02.14 19:15:00,109374.21,109388.82,109372.26,109375.87,300,80,0
2026.02.14 19:10:00,109303.30,109379.26,109299.65,109374.26,300,80,0
2026.02.14 19:05:00,109281.78,109311.85,109275.38,109303.35,300,80,0
2026.02.14 19:00:00,109296.78,109296.78,109281.83,109281.83,300,80,0
2026.02.14 18:55:00,109292.31,109297.33,109277.91,109296.83,300,80,0
2026.02.14 18:50:00,109292.14,109305.71,109290.59,109292.36,300,80,0
2026.02.14 18:45:00,109307.14,109307.14,109292.19,109292.19,300,80,0
2026.02.14 18:40:00,109322.14,109322.14,109307.19,109307.19,300,80,0
2026.02.14 18:35:00,109310.38,109327.19,109300.48,109322.19,300,80,0
2026.02.14 18:30:00,109244.12,109310.98,109241.07,109310.43,300,80,0
2026.02.14 18:25:00,109259.12,109259.12,109244.17,109244.17,300,80,0
2026.02.14 18:20:00,109274.12,109274.12,109259.17,109259.17,300,80,0
2026.02.14 18:15:00,109289.12,109289.12,109274.17,109274.17,300,80,0
2026.02.14 18:10:00,109304.12,109304.12,109289.17,109289.17,300,80,0
2026.02.14 18:05:00,109302.30,109305.82,109289.05,109304.17,300,80,0
2026.02.14 18:00:00,109317.30,109317.30,109302.35,109302.35,300,80,0
2026.02.14 17:55:00,109332.30,109332.30,109317.35,109317.35,300,80,0
2026.02.14 17:50:00,109276.16,109332.85,109275.16,109332.35,300,80,0
2026.02.14 17:45:00,109269.85,109285.16,109263.90,109276.21,300,80,0
2026.02.14 17:40:00,109284.85,109284.85,109269.90,109269.90,300,80,0
2026.02.14 17:35:00,109257.75,109290.45,109248.40,109284.90,300,80,0
2026.02.14 17:30:00,109272.75,109272.75,109257.80,109257.80,300,80,0
2026.02.14 17:25:00,109246.08,109273.20,109235.73,109272.80,300,80,0
2026.02.14 17:20:00,109229.70,109247.48,109216.15,109246.13,300,80,0
2026.02.14 17:15:00,109244.70,109244.70,109229.75,109229.75,300,80,0
2026.02.14 17:10:00,109199.81,109248.70,109188.86,109244.75,300,80,0
2026.02.14 17:05:00,109214.81,109214.81,109199.86,109199.86,300,80,0
2026.02.14 17:00:00,109229.81,109229.81,109214.86,109214.86,300,80,0
2026.02.14 16:55:00,109244.81,109244.81,109229.86,109229.86,300,80,0
2026.02.14 16:50:00,109259.81,109259.81,109244.86,109244.86,300,80,0
2026.02.14 16:45:00,109274.81,109274.81,109259.86,109259.86,300,80,0
2026.02.14 16:40:00,109234.26,109277.11,109233.86,109274.86,300,80,0
2026.02.14 16:35:00,109152.75,109236.96,109149.80,109234.31,300,80,0
2026.02.14 16:30:00,109142.31,109164.65,109139.26,109152.80,300,80,0
2026.02.14 16:25:00,109120.02,109145.41,109108.17,109142.36,300,80,0
2026.02.14 16:20:00,109104.20,109126.92,109096.15,109120.07,300,80,0
2026.02.14 16:15:00,109086.05,109117.85,109085.55,109104.25,300,80,0
2026.02.14 16:10:00,109073.35,109096.05,109068.40,109086.10,300,80,0
2026.02.14 16:05:00,109047.34,109081.25,109040.29,109073.40,300,80,0
2026.02.14 16:00:00,109062.34,109062.34,109047.39,109047.39,300,80,0
2026.02.14 15:55:00,109077.34,109077.34,109062.39,109062.39,300,80,0
2026.02.14 15:50:00,109092.34,109092.34,109077.39,109077.39,300,80,0
2026.02.14 15:45:00,109107.34,109107.34,109092.39,109092.39,300,80,0
2026.02.14 15:40:00,109070.85,109109.09,109066.65,109107.39,300,80,0
2026.02.14 15:35:00,109085.85,109085.85,109070.90,109070.90,300,80,0
2026.02.14 15:30:00,109100.85,109100.85,109085.90,109085.90,300,80,0
2026.02.14 15:25:00,109115.85,109115.85,109100.90,109100.90,300,80,0
2026.02.14 15:20:00,109079.70,109115.95,109069.70,109115.90,300,80,0
2026.02.14 15:15:00,109094.70,109094.70,109079.75,109079.75,300,80,0
2026.02.14 15:10:00,109109.70,109109.70,109094.75,109094.75,300,80,0
2026.02.14 15:05:00,109124.70,109124.70,109109.75,109109.75,300,80,0
2026.02.14 15:00:00,109139.70,109139.70,109124.75,109124.75,300,80,0
2026.02.14 14:55:00,109154.70,109154.70,109139.75,109139.75,300,80,0
2026.02.14 14:50:00,109143.89,109169.20,109143.44,109154.75,300,80,0
2026.02.14 14:45:00,109084.61,109150.59,109078.21,109143.94,300,80,0
2026.02.14 14:40:00,109047.04,109086.61,109044.24,109084.66,300,80,0
2026.02.14 14:35:00,109062.04,109062.04,109047.09,109047.09,300,80,0
2026.02.14 14:30:00,109077.04,109077.04,109062.09,109062.09,300,80,0
2026.02.14 14:25:00,109070.14,109088.49,109066.64,109077.09,300,80,0
2026.02.14 14:20:00,109085.14,109085.14,109070.19,109070.19,300,80,0
2026.02.14 14:15:00,109066.33,109091.54,109057.78,109085.19,300,80,0
2026.02.14 14:10:00,108970.69,109068.28,108969.54,109066.38,300,80,0
2026.02.14 14:05:00,108985.69,108985.69,108970.74,108970.74,300,80,0
2026.02.14 14:00:00,109000.69,109000.69,108985.74,108985.74,300,80,0
2026.02.14 13:55:00,109015.69,109015.69,109000.74,109000.74,300,80,0
2026.02.14 13:50:00,109005.94,109018.49,108993.79,109015.74,300,80,0
2026.02.14 13:45:00,108999.68,109005.99,108984.78,109005.99,300,80,0
2026.02.14 13:40:00,109014.68,109014.68,108999.73,108999.73,300,80,0
2026.02.14 13:35:00,108973.53,109018.28,108962.18,109014.73,300,80,0
2026.02.14 13:30:00,108961.91,108976.08,108949.51,108973.58,300,80,0
2026.02.14 13:25:00,108952.62,108974.76,108950.52,108961.96,300,80,0
2026.02.14 13:20:00,108950.71,108954.87,108938.01,108952.67,300,80,0
2026.02.14 13:15:00,108965.71,108965.71,108950.76,108950.76,300,80,0
2026.02.14 13:10:00,108945.39,108974.71,108939.44,108965.76,300,80,0
2026.02.14 13:05:00,108960.39,108960.39,108945.44,108945.44,300,80,0
2026.02.14 13:00:00,108975.39,108975.39,108960.44,108960.44,300,80,0
2026.02.14 12:55:00,108990.39,108990.39,108975.44,108975.44,300,80,0
2026.02.14 12:50:00,108979.78,109005.34,108979.78,108990.44,300,80,0
2026.02.14 12:45:00,108962.92,108984.68,108952.87,108979.83,300,80,0
2026.02.14 12:40:00,108899.23,108968.17,108898.38,108962.97,300,80,0
2026.02.14 12:35:00,108878.67,108910.68,108875.17,108899.28,300,80,0
2026.02.14 12:30:00,108893.67,108893.67,108878.72,108878.72,300,80,0
2026.02.14 12:25:00,108869.75,108907.92,108869.05,108893.72,300,80,0
2026.02.14 12:20:00,108849.69,108872.15,108837.14,108869.80,300,80,0
2026.02.14 12:15:00,108831.52,108863.14,108830.02,108849.74,300,80,0
2026.02.14 12:10:00,108846.52,108846.52,108831.57,108831.57,300,80,0
2026.02.14 12:05:00,108808.83,108858.12,108805.48,108846.57,300,80,0
2026.02.14 12:00:00,108823.83,108823.83,108808.88,108808.88,300,80,0
2026.02.14 11:55:00,108838.83,108838.83,108823.88,108823.88,300,80,0
2026.02.14 11:50:00,108733.52,108842.93,108732.47,108838.88,300,80,0
2026.02.14 11:45:00,108748.52,108748.52,108733.57,108733.57,300,80,0
2026.02.14 11:40:00,108763.52,108763.52,108748.57,108748.57,300,80,0
2026.02.14 11:35:00,108778.52,108778.52,108763.57,108763.57,300,80,0
2026.02.14 11:30:00,108793.52,108793.52,108778.57,108778.57,300,80,0
2026.02.14 11:25:00,108808.52,108808.52,108793.57,108793.57,300,80,0
2026.02.14 11:20:00,108823.52,108823.52,108808.57,108808.57,300,80,0
2026.02.14 11:15:00,108802.20,108826.87,108790.60,108823.57,300,80,0
2026.02.14 11:10:00,108817.20,108817.20,108802.25,108802.25,300,80,0
2026.02.14 11:05:00,108794.14,108823.30,108785.29,108817.25,300,80,0
2026.02.14 11:00:00,108809.14,108809.14,108794.19,108794.19,300,80,0
2026.02.14 10:55:00,108824.14,108824.14,108809.19,108809.19,300,80,0
2026.02.14 10:50:00,108822.28,108837.64,108820.83,108824.19,300,80,0
2026.02.14 10:45:00,108802.77,108829.03,108794.57,108822.33,300,80,0
2026.02.14 10:40:00,108817.77,108817.77,108802.82,108802.82,300,80,0
2026.02.14 10:35:00,108832.77,108832.77,108817.82,108817.82,300,80,0
2026.02.14 10:30:00,108847.77,108847.77,108832.82,108832.82,300,80,0
2026.02.14 10:25:00,108823.83,108856.02,108817.13,108847.82,300,80,0
2026.02.14 10:20:00,108838.83,108838.83,108823.88,108823.88,300,80,0
2026.02.14 10:15:00,108853.83,108853.83,108838.88,108838.88,300,80,0
2026.02.14 10:10:00,108868.83,108868.83,108853.88,108853.88,300,80,0
2026.02.14 10:05:00,108883.83,108883.83,108868.88,108868.88,300,80,0
2026.02.14 10:00:00,108898.83,108898.83,108883.88,108883.88,300,80,0
2026.02.14 09:55:00,108913.83,108913.83,108898.88,108898.88,300,80,0
2026.02.14 09:50:00,108928.83,108928.83,108913.88,108913.88,300,80,0
2026.02.14 09:45:00,108943.83,108943.83,108928.88,108928.88,300,80,0
2026.02.14 09:40:00,108907.40,108944.28,108896.45,108943.88,300,80,0
2026.02.14 09:35:00,108861.58,108915.00,108855.13,108907.45,300,80,0
2026.02.14 09:30:00,108876.58,108876.58,108861.63,108861.63,300,80,0
2026.02.14 09:25:00,108891.58,108891.58,108876.63,108876.63,300,80,0
2026.02.14 09:20:00,108906.58,108906.58,108891.63,108891.63,300,80,0
2026.02.14 09:15:00,108896.25,108918.28,108893.00,108906.63,300,80,0
2026.02.14 09:10:00,108911.25,108911.25,108896.30,108896.30,300,80,0
2026.02.14 09:05:00,108849.76,108911.65,108847.81,108911.30,300,80,0
2026.02.14 09:00:00,108864.76,108864.76,108849.81,108849.81,300,80,0
2026.02.14 08:55:00,108797.35,108869.46,108793.50,108864.81,300,80,0
2026.02.14 08:50:00,108779.36,108807.75,108774.81,108797.40,300,80,0
2026.02.14 08:45:00,108794.36,108794.36,108779.41,108779.41,300,80,0
2026.02.14 08:40:00,108809.36,108809.36,108794.41,108794.41,300,80,0
2026.02.14 08:35:00,108824.36,108824.36,108809.41,108809.41,300,80,0
2026.02.14 08:30:00,108784.31,108831.91,108777.06,108824.41,300,80,0
2026.02.14 08:25:00,108772.88,108785.31,108758.93,108784.36,300,80,0
2026.02.14 08:20:00,108760.88,108777.63,108750.68,108772.93,300,80,0
2026.02.14 08:15:00,108755.52,108769.13,108748.82,108760.93,300,80,0
2026.02.14 08:10:00,108770.52,108770.52,108755.57,108755.57,300,80,0
2026.02.14 08:05:00,108785.52,108785.52,108770.57,108770.57,300,80,0
2026.02.14 08:00:00,108800.52,108800.52,108785.57,108785.57,300,80,0
2026.02.14 07:55:00,108797.26,108812.27,108794.06,108800.57,300,80,0
2026.02.14 07:50:00,108812.26,108812.26,108797.31,108797.31,300,80,0
2026.02.14 07:45:00,108800.07,108821.86,108794.72,108812.31,300,80,0
2026.02.14 07:40:00,108815.07,108815.07,108800.12,108800.12,300,80,0
2026.02.14 07:35:00,108830.07,108830.07,108815.12,108815.12,300,80,0
2026.02.14 07:30:00,108826.29,108837.32,108818.59,108830.12,300,80,0
2026.02.14 07:25:00,108811.68,108840.04,108810.48,108826.34,300,80,0
2026.02.14 07:20:00,108801.85,108822.28,108797.50,108811.73,300,80,0
2026.02.14 07:15:00,108771.19,108805.65,108760.04,108801.90,300,80,0
2026.02.14 07:10:00,108786.19,108786.19,108771.24,108771.24,300,80,0
2026.02.14 07:05:00,108801.19,108801.19,108786.24,108786.24,300,80,0
2026.02.14 07:00:00,108816.19,108816.19,108801.24,108801.24,300,80,0
2026.02.14 06:55:00,108803.70,108830.44,108803.00,108816.24,300,80,0
2026.02.14 06:50:00,108818.70,108818.70,108803.75,108803.75,300,80,0
2026.02.14 06:45:00,108811.45,108819.20,108797.00,108818.75,300,80,0
2026.02.14 06:40:00,108787.73,108821.35,108782.68,108811.50,300,80,0
2026.02.14 06:35:00,108802.73,108802.73,108787.78,108787.78,300,80,0
2026.02.14 06:30:00,108817.73,108817.73,108802.78,108802.78,300,80,0
2026.02.14 06:25:00,108832.73,108832.73,108817.78,108817.78,300,80,0
2026.02.14 06:20:00,108825.69,108840.33,108818.34,108832.78,300,80,0
2026.02.14 06:15:00,108840.69,108840.69,108825.74,108825.74,300,80,0
2026.02.14 06:10:00,108855.69,108855.69,108840.74,108840.74,300,80,0
2026.02.14 06:05:00,108870.69,108870.69,108855.74,108855.74,300,80,0
2026.02.14 06:00:00,108885.69,108885.69,108870.74,108870.74,300,80,0
2026.02.14 05:55:00,108900.69,108900.69,108885.74,108885.74,300,80,0
2026.02.14 05:50:00,108888.15,108904.14,108876.65,108900.74,300,80,0
2026.02.14 05:45:00,108903.15,108903.15,108888.20,108888.20,300,80,0
2026.02.14 05:40:00,108918.15,108918.15,108903.20,108903.20,300,80,0
2026.02.14 05:35:00,108933.15,108933.15,108918.20,108918.20,300,80,0
2026.02.14 05:30:00,108902.56,108946.65,108902.21,108933.20,300,80,0
2026.02.14 05:25:00,108901.00,108905.61,108889.10,108902.61,300,80,0
2026.02.14 05:20:00,108916.00,108916.00,108901.05,108901.05,300,80,0
2026.02.14 05:15:00,108931.00,108931.00,108916.05,108916.05,300,80,0
2026.02.14 05:10:00,108946.00,108946.00,108931.05,108931.05,300,80,0
2026.02.14 05:05:00,108961.00,108961.00,108946.05,108946.05,300,80,0
2026.02.14 05:00:00,108959.27,108964.70,108948.02,108961.05,300,80,0
2026.02.14 04:55:00,108974.27,108974.27,108959.32,108959.32,300,80,0
2026.02.14 04:50:00,108989.27,108989.27,108974.32,108974.32,300,80,0
2026.02.14 04:45:00,109004.27,109004.27,108989.32,108989.32,300,80,0
2026.02.14 04:40:00,109019.27,109019.27,109004.32,109004.32,300,80,0
2026.02.14 04:35:00,109034.27,109034.27,109019.32,109019.32,300,80,0
2026.02.14 04:30:00,109049.27,109049.27,109034.32,109034.32,300,80,0
2026.02.14 04:25:00,109064.27,109064.27,109049.32,109049.32,300,80,0
2026.02.14 04:20:00,109079.27,109079.27,109064.32,109064.32,300,80,0
2026.02.14 04:15:00,109094.27,109094.27,109079.32,109079.32,300,80,0
2026.02.14 04:10:00,109109.27,109109.27,109094.32,109094.32,300,80,0
2026.02.14 04:05:00,109124.27,109124.27,109109.32,109109.32,300,80,0
2026.02.14 04:00:00,109139.27,109139.27,109124.32,109124.32,300,80,0
2026.02.14 03:55:00,109130.72,109150.92,109127.42,109139.32,300,80,0
2026.02.14 03:50:00,109145.72,109145.72,109130.77,109130.77,300,80,0
2026.02.14 03:45:00,109130.73,109148.87,109118.93,109145.77,300,80,0
2026.02.14 03:40:00,109113.83,109139.23,109107.38,109130.78,300,80,0
2026.02.14 03:35:00,109074.96,109119.33,109065.51,109113.88,300,80,0
2026.02.14 03:30:00,109089.96,109089.96,109075.01,109075.01,300,80,0
2026.02.14 03:25:00,109104.96,109104.96,109090.01,109090.01,300,80,0
2026.02.14 03:20:00,109086.40,109110.16,109079.60,109105.01,300,80,0
2026.02.14 03:15:00,109101.40,109101.40,109086.45,109086.45,300,80,0
2026.02.14 03:10:00,109082.20,109105.20,109071.05,109101.45,300,80,0
2026.02.14 03:05:00,109078.38,109087.75,109068.98,109082.25,300,80,0
2026.02.14 03:00:00,109093.38,109093.38,109078.43,109078.43,300,80,0
2026.02.14 02:55:00,109108.38,109108.38,109093.43,109093.43,300,80,0
2026.02.14 02:50:00,109101.85,109118.83,109097.35,109108.43,300,80,0
2026.02.14 02:45:00,109116.85,109116.85,109101.90,109101.90,300,80,0
2026.02.14 02:40:00,109131.85,109131.85,109116.90,109116.90,300,80,0
2026.02.14 02:35:00,109146.85,109146.85,109131.90,109131.90,300,80,0
2026.02.14 02:30:00,109161.85,109161.85,109146.90,109146.90,300,80,0
2026.02.14 02:25:00,109176.85,109176.85,109161.90,109161.90,300,80,0
2026.02.14 02:20:00,109160.20,109187.20,109155.60,109176.90,300,80,0
2026.02.14 02:15:00,109175.20,109175.20,109160.25,109160.25,300,80,0
2026.02.14 02:10:00,109190.20,109190.20,109175.25,109175.25,300,80,0
2026.02.14 02:05:00,109171.12,109201.30,109167.27,109190.25,300,80,0
2026.02.14 02:00:00,109114.41,109175.52,109111.66,109171.17,300,80,0
2026.02.14 01:55:00,109129.41,109129.41,109114.46,109114.46,300,80,0
2026.02.14 01:50:00,109112.40,109138.61,109106.65,109129.46,300,80,0
2026.02.14 01:45:00,109070.46,109125.45,109068.56,109112.45,300,80,0
2026.02.14 01:40:00,109085.46,109085.46,109070.51,109070.51,300,80,0
2026.02.14 01:35:00,109100.46,109100.46,109085.51,109085.51,300,80,0
2026.02.14 01:30:00,109115.46,109115.46,109100.51,109100.51,300,80,0
2026.02.14 01:25:00,109130.46,109130.46,109115.51,109115.51,300,80,0
2026.02.14 01:20:00,109116.12,109138.66,109109.37,109130.51,300,80,0
2026.02.14 01:15:00,109096.77,109128.77,109094.47,109116.17,300,80,0
2026.02.14 01:10:00,109111.77,109111.77,109096.82,109096.82,300,80,0
2026.02.14 01:05:00,109126.77,109126.77,109111.82,109111.82,300,80,0
2026.02.14 01:00:00,109141.77,109141.77,109126.82,109126.82,300,80,0
2026.02.14 00:55:00,109156.77,109156.77,109141.82,109141.82,300,80,0
2026.02.14 00:50:00,109171.77,109171.77,109156.82,109156.82,300,80,0
2026.02.14 00:45:00,109167.24,109181.47,109161.99,109171.82,300,80,0
2026.02.14 00:40:00,109182.24,109182.24,109167.29,109167.29,300,80,0
2026.02.14 00:35:00,109175.26,109189.54,109167.61,109182.29,300,80,0
2026.02.14 00:30:00,109190.26,109190.26,109175.31,109175.31,300,80,0
2026.02.14 00:25:00,109205.26,109205.26,109190.31,109190.31,300,80,0
2026.02.14 00:20:00,109192.02,109210.26,109182.07,109205.31,300,80,0
2026.02.14 00:15:00,109207.02,109207.02,109192.07,109192.07,300,80,0
2026.02.14 00:10:00,109159.88,109208.87,109156.58,109207.07,300,80,0
2026.02.14 00:05:00,109089.46,109170.08,109086.81,109159.93,300,80,0
2026.02.14 00:00:00,109104.46,109104.46,109089.51,109089.51,300,80,0
2026.02.13 23:55:00,109119.46,109119.46,109104.51,109104.51,300,80,0
2026.02.13 23:50:00,109113.97,109126.16,109105.72,109119.51,300,80,0
2026.02.13 23:45:00,109128.97,109128.97,109114.02,109114.02,300,80,0
2026.02.13 23:40:00,109143.97,109143.97,109129.02,109129.02,300,80,0
2026.02.13 23:35:00,109158.97,109158.97,109144.02,109144.02,300,80,0
2026.02.13 23:30:00,109173.97,109173.97,109159.02,109159.02,300,80,0
2026.02.13 23:25:00,109188.97,109188.97,109174.02,109174.02,300,80,0
2026.02.13 23:20:00,109203.97,109203.97,109189.02,109189.02,300,80,0
2026.02.13 23:15:00,109180.78,109217.07,109178.93,109204.02,300,80,0
2026.02.13 23:10:00,109195.78,109195.78,109180.83,109180.83,300,80,0
2026.02.13 23:05:00,109173.95,109207.33,109170.55,109195.83,300,80,0
2026.02.13 23:00:00,109148.62,109178.10,109142.57,109174.00,300,80,0
2026.02.13 22:55:00,109138.76,109152.37,109127.56,109148.67,300,80,0
2026.02.13 22:50:00,109076.26,109140.71,109076.21,109138.81,300,80,0
2026.02.13 22:45:00,109050.92,109090.56,109050.27,109076.31,300,80,0
2026.02.13 22:40:00,109007.95,109056.32,108999.55,109050.97,300,80,0
2026.02.13 22:35:00,108984.34,109012.25,108973.69,109008.00,300,80,0
2026.02.13 22:30:00,108977.74,108993.99,108972.44,108984.39,300,80,0
2026.02.13 22:25:00,108992.74,108992.74,108977.79,108977.79,300,80,0
2026.02.13 22:20:00,108958.84,108997.49,108953.49,108992.79,300,80,0
2026.02.13 22:15:00,108911.51,108969.69,108911.51,108958.89,300,80,0
2026.02.13 22:10:00,108862.32,108923.11,108861.72,108911.56,300,80,0
2026.02.13 22:05:00,108877.32,108877.32,108862.37,108862.37,300,80,0
2026.02.13 22:00:00,108855.74,108879.52,108842.99,108877.37,300,80,0
2026.02.13 21:55:00,108852.68,108867.59,108849.58,108855.79,300,80,0
2026.02.13 21:50:00,108833.52,108855.83,108821.72,108852.73,300,80,0
2026.02.13 21:45:00,108820.69,108833.62,108805.84,108833.57,300,80,0
2026.02.13 21:40:00,108815.55,108832.89,108812.80,108820.74,300,80,0
2026.02.13 21:35:00,108805.11,108824.95,108799.56,108815.60,300,80,0
2026.02.13 21:30:00,108757.89,108808.06,108748.59,108805.16,300,80,0
2026.02.13 21:25:00,108772.89,108772.89,108757.94,108757.94,300,80,0
2026.02.13 21:20:00,108740.02,108779.84,108732.02,108772.94,300,80,0
2026.02.13 21:15:00,108755.02,108755.02,108740.07,108740.07,300,80,0
2026.02.13 21:10:00,108770.02,108770.02,108755.07,108755.07,300,80,0
2026.02.13 21:05:00,108721.24,108772.12,108720.09,108770.07,300,80,0
2026.02.13 21:00:00,108736.24,108736.24,108721.29,108721.29,300,80,0
2026.02.13 20:55:00,108699.55,108739.14,108694.50,108736.29,300,80,0
2026.02.13 20:50:00,108714.55,108714.55,108699.60,108699.60,300,80,0
2026.02.13 20:45:00,108703.33,108723.40,108697.23,108714.60,300,80,0
2026.02.13 20:40:00,108718.33,108718.33,108703.38,108703.38,300,80,0
2026.02.13 20:35:00,108705.32,108729.78,108701.82,108718.38,300,80,0
2026.02.13 20:30:00,108643.03,108717.82,108640.83,108705.37,300,80,0
2026.02.13 20:25:00,108658.03,108658.03,108643.08,108643.08,300,80,0
2026.02.13 20:20:00,108673.03,108673.03,108658.08,108658.08,300,80,0
2026.02.13 20:15:00,108666.13,108674.98,108653.13,108673.08,300,80,0
2026.02.13 20:10:00,108662.45,108676.63,108658.00,108666.18,300,80,0
2026.02.13 20:05:00,108655.69,108676.40,108654.69,108662.50,300,80,0
2026.02.13 20:00:00,108670.69,108670.69,108655.74,108655.74,300,80,0
2026.02.13 19:55:00,108664.32,108664.32,108649.37,108649.37,300,80,0
2026.02.13 19:50:00,108623.97,108673.82,108623.82,108664.37,300,80,0
2026.02.13 19:45:00,108600.52,108634.32,108595.92,108624.02,300,80,0
2026.02.13 19:40:00,108615.52,108615.52,108600.57,108600.57,300,80,0
2026.02.13 19:35:00,108630.52,108630.52,108615.57,108615.57,300,80,0
2026.02.13 19:30:00,108645.52,108645.52,108630.57,108630.57,300,80,0
2026.02.13 19:25:00,108660.52,108660.52,108645.57,108645.57,300,80,0
2026.02.13 19:20:00,108675.52,108675.52,108660.57,108660.57,300,80,0
2026.02.13 19:15:00,108690.52,108690.52,108675.57,108675.57,300,80,0
2026.02.13 19:10:00,108705.52,108705.52,108690.57,108690.57,300,80,0
2026.02.13 19:05:00,108692.98,108709.32,108681.83,108705.57,300,80,0
2026.02.13 19:00:00,108707.98,108707.98,108693.03,108693.03,300,80,0
2026.02.13 18:55:00,108722.98,108722.98,108708.03,108708.03,300,80,0
2026.02.13 18:50:00,108737.98,108737.98,108723.03,108723.03,300,80,0
2026.02.13 18:45:00,108752.98,108752.98,108738.03,108738.03,300,80,0
2026.02.13 18:40:00,108767.98,108767.98,108753.03,108753.03,300,80,0
2026.02.13 18:35:00,108764.01,108782.03,108763.11,108768.03,300,80,0
2026.02.13 18:30:00,108760.14,108768.81,108749.99,108764.06,300,80,0
2026.02.13 18:25:00,108775.14,108775.14,108760.19,108760.19,300,80,0
2026.02.13 18:20:00,108746.86,108787.09,108743.86,108775.19,300,80,0
2026.02.13 18:15:00,108669.45,108748.81,108661.75,108746.91,300,80,0
2026.02.13 18:10:00,108669.21,108680.05,108664.86,108669.50,300,80,0
2026.02.13 18:05:00,108632.63,108672.31,108624.88,108669.26,300,80,0
2026.02.13 18:00:00,108647.63,108647.63,108632.68,108632.68,300,80,0
2026.02.13 17:55:00,108662.63,108662.63,108647.68,108647.68,300,80,0
2026.02.13 17:50:00,108677.63,108677.63,108662.68,108662.68,300,80,0
2026.02.13 17:45:00,108662.70,108692.48,108662.60,108677.68,300,80,0
2026.02.13 17:40:00,108642.54,108662.75,108631.24,108662.75,300,80,0
2026.02.13 17:35:00,108657.54,108657.54,108642.59,108642.59,300,80,0
2026.02.13 17:30:00,108644.65,108670.19,108642.35,108657.59,300,80,0
2026.02.13 17:25:00,108659.65,108659.65,108644.70,108644.70,300,80,0
2026.02.13 17:20:00,108674.65,108674.65,108659.70,108659.70,300,80,0
2026.02.13 17:15:00,108689.65,108689.65,108674.70,108674.70,300,80,0
2026.02.13 17:10:00,108673.39,108700.05,108668.84,108689.70,300,80,0
2026.02.13 17:05:00,108688.39,108688.39,108673.44,108673.44,300,80,0
2026.02.13 17:00:00,108703.39,108703.39,108688.44,108688.44,300,80,0
2026.02.13 16:55:00,108694.34,108708.59,108684.59,108703.44,300,80,0
2026.02.13 16:50:00,108683.52,108701.39,108675.62,108694.39,300,80,0
2026.02.13 16:45:00,108698.52,108698.52,108683.57,108683.57,300,80,0
2026.02.13 16:40:00,108685.43,108704.72,108676.68,108698.57,300,80,0
2026.02.13 16:35:00,108700.43,108700.43,108685.48,108685.48,300,80,0
2026.02.13 16:30:00,108715.43,108715.43,108700.48,108700.48,300,80,0
2026.02.13 16:25:00,108730.43,108730.43,108715.48,108715.48,300,80,0
2026.02.13 16:20:00,108745.43,108745.43,108730.48,108730.48,300,80,0
2026.02.13 16:15:00,108760.43,108760.43,108745.48,108745.48,300,80,0
2026.02.13 16:10:00,108775.43,108775.43,108760.48,108760.48,300,80,0
2026.02.13 16:05:00,108790.43,108790.43,108775.48,108775.48,300,80,0
2026.02.13 16:00:00,108805.43,108805.43,108790.48,108790.48,300,80,0
2026.02.13 15:55:00,108784.72,108807.68,108772.02,108805.48,300,80,0
2026.02.13 15:50:00,108749.18,108787.37,108743.13,108784.77,300,80,0
2026.02.13 15:45:00,108764.18,108764.18,108749.23,108749.23,300,80,0
2026.02.13 15:40:00,108779.18,108779.18,108764.23,108764.23,300,80,0
2026.02.13 15:35:00,108759.65,108793.83,108759.35,108779.23,300,80,0
2026.02.13 15:30:00,108774.65,108774.65,108759.70,108759.70,300,80,0
2026.02.13 15:25:00,108789.65,108789.65,108774.70,108774.70,300,80,0
2026.02.13 15:20:00,108804.65,108804.65,108789.70,108789.70,300,80,0
2026.02.13 15:15:00,108819.65,108819.65,108804.70,108804.70,300,80,0
2026.02.13 15:10:00,108789.24,108827.75,108782.39,108819.70,300,80,0
2026.02.13 15:05:00,108736.38,108793.69,108725.98,108789.29,300,80,0
2026.02.13 15:00:00,108751.38,108751.38,108736.43,108736.43,300,80,0
2026.02.13 14:55:00,108766.38,108766.38,108751.43,108751.43,300,80,0
2026.02.13 14:50:00,108757.96,108775.33,108751.96,108766.43,300,80,0
2026.02.13 14:45:00,108772.96,108772.96,108758.01,108758.01,300,80,0
2026.02.13 14:40:00,108744.00,108778.51,108734.60,108773.01,300,80,0
2026.02.13 14:35:00,108726.86,108754.40,108722.31,108744.05,300,80,0
2026.02.13 14:30:00,108741.86,108741.86,108726.91,108726.91,300,80,0
2026.02.13 14:25:00,108756.86,108756.86,108741.91,108741.91,300,80,0
2026.02.13 14:20:00,108739.74,108758.81,108726.74,108756.91,300,80,0
2026.02.13 14:15:00,108700.97,108740.54,108689.57,108739.79,300,80,0
2026.02.13 14:10:00,108686.92,108701.52,108672.52,108701.02,300,80,0
2026.02.13 14:05:00,108701.92,108701.92,108686.97,108686.97,300,80,0
2026.02.13 14:00:00,108716.92,108716.92,108701.97,108701.97,300,80,0
2026.02.13 13:55:00,108731.92,108731.92,108716.97,108716.97,300,80,0
2026.02.13 13:50:00,108746.92,108746.92,108731.97,108731.97,300,80,0
2026.02.13 13:45:00,108761.92,108761.92,108746.97,108746.97,300,80,0
2026.02.13 13:40:00,108776.92,108776.92,108761.97,108761.97,300,80,0
2026.02.13 13:35:00,108791.92,108791.92,108776.97,108776.97,300,80,0
2026.02.13 13:30:00,108776.73,108798.07,108767.93,108791.97,300,80,0
2026.02.13 13:25:00,108791.73,108791.73,108776.78,108776.78,300,80,0
2026.02.13 13:20:00,108806.73,108806.73,108791.78,108791.78,300,80,0
2026.02.13 13:15:00,108785.11,108819.23,108782.66,108806.78,300,80,0
2026.02.13 13:10:00,108781.76,108794.86,108776.56,108785.16,300,80,0
2026.02.13 13:05:00,108796.76,108796.76,108781.81,108781.81,300,80,0
2026.02.13 13:00:00,108811.76,108811.76,108796.81,108796.81,300,80,0
2026.02.13 12:55:00,108802.95,108821.36,108797.60,108811.81,300,80,0
2026.02.13 12:50:00,108817.95,108817.95,108803.00,108803.00,300,80,0
2026.02.13 12:45:00,108832.95,108832.95,108818.00,108818.00,300,80,0
2026.02.13 12:40:00,108824.75,108844.85,108821.70,108833.00,300,80,0
2026.02.13 12:35:00,108839.75,108839.75,108824.80,108824.80,300,80,0
2026.02.13 12:30:00,108823.44,108853.65,108822.39,108839.80,300,80,0
2026.02.13 12:25:00,108818.78,108834.49,108814.88,108823.49,300,80,0
2026.02.13 12:20:00,108833.78,108833.78,108818.83,108818.83,300,80,0
2026.02.13 12:15:00,108848.78,108848.78,108833.83,108833.83,300,80,0
2026.02.13 12:10:00,108828.32,108853.58,108818.17,108848.83,300,80,0
2026.02.13 12:05:00,108843.32,108843.32,108828.37,108828.37,300,80,0
2026.02.13 12:00:00,108814.33,108847.12,108803.18,108843.37,300,80,0
2026.02.13 11:55:00,108829.33,108829.33,108814.38,108814.38,300,80,0
2026.02.13 11:50:00,108819.18,108830.48,108805.38,108829.38,300,80,0
2026.02.13 11:45:00,108834.18,108834.18,108819.23,108819.23,300,80,0
2026.02.13 11:40:00,108849.18,108849.18,108834.23,108834.23,300,80,0
2026.02.13 11:35:00,108839.95,108854.03,108829.85,108849.23,300,80,0
2026.02.13 11:30:00,108854.95,108854.95,108840.00,108840.00,300,80,0
2026.02.13 11:25:00,108869.95,108869.95,108855.00,108855.00,300,80,0
2026.02.13 11:20:00,108884.95,108884.95,108870.00,108870.00,300,80,0
2026.02.13 11:15:00,108899.95,108899.95,108885.00,108885.00,300,80,0
2026.02.13 11:10:00,108863.96,108910.25,108859.31,108900.00,300,80,0
2026.02.13 11:05:00,108839.45,108872.91,108833.45,108864.01,300,80,0
2026.02.13 11:00:00,108854.45,108854.45,108839.50,108839.50,300,80,0
2026.02.13 10:55:00,108845.71,108861.15,108837.46,108854.50,300,80,0
2026.02.13 10:50:00,108860.71,108860.71,108845.76,108845.76,300,80,0
2026.02.13 10:45:00,108815.23,108861.71,108805.53,108860.76,300,80,0
2026.02.13 10:40:00,108755.26,108822.28,108753.86,108815.28,300,80,0
2026.02.13 10:35:00,108770.26,108770.26,108755.31,108755.31,300,80,0
2026.02.13 10:30:00,108769.46,108771.66,108755.91,108770.31,300,80,0
2026.02.13 10:25:00,108729.98,108777.06,108726.23,108769.51,300,80,0
2026.02.13 10:20:00,108744.98,108744.98,108730.03,108730.03,300,80,0
2026.02.13 10:15:00,108759.98,108759.98,108745.03,108745.03,300,80,0
2026.02.13 10:10:00,108754.61,108760.48,108740.16,108760.03,300,80,0
2026.02.13 10:05:00,108769.61,108769.61,108754.66,108754.66,300,80,0
2026.02.13 10:00:00,108750.61,108772.46,108738.51,108769.66,300,80,0
2026.02.13 09:55:00,108765.61,108765.61,108750.66,108750.66,300,80,0
2026.02.13 09:50:00,108780.61,108780.61,108765.66,108765.66,300,80,0
2026.02.13 09:45:00,108735.01,108790.11,108730.16,108780.66,300,80,0
2026.02.13 09:40:00,108750.01,108750.01,108735.06,108735.06,300,80,0
2026.02.13 09:35:00,108737.80,108752.81,108725.65,108750.06,300,80,0
2026.02.13 09:30:00,108752.80,108752.80,108737.85,108737.85,300,80,0
2026.02.13 09:25:00,108767.80,108767.80,108752.85,108752.85,300,80,0
2026.02.13 09:20:00,108782.80,108782.80,108767.85,108767.85,300,80,0
2026.02.13 09:15:00,108797.80,108797.80,108782.85,108782.85,300,80,0
2026.02.13 09:10:00,108812.80,108812.80,108797.85,108797.85,300,80,0
2026.02.13 09:05:00,108827.80,108827.80,108812.85,108812.85,300,80,0
2026.02.13 09:00:00,108842.80,108842.80,108827.85,108827.85,300,80,0
2026.02.13 08:55:00,108833.93,108856.85,108833.03,108842.85,300,80,0
2026.02.13 08:50:00,108848.93,108848.93,108833.98,108833.98,300,80,0
2026.02.13 08:45:00,108863.93,108863.93,108848.98,108848.98,300,80,0
2026.02.13 08:40:00,108878.93,108878.93,108863.98,108863.98,300,80,0
2026.02.13 08:35:00,108878.62,108885.38,108870.12,108878.98,300,80,0
2026.02.13 08:30:00,108893.62,108893.62,108878.67,108878.67,300,80,0
2026.02.13 08:25:00,108908.62,108908.62,108893.67,108893.67,300,80,0
2026.02.13 08:20:00,108923.62,108923.62,108908.67,108908.67,300,80,0
2026.02.13 08:15:00,108916.47,108934.32,108912.22,108923.67,300,80,0
2026.02.13 08:10:00,108931.47,108931.47,108916.52,108916.52,300,80,0
2026.02.13 08:05:00,108946.47,108946.47,108931.52,108931.52,300,80,0
2026.02.13 08:00:00,108941.76,108952.87,108933.21,108946.52,300,80,0
2026.02.13 07:55:00,108956.76,108956.76,108941.81,108941.81,300,80,0
2026.02.13 07:50:00,108919.47,108960.41,108912.32,108956.81,300,80,0
2026.02.13 07:45:00,108934.47,108934.47,108919.52,108919.52,300,80,0
2026.02.13 07:40:00,108949.47,108949.47,108934.52,108934.52,300,80,0
2026.02.13 07:35:00,108964.47,108964.47,108949.52,108949.52,300,80,0
2026.02.13 07:30:00,108956.75,108970.77,108948.10,108964.52,300,80,0
2026.02.13 07:25:00,108944.11,108969.75,108942.16,108956.80,300,80,0
2026.02.13 07:20:00,108959.11,108959.11,108944.16,108944.16,300,80,0
2026.02.13 07:15:00,108974.11,108974.11,108959.16,108959.16,300,80,0
2026.02.13 07:10:00,108989.11,108989.11,108974.16,108974.16,300,80,0
2026.02.13 07:05:00,109004.11,109004.11,108989.16,108989.16,300,80,0
2026.02.13 07:00:00,109019.11,109019.11,109004.16,109004.16,300,80,0
2026.02.13 06:55:00,108998.00,109032.91,108996.85,109019.16,300,80,0
2026.02.13 06:50:00,109013.00,109013.00,108998.05,108998.05,300,80,0
2026.02.13 06:45:00,109028.00,109028.00,109013.05,109013.05,300,80,0
2026.02.13 06:40:00,109043.00,109043.00,109028.05,109028.05,300,80,0
2026.02.13 06:35:00,109058.00,109058.00,109043.05,109043.05,300,80,0
2026.02.13 06:30:00,109073.00,109073.00,109058.05,109058.05,300,80,0
2026.02.13 06:25:00,109057.97,109082.30,109052.32,109073.05,300,80,0
2026.02.13 06:20:00,109072.97,109072.97,109058.02,109058.02,300,80,0
2026.02.13 06:15:00,109087.97,109087.97,109073.02,109073.02,300,80,0
2026.02.13 06:10:00,109102.97,109102.97,109088.02,109088.02,300,80,0
2026.02.13 06:05:00,109117.97,109117.97,109103.02,109103.02,300,80,0
2026.02.13 06:00:00,109093.73,109119.57,109080.38,109118.02,300,80,0
2026.02.13 05:55:00,109108.73,109108.73,109093.78,109093.78,300,80,0
2026.02.13 05:50:00,109096.81,109117.63,109090.76,109108.78,300,80,0
2026.02.13 05:45:00,109111.81,109111.81,109096.86,109096.86,300,80,0
2026.02.13 05:40:00,109065.37,109120.26,109062.02,109111.86,300,80,0
2026.02.13 05:35:00,109080.37,109080.37,109065.42,109065.42,300,80,0
2026.02.13 05:30:00,109069.14,109083.47,109057.29,109080.42,300,80,0
2026.02.13 05:25:00,109084.14,109084.14,109069.19,109069.19,300,80,0
2026.02.13 05:20:00,109041.05,109096.24,109039.05,109084.19,300,80,0
2026.02.13 05:15:00,109020.69,109041.35,109006.04,109041.10,300,80,0
2026.02.13 05:10:00,109035.69,109035.69,109020.74,109020.74,300,80,0
2026.02.13 05:05:00,109050.69,109050.69,109035.74,109035.74,300,80,0
2026.02.13 05:00:00,109033.99,109056.04,109024.39,109050.74,300,80,0
2026.02.13 04:55:00,109033.19,109041.69,109025.94,109034.04,300,80,0
2026.02.13 04:50:00,109048.19,109048.19,109033.24,109033.24,300,80,0
2026.02.13 04:45:00,109032.22,109061.44,109030.52,109048.24,300,80,0
2026.02.13 04:40:00,109001.35,109043.32,108997.50,109032.27,300,80,0
2026.02.13 04:35:00,108992.09,109012.90,108988.69,109001.40,300,80,0
2026.02.13 04:30:00,109007.09,109007.09,108992.14,108992.14,300,80,0
2026.02.13 04:25:00,109022.09,109022.09,109007.14,109007.14,300,80,0
2026.02.13 04:20:00,109037.09,109037.09,109022.14,109022.14,300,80,0
2026.02.13 04:15:00,109052.09,109052.09,109037.14,109037.14,300,80,0
2026.02.13 04:10:00,109067.09,109067.09,109052.14,109052.14,300,80,0
2026.02.13 04:05:00,109032.79,109072.04,109022.79,109067.14,300,80,0
2026.02.13 04:00:00,109047.79,109047.79,109032.84,109032.84,300,80,0
2026.02.13 03:55:00,109021.83,109049.34,109012.88,109047.84,300,80,0
2026.02.13 03:50:00,109036.83,109036.83,109021.88,109021.88,300,80,0
2026.02.13 03:45:00,109051.83,109051.83,109036.88,109036.88,300,80,0
2026.02.13 03:40:00,109041.52,109060.83,109035.57,109051.88,300,80,0
2026.02.13 03:35:00,109056.52,109056.52,109041.57,109041.57,300,80,0
2026.02.13 03:30:00,109071.52,109071.52,109056.57,109056.57,300,80,0
2026.02.13 03:25:00,109086.52,109086.52,109071.57,109071.57,300,80,0
2026.02.13 03:20:00,109063.57,109093.57,109055.67,109086.57,300,80,0
2026.02.13 03:15:00,109078.57,109078.57,109063.62,109063.62,300,80,0
2026.02.13 03:10:00,109060.88,109092.72,109060.08,109078.62,300,80,0
2026.02.13 03:05:00,109075.88,109075.88,109060.93,109060.93,300,80,0
2026.02.13 03:00:00,109036.54,109076.68,109029.49,109075.93,300,80,0
2026.02.13 02:55:00,109051.54,109051.54,109036.59,109036.59,300,80,0
2026.02.13 02:50:00,109066.54,109066.54,109051.59,109051.59,300,80,0
2026.02.13 02:45:00,109035.38,109072.09,109026.93,109066.59,300,80,0
2026.02.13 02:40:00,109050.38,109050.38,109035.43,109035.43,300,80,0
2026.02.13 02:35:00,109031.10,109053.73,109019.50,109050.43,300,80,0
2026.02.13 02:30:00,109046.10,109046.10,109031.15,109031.15,300,80,0
2026.02.13 02:25:00,109061.10,109061.10,109046.15,109046.15,300,80,0
2026.02.13 02:20:00,109076.10,109076.10,109061.15,109061.15,300,80,0
2026.02.13 02:15:00,109091.10,109091.10,109076.15,109076.15,300,80,0
2026.02.13 02:10:00,109106.10,109106.10,109091.15,109091.15,300,80,0
2026.02.13 02:05:00,109121.10,109121.10,109106.15,109106.15,300,80,0
2026.02.13 02:00:00,109136.10,109136.10,109121.15,109121.15,300,80,0
2026.02.13 01:55:00,109151.10,109151.10,109136.15,109136.15,300,80,0
2026.02.13 01:50:00,109121.70,109164.90,109120.55,109151.15,300,80,0
2026.02.13 01:45:00,109136.70,109136.70,109121.75,109121.75,300,80,0
2026.02.13 01:40:00,109151.70,109151.70,109136.75,109136.75,300,80,0
2026.02.13 01:35:00,109166.70,109166.70,109151.75,109151.75,300,80,0
2026.02.13 01:30:00,109138.81,109180.75,109137.91,109166.75,300,80,0
2026.02.13 01:25:00,109153.81,109153.81,109138.86,109138.86,300,80,0
2026.02.13 01:20:00,109168.81,109168.81,109153.86,109153.86,300,80,0
2026.02.13 01:15:00,109183.81,109183.81,109168.86,109168.86,300,80,0
2026.02.13 01:10:00,109198.81,109198.81,109183.86,109183.86,300,80,0
2026.02.13 01:05:00,109213.81,109213.81,109198.86,109198.86,300,80,0
2026.02.13 01:00:00,109228.81,109228.81,109213.86,109213.86,300,80,0
2026.02.13 00:55:00,109224.84,109232.36,109213.44,109228.86,300,80,0
2026.02.13 00:50:00,109239.84,109239.84,109224.89,109224.89,300,80,0
2026.02.13 00:45:00,109222.00,109247.04,109214.25,109239.89,300,80,0
2026.02.13 00:40:00,109197.65,109227.50,109188.20,109222.05,300,80,0
2026.02.13 00:35:00,109212.65,109212.65,109197.70,109197.70,300,80,0
2026.02.13 00:30:00,109227.65,109227.65,109212.70,109212.70,300,80,0
2026.02.13 00:25:00,109242.65,109242.65,109227.70,109227.70,300,80,0
2026.02.13 00:20:00,109222.79,109247.15,109212.34,109242.70,300,80,0
2026.02.13 00:15:00,109237.79,109237.79,109222.84,109222.84,300,80,0
2026.02.13 00:10:00,109252.79,109252.79,109237.84,109237.84,300,80,0
2026.02.13 00:05:00,109267.79,109267.79,109252.84,109252.84,300,80,0
2026.02.13 00:00:00,109282.79,109282.79,109267.84,109267.84,300,80,0
2026.02.12 23:55:00,109297.79,109297.79,109282.84,109282.84,300,80,0
2026.02.12 23:50:00,109312.79,109312.79,109297.84,109297.84,300,80,0
2026.02.12 23:45:00,109282.52,109325.49,109280.27,109312.84,300,80,0
2026.02.12 23:40:00,109297.52,109297.52,109282.57,109282.57,300,80,0
2026.02.12 23:35:00,109312.52,109312.52,109297.57,109297.57,300,80,0
2026.02.12 23:30:00,109327.52,109327.52,109312.57,109312.57,300,80,0
2026.02.12 23:25:00,109316.15,109339.27,109312.95,109327.57,300,80,0
2026.02.12 23:20:00,109331.15,109331.15,109316.20,109316.20,300,80,0
2026.02.12 23:15:00,109346.15,109346.15,109331.20,109331.20,300,80,0
2026.02.12 23:10:00,109304.47,109350.10,109302.62,109346.20,300,80,0
2026.02.12 23:05:00,109319.47,109319.47,109304.52,109304.52,300,80,0
2026.02.12 23:00:00,109334.47,109334.47,109319.52,109319.52,300,80,0
2026.02.12 22:55:00,109349.47,109349.47,109334.52,109334.52,300,80,0
2026.02.12 22:50:00,109345.43,109351.07,109332.08,109349.52,300,80,0
2026.02.12 22:45:00,109342.36,109353.23,109335.21,109345.48,300,80,0
2026.02.12 22:40:00,109357.36,109357.36,109342.41,109342.41,300,80,0
2026.02.12 22:35:00,109372.36,109372.36,109357.41,109357.41,300,80,0
2026.02.12 22:30:00,109387.36,109387.36,109372.41,109372.41,300,80,0
2026.02.12 22:25:00,109384.82,109394.81,109377.32,109387.41,300,80,0
2026.02.12 22:20:00,109399.82,109399.82,109384.87,109384.87,300,80,0
2026.02.12 22:15:00,109317.69,109402.82,109313.44,109399.87,300,80,0
2026.02.12 22:10:00,109296.83,109329.39,109293.58,109317.74,300,80,0
2026.02.12 22:05:00,109311.83,109311.83,109296.88,109296.88,300,80,0
2026.02.12 22:00:00,109326.83,109326.83,109311.88,109311.88,300,80,0
2026.02.12 21:55:00,109300.00,109327.68,109285.90,109326.88,300,80,0
2026.02.12 21:50:00,109315.00,109315.00,109300.05,109300.05,300,80,0
2026.02.12 21:45:00,109298.59,109319.10,109287.74,109315.05,300,80,0
2026.02.12 21:40:00,109283.91,109303.29,109273.66,109298.64,300,80,0
2026.02.12 21:35:00,109298.91,109298.91,109283.96,109283.96,300,80,0
2026.02.12 21:30:00,109313.91,109313.91,109298.96,109298.96,300,80,0
2026.02.12 21:25:00,109265.00,109321.81,109264.30,109313.96,300,80,0
2026.02.12 21:20:00,109280.00,109280.00,109265.05,109265.05,300,80,0
2026.02.12 21:15:00,109270.36,109283.45,109258.86,109280.05,300,80,0
2026.02.12 21:10:00,109285.36,109285.36,109270.41,109270.41,300,80,0
2026.02.12 21:05:00,109300.36,109300.36,109285.41,109285.41,300,80,0
2026.02.12 21:00:00,109315.36,109315.36,109300.41,109300.41,300,80,0
2026.02.12 20:55:00,109330.36,109330.36,109315.41,109315.41,300,80,0
2026.02.12 20:50:00,109345.36,109345.36,109330.41,109330.41,300,80,0
2026.02.12 20:45:00,109360.36,109360.36,109345.41,109345.41,300,80,0
2026.02.12 20:40:00,109375.36,109375.36,109360.41,109360.41,300,80,0
2026.02.12 20:35:00,109390.36,109390.36,109375.41,109375.41,300,80,0
2026.02.12 20:30:00,109368.69,109401.71,109365.09,109390.41,300,80,0
2026.02.12 20:25:00,109383.69,109383.69,109368.74,109368.74,300,80,0
2026.02.12 20:20:00,109367.01,109393.19,109361.56,109383.74,300,80,0
2026.02.12 20:15:00,109361.31,109371.71,109351.06,109367.06,300,80,0
2026.02.12 20:10:00,109336.08,109374.11,109333.93,109361.36,300,80,0
2026.02.12 20:05:00,109351.08,109351.08,109336.13,109336.13,300,80,0
2026.02.12 20:00:00,109366.08,109366.08,109351.13,109351.13,300,80,0
2026.02.12 19:55:00,109381.08,109381.08,109366.13,109366.13,300,80,0
2026.02.12 19:50:00,109358.85,109393.98,109356.80,109381.13,300,80,0
2026.02.12 19:45:00,109373.85,109373.85,109358.90,109358.90,300,80,0
2026.02.12 19:40:00,109388.85,109388.85,109373.90,109373.90,300,80,0
2026.02.12 19:35:00,109403.85,109403.85,109388.90,109388.90,300,80,0
2026.02.12 19:30:00,109418.85,109418.85,109403.90,109403.90,300,80,0
2026.02.12 19:25:00,109433.85,109433.85,109418.90,109418.90,300,80,0
2026.02.12 19:20:00,109419.41,109438.30,109408.91,109433.90,300,80,0
2026.02.12 19:15:00,109397.48,109427.11,109390.23,109419.46,300,80,0
2026.02.12 19:10:00,109368.64,109408.23,109364.44,109397.53,300,80,0
2026.02.12 19:05:00,109339.38,109368.79,109324.58,109368.69,300,80,0
2026.02.12 19:00:00,109339.24,109339.73,109324.64,109339.43,300,80,0
2026.02.12 18:55:00,109354.24,109354.24,109339.29,109339.29,300,80,0
2026.02.12 18:50:00,109369.24,109369.24,109354.29,109354.29,300,80,0
2026.02.12 18:45:00,109384.24,109384.24,109369.29,109369.29,300,80,0
2026.02.12 18:40:00,109355.98,109390.84,109347.63,109384.29,300,80,0
2026.02.12 18:35:00,109331.55,109358.18,109318.80,109356.03,300,80,0
2026.02.12 18:30:00,109346.55,109346.55,109331.60,109331.60,300,80,0
2026.02.12 18:25:00,109328.16,109358.95,109325.61,109346.60,300,80,0
2026.02.12 18:20:00,109279.73,109337.01,109277.83,109328.21,300,80,0
2026.02.12 18:15:00,109242.06,109281.68,109229.06,109279.78,300,80,0
2026.02.12 18:10:00,109202.01,109249.16,109198.06,109242.11,300,80,0
2026.02.12 18:05:00,109166.13,109207.96,109157.13,109202.06,300,80,0
2026.02.12 18:00:00,109181.13,109181.13,109166.18,109166.18,300,80,0
2026.02.12 17:55:00,109196.13,109196.13,109181.18,109181.18,300,80,0
2026.02.12 17:50:00,109157.92,109200.03,109149.17,109196.18,300,80,0
2026.02.12 17:45:00,109172.92,109172.92,109157.97,109157.97,300,80,0
2026.02.12 17:40:00,109187.92,109187.92,109172.97,109172.97,300,80,0
2026.02.12 17:35:00,109165.47,109193.77,109156.37,109187.97,300,80,0
2026.02.12 17:30:00,109180.47,109180.47,109165.52,109165.52,300,80,0
2026.02.12 17:25:00,109195.47,109195.47,109180.52,109180.52,300,80,0
2026.02.12 17:20:00,109171.66,109207.32,109168.56,109195.52,300,80,0
2026.02.12 17:15:00,109157.55,109176.36,109147.30,109171.71,300,80,0
2026.02.12 17:10:00,109172.55,109172.55,109157.60,109157.60,300,80,0
2026.02.12 17:05:00,109187.55,109187.55,109172.60,109172.60,300,80,0
2026.02.12 17:00:00,109140.01,109192.65,109133.81,109187.60,300,80,0
2026.02.12 16:55:00,109130.73,109143.26,109119.03,109140.06,300,80,0
2026.02.12 16:50:00,109145.73,109145.73,109130.78,109130.78,300,80,0
2026.02.12 16:45:00,109160.73,109160.73,109145.78,109145.78,300,80,0
2026.02.12 16:40:00,109175.73,109175.73,109160.78,109160.78,300,80,0
2026.02.12 16:35:00,109150.01,109176.33,109135.66,109175.78,300,80,0
2026.02.12 16:30:00,109122.67,109161.96,109119.67,109150.06,300,80,0
2026.02.12 16:25:00,109137.67,109137.67,109122.72,109122.72,300,80,0
2026.02.12 16:20:00,109077.17,109142.37,109070.62,109137.72,300,80,0
2026.02.12 16:15:00,109092.17,109092.17,109077.22,109077.22,300,80,0
2026.02.12 16:10:00,109107.17,109107.17,109092.22,109092.22,300,80,0
2026.02.12 16:05:00,109122.17,109122.17,109107.22,109107.22,300,80,0
2026.02.12 16:00:00,109137.17,109137.17,109122.22,109122.22,300,80,0
2026.02.12 15:55:00,109152.17,109152.17,109137.22,109137.22,300,80,0
2026.02.12 15:50:00,109167.17,109167.17,109152.22,109152.22,300,80,0
2026.02.12 15:45:00,109182.17,109182.17,109167.22,109167.22,300,80,0
2026.02.12 15:40:00,109197.17,109197.17,109182.22,109182.22,300,80,0
2026.02.12 15:35:00,109212.17,109212.17,109197.22,109197.22,300,80,0
2026.02.12 15:30:00,109227.17,109227.17,109212.22,109212.22,300,80,0
2026.02.12 15:25:00,109214.67,109237.17,109209.72,109227.22,300,80,0
2026.02.12 15:20:00,109229.67,109229.67,109214.72,109214.72,300,80,0
2026.02.12 15:15:00,109224.75,109233.37,109213.50,109229.72,300,80,0
2026.02.12 15:10:00,109239.75,109239.75,109224.80,109224.80,300,80,0
2026.02.12 15:05:00,109254.75,109254.75,109239.80,109239.80,300,80,0
2026.02.12 15:00:00,109254.32,109269.25,109253.87,109254.80,300,80,0
2026.02.12 14:55:00,109227.00,109259.57,109219.45,109254.37,300,80,0
2026.02.12 14:50:00,109242.00,109242.00,109227.05,109227.05,300,80,0
2026.02.12 14:45:00,109160.65,109244.00,109152.55,109242.05,300,80,0
2026.02.12 14:40:00,109175.65,109175.65,109160.70,109160.70,300,80,0
2026.02.12 14:35:00,109190.65,109190.65,109175.70,109175.70,300,80,0
2026.02.12 14:30:00,109169.12,109202.15,109165.67,109190.70,300,80,0
2026.02.12 14:25:00,109184.12,109184.12,109169.17,109169.17,300,80,0
2026.02.12 14:20:00,109199.12,109199.12,109184.17,109184.17,300,80,0
2026.02.12 14:15:00,109214.12,109214.12,109199.17,109199.17,300,80,0
2026.02.12 14:10:00,109229.12,109229.12,109214.17,109214.17,300,80,0
2026.02.12 14:05:00,109207.44,109238.02,109201.39,109229.17,300,80,0
2026.02.12 14:00:00,109142.80,109207.59,109131.60,109207.49,300,80,0
2026.02.12 13:55:00,109118.02,109145.65,109105.92,109142.85,300,80,0
2026.02.12 13:50:00,109133.02,109133.02,109118.07,109118.07,300,80,0
2026.02.12 13:45:00,109148.02,109148.02,109133.07,109133.07,300,80,0
2026.02.12 13:40:00,109163.02,109163.02,109148.07,109148.07,300,80,0
2026.02.12 13:35:00,109129.44,109165.17,109118.14,109163.07,300,80,0
2026.02.12 13:30:00,109089.56,109143.14,109088.31,109129.49,300,80,0
2026.02.12 13:25:00,109088.83,109100.31,109084.63,109089.61,300,80,0
2026.02.12 13:20:00,109103.83,109103.83,109088.88,109088.88,300,80,0
2026.02.12 13:15:00,109090.53,109105.88,109077.63,109103.88,300,80,0
2026.02.12 13:10:00,109105.53,109105.53,109090.58,109090.58,300,80,0
2026.02.12 13:05:00,109023.14,109114.73,109019.29,109105.58,300,80,0
2026.02.12 13:00:00,108988.38,109037.24,108987.53,109023.19,300,80,0
2026.02.12 12:55:00,109003.38,109003.38,108988.43,108988.43,300,80,0
2026.02.12 12:50:00,109018.38,109018.38,109003.43,109003.43,300,80,0
2026.02.12 12:45:00,108991.16,109022.23,108980.06,109018.43,300,80,0
2026.02.12 12:40:00,109006.16,109006.16,108991.21,108991.21,300,80,0
2026.02.12 12:35:00,108998.99,109020.81,108998.69,109006.21,300,80,0
2026.02.12 12:30:00,109013.99,109013.99,108999.04,108999.04,300,80,0
2026.02.12 12:25:00,108992.68,109014.74,108978.48,109014.04,300,80,0
2026.02.12 12:20:00,109007.68,109007.68,108992.73,108992.73,300,80,0
2026.02.12 12:15:00,108998.05,109016.93,108992.35,109007.73,300,80,0
2026.02.12 12:10:00,109013.05,109013.05,108998.10,108998.10,300,80,0
2026.02.12 12:05:00,109028.05,109028.05,109013.10,109013.10,300,80,0
2026.02.12 12:00:00,109043.05,109043.05,109028.10,109028.10,300,80,0
2026.02.12 11:55:00,109058.05,109058.05,109043.10,109043.10,300,80,0
2026.02.12 11:50:00,109030.17,109067.05,109024.22,109058.10,300,80,0
2026.02.12 11:45:00,109045.17,109045.17,109030.22,109030.22,300,80,0
2026.02.12 11:40:00,108988.95,109047.37,108980.10,109045.22,300,80,0
2026.02.12 11:35:00,109003.95,109003.95,108989.00,108989.00,300,80,0
2026.02.12 11:30:00,109018.95,109018.95,109004.00,109004.00,300,80,0
2026.02.12 11:25:00,109010.38,109030.90,109007.38,109019.00,300,80,0
2026.02.12 11:20:00,108997.70,109011.93,108984.30,109010.43,300,80,0
2026.02.12 11:15:00,108947.18,109001.30,108943.23,108997.75,300,80,0
2026.02.12 11:10:00,108962.18,108962.18,108947.23,108947.23,300,80,0
2026.02.12 11:05:00,108977.18,108977.18,108962.23,108962.23,300,80,0
2026.02.12 11:00:00,108974.78,108979.83,108962.48,108977.23,300,80,0
2026.02.12 10:55:00,108989.78,108989.78,108974.83,108974.83,300,80,0
2026.02.12 10:50:00,109004.78,109004.78,108989.83,108989.83,300,80,0
2026.02.12 10:45:00,109019.78,109019.78,109004.83,109004.83,300,80,0
2026.02.12 10:40:00,108958.90,109022.18,108958.70,109019.83,300,80,0
2026.02.12 10:35:00,108955.16,108970.50,108951.81,108958.95,300,80,0
2026.02.12 10:30:00,108970.16,108970.16,108955.21,108955.21,300,80,0
2026.02.12 10:25:00,108949.33,108980.71,108944.93,108970.21,300,80,0
2026.02.12 10:20:00,108964.33,108964.33,108949.38,108949.38,300,80,0
2026.02.12 10:15:00,108979.33,108979.33,108964.38,108964.38,300,80,0
2026.02.12 10:10:00,108994.33,108994.33,108979.38,108979.38,300,80,0
2026.02.12 10:05:00,108984.50,109007.28,108982.50,108994.38,300,80,0
2026.02.12 10:00:00,108999.50,108999.50,108984.55,108984.55,300,80,0
2026.02.12 09:55:00,108977.26,109009.20,108972.01,108999.55,300,80,0
2026.02.12 09:50:00,108970.30,108981.91,108960.00,108977.31,300,80,0
2026.02.12 09:45:00,108946.49,108971.80,108933.04,108970.35,300,80,0
2026.02.12 09:40:00,108890.98,108950.19,108882.38,108946.54,300,80,0
2026.02.12 09:35:00,108856.47,108900.63,108851.17,108891.03,300,80,0
2026.02.12 09:30:00,108825.54,108857.77,108820.49,108856.52,300,80,0
2026.02.12 09:25:00,108823.19,108838.09,108820.79,108825.59,300,80,0
2026.02.12 09:20:00,108838.19,108838.19,108823.24,108823.24,300,80,0
2026.02.12 09:15:00,108833.30,108843.09,108823.25,108838.24,300,80,0
2026.02.12 09:10:00,108848.30,108848.30,108833.35,108833.35,300,80,0
2026.02.12 09:05:00,108863.30,108863.30,108848.35,108848.35,300,80,0
2026.02.12 09:00:00,108837.21,108864.90,108823.86,108863.35,300,80,0
2026.02.12 08:55:00,108852.21,108852.21,108837.26,108837.26,300,80,0
2026.02.12 08:50:00,108867.21,108867.21,108852.26,108852.26,300,80,0
2026.02.12 08:45:00,108882.21,108882.21,108867.26,108867.26,300,80,0
2026.02.12 08:40:00,108897.21,108897.21,108882.26,108882.26,300,80,0
2026.02.12 08:35:00,108912.21,108912.21,108897.26,108897.26,300,80,0
2026.02.12 08:30:00,108904.37,108923.56,108900.77,108912.26,300,80,0
2026.02.12 08:25:00,108919.37,108919.37,108904.42,108904.42,300,80,0
2026.02.12 08:20:00,108900.89,108927.92,108894.49,108919.42,300,80,0
2026.02.12 08:15:00,108915.89,108915.89,108900.94,108900.94,300,80,0
2026.02.12 08:10:00,108930.89,108930.89,108915.94,108915.94,300,80,0
2026.02.12 08:05:00,108921.05,108931.94,108907.15,108930.94,300,80,0
2026.02.12 08:00:00,108936.05,108936.05,108921.10,108921.10,300,80,0
2026.02.12 07:55:00,108951.05,108951.05,108936.10,108936.10,300,80,0
2026.02.12 07:50:00,108966.05,108966.05,108951.10,108951.10,300,80,0
2026.02.12 07:45:00,108981.05,108981.05,108966.10,108966.10,300,80,0
2026.02.12 07:40:00,108996.05,108996.05,108981.10,108981.10,300,80,0
2026.02.12 07:35:00,109011.05,109011.05,108996.10,108996.10,300,80,0
2026.02.12 07:30:00,108995.13,109023.80,108992.93,109011.10,300,80,0
2026.02.12 07:25:00,109010.13,109010.13,108995.18,108995.18,300,80,0
2026.02.12 07:20:00,109025.13,109025.13,109010.18,109010.18,300,80,0
2026.02.12 07:15:00,108954.12,109027.78,108946.12,109025.18,300,80,0
2026.02.12 07:10:00,108969.12,108969.12,108954.17,108954.17,300,80,0
2026.02.12 07:05:00,108984.12,108984.12,108969.17,108969.17,300,80,0
2026.02.12 07:00:00,108999.12,108999.12,108984.17,108984.17,300,80,0
2026.02.12 06:55:00,108993.00,109009.67,108988.60,108999.17,300,80,0
2026.02.12 06:50:00,108964.58,108996.50,108957.23,108993.05,300,80,0
2026.02.12 06:45:00,108979.58,108979.58,108964.63,108964.63,300,80,0
2026.02.12 06:40:00,108977.26,108984.78,108967.51,108979.63,300,80,0
2026.02.12 06:35:00,108992.26,108992.26,108977.31,108977.31,300,80,0
2026.02.12 06:30:00,108981.25,109001.96,108976.00,108992.31,300,80,0
2026.02.12 06:25:00,108996.25,108996.25,108981.30,108981.30,300,80,0
2026.02.12 06:20:00,108974.16,109008.50,108971.46,108996.30,300,80,0
2026.02.12 06:15:00,108973.86,108978.76,108963.51,108974.21,300,80,0
2026.02.12 06:10:00,108988.86,108988.86,108973.91,108973.91,300,80,0
2026.02.12 06:05:00,109003.86,109003.86,108988.91,108988.91,300,80,0
2026.02.12 06:00:00,109018.86,109018.86,109003.91,109003.91,300,80,0
2026.02.12 05:55:00,108990.51,109023.96,108982.71,109018.91,300,80,0
2026.02.12 05:50:00,108986.70,109005.31,108986.55,108990.56,300,80,0
2026.02.12 05:45:00,109001.70,109001.70,108986.75,108986.75,300,80,0
2026.02.12 05:40:00,109016.70,109016.70,109001.75,109001.75,300,80,0
2026.02.12 05:35:00,109031.70,109031.70,109016.75,109016.75,300,80,0
2026.02.12 05:30:00,109046.70,109046.70,109031.75,109031.75,300,80,0
2026.02.12 05:25:00,109042.75,109048.20,109029.30,109046.75,300,80,0
2026.02.12 05:20:00,109057.75,109057.75,109042.80,109042.80,300,80,0
2026.02.12 05:15:00,109038.99,109064.40,109030.69,109057.80,300,80,0
2026.02.12 05:10:00,109034.17,109051.64,109031.87,109039.04,300,80,0
2026.02.12 05:05:00,109049.17,109049.17,109034.22,109034.22,300,80,0
2026.02.12 05:00:00,109013.07,109060.37,109010.02,109049.22,300,80,0
2026.02.12 04:55:00,109013.03,109018.47,109003.48,109013.12,300,80,0
2026.02.12 04:50:00,109028.03,109028.03,109013.08,109013.08,300,80,0
2026.02.12 04:45:00,109013.47,109034.88,109005.37,109028.08,300,80,0
2026.02.12 04:40:00,108984.46,109013.77,108969.81,109013.52,300,80,0
2026.02.12 04:35:00,108954.62,108986.66,108941.87,108984.51,300,80,0
2026.02.12 04:30:00,108942.29,108955.82,108928.54,108954.67,300,80,0
2026.02.12 04:25:00,108957.29,108957.29,108942.34,108942.34,300,80,0
2026.02.12 04:20:00,108972.29,108972.29,108957.34,108957.34,300,80,0
2026.02.12 04:15:00,108880.40,108973.29,108877.60,108972.34,300,80,0
2026.02.12 04:10:00,108895.40,108895.40,108880.45,108880.45,300,80,0
2026.02.12 04:05:00,108910.40,108910.40,108895.45,108895.45,300,80,0
2026.02.12 04:00:00,108925.40,108925.40,108910.45,108910.45,300,80,0
2026.02.12 03:55:00,108940.40,108940.40,108925.45,108925.45,300,80,0
2026.02.12 03:50:00,108955.40,108955.40,108940.45,108940.45,300,80,0
2026.02.12 03:45:00,108951.18,108961.55,108942.38,108955.45,300,80,0
2026.02.12 03:40:00,108855.41,108957.98,108853.71,108951.23,300,80,0
2026.02.12 03:35:00,108870.41,108870.41,108855.46,108855.46,300,80,0
2026.02.12 03:30:00,108885.41,108885.41,108870.46,108870.46,300,80,0
2026.02.12 03:25:00,108900.41,108900.41,108885.46,108885.46,300,80,0
2026.02.12 03:20:00,108915.41,108915.41,108900.46,108900.46,300,80,0
2026.02.12 03:15:00,108848.93,108920.01,108846.03,108915.46,300,80,0
2026.02.12 03:10:00,108830.70,108851.28,108818.10,108848.98,300,80,0
2026.02.12 03:05:00,108803.80,108842.90,108801.05,108830.75,300,80,0
2026.02.12 03:00:00,108775.13,108812.70,108771.43,108803.85,300,80,0
2026.02.12 02:55:00,108790.13,108790.13,108775.18,108775.18,300,80,0
2026.02.12 02:50:00,108787.60,108804.73,108787.25,108790.18,300,80,0
2026.02.12 02:45:00,108757.41,108799.55,108754.61,108787.65,300,80,0
2026.02.12 02:40:00,108772.41,108772.41,108757.46,108757.46,300,80,0
2026.02.12 02:35:00,108787.41,108787.41,108772.46,108772.46,300,80,0
2026.02.12 02:30:00,108802.41,108802.41,108787.46,108787.46,300,80,0
2026.02.12 02:25:00,108817.41,108817.41,108802.46,108802.46,300,80,0
2026.02.12 02:20:00,108832.41,108832.41,108817.46,108817.46,300,80,0
2026.02.12 02:15:00,108847.41,108847.41,108832.46,108832.46,300,80,0
2026.02.12 02:10:00,108862.41,108862.41,108847.46,108847.46,300,80,0
2026.02.12 02:05:00,108877.41,108877.41,108862.46,108862.46,300,80,0
2026.02.12 02:00:00,108873.74,108881.16,108862.54,108877.46,300,80,0
2026.02.12 01:55:00,108865.11,108880.59,108857.01,108873.79,300,80,0
2026.02.12 01:50:00,108861.23,108872.11,108853.28,108865.16,300,80,0
2026.02.12 01:45:00,108860.81,108870.53,108855.16,108861.28,300,80,0
2026.02.12 01:40:00,108840.62,108872.36,108837.22,108860.86,300,80,0
2026.02.12 01:35:00,108835.34,108842.37,108822.14,108840.67,300,80,0
2026.02.12 01:30:00,108850.34,108850.34,108835.39,108835.39,300,80,0
2026.02.12 01:25:00,108865.34,108865.34,108850.39,108850.39,300,80,0
2026.02.12 01:20:00,108834.76,108866.24,108820.71,108865.39,300,80,0
2026.02.12 01:15:00,108849.76,108849.76,108834.81,108834.81,300,80,0
2026.02.12 01:10:00,108864.76,108864.76,108849.81,108849.81,300,80,0
2026.02.12 01:05:00,108837.91,108868.86,108827.31,108864.81,300,80,0
2026.02.12 01:00:00,108791.07,108844.11,108783.47,108837.96,300,80,0
2026.02.12 00:55:00,108783.49,108792.32,108769.79,108791.12,300,80,0
2026.02.12 00:50:00,108798.49,108798.49,108783.54,108783.54,300,80,0
2026.02.12 00:45:00,108813.49,108813.49,108798.54,108798.54,300,80,0
2026.02.12 00:40:00,108828.49,108828.49,108813.54,108813.54,300,80,0
2026.02.12 00:35:00,108820.74,108835.29,108812.59,108828.54,300,80,0
2026.02.12 00:30:00,108786.13,108835.49,108785.93,108820.79,300,80,0
2026.02.12 00:25:00,108757.10,108798.43,108754.45,108786.18,300,80,0
2026.02.12 00:20:00,108638.81,108758.65,108638.26,108757.15,300,80,0
2026.02.12 00:15:00,108653.81,108653.81,108638.86,108638.86,300,80,0
2026.02.12 00:10:00,108668.81,108668.81,108653.86,108653.86,300,80,0
2026.02.12 00:05:00,108683.81,108683.81,108668.86,108668.86,300,80,0
2026.02.12 00:00:00,108646.08,108685.41,108632.73,108683.86,300,80,0
2026.02.11 23:55:00,108628.42,108654.58,108621.97,108646.13,300,80,0
2026.02.11 23:50:00,108569.14,108631.82,108565.74,108628.47,300,80,0
2026.02.11 23:45:00,108584.14,108584.14,108569.19,108569.19,300,80,0
2026.02.11 23:40:00,108582.43,108587.64,108570.98,108584.19,300,80,0
2026.02.11 23:35:00,108553.23,108583.38,108539.28,108582.48,300,80,0
2026.02.11 23:30:00,108568.23,108568.23,108553.28,108553.28,300,80,0
2026.02.11 23:25:00,108583.23,108583.23,108568.28,108568.28,300,80,0
2026.02.11 23:20:00,108598.23,108598.23,108583.28,108583.28,300,80,0
2026.02.11 23:15:00,108613.23,108613.23,108598.28,108598.28,300,80,0
2026.02.11 23:10:00,108628.23,108628.23,108613.28,108613.28,300,80,0
2026.02.11 23:05:00,108567.45,108632.33,108560.45,108628.28,300,80,0
2026.02.11 23:00:00,108582.45,108582.45,108567.50,108567.50,300,80,0
2026.02.11 22:55:00,108597.45,108597.45,108582.50,108582.50,300,80,0
2026.02.11 22:50:00,108612.45,108612.45,108597.50,108597.50,300,80,0
2026.02.11 22:45:00,108627.45,108627.45,108612.50,108612.50,300,80,0
2026.02.11 22:40:00,108539.15,108631.90,108536.80,108627.50,300,80,0
2026.02.11 22:35:00,108554.15,108554.15,108539.20,108539.20,300,80,0
2026.02.11 22:30:00,108569.15,108569.15,108554.20,108554.20,300,80,0
2026.02.11 22:25:00,108584.15,108584.15,108569.20,108569.20,300,80,0
2026.02.11 22:20:00,108599.15,108599.15,108584.20,108584.20,300,80,0
2026.02.11 22:15:00,108614.15,108614.15,108599.20,108599.20,300,80,0
2026.02.11 22:10:00,108558.68,108623.40,108556.43,108614.20,300,80,0
2026.02.11 22:05:00,108573.68,108573.68,108558.73,108558.73,300,80,0
2026.02.11 22:00:00,108588.68,108588.68,108573.73,108573.73,300,80,0
2026.02.11 21:55:00,108603.68,108603.68,108588.73,108588.73,300,80,0
2026.02.11 21:50:00,108535.72,108609.58,108530.32,108603.73,300,80,0
2026.02.11 21:45:00,108550.72,108550.72,108535.77,108535.77,300,80,0
2026.02.11 21:40:00,108455.64,108557.07,108453.54,108550.77,300,80,0
2026.02.11 21:35:00,108433.79,108470.39,108433.59,108455.69,300,80,0
2026.02.11 21:30:00,108448.79,108448.79,108433.84,108433.84,300,80,0
2026.02.11 21:25:00,108445.84,108460.19,108442.29,108448.84,300,80,0
2026.02.11 21:20:00,108460.84,108460.84,108445.89,108445.89,300,80,0
2026.02.11 21:15:00,108431.66,108466.19,108422.06,108460.89,300,80,0
2026.02.11 21:10:00,108397.01,108436.86,108388.56,108431.71,300,80,0
2026.02.11 21:05:00,108385.51,108401.16,108374.71,108397.06,300,80,0
2026.02.11 21:00:00,108400.51,108400.51,108385.56,108385.56,300,80,0
2026.02.11 20:55:00,108393.16,108407.66,108385.36,108400.56,300,80,0
2026.02.11 20:50:00,108408.16,108408.16,108393.21,108393.21,300,80,0
2026.02.11 20:45:00,108423.16,108423.16,108408.21,108408.21,300,80,0
2026.02.11 20:40:00,108419.98,108430.16,108412.03,108423.21,300,80,0
2026.02.11 20:35:00,108434.98,108434.98,108420.03,108420.03,300,80,0
2026.02.11 20:30:00,108432.86,108438.83,108421.76,108435.03,300,80,0
2026.02.11 20:25:00,108447.86,108447.86,108432.91,108432.91,300,80,0
2026.02.11 20:20:00,108428.57,108462.31,108428.07,108447.91,300,80,0
2026.02.11 20:15:00,108443.57,108443.57,108428.62,108428.62,300,80,0
2026.02.11 20:10:00,108435.86,108449.62,108426.96,108443.62,300,80,0
2026.02.11 20:05:00,108395.13,108448.66,108393.93,108435.91,300,80,0
2026.02.11 20:00:00,108410.13,108410.13,108395.18,108395.18,300,80,0
2026.02.11 19:55:00,108405.83,108423.38,108404.13,108410.18,300,80,0
2026.02.11 19:50:00,108420.83,108420.83,108405.88,108405.88,300,80,0
2026.02.11 19:45:00,108410.16,108427.38,108401.76,108420.88,300,80,0
2026.02.11 19:40:00,108406.13,108418.26,108399.28,108410.21,300,80,0
2026.02.11 19:35:00,108284.02,108406.53,108275.22,108406.18,300,80,0
2026.02.11 19:30:00,108299.02,108299.02,108284.07,108284.07,300,80,0
2026.02.11 19:25:00,108246.22,108307.12,108243.12,108299.07,300,80,0
2026.02.11 19:20:00,108235.82,108250.57,108225.22,108246.27,300,80,0
2026.02.11 19:15:00,108250.82,108250.82,108235.87,108235.87,300,80,0
2026.02.11 19:10:00,108239.68,108263.97,108237.88,108250.87,300,80,0
2026.02.11 19:05:00,108204.13,108242.18,108192.18,108239.73,300,80,0
2026.02.11 19:00:00,108219.13,108219.13,108204.18,108204.18,300,80,0
2026.02.11 18:55:00,108234.13,108234.13,108219.18,108219.18,300,80,0
2026.02.11 18:50:00,108249.13,108249.13,108234.18,108234.18,300,80,0
2026.02.11 18:45:00,108244.20,108256.98,108237.10,108249.18,300,80,0
2026.02.11 18:40:00,108259.20,108259.20,108244.25,108244.25,300,80,0
2026.02.11 18:35:00,108274.20,108274.20,108259.25,108259.25,300,80,0
2026.02.11 18:30:00,108289.20,108289.20,108274.25,108274.25,300,80,0
2026.02.11 18:25:00,108304.20,108304.20,108289.25,108289.25,300,80,0
2026.02.11 18:20:00,108319.20,108319.20,108304.25,108304.25,300,80,0
2026.02.11 18:15:00,108334.20,108334.20,108319.25,108319.25,300,80,0
2026.02.11 18:10:00,108349.20,108349.20,108334.25,108334.25,300,80,0
2026.02.11 18:05:00,108364.20,108364.20,108349.25,108349.25,300,80,0
2026.02.11 18:00:00,108379.20,108379.20,108364.25,108364.25,300,80,0
2026.02.11 17:55:00,108372.64,108391.15,108369.64,108379.25,300,80,0
2026.02.11 17:50:00,108347.55,108379.04,108345.05,108372.69,300,80,0
2026.02.11 17:45:00,108362.55,108362.55,108347.60,108347.60,300,80,0
2026.02.11 17:40:00,108377.55,108377.55,108362.60,108362.60,300,80,0
2026.02.11 17:35:00,108348.07,108385.05,108340.62,108377.60,300,80,0
2026.02.11 17:30:00,108363.07,108363.07,108348.12,108348.12,300,80,0
2026.02.11 17:25:00,108325.36,108369.42,108319.66,108363.12,300,80,0
2026.02.11 17:20:00,108309.41,108334.81,108303.91,108325.41,300,80,0
2026.02.11 17:15:00,108324.41,108324.41,108309.46,108309.46,300,80,0
2026.02.11 17:10:00,108339.41,108339.41,108324.46,108324.46,300,80,0
2026.02.11 17:05:00,108354.41,108354.41,108339.46,108339.46,300,80,0
2026.02.11 17:00:00,108351.95,108358.06,108340.65,108354.46,300,80,0
2026.02.11 16:55:00,108321.26,108365.70,108320.06,108352.00,300,80,0
2026.02.11 16:50:00,108336.26,108336.26,108321.31,108321.31,300,80,0
2026.02.11 16:45:00,108317.98,108341.31,108308.08,108336.31,300,80,0
2026.02.11 16:40:00,108282.38,108320.38,108274.63,108318.03,300,80,0
2026.02.11 16:35:00,108297.38,108297.38,108282.43,108282.43,300,80,0
2026.02.11 16:30:00,108312.38,108312.38,108297.43,108297.43,300,80,0
2026.02.11 16:25:00,108308.59,108317.13,108298.39,108312.43,300,80,0
2026.02.11 16:20:00,108306.51,108310.74,108293.71,108308.64,300,80,0
2026.02.11 16:15:00,108321.51,108321.51,108306.56,108306.56,300,80,0
2026.02.11 16:10:00,108336.51,108336.51,108321.56,108321.56,300,80,0
2026.02.11 16:05:00,108351.51,108351.51,108336.56,108336.56,300,80,0
2026.02.11 16:00:00,108328.29,108362.01,108327.99,108351.56,300,80,0
2026.02.11 15:55:00,108343.29,108343.29,108328.34,108328.34,300,80,0
2026.02.11 15:50:00,108358.29,108358.29,108343.34,108343.34,300,80,0
2026.02.11 15:45:00,108373.29,108373.29,108358.34,108358.34,300,80,0
2026.02.11 15:40:00,108388.29,108388.29,108373.34,108373.34,300,80,0
2026.02.11 15:35:00,108326.92,108398.14,108326.42,108388.34,300,80,0
2026.02.11 15:30:00,108321.65,108328.42,108308.20,108326.97,300,80,0
2026.02.11 15:25:00,108336.65,108336.65,108321.70,108321.70,300,80,0
2026.02.11 15:20:00,108296.13,108345.40,108289.93,108336.70,300,80,0
2026.02.11 15:15:00,108311.13,108311.13,108296.18,108296.18,300,80,0
2026.02.11 15:10:00,108326.13,108326.13,108311.18,108311.18,300,80,0
2026.02.11 15:05:00,108341.13,108341.13,108326.18,108326.18,300,80,0
2026.02.11 15:00:00,108356.13,108356.13,108341.18,108341.18,300,80,0
2026.02.11 14:55:00,108371.13,108371.13,108356.18,108356.18,300,80,0
2026.02.11 14:50:00,108386.13,108386.13,108371.18,108371.18,300,80,0
2026.02.11 14:45:00,108384.10,108396.83,108379.85,108386.18,300,80,0
2026.02.11 14:40:00,108399.10,108399.10,108384.15,108384.15,300,80,0
2026.02.11 14:35:00,108414.10,108414.10,108399.15,108399.15,300,80,0
2026.02.11 14:30:00,108373.47,108421.65,108366.07,108414.15,300,80,0
2026.02.11 14:25:00,108388.47,108388.47,108373.52,108373.52,300,80,0
2026.02.11 14:20:00,108378.83,108388.52,108363.93,108388.52,300,80,0
2026.02.11 14:15:00,108393.83,108393.83,108378.88,108378.88,300,80,0
2026.02.11 14:10:00,108408.83,108408.83,108393.88,108393.88,300,80,0
2026.02.11 14:05:00,108423.83,108423.83,108408.88,108408.88,300,80,0
2026.02.11 14:00:00,108438.83,108438.83,108423.88,108423.88,300,80,0
2026.02.11 13:55:00,108453.83,108453.83,108438.88,108438.88,300,80,0
2026.02.11 13:50:00,108468.83,108468.83,108453.88,108453.88,300,80,0
2026.02.11 13:45:00,108483.83,108483.83,108468.88,108468.88,300,80,0
2026.02.11 13:40:00,108498.83,108498.83,108483.88,108483.88,300,80,0
2026.02.11 13:35:00,108490.20,108499.63,108476.05,108498.88,300,80,0
2026.02.11 13:30:00,108475.60,108497.50,108467.95,108490.25,300,80,0
2026.02.11 13:25:00,108490.60,108490.60,108475.65,108475.65,300,80,0
2026.02.11 13:20:00,108505.60,108505.60,108490.65,108490.65,300,80,0
2026.02.11 13:15:00,108520.60,108520.60,108505.65,108505.65,300,80,0
2026.02.11 13:10:00,108448.07,108520.75,108441.77,108520.65,300,80,0
2026.02.11 13:05:00,108408.91,108457.27,108403.26,108448.12,300,80,0
2026.02.11 13:00:00,108378.54,108411.21,108371.94,108408.96,300,80,0
2026.02.11 12:55:00,108281.34,108385.04,108278.69,108378.59,300,80,0
2026.02.11 12:50:00,108272.04,108282.04,108257.79,108281.39,300,80,0
2026.02.11 12:45:00,108287.04,108287.04,108272.09,108272.09,300,80,0
2026.02.11 12:40:00,108302.04,108302.04,108287.09,108287.09,300,80,0
2026.02.11 12:35:00,108317.04,108317.04,108302.09,108302.09,300,80,0
2026.02.11 12:30:00,108332.04,108332.04,108317.09,108317.09,300,80,0
2026.02.11 12:25:00,108347.04,108347.04,108332.09,108332.09,300,80,0
2026.02.11 12:20:00,108334.30,108355.64,108327.95,108347.09,300,80,0
2026.02.11 12:15:00,108349.30,108349.30,108334.35,108334.35,300,80,0
2026.02.11 12:10:00,108329.17,108350.95,108315.87,108349.35,300,80,0
2026.02.11 12:05:00,108305.10,108339.57,108300.55,108329.22,300,80,0
2026.02.11 12:00:00,108320.10,108320.10,108305.15,108305.15,300,80,0
2026.02.11 11:55:00,108335.10,108335.10,108320.15,108320.15,300,80,0
2026.02.11 11:50:00,108309.43,108338.40,108297.78,108335.15,300,80,0
2026.02.11 11:45:00,108324.43,108324.43,108309.48,108309.48,300,80,0
2026.02.11 11:40:00,108339.43,108339.43,108324.48,108324.48,300,80,0
2026.02.11 11:35:00,108354.43,108354.43,108339.48,108339.48,300,80,0
2026.02.11 11:30:00,108369.43,108369.43,108354.48,108354.48,300,80,0
2026.02.11 11:25:00,108384.43,108384.43,108369.48,108369.48,300,80,0
2026.02.11 11:20:00,108373.89,108391.23,108365.74,108384.48,300,80,0
2026.02.11 11:15:00,108360.40,108381.69,108353.25,108373.94,300,80,0
2026.02.11 11:10:00,108339.00,108364.80,108328.45,108360.45,300,80,0
2026.02.11 11:05:00,108297.06,108340.20,108284.36,108339.05,300,80,0
2026.02.11 11:00:00,108268.39,108300.86,108257.24,108297.11,300,80,0
2026.02.11 10:55:00,108283.39,108283.39,108268.44,108268.44,300,80,0
2026.02.11 10:50:00,108260.31,108293.84,108255.81,108283.44,300,80,0
2026.02.11 10:45:00,108275.31,108275.31,108260.36,108260.36,300,80,0
2026.02.11 10:40:00,108221.14,108278.21,108211.84,108275.36,300,80,0
2026.02.11 10:35:00,108215.18,108233.54,108212.63,108221.19,300,80,0
2026.02.11 10:30:00,108230.18,108230.18,108215.23,108215.23,300,80,0
2026.02.11 10:25:00,108245.18,108245.18,108230.23,108230.23,300,80,0
2026.02.11 10:20:00,108260.18,108260.18,108245.23,108245.23,300,80,0
2026.02.11 10:15:00,108215.03,108274.13,108214.03,108260.23,300,80,0
2026.02.11 10:10:00,108230.03,108230.03,108215.08,108215.08,300,80,0
2026.02.11 10:05:00,108245.03,108245.03,108230.08,108230.08,300,80,0
2026.02.11 10:00:00,108260.03,108260.03,108245.08,108245.08,300,80,0
2026.02.11 09:55:00,108275.03,108275.03,108260.08,108260.08,300,80,0
2026.02.11 09:50:00,108290.03,108290.03,108275.08,108275.08,300,80,0
2026.02.11 09:45:00,108305.03,108305.03,108290.08,108290.08,300,80,0
2026.02.11 09:40:00,108320.03,108320.03,108305.08,108305.08,300,80,0
2026.02.11 09:35:00,108317.21,108334.48,108316.71,108320.08,300,80,0
2026.02.11 09:30:00,108299.26,108320.51,108287.61,108317.26,300,80,0
2026.02.11 09:25:00,108213.92,108304.66,108213.87,108299.31,300,80,0
2026.02.11 09:20:00,108228.92,108228.92,108213.97,108213.97,300,80,0
2026.02.11 09:15:00,108243.92,108243.92,108228.97,108228.97,300,80,0
2026.02.11 09:10:00,108226.16,108255.42,108222.71,108243.97,300,80,0
2026.02.11 09:05:00,108166.29,108235.31,108164.99,108226.21,300,80,0
2026.02.11 09:00:00,108181.29,108181.29,108166.34,108166.34,300,80,0
2026.02.11 08:55:00,108178.55,108183.59,108165.90,108181.34,300,80,0
2026.02.11 08:50:00,108159.70,108191.85,108158.05,108178.60,300,80,0
2026.02.11 08:45:00,108174.70,108174.70,108159.75,108159.75,300,80,0
2026.02.11 08:40:00,108189.75,108189.75,108174.75,108174.75,301,80,0
2026.02.11 08:35:00,108204.70,108204.70,108189.80,108189.80,299,80,0
2026.02.11 08:30:00,108219.75,108219.75,108204.75,108204.75,301,80,0
2026.02.11 08:25:00,108234.70,108234.70,108219.80,108219.80,299,80,0
2026.02.11 08:20:00,108214.01,108237.30,108201.61,108234.75,301,80,0
2026.02.11 08:15:00,108228.96,108228.96,108214.06,108214.06,299,80,0
2026.02.11 08:10:00,108244.01,108244.01,108229.01,108229.01,301,80,0
2026.02.11 08:05:00,108259.01,108259.01,108244.06,108244.06,300,80,0
2026.02.11 08:00:00,108274.01,108274.01,108259.06,108259.06,300,80,0
2026.02.11 07:55:00,108289.01,108289.01,108274.06,108274.06,300,80,0
2026.02.11 07:50:00,108272.55,108293.16,108261.75,108289.06,300,80,0
2026.02.11 07:45:00,108287.55,108287.55,108272.60,108272.60,300,80,0
2026.02.11 07:40:00,108302.55,108302.55,108287.60,108287.60,300,80,0
2026.02.11 07:35:00,108317.55,108317.55,108302.60,108302.60,300,80,0
2026.02.11 07:30:00,108332.55,108332.55,108317.60,108317.60,300,80,0
2026.02.11 07:25:00,108347.55,108347.55,108332.60,108332.60,300,80,0
2026.02.11 07:20:00,108362.55,108362.55,108347.60,108347.60,300,80,0
2026.02.11 07:15:00,108377.55,108377.55,108362.60,108362.60,300,80,0
2026.02.11 07:10:00,108375.37,108388.10,108370.97,108377.60,300,80,0
2026.02.11 07:05:00,108390.37,108390.37,108375.42,108375.42,300,80,0
2026.02.11 07:00:00,108386.57,108403.37,108384.62,108390.42,300,80,0
2026.02.11 06:55:00,108381.11,108388.52,108368.11,108386.62,300,80,0
2026.02.11 06:50:00,108364.22,108385.41,108353.57,108381.16,300,80,0
2026.02.11 06:45:00,108379.22,108379.22,108364.27,108364.27,300,80,0
2026.02.11 06:40:00,108333.60,108384.02,108327.65,108379.27,300,80,0
2026.02.11 06:35:00,108348.60,108348.60,108333.65,108333.65,300,80,0
2026.02.11 06:30:00,108363.60,108363.60,108348.65,108348.65,300,80,0
2026.02.11 06:25:00,108378.60,108378.60,108363.65,108363.65,300,80,0
2026.02.11 06:20:00,108355.23,108383.65,108345.33,108378.65,300,80,0
2026.02.11 06:15:00,108370.23,108370.23,108355.28,108355.28,300,80,0
2026.02.11 06:10:00,108347.00,108376.68,108338.70,108370.28,300,80,0
2026.02.11 06:05:00,108320.46,108361.45,108319.96,108347.05,300,80,0
2026.02.11 06:00:00,108335.46,108335.46,108320.51,108320.51,300,80,0
2026.02.11 05:55:00,108350.46,108350.46,108335.51,108335.51,300,80,0
2026.02.11 05:50:00,108268.24,108357.06,108263.74,108350.51,300,80,0
2026.02.11 05:45:00,108283.24,108283.24,108268.29,108268.29,300,80,0
2026.02.11 05:40:00,108298.24,108298.24,108283.29,108283.29,300,80,0
2026.02.11 05:35:00,108224.25,108305.04,108221.10,108298.29,300,80,0
2026.02.11 05:30:00,108239.25,108239.25,108224.30,108224.30,300,80,0
2026.02.11 05:25:00,108207.19,108252.00,108204.99,108239.30,300,80,0
2026.02.11 05:20:00,108190.98,108216.19,108185.03,108207.24,300,80,0
2026.02.11 05:15:00,108182.32,108194.08,108170.47,108191.03,300,80,0
2026.02.11 05:10:00,108197.32,108197.32,108182.37,108182.37,300,80,0
2026.02.11 05:05:00,108171.63,108205.52,108164.88,108197.37,300,80,0
2026.02.11 05:00:00,108186.63,108186.63,108171.68,108171.68,300,80,0
2026.02.11 04:55:00,108173.94,108197.33,108169.69,108186.68,300,80,0
2026.02.11 04:50:00,108130.35,108180.44,108123.65,108173.99,300,80,0
2026.02.11 04:45:00,108145.35,108145.35,108130.40,108130.40,300,80,0
2026.02.11 04:40:00,108160.35,108160.35,108145.40,108145.40,300,80,0
2026.02.11 04:35:00,108175.35,108175.35,108160.40,108160.40,300,80,0
2026.02.11 04:30:00,108190.35,108190.35,108175.40,108175.40,300,80,0
2026.02.11 04:25:00,108205.35,108205.35,108190.40,108190.40,300,80,0
2026.02.11 04:20:00,108127.19,108208.65,108125.54,108205.40,300,80,0
2026.02.11 04:15:00,108096.69,108132.69,108087.24,108127.24,300,80,0
2026.02.11 04:10:00,108111.69,108111.69,108096.74,108096.74,300,80,0
2026.02.11 04:05:00,108126.69,108126.69,108111.74,108111.74,300,80,0
2026.02.11 04:00:00,108089.25,108131.29,108086.70,108126.74,300,80,0
2026.02.11 03:55:00,108028.07,108100.05,108027.17,108089.30,300,80,0
2026.02.11 03:50:00,107997.81,108036.92,107993.41,108028.12,300,80,0
2026.02.11 03:45:00,108012.81,108012.81,107997.86,107997.86,300,80,0
2026.02.11 03:40:00,108011.45,108021.81,108005.50,108012.86,300,80,0
2026.02.11 03:35:00,108026.45,108026.45,108011.50,108011.50,300,80,0
2026.02.11 03:30:00,108041.45,108041.45,108026.50,108026.50,300,80,0
2026.02.11 03:25:00,108056.45,108056.45,108041.50,108041.50,300,80,0
2026.02.11 03:20:00,108071.45,108071.45,108056.50,108056.50,300,80,0
2026.02.11 03:15:00,108086.45,108086.45,108071.50,108071.50,300,80,0
2026.02.11 03:10:00,108034.30,108096.30,108030.05,108086.50,300,80,0
2026.02.11 03:05:00,108049.30,108049.30,108034.35,108034.35,300,80,0
2026.02.11 03:00:00,108064.30,108064.30,108049.35,108049.35,300,80,0
2026.02.11 02:55:00,108079.30,108079.30,108064.35,108064.35,300,80,0
2026.02.11 02:50:00,108049.77,108083.85,108039.37,108079.35,300,80,0
2026.02.11 02:45:00,108064.77,108064.77,108049.82,108049.82,300,80,0
2026.02.11 02:40:00,108043.73,108070.37,108034.38,108064.82,300,80,0
2026.02.11 02:35:00,108058.73,108058.73,108043.78,108043.78,300,80,0
2026.02.11 02:30:00,108040.37,108059.48,108026.17,108058.78,300,80,0
2026.02.11 02:25:00,108055.37,108055.37,108040.42,108040.42,300,80,0
2026.02.11 02:20:00,108046.55,108064.12,108040.35,108055.42,300,80,0
2026.02.11 02:15:00,107967.05,108048.45,107964.80,108046.60,300,80,0
2026.02.11 02:10:00,107982.05,107982.05,107967.10,107967.10,300,80,0
2026.02.11 02:05:00,107972.12,107985.95,107961.07,107982.10,300,80,0
2026.02.11 02:00:00,107958.29,107980.72,107951.94,107972.17,300,80,0
2026.02.11 01:55:00,107973.29,107973.29,107958.34,107958.34,300,80,0
2026.02.11 01:50:00,107932.21,107983.14,107927.11,107973.34,300,80,0
2026.02.11 01:45:00,107907.57,107935.51,107895.92,107932.26,300,80,0
2026.02.11 01:40:00,107871.34,107911.02,107859.84,107907.62,300,80,0
2026.02.11 01:35:00,107842.19,107873.59,107829.49,107871.39,300,80,0
2026.02.11 01:30:00,107857.19,107857.19,107842.24,107842.24,300,80,0
2026.02.11 01:25:00,107872.19,107872.19,107857.24,107857.24,300,80,0
2026.02.11 01:20:00,107887.19,107887.19,107872.24,107872.24,300,80,0
2026.02.11 01:15:00,107875.80,107901.69,107875.35,107887.24,300,80,0
2026.02.11 01:10:00,107890.80,107890.80,107875.85,107875.85,300,80,0
2026.02.11 01:05:00,107905.80,107905.80,107890.85,107890.85,300,80,0
2026.02.11 01:00:00,107887.79,107910.30,107877.34,107905.85,300,80,0
2026.02.11 00:55:00,107850.88,107890.14,107845.88,107887.84,300,80,0
2026.02.11 00:50:00,107844.01,107857.03,107835.21,107850.93,300,80,0
2026.02.11 00:45:00,107859.01,107859.01,107844.06,107844.06,300,80,0
2026.02.11 00:40:00,107815.78,107859.86,107810.23,107859.06,300,80,0
2026.02.11 00:35:00,107743.08,107822.33,107742.73,107815.83,300,80,0
2026.02.11 00:30:00,107674.08,107748.68,107666.38,107743.13,300,80,0
2026.02.11 00:25:00,107658.44,107681.63,107651.04,107674.13,300,80,0
2026.02.11 00:20:00,107673.44,107673.44,107658.49,107658.49,300,80,0
2026.02.11 00:15:00,107646.41,107681.19,107639.21,107673.49,300,80,0
2026.02.11 00:10:00,107661.41,107661.41,107646.46,107646.46,300,80,0
2026.02.11 00:05:00,107676.41,107676.41,107661.46,107661.46,300,80,0
2026.02.11 00:00:00,107663.22,107689.81,107661.67,107676.46,300,80,0
2026.02.10 23:55:00,107678.22,107678.22,107663.27,107663.27,300,80,0
2026.02.10 23:50:00,107693.22,107693.22,107678.27,107678.27,300,80,0
2026.02.10 23:45:00,107708.22,107708.22,107693.27,107693.27,300,80,0
2026.02.10 23:40:00,107723.22,107723.22,107708.27,107708.27,300,80,0
2026.02.10 23:35:00,107738.22,107738.22,107723.27,107723.27,300,80,0
2026.02.10 23:30:00,107753.22,107753.22,107738.27,107738.27,300,80,0
2026.02.10 23:25:00,107728.09,107759.17,107719.09,107753.27,300,80,0
2026.02.10 23:20:00,107707.27,107733.19,107697.42,107728.14,300,80,0
2026.02.10 23:15:00,107671.34,107714.47,107664.69,107707.32,300,80,0
2026.02.10 23:10:00,107625.95,107673.24,107617.50,107671.39,300,80,0
2026.02.10 23:05:00,107611.08,107626.20,107596.38,107626.00,300,80,0
2026.02.10 23:00:00,107589.79,107615.43,107579.19,107611.13,300,80,0
2026.02.10 22:55:00,107572.12,107591.59,107558.97,107589.84,300,80,0
2026.02.10 22:50:00,107587.12,107587.12,107572.17,107572.17,300,80,0
2026.02.10 22:45:00,107602.12,107602.12,107587.17,107587.17,300,80,0
2026.02.10 22:40:00,107598.86,107607.02,107588.81,107602.17,300,80,0
2026.02.10 22:35:00,107587.77,107613.36,107587.32,107598.91,300,80,0
2026.02.10 22:30:00,107602.77,107602.77,107587.82,107587.82,300,80,0
2026.02.10 22:25:00,107565.51,107614.32,107562.76,107602.82,300,80,0
2026.02.10 22:20:00,107580.51,107580.51,107565.56,107565.56,300,80,0
2026.02.10 22:15:00,107595.51,107595.51,107580.56,107580.56,300,80,0
2026.02.10 22:10:00,107556.91,107603.16,107553.06,107595.56,300,80,0
2026.02.10 22:05:00,107544.88,107571.01,107544.03,107556.96,300,80,0
2026.02.10 22:00:00,107521.45,107551.53,107513.15,107544.93,300,80,0
2026.02.10 21:55:00,107488.57,107533.15,107485.32,107521.50,300,80,0
2026.02.10 21:50:00,107503.57,107503.57,107488.62,107488.62,300,80,0
2026.02.10 21:45:00,107518.57,107518.57,107503.62,107503.62,300,80,0
2026.02.10 21:40:00,107533.57,107533.57,107518.62,107518.62,300,80,0
2026.02.10 21:35:00,107528.19,107543.77,107523.44,107533.62,300,80,0
2026.02.10 21:30:00,107522.14,107531.74,107510.74,107528.24,300,80,0
2026.02.10 21:25:00,107493.03,107531.99,107487.93,107522.19,300,80,0
2026.02.10 21:20:00,107457.20,107501.63,107453.70,107493.08,300,80,0
2026.02.10 21:15:00,107472.20,107472.20,107457.25,107457.25,300,80,0
2026.02.10 21:10:00,107487.20,107487.20,107472.25,107472.25,300,80,0
2026.02.10 21:05:00,107502.20,107502.20,107487.25,107487.25,300,80,0
2026.02.10 21:00:00,107517.20,107517.20,107502.25,107502.25,300,80,0
2026.02.10 20:55:00,107532.20,107532.20,107517.25,107517.25,300,80,0
2026.02.10 20:50:00,107547.20,107547.20,107532.25,107532.25,300,80,0
2026.02.10 20:45:00,107562.20,107562.20,107547.25,107547.25,300,80,0
2026.02.10 20:40:00,107528.50,107575.55,107526.90,107562.25,300,80,0
2026.02.10 20:35:00,107543.50,107543.50,107528.55,107528.55,300,80,0
2026.02.10 20:30:00,107499.86,107547.65,107497.56,107543.55,300,80,0
2026.02.10 20:25:00,107495.31,107507.01,107487.51,107499.91,300,80,0
2026.02.10 20:20:00,107510.31,107510.31,107495.36,107495.36,300,80,0
2026.02.10 20:15:00,107525.31,107525.31,107510.36,107510.36,300,80,0
2026.02.10 20:10:00,107496.14,107533.86,107489.74,107525.36,300,80,0
2026.02.10 20:05:00,107511.14,107511.14,107496.19,107496.19,300,80,0
2026.02.10 20:00:00,107510.60,107518.94,107503.45,107511.19,300,80,0
2026.02.10 19:55:00,107499.95,107523.05,107497.45,107510.65,300,80,0
2026.02.10 19:50:00,107514.95,107514.95,107500.00,107500.00,300,80,0
2026.02.10 19:45:00,107486.30,107522.55,107478.95,107515.00,300,80,0
2026.02.10 19:40:00,107501.30,107501.30,107486.35,107486.35,300,80,0
2026.02.10 19:35:00,107516.30,107516.30,107501.35,107501.35,300,80,0
2026.02.10 19:30:00,107531.30,107531.30,107516.35,107516.35,300,80,0
2026.02.10 19:25:00,107546.30,107546.30,107531.35,107531.35,300,80,0
2026.02.10 19:20:00,107543.19,107549.25,107531.19,107546.35,300,80,0
2026.02.10 19:15:00,107535.12,107555.89,107532.87,107543.24,300,80,0
2026.02.10 19:10:00,107550.12,107550.12,107535.17,107535.17,300,80,0
2026.02.10 19:05:00,107489.47,107554.32,107489.42,107550.17,300,80,0
2026.02.10 19:00:00,107475.84,107493.02,107464.44,107489.52,300,80,0
2026.02.10 18:55:00,107490.84,107490.84,107475.89,107475.89,300,80,0
2026.02.10 18:50:00,107428.28,107493.29,107416.18,107490.89,300,80,0
2026.02.10 18:45:00,107422.74,107433.93,107413.44,107428.33,300,80,0
2026.02.10 18:40:00,107395.77,107434.89,107392.97,107422.79,300,80,0
2026.02.10 18:35:00,107410.77,107410.77,107395.82,107395.82,300,80,0
2026.02.10 18:30:00,107389.63,107421.17,107385.08,107410.82,300,80,0
2026.02.10 18:25:00,107357.48,107402.58,107355.48,107389.68,300,80,0
2026.02.10 18:20:00,107372.48,107372.48,107357.53,107357.53,300,80,0
2026.02.10 18:15:00,107364.28,107386.83,107363.68,107372.53,300,80,0
2026.02.10 18:10:00,107379.28,107379.28,107364.33,107364.33,300,80,0
2026.02.10 18:05:00,107360.63,107386.58,107352.98,107379.33,300,80,0
2026.02.10 18:00:00,107339.10,107368.58,107332.10,107360.68,300,80,0
2026.02.10 17:55:00,107323.20,107343.30,107312.45,107339.15,300,80,0
2026.02.10 17:50:00,107338.20,107338.20,107323.25,107323.25,300,80,0
2026.02.10 17:45:00,107353.20,107353.20,107338.25,107338.25,300,80,0
2026.02.10 17:40:00,107315.28,107361.15,107308.28,107353.25,300,80,0
2026.02.10 17:35:00,107330.28,107330.28,107315.33,107315.33,300,80,0
2026.02.10 17:30:00,107326.90,107341.88,107323.55,107330.33,300,80,0
2026.02.10 17:25:00,107341.90,107341.90,107326.95,107326.95,300,80,0
2026.02.10 17:20:00,107265.93,107349.50,107260.08,107341.95,300,80,0
2026.02.10 17:15:00,107229.52,107274.28,107222.92,107265.98,300,80,0
2026.02.10 17:10:00,107173.81,107230.12,107160.51,107229.57,300,80,0
2026.02.10 17:05:00,107173.50,107183.66,107168.40,107173.86,300,80,0
2026.02.10 17:00:00,107172.67,107177.85,107162.07,107173.55,300,80,0
2026.02.10 16:55:00,107156.65,107181.67,107150.70,107172.72,300,80,0
2026.02.10 16:50:00,107145.85,107166.65,107140.90,107156.70,300,80,0
2026.02.10 16:45:00,107160.85,107160.85,107145.90,107145.90,300,80,0
2026.02.10 16:40:00,107175.85,107175.85,107160.90,107160.90,300,80,0
2026.02.10 16:35:00,107145.04,107178.10,107141.54,107175.90,300,80,0
2026.02.10 16:30:00,107110.52,107155.54,107106.07,107145.09,300,80,0
2026.02.10 16:25:00,107087.69,107114.92,107077.14,107110.57,300,80,0
2026.02.10 16:20:00,107102.69,107102.69,107087.74,107087.74,300,80,0
2026.02.10 16:15:00,107117.69,107117.69,107102.74,107102.74,300,80,0
2026.02.10 16:10:00,107114.71,107128.69,107110.76,107117.74,300,80,0
2026.02.10 16:05:00,107129.71,107129.71,107114.76,107114.76,300,80,0
2026.02.10 16:00:00,107144.71,107144.71,107129.76,107129.76,300,80,0
2026.02.10 15:55:00,107125.11,107155.01,107120.46,107144.76,300,80,0
2026.02.10 15:50:00,107108.63,107138.26,107106.83,107125.16,300,80,0
2026.02.10 15:45:00,107123.63,107123.63,107108.68,107108.68,300,80,0
2026.02.10 15:40:00,107091.66,107135.43,107088.51,107123.68,300,80,0
2026.02.10 15:35:00,107106.66,107106.66,107091.71,107091.71,300,80,0
2026.02.10 15:30:00,107121.66,107121.66,107106.71,107106.71,300,80,0
2026.02.10 15:25:00,107136.66,107136.66,107121.71,107121.71,300,80,0
2026.02.10 15:20:00,107130.51,107139.91,107118.81,107136.71,300,80,0
2026.02.10 15:15:00,107118.95,107132.86,107106.35,107130.56,300,80,0
2026.02.10 15:10:00,107133.95,107133.95,107119.00,107119.00,300,80,0
2026.02.10 15:05:00,107148.95,107148.95,107134.00,107134.00,300,80,0
2026.02.10 15:00:00,107163.95,107163.95,107149.00,107149.00,300,80,0
2026.02.10 14:55:00,107120.87,107164.35,107117.42,107164.00,300,80,0
2026.02.10 14:50:00,107135.87,107135.87,107120.92,107120.92,300,80,0
2026.02.10 14:45:00,107150.87,107150.87,107135.92,107135.92,300,80,0
2026.02.10 14:40:00,107114.15,107155.67,107113.60,107150.92,300,80,0
2026.02.10 14:35:00,107095.43,107119.95,107086.28,107114.20,300,80,0
2026.02.10 14:30:00,107081.24,107100.18,107071.04,107095.48,300,80,0
2026.02.10 14:25:00,107096.24,107096.24,107081.29,107081.29,300,80,0
2026.02.10 14:20:00,107111.24,107111.24,107096.29,107096.29,300,80,0
2026.02.10 14:15:00,107126.24,107126.24,107111.29,107111.29,300,80,0
2026.02.10 14:10:00,107141.24,107141.24,107126.29,107126.29,300,80,0
2026.02.10 14:05:00,107156.24,107156.24,107141.29,107141.29,300,80,0
2026.02.10 14:00:00,107171.24,107171.24,107156.29,107156.29,300,80,0
2026.02.10 13:55:00,107186.24,107186.24,107171.29,107171.29,300,80,0
2026.02.10 13:50:00,107201.24,107201.24,107186.29,107186.29,300,80,0
2026.02.10 13:45:00,107216.24,107216.24,107201.29,107201.29,300,80,0
2026.02.10 13:40:00,107231.24,107231.24,107216.29,107216.29,300,80,0
2026.02.10 13:35:00,107246.24,107246.24,107231.29,107231.29,300,80,0
2026.02.10 13:30:00,107261.24,107261.24,107246.29,107246.29,300,80,0
2026.02.10 13:25:00,107237.46,107265.84,107227.11,107261.29,300,80,0
2026.02.10 13:20:00,107227.18,107239.46,107214.23,107237.51,300,80,0
2026.02.10 13:15:00,107212.05,107240.08,107210.00,107227.23,300,80,0
2026.02.10 13:10:00,107227.05,107227.05,107212.10,107212.10,300,80,0
2026.02.10 13:05:00,107218.79,107232.65,107209.44,107227.10,300,80,0
2026.02.10 13:00:00,107202.26,107223.29,107191.81,107218.84,300,80,0
2026.02.10 12:55:00,107217.26,107217.26,107202.31,107202.31,300,80,0
2026.02.10 12:50:00,107177.14,107217.61,107162.54,107217.31,300,80,0
2026.02.10 12:45:00,107192.14,107192.14,107177.19,107177.19,300,80,0
2026.02.10 12:40:00,107207.14,107207.14,107192.19,107192.19,300,80,0
2026.02.10 12:35:00,107222.14,107222.14,107207.19,107207.19,300,80,0
2026.02.10 12:30:00,107237.14,107237.14,107222.19,107222.19,300,80,0
2026.02.10 12:25:00,107232.47,107246.79,107227.17,107237.19,300,80,0
2026.02.10 12:20:00,107247.47,107247.47,107232.52,107232.52,300,80,0
2026.02.10 12:15:00,107262.47,107262.47,107247.52,107247.52,300,80,0
2026.02.10 12:10:00,107277.47,107277.47,107262.52,107262.52,300,80,0
2026.02.10 12:05:00,107265.45,107287.82,107260.85,107277.52,300,80,0
2026.02.10 12:00:00,107280.45,107280.45,107265.50,107265.50,300,80,0
2026.02.10 11:55:00,107295.45,107295.45,107280.50,107280.50,300,80,0
2026.02.10 11:50:00,107310.45,107310.45,107295.50,107295.50,300,80,0
2026.02.10 11:45:00,107325.45,107325.45,107310.50,107310.50,300,80,0
2026.02.10 11:40:00,107340.45,107340.45,107325.50,107325.50,300,80,0
2026.02.10 11:35:00,107309.80,107348.85,107304.00,107340.50,300,80,0
2026.02.10 11:30:00,107245.50,107316.60,107243.80,107309.85,300,80,0
2026.02.10 11:25:00,107260.50,107260.50,107245.55,107245.55,300,80,0
2026.02.10 11:20:00,107225.22,107265.85,107222.37,107260.55,300,80,0
2026.02.10 11:15:00,107240.22,107240.22,107225.27,107225.27,300,80,0
2026.02.10 11:10:00,107233.21,107241.17,107219.21,107240.27,300,80,0
2026.02.10 11:05:00,107248.21,107248.21,107233.26,107233.26,300,80,0
2026.02.10 11:00:00,107263.21,107263.21,107248.26,107248.26,300,80,0
2026.02.10 10:55:00,107221.80,107275.06,107219.00,107263.26,300,80,0
2026.02.10 10:50:00,107236.80,107236.80,107221.85,107221.85,300,80,0
2026.02.10 10:45:00,107251.80,107251.80,107236.85,107236.85,300,80,0
2026.02.10 10:40:00,107266.80,107266.80,107251.85,107251.85,300,80,0
2026.02.10 10:35:00,107281.80,107281.80,107266.85,107266.85,300,80,0
2026.02.10 10:30:00,107296.80,107296.80,107281.85,107281.85,300,80,0
2026.02.10 10:25:00,107311.80,107311.80,107296.85,107296.85,300,80,0
2026.02.10 10:20:00,107326.80,107326.80,107311.85,107311.85,300,80,0
2026.02.10 10:15:00,107312.68,107333.10,107304.03,107326.85,300,80,0
2026.02.10 10:10:00,107290.18,107315.18,107277.73,107312.73,300,80,0
2026.02.10 10:05:00,107273.31,107299.18,107267.36,107290.23,300,80,0
2026.02.10 10:00:00,107288.31,107288.31,107273.36,107273.36,300,80,0
2026.02.10 09:55:00,107252.77,107292.36,107241.87,107288.36,300,80,0
2026.02.10 09:50:00,107267.77,107267.77,107252.82,107252.82,300,80,0
2026.02.10 09:45:00,107282.77,107282.77,107267.82,107267.82,300,80,0
2026.02.10 09:40:00,107256.21,107292.27,107250.76,107282.82,300,80,0
2026.02.10 09:35:00,107246.77,107258.41,107234.02,107256.26,300,80,0
2026.02.10 09:30:00,107237.92,107248.62,107224.82,107246.82,300,80,0
2026.02.10 09:25:00,107252.92,107252.92,107237.97,107237.97,300,80,0
2026.02.10 09:20:00,107267.92,107267.92,107252.97,107252.97,300,80,0
2026.02.10 09:15:00,107282.92,107282.92,107267.97,107267.97,300,80,0
2026.02.10 09:10:00,107270.59,107288.97,107261.69,107282.97,300,80,0
2026.02.10 09:05:00,107285.59,107285.59,107270.64,107270.64,300,80,0
2026.02.10 09:00:00,107217.62,107293.69,107214.87,107285.64,300,80,0
2026.02.10 08:55:00,107232.62,107232.62,107217.67,107217.67,300,80,0
2026.02.10 08:50:00,107247.62,107247.62,107232.67,107232.67,300,80,0
2026.02.10 08:45:00,107262.62,107262.62,107247.67,107247.67,300,80,0
2026.02.10 08:40:00,107247.79,107269.02,107239.24,107262.67,300,80,0
2026.02.10 08:35:00,107262.79,107262.79,107247.84,107247.84,300,80,0
2026.02.10 08:30:00,107252.71,107267.14,107242.11,107262.84,300,80,0
2026.02.10 08:25:00,107267.71,107267.71,107252.76,107252.76,300,80,0
2026.02.10 08:20:00,107282.71,107282.71,107267.76,107267.76,300,80,0
2026.02.10 08:15:00,107297.71,107297.71,107282.76,107282.76,300,80,0
2026.02.10 08:10:00,107270.36,107305.21,107262.91,107297.76,300,80,0
2026.02.10 08:05:00,107285.36,107285.36,107270.41,107270.41,300,80,0
2026.02.10 08:00:00,107254.97,107297.51,107252.17,107285.41,300,80,0
2026.02.10 07:55:00,107269.97,107269.97,107255.02,107255.02,300,80,0
2026.02.10 07:50:00,107284.97,107284.97,107270.02,107270.02,300,80,0
2026.02.10 07:45:00,107299.97,107299.97,107285.02,107285.02,300,80,0
2026.02.10 07:40:00,107268.36,107301.77,107255.21,107300.02,300,80,0
2026.02.10 07:35:00,107283.36,107283.36,107268.41,107268.41,300,80,0
2026.02.10 07:30:00,107298.36,107298.36,107283.41,107283.41,300,80,0
2026.02.10 07:25:00,107313.36,107313.36,107298.41,107298.41,300,80,0
2026.02.10 07:20:00,107259.86,107315.11,107250.56,107313.41,300,80,0
2026.02.10 07:15:00,107248.96,107262.81,107236.96,107259.91,300,80,0
2026.02.10 07:10:00,107226.43,107260.06,107222.58,107249.01,300,80,0
2026.02.10 07:05:00,107220.34,107229.18,107208.14,107226.48,300,80,0
2026.02.10 07:00:00,107235.34,107235.34,107220.39,107220.39,300,80,0
2026.02.10 06:55:00,107217.46,107238.09,107205.26,107235.39,300,80,0
2026.02.10 06:50:00,107232.46,107232.46,107217.51,107217.51,300,80,0
2026.02.10 06:45:00,107188.72,107234.86,107183.87,107232.51,300,80,0
2026.02.10 06:40:00,107203.72,107203.72,107188.77,107188.77,300,80,0
2026.02.10 06:35:00,107218.72,107218.72,107203.77,107203.77,300,80,0
2026.02.10 06:30:00,107217.28,107224.27,107207.88,107218.77,300,80,0
2026.02.10 06:25:00,107232.28,107232.28,107217.33,107217.33,300,80,0
2026.02.10 06:20:00,107247.28,107247.28,107232.33,107232.33,300,80,0
2026.02.10 06:15:00,107262.28,107262.28,107247.33,107247.33,300,80,0
2026.02.10 06:10:00,107253.63,107274.13,107250.53,107262.33,300,80,0
2026.02.10 06:05:00,107206.96,107257.23,107201.96,107253.68,300,80,0
2026.02.10 06:00:00,107221.96,107221.96,107207.01,107207.01,300,80,0
2026.02.10 05:55:00,107149.08,107225.61,107139.68,107222.01,300,80,0
2026.02.10 05:50:00,107164.08,107164.08,107149.13,107149.13,300,80,0
2026.02.10 05:45:00,107160.98,107178.88,107160.83,107164.13,300,80,0
2026.02.10 05:40:00,107175.98,107175.98,107161.03,107161.03,300,80,0
2026.02.10 05:35:00,107190.98,107190.98,107176.03,107176.03,300,80,0
2026.02.10 05:30:00,107178.41,107191.13,107163.61,107191.03,300,80,0
2026.02.10 05:25:00,107173.03,107188.96,107168.63,107178.46,300,80,0
2026.02.10 05:20:00,107168.41,107181.83,107162.26,107173.08,300,80,0
2026.02.10 05:15:00,107106.28,107172.71,107097.93,107168.46,300,80,0
2026.02.10 05:10:00,107082.99,107110.13,107082.99,107106.33,300,80,0
2026.02.10 05:05:00,107097.99,107097.99,107083.04,107083.04,300,80,0
2026.02.10 05:00:00,107112.99,107112.99,107098.04,107098.04,300,80,0
2026.02.10 04:55:00,107127.99,107127.99,107113.04,107113.04,300,80,0
2026.02.10 04:50:00,107142.99,107142.99,107128.04,107128.04,300,80,0
2026.02.10 04:45:00,107131.24,107151.59,107124.89,107143.04,300,80,0
2026.02.10 04:40:00,107146.24,107146.24,107131.29,107131.29,300,80,0
2026.02.10 04:35:00,107161.24,107161.24,107146.29,107146.29,300,80,0
2026.02.10 04:30:00,107176.24,107176.24,107161.29,107161.29,300,80,0
2026.02.10 04:25:00,107176.16,107183.99,107168.96,107176.29,300,80,0
2026.02.10 04:20:00,107191.16,107191.16,107176.21,107176.21,300,80,0
2026.02.10 04:15:00,107206.16,107206.16,107191.21,107191.21,300,80,0
2026.02.10 04:10:00,107151.09,107213.86,107143.84,107206.21,300,80,0
2026.02.10 04:05:00,107166.09,107166.09,107151.14,107151.14,300,80,0
2026.02.10 04:00:00,107155.13,107178.09,107152.18,107166.14,300,80,0
2026.02.10 03:55:00,107170.13,107170.13,107155.18,107155.18,300,80,0
2026.02.10 03:50:00,107185.13,107185.13,107170.18,107170.18,300,80,0
2026.02.10 03:45:00,107168.54,107187.88,107156.34,107185.18,300,80,0
2026.02.10 03:40:00,107183.54,107183.54,107168.59,107168.59,300,80,0
2026.02.10 03:35:00,107198.54,107198.54,107183.59,107183.59,300,80,0
2026.02.10 03:30:00,107213.54,107213.54,107198.59,107198.59,300,80,0
2026.02.10 03:25:00,107099.83,107219.84,107098.08,107213.59,300,80,0
2026.02.10 03:20:00,107114.83,107114.83,107099.88,107099.88,300,80,0
2026.02.10 03:15:00,107111.61,107126.68,107108.51,107114.88,300,80,0
2026.02.10 03:10:00,107126.61,107126.61,107111.66,107111.66,300,80,0
2026.02.10 03:05:00,107141.61,107141.61,107126.66,107126.66,300,80,0
2026.02.10 03:00:00,107156.61,107156.61,107141.66,107141.66,300,80,0
2026.02.10 02:55:00,107077.01,107165.21,107073.46,107156.66,300,80,0
2026.02.10 02:50:00,107092.01,107092.01,107077.06,107077.06,300,80,0
2026.02.10 02:45:00,107081.40,107099.96,107074.40,107092.06,300,80,0
2026.02.10 02:40:00,107061.99,107083.95,107049.59,107081.45,300,80,0
2026.02.10 02:35:00,107052.25,107063.69,107039.00,107062.04,300,80,0
2026.02.10 02:30:00,107067.25,107067.25,107052.30,107052.30,300,80,0
2026.02.10 02:25:00,107082.25,107082.25,107067.30,107067.30,300,80,0
2026.02.10 02:20:00,107045.56,107089.25,107038.91,107082.30,300,80,0
2026.02.10 02:15:00,107060.56,107060.56,107045.61,107045.61,300,80,0
2026.02.10 02:10:00,107075.56,107075.56,107060.61,107060.61,300,80,0
2026.02.10 02:05:00,107044.13,107081.76,107035.43,107075.61,300,80,0
2026.02.10 02:00:00,107059.13,107059.13,107044.18,107044.18,300,80,0
2026.02.10 01:55:00,107074.13,107074.13,107059.18,107059.18,300,80,0
2026.02.10 01:50:00,107013.34,107078.53,107006.24,107074.18,300,80,0
2026.02.10 01:45:00,106925.44,107016.99,106922.34,107013.39,300,80,0
2026.02.10 01:40:00,106919.81,106935.44,106914.86,106925.49,300,80,0
2026.02.10 01:35:00,106934.81,106934.81,106919.86,106919.86,300,80,0
2026.02.10 01:30:00,106949.81,106949.81,106934.86,106934.86,300,80,0
2026.02.10 01:25:00,106964.81,106964.81,106949.86,106949.86,300,80,0
2026.02.10 01:20:00,106979.81,106979.81,106964.86,106964.86,300,80,0
2026.02.10 01:15:00,106994.81,106994.81,106979.86,106979.86,300,80,0
2026.02.10 01:10:00,107009.81,107009.81,106994.86,106994.86,300,80,0
2026.02.10 01:05:00,106986.60,107022.51,106984.35,107009.86,300,80,0
2026.02.10 01:00:00,107001.60,107001.60,106986.65,106986.65,300,80,0
2026.02.10 00:55:00,107016.60,107016.60,107001.65,107001.65,300,80,0
2026.02.10 00:50:00,106975.86,107021.85,106966.16,107016.65,300,80,0
2026.02.10 00:45:00,106990.86,106990.86,106975.91,106975.91,300,80,0
2026.02.10 00:40:00,107005.86,107005.86,106990.91,106990.91,300,80,0
2026.02.10 00:35:00,107020.86,107020.86,107005.91,107005.91,300,80,0
2026.02.10 00:30:00,107035.86,107035.86,107020.91,107020.91,300,80,0
2026.02.10 00:25:00,107032.96,107046.11,107028.26,107035.91,300,80,0
2026.02.10 00:20:00,106965.08,107034.36,106964.13,107033.01,300,80,0
2026.02.10 00:15:00,106960.82,106977.03,106957.82,106965.13,300,80,0
2026.02.10 00:10:00,106884.51,106962.27,106875.16,106960.87,300,80,0
2026.02.10 00:05:00,106854.37,106886.66,106841.57,106884.56,300,80,0
2026.02.10 00:00:00,106844.88,106862.32,106837.88,106854.42,300,80,0
2026.02.09 23:55:00,106823.55,106851.38,106815.60,106844.93,300,80,0
2026.02.09 23:50:00,106838.55,106838.55,106823.60,106823.60,300,80,0
2026.02.09 23:45:00,106853.55,106853.55,106838.60,106838.60,300,80,0
2026.02.09 23:40:00,106868.55,106868.55,106853.60,106853.60,300,80,0
2026.02.09 23:35:00,106841.64,106872.05,106830.19,106868.60,300,80,0
2026.02.09 23:30:00,106811.91,106845.59,106802.01,106841.69,300,80,0
2026.02.09 23:25:00,106826.91,106826.91,106811.96,106811.96,300,80,0
2026.02.09 23:20:00,106841.91,106841.91,106826.96,106826.96,300,80,0
2026.02.09 23:15:00,106856.91,106856.91,106841.96,106841.96,300,80,0
2026.02.09 23:10:00,106871.91,106871.91,106856.96,106856.96,300,80,0
2026.02.09 23:05:00,106861.81,106877.41,106852.36,106871.96,300,80,0
2026.02.09 23:00:00,106876.81,106876.81,106861.86,106861.86,300,80,0
2026.02.09 22:55:00,106891.81,106891.81,106876.86,106876.86,300,80,0
2026.02.09 22:50:00,106848.60,106895.46,106843.85,106891.86,300,80,0
2026.02.09 22:45:00,106832.50,106855.35,106824.30,106848.65,300,80,0
2026.02.09 22:40:00,106808.09,106838.95,106799.59,106832.55,300,80,0
2026.02.09 22:35:00,106800.97,106820.59,106798.52,106808.14,300,80,0
2026.02.09 22:30:00,106815.97,106815.97,106801.02,106801.02,300,80,0
2026.02.09 22:25:00,106811.14,106817.32,106797.54,106816.02,300,80,0
2026.02.09 22:20:00,106800.72,106812.59,106787.22,106811.19,300,80,0
2026.02.09 22:15:00,106790.83,106810.67,106785.83,106800.77,300,80,0
2026.02.09 22:10:00,106805.83,106805.83,106790.88,106790.88,300,80,0
2026.02.09 22:05:00,106820.83,106820.83,106805.88,106805.88,300,80,0
2026.02.09 22:00:00,106835.83,106835.83,106820.88,106820.88,300,80,0
2026.02.09 21:55:00,106798.41,106837.23,106790.61,106835.88,300,80,0
2026.02.09 21:50:00,106813.41,106813.41,106798.46,106798.46,300,80,0
2026.02.09 21:45:00,106828.41,106828.41,106813.46,106813.46,300,80,0
2026.02.09 21:40:00,106843.41,106843.41,106828.46,106828.46,300,80,0
2026.02.09 21:35:00,106858.41,106858.41,106843.46,106843.46,300,80,0
2026.02.09 21:30:00,106850.37,106862.76,106839.77,106858.46,300,80,0
2026.02.09 21:25:00,106865.37,106865.37,106850.42,106850.42,300,80,0
2026.02.09 21:20:00,106838.76,106866.72,106838.66,106865.42,300,80,0
2026.02.09 21:15:00,106853.76,106853.76,106838.81,106838.81,300,80,0
2026.02.09 21:10:00,106772.94,106856.96,106771.54,106853.81,300,80,0
2026.02.09 21:05:00,106730.51,106774.09,106718.56,106772.99,300,80,0
2026.02.09 21:00:00,106721.09,106738.81,106714.44,106730.56,300,80,0
2026.02.09 20:55:00,106686.80,106731.74,106682.50,106721.14,300,80,0
2026.02.09 20:50:00,106701.80,106701.80,106686.85,106686.85,300,80,0
2026.02.09 20:45:00,106716.80,106716.80,106701.85,106701.85,300,80,0
2026.02.09 20:40:00,106731.80,106731.80,106716.85,106716.85,300,80,0
2026.02.09 20:35:00,106746.80,106746.80,106731.85,106731.85,300,80,0
2026.02.09 20:30:00,106761.80,106761.80,106746.85,106746.85,300,80,0
2026.02.09 20:25:00,106776.80,106776.80,106761.85,106761.85,300,80,0
2026.02.09 20:20:00,106659.35,106777.85,106658.50,106776.85,300,80,0
2026.02.09 20:15:00,106674.35,106674.35,106659.40,106659.40,300,80,0
2026.02.09 20:10:00,106689.35,106689.35,106674.40,106674.40,300,80,0
2026.02.09 20:05:00,106670.38,106693.30,106659.38,106689.40,300,80,0
2026.02.09 20:00:00,106685.38,106685.38,106670.43,106670.43,300,80,0
2026.02.09 19:55:00,106662.73,106700.08,106662.48,106685.43,300,80,0
2026.02.09 19:50:00,106677.73,106677.73,106662.78,106662.78,300,80,0
2026.02.09 19:45:00,106692.73,106692.73,106677.78,106677.78,300,80,0
2026.02.09 19:40:00,106707.73,106707.73,106692.78,106692.78,300,80,0
2026.02.09 19:35:00,106691.55,106716.13,106685.00,106707.78,300,80,0
2026.02.09 19:30:00,106706.55,106706.55,106691.60,106691.60,300,80,0
2026.02.09 19:25:00,106721.55,106721.55,106706.60,106706.60,300,80,0
2026.02.09 19:20:00,106736.55,106736.55,106721.60,106721.60,300,80,0
2026.02.09 19:15:00,106751.55,106751.55,106736.60,106736.60,300,80,0
2026.02.09 19:10:00,106766.55,106766.55,106751.60,106751.60,300,80,0
2026.02.09 19:05:00,106781.55,106781.55,106766.60,106766.60,300,80,0
2026.02.09 19:00:00,106756.91,106795.45,106755.86,106781.60,300,80,0
2026.02.09 18:55:00,106744.15,106763.61,106735.90,106756.96,300,80,0
2026.02.09 18:50:00,106759.15,106759.15,106744.20,106744.20,300,80,0
2026.02.09 18:45:00,106738.06,106768.25,106732.21,106759.20,300,80,0
2026.02.09 18:40:00,106731.76,106745.31,106724.06,106738.11,300,80,0
2026.02.09 18:35:00,106746.76,106746.76,106731.81,106731.81,300,80,0
2026.02.09 18:30:00,106761.76,106761.76,106746.81,106746.81,300,80,0
2026.02.09 18:25:00,106776.76,106776.76,106761.81,106761.81,300,80,0
2026.02.09 18:20:00,106791.76,106791.76,106776.81,106776.81,300,80,0
2026.02.09 18:15:00,106806.76,106806.76,106791.81,106791.81,300,80,0
2026.02.09 18:10:00,106821.76,106821.76,106806.81,106806.81,300,80,0
2026.02.09 18:05:00,106815.14,106825.36,106803.79,106821.81,300,80,0
2026.02.09 18:00:00,106830.14,106830.14,106815.19,106815.19,300,80,0
2026.02.09 17:55:00,106829.17,106834.69,106818.77,106830.19,300,80,0
2026.02.09 17:50:00,106844.17,106844.17,106829.22,106829.22,300,80,0
2026.02.09 17:45:00,106859.17,106859.17,106844.22,106844.22,300,80,0
2026.02.09 17:40:00,106874.17,106874.17,106859.22,106859.22,300,80,0
2026.02.09 17:35:00,106889.17,106889.17,106874.22,106874.22,300,80,0
2026.02.09 17:30:00,106882.55,106901.82,106880.25,106889.22,300,80,0
2026.02.09 17:25:00,106897.55,106897.55,106882.60,106882.60,300,80,0
2026.02.09 17:20:00,106912.55,106912.55,106897.60,106897.60,300,80,0
2026.02.09 17:15:00,106927.55,106927.55,106912.60,106912.60,300,80,0
2026.02.09 17:10:00,106942.55,106942.55,106927.60,106927.60,300,80,0
2026.02.09 17:05:00,106925.80,106957.50,106925.80,106942.60,300,80,0
2026.02.09 17:00:00,106912.97,106937.10,106909.32,106925.85,300,80,0
2026.02.09 16:55:00,106927.97,106927.97,106913.02,106913.02,300,80,0
2026.02.09 16:50:00,106915.07,106940.77,106912.92,106928.02,300,80,0
2026.02.09 16:45:00,106901.79,106920.02,106891.79,106915.12,300,80,0
2026.02.09 16:40:00,106888.66,106908.24,106880.16,106901.84,300,80,0
2026.02.09 16:35:00,106881.81,106898.96,106877.16,106888.71,300,80,0
2026.02.09 16:30:00,106871.64,106884.41,106859.29,106881.86,300,80,0
2026.02.09 16:25:00,106886.64,106886.64,106871.69,106871.69,300,80,0
2026.02.09 16:20:00,106883.22,106895.64,106877.27,106886.69,300,80,0
2026.02.09 16:15:00,106840.57,106894.02,106840.37,106883.27,300,80,0
2026.02.09 16:10:00,106855.57,106855.57,106840.62,106840.62,300,80,0
2026.02.09 16:05:00,106870.57,106870.57,106855.62,106855.62,300,80,0
2026.02.09 16:00:00,106885.57,106885.57,106870.62,106870.62,300,80,0
2026.02.09 15:55:00,106875.44,106895.17,106870.09,106885.62,300,80,0
2026.02.09 15:50:00,106890.44,106890.44,106875.49,106875.49,300,80,0
2026.02.09 15:45:00,106886.84,106896.29,106877.74,106890.49,300,80,0
2026.02.09 15:40:00,106901.84,106901.84,106886.89,106886.89,300,80,0
2026.02.09 15:35:00,106916.84,106916.84,106901.89,106901.89,300,80,0
2026.02.09 15:30:00,106931.84,106931.84,106916.89,106916.89,300,80,0
2026.02.09 15:25:00,106946.84,106946.84,106931.89,106931.89,300,80,0
2026.02.09 15:20:00,106961.84,106961.84,106946.89,106946.89,300,80,0
2026.02.09 15:15:00,106929.30,106966.34,106918.85,106961.89,300,80,0
2026.02.09 15:10:00,106944.30,106944.30,106929.35,106929.35,300,80,0
2026.02.09 15:05:00,106914.17,106956.10,106911.02,106944.35,300,80,0
2026.02.09 15:00:00,106862.25,106914.67,106857.15,106914.22,300,80,0
2026.02.09 14:55:00,106877.25,106877.25,106862.30,106862.30,300,80,0
2026.02.09 14:50:00,106843.55,106891.55,106842.90,106877.30,300,80,0
2026.02.09 14:45:00,106823.42,106850.35,106815.27,106843.60,300,80,0
2026.02.09 14:40:00,106838.37,106838.37,106823.47,106823.47,299,80,0
2026.02.09 14:35:00,106853.37,106853.37,106838.42,106838.42,300,80,0
2026.02.09 14:30:00,106868.37,106868.37,106853.42,106853.42,300,80,0
2026.02.09 14:25:00,106862.14,106879.62,106858.44,106868.42,300,80,0
2026.02.09 14:20:00,106877.14,106877.14,106862.19,106862.19,300,80,0
2026.02.09 14:15:00,106892.14,106892.14,106877.19,106877.19,300,80,0
2026.02.09 14:10:00,106852.58,106902.64,106849.93,106892.19,300,80,0
2026.02.09 14:05:00,106867.58,106867.58,106852.63,106852.63,300,80,0
2026.02.09 14:00:00,106882.58,106882.58,106867.63,106867.63,300,80,0
2026.02.09 13:55:00,106877.03,106892.08,106871.58,106882.63,300,80,0
2026.02.09 13:50:00,106869.14,106886.68,106863.84,106877.08,300,80,0
2026.02.09 13:45:00,106884.14,106884.14,106869.19,106869.19,300,80,0
2026.02.09 13:40:00,106899.14,106899.14,106884.19,106884.19,300,80,0
2026.02.09 13:35:00,106914.14,106914.14,106899.19,106899.19,300,80,0
2026.02.09 13:30:00,106929.14,106929.14,106914.19,106914.19,300,80,0
2026.02.09 13:25:00,106923.18,106929.44,106908.53,106929.19,300,80,0
2026.02.09 13:20:00,106938.18,106938.18,106923.23,106923.23,300,80,0
2026.02.09 13:15:00,106953.18,106953.18,106938.23,106938.23,300,80,0
2026.02.09 13:10:00,106968.18,106968.18,106953.23,106953.23,300,80,0
2026.02.09 13:05:00,106983.18,106983.18,106968.23,106968.23,300,80,0
2026.02.09 13:00:00,106975.80,106990.88,106968.55,106983.23,300,80,0
2026.02.09 12:55:00,106970.11,106987.90,106967.26,106975.85,300,80,0
2026.02.09 12:50:00,106985.11,106985.11,106970.16,106970.16,300,80,0
2026.02.09 12:45:00,107000.11,107000.11,106985.16,106985.16,300,80,0
2026.02.09 12:40:00,107015.11,107015.11,107000.16,107000.16,300,80,0
2026.02.09 12:35:00,107030.11,107030.11,107015.16,107015.16,300,80,0
2026.02.09 12:30:00,106993.74,107041.56,106990.24,107030.16,300,80,0
2026.02.09 12:25:00,107008.74,107008.74,106993.79,106993.79,300,80,0
2026.02.09 12:20:00,106978.85,107013.39,106968.60,107008.79,299,80,0
2026.02.09 12:15:00,106993.85,106993.85,106978.90,106978.90,300,80,0
2026.02.09 12:10:00,106982.65,107002.35,106976.20,106993.90,300,80,0
2026.02.09 12:05:00,106896.41,106985.85,106886.61,106982.70,300,80,0
2026.02.09 12:00:00,106911.41,106911.41,106896.46,106896.46,300,80,0
2026.02.09 11:55:00,106926.41,106926.41,106911.46,106911.46,300,80,0
2026.02.09 11:50:00,106899.31,106937.31,106895.26,106926.46,300,80,0
2026.02.09 11:45:00,106893.06,106906.21,106885.01,106899.36,300,80,0
2026.02.09 11:40:00,106908.06,106908.06,106893.11,106893.11,300,80,0
2026.02.09 11:35:00,106923.06,106923.06,106908.11,106908.11,300,80,0
2026.02.09 11:30:00,106938.06,106938.06,106923.11,106923.11,300,80,0
2026.02.09 11:25:00,106953.06,106953.06,106938.11,106938.11,300,80,0
2026.02.09 11:20:00,106968.06,106968.06,106953.11,106953.11,300,80,0
2026.02.09 11:15:00,106983.06,106983.06,106968.11,106968.11,300,80,0
2026.02.09 11:10:00,106961.08,106985.01,106948.08,106983.11,300,80,0
2026.02.09 11:05:00,106917.07,106974.18,106915.22,106961.13,300,80,0
2026.02.09 11:00:00,106932.07,106932.07,106917.12,106917.12,300,80,0
2026.02.09 10:55:00,106931.60,106939.52,106924.10,106932.12,300,80,0
2026.02.09 10:50:00,106946.60,106946.60,106931.65,106931.65,300,80,0
2026.02.09 10:45:00,106940.90,106960.80,106940.15,106946.65,300,80,0
2026.02.09 10:40:00,106936.71,106948.75,106929.61,106940.95,300,80,0
2026.02.09 10:35:00,106918.07,106941.11,106907.52,106936.76,300,80,0
2026.02.09 10:30:00,106933.07,106933.07,106918.12,106918.12,300,80,0
2026.02.09 10:25:00,106948.07,106948.07,106933.12,106933.12,300,80,0
2026.02.09 10:20:00,106963.07,106963.07,106948.12,106948.12,300,80,0
2026.02.09 10:15:00,106978.07,106978.07,106963.12,106963.12,300,80,0
2026.02.09 10:10:00,106976.37,106978.17,106961.52,106978.12,300,80,0
2026.02.09 10:05:00,106991.37,106991.37,106976.42,106976.42,300,80,0
2026.02.09 10:00:00,107006.37,107006.37,106991.42,106991.42,300,80,0
2026.02.09 09:55:00,106949.86,107007.67,106949.21,107006.42,300,80,0
2026.02.09 09:50:00,106964.86,106964.86,106949.91,106949.91,300,80,0
2026.02.09 09:45:00,106979.86,106979.86,106964.91,106964.91,300,80,0
2026.02.09 09:40:00,106965.11,106993.56,106963.86,106979.91,300,80,0
2026.02.09 09:35:00,106906.65,106971.16,106899.25,106965.16,300,80,0
2026.02.09 09:30:00,106921.65,106921.65,106906.70,106906.70,300,80,0
2026.02.09 09:25:00,106874.39,106928.85,106873.44,106921.70,300,80,0
2026.02.09 09:20:00,106889.39,106889.39,106874.44,106874.44,300,80,0
2026.02.09 09:15:00,106904.39,106904.39,106889.44,106889.44,300,80,0
2026.02.09 09:10:00,106898.79,106912.34,106891.79,106904.44,300,80,0
2026.02.09 09:05:00,106913.79,106913.79,106898.84,106898.84,300,80,0
2026.02.09 09:00:00,106928.79,106928.79,106913.84,106913.84,300,80,0
2026.02.09 08:55:00,106943.79,106943.79,106928.84,106928.84,300,80,0
2026.02.09 08:50:00,106891.92,106948.49,106881.67,106943.84,300,80,0
2026.02.09 08:45:00,106906.92,106906.92,106891.97,106891.97,300,80,0
2026.02.09 08:40:00,106859.44,106907.87,106853.54,106906.97,300,80,0
2026.02.09 08:35:00,106874.44,106874.44,106859.49,106859.49,300,80,0
2026.02.09 08:30:00,106889.44,106889.44,106874.49,106874.49,300,80,0
2026.02.09 08:25:00,106904.44,106904.44,106889.49,106889.49,300,80,0
2026.02.09 08:20:00,106919.44,106919.44,106904.49,106904.49,300,80,0
2026.02.09 08:15:00,106934.44,106934.44,106919.49,106919.49,300,80,0
2026.02.09 08:10:00,106904.67,106939.24,106894.52,106934.49,300,80,0
2026.02.09 08:05:00,106919.67,106919.67,106904.72,106904.72,300,80,0
2026.02.09 08:00:00,106934.67,106934.67,106919.72,106919.72,300,80,0
2026.02.09 07:55:00,106949.67,106949.67,106934.72,106934.72,300,80,0
2026.02.09 07:50:00,106964.67,106964.67,106949.72,106949.72,300,80,0
2026.02.09 07:45:00,106979.67,106979.67,106964.72,106964.72,300,80,0
2026.02.09 07:40:00,106994.67,106994.67,106979.72,106979.72,300,80,0
2026.02.09 07:35:00,107009.67,107009.67,106994.72,106994.72,300,80,0
2026.02.09 07:30:00,107007.59,107023.92,107006.89,107009.72,300,80,0
2026.02.09 07:25:00,107022.59,107022.59,107007.64,107007.64,300,80,0
2026.02.09 07:20:00,107037.59,107037.59,107022.64,107022.64,300,80,0
2026.02.09 07:15:00,107021.98,107043.64,107013.08,107037.64,300,80,0
2026.02.09 07:10:00,107036.98,107036.98,107022.03,107022.03,300,80,0
2026.02.09 07:05:00,107032.61,107050.33,107031.01,107037.03,300,80,0
2026.02.09 07:00:00,107047.61,107047.61,107032.66,107032.66,300,80,0
2026.02.09 06:55:00,107025.71,107058.81,107021.96,107047.66,300,80,0
2026.02.09 06:50:00,107040.71,107040.71,107025.76,107025.76,300,80,0
2026.02.09 06:45:00,107055.71,107055.71,107040.76,107040.76,300,80,0
2026.02.09 06:40:00,107070.71,107070.71,107055.76,107055.76,300,80,0
2026.02.09 06:35:00,107085.71,107085.71,107070.76,107070.76,300,80,0
2026.02.09 06:30:00,107085.61,107097.31,107082.26,107085.76,300,80,0
2026.02.09 06:25:00,107067.02,107098.96,107065.42,107085.66,300,80,0
2026.02.09 06:20:00,107021.13,107069.02,107011.48,107067.07,300,80,0
2026.02.09 06:15:00,106998.79,107025.23,106994.74,107021.18,300,80,0
2026.02.09 06:10:00,106881.82,107001.34,106872.17,106998.84,300,80,0
2026.02.09 06:05:00,106855.19,106885.77,106844.19,106881.87,300,80,0
2026.02.09 06:00:00,106870.19,106870.19,106855.24,106855.24,300,80,0
2026.02.09 05:55:00,106856.71,106871.34,106842.91,106870.24,300,80,0
2026.02.09 05:50:00,106825.76,106868.56,106822.66,106856.76,300,80,0
2026.02.09 05:45:00,106840.76,106840.76,106825.81,106825.81,300,80,0
2026.02.09 05:40:00,106836.79,106849.26,106830.34,106840.81,300,80,0
2026.02.09 05:35:00,106828.30,106847.44,106824.00,106836.84,300,80,0
2026.02.09 05:30:00,106811.69,106835.15,106803.59,106828.35,300,80,0
2026.02.09 05:25:00,106796.63,106811.89,106781.88,106811.74,300,80,0
2026.02.09 05:20:00,106811.63,106811.63,106796.68,106796.68,300,80,0
2026.02.09 05:15:00,106806.11,106823.33,106802.86,106811.68,300,80,0
2026.02.09 05:10:00,106821.11,106821.11,106806.16,106806.16,300,80,0
2026.02.09 05:05:00,106788.49,106825.26,106780.94,106821.16,300,80,0
2026.02.09 05:00:00,106803.49,106803.49,106788.54,106788.54,300,80,0
2026.02.09 04:55:00,106818.49,106818.49,106803.54,106803.54,300,80,0
2026.02.09 04:50:00,106833.49,106833.49,106818.54,106818.54,300,80,0
2026.02.09 04:45:00,106806.14,106843.19,106800.89,106833.54,300,80,0
2026.02.09 04:40:00,106821.14,106821.14,106806.19,106806.19,300,80,0
2026.02.09 04:35:00,106836.14,106836.14,106821.19,106821.19,300,80,0
2026.02.09 04:30:00,106851.14,106851.14,106836.19,106836.19,300,80,0
2026.02.09 04:25:00,106838.42,106857.59,106829.92,106851.19,300,80,0
2026.02.09 04:20:00,106802.88,106841.27,106797.38,106838.47,300,80,0
2026.02.09 04:15:00,106790.52,106810.93,106783.62,106802.93,300,80,0
2026.02.09 04:10:00,106805.52,106805.52,106790.57,106790.57,300,80,0
2026.02.09 04:05:00,106820.52,106820.52,106805.57,106805.57,300,80,0
2026.02.09 04:00:00,106728.07,106825.22,106724.32,106820.57,300,80,0
2026.02.09 03:55:00,106703.95,106729.32,106690.25,106728.12,300,80,0
2026.02.09 03:50:00,106718.95,106718.95,106704.00,106704.00,300,80,0
2026.02.09 03:45:00,106733.95,106733.95,106719.00,106719.00,300,80,0
2026.02.09 03:40:00,106683.83,106739.55,106679.03,106734.00,300,80,0
2026.02.09 03:35:00,106698.83,106698.83,106683.88,106683.88,300,80,0
2026.02.09 03:30:00,106713.83,106713.83,106698.88,106698.88,300,80,0
2026.02.09 03:25:00,106728.83,106728.83,106713.88,106713.88,300,80,0
2026.02.09 03:20:00,106680.38,106734.13,106680.33,106728.88,300,80,0
2026.02.09 03:15:00,106659.73,106695.03,106659.43,106680.43,300,80,0
2026.02.09 03:10:00,106674.73,106674.73,106659.78,106659.78,300,80,0
2026.02.09 03:05:00,106689.73,106689.73,106674.78,106674.78,300,80,0
2026.02.09 03:00:00,106704.73,106704.73,106689.78,106689.78,300,80,0
2026.02.09 02:55:00,106719.73,106719.73,106704.78,106704.78,300,80,0
2026.02.09 02:50:00,106715.88,106732.03,106713.23,106719.78,300,80,0
2026.02.09 02:45:00,106712.31,106725.58,106707.06,106715.93,300,80,0
2026.02.09 02:40:00,106727.31,106727.31,106712.36,106712.36,300,80,0
2026.02.09 02:35:00,106742.31,106742.31,106727.36,106727.36,300,80,0
2026.02.09 02:30:00,106757.31,106757.31,106742.36,106742.36,300,80,0
2026.02.09 02:25:00,106755.52,106764.56,106747.82,106757.36,300,80,0
2026.02.09 02:20:00,106714.46,106758.17,106709.91,106755.57,300,80,0
2026.02.09 02:15:00,106691.40,106727.41,106689.40,106714.51,300,80,0
2026.02.09 02:10:00,106706.40,106706.40,106691.45,106691.45,300,80,0
2026.02.09 02:05:00,106721.40,106721.40,106706.45,106706.45,300,80,0
2026.02.09 02:00:00,106715.73,106723.60,106702.98,106721.45,300,80,0
2026.02.09 01:55:00,106706.73,106722.38,106698.43,106715.78,300,80,0
2026.02.09 01:50:00,106703.85,106714.93,106697.10,106706.78,300,80,0
2026.02.09 01:45:00,106693.15,106717.95,106692.30,106703.90,300,80,0
2026.02.09 01:40:00,106708.15,106708.15,106693.20,106693.20,300,80,0
2026.02.09 01:35:00,106723.15,106723.15,106708.20,106708.20,300,80,0
2026.02.09 01:30:00,106654.01,106731.50,106651.26,106723.20,300,80,0
2026.02.09 01:25:00,106669.01,106669.01,106654.06,106654.06,300,80,0
2026.02.09 01:20:00,106684.01,106684.01,106669.06,106669.06,300,80,0
2026.02.09 01:15:00,106682.25,106690.01,106673.30,106684.06,300,80,0
2026.02.09 01:10:00,106697.25,106697.25,106682.30,106682.30,300,80,0
2026.02.09 01:05:00,106686.78,106707.45,106682.03,106697.30,300,80,0
2026.02.09 01:00:00,106648.59,106689.98,106641.59,106686.83,300,80,0
2026.02.09 00:55:00,106637.97,106654.09,106628.52,106648.64,300,80,0
2026.02.09 00:50:00,106652.97,106652.97,106638.02,106638.02,300,80,0
2026.02.09 00:45:00,106604.11,106654.12,106597.21,106653.02,300,80,0
2026.02.09 00:40:00,106603.92,106607.91,106592.77,106604.16,300,80,0
2026.02.09 00:35:00,106618.92,106618.92,106603.97,106603.97,300,80,0
2026.02.09 00:30:00,106578.42,106627.62,106572.17,106618.97,300,80,0
2026.02.09 00:25:00,106593.42,106593.42,106578.47,106578.47,300,80,0
2026.02.09 00:20:00,106573.86,106600.07,106565.56,106593.47,300,80,0
2026.02.09 00:15:00,106532.87,106585.26,106529.57,106573.91,300,80,0
2026.02.09 00:10:00,106547.87,106547.87,106532.92,106532.92,300,80,0
2026.02.09 00:05:00,106543.85,106560.02,106541.05,106547.92,300,80,0
2026.02.09 00:00:00,106558.85,106558.85,106543.90,106543.90,300,80,0
2026.02.08 23:55:00,106573.85,106573.85,106558.90,106558.90,300,80,0
2026.02.08 23:50:00,106588.85,106588.85,106573.90,106573.90,300,80,0
2026.02.08 23:45:00,106603.85,106603.85,106588.90,106588.90,300,80,0
2026.02.08 23:40:00,106594.73,106605.55,106581.48,106603.90,300,80,0
2026.02.08 23:35:00,106580.39,106598.93,106569.64,106594.78,300,80,0
2026.02.08 23:30:00,106595.39,106595.39,106580.44,106580.44,300,80,0
2026.02.08 23:25:00,106594.64,106596.99,106581.29,106595.44,300,80,0
2026.02.08 23:20:00,106609.64,106609.64,106594.69,106594.69,300,80,0
2026.02.08 23:15:00,106624.64,106624.64,106609.69,106609.69,300,80,0
2026.02.08 23:10:00,106639.64,106639.64,106624.69,106624.69,300,80,0
2026.02.08 23:05:00,106654.64,106654.64,106639.69,106639.69,300,80,0
2026.02.08 23:00:00,106669.64,106669.64,106654.69,106654.69,300,80,0
2026.02.08 22:55:00,106684.64,106684.64,106669.69,106669.69,300,80,0
2026.02.08 22:50:00,106699.64,106699.64,106684.69,106684.69,300,80,0
2026.02.08 22:45:00,106677.36,106701.94,106666.41,106699.69,300,80,0
2026.02.08 22:40:00,106692.36,106692.36,106677.41,106677.41,300,80,0
2026.02.08 22:35:00,106656.96,106701.36,106653.36,106692.41,300,80,0
2026.02.08 22:30:00,106646.50,106663.26,106637.85,106657.01,300,80,0
2026.02.08 22:25:00,106661.50,106661.50,106646.55,106646.55,300,80,0
2026.02.08 22:20:00,106676.50,106676.50,106661.55,106661.55,300,80,0
2026.02.08 22:15:00,106671.12,106679.70,106659.37,106676.55,300,80,0
2026.02.08 22:10:00,106645.10,106645.10,106630.15,106630.15,300,80,0
2026.02.08 22:05:00,106611.49,106653.95,106605.39,106645.15,300,80,0
2026.02.08 22:00:00,106626.49,106626.49,106611.54,106611.54,300,80,0
2026.02.08 21:55:00,106620.59,106634.34,106613.49,106626.54,300,80,0
2026.02.08 21:50:00,106635.59,106635.59,106620.64,106620.64,300,80,0
2026.02.08 21:45:00,106650.59,106650.59,106635.64,106635.64,300,80,0
2026.02.08 21:40:00,106633.11,106651.24,106618.81,106650.64,300,80,0
2026.02.08 21:35:00,106629.19,106635.31,106616.44,106633.16,300,80,0
2026.02.08 21:30:00,106626.01,106640.04,106621.91,106629.24,300,80,0
2026.02.08 21:25:00,106591.10,106632.56,106590.65,106626.06,300,80,0
2026.02.08 21:20:00,106577.00,106596.60,106567.55,106591.15,300,80,0
2026.02.08 21:15:00,106592.00,106592.00,106577.05,106577.05,300,80,0
2026.02.08 21:10:00,106607.00,106607.00,106592.05,106592.05,300,80,0
2026.02.08 21:05:00,106622.00,106622.00,106607.05,106607.05,300,80,0
2026.02.08 21:00:00,106637.00,106637.00,106622.05,106622.05,300,80,0
2026.02.08 20:55:00,106652.00,106652.00,106637.05,106637.05,300,80,0
2026.02.08 20:50:00,106667.00,106667.00,106652.05,106652.05,300,80,0
2026.02.08 20:45:00,106682.00,106682.00,106667.05,106667.05,300,80,0
2026.02.08 20:40:00,106697.00,106697.00,106682.05,106682.05,300,80,0
2026.02.08 20:35:00,106712.00,106712.00,106697.05,106697.05,300,80,0
2026.02.08 20:30:00,106727.00,106727.00,106712.05,106712.05,300,80,0
2026.02.08 20:25:00,106645.11,106730.00,106643.66,106727.05,300,80,0
2026.02.08 20:20:00,106660.11,106660.11,106645.16,106645.16,300,80,0
2026.02.08 20:15:00,106646.44,106667.06,106638.44,106660.16,300,80,0
2026.02.08 20:10:00,106634.82,106657.94,106631.37,106646.49,300,80,0
2026.02.08 20:05:00,106649.82,106649.82,106634.87,106634.87,300,80,0
2026.02.08 20:00:00,106664.82,106664.82,106649.87,106649.87,300,80,0
2026.02.08 19:55:00,106679.82,106679.82,106664.87,106664.87,300,80,0
2026.02.08 19:50:00,106694.82,106694.82,106679.87,106679.87,300,80,0
2026.02.08 19:45:00,106669.67,106707.97,106667.87,106694.87,300,80,0
2026.02.08 19:40:00,106684.67,106684.67,106669.72,106669.72,300,80,0
2026.02.08 19:35:00,106699.67,106699.67,106684.72,106684.72,300,80,0
2026.02.08 19:30:00,106676.37,106710.37,106672.12,106699.72,300,80,0
2026.02.08 19:25:00,106628.74,106682.72,106626.69,106676.42,300,80,0
2026.02.08 19:20:00,106643.74,106643.74,106628.79,106628.79,300,80,0
2026.02.08 19:15:00,106609.86,106654.14,106609.01,106643.79,300,80,0
2026.02.08 19:10:00,106568.10,106617.01,106563.25,106609.91,300,80,0
2026.02.08 19:05:00,106540.40,106581.50,106538.85,106568.15,300,80,0
2026.02.08 19:00:00,106555.40,106555.40,106540.45,106540.45,300,80,0
2026.02.08 18:55:00,106484.42,106555.50,106479.17,106555.45,300,80,0
2026.02.08 18:50:00,106499.42,106499.42,106484.47,106484.47,284,80,0
2026.02.08 18:45:00,106498.64,106513.22,106497.49,106499.47,300,80,0
2026.02.08 18:40:00,106513.64,106513.64,106498.69,106498.69,300,80,0
2026.02.08 18:35:00,106528.64,106528.64,106513.69,106513.69,300,80,0
2026.02.08 18:30:00,106543.64,106543.64,106528.69,106528.69,300,80,0
2026.02.08 18:25:00,106530.10,106556.84,106528.35,106543.69,300,80,0
2026.02.08 18:20:00,106545.10,106545.10,106530.15,106530.15,300,80,0
2026.02.08 18:15:00,106560.10,106560.10,106545.15,106545.15,300,80,0
2026.02.08 18:10:00,106575.10,106575.10,106560.15,106560.15,300,80,0
2026.02.08 18:05:00,106590.10,106590.10,106575.15,106575.15,300,80,0
2026.02.08 18:00:00,106583.88,106595.50,106574.33,106590.15,300,80,0
2026.02.08 17:55:00,106598.88,106598.88,106583.93,106583.93,300,80,0
2026.02.08 17:50:00,106613.88,106613.88,106598.93,106598.93,300,80,0
2026.02.08 17:45:00,106628.88,106628.88,106613.93,106613.93,300,80,0
2026.02.08 17:40:00,106643.88,106643.88,106628.93,106628.93,300,80,0
2026.02.08 17:35:00,106658.88,106658.88,106643.93,106643.93,300,80,0
2026.02.08 17:30:00,106673.88,106673.88,106658.93,106658.93,300,80,0
2026.02.08 17:25:00,106688.88,106688.88,106673.93,106673.93,300,80,0
2026.02.08 17:20:00,106703.88,106703.88,106688.93,106688.93,300,80,0
2026.02.08 17:15:00,106700.17,106712.28,106693.62,106703.93,300,80,0
2026.02.08 17:10:00,106679.38,106706.37,106670.63,106700.22,300,80,0
2026.02.08 17:05:00,106694.38,106694.38,106679.43,106679.43,300,80,0
2026.02.08 17:00:00,106709.38,106709.38,106694.43,106694.43,300,80,0
2026.02.08 16:55:00,106683.36,106723.78,106682.81,106709.43,300,80,0
2026.02.08 16:50:00,106698.36,106698.36,106683.41,106683.41,300,80,0
2026.02.08 16:45:00,106713.36,106713.36,106698.41,106698.41,300,80,0
2026.02.08 16:40:00,106708.37,106720.91,106700.97,106713.41,300,80,0
2026.02.08 16:35:00,106702.48,106720.07,106699.23,106708.42,300,80,0
2026.02.08 16:30:00,106678.30,106709.13,106672.10,106702.53,300,80,0
2026.02.08 16:25:00,106655.32,106683.35,106645.42,106678.35,300,80,0
2026.02.08 16:20:00,106670.32,106670.32,106655.37,106655.37,300,80,0
2026.02.08 16:15:00,106634.31,106675.22,106629.46,106670.37,300,80,0
2026.02.08 16:10:00,106624.53,106643.21,106618.48,106634.36,300,80,0
2026.02.08 16:05:00,106622.61,106630.03,106613.16,106624.58,300,80,0
2026.02.08 16:00:00,106637.61,106637.61,106622.66,106622.66,300,80,0
2026.02.08 15:55:00,106652.61,106652.61,106637.66,106637.66,300,80,0
2026.02.08 15:50:00,106667.61,106667.61,106652.66,106652.66,300,80,0
2026.02.08 15:45:00,106682.61,106682.61,106667.66,106667.66,300,80,0
2026.02.08 15:40:00,106697.61,106697.61,106682.66,106682.66,300,80,0
2026.02.08 15:35:00,106712.61,106712.61,106697.66,106697.66,300,80,0
2026.02.08 15:30:00,106727.61,106727.61,106712.66,106712.66,300,80,0
2026.02.08 15:25:00,106709.07,106732.51,106699.02,106727.66,300,80,0
2026.02.08 15:20:00,106724.07,106724.07,106709.12,106709.12,300,80,0
2026.02.08 15:15:00,106676.22,106730.97,106672.37,106724.12,300,80,0
2026.02.08 15:10:00,106667.30,106680.17,106656.30,106676.27,300,80,0
2026.02.08 15:05:00,106608.02,106673.45,106606.37,106667.35,300,80,0
2026.02.08 15:00:00,106623.02,106623.02,106608.07,106608.07,300,80,0
2026.02.08 14:55:00,106638.02,106638.02,106623.07,106623.07,300,80,0
2026.02.08 14:50:00,106653.02,106653.02,106638.07,106638.07,300,80,0
2026.02.08 14:45:00,106644.77,106656.47,106633.27,106653.07,300,80,0
2026.02.08 14:40:00,106554.56,106645.22,106551.86,106644.82,300,80,0
2026.02.08 14:35:00,106569.56,106569.56,106554.61,106554.61,300,80,0
2026.02.08 14:30:00,106535.57,106578.26,106529.32,106569.61,300,80,0
2026.02.08 14:25:00,106524.96,106545.57,106520.01,106535.62,300,80,0
2026.02.08 14:20:00,106539.96,106539.96,106525.01,106525.01,300,80,0
2026.02.08 14:15:00,106554.96,106554.96,106540.01,106540.01,300,80,0
2026.02.08 14:10:00,106569.96,106569.96,106555.01,106555.01,300,80,0
2026.02.08 14:05:00,106568.62,106581.51,106565.22,106570.01,300,80,0
2026.02.08 14:00:00,106543.96,106580.02,106540.41,106568.67,300,80,0
2026.02.08 13:55:00,106541.84,106546.21,106529.14,106544.01,300,80,0
2026.02.08 13:50:00,106515.93,106547.29,106506.43,106541.89,300,80,0
2026.02.08 13:45:00,106530.93,106530.93,106515.98,106515.98,300,80,0
2026.02.08 13:40:00,106529.39,106542.43,106525.94,106530.98,300,80,0
2026.02.08 13:35:00,106544.39,106544.39,106529.44,106529.44,300,80,0
2026.02.08 13:30:00,106512.09,106551.54,106506.19,106544.44,300,80,0
2026.02.08 13:25:00,106527.09,106527.09,106512.14,106512.14,300,80,0
2026.02.08 13:20:00,106542.09,106542.09,106527.14,106527.14,300,80,0
2026.02.08 13:15:00,106521.62,106546.49,106511.07,106542.14,300,80,0
2026.02.08 13:10:00,106419.12,106524.62,106417.82,106521.67,300,80,0
2026.02.08 13:05:00,106434.12,106434.12,106419.17,106419.17,300,80,0
2026.02.08 13:00:00,106431.42,106449.07,106431.42,106434.17,300,80,0
2026.02.08 12:55:00,106428.75,106439.47,106421.85,106431.47,300,80,0
2026.02.08 12:50:00,106443.75,106443.75,106428.80,106428.80,300,80,0
2026.02.08 12:45:00,106438.02,106453.20,106432.52,106443.80,300,80,0
2026.02.08 12:40:00,106453.02,106453.02,106438.07,106438.07,300,80,0
2026.02.08 12:35:00,106468.02,106468.02,106453.07,106453.07,300,80,0
2026.02.08 12:30:00,106483.02,106483.02,106468.07,106468.07,300,80,0
2026.02.08 12:25:00,106475.02,106484.37,106461.42,106483.07,300,80,0
2026.02.08 12:20:00,106387.48,106478.92,106381.88,106475.07,300,80,0
2026.02.08 12:15:00,106402.48,106402.48,106387.53,106387.53,300,80,0
2026.02.08 12:10:00,106417.48,106417.48,106402.53,106402.53,300,80,0
2026.02.08 12:05:00,106351.74,106420.23,106350.09,106417.53,300,80,0
2026.02.08 12:00:00,106366.74,106366.74,106351.79,106351.79,300,80,0
2026.02.08 11:55:00,106381.74,106381.74,106366.79,106366.79,300,80,0
2026.02.08 11:50:00,106367.16,106384.99,106355.46,106381.79,300,80,0
2026.02.08 11:45:00,106342.61,106371.36,106331.86,106367.21,300,80,0
2026.02.08 11:40:00,106314.98,106348.26,106311.58,106342.66,300,80,0
2026.02.08 11:35:00,106306.86,106325.68,106302.61,106315.03,300,80,0
2026.02.08 11:30:00,106321.86,106321.86,106306.91,106306.91,300,80,0
2026.02.08 11:25:00,106336.86,106336.86,106321.91,106321.91,300,80,0
2026.02.08 11:20:00,106351.86,106351.86,106336.91,106336.91,300,80,0
2026.02.08 11:15:00,106343.23,106366.61,106343.03,106351.91,300,80,0
2026.02.08 11:10:00,106336.99,106351.88,106330.69,106343.28,300,80,0
2026.02.08 11:05:00,106351.99,106351.99,106337.04,106337.04,300,80,0
2026.02.08 11:00:00,106366.99,106366.99,106352.04,106352.04,300,80,0
2026.02.08 10:55:00,106381.99,106381.99,106367.04,106367.04,300,80,0
2026.02.08 10:50:00,106366.55,106385.04,106354.65,106382.04,300,80,0
2026.02.08 10:45:00,106381.55,106381.55,106366.60,106366.60,300,80,0
2026.02.08 10:40:00,106396.55,106396.55,106381.60,106381.60,300,80,0
2026.02.08 10:35:00,106411.55,106411.55,106396.60,106396.60,300,80,0
2026.02.08 10:30:00,106401.40,106413.00,106387.90,106411.60,300,80,0
2026.02.08 10:25:00,106395.31,106414.75,106393.71,106401.45,300,80,0
2026.02.08 10:20:00,106395.24,106402.76,106387.74,106395.36,300,80,0
2026.02.08 10:15:00,106410.24,106410.24,106395.29,106395.29,300,80,0
2026.02.08 10:10:00,106389.36,106424.99,106389.16,106410.29,300,80,0
2026.02.08 10:05:00,106359.86,106400.16,106355.71,106389.41,300,80,0
2026.02.08 10:00:00,106352.86,106373.01,106351.06,106359.91,300,80,0
2026.02.08 09:55:00,106367.86,106367.86,106352.91,106352.91,300,80,0
2026.02.08 09:50:00,106319.66,106372.56,106319.66,106367.91,300,80,0
2026.02.08 09:45:00,106266.42,106322.81,106266.22,106319.71,300,80,0
2026.02.08 09:40:00,106223.83,106273.62,106222.33,106266.47,300,80,0
2026.02.08 09:35:00,106220.01,106224.58,106205.81,106223.88,300,80,0
2026.02.08 09:30:00,106215.99,106230.81,106211.84,106220.06,300,80,0
2026.02.08 09:25:00,106230.99,106230.99,106216.04,106216.04,300,80,0
2026.02.08 09:20:00,106245.99,106245.99,106231.04,106231.04,300,80,0
2026.02.08 09:15:00,106260.99,106260.99,106246.04,106246.04,300,80,0
2026.02.08 09:10:00,106275.99,106275.99,106261.04,106261.04,300,80,0
2026.02.08 09:05:00,106290.99,106290.99,106276.04,106276.04,300,80,0
2026.02.08 09:00:00,106287.49,106304.09,106285.64,106291.04,300,80,0
2026.02.08 08:55:00,106255.03,106298.59,106251.18,106287.54,300,80,0
2026.02.08 08:50:00,106270.03,106270.03,106255.08,106255.08,300,80,0
2026.02.08 08:45:00,106285.03,106285.03,106270.08,106270.08,300,80,0
2026.02.08 08:40:00,106300.03,106300.03,106285.08,106285.08,300,80,0
2026.02.08 08:35:00,106231.25,106301.63,106228.55,106300.08,300,80,0
2026.02.08 08:30:00,106246.25,106246.25,106231.30,106231.30,300,80,0
2026.02.08 08:25:00,106243.50,106251.90,106234.20,106246.30,300,80,0
2026.02.08 08:20:00,106208.22,106247.20,106205.87,106243.55,300,80,0
2026.02.08 08:15:00,106192.54,106223.17,106192.54,106208.27,300,80,0
2026.02.08 08:10:00,106207.54,106207.54,106192.59,106192.59,300,80,0
2026.02.08 08:05:00,106194.02,106214.24,106185.77,106207.59,300,80,0
2026.02.08 08:00:00,106209.02,106209.02,106194.07,106194.07,235,80,0
2026.02.08 07:55:00,106203.18,106213.82,106193.03,106209.07,300,80,0
2026.02.08 07:50:00,106218.18,106218.18,106203.23,106203.23,300,80,0
2026.02.08 07:45:00,106127.06,106221.43,106124.66,106218.23,300,80,0
2026.02.08 07:40:00,106142.06,106142.06,106127.11,106127.11,300,80,0
2026.02.08 07:35:00,106135.49,106155.56,106134.04,106142.11,300,80,0
2026.02.08 07:30:00,106113.83,106147.89,106111.28,106135.54,300,80,0
2026.02.08 07:25:00,106128.83,106128.83,106113.88,106113.88,300,80,0
2026.02.08 07:20:00,106121.63,106133.53,106111.38,106128.88,300,80,0
2026.02.08 07:15:00,106136.63,106136.63,106121.68,106121.68,300,80,0
2026.02.08 07:10:00,106128.79,106144.38,106121.59,106136.68,300,80,0
2026.02.08 07:05:00,106143.79,106143.79,106128.84,106128.84,300,80,0
2026.02.08 07:00:00,106158.79,106158.79,106143.84,106143.84,300,80,0
2026.02.08 06:45:00,106154.45,106166.19,106146.90,106158.84,300,80,0
2026.02.08 06:40:00,106169.45,106169.45,106154.50,106154.50,300,80,0
2026.02.08 06:35:00,106184.45,106184.45,106169.50,106169.50,300,80,0
2026.02.08 06:30:00,106167.22,106186.00,106153.82,106184.50,300,80,0
2026.02.08 06:25:00,106154.56,106175.32,106147.71,106167.27,300,80,0
2026.02.08 06:20:00,106169.56,106169.56,106154.61,106154.61,300,80,0
2026.02.08 06:15:00,106184.56,106184.56,106169.61,106169.61,300,80,0
2026.02.08 06:10:00,106199.56,106199.56,106184.61,106184.61,300,80,0
2026.02.08 06:05:00,106214.56,106214.56,106199.61,106199.61,300,80,0
2026.02.08 06:00:00,106229.56,106229.56,106214.61,106214.61,300,80,0
2026.02.08 05:55:00,106189.30,106238.51,106187.40,106229.61,300,80,0
2026.02.08 05:50:00,106154.41,106194.65,106144.81,106189.35,300,80,0
2026.02.08 05:45:00,106169.41,106169.41,106154.46,106154.46,300,80,0
2026.02.08 05:40:00,106184.41,106184.41,106169.46,106169.46,300,80,0
2026.02.08 05:35:00,106199.41,106199.41,106184.46,106184.46,300,80,0
2026.02.08 05:30:00,106214.41,106214.41,106199.46,106199.46,300,80,0
2026.02.08 05:25:00,106229.41,106229.41,106214.46,106214.46,300,80,0
2026.02.08 05:20:00,106203.36,106231.26,106190.26,106229.46,300,80,0
2026.02.08 05:15:00,106180.52,106206.86,106169.07,106203.41,300,80,0
2026.02.08 05:10:00,106195.52,106195.52,106180.57,106180.57,300,80,0
2026.02.08 05:05:00,106210.52,106210.52,106195.57,106195.57,300,80,0
2026.02.08 05:00:00,106225.52,106225.52,106210.57,106210.57,300,80,0
2026.02.08 04:55:00,106240.52,106240.52,106225.57,106225.57,300,80,0
2026.02.08 04:50:00,106233.20,106254.22,106231.95,106240.57,300,80,0
2026.02.08 04:45:00,106209.63,106234.75,106196.23,106233.25,300,80,0
2026.02.08 04:40:00,106224.63,106224.63,106209.68,106209.68,300,80,0
2026.02.08 04:35:00,106239.63,106239.63,106224.68,106224.68,300,80,0
2026.02.08 04:30:00,106254.63,106254.63,106239.68,106239.68,300,80,0
2026.02.08 04:25:00,106241.63,106264.48,106236.53,106254.68,300,80,0
2026.02.08 04:20:00,106218.73,106249.43,106211.58,106241.68,300,80,0
2026.02.08 04:15:00,106233.73,106233.73,106218.78,106218.78,300,80,0
2026.02.08 04:10:00,106248.73,106248.73,106233.78,106233.78,300,80,0
2026.02.08 04:05:00,106263.73,106263.73,106248.78,106248.78,300,80,0
2026.02.08 04:00:00,106278.73,106278.73,106263.78,106263.78,300,80,0
2026.02.08 03:55:00,106260.23,106284.33,106250.88,106278.78,300,80,0
2026.02.08 03:50:00,106275.23,106275.23,106260.28,106260.28,300,80,0
2026.02.08 03:45:00,106249.40,106282.58,106241.80,106275.28,300,80,0
2026.02.08 03:40:00,106229.74,106253.25,106218.64,106249.45,300,80,0
2026.02.08 03:35:00,106244.74,106244.74,106229.79,106229.79,300,80,0
2026.02.08 03:30:00,106259.74,106259.74,106244.79,106244.79,300,80,0
2026.02.08 03:25:00,106274.74,106274.74,106259.79,106259.79,300,80,0
2026.02.08 03:20:00,106289.74,106289.74,106274.79,106274.79,300,80,0
2026.02.08 03:15:00,106304.74,106304.74,106289.79,106289.79,300,80,0
2026.02.08 03:10:00,106319.74,106319.74,106304.79,106304.79,300,80,0
2026.02.08 03:05:00,106334.74,106334.74,106319.79,106319.79,300,80,0
2026.02.08 03:00:00,106349.74,106349.74,106334.79,106334.79,300,80,0
2026.02.08 02:55:00,106331.78,106350.19,106317.28,106349.79,300,80,0
2026.02.08 02:50:00,106346.78,106346.78,106331.83,106331.83,300,80,0
2026.02.08 02:45:00,106361.78,106361.78,106346.83,106346.83,300,80,0
2026.02.08 02:40:00,106376.78,106376.78,106361.83,106361.83,300,80,0
2026.02.08 02:35:00,106391.78,106391.78,106376.83,106376.83,300,80,0
2026.02.08 02:30:00,106406.78,106406.78,106391.83,106391.83,300,80,0
2026.02.08 02:25:00,106385.43,106414.33,106378.03,106406.83,300,80,0
2026.02.08 02:20:00,106400.43,106400.43,106385.48,106385.48,300,80,0
2026.02.08 02:15:00,106352.83,106406.53,106352.43,106400.48,300,80,0
2026.02.08 02:10:00,106367.83,106367.83,106352.88,106352.88,300,80,0
2026.02.08 02:05:00,106351.82,106380.88,106349.92,106367.88,300,80,0
2026.02.08 02:00:00,106309.47,106359.77,106305.92,106351.87,300,80,0
2026.02.08 01:55:00,106275.96,106323.17,106274.71,106309.52,300,80,0
2026.02.08 01:50:00,106255.87,106283.41,106248.37,106276.01,300,80,0
2026.02.08 01:45:00,106238.35,106264.57,106232.10,106255.92,300,80,0
2026.02.08 01:40:00,106216.59,106242.85,106206.39,106238.40,300,80,0
2026.02.08 01:35:00,106231.59,106231.59,106216.64,106216.64,300,80,0
2026.02.08 01:30:00,106214.23,106242.44,106210.13,106231.64,300,80,0
2026.02.08 01:25:00,106229.23,106229.23,106214.28,106214.28,300,80,0
2026.02.08 01:20:00,106195.87,106235.93,106187.62,106229.28,300,80,0
2026.02.08 01:15:00,106210.87,106210.87,106195.92,106195.92,300,80,0
2026.02.08 01:10:00,106197.90,106217.97,106190.05,106210.92,300,80,0
2026.02.08 01:05:00,106212.90,106212.90,106197.95,106197.95,300,80,0
2026.02.08 01:00:00,106227.90,106227.90,106212.95,106212.95,300,80,0
2026.02.08 00:55:00,106242.90,106242.90,106227.95,106227.95,300,80,0
2026.02.08 00:50:00,106214.19,106248.65,106204.99,106242.95,300,80,0
2026.02.08 00:45:00,106181.57,106224.04,106177.37,106214.24,300,80,0
2026.02.08 00:40:00,106196.57,106196.57,106181.62,106181.62,300,80,0
2026.02.08 00:35:00,106211.57,106211.57,106196.62,106196.62,300,80,0
2026.02.08 00:30:00,106209.23,106221.72,106204.43,106211.62,300,80,0
2026.02.08 00:25:00,106180.19,106214.18,106170.19,106209.28,300,80,0
2026.02.08 00:20:00,106195.19,106195.19,106180.24,106180.24,300,80,0
2026.02.08 00:15:00,106210.19,106210.19,106195.24,106195.24,300,80,0
2026.02.08 00:10:00,106189.73,106210.54,106175.13,106210.24,300,80,0
2026.02.08 00:05:00,106149.96,106201.03,106146.31,106189.78,300,80,0
2026.02.08 00:00:00,106164.96,106164.96,106150.01,106150.01,300,80,0
2026.02.07 23:55:00,106179.96,106179.96,106165.01,106165.01,300,80,0
2026.02.07 23:50:00,106178.62,106194.26,106177.97,106180.01,300,80,0
2026.02.07 23:45:00,106193.62,106193.62,106178.67,106178.67,300,80,0
2026.02.07 23:40:00,106208.62,106208.62,106193.67,106193.67,300,80,0
2026.02.07 23:35:00,106204.77,106222.17,106203.37,106208.67,300,80,0
2026.02.07 23:30:00,106219.77,106219.77,106204.82,106204.82,300,80,0
2026.02.07 23:25:00,106234.77,106234.77,106219.82,106219.82,300,80,0
2026.02.07 23:20:00,106249.77,106249.77,106234.82,106234.82,300,80,0
2026.02.07 23:15:00,106264.77,106264.77,106249.82,106249.82,300,80,0
2026.02.07 23:10:00,106279.77,106279.77,106264.82,106264.82,300,80,0
2026.02.07 23:05:00,106261.29,106292.72,106259.29,106279.82,300,80,0
2026.02.07 23:00:00,106276.29,106276.29,106261.34,106261.34,300,80,0
2026.02.07 22:55:00,106250.58,106282.79,106242.13,106276.34,300,80,0
2026.02.07 22:50:00,106240.86,106257.58,106237.91,106250.63,201,80,0
2026.02.07 22:45:00,106204.31,106243.91,106192.41,106240.91,300,80,0
2026.02.07 22:40:00,106179.09,106210.41,106170.24,106204.36,300,80,0
2026.02.07 22:35:00,106160.66,106187.69,106154.31,106179.14,300,80,0
2026.02.07 22:30:00,106148.81,106174.71,106147.91,106160.71,300,80,0
2026.02.07 22:25:00,106163.81,106163.81,106148.86,106148.86,300,80,0
2026.02.07 22:20:00,106178.81,106178.81,106163.86,106163.86,300,80,0
2026.02.07 22:15:00,106135.42,106186.21,106134.52,106178.86,300,80,0
2026.02.07 22:10:00,106129.59,106144.52,106123.74,106135.47,300,80,0
2026.02.07 22:05:00,106144.59,106144.59,106129.64,106129.64,300,80,0
2026.02.07 22:00:00,106159.59,106159.59,106144.64,106144.64,300,80,0
2026.02.07 21:55:00,106174.59,106174.59,106159.64,106159.64,300,80,0
2026.02.07 21:50:00,106189.59,106189.59,106174.64,106174.64,300,80,0
2026.02.07 21:45:00,106204.59,106204.59,106189.64,106189.64,300,80,0
2026.02.07 21:40:00,106200.85,106206.29,106187.60,106204.64,300,80,0
2026.02.07 21:35:00,106168.00,106213.25,106167.90,106200.90,300,80,0
2026.02.07 21:30:00,106183.00,106183.00,106168.05,106168.05,300,80,0
2026.02.07 21:25:00,106147.82,106183.05,106133.52,106183.05,300,80,0
2026.02.07 21:20:00,106162.82,106162.82,106147.87,106147.87,300,80,0
2026.02.07 21:15:00,106154.96,106173.12,106150.31,106162.87,300,80,0
2026.02.07 21:10:00,106142.81,106161.01,106133.91,106155.01,300,80,0
2026.02.07 21:05:00,106157.81,106157.81,106142.86,106142.86,300,80,0
2026.02.07 21:00:00,106172.81,106172.81,106157.86,106157.86,300,80,0
2026.02.07 20:55:00,106187.81,106187.81,106172.86,106172.86,300,80,0
2026.02.07 20:50:00,106202.81,106202.81,106187.86,106187.86,300,80,0
2026.02.07 20:45:00,106217.81,106217.81,106202.86,106202.86,300,80,0
2026.02.07 20:40:00,106199.04,106227.71,106193.99,106217.86,300,80,0
2026.02.07 20:35:00,106214.04,106214.04,106199.09,106199.09,300,80,0
2026.02.07 20:30:00,106206.37,106223.99,106201.37,106214.09,300,80,0
2026.02.07 20:25:00,106187.24,106206.42,106172.34,106206.42,300,80,0
2026.02.07 20:20:00,106152.80,106194.84,106145.45,106187.29,300,80,0
2026.02.07 20:15:00,106152.77,106167.40,106152.42,106152.85,300,80,0
2026.02.07 20:10:00,106167.77,106167.77,106152.82,106152.82,300,80,0
2026.02.07 20:05:00,106182.77,106182.77,106167.82,106167.82,300,80,0
2026.02.07 20:00:00,106197.77,106197.77,106182.82,106182.82,300,80,0
2026.02.07 19:55:00,106183.24,106202.77,106173.29,106197.82,300,80,0
2026.02.07 19:50:00,106198.24,106198.24,106183.29,106183.29,300,80,0
2026.02.07 19:45:00,106213.24,106213.24,106198.29,106198.29,300,80,0
2026.02.07 19:40:00,106228.24,106228.24,106213.29,106213.29,300,80,0
2026.02.07 19:35:00,106205.29,106238.24,106200.34,106228.29,300,80,0
2026.02.07 19:30:00,106220.29,106220.29,106205.34,106205.34,300,80,0
2026.02.07 19:25:00,106216.55,106228.04,106209.35,106220.34,300,80,0
2026.02.07 19:20:00,106123.45,106220.35,106122.70,106216.60,300,80,0
2026.02.07 19:15:00,106120.87,106130.50,106112.97,106123.50,300,80,0
2026.02.07 19:10:00,106071.95,106124.82,106068.45,106120.92,300,80,0
2026.02.07 19:05:00,106086.95,106086.95,106072.00,106072.00,300,80,0
2026.02.07 19:00:00,106101.95,106101.95,106087.00,106087.00,300,80,0
2026.02.07 18:55:00,106116.95,106116.95,106102.00,106102.00,300,80,0
2026.02.07 18:50:00,106054.62,106121.40,106050.17,106117.00,300,80,0
2026.02.07 18:45:00,106069.62,106069.62,106054.67,106054.67,300,80,0
2026.02.07 18:40:00,106061.41,106070.02,106046.86,106069.67,300,80,0
2026.02.07 18:35:00,106042.83,106064.76,106031.23,106061.46,300,80,0
2026.02.07 18:30:00,106057.83,106057.83,106042.88,106042.88,300,80,0
2026.02.07 18:25:00,106072.83,106072.83,106057.88,106057.88,300,80,0
2026.02.07 18:20:00,106087.83,106087.83,106072.88,106072.88,300,80,0
2026.02.07 18:15:00,106102.83,106102.83,106087.88,106087.88,300,80,0
2026.02.07 18:10:00,106117.83,106117.83,106102.88,106102.88,300,80,0
2026.02.07 18:05:00,106132.83,106132.83,106117.88,106117.88,300,80,0
2026.02.07 18:00:00,106147.83,106147.83,106132.88,106132.88,300,80,0
2026.02.07 17:55:00,106132.86,106151.98,106122.06,106147.88,300,80,0
2026.02.07 17:50:00,106147.86,106147.86,106132.91,106132.91,300,80,0
2026.02.07 17:45:00,106128.70,106154.61,106120.50,106147.91,300,80,0
2026.02.07 17:40:00,106143.70,106143.70,106128.75,106128.75,300,80,0
2026.02.07 17:35:00,106158.70,106158.70,106143.75,106143.75,300,80,0
2026.02.07 17:30:00,106105.47,106166.85,106101.97,106158.75,300,80,0
2026.02.07 17:25:00,106120.47,106120.47,106105.52,106105.52,300,80,0
2026.02.07 17:20:00,106135.47,106135.47,106120.52,106120.52,300,80,0
2026.02.07 17:15:00,106150.47,106150.47,106135.52,106135.52,300,80,0
2026.02.07 17:10:00,106128.35,106162.07,106125.00,106150.52,300,80,0
2026.02.07 17:05:00,106143.35,106143.35,106128.40,106128.40,300,80,0
2026.02.07 17:00:00,106141.38,106155.75,106138.83,106143.40,300,80,0
2026.02.07 16:55:00,106156.38,106156.38,106141.43,106141.43,300,80,0
2026.02.07 16:50:00,106171.38,106171.38,106156.43,106156.43,300,80,0
2026.02.07 16:45:00,106147.19,106181.98,106142.84,106171.43,300,80,0
2026.02.07 16:40:00,106162.19,106162.19,106147.24,106147.24,300,80,0
2026.02.07 16:35:00,106177.19,106177.19,106162.24,106162.24,300,80,0
2026.02.07 16:30:00,106192.19,106192.19,106177.24,106177.24,300,80,0
2026.02.07 16:25:00,106207.19,106207.19,106192.24,106192.24,300,80,0
2026.02.07 16:20:00,106222.19,106222.19,106207.24,106207.24,300,80,0
2026.02.07 16:15:00,106237.19,106237.19,106222.24,106222.24,300,80,0
2026.02.07 16:10:00,106252.19,106252.19,106237.24,106237.24,300,80,0
2026.02.07 16:05:00,106267.19,106267.19,106252.24,106252.24,300,80,0
2026.02.07 16:00:00,106282.19,106282.19,106267.24,106267.24,300,80,0
2026.02.07 15:55:00,106297.19,106297.19,106282.24,106282.24,300,80,0
2026.02.07 15:50:00,106274.68,106311.09,106273.63,106297.24,300,80,0
2026.02.07 15:45:00,106238.28,106281.73,106230.38,106274.73,300,80,0
2026.02.07 15:40:00,106230.20,106249.63,106226.60,106238.33,300,80,0
2026.02.07 15:35:00,106223.09,106235.05,106212.99,106230.25,300,80,0
2026.02.07 15:30:00,106209.12,106232.34,106203.42,106223.14,300,80,0
2026.02.07 15:25:00,106203.55,106215.27,106194.75,106209.17,300,80,0
2026.02.07 15:20:00,106218.55,106218.55,106203.60,106203.60,300,80,0
2026.02.07 15:15:00,106193.65,106226.90,106187.05,106218.60,300,80,0
2026.02.07 15:10:00,106208.65,106208.65,106193.70,106193.70,300,80,0
2026.02.07 15:05:00,106163.11,106216.35,106160.01,106208.70,300,80,0
2026.02.07 15:00:00,106126.42,106172.31,106125.97,106163.16,300,80,0
2026.02.07 14:55:00,106141.42,106141.42,106126.47,106126.47,300,80,0
2026.02.07 14:50:00,106095.59,106152.22,106093.64,106141.47,300,80,0
2026.02.07 14:45:00,106110.59,106110.59,106095.64,106095.64,300,80,0
2026.02.07 14:40:00,106125.59,106125.59,106110.64,106110.64,300,80,0
2026.02.07 14:35:00,106140.59,106140.59,106125.64,106125.64,300,80,0
2026.02.07 14:30:00,106094.44,106142.14,106086.59,106140.64,300,80,0
2026.02.07 14:25:00,106044.68,106100.69,106037.53,106094.49,300,80,0
2026.02.07 14:20:00,106059.68,106059.68,106044.73,106044.73,300,80,0
2026.02.07 14:15:00,106074.68,106074.68,106059.73,106059.73,300,80,0
2026.02.07 14:10:00,105978.88,106075.38,105973.68,106074.73,300,80,0
2026.02.07 14:05:00,105993.88,105993.88,105978.93,105978.93,300,80,0
2026.02.07 14:00:00,106008.88,106008.88,105993.93,105993.93,300,80,0
2026.02.07 13:55:00,106023.88,106023.88,106008.93,106008.93,300,80,0
2026.02.07 13:50:00,106014.78,106024.88,106000.83,106023.93,300,80,0
2026.02.07 13:45:00,106029.78,106029.78,106014.83,106014.83,300,80,0
2026.02.07 13:40:00,106044.78,106044.78,106029.83,106029.83,300,80,0
2026.02.07 13:35:00,106059.78,106059.78,106044.83,106044.83,300,80,0
2026.02.07 13:30:00,106074.78,106074.78,106059.83,106059.83,300,80,0
2026.02.07 13:25:00,106089.78,106089.78,106074.83,106074.83,300,80,0
2026.02.07 13:20:00,106033.61,106091.73,106031.96,106089.83,300,80,0
2026.02.07 13:15:00,105995.94,106039.11,105988.04,106033.66,300,80,0
2026.02.07 13:10:00,106010.94,106010.94,105995.99,105995.99,300,80,0
2026.02.07 13:05:00,105985.39,106021.74,105981.24,106010.99,300,80,0
2026.02.07 13:00:00,105971.74,105986.39,105957.79,105985.44,300,80,0
2026.02.07 12:55:00,105986.74,105986.74,105971.79,105971.79,300,80,0
2026.02.07 12:50:00,105944.89,105993.59,105942.64,105986.79,300,80,0
2026.02.07 12:45:00,105959.89,105959.89,105944.94,105944.94,300,80,0
2026.02.07 12:40:00,105974.89,105974.89,105959.94,105959.94,300,80,0
2026.02.07 12:35:00,105989.89,105989.89,105974.94,105974.94,300,80,0
2026.02.07 12:30:00,106004.89,106004.89,105989.94,105989.94,300,80,0
2026.02.07 12:25:00,106019.89,106019.89,106004.94,106004.94,300,80,0
2026.02.07 12:20:00,106002.85,106031.14,105999.15,106019.94,300,80,0
2026.02.07 12:15:00,105963.54,106010.05,105961.64,106002.90,252,80,0
2026.02.07 12:10:00,105946.94,105964.34,105936.29,105963.54,231,80,0
2026.02.07 12:05:00,105961.94,105961.94,105946.99,105946.99,300,80,0
2026.02.07 12:00:00,105867.38,105962.29,105858.13,105961.99,300,80,0
2026.02.07 11:55:00,105835.83,105878.08,105834.33,105867.43,300,80,0
2026.02.07 11:50:00,105850.83,105850.83,105835.88,105835.88,300,80,0
2026.02.07 11:45:00,105849.93,105855.58,105839.73,105850.88,300,80,0
2026.02.07 11:40:00,105818.32,105850.48,105803.92,105849.98,300,80,0
2026.02.07 11:35:00,105833.32,105833.32,105818.37,105818.37,300,80,0
2026.02.07 11:30:00,105848.32,105848.32,105833.37,105833.37,300,80,0
2026.02.07 11:25:00,105789.80,105849.07,105786.80,105848.37,300,80,0
2026.02.07 11:20:00,105804.80,105804.80,105789.85,105789.85,300,80,0
2026.02.07 11:15:00,105819.80,105819.80,105804.85,105804.85,300,80,0
2026.02.07 11:10:00,105834.80,105834.80,105819.85,105819.85,300,80,0
2026.02.07 11:05:00,105849.80,105849.80,105834.85,105834.85,300,80,0
2026.02.07 11:00:00,105864.80,105864.80,105849.85,105849.85,300,80,0
2026.02.07 10:55:00,105842.04,105867.05,105829.34,105864.85,300,80,0
2026.02.07 10:50:00,105857.04,105857.04,105842.09,105842.09,300,80,0
2026.02.07 10:45:00,105872.04,105872.04,105857.09,105857.09,300,80,0
2026.02.07 10:40:00,105815.58,105875.99,105813.68,105872.09,300,80,0
2026.02.07 10:35:00,105830.58,105830.58,105815.63,105815.63,300,80,0
2026.02.07 10:30:00,105818.67,105844.18,105817.32,105830.63,300,80,0
2026.02.07 10:25:00,105833.67,105833.67,105818.72,105818.72,300,80,0
2026.02.07 10:20:00,105848.67,105848.67,105833.72,105833.72,300,80,0
2026.02.07 10:15:00,105863.67,105863.67,105848.72,105848.72,300,80,0
2026.02.07 10:10:00,105853.98,105871.62,105846.98,105863.72,300,80,0
2026.02.07 10:05:00,105868.98,105868.98,105854.03,105854.03,300,80,0
2026.02.07 10:00:00,105883.98,105883.98,105869.03,105869.03,300,80,0
2026.02.07 09:55:00,105867.44,105894.88,105863.39,105884.03,300,80,0
2026.02.07 09:50:00,105882.44,105882.44,105867.49,105867.49,300,80,0
2026.02.07 09:45:00,105897.44,105897.44,105882.49,105882.49,300,80,0
2026.02.07 09:40:00,105912.44,105912.44,105897.49,105897.49,300,80,0
2026.02.07 09:35:00,105927.44,105927.44,105912.49,105912.49,300,80,0
2026.02.07 09:30:00,105920.22,105935.59,105913.42,105927.49,300,80,0
2026.02.07 09:25:00,105935.22,105935.22,105920.27,105920.27,300,80,0
2026.02.07 09:20:00,105923.97,105946.32,105920.12,105935.27,300,80,0
2026.02.07 09:15:00,105920.69,105933.12,105914.89,105924.02,300,80,0
2026.02.07 09:10:00,105935.69,105935.69,105920.74,105920.74,300,80,0
2026.02.07 09:05:00,105950.69,105950.69,105935.74,105935.74,300,80,0
2026.02.07 09:00:00,105965.69,105965.69,105950.74,105950.74,300,80,0
2026.02.07 08:55:00,105928.60,105956.19,105926.60,105943.29,300,80,0
2026.02.07 08:50:00,105943.60,105943.60,105928.65,105928.65,300,80,0
2026.02.07 08:45:00,105958.60,105958.60,105943.65,105943.65,300,80,0
2026.02.07 08:40:00,105950.36,105968.20,105945.01,105958.65,300,80,0
2026.02.07 08:35:00,105965.36,105965.36,105950.41,105950.41,300,80,0
2026.02.07 08:30:00,105980.36,105980.36,105965.41,105965.41,300,80,0
2026.02.07 08:25:00,105995.36,105995.36,105980.41,105980.41,300,80,0
2026.02.07 08:20:00,106010.36,106010.36,105995.41,105995.41,300,80,0
2026.02.07 08:15:00,106009.73,106012.76,105997.18,106010.41,300,80,0
2026.02.07 08:10:00,106024.73,106024.73,106009.78,106009.78,300,80,0
2026.02.07 08:05:00,106039.73,106039.73,106024.78,106024.78,300,80,0
2026.02.07 08:00:00,106054.73,106054.73,106039.78,106039.78,300,80,0
2026.02.07 07:55:00,106028.05,106061.73,106020.10,106054.78,300,80,0
2026.02.07 07:50:00,106043.05,106043.05,106028.10,106028.10,300,80,0
2026.02.07 07:45:00,105988.12,106045.10,105983.87,106043.10,300,80,0
2026.02.07 07:40:00,105972.72,105999.97,105969.62,105988.17,300,80,0
2026.02.07 07:35:00,105954.35,105954.35,105939.40,105939.40,300,80,0
2026.02.07 07:30:00,105939.23,105958.25,105928.18,105954.40,300,80,0
2026.02.07 07:25:00,105923.24,105947.28,105916.34,105939.28,300,80,0
2026.02.07 07:20:00,105938.24,105938.24,105923.29,105923.29,300,80,0
2026.02.07 07:15:00,105953.24,105953.24,105938.29,105938.29,300,80,0
2026.02.07 07:10:00,105921.64,105962.94,105916.39,105953.29,300,80,0
2026.02.07 07:05:00,105936.64,105936.64,105921.69,105921.69,300,80,0
2026.02.07 07:00:00,105908.62,105942.44,105904.37,105936.69,300,80,0
2026.02.07 06:55:00,105903.07,105921.67,105901.17,105908.67,300,80,0
2026.02.07 06:50:00,105870.17,105906.02,105858.17,105903.12,300,80,0
2026.02.07 06:45:00,105885.17,105885.17,105870.22,105870.22,300,80,0
2026.02.07 06:40:00,105875.79,105894.12,105869.79,105885.22,300,80,0
2026.02.07 06:35:00,105890.79,105890.79,105875.84,105875.84,300,80,0
2026.02.07 06:30:00,105905.79,105905.79,105890.84,105890.84,300,80,0
2026.02.07 06:25:00,105893.32,105910.89,105883.47,105905.84,300,80,0
2026.02.07 06:20:00,105908.32,105908.32,105893.37,105893.37,300,80,0
2026.02.07 06:15:00,105865.01,105916.32,105863.71,105908.37,300,80,0
2026.02.07 06:10:00,105857.53,105876.76,105854.33,105865.06,300,80,0
2026.02.07 06:05:00,105872.53,105872.53,105857.58,105857.58,300,80,0
2026.02.07 06:00:00,105868.70,105876.68,105857.90,105872.58,300,80,0
2026.02.07 05:55:00,105883.70,105883.70,105868.75,105868.75,300,80,0
2026.02.07 05:50:00,105898.70,105898.70,105883.75,105883.75,300,80,0
2026.02.07 05:45:00,105913.70,105913.70,105898.75,105898.75,300,80,0
2026.02.07 05:40:00,105928.70,105928.70,105913.75,105913.75,300,80,0
2026.02.07 05:35:00,105943.70,105943.70,105928.75,105928.75,300,80,0
2026.02.07 05:30:00,105917.10,105955.15,105913.60,105943.75,300,80,0
2026.02.07 05:25:00,105885.84,105928.25,105882.04,105917.15,300,80,0
2026.02.07 05:20:00,105900.84,105900.84,105885.89,105885.89,300,80,0
2026.02.07 05:15:00,105880.43,105904.29,105868.93,105900.89,300,80,0
2026.02.07 05:10:00,105895.43,105895.43,105880.48,105880.48,300,80,0
2026.02.07 05:05:00,105910.43,105910.43,105895.48,105895.48,300,80,0
2026.02.07 05:00:00,105925.43,105925.43,105910.48,105910.48,300,80,0
2026.02.07 04:55:00,105940.43,105940.43,105925.48,105925.48,300,80,0
2026.02.07 04:50:00,105955.43,105955.43,105940.48,105940.48,300,80,0
2026.02.07 04:45:00,105970.43,105970.43,105955.48,105955.48,300,80,0
2026.02.07 04:40:00,105985.43,105985.43,105970.48,105970.48,300,80,0
2026.02.07 04:35:00,106000.43,106000.43,105985.48,105985.48,300,80,0
2026.02.07 04:30:00,105980.33,106014.73,105979.68,106000.48,300,80,0
2026.02.07 04:25:00,105995.33,105995.33,105980.38,105980.38,300,80,0
2026.02.07 04:20:00,106010.33,106010.33,105995.38,105995.38,300,80,0
2026.02.07 04:15:00,106025.33,106025.33,106010.38,106010.38,300,80,0
2026.02.07 04:10:00,106025.20,106038.78,106023.70,106025.38,300,80,0
2026.02.07 04:05:00,106040.20,106040.20,106025.25,106025.25,300,80,0
2026.02.07 04:00:00,106055.20,106055.20,106040.25,106040.25,300,80,0
2026.02.07 03:55:00,106070.20,106070.20,106055.25,106055.25,300,80,0
2026.02.07 03:50:00,106058.52,106083.65,106057.02,106070.25,300,80,0
2026.02.07 03:45:00,106038.71,106068.02,106033.26,106058.57,300,80,0
2026.02.07 03:40:00,106019.37,106042.56,106008.27,106038.76,300,80,0
2026.02.07 03:35:00,106015.05,106020.77,106001.50,106019.42,300,80,0
2026.02.07 03:30:00,106030.05,106030.05,106015.10,106015.10,300,80,0
2026.02.07 03:25:00,106045.05,106045.05,106030.10,106030.10,300,80,0
2026.02.07 03:20:00,106060.05,106060.05,106045.10,106045.10,300,80,0
2026.02.07 03:15:00,106009.13,106073.10,106007.33,106060.10,300,80,0
2026.02.07 03:10:00,106024.13,106024.13,106009.18,106009.18,300,80,0
2026.02.07 03:05:00,106011.54,106037.98,106010.44,106024.18,300,80,0
2026.02.07 03:00:00,106026.54,106026.54,106011.59,106011.59,300,80,0
2026.02.07 02:55:00,106041.54,106041.54,106026.59,106026.59,300,80,0
2026.02.07 02:50:00,106033.32,106042.94,106019.77,106041.59,300,80,0
2026.02.07 02:45:00,105986.74,106047.72,105986.19,106033.37,300,80,0
2026.02.07 02:40:00,105981.78,105994.19,105974.28,105986.79,300,80,0
2026.02.07 02:35:00,105996.78,105996.78,105981.83,105981.83,300,80,0
2026.02.07 02:30:00,105985.93,106002.78,105976.98,105996.83,300,80,0
2026.02.07 02:25:00,106000.93,106000.93,105985.98,105985.98,300,80,0
2026.02.07 02:20:00,106015.93,106015.93,106000.98,106000.98,300,80,0
2026.02.07 02:15:00,106002.76,106023.83,105995.71,106015.98,300,80,0
2026.02.07 02:10:00,105989.15,106006.96,105978.40,106002.81,300,80,0
2026.02.07 02:05:00,106004.15,106004.15,105989.20,105989.20,300,80,0
2026.02.07 02:00:00,105992.94,106015.45,105989.29,106004.20,300,80,0
2026.02.07 01:55:00,106007.94,106007.94,105992.99,105992.99,300,80,0
2026.02.07 01:50:00,106022.94,106022.94,106007.99,106007.99,300,80,0
2026.02.07 01:45:00,106037.94,106037.94,106022.99,106022.99,300,80,0
2026.02.07 01:40:00,105985.43,106043.54,105978.18,106037.99,300,80,0
2026.02.07 01:35:00,106000.43,106000.43,105985.48,105985.48,300,80,0
2026.02.07 01:30:00,106015.43,106015.43,106000.48,106000.48,300,80,0
2026.02.07 01:25:00,106030.43,106030.43,106015.48,106015.48,300,80,0
2026.02.07 01:20:00,106045.43,106045.43,106030.48,106030.48,300,80,0
2026.02.07 01:15:00,106060.43,106060.43,106045.48,106045.48,300,80,0
2026.02.07 01:10:00,106075.43,106075.43,106060.48,106060.48,300,80,0
2026.02.07 01:05:00,106073.69,106083.28,106066.59,106075.48,300,80,0
2026.02.07 01:00:00,106088.69,106088.69,106073.74,106073.74,300,80,0
2026.02.07 00:55:00,106036.26,106089.34,106030.56,106088.74,300,80,0
2026.02.07 00:50:00,106026.23,106044.21,106019.23,106036.31,300,80,0
2026.02.07 00:45:00,106041.23,106041.23,106026.28,106026.28,300,80,0
2026.02.07 00:40:00,106056.23,106056.23,106041.28,106041.28,300,80,0
2026.02.07 00:35:00,106071.23,106071.23,106056.28,106056.28,300,80,0
2026.02.07 00:30:00,106086.23,106086.23,106071.28,106071.28,300,80,0
2026.02.07 00:25:00,106101.23,106101.23,106086.28,106086.28,300,80,0
2026.02.07 00:20:00,106116.23,106116.23,106101.28,106101.28,300,80,0
2026.02.07 00:15:00,106131.23,106131.23,106116.28,106116.28,300,80,0
2026.02.07 00:10:00,106146.23,106146.23,106131.28,106131.28,300,80,0
2026.02.07 00:05:00,106161.23,106161.23,106146.28,106146.28,300,80,0
2026.02.07 00:00:00,106176.23,106176.23,106161.28,106161.28,300,80,0
2026.02.06 23:55:00,106162.53,106185.83,106157.18,106176.28,300,80,0
2026.02.06 23:50:00,106088.17,106173.88,106086.32,106162.58,300,80,0
2026.02.06 23:45:00,106077.44,106095.57,106069.89,106088.22,300,80,0
2026.02.06 23:40:00,106041.63,106091.14,106041.58,106077.49,300,80,0
2026.02.06 23:35:00,106040.36,106055.43,106039.21,106041.68,300,80,0
2026.02.06 23:30:00,106055.36,106055.36,106040.41,106040.41,300,80,0
2026.02.06 23:25:00,106070.36,106070.36,106055.41,106055.41,300,80,0
2026.02.06 23:20:00,106058.45,106084.81,106057.95,106070.41,300,80,0
2026.02.06 23:15:00,106073.45,106073.45,106058.50,106058.50,300,80,0
2026.02.06 23:10:00,106088.45,106088.45,106073.50,106073.50,300,80,0
2026.02.06 23:05:00,106059.57,106092.65,106048.82,106088.50,300,80,0
2026.02.06 23:00:00,106074.57,106074.57,106059.62,106059.62,300,80,0
2026.02.06 22:55:00,106089.57,106089.57,106074.62,106074.62,300,80,0
2026.02.06 22:50:00,106104.57,106104.57,106089.62,106089.62,300,80,0
2026.02.06 22:45:00,106119.57,106119.57,106104.62,106104.62,300,80,0
2026.02.06 22:40:00,106105.67,106132.62,106103.77,106119.62,300,80,0
2026.02.06 22:35:00,106042.45,106107.62,106039.20,106105.72,300,80,0
2026.02.06 22:30:00,106057.45,106057.45,106042.50,106042.50,300,80,0
2026.02.06 22:25:00,106072.45,106072.45,106057.50,106057.50,300,80,0
2026.02.06 22:20:00,106087.45,106087.45,106072.50,106072.50,300,80,0
2026.02.06 22:15:00,106056.40,106093.80,106047.80,106087.50,300,80,0
2026.02.06 22:10:00,106071.40,106071.40,106056.45,106056.45,300,80,0
2026.02.06 22:05:00,106086.40,106086.40,106071.45,106071.45,300,80,0
2026.02.06 22:00:00,106101.40,106101.40,106086.45,106086.45,300,80,0
2026.02.06 21:55:00,106116.40,106116.40,106101.45,106101.45,300,80,0
2026.02.06 21:50:00,106092.70,106120.45,106081.80,106116.45,300,80,0
2026.02.06 21:45:00,106107.70,106107.70,106092.75,106092.75,300,80,0
2026.02.06 21:40:00,106122.70,106122.70,106107.75,106107.75,300,80,0
2026.02.06 21:35:00,106116.25,106128.05,106106.65,106122.75,300,80,0
2026.02.06 21:30:00,106131.25,106131.25,106116.30,106116.30,300,80,0
2026.02.06 21:25:00,106112.07,106137.25,106103.12,106131.30,300,80,0
2026.02.06 21:20:00,106090.08,106112.72,106075.78,106112.12,300,80,0
2026.02.06 21:15:00,106105.08,106105.08,106090.13,106090.13,300,80,0
2026.02.06 21:10:00,106120.08,106120.08,106105.13,106105.13,300,80,0
2026.02.06 21:05:00,106135.08,106135.08,106120.13,106120.13,300,80,0
2026.02.06 21:00:00,106150.08,106150.08,106135.13,106135.13,300,80,0
2026.02.06 20:55:00,106131.07,106152.03,106118.07,106150.13,300,80,0
2026.02.06 20:50:00,106146.07,106146.07,106131.12,106131.12,300,80,0
2026.02.06 20:45:00,106135.63,106151.47,106126.08,106146.12,300,80,0
2026.02.06 20:40:00,106129.30,106137.38,106116.10,106135.68,300,80,0
2026.02.06 20:35:00,106144.30,106144.30,106129.35,106129.35,300,80,0
2026.02.06 20:30:00,106159.30,106159.30,106144.35,106144.35,300,80,0
2026.02.06 20:25:00,106174.30,106174.30,106159.35,106159.35,300,80,0
2026.02.06 20:20:00,106155.71,106180.55,106147.01,106174.35,300,80,0
2026.02.06 20:15:00,106170.71,106170.71,106155.76,106155.76,300,80,0
2026.02.06 20:10:00,106157.51,106176.61,106148.46,106170.76,300,80,0
2026.02.06 20:05:00,106172.51,106172.51,106157.56,106157.56,300,80,0
2026.02.06 20:00:00,106149.19,106185.76,106147.49,106172.56,300,80,0
2026.02.06 19:55:00,106164.19,106164.19,106149.24,106149.24,300,80,0
2026.02.06 19:50:00,106179.19,106179.19,106164.24,106164.24,300,80,0
2026.02.06 19:45:00,106194.19,106194.19,106179.24,106179.24,300,80,0
2026.02.06 19:40:00,106179.50,106198.49,106168.85,106194.24,300,80,0
2026.02.06 19:35:00,106194.50,106194.50,106179.55,106179.55,300,80,0
2026.02.06 19:30:00,106209.50,106209.50,106194.55,106194.55,300,80,0
2026.02.06 19:25:00,106224.50,106224.50,106209.55,106209.55,300,80,0
2026.02.06 19:20:00,106239.50,106239.50,106224.55,106224.55,300,80,0
2026.02.06 19:15:00,106254.50,106254.50,106239.55,106239.55,300,80,0
2026.02.06 19:10:00,106222.29,106265.15,106218.09,106254.55,300,80,0
2026.02.06 19:05:00,106132.07,106225.09,106128.57,106222.34,300,80,0
2026.02.06 19:00:00,106147.07,106147.07,106132.12,106132.12,300,80,0
2026.02.06 18:55:00,106162.07,106162.07,106147.12,106147.12,300,80,0
2026.02.06 18:50:00,106150.01,106167.17,106140.16,106162.12,300,80,0
2026.02.06 18:45:00,106116.22,106153.11,106111.52,106150.06,300,80,0
2026.02.06 18:40:00,106131.22,106131.22,106116.27,106116.27,300,80,0
2026.02.06 18:35:00,106146.22,106146.22,106131.27,106131.27,300,80,0
2026.02.06 18:30:00,106125.68,106153.37,106117.88,106146.27,300,80,0
2026.02.06 18:25:00,106140.68,106140.68,106125.73,106125.73,300,80,0
2026.02.06 18:20:00,106155.68,106155.68,106140.73,106140.73,300,80,0
2026.02.06 18:15:00,106170.68,106170.68,106155.73,106155.73,300,80,0
2026.02.06 18:10:00,106167.89,106177.98,106160.24,106170.73,300,80,0
2026.02.06 18:05:00,106182.89,106182.89,106167.94,106167.94,300,80,0
2026.02.06 18:00:00,106197.89,106197.89,106182.94,106182.94,300,80,0
2026.02.06 17:55:00,106190.85,106207.69,106185.70,106197.94,300,80,0
2026.02.06 17:50:00,106205.85,106205.85,106190.90,106190.90,300,80,0
2026.02.06 17:45:00,106220.85,106220.85,106205.90,106205.90,300,80,0
2026.02.06 17:40:00,106214.22,106222.50,106200.92,106220.90,300,80,0
2026.02.06 17:35:00,106136.15,106220.47,106136.15,106214.27,300,80,0
2026.02.06 17:30:00,106151.15,106151.15,106136.20,106136.20,300,80,0
2026.02.06 17:25:00,106166.15,106166.15,106151.20,106151.20,300,80,0
2026.02.06 17:20:00,106181.15,106181.15,106166.20,106166.20,300,80,0
2026.02.06 17:15:00,106196.15,106196.15,106181.20,106181.20,300,80,0
2026.02.06 17:10:00,106211.15,106211.15,106196.20,106196.20,300,80,0
2026.02.06 17:05:00,106186.84,106225.35,106186.09,106211.20,300,80,0
2026.02.06 17:00:00,106151.70,106187.99,106142.25,106186.89,300,80,0
2026.02.06 16:55:00,106166.70,106166.70,106151.75,106151.75,300,80,0
2026.02.06 16:50:00,106149.86,106174.25,106142.46,106166.75,300,80,0
2026.02.06 16:45:00,106164.86,106164.86,106149.91,106149.91,300,80,0
2026.02.06 16:40:00,106157.23,106177.41,106154.83,106164.91,300,80,0
2026.02.06 16:35:00,106172.23,106172.23,106157.28,106157.28,300,80,0
2026.02.06 16:30:00,106164.55,106178.48,106155.85,106172.28,300,80,0
2026.02.06 16:25:00,106158.73,106172.45,106151.68,106164.60,300,80,0
2026.02.06 16:20:00,106146.20,106169.68,106142.20,106158.78,300,80,0
2026.02.06 16:15:00,106161.20,106161.20,106146.25,106146.25,300,80,0
2026.02.06 16:10:00,106155.86,106163.30,106143.01,106161.25,300,80,0
2026.02.06 16:05:00,106170.86,106170.86,106155.91,106155.91,300,80,0
2026.02.06 16:00:00,106121.81,106172.96,106116.81,106170.91,300,80,0
2026.02.06 15:55:00,106136.81,106136.81,106121.86,106121.86,300,80,0
2026.02.06 15:50:00,106124.69,106144.61,106117.54,106136.86,300,80,0
2026.02.06 15:45:00,106139.69,106139.69,106124.74,106124.74,300,80,0
2026.02.06 15:40:00,106120.18,106139.99,106105.53,106139.74,300,80,0
2026.02.06 15:35:00,106135.18,106135.18,106120.23,106120.23,300,80,0
2026.02.06 15:30:00,106120.18,106147.83,106117.88,106135.23,300,80,0
2026.02.06 15:25:00,106066.54,106123.93,106064.04,106120.23,300,80,0
2026.02.06 15:20:00,106081.54,106081.54,106066.59,106066.59,300,80,0
2026.02.06 15:15:00,106096.54,106096.54,106081.59,106081.59,300,80,0
2026.02.06 15:10:00,106111.54,106111.54,106096.59,106096.59,300,80,0
2026.02.06 15:05:00,106098.76,106115.79,106088.06,106111.59,300,80,0
2026.02.06 15:00:00,106068.84,106106.81,106061.94,106098.81,300,80,0
2026.02.06 14:55:00,106056.61,106072.99,106045.81,106068.89,300,80,0
2026.02.06 14:50:00,106071.61,106071.61,106056.66,106056.66,300,80,0
2026.02.06 14:45:00,106059.77,106074.96,106048.17,106071.66,300,80,0
2026.02.06 14:40:00,106074.77,106074.77,106059.82,106059.82,300,80,0
2026.02.06 14:35:00,106089.77,106089.77,106074.82,106074.82,300,80,0
2026.02.06 14:30:00,106104.77,106104.77,106089.82,106089.82,300,80,0
2026.02.06 14:25:00,106098.23,106118.67,106097.18,106104.82,300,80,0
2026.02.06 14:20:00,106113.23,106113.23,106098.28,106098.28,300,80,0
2026.02.06 14:15:00,106128.23,106128.23,106113.28,106113.28,300,80,0
2026.02.06 14:10:00,106108.90,106136.48,106102.20,106128.28,300,80,0
2026.02.06 14:05:00,106123.90,106123.90,106108.95,106108.95,300,80,0
2026.02.06 14:00:00,106116.65,106126.25,106104.05,106123.95,300,80,0
2026.02.06 13:55:00,106039.92,106117.25,106031.87,106116.70,300,80,0
2026.02.06 13:50:00,106013.97,106054.17,106013.27,106039.97,300,80,0
2026.02.06 13:45:00,106028.97,106028.97,106014.02,106014.02,300,80,0
2026.02.06 13:40:00,106043.97,106043.97,106029.02,106029.02,300,80,0
2026.02.06 13:35:00,106058.97,106058.97,106044.02,106044.02,300,80,0
2026.02.06 13:30:00,106073.97,106073.97,106059.02,106059.02,300,80,0
2026.02.06 13:25:00,106088.97,106088.97,106074.02,106074.02,300,80,0
2026.02.06 13:20:00,106103.97,106103.97,106089.02,106089.02,300,80,0
2026.02.06 13:15:00,106118.97,106118.97,106104.02,106104.02,300,80,0
2026.02.06 13:10:00,106053.46,106127.22,106048.96,106119.02,300,80,0
2026.02.06 13:05:00,106068.46,106068.46,106053.51,106053.51,300,80,0
2026.02.06 13:00:00,106046.94,106075.01,106038.54,106068.51,300,80,0
2026.02.06 12:55:00,106061.94,106061.94,106046.99,106046.99,300,80,0
2026.02.06 12:50:00,106076.94,106076.94,106061.99,106061.99,300,80,0
2026.02.06 12:45:00,106091.94,106091.94,106076.99,106076.99,300,80,0
2026.02.06 12:40:00,106106.94,106106.94,106091.99,106091.99,300,80,0
2026.02.06 12:35:00,106121.94,106121.94,106106.99,106106.99,300,80,0
2026.02.06 12:30:00,106136.94,106136.94,106121.99,106121.99,300,80,0
2026.02.06 12:25:00,106151.94,106151.94,106136.99,106136.99,300,80,0
2026.02.06 12:20:00,106111.56,106154.14,106099.56,106151.99,300,80,0
2026.02.06 12:15:00,106126.56,106126.56,106111.61,106111.61,300,80,0
2026.02.06 12:10:00,106141.56,106141.56,106126.61,106126.61,300,80,0
2026.02.06 12:05:00,106156.56,106156.56,106141.61,106141.61,300,80,0
2026.02.06 12:00:00,106154.25,106159.51,106142.25,106156.61,300,80,0
2026.02.06 11:55:00,106169.25,106169.25,106154.30,106154.30,300,80,0
2026.02.06 11:50:00,106184.25,106184.25,106169.30,106169.30,300,80,0
2026.02.06 11:45:00,106199.25,106199.25,106184.30,106184.30,300,80,0
2026.02.06 11:40:00,106214.25,106214.25,106199.30,106199.30,300,80,0
2026.02.06 11:35:00,106229.25,106229.25,106214.30,106214.30,300,80,0
2026.02.06 11:30:00,106244.25,106244.25,106229.30,106229.30,300,80,0
2026.02.06 11:25:00,106259.25,106259.25,106244.30,106244.30,300,80,0
2026.02.06 11:20:00,106242.26,106273.90,106241.96,106259.30,300,80,0
2026.02.06 11:15:00,106257.26,106257.26,106242.31,106242.31,300,80,0
2026.02.06 11:10:00,106252.45,106268.41,106248.65,106257.31,300,80,0
2026.02.06 11:05:00,106267.45,106267.45,106252.50,106252.50,300,80,0
2026.02.06 11:00:00,106228.84,106270.40,106217.74,106267.50,300,80,0
2026.02.06 10:55:00,106219.72,106236.99,106212.92,106228.89,300,80,0
2026.02.06 10:50:00,106188.88,106224.82,106179.03,106219.77,300,80,0
2026.02.06 10:45:00,106203.88,106203.88,106188.93,106188.93,300,80,0
2026.02.06 10:40:00,106113.66,106208.63,106110.71,106203.93,300,80,0
2026.02.06 10:35:00,106128.66,106128.66,106113.71,106113.71,300,80,0
2026.02.06 10:30:00,106119.33,106142.26,106117.98,106128.71,300,80,0
2026.02.06 10:25:00,106104.45,106124.13,106094.30,106119.38,300,80,0
2026.02.06 10:20:00,106064.42,106113.55,106058.57,106104.50,300,80,0
2026.02.06 10:15:00,106079.42,106079.42,106064.47,106064.47,300,80,0
2026.02.06 10:10:00,106039.14,106085.42,106030.19,106079.47,300,80,0
2026.02.06 10:05:00,106027.99,106053.24,106027.14,106039.19,300,80,0
2026.02.06 10:00:00,106042.99,106042.99,106028.04,106028.04,300,80,0
2026.02.06 09:55:00,106057.99,106057.99,106043.04,106043.04,300,80,0
2026.02.06 09:50:00,106072.99,106072.99,106058.04,106058.04,300,80,0
2026.02.06 09:45:00,106087.99,106087.99,106073.04,106073.04,300,80,0
2026.02.06 09:40:00,106063.79,106091.29,106052.14,106088.04,300,80,0
2026.02.06 09:35:00,106056.72,106072.39,106050.37,106063.84,300,80,0
2026.02.06 09:30:00,106071.72,106071.72,106056.77,106056.77,300,80,0
2026.02.06 09:25:00,106067.13,106076.52,106056.98,106071.77,300,80,0
2026.02.06 09:20:00,106082.13,106082.13,106067.18,106067.18,300,80,0
2026.02.06 09:15:00,106097.13,106097.13,106082.18,106082.18,300,80,0
2026.02.06 09:10:00,106112.13,106112.13,106097.18,106097.18,300,80,0
2026.02.06 09:05:00,106127.13,106127.13,106112.18,106112.18,300,80,0
2026.02.06 09:00:00,106100.21,106129.78,106096.61,106127.18,300,80,0
2026.02.06 08:55:00,106069.52,106111.21,106065.57,106100.26,300,80,0
2026.02.06 08:50:00,106040.13,106075.42,106031.08,106069.57,300,80,0
2026.02.06 08:45:00,106055.13,106055.13,106040.18,106040.18,300,80,0
2026.02.06 08:40:00,106036.67,106063.63,106030.22,106055.18,300,80,0
2026.02.06 08:35:00,106051.67,106051.67,106036.72,106036.72,300,80,0
2026.02.06 08:30:00,106066.67,106066.67,106051.72,106051.72,300,80,0
2026.02.06 08:25:00,106037.48,106074.82,106031.63,106066.72,300,80,0
2026.02.06 08:20:00,106052.48,106052.48,106037.53,106037.53,300,80,0
2026.02.06 08:15:00,106067.48,106067.48,106052.53,106052.53,300,80,0
2026.02.06 08:10:00,106063.31,106068.98,106049.86,106067.53,300,80,0
2026.02.06 08:05:00,106078.31,106078.31,106063.36,106063.36,300,80,0
2026.02.06 08:00:00,106045.09,106091.16,106042.99,106078.36,300,80,0
2026.02.06 07:55:00,106060.09,106060.09,106045.14,106045.14,300,80,0
2026.02.06 07:50:00,106075.09,106075.09,106060.14,106060.14,300,80,0
2026.02.06 07:45:00,106067.78,106085.09,106062.83,106075.14,300,80,0
2026.02.06 07:40:00,106082.78,106082.78,106067.83,106067.83,300,80,0
2026.02.06 07:35:00,106047.92,106085.38,106035.57,106082.83,300,80,0
2026.02.06 07:30:00,106062.92,106062.92,106047.97,106047.97,300,80,0
2026.02.06 07:25:00,106077.92,106077.92,106062.97,106062.97,300,80,0
2026.02.06 07:20:00,106092.92,106092.92,106077.97,106077.97,300,80,0
2026.02.06 07:15:00,106076.74,106104.42,106073.29,106092.97,300,80,0
2026.02.06 07:10:00,106091.74,106091.74,106076.79,106076.79,300,80,0
2026.02.06 07:05:00,106106.74,106106.74,106091.79,106091.79,300,80,0
2026.02.06 07:00:00,106083.14,106113.44,106074.89,106106.79,300,80,0
2026.02.06 06:55:00,106073.40,106089.89,106065.20,106083.19,300,80,0
2026.02.06 06:50:00,106088.40,106088.40,106073.45,106073.45,300,80,0
2026.02.06 06:45:00,106052.90,106089.30,106043.60,106088.45,300,80,0
2026.02.06 06:40:00,106008.91,106056.50,105998.81,106052.95,300,80,0
2026.02.06 06:35:00,106023.91,106023.91,106008.96,106008.96,300,80,0
2026.02.06 06:30:00,106038.91,106038.91,106023.96,106023.96,300,80,0
2026.02.06 06:25:00,106053.91,106053.91,106038.96,106038.96,300,80,0
2026.02.06 06:20:00,106068.91,106068.91,106053.96,106053.96,300,80,0
2026.02.06 06:15:00,106083.91,106083.91,106068.96,106068.96,300,80,0
2026.02.06 06:10:00,106074.96,106085.36,106061.46,106083.96,300,80,0
2026.02.06 06:05:00,106089.96,106089.96,106075.01,106075.01,300,80,0
2026.02.06 06:00:00,106104.96,106104.96,106090.01,106090.01,300,80,0
2026.02.06 05:55:00,106091.87,106115.11,106087.07,106105.01,300,80,0
2026.02.06 05:50:00,106073.50,106093.42,106067.10,106091.92,300,80,0
2026.02.06 05:45:00,106088.50,106088.50,106073.55,106073.55,300,80,0
2026.02.06 05:40:00,106103.50,106103.50,106088.55,106088.55,300,80,0
2026.02.06 05:35:00,106118.50,106118.50,106103.55,106103.55,300,80,0
2026.02.06 05:30:00,106107.81,106130.60,106104.96,106118.55,300,80,0
2026.02.06 05:25:00,106094.13,106113.81,106085.18,106107.86,300,80,0
2026.02.06 05:20:00,106086.73,106097.58,106075.23,106094.18,300,80,0
2026.02.06 05:15:00,106101.73,106101.73,106086.78,106086.78,300,80,0
2026.02.06 05:10:00,106116.73,106116.73,106101.78,106101.78,300,80,0
2026.02.06 05:05:00,106098.27,106118.43,106085.02,106116.78,300,80,0
2026.02.06 05:00:00,106113.27,106113.27,106098.32,106098.32,300,80,0
2026.02.06 04:55:00,106128.27,106128.27,106113.32,106113.32,300,80,0
2026.02.06 04:50:00,106111.66,106138.32,106106.76,106128.32,300,80,0
2026.02.06 04:45:00,106102.91,106124.41,106100.71,106111.71,300,80,0
2026.02.06 04:40:00,106117.91,106117.91,106102.96,106102.96,300,80,0
2026.02.06 04:35:00,106098.19,106120.06,106085.39,106117.96,300,80,0
2026.02.06 04:30:00,106113.19,106113.19,106098.24,106098.24,300,80,0
2026.02.06 04:25:00,106128.19,106128.19,106113.24,106113.24,300,80,0
2026.02.06 04:20:00,106143.19,106143.19,106128.24,106128.24,300,80,0
2026.02.06 04:15:00,106158.19,106158.19,106143.24,106143.24,300,80,0
2026.02.06 04:10:00,106173.19,106173.19,106158.24,106158.24,300,80,0
2026.02.06 04:05:00,106119.45,106182.79,106114.10,106173.24,300,80,0
2026.02.06 04:00:00,106076.08,106122.60,106072.43,106119.50,300,80,0
2026.02.06 03:55:00,106091.08,106091.08,106076.13,106076.13,300,80,0
2026.02.06 03:50:00,106090.05,106105.23,106089.25,106091.13,300,80,0
2026.02.06 03:45:00,106105.05,106105.05,106090.10,106090.10,300,80,0
2026.02.06 03:40:00,106060.25,106105.20,106055.60,106105.10,300,80,0
2026.02.06 03:35:00,106075.25,106075.25,106060.30,106060.30,300,80,0
2026.02.06 03:30:00,106090.25,106090.25,106075.30,106075.30,300,80,0
2026.02.06 03:25:00,106087.93,106093.10,106075.83,106090.30,300,80,0
2026.02.06 03:20:00,106102.93,106102.93,106087.98,106087.98,300,80,0
2026.02.06 03:15:00,106098.68,106113.53,106094.33,106102.98,300,80,0
2026.02.06 03:10:00,106113.68,106113.68,106098.73,106098.73,300,80,0
2026.02.06 03:05:00,106128.68,106128.68,106113.73,106113.73,300,80,0
2026.02.06 03:00:00,106115.34,106139.43,106111.14,106128.73,300,80,0
2026.02.06 02:55:00,106130.34,106130.34,106115.39,106115.39,300,80,0
2026.02.06 02:50:00,106145.34,106145.34,106130.39,106130.39,300,80,0
2026.02.06 02:45:00,106160.34,106160.34,106145.39,106145.39,300,80,0
2026.02.06 02:40:00,106175.34,106175.34,106160.39,106160.39,300,80,0
2026.02.06 02:35:00,106134.62,106175.99,106127.07,106175.39,300,80,0
2026.02.06 02:30:00,106149.62,106149.62,106134.67,106134.67,300,80,0
2026.02.06 02:25:00,106164.62,106164.62,106149.67,106149.67,300,80,0
2026.02.06 02:20:00,106179.62,106179.62,106164.67,106164.67,300,80,0
2026.02.06 02:15:00,106173.26,106183.62,106162.31,106179.67,300,80,0
2026.02.06 02:10:00,106188.26,106188.26,106173.31,106173.31,300,80,0
2026.02.06 02:05:00,106181.17,106189.01,106166.97,106188.31,300,80,0
2026.02.06 02:00:00,106196.17,106196.17,106181.22,106181.22,300,80,0
2026.02.06 01:55:00,106211.17,106211.17,106196.22,106196.22,300,80,0
2026.02.06 01:50:00,106226.17,106226.17,106211.22,106211.22,300,80,0
2026.02.06 01:45:00,106216.26,106228.77,106203.91,106226.22,300,80,0
2026.02.06 01:40:00,106231.26,106231.26,106216.31,106216.31,300,80,0
2026.02.06 01:35:00,106246.26,106246.26,106231.31,106231.31,300,80,0
2026.02.06 01:30:00,106236.17,106255.61,106230.57,106246.31,300,80,0
2026.02.06 01:25:00,106223.93,106244.72,106217.53,106236.22,300,80,0
2026.02.06 01:20:00,106238.93,106238.93,106223.98,106223.98,300,80,0
2026.02.06 01:15:00,106253.93,106253.93,106238.98,106238.98,300,80,0
2026.02.06 01:10:00,106268.93,106268.93,106253.98,106253.98,300,80,0
2026.02.06 01:05:00,106256.05,106278.78,106250.95,106268.98,300,80,0
2026.02.06 01:00:00,106271.05,106271.05,106256.10,106256.10,300,80,0
2026.02.06 00:55:00,106286.05,106286.05,106271.10,106271.10,300,80,0
2026.02.06 00:50:00,106301.05,106301.05,106286.10,106286.10,300,80,0
2026.02.06 00:45:00,106316.05,106316.05,106301.10,106301.10,300,80,0
2026.02.06 00:40:00,106331.05,106331.05,106316.10,106316.10,300,80,0
2026.02.06 00:35:00,106346.05,106346.05,106331.10,106331.10,300,80,0
2026.02.06 00:30:00,106361.05,106361.05,106346.10,106346.10,300,80,0
2026.02.06 00:25:00,106376.05,106376.05,106361.10,106361.10,300,80,0
2026.02.06 00:20:00,106363.57,106381.55,106354.12,106376.10,300,80,0
2026.02.06 00:15:00,106378.57,106378.57,106363.62,106363.62,300,80,0
2026.02.06 00:10:00,106393.57,106393.57,106378.62,106378.62,300,80,0
2026.02.06 00:05:00,106408.57,106408.57,106393.62,106393.62,300,80,0
2026.02.06 00:00:00,106367.32,106422.02,106365.82,106408.62,300,80,0
2026.02.05 23:55:00,106382.32,106382.32,106367.37,106367.37,300,80,0
2026.02.05 23:50:00,106397.32,106397.32,106382.37,106382.37,300,80,0
2026.02.05 23:45:00,106412.32,106412.32,106397.37,106397.37,300,80,0
2026.02.05 23:40:00,106427.32,106427.32,106412.37,106412.37,300,80,0
2026.02.05 23:35:00,106442.32,106442.32,106427.37,106427.37,300,80,0
2026.02.05 23:30:00,106457.32,106457.32,106442.37,106442.37,300,80,0
2026.02.05 23:25:00,106445.72,106458.67,106432.12,106457.37,300,80,0
2026.02.05 23:20:00,106432.58,106449.47,106421.38,106445.77,300,80,0
2026.02.05 23:15:00,106405.22,106439.13,106396.82,106432.63,300,80,0
2026.02.05 23:10:00,106420.22,106420.22,106405.27,106405.27,300,80,0
2026.02.05 23:05:00,106435.22,106435.22,106420.27,106420.27,300,80,0
2026.02.05 23:00:00,106450.22,106450.22,106435.27,106435.27,300,80,0
2026.02.05 22:55:00,106407.77,106462.47,106406.42,106450.27,300,80,0
2026.02.05 22:50:00,106422.77,106422.77,106407.82,106407.82,300,80,0
2026.02.05 22:45:00,106437.77,106437.77,106422.82,106422.82,300,80,0
2026.02.05 22:40:00,106452.77,106452.77,106437.82,106437.82,300,80,0
2026.02.05 22:35:00,106467.77,106467.77,106452.82,106452.82,300,80,0
2026.02.05 22:30:00,106482.77,106482.77,106467.82,106467.82,300,80,0
2026.02.05 22:25:00,106497.77,106497.77,106482.82,106482.82,300,80,0
2026.02.05 22:20:00,106512.77,106512.77,106497.82,106497.82,300,80,0
2026.02.05 22:15:00,106511.93,106514.92,106499.13,106512.82,300,80,0
2026.02.05 22:10:00,106510.47,106525.33,106508.92,106511.98,300,80,0
2026.02.05 22:05:00,106488.96,106516.52,106481.06,106510.52,300,80,0
2026.02.05 22:00:00,106503.96,106503.96,106489.01,106489.01,300,80,0
2026.02.05 21:55:00,106495.39,106504.26,106480.74,106504.01,300,80,0
2026.02.05 21:50:00,106510.39,106510.39,106495.44,106495.44,300,80,0
2026.02.05 21:45:00,106525.39,106525.39,106510.44,106510.44,300,80,0
2026.02.05 21:40:00,106540.39,106540.39,106525.44,106525.44,300,80,0
2026.02.05 21:35:00,106555.39,106555.39,106540.44,106540.44,300,80,0
2026.02.05 21:30:00,106524.58,106558.94,106518.73,106555.44,300,80,0
2026.02.05 21:25:00,106447.86,106529.78,106444.46,106524.63,300,80,0
2026.02.05 21:20:00,106444.07,106448.61,106429.87,106447.91,300,80,0
2026.02.05 21:15:00,106459.07,106459.07,106444.12,106444.12,300,80,0
2026.02.05 21:10:00,106474.07,106474.07,106459.12,106459.12,300,80,0
2026.02.05 21:05:00,106489.07,106489.07,106474.12,106474.12,300,80,0
2026.02.05 21:00:00,106480.25,106495.67,106471.90,106489.12,300,80,0
2026.02.05 20:55:00,106495.25,106495.25,106480.30,106480.30,300,80,0
2026.02.05 20:50:00,106510.25,106510.25,106495.30,106495.30,300,80,0
2026.02.05 20:45:00,106500.03,106514.05,106488.88,106510.30,300,80,0
2026.02.05 20:40:00,106515.03,106515.03,106500.08,106500.08,300,80,0
2026.02.05 20:35:00,106530.03,106530.03,106515.08,106515.08,300,80,0
2026.02.05 20:30:00,106513.28,106542.48,106510.78,106530.08,300,80,0
2026.02.05 20:25:00,106528.28,106528.28,106513.33,106513.33,300,80,0
2026.02.05 20:20:00,106485.80,106529.08,106483.20,106528.33,300,80,0
2026.02.05 20:15:00,106500.80,106500.80,106485.85,106485.85,300,80,0
2026.02.05 20:10:00,106515.80,106515.80,106500.85,106500.85,300,80,0
2026.02.05 20:05:00,106530.80,106530.80,106515.85,106515.85,300,80,0
2026.02.05 20:00:00,106545.80,106545.80,106530.85,106530.85,300,80,0
2026.02.05 19:55:00,106519.65,106560.65,106519.55,106545.85,300,80,0
2026.02.05 19:50:00,106534.65,106534.65,106519.70,106519.70,300,80,0
2026.02.05 19:45:00,106549.65,106549.65,106534.70,106534.70,300,80,0
2026.02.05 19:40:00,106564.65,106564.65,106549.70,106549.70,300,80,0
2026.02.05 19:35:00,106488.85,106568.45,106482.35,106564.70,300,80,0
2026.02.05 19:30:00,106503.85,106503.85,106488.90,106488.90,300,80,0
2026.02.05 19:25:00,106487.33,106504.25,106472.78,106503.90,300,80,0
2026.02.05 19:20:00,106502.33,106502.33,106487.38,106487.38,300,80,0
2026.02.05 19:15:00,106517.33,106517.33,106502.38,106502.38,300,80,0
2026.02.05 19:10:00,106532.33,106532.33,106517.38,106517.38,300,80,0
2026.02.05 19:05:00,106547.33,106547.33,106532.38,106532.38,300,80,0
2026.02.05 19:00:00,106562.33,106562.33,106547.38,106547.38,300,80,0
2026.02.05 18:55:00,106577.33,106577.33,106562.38,106562.38,300,80,0
2026.02.05 18:50:00,106560.54,106582.58,106550.84,106577.38,300,80,0
2026.02.05 18:45:00,106543.80,106571.14,106539.45,106560.59,300,80,0
2026.02.05 18:40:00,106558.80,106558.80,106543.85,106543.85,300,80,0
2026.02.05 18:35:00,106573.80,106573.80,106558.85,106558.85,300,80,0
2026.02.05 18:30:00,106588.80,106588.80,106573.85,106573.85,300,80,0
2026.02.05 18:25:00,106586.61,106602.25,106585.11,106588.85,300,80,0
2026.02.05 18:20:00,106580.13,106599.61,106578.18,106586.66,300,80,0
2026.02.05 18:15:00,106595.13,106595.13,106580.18,106580.18,300,80,0
2026.02.05 18:10:00,106610.13,106610.13,106595.18,106595.18,300,80,0
2026.02.05 18:05:00,106625.13,106625.13,106610.18,106610.18,300,80,0
2026.02.05 18:00:00,106523.09,106626.08,106520.79,106625.18,300,80,0
2026.02.05 17:55:00,106538.09,106538.09,106523.14,106523.14,300,80,0
2026.02.05 17:50:00,106553.09,106553.09,106538.14,106538.14,300,80,0
2026.02.05 17:45:00,106510.93,106554.99,106505.23,106553.14,300,80,0
2026.02.05 17:40:00,106525.93,106525.93,106510.98,106510.98,300,80,0
2026.02.05 17:35:00,106489.35,106531.08,106479.55,106525.98,300,80,0
2026.02.05 17:30:00,106504.35,106504.35,106489.40,106489.40,300,80,0
2026.02.05 17:25:00,106479.51,106518.00,106478.21,106504.40,300,80,0
2026.02.05 17:20:00,106463.84,106482.66,106452.04,106479.56,300,80,0
2026.02.05 17:15:00,106478.84,106478.84,106463.89,106463.89,300,80,0
2026.02.05 17:10:00,106493.84,106493.84,106478.89,106478.89,300,80,0
2026.02.05 17:05:00,106508.84,106508.84,106493.89,106493.89,300,80,0
2026.02.05 17:00:00,106523.84,106523.84,106508.89,106508.89,300,80,0
2026.02.05 16:55:00,106503.22,106537.44,106503.07,106523.89,300,80,0
2026.02.05 16:50:00,106518.22,106518.22,106503.27,106503.27,300,80,0
2026.02.05 16:45:00,106533.22,106533.22,106518.27,106518.27,300,80,0
2026.02.05 16:40:00,106548.22,106548.22,106533.27,106533.27,300,80,0
2026.02.05 16:35:00,106563.22,106563.22,106548.27,106548.27,300,80,0
2026.02.05 16:30:00,106578.22,106578.22,106563.27,106563.27,300,80,0
2026.02.05 16:25:00,106559.55,106579.12,106545.50,106578.27,300,80,0
2026.02.05 16:20:00,106574.55,106574.55,106559.60,106559.60,300,80,0
2026.02.05 16:15:00,106559.50,106589.40,106559.40,106574.60,300,80,0
2026.02.05 16:10:00,106574.50,106574.50,106559.55,106559.55,300,80,0
2026.02.05 16:05:00,106589.50,106589.50,106574.55,106574.55,300,80,0
2026.02.05 16:00:00,106604.50,106604.50,106589.55,106589.55,300,80,0
2026.02.05 15:55:00,106586.51,106615.95,106583.01,106604.55,300,80,0
2026.02.05 15:50:00,106498.79,106593.66,106497.39,106586.56,300,80,0
2026.02.05 15:45:00,106492.31,106499.14,106477.71,106498.84,300,80,0
2026.02.05 15:40:00,106444.92,106494.21,106431.87,106492.36,300,80,0
2026.02.05 15:35:00,106459.92,106459.92,106444.97,106444.97,300,80,0
2026.02.05 15:30:00,106427.57,106468.47,106427.17,106459.97,300,80,0
2026.02.05 15:25:00,106442.57,106442.57,106427.62,106427.62,300,80,0
2026.02.05 15:20:00,106414.48,106443.67,106400.63,106442.62,300,80,0
2026.02.05 15:15:00,106384.94,106416.48,106380.04,106414.53,300,80,0
2026.02.05 15:10:00,106399.94,106399.94,106384.99,106384.99,300,80,0
2026.02.05 15:05:00,106414.94,106414.94,106399.99,106399.99,300,80,0
2026.02.05 15:00:00,106399.78,106424.99,106394.88,106414.99,300,80,0
2026.02.05 14:55:00,106414.78,106414.78,106399.83,106399.83,300,80,0
2026.02.05 14:50:00,106390.23,106417.48,106378.48,106414.83,300,80,0
2026.02.05 14:45:00,106405.23,106405.23,106390.28,106390.28,300,80,0
2026.02.05 14:40:00,106420.23,106420.23,106405.28,106405.28,300,80,0
2026.02.05 14:35:00,106435.23,106435.23,106420.28,106420.28,300,80,0
2026.02.05 14:30:00,106450.23,106450.23,106435.28,106435.28,300,80,0
2026.02.05 14:25:00,106439.44,106460.63,106434.89,106450.28,300,80,0
2026.02.05 14:20:00,106403.15,106443.44,106396.55,106439.49,300,80,0
2026.02.05 14:15:00,106383.73,106408.55,106374.18,106403.20,300,80,0
2026.02.05 14:10:00,106398.73,106398.73,106383.78,106383.78,300,80,0
2026.02.05 14:05:00,106391.90,106405.48,106383.70,106398.78,300,80,0
2026.02.05 14:00:00,106406.90,106406.90,106391.95,106391.95,300,80,0
2026.02.05 13:55:00,106361.25,106421.70,106361.10,106406.95,300,80,0
2026.02.05 13:50:00,106376.25,106376.25,106361.30,106361.30,300,80,0
2026.02.05 13:45:00,106295.16,106384.70,106295.06,106376.30,300,80,0
2026.02.05 13:40:00,106255.02,106306.96,106251.87,106295.21,300,80,0
2026.02.05 13:35:00,106270.02,106270.02,106255.07,106255.07,300,80,0
2026.02.05 13:30:00,106240.63,106280.72,106236.38,106270.07,300,80,0
2026.02.05 13:25:00,106255.63,106255.63,106240.68,106240.68,300,80,0
2026.02.05 13:20:00,106254.38,106267.08,106250.88,106255.68,300,80,0
2026.02.05 13:15:00,106223.09,106260.98,106222.29,106254.43,300,80,0
2026.02.05 13:10:00,106160.92,106224.29,106151.32,106223.14,300,80,0
2026.02.05 13:05:00,106133.14,106172.72,106129.99,106160.97,300,80,0
2026.02.05 13:00:00,106115.50,106141.44,106108.85,106133.19,300,80,0
2026.02.05 12:55:00,106114.46,106119.65,106103.66,106115.55,300,80,0
2026.02.05 12:50:00,106111.50,106123.56,106105.65,106114.51,300,80,0
2026.02.05 12:45:00,106126.50,106126.50,106111.55,106111.55,300,80,0
2026.02.05 12:40:00,106100.03,106130.45,106089.03,106126.55,300,80,0
2026.02.05 12:35:00,106115.03,106115.03,106100.08,106100.08,300,80,0
2026.02.05 12:30:00,106130.03,106130.03,106115.08,106115.08,300,80,0
2026.02.05 12:25:00,106116.43,106131.38,106102.83,106130.08,300,80,0
2026.02.05 12:20:00,106131.43,106131.43,106116.48,106116.48,300,80,0
2026.02.05 12:15:00,106097.49,106137.88,106089.44,106131.48,300,80,0
2026.02.05 12:10:00,106112.49,106112.49,106097.54,106097.54,300,80,0
2026.02.05 12:05:00,106127.49,106127.49,106112.54,106112.54,300,80,0
2026.02.05 12:00:00,106142.49,106142.49,106127.54,106127.54,300,80,0
2026.02.05 11:55:00,106126.38,106145.64,106114.58,106142.54,300,80,0
2026.02.05 11:50:00,106102.63,106136.73,106098.03,106126.43,300,80,0
2026.02.05 11:45:00,106099.11,106115.13,106096.66,106102.68,300,80,0
2026.02.05 11:40:00,106114.11,106114.11,106099.16,106099.16,300,80,0
2026.02.05 11:35:00,106107.04,106121.56,106099.54,106114.16,300,80,0
2026.02.05 11:30:00,106122.04,106122.04,106107.09,106107.09,300,80,0
2026.02.05 11:25:00,106137.04,106137.04,106122.09,106122.09,300,80,0
2026.02.05 11:20:00,106152.04,106152.04,106137.09,106137.09,300,80,0
2026.02.05 11:15:00,106141.56,106164.39,106138.96,106152.09,300,80,0
2026.02.05 11:10:00,106156.56,106156.56,106141.61,106141.61,300,80,0
2026.02.05 11:05:00,106074.64,106159.76,106072.29,106156.61,300,80,0
2026.02.05 11:00:00,106089.64,106089.64,106074.69,106074.69,300,80,0
2026.02.05 10:55:00,106104.64,106104.64,106089.69,106089.69,300,80,0
2026.02.05 10:50:00,106119.64,106119.64,106104.69,106104.69,300,80,0
2026.02.05 10:45:00,106107.36,106121.49,106094.26,106119.69,300,80,0
2026.02.05 10:40:00,106065.52,106110.46,106060.62,106107.41,300,80,0
2026.02.05 10:35:00,106080.52,106080.52,106065.57,106065.57,300,80,0
2026.02.05 10:30:00,106057.72,106091.87,106054.12,106080.57,300,80,0
2026.02.05 10:25:00,106072.72,106072.72,106057.77,106057.77,300,80,0
2026.02.05 10:20:00,106087.72,106087.72,106072.77,106072.77,300,80,0
2026.02.05 10:15:00,106102.72,106102.72,106087.77,106087.77,300,80,0
2026.02.05 10:10:00,106117.72,106117.72,106102.77,106102.77,300,80,0
2026.02.05 10:05:00,106112.48,106125.57,106105.38,106117.77,300,80,0
2026.02.05 10:00:00,106127.48,106127.48,106112.53,106112.53,300,80,0
2026.02.05 09:55:00,106117.67,106133.38,106108.62,106127.53,300,80,0
2026.02.05 09:50:00,106094.25,106120.62,106082.25,106117.72,300,80,0
2026.02.05 09:45:00,106058.79,106107.25,106056.84,106094.30,300,80,0
2026.02.05 09:40:00,106073.79,106073.79,106058.84,106058.84,300,80,0
2026.02.05 09:35:00,106088.79,106088.79,106073.84,106073.84,300,80,0
2026.02.05 09:30:00,106103.79,106103.79,106088.84,106088.84,300,80,0
2026.02.05 09:25:00,106092.55,106112.99,106086.80,106103.84,300,80,0
2026.02.05 09:20:00,106107.55,106107.55,106092.60,106092.60,300,80,0
2026.02.05 09:15:00,106122.55,106122.55,106107.60,106107.60,300,80,0
2026.02.05 09:10:00,106119.59,106134.75,106116.84,106122.60,300,80,0
2026.02.05 09:05:00,106134.59,106134.59,106119.64,106119.64,300,80,0
2026.02.05 09:00:00,106101.79,106141.04,106093.29,106134.64,300,80,0
2026.02.05 08:55:00,106116.79,106116.79,106101.84,106101.84,300,80,0
2026.02.05 08:50:00,106131.79,106131.79,106116.84,106116.84,300,80,0
2026.02.05 08:45:00,106119.67,106144.24,106117.17,106131.84,300,80,0
2026.02.05 08:40:00,106134.67,106134.67,106119.72,106119.72,300,80,0
2026.02.05 08:35:00,106118.61,106144.22,106113.21,106134.72,300,80,0
2026.02.05 08:30:00,106108.18,106129.26,106103.88,106118.66,300,80,0
2026.02.05 08:25:00,106123.18,106123.18,106108.23,106108.23,300,80,0
2026.02.05 08:20:00,106113.22,106133.03,106108.12,106123.23,300,80,0
2026.02.05 08:15:00,106128.22,106128.22,106113.27,106113.27,300,80,0
2026.02.05 08:10:00,106143.22,106143.22,106128.27,106128.27,300,80,0
2026.02.05 08:05:00,106158.22,106158.22,106143.27,106143.27,300,80,0
2026.02.05 08:00:00,106149.21,106160.12,106136.16,106158.27,300,80,0
2026.02.05 07:55:00,106105.45,106151.06,106099.25,106149.26,300,80,0
2026.02.05 07:50:00,106120.45,106120.45,106105.50,106105.50,300,80,0
2026.02.05 07:45:00,106135.45,106135.45,106120.50,106120.50,300,80,0
2026.02.05 07:40:00,106150.45,106150.45,106135.50,106135.50,300,80,0
2026.02.05 07:35:00,106143.25,106154.05,106131.90,106150.50,300,80,0
2026.02.05 07:30:00,106118.42,106149.95,106110.17,106143.30,300,80,0
2026.02.05 07:25:00,106133.42,106133.42,106118.47,106118.47,300,80,0
2026.02.05 07:20:00,106148.42,106148.42,106133.47,106133.47,300,80,0
2026.02.05 07:15:00,106163.42,106163.42,106148.47,106148.47,300,80,0
2026.02.05 07:10:00,106178.42,106178.42,106163.47,106163.47,300,80,0
2026.02.05 07:05:00,106166.07,106190.12,106162.82,106178.47,300,80,0
2026.02.05 07:00:00,106143.21,106177.82,106140.01,106166.12,300,80,0
2026.02.05 06:55:00,106158.21,106158.21,106143.26,106143.26,300,80,0
2026.02.05 06:50:00,106173.21,106173.21,106158.26,106158.26,300,80,0
2026.02.05 06:45:00,106188.21,106188.21,106173.26,106173.26,300,80,0
2026.02.05 06:40:00,106203.21,106203.21,106188.26,106188.26,300,80,0
2026.02.05 06:35:00,106218.21,106218.21,106203.26,106203.26,300,80,0
2026.02.05 06:30:00,106233.21,106233.21,106218.26,106218.26,300,80,0
2026.02.05 06:25:00,106199.84,106237.36,106195.24,106233.26,300,80,0
2026.02.05 06:20:00,106214.84,106214.84,106199.89,106199.89,300,80,0
2026.02.05 06:15:00,106229.84,106229.84,106214.89,106214.89,300,80,0
2026.02.05 06:10:00,106244.84,106244.84,106229.89,106229.89,300,80,0
2026.02.05 06:05:00,106259.84,106259.84,106244.89,106244.89,300,80,0
2026.02.05 06:00:00,106274.84,106274.84,106259.89,106259.89,300,80,0
2026.02.05 05:55:00,106241.54,106278.24,106229.99,106274.89,300,80,0
2026.02.05 05:50:00,106256.54,106256.54,106241.59,106241.59,300,80,0
2026.02.05 05:45:00,106271.54,106271.54,106256.59,106256.59,300,80,0
2026.02.05 05:40:00,106286.54,106286.54,106271.59,106271.59,300,80,0
2026.02.05 05:35:00,106301.54,106301.54,106286.59,106286.59,300,80,0
2026.02.05 05:30:00,106316.54,106316.54,106301.59,106301.59,300,80,0
2026.02.05 05:25:00,106291.04,106318.79,106278.34,106316.59,300,80,0
2026.02.05 05:20:00,106306.04,106306.04,106291.09,106291.09,300,80,0
2026.02.05 05:15:00,106288.00,106313.69,106280.70,106306.09,300,80,0
2026.02.05 05:10:00,106303.00,106303.00,106288.05,106288.05,300,80,0
2026.02.05 05:05:00,106318.00,106318.00,106303.05,106303.05,300,80,0
2026.02.05 05:00:00,106333.00,106333.00,106318.05,106318.05,300,80,0
2026.02.05 04:55:00,106348.00,106348.00,106333.05,106333.05,300,80,0
2026.02.05 04:50:00,106347.47,106358.30,106342.82,106348.05,300,80,0
2026.02.05 04:45:00,106362.47,106362.47,106347.52,106347.52,300,80,0
2026.02.05 04:40:00,106377.47,106377.47,106362.52,106362.52,300,80,0
2026.02.05 04:35:00,106392.47,106392.47,106377.52,106377.52,300,80,0
2026.02.05 04:30:00,106407.47,106407.47,106392.52,106392.52,300,80,0
2026.02.05 04:25:00,106422.47,106422.47,106407.52,106407.52,300,80,0
2026.02.05 04:20:00,106402.99,106431.32,106396.89,106422.52,300,80,0
2026.02.05 04:15:00,106417.99,106417.99,106403.04,106403.04,300,80,0
2026.02.05 04:10:00,106403.16,106430.99,106401.21,106418.04,300,80,0
2026.02.05 04:05:00,106418.16,106418.16,106403.21,106403.21,300,80,0
2026.02.05 04:00:00,106433.16,106433.16,106418.21,106418.21,300,80,0
2026.02.05 03:55:00,106448.16,106448.16,106433.21,106433.21,300,80,0
2026.02.05 03:50:00,106463.16,106463.16,106448.21,106448.21,300,80,0
2026.02.05 03:45:00,106451.24,106468.61,106441.74,106463.21,300,80,0
2026.02.05 03:40:00,106436.65,106457.09,106427.55,106451.29,300,80,0
2026.02.05 03:35:00,106451.65,106451.65,106436.70,106436.70,300,80,0
2026.02.05 03:30:00,106466.65,106466.65,106451.70,106451.70,300,80,0
2026.02.05 03:25:00,106460.47,106475.65,106454.52,106466.70,300,80,0
2026.02.05 03:20:00,106475.47,106475.47,106460.52,106460.52,300,80,0
2026.02.05 03:15:00,106490.47,106490.47,106475.52,106475.52,300,80,0
2026.02.05 03:10:00,106471.97,106502.12,106468.67,106490.52,300,80,0
2026.02.05 03:05:00,106486.97,106486.97,106472.02,106472.02,300,80,0
2026.02.05 03:00:00,106442.86,106490.77,106434.46,106487.02,300,80,0
2026.02.05 02:55:00,106436.14,106449.86,106428.19,106442.91,300,80,0
2026.02.05 02:50:00,106424.63,106441.39,106414.93,106436.19,300,80,0
2026.02.05 02:45:00,106439.63,106439.63,106424.68,106424.68,300,80,0
2026.02.05 02:40:00,106454.63,106454.63,106439.68,106439.68,300,80,0
2026.02.05 02:35:00,106469.63,106469.63,106454.68,106454.68,300,80,0
2026.02.05 02:30:00,106484.63,106484.63,106469.68,106469.68,300,80,0
2026.02.05 02:25:00,106499.63,106499.63,106484.68,106484.68,300,80,0
2026.02.05 02:20:00,106481.29,106503.03,106469.74,106499.68,300,80,0
2026.02.05 02:15:00,106414.72,106493.44,106413.47,106481.34,300,80,0
2026.02.05 02:10:00,106413.15,106416.92,106400.40,106414.77,300,80,0
2026.02.05 02:05:00,106428.15,106428.15,106413.20,106413.20,300,80,0
2026.02.05 02:00:00,106443.15,106443.15,106428.20,106428.20,300,80,0
2026.02.05 01:55:00,106458.15,106458.15,106443.20,106443.20,300,80,0
2026.02.05 01:50:00,106425.94,106459.50,106414.89,106458.20,300,80,0
2026.02.05 01:45:00,106375.91,106426.64,106369.96,106425.99,300,80,0
2026.02.05 01:40:00,106366.02,106378.61,106353.77,106375.96,300,80,0
2026.02.05 01:35:00,106337.47,106370.67,106327.97,106366.07,300,80,0
2026.02.05 01:30:00,106352.47,106352.47,106337.52,106337.52,300,80,0
2026.02.05 01:25:00,106367.47,106367.47,106352.52,106352.52,300,80,0
2026.02.05 01:20:00,106382.47,106382.47,106367.52,106367.52,300,80,0
2026.02.05 01:15:00,106397.47,106397.47,106382.52,106382.52,300,80,0
2026.02.05 01:10:00,106386.62,106402.32,106376.52,106397.52,300,80,0
2026.02.05 01:05:00,106401.62,106401.62,106386.67,106386.67,300,80,0
2026.02.05 01:00:00,106416.62,106416.62,106401.67,106401.67,300,80,0
2026.02.05 00:55:00,106431.62,106431.62,106416.67,106416.67,300,80,0
2026.02.05 00:50:00,106414.81,106439.52,106407.76,106431.67,300,80,0
2026.02.05 00:45:00,106429.81,106429.81,106414.86,106414.86,300,80,0
2026.02.05 00:40:00,106444.81,106444.81,106429.86,106429.86,300,80,0
2026.02.05 00:35:00,106434.04,106455.71,106429.99,106444.86,300,80,0
2026.02.05 00:30:00,106449.04,106449.04,106434.09,106434.09,300,80,0
2026.02.05 00:25:00,106464.04,106464.04,106449.09,106449.09,300,80,0
2026.02.05 00:20:00,106440.42,106465.74,106427.17,106464.09,300,80,0
2026.02.05 00:15:00,106406.72,106453.57,106404.92,106440.47,300,80,0
2026.02.05 00:10:00,106421.72,106421.72,106406.77,106406.77,300,80,0
2026.02.05 00:05:00,106397.28,106430.27,106390.88,106421.77,300,80,0
2026.02.05 00:00:00,106412.28,106412.28,106397.33,106397.33,300,80,0
2026.02.04 23:55:00,106383.73,106417.23,106373.73,106412.33,300,80,0
2026.02.04 23:50:00,106398.73,106398.73,106383.78,106383.78,300,80,0
2026.02.04 23:45:00,106413.73,106413.73,106398.78,106398.78,300,80,0
2026.02.04 23:40:00,106382.65,106415.18,106369.15,106413.78,300,80,0
2026.02.04 23:35:00,106372.43,106391.25,106366.08,106382.70,300,80,0
2026.02.04 23:30:00,106387.43,106387.43,106372.48,106372.48,300,80,0
2026.02.04 23:25:00,106402.43,106402.43,106387.48,106387.48,300,80,0
2026.02.04 23:20:00,106417.43,106417.43,106402.48,106402.48,300,80,0
2026.02.04 23:15:00,106432.43,106432.43,106417.48,106417.48,300,80,0
2026.02.04 23:10:00,106447.43,106447.43,106432.48,106432.48,300,80,0
2026.02.04 23:05:00,106462.43,106462.43,106447.48,106447.48,300,80,0
2026.02.04 23:00:00,106446.81,106473.98,106443.41,106462.48,300,80,0
2026.02.04 22:55:00,106461.81,106461.81,106446.86,106446.86,300,80,0
2026.02.04 22:50:00,106476.81,106476.81,106461.86,106461.86,300,80,0
2026.02.04 22:45:00,106491.81,106491.81,106476.86,106476.86,300,80,0
2026.02.04 22:40:00,106410.43,106493.51,106403.78,106491.86,300,80,0
2026.02.04 22:35:00,106397.96,106424.33,106396.91,106410.48,300,80,0
2026.02.04 22:30:00,106412.96,106412.96,106398.01,106398.01,300,80,0
2026.02.04 22:25:00,106427.96,106427.96,106413.01,106413.01,300,80,0
2026.02.04 22:20:00,106425.03,106436.56,106418.68,106428.01,300,80,0
2026.02.04 22:15:00,106440.03,106440.03,106425.08,106425.08,300,80,0
2026.02.04 22:10:00,106455.03,106455.03,106440.08,106440.08,300,80,0
2026.02.04 22:05:00,106470.03,106470.03,106455.08,106455.08,300,80,0
2026.02.04 22:00:00,106485.03,106485.03,106470.08,106470.08,300,80,0
2026.02.04 21:55:00,106472.07,106491.83,106463.92,106485.08,300,80,0
2026.02.04 21:50:00,106451.98,106478.37,106443.33,106472.12,300,80,0
2026.02.04 21:45:00,106396.22,106461.88,106394.17,106452.03,300,80,0
2026.02.04 21:40:00,106364.50,106397.92,106359.60,106396.27,300,80,0
2026.02.04 21:35:00,106333.36,106378.30,106332.21,106364.55,300,80,0
2026.02.04 21:30:00,106348.36,106348.36,106333.41,106333.41,300,80,0
2026.02.04 21:25:00,106363.36,106363.36,106348.41,106348.41,300,80,0
2026.02.04 21:20:00,106378.36,106378.36,106363.41,106363.41,300,80,0
2026.02.04 21:15:00,106393.36,106393.36,106378.41,106378.41,300,80,0
2026.02.04 21:10:00,106408.36,106408.36,106393.41,106393.41,300,80,0
2026.02.04 21:05:00,106386.58,106411.71,106374.98,106408.41,300,80,0
2026.02.04 21:00:00,106401.58,106401.58,106386.63,106386.63,300,80,0
2026.02.04 20:55:00,106416.58,106416.58,106401.63,106401.63,300,80,0
2026.02.04 20:50:00,106414.84,106418.33,106401.64,106416.63,300,80,0
2026.02.04 20:45:00,106429.84,106429.84,106414.89,106414.89,300,80,0
2026.02.04 20:40:00,106444.84,106444.84,106429.89,106429.89,300,80,0
2026.02.04 20:35:00,106459.84,106459.84,106444.89,106444.89,300,80,0
2026.02.04 20:30:00,106474.84,106474.84,106459.89,106459.89,300,80,0
2026.02.04 20:25:00,106489.84,106489.84,106474.89,106474.89,300,80,0
2026.02.04 20:20:00,106504.84,106504.84,106489.89,106489.89,300,80,0
2026.02.04 20:15:00,106519.84,106519.84,106504.89,106504.89,300,80,0
2026.02.04 20:10:00,106534.84,106534.84,106519.89,106519.89,300,80,0
2026.02.04 20:05:00,106549.84,106549.84,106534.89,106534.89,300,80,0
2026.02.04 20:00:00,106544.40,106556.29,106535.90,106549.89,300,80,0
2026.02.04 19:55:00,106490.06,106546.85,106481.31,106544.45,300,80,0
2026.02.04 19:50:00,106453.35,106502.06,106450.40,106490.11,300,80,0
2026.02.04 19:45:00,106468.35,106468.35,106453.40,106453.40,300,80,0
2026.02.04 19:40:00,106483.35,106483.35,106468.40,106468.40,300,80,0
2026.02.04 19:35:00,106482.54,106484.70,106468.94,106483.40,300,80,0
2026.02.04 19:30:00,106497.54,106497.54,106482.59,106482.59,300,80,0
2026.02.04 19:25:00,106495.25,106512.34,106495.10,106497.59,300,80,0
2026.02.04 19:20:00,106510.25,106510.25,106495.30,106495.30,300,80,0
2026.02.04 19:15:00,106499.75,106521.50,106496.05,106510.30,300,80,0
2026.02.04 19:10:00,106469.42,106511.95,106466.67,106499.80,300,80,0
2026.02.04 19:05:00,106462.88,106476.97,106455.48,106469.47,300,80,0
2026.02.04 19:00:00,106477.88,106477.88,106462.93,106462.93,300,80,0
2026.02.04 18:55:00,106492.88,106492.88,106477.93,106477.93,300,80,0
2026.02.04 18:50:00,106507.88,106507.88,106492.93,106492.93,300,80,0
2026.02.04 18:45:00,106495.65,106518.93,106491.75,106507.93,300,80,0
2026.02.04 18:40:00,106510.65,106510.65,106495.70,106495.70,300,80,0
2026.02.04 18:35:00,106525.65,106525.65,106510.70,106510.70,300,80,0
2026.02.04 18:30:00,106540.65,106540.65,106525.70,106525.70,300,80,0
2026.02.04 18:25:00,106555.65,106555.65,106540.70,106540.70,300,80,0
2026.02.04 18:20:00,106570.65,106570.65,106555.70,106555.70,300,80,0
2026.02.04 18:15:00,106549.01,106575.10,106538.51,106570.70,300,80,0
2026.02.04 18:10:00,106499.05,106550.41,106494.90,106549.06,300,80,0
2026.02.04 18:05:00,106484.04,106503.50,106473.54,106499.10,300,80,0
2026.02.04 18:00:00,106499.04,106499.04,106484.09,106484.09,300,80,0
2026.02.04 17:55:00,106484.01,106507.64,106477.66,106499.09,300,80,0
2026.02.04 17:50:00,106499.01,106499.01,106484.06,106484.06,300,80,0
2026.02.04 17:45:00,106514.01,106514.01,106499.06,106499.06,300,80,0
2026.02.04 17:40:00,106529.01,106529.01,106514.06,106514.06,300,80,0
2026.02.04 17:35:00,106509.81,106538.21,106504.06,106529.06,300,80,0
2026.02.04 17:30:00,106493.03,106514.96,106483.23,106509.86,300,80,0
2026.02.04 17:25:00,106508.03,106508.03,106493.08,106493.08,300,80,0
2026.02.04 17:20:00,106523.03,106523.03,106508.08,106508.08,300,80,0
2026.02.04 17:15:00,106538.03,106538.03,106523.08,106523.08,300,80,0
2026.02.04 17:10:00,106553.03,106553.03,106538.08,106538.08,300,80,0
2026.02.04 17:05:00,106568.03,106568.03,106553.08,106553.08,300,80,0
2026.02.04 17:00:00,106542.27,106580.63,106539.92,106568.08,300,80,0
2026.02.04 16:55:00,106530.77,106545.12,106518.67,106542.32,300,80,0
2026.02.04 16:50:00,106528.38,106539.97,106522.63,106530.82,300,80,0
2026.02.04 16:45:00,106521.75,106529.63,106508.05,106528.43,300,80,0
2026.02.04 16:40:00,106536.75,106536.75,106521.80,106521.80,300,80,0
2026.02.04 16:35:00,106551.75,106551.75,106536.80,106536.80,300,80,0
2026.02.04 16:30:00,106566.75,106566.75,106551.80,106551.80,300,80,0
2026.02.04 16:25:00,106556.92,106567.30,106542.52,106566.80,300,80,0
2026.02.04 16:20:00,106552.08,106571.82,106552.03,106556.97,300,80,0
2026.02.04 16:15:00,106550.43,106556.98,106540.38,106552.13,300,80,0
2026.02.04 16:10:00,106546.49,106556.08,106537.19,106550.48,300,80,0
2026.02.04 16:05:00,106561.49,106561.49,106546.54,106546.54,300,80,0
2026.02.04 16:00:00,106576.49,106576.49,106561.54,106561.54,300,80,0
2026.02.04 15:55:00,106591.49,106591.49,106576.54,106576.54,300,80,0
2026.02.04 15:50:00,106606.49,106606.49,106591.54,106591.54,300,80,0
2026.02.04 15:45:00,106594.50,106612.44,106585.50,106606.54,300,80,0
2026.02.04 15:40:00,106575.36,106606.30,106572.21,106594.55,300,80,0
2026.02.04 15:35:00,106590.36,106590.36,106575.41,106575.41,300,80,0
2026.02.04 15:30:00,106470.21,106602.61,106469.81,106590.41,300,80,0
2026.02.04 15:25:00,106453.06,106479.26,106447.16,106470.26,300,80,0
2026.02.04 15:20:00,106438.65,106459.21,106429.85,106453.11,300,80,0
2026.02.04 15:15:00,106453.65,106453.65,106438.70,106438.70,300,80,0
2026.02.04 15:10:00,106468.65,106468.65,106453.70,106453.70,300,80,0
2026.02.04 15:05:00,106483.65,106483.65,106468.70,106468.70,300,80,0
2026.02.04 15:00:00,106498.65,106498.65,106483.70,106483.70,300,80,0
2026.02.04 14:55:00,106513.65,106513.65,106498.70,106498.70,300,80,0
2026.02.04 14:50:00,106495.43,106525.60,106492.43,106513.70,300,80,0
2026.02.04 14:45:00,106510.43,106510.43,106495.48,106495.48,300,80,0
2026.02.04 14:40:00,106498.07,106516.08,106488.77,106510.48,300,80,0
2026.02.04 14:35:00,106486.33,106502.27,106475.58,106498.12,300,80,0
2026.02.04 14:30:00,106486.18,106496.38,106481.28,106486.38,300,80,0
2026.02.04 14:25:00,106438.61,106495.58,106433.31,106486.23,300,80,0
2026.02.04 14:20:00,106415.71,106442.91,106405.06,106438.66,300,80,0
2026.02.04 14:15:00,106414.68,106418.56,106402.58,106415.76,300,80,0
2026.02.04 14:10:00,106402.19,106416.48,106389.04,106414.73,300,80,0
2026.02.04 14:05:00,106417.19,106417.19,106402.24,106402.24,300,80,0
2026.02.04 14:00:00,106416.07,106427.64,106411.57,106417.24,300,80,0
2026.02.04 13:55:00,106431.07,106431.07,106416.12,106416.12,300,80,0
2026.02.04 13:50:00,106446.07,106446.07,106431.12,106431.12,300,80,0
2026.02.04 13:45:00,106337.16,106449.92,106335.01,106446.12,300,80,0
2026.02.04 13:40:00,106352.16,106352.16,106337.21,106337.21,300,80,0
2026.02.04 13:35:00,106333.82,106366.06,106332.77,106352.21,300,80,0
2026.02.04 13:30:00,106348.82,106348.82,106333.87,106333.87,300,80,0
2026.02.04 13:25:00,106363.82,106363.82,106348.87,106348.87,300,80,0
2026.02.04 13:20:00,106378.82,106378.82,106363.87,106363.87,300,80,0
2026.02.04 13:15:00,106393.82,106393.82,106378.87,106378.87,300,80,0
2026.02.04 13:10:00,106365.75,106397.32,106354.30,106393.87,300,80,0
2026.02.04 13:05:00,106350.07,106375.40,106344.77,106365.80,300,80,0
2026.02.04 13:00:00,106365.07,106365.07,106350.12,106350.12,300,80,0
2026.02.04 12:55:00,106279.18,106368.37,106278.68,106365.12,300,80,0
2026.02.04 12:50:00,106278.96,106284.13,106268.96,106279.23,300,80,0
2026.02.04 12:45:00,106293.96,106293.96,106279.01,106279.01,300,80,0
2026.02.04 12:40:00,106308.96,106308.96,106294.01,106294.01,300,80,0
2026.02.04 12:35:00,106323.96,106323.96,106309.01,106309.01,300,80,0
2026.02.04 12:30:00,106338.96,106338.96,106324.01,106324.01,300,80,0
2026.02.04 12:25:00,106353.96,106353.96,106339.01,106339.01,300,80,0
2026.02.04 12:20:00,106347.82,106359.91,106338.82,106354.01,300,80,0
2026.02.04 12:15:00,106322.21,106351.57,106311.01,106347.87,300,80,0
2026.02.04 12:10:00,106245.72,106328.26,106242.37,106322.26,300,80,0
2026.02.04 12:05:00,106232.66,106247.27,106219.26,106245.77,300,80,0
2026.02.04 12:00:00,106225.52,106246.81,106224.72,106232.71,300,80,0
2026.02.04 11:55:00,106240.52,106240.52,106225.57,106225.57,300,80,0
2026.02.04 11:50:00,106205.90,106251.42,106205.40,106240.57,300,80,0
2026.02.04 11:45:00,106182.71,106216.70,106178.56,106205.95,300,80,0
2026.02.04 11:40:00,106197.71,106197.71,106182.76,106182.76,300,80,0
2026.02.04 11:35:00,106212.71,106212.71,106197.76,106197.76,300,80,0
2026.02.04 11:30:00,106227.71,106227.71,106212.76,106212.76,300,80,0
2026.02.04 11:25:00,106242.71,106242.71,106227.76,106227.76,300,80,0
2026.02.04 11:20:00,106257.71,106257.71,106242.76,106242.76,300,80,0
2026.02.04 11:15:00,106272.71,106272.71,106257.76,106257.76,300,80,0
2026.02.04 11:10:00,106249.00,106277.91,106239.25,106272.76,300,80,0
2026.02.04 11:05:00,106264.00,106264.00,106249.05,106249.05,300,80,0
2026.02.04 11:00:00,106279.00,106279.00,106264.05,106264.05,300,80,0
2026.02.04 10:55:00,106294.00,106294.00,106279.05,106279.05,300,80,0
2026.02.04 10:50:00,106309.00,106309.00,106294.05,106294.05,300,80,0
2026.02.04 10:45:00,106324.00,106324.00,106309.05,106309.05,300,80,0
2026.02.04 10:40:00,106300.33,106336.75,106298.13,106324.05,300,80,0
2026.02.04 10:35:00,106246.39,106310.28,106242.39,106300.38,300,80,0
2026.02.04 10:30:00,106261.39,106261.39,106246.44,106246.44,300,80,0
2026.02.04 10:25:00,106276.39,106276.39,106261.44,106261.44,300,80,0
2026.02.04 10:20:00,106291.39,106291.39,106276.44,106276.44,300,80,0
2026.02.04 10:15:00,106306.39,106306.39,106291.44,106291.44,300,80,0
2026.02.04 10:10:00,106261.75,106315.44,106255.90,106306.44,300,80,0
2026.02.04 10:05:00,106246.05,106274.35,106243.70,106261.80,300,80,0
2026.02.04 10:00:00,106261.05,106261.05,106246.10,106246.10,300,80,0
2026.02.04 09:55:00,106276.05,106276.05,106261.10,106261.10,300,80,0
2026.02.04 09:50:00,106252.71,106287.70,106249.41,106276.10,300,80,0
2026.02.04 09:45:00,106267.71,106267.71,106252.76,106252.76,300,80,0
2026.02.04 09:40:00,106282.71,106282.71,106267.76,106267.76,300,80,0
2026.02.04 09:35:00,106282.43,106289.21,106273.98,106282.76,300,80,0
2026.02.04 09:30:00,106272.99,106282.48,106258.09,106282.48,300,80,0
2026.02.04 09:25:00,106215.11,106273.89,106208.01,106273.04,300,80,0
2026.02.04 09:20:00,106128.16,106218.46,106121.11,106215.16,300,80,0
2026.02.04 09:15:00,106143.16,106143.16,106128.21,106128.21,300,80,0
2026.02.04 09:10:00,106158.16,106158.16,106143.21,106143.21,300,80,0
2026.02.04 09:05:00,106121.55,106166.71,106115.15,106158.21,300,80,0
2026.02.04 09:00:00,106075.05,106122.25,106065.30,106121.60,300,80,0
2026.02.04 08:55:00,106040.14,106079.80,106029.94,106075.10,300,80,0
2026.02.04 08:50:00,106055.14,106055.14,106040.19,106040.19,300,80,0
2026.02.04 08:45:00,106016.50,106058.59,106005.00,106055.19,300,80,0
2026.02.04 08:40:00,106013.52,106023.35,106005.42,106016.55,300,80,0
2026.02.04 08:35:00,106028.52,106028.52,106013.57,106013.57,300,80,0
2026.02.04 08:30:00,106043.52,106043.52,106028.57,106028.57,300,80,0
2026.02.04 08:25:00,106058.52,106058.52,106043.57,106043.57,300,80,0
2026.02.04 08:20:00,106014.44,106067.27,106010.84,106058.57,300,80,0
2026.02.04 08:15:00,106029.44,106029.44,106014.49,106014.49,300,80,0
2026.02.04 08:10:00,106044.44,106044.44,106029.49,106029.49,300,80,0
2026.02.04 08:05:00,106059.44,106059.44,106044.49,106044.49,300,80,0
2026.02.04 08:00:00,106074.44,106074.44,106059.49,106059.49,300,80,0
2026.02.04 07:55:00,106089.44,106089.44,106074.49,106074.49,300,80,0
2026.02.04 07:50:00,106104.44,106104.44,106089.49,106089.49,300,80,0
2026.02.04 07:45:00,106092.66,106117.04,106090.31,106104.49,300,80,0
2026.02.04 07:40:00,106107.66,106107.66,106092.71,106092.71,300,80,0
2026.02.04 07:35:00,106122.66,106122.66,106107.71,106107.71,300,80,0
2026.02.04 07:30:00,106033.18,106125.86,106032.28,106122.71,300,80,0
2026.02.04 07:25:00,106048.18,106048.18,106033.23,106033.23,300,80,0
2026.02.04 07:20:00,106063.18,106063.18,106048.23,106048.23,300,80,0
2026.02.04 07:15:00,106078.18,106078.18,106063.23,106063.23,300,80,0
2026.02.04 07:10:00,106064.92,106079.03,106050.82,106078.23,300,80,0
2026.02.04 07:05:00,106055.93,106072.07,106048.13,106064.97,300,80,0
2026.02.04 07:00:00,106070.93,106070.93,106055.98,106055.98,300,80,0
2026.02.04 06:55:00,106068.04,106076.58,106058.74,106070.98,300,80,0
2026.02.04 06:50:00,106083.04,106083.04,106068.09,106068.09,300,80,0
2026.02.04 06:45:00,106076.93,106088.49,106067.43,106083.09,300,80,0
2026.02.04 06:40:00,106073.63,106086.23,106067.98,106076.98,300,80,0
2026.02.04 06:35:00,106088.63,106088.63,106073.68,106073.68,300,80,0
2026.02.04 06:30:00,106064.92,106091.38,106052.72,106088.68,300,80,0
2026.02.04 06:25:00,106079.92,106079.92,106064.97,106064.97,300,80,0
2026.02.04 06:20:00,106094.92,106094.92,106079.97,106079.97,300,80,0
2026.02.04 06:15:00,106109.92,106109.92,106094.97,106094.97,300,80,0
2026.02.04 06:10:00,106100.46,106124.12,106099.71,106109.97,300,80,0
2026.02.04 06:05:00,106115.46,106115.46,106100.51,106100.51,300,80,0
2026.02.04 06:00:00,106099.78,106127.86,106097.23,106115.51,300,80,0
2026.02.04 05:55:00,106077.77,106103.38,106066.42,106099.83,300,80,0
2026.02.04 05:50:00,106092.77,106092.77,106077.82,106077.82,300,80,0
2026.02.04 05:45:00,106059.54,106094.07,106053.24,106092.82,300,80,0
2026.02.04 05:40:00,106074.54,106074.54,106059.59,106059.59,300,80,0
2026.02.04 05:35:00,106058.91,106079.44,106048.86,106074.59,300,80,0
2026.02.04 05:30:00,106073.91,106073.91,106058.96,106058.96,300,80,0
2026.02.04 05:25:00,106088.91,106088.91,106073.96,106073.96,300,80,0
2026.02.04 05:20:00,106086.41,106101.41,106083.96,106088.96,300,80,0
2026.02.04 05:15:00,106101.41,106101.41,106086.46,106086.46,300,80,0
2026.02.04 05:10:00,106116.41,106116.41,106101.46,106101.46,300,80,0
2026.02.04 05:05:00,106131.41,106131.41,106116.46,106116.46,300,80,0
2026.02.04 05:00:00,106146.41,106146.41,106131.46,106131.46,300,80,0
2026.02.04 04:55:00,106137.96,106151.76,106128.36,106146.46,300,80,0
2026.02.04 04:50:00,106152.96,106152.96,106138.01,106138.01,300,80,0
2026.02.04 04:45:00,106127.23,106167.76,106127.08,106153.01,300,80,0
2026.02.04 04:40:00,106086.71,106134.08,106081.16,106127.28,300,80,0
2026.02.04 04:35:00,106071.52,106095.06,106064.92,106086.76,300,80,0
2026.02.04 04:30:00,106066.27,106075.62,106055.42,106071.57,300,80,0
2026.02.04 04:25:00,106081.27,106081.27,106066.32,106066.32,300,80,0
2026.02.04 04:20:00,106096.27,106096.27,106081.32,106081.32,300,80,0
2026.02.04 04:15:00,106084.78,106106.92,106080.48,106096.32,300,80,0
2026.02.04 04:10:00,106099.78,106099.78,106084.83,106084.83,300,80,0
2026.02.04 04:05:00,106094.40,106099.93,106079.60,106099.83,300,80,0
2026.02.04 04:00:00,106043.41,106101.75,106039.06,106094.45,300,80,0
2026.02.04 03:55:00,106026.08,106047.11,106014.83,106043.46,300,80,0
2026.02.04 03:50:00,106002.21,106030.58,105991.76,106026.13,300,80,0
2026.02.04 03:45:00,106017.21,106017.21,106002.26,106002.26,300,80,0
2026.02.04 03:40:00,106003.38,106025.51,105996.73,106017.26,300,80,0
2026.02.04 03:35:00,106018.38,106018.38,106003.43,106003.43,300,80,0
2026.02.04 03:30:00,106033.38,106033.38,106018.43,106018.43,300,80,0
2026.02.04 03:25:00,105929.36,106035.53,105925.31,106033.43,300,80,0
2026.02.04 03:20:00,105921.36,105930.46,105907.51,105929.41,300,80,0
2026.02.04 03:15:00,105893.83,105928.66,105890.33,105921.41,300,80,0
2026.02.04 03:10:00,105908.83,105908.83,105893.88,105893.88,300,80,0
2026.02.04 03:05:00,105923.83,105923.83,105908.88,105908.88,300,80,0
2026.02.04 03:00:00,105938.83,105938.83,105923.88,105923.88,300,80,0
2026.02.04 02:55:00,105953.83,105953.83,105938.88,105938.88,300,80,0
2026.02.04 02:50:00,105968.83,105968.83,105953.88,105953.88,300,80,0
2026.02.04 02:45:00,105950.34,105972.08,105938.64,105968.88,300,80,0
2026.02.04 02:40:00,105965.34,105965.34,105950.39,105950.39,300,80,0
2026.02.04 02:35:00,105980.34,105980.34,105965.39,105965.39,300,80,0
2026.02.04 02:30:00,105995.34,105995.34,105980.39,105980.39,300,80,0
2026.02.04 02:25:00,105969.65,106003.79,105963.10,105995.39,301,80,0
2026.02.04 02:20:00,105984.60,105984.60,105969.70,105969.70,299,80,0
2026.02.04 02:15:00,105999.65,105999.65,105984.65,105984.65,301,80,0
2026.02.04 02:10:00,105973.45,106011.25,105970.15,105999.70,299,80,0
2026.02.04 02:05:00,105988.50,105988.50,105973.50,105973.50,301,80,0
2026.02.04 02:00:00,105969.83,105997.40,105963.83,105988.55,299,80,0
2026.02.04 01:55:00,105965.44,105982.08,105962.69,105969.88,301,80,0
2026.02.04 01:50:00,105980.44,105980.44,105965.49,105965.49,300,80,0
2026.02.04 01:45:00,105995.44,105995.44,105980.49,105980.49,300,80,0
2026.02.04 01:40:00,106010.44,106010.44,105995.49,105995.49,300,80,0
2026.02.04 01:35:00,105917.98,106012.29,105915.43,106010.49,300,80,0
2026.02.04 01:30:00,105932.98,105932.98,105918.03,105918.03,300,80,0
2026.02.04 01:25:00,105947.98,105947.98,105933.03,105933.03,300,80,0
2026.02.04 01:20:00,105962.98,105962.98,105948.03,105948.03,300,80,0
2026.02.04 01:15:00,105950.86,105972.48,105945.41,105963.03,300,80,0
2026.02.04 01:10:00,105965.86,105965.86,105950.91,105950.91,300,80,0
2026.02.04 01:05:00,105959.26,105979.41,105957.86,105965.91,300,80,0
2026.02.04 01:00:00,105974.26,105974.26,105959.31,105959.31,300,80,0
2026.02.04 00:55:00,105989.26,105989.26,105974.31,105974.31,300,80,0
2026.02.04 00:50:00,106004.26,106004.26,105989.31,105989.31,300,80,0
2026.02.04 00:45:00,106019.26,106019.26,106004.31,106004.31,300,80,0
2026.02.04 00:40:00,106034.26,106034.26,106019.31,106019.31,300,80,0
2026.02.04 00:35:00,105987.48,106036.31,105986.03,106034.31,300,80,0
2026.02.04 00:30:00,105986.96,106002.13,105986.66,105987.53,300,80,0
2026.02.04 00:25:00,106001.96,106001.96,105987.01,105987.01,300,80,0
2026.02.04 00:20:00,106016.96,106016.96,106002.01,106002.01,300,80,0
2026.02.04 00:15:00,105982.16,106021.81,105972.06,106017.01,300,80,0
2026.02.04 00:10:00,105997.16,105997.16,105982.21,105982.21,300,80,0
2026.02.04 00:05:00,106012.16,106012.16,105997.21,105997.21,300,80,0
2026.02.04 00:00:00,106027.16,106027.16,106012.21,106012.21,300,80,0
2026.02.03 23:55:00,105971.00,106033.61,105964.75,106027.21,300,80,0
2026.02.03 23:50:00,105953.01,105979.35,105946.41,105971.05,300,80,0
2026.02.03 23:45:00,105941.90,105966.51,105940.45,105953.06,300,80,0
2026.02.03 23:40:00,105956.90,105956.90,105941.95,105941.95,300,80,0
2026.02.03 23:35:00,105971.90,105971.90,105956.95,105956.95,300,80,0
2026.02.03 23:30:00,105986.90,105986.90,105971.95,105971.95,300,80,0
2026.02.03 23:25:00,106001.90,106001.90,105986.95,105986.95,300,80,0
2026.02.03 23:20:00,106016.90,106016.90,106001.95,106001.95,300,80,0
2026.02.03 23:15:00,105973.08,106022.35,105963.88,106016.95,300,80,0
2026.02.03 23:10:00,105951.05,105980.73,105943.75,105973.13,300,80,0
2026.02.03 23:05:00,105942.44,105953.15,105929.59,105951.10,300,80,0
2026.02.03 23:00:00,105937.77,105948.89,105929.27,105942.49,300,80,0
2026.02.03 22:55:00,105952.77,105952.77,105937.82,105937.82,300,80,0
2026.02.03 22:50:00,105967.77,105967.77,105952.82,105952.82,300,80,0
2026.02.03 22:45:00,105982.77,105982.77,105967.82,105967.82,300,80,0
2026.02.03 22:40:00,105997.77,105997.77,105982.82,105982.82,300,80,0
2026.02.03 22:35:00,106012.77,106012.77,105997.82,105997.82,300,80,0
2026.02.03 22:30:00,106027.77,106027.77,106012.82,106012.82,300,80,0
2026.02.03 22:25:00,106042.77,106042.77,106027.82,106027.82,300,80,0
2026.02.03 22:20:00,106057.77,106057.77,106042.82,106042.82,300,80,0
2026.02.03 22:15:00,106072.77,106072.77,106057.82,106057.82,300,80,0
2026.02.03 22:10:00,106087.77,106087.77,106072.82,106072.82,300,80,0
2026.02.03 22:05:00,106102.77,106102.77,106087.82,106087.82,300,80,0
2026.02.03 22:00:00,106087.65,106112.62,106082.55,106102.82,300,80,0
2026.02.03 21:55:00,106102.65,106102.65,106087.70,106087.70,300,80,0
2026.02.03 21:50:00,106117.65,106117.65,106102.70,106102.70,300,80,0
2026.02.03 21:45:00,106036.14,106118.00,106035.14,106117.70,300,80,0
2026.02.03 21:40:00,106051.14,106051.14,106036.19,106036.19,300,80,0
2026.02.03 21:35:00,106027.67,106062.94,106024.52,106051.19,300,80,0
2026.02.03 21:30:00,106042.67,106042.67,106027.72,106027.72,300,80,0
2026.02.03 21:25:00,106057.67,106057.67,106042.72,106042.72,300,80,0
2026.02.03 21:20:00,106072.67,106072.67,106057.72,106057.72,300,80,0
2026.02.03 21:15:00,106087.67,106087.67,106072.72,106072.72,300,80,0
2026.02.03 21:10:00,106102.67,106102.67,106087.72,106087.72,300,80,0
2026.02.03 21:05:00,106075.63,106103.57,106068.38,106102.72,300,80,0
2026.02.03 21:00:00,106067.26,106081.68,106058.36,106075.68,300,80,0
2026.02.03 20:55:00,106082.26,106082.26,106067.31,106067.31,300,80,0
2026.02.03 20:50:00,106097.26,106097.26,106082.31,106082.31,300,80,0
2026.02.03 20:45:00,106077.97,106098.76,106064.52,106097.31,300,80,0
2026.02.03 20:40:00,106092.97,106092.97,106078.02,106078.02,300,80,0
2026.02.03 20:35:00,106107.97,106107.97,106093.02,106093.02,300,80,0
2026.02.03 20:30:00,106122.97,106122.97,106108.02,106108.02,300,80,0
2026.02.03 20:25:00,106137.97,106137.97,106123.02,106123.02,300,80,0
2026.02.03 20:20:00,106152.97,106152.97,106138.02,106138.02,300,80,0
2026.02.03 20:15:00,106167.97,106167.97,106153.02,106153.02,300,80,0
2026.02.03 20:10:00,106159.12,106178.82,106155.02,106168.02,300,80,0
2026.02.03 20:05:00,106174.12,106174.12,106159.17,106159.17,300,80,0
2026.02.03 20:00:00,106189.12,106189.12,106174.17,106174.17,300,80,0
2026.02.03 19:55:00,106204.12,106204.12,106189.17,106189.17,300,80,0
2026.02.03 19:50:00,106201.76,106216.47,106199.16,106204.17,300,80,0
2026.02.03 19:45:00,106216.76,106216.76,106201.81,106201.81,300,80,0
2026.02.03 19:40:00,106231.76,106231.76,106216.81,106216.81,300,80,0
2026.02.03 19:35:00,106216.72,106232.46,106202.47,106231.81,300,80,0
2026.02.03 19:30:00,106213.55,106226.57,106208.45,106216.77,300,80,0
2026.02.03 19:25:00,106167.83,106215.70,106167.53,106213.60,300,80,0
2026.02.03 19:20:00,106182.83,106182.83,106167.88,106167.88,300,80,0
2026.02.03 19:15:00,106179.30,106184.23,106165.75,106182.88,300,80,0
2026.02.03 19:10:00,106163.39,106189.05,106158.19,106179.35,300,80,0
2026.02.03 19:05:00,106178.39,106178.39,106163.44,106163.44,300,80,0
2026.02.03 19:00:00,106193.39,106193.39,106178.44,106178.44,300,80,0
2026.02.03 18:55:00,106208.39,106208.39,106193.44,106193.44,300,80,0
2026.02.03 18:50:00,106168.37,106216.29,106168.32,106208.44,300,80,0
2026.02.03 18:45:00,106096.12,106171.62,106088.47,106168.42,300,80,0
2026.02.03 18:40:00,106111.12,106111.12,106096.17,106096.17,300,80,0
2026.02.03 18:35:00,106126.12,106126.12,106111.17,106111.17,300,80,0
2026.02.03 18:30:00,106111.28,106140.12,106110.33,106126.17,300,80,0
2026.02.03 18:25:00,106110.50,106120.03,106104.30,106111.33,300,80,0
2026.02.03 18:20:00,106125.50,106125.50,106110.55,106110.55,300,80,0
2026.02.03 18:15:00,106140.50,106140.50,106125.55,106125.55,300,80,0
2026.02.03 18:10:00,106155.50,106155.50,106140.55,106140.55,300,80,0
2026.02.03 18:05:00,106170.50,106170.50,106155.55,106155.55,300,80,0
2026.02.03 18:00:00,106185.50,106185.50,106170.55,106170.55,300,80,0
2026.02.03 17:55:00,106200.50,106200.50,106185.55,106185.55,300,80,0
2026.02.03 17:50:00,106190.24,106201.35,106176.14,106200.55,300,80,0
2026.02.03 17:45:00,106179.40,106197.39,106171.60,106190.29,300,80,0
2026.02.03 17:40:00,106194.40,106194.40,106179.45,106179.45,300,80,0
2026.02.03 17:35:00,106209.40,106209.40,106194.45,106194.45,300,80,0
2026.02.03 17:30:00,106224.40,106224.40,106209.45,106209.45,300,80,0
2026.02.03 17:25:00,106239.40,106239.40,106224.45,106224.45,300,80,0
2026.02.03 17:20:00,106254.40,106254.40,106239.45,106239.45,300,80,0
2026.02.03 17:15:00,106269.40,106269.40,106254.45,106254.45,300,80,0
2026.02.03 17:10:00,106284.40,106284.40,106269.45,106269.45,300,80,0
2026.02.03 17:05:00,106299.40,106299.40,106284.45,106284.45,300,80,0
2026.02.03 17:00:00,106314.40,106314.40,106299.45,106299.45,300,80,0
2026.02.03 16:55:00,106329.40,106329.40,106314.45,106314.45,300,80,0
2026.02.03 16:50:00,106344.40,106344.40,106329.45,106329.45,300,80,0
2026.02.03 16:45:00,106359.40,106359.40,106344.45,106344.45,300,80,0
2026.02.03 16:40:00,106374.40,106374.40,106359.45,106359.45,300,80,0
2026.02.03 16:35:00,106389.40,106389.40,106374.45,106374.45,300,80,0
2026.02.03 16:30:00,106353.21,106400.10,106349.41,106389.45,300,80,0
2026.02.03 16:25:00,106337.72,106366.31,106335.87,106353.26,300,80,0
2026.02.03 16:20:00,106352.72,106352.72,106337.77,106337.77,300,80,0
2026.02.03 16:15:00,106367.72,106367.72,106352.77,106352.77,300,80,0
2026.02.03 16:10:00,106382.72,106382.72,106367.77,106367.77,300,80,0
2026.02.03 16:05:00,106380.21,106387.92,106370.46,106382.77,300,80,0
2026.02.03 16:00:00,106376.09,106381.16,106362.09,106380.26,300,80,0
2026.02.03 15:55:00,106391.09,106391.09,106376.14,106376.14,300,80,0
2026.02.03 15:50:00,106406.09,106406.09,106391.14,106391.14,300,80,0
2026.02.03 15:45:00,106386.16,106406.14,106371.26,106406.14,300,80,0
2026.02.03 15:40:00,106401.16,106401.16,106386.21,106386.21,300,80,0
2026.02.03 15:35:00,106416.16,106416.16,106401.21,106401.21,300,80,0
2026.02.03 15:30:00,106431.16,106431.16,106416.21,106416.21,300,80,0
2026.02.03 15:25:00,106446.16,106446.16,106431.21,106431.21,300,80,0
2026.02.03 15:20:00,106425.28,106452.96,106417.13,106446.21,300,80,0
2026.02.03 15:15:00,106440.28,106440.28,106425.33,106425.33,300,80,0
2026.02.03 15:10:00,106455.28,106455.28,106440.33,106440.33,300,80,0
2026.02.03 15:05:00,106470.28,106470.28,106455.33,106455.33,300,80,0
2026.02.03 15:00:00,106450.18,106480.58,106445.53,106470.33,300,80,0
2026.02.03 14:55:00,106465.18,106465.18,106450.23,106450.23,300,80,0
2026.02.03 14:50:00,106480.18,106480.18,106465.23,106465.23,300,80,0
2026.02.03 14:45:00,106495.18,106495.18,106480.23,106480.23,300,80,0
2026.02.03 14:40:00,106488.21,106500.33,106478.41,106495.23,300,80,0
2026.02.03 14:35:00,106503.21,106503.21,106488.26,106488.26,300,80,0
2026.02.03 14:30:00,106518.21,106518.21,106503.26,106503.26,300,80,0
2026.02.03 14:25:00,106533.21,106533.21,106518.26,106518.26,300,80,0
2026.02.03 14:20:00,106548.21,106548.21,106533.26,106533.26,300,80,0
2026.02.03 14:15:00,106544.12,106562.96,106543.92,106548.26,300,80,0
2026.02.03 14:10:00,106559.12,106559.12,106544.17,106544.17,300,80,0
2026.02.03 14:05:00,106535.63,106566.72,106528.28,106559.17,300,80,0
2026.02.03 14:00:00,106532.48,106541.68,106523.58,106535.68,300,80,0
2026.02.03 13:55:00,106547.48,106547.48,106532.53,106532.53,300,80,0
2026.02.03 13:50:00,106562.48,106562.48,106547.53,106547.53,300,80,0
2026.02.03 13:45:00,106517.43,106570.13,106510.88,106562.53,300,80,0
2026.02.03 13:40:00,106532.43,106532.43,106517.48,106517.48,300,80,0
2026.02.03 13:35:00,106531.23,106534.58,106518.43,106532.48,300,80,0
2026.02.03 13:30:00,106516.83,106537.58,106508.23,106531.28,300,80,0
2026.02.03 13:25:00,106513.32,106530.48,106512.02,106516.88,300,80,0
2026.02.03 13:20:00,106494.72,106515.62,106482.07,106513.37,300,80,0
2026.02.03 13:15:00,106509.72,106509.72,106494.77,106494.77,300,80,0
2026.02.03 13:10:00,106504.07,106515.22,106494.62,106509.77,300,80,0
2026.02.03 13:05:00,106519.07,106519.07,106504.12,106504.12,300,80,0
2026.02.03 13:00:00,106534.07,106534.07,106519.12,106519.12,300,80,0
2026.02.03 12:55:00,106525.55,106545.02,106521.55,106534.12,300,80,0
2026.02.03 12:50:00,106522.70,106529.20,106511.40,106525.60,300,80,0
2026.02.03 12:45:00,106537.70,106537.70,106522.75,106522.75,300,80,0
2026.02.03 12:40:00,106516.75,106543.30,106507.40,106537.75,300,80,0
2026.02.03 12:35:00,106531.75,106531.75,106516.80,106516.80,300,80,0
2026.02.03 12:30:00,106470.93,106541.35,106469.43,106531.80,300,80,0
2026.02.03 12:25:00,106456.66,106482.18,106452.96,106470.98,300,80,0
2026.02.03 12:20:00,106471.66,106471.66,106456.71,106456.71,300,80,0
2026.02.03 12:15:00,106486.66,106486.66,106471.71,106471.71,300,80,0
2026.02.03 12:10:00,106501.66,106501.66,106486.71,106486.71,300,80,0
2026.02.03 12:05:00,106516.66,106516.66,106501.71,106501.71,300,80,0
2026.02.03 12:00:00,106511.99,106529.06,106509.44,106516.71,300,80,0
2026.02.03 11:55:00,106526.99,106526.99,106512.04,106512.04,300,80,0
2026.02.03 11:50:00,106541.99,106541.99,106527.04,106527.04,300,80,0
2026.02.03 11:45:00,106532.80,106545.14,106521.00,106542.04,300,80,0
2026.02.03 11:40:00,106477.51,106541.20,106474.06,106532.85,300,80,0
2026.02.03 11:35:00,106492.51,106492.51,106477.56,106477.56,300,80,0
2026.02.03 11:30:00,106507.51,106507.51,106492.56,106492.56,300,80,0
2026.02.03 11:25:00,106522.51,106522.51,106507.56,106507.56,300,80,0
2026.02.03 11:20:00,106499.02,106535.21,106496.77,106522.56,300,80,0
2026.02.03 11:15:00,106474.25,106502.22,106462.50,106499.07,300,80,0
2026.02.03 11:10:00,106489.25,106489.25,106474.30,106474.30,300,80,0
2026.02.03 11:05:00,106471.26,106490.35,106457.41,106489.30,300,80,0
2026.02.03 11:00:00,106486.26,106486.26,106471.31,106471.31,300,80,0
2026.02.03 10:55:00,106454.15,106487.06,106440.00,106486.31,300,80,0
2026.02.03 10:50:00,106448.20,106459.60,106438.70,106454.20,300,80,0
2026.02.03 10:45:00,106463.20,106463.20,106448.25,106448.25,300,80,0
2026.02.03 10:40:00,106478.20,106478.20,106463.25,106463.25,300,80,0
2026.02.03 10:35:00,106493.20,106493.20,106478.25,106478.25,300,80,0
2026.02.03 10:30:00,106437.98,106503.90,106436.73,106493.25,300,80,0
2026.02.03 10:25:00,106452.98,106452.98,106438.03,106438.03,300,80,0
2026.02.03 10:20:00,106467.98,106467.98,106453.03,106453.03,300,80,0
2026.02.03 10:15:00,106482.98,106482.98,106468.03,106468.03,300,80,0
2026.02.03 10:10:00,106497.98,106497.98,106483.03,106483.03,300,80,0
2026.02.03 10:05:00,106512.98,106512.98,106498.03,106498.03,300,80,0
2026.02.03 10:00:00,106472.19,106476.21,106461.09,106472.41,300,80,0
2026.02.03 09:55:00,106487.19,106487.19,106472.24,106472.24,300,80,0
2026.02.03 09:50:00,106502.19,106502.19,106487.24,106487.24,300,80,0
2026.02.03 09:45:00,106517.19,106517.19,106502.24,106502.24,300,80,0
2026.02.03 09:40:00,106487.36,106517.49,106472.71,106517.24,300,80,0
2026.02.03 09:35:00,106502.36,106502.36,106487.41,106487.41,300,80,0
2026.02.03 09:30:00,106517.36,106517.36,106502.41,106502.41,300,80,0
2026.02.03 09:25:00,106507.94,106519.86,106495.49,106517.41,300,80,0
2026.02.03 09:20:00,106522.94,106522.94,106507.99,106507.99,300,80,0
2026.02.03 09:15:00,106497.65,106529.44,106489.20,106522.99,300,80,0
2026.02.03 09:10:00,106469.00,106508.85,106465.25,106497.70,300,80,0
2026.02.03 09:05:00,106484.00,106484.00,106469.05,106469.05,300,80,0
2026.02.03 09:00:00,106483.82,106491.25,106476.12,106484.05,300,80,0
2026.02.03 08:55:00,106476.56,106486.72,106464.51,106483.87,300,80,0
2026.02.03 08:50:00,106423.09,106487.51,106419.29,106476.61,300,80,0
2026.02.03 08:45:00,106438.09,106438.09,106423.14,106423.14,300,80,0
2026.02.03 08:40:00,106433.49,106451.84,106432.29,106438.14,300,80,0
2026.02.03 08:35:00,106448.49,106448.49,106433.54,106433.54,300,80,0
2026.02.03 08:30:00,106435.56,106453.34,106425.46,106448.54,300,80,0
2026.02.03 08:25:00,106450.56,106450.56,106435.61,106435.61,300,80,0
2026.02.03 08:20:00,106465.56,106465.56,106450.61,106450.61,300,80,0
2026.02.03 08:15:00,106425.30,106469.16,106413.95,106465.61,300,80,0
2026.02.03 08:10:00,106440.30,106440.30,106425.35,106425.35,300,80,0
2026.02.03 08:05:00,106455.30,106455.30,106440.35,106440.35,300,80,0
2026.02.03 08:00:00,106470.30,106470.30,106455.35,106455.35,300,80,0
2026.02.03 07:55:00,106485.30,106485.30,106470.35,106470.35,300,80,0
2026.02.03 07:50:00,106500.30,106500.30,106485.35,106485.35,300,80,0
2026.02.03 07:45:00,106515.30,106515.30,106500.35,106500.35,300,80,0
2026.02.03 07:40:00,106530.30,106530.30,106515.35,106515.35,300,80,0
2026.02.03 07:35:00,106545.30,106545.30,106530.35,106530.35,300,80,0
2026.02.03 07:30:00,106539.18,106550.35,106529.28,106545.35,300,80,0
2026.02.03 07:25:00,106537.02,106551.53,106534.42,106539.23,300,80,0
2026.02.03 07:20:00,106552.02,106552.02,106537.07,106537.07,300,80,0
2026.02.03 07:15:00,106567.02,106567.02,106552.07,106552.07,300,80,0
2026.02.03 07:10:00,106545.60,106574.97,106538.60,106567.07,300,80,0
2026.02.03 07:05:00,106560.60,106560.60,106545.65,106545.65,300,80,0
2026.02.03 07:00:00,106547.88,106571.85,106544.18,106560.65,300,80,0
2026.02.03 06:55:00,106562.88,106562.88,106547.93,106547.93,300,80,0
2026.02.03 06:50:00,106577.88,106577.88,106562.93,106562.93,300,80,0
2026.02.03 06:45:00,106592.88,106592.88,106577.93,106577.93,300,80,0
2026.02.03 06:40:00,106607.88,106607.88,106592.93,106592.93,300,80,0
2026.02.03 06:35:00,106622.88,106622.88,106607.93,106607.93,300,80,0
2026.02.03 06:30:00,106637.88,106637.88,106622.93,106622.93,300,80,0
2026.02.03 06:25:00,106652.88,106652.88,106637.93,106637.93,300,80,0
2026.02.03 06:20:00,106639.50,106657.23,106628.90,106652.93,300,80,0
2026.02.03 06:15:00,106654.50,106654.50,106639.55,106639.55,300,80,0
2026.02.03 06:10:00,106669.50,106669.50,106654.55,106654.55,300,80,0
2026.02.03 06:05:00,106623.75,106679.95,106619.25,106669.55,300,80,0
2026.02.03 06:00:00,106638.75,106638.75,106623.80,106623.80,300,80,0
2026.02.03 05:55:00,106616.25,106653.00,106615.55,106638.80,300,80,0
2026.02.03 05:50:00,106631.25,106631.25,106616.30,106616.30,300,80,0
2026.02.03 05:45:00,106646.25,106646.25,106631.30,106631.30,300,80,0
2026.02.03 05:40:00,106661.25,106661.25,106646.30,106646.30,300,80,0
2026.02.03 05:35:00,106676.25,106676.25,106661.30,106661.30,300,80,0
2026.02.03 05:30:00,106691.25,106691.25,106676.30,106676.30,300,80,0
2026.02.03 05:25:00,106706.25,106706.25,106691.30,106691.30,300,80,0
2026.02.03 05:20:00,106693.76,106714.45,106687.01,106706.30,300,80,0
2026.02.03 05:15:00,106637.05,106698.26,106635.70,106693.81,300,80,0
2026.02.03 05:10:00,106652.05,106652.05,106637.10,106637.10,300,80,0
2026.02.03 05:05:00,106620.99,106653.45,106607.44,106652.10,300,80,0
2026.02.03 05:00:00,106635.99,106635.99,106621.04,106621.04,300,80,0
2026.02.03 04:55:00,106650.99,106650.99,106636.04,106636.04,300,80,0
2026.02.03 04:50:00,106665.99,106665.99,106651.04,106651.04,300,80,0
2026.02.03 04:45:00,106680.99,106680.99,106666.04,106666.04,300,80,0
2026.02.03 04:40:00,106695.99,106695.99,106681.04,106681.04,300,80,0
2026.02.03 04:35:00,106710.99,106710.99,106696.04,106696.04,300,80,0
2026.02.03 04:30:00,106725.99,106725.99,106711.04,106711.04,300,80,0
2026.02.03 04:25:00,106644.65,106737.39,106641.95,106726.04,300,80,0
2026.02.03 04:20:00,106659.65,106659.65,106644.70,106644.70,300,80,0
2026.02.03 04:15:00,106674.65,106674.65,106659.70,106659.70,300,80,0
2026.02.03 04:10:00,106689.65,106689.65,106674.70,106674.70,300,80,0
2026.02.03 04:05:00,106704.65,106704.65,106689.70,106689.70,300,80,0
2026.02.03 04:00:00,106688.39,106712.90,106681.69,106704.70,300,80,0
2026.02.03 03:55:00,106703.39,106703.39,106688.44,106688.44,300,80,0
2026.02.03 03:50:00,106718.39,106718.39,106703.44,106703.44,300,80,0
2026.02.03 03:45:00,106733.39,106733.39,106718.44,106718.44,300,80,0
2026.02.03 03:40:00,106748.39,106748.39,106733.44,106733.44,300,80,0
2026.02.03 03:35:00,106736.94,106761.44,106735.04,106748.44,300,80,0
2026.02.03 03:30:00,106751.94,106751.94,106736.99,106736.99,300,80,0
2026.02.03 03:25:00,106766.94,106766.94,106751.99,106751.99,300,80,0
2026.02.03 03:20:00,106703.09,106770.69,106697.14,106766.99,300,80,0
2026.02.03 03:15:00,106691.59,106704.89,106678.44,106703.14,300,80,0
2026.02.03 03:10:00,106706.59,106706.59,106691.64,106691.64,300,80,0
2026.02.03 03:05:00,106721.59,106721.59,106706.64,106706.64,300,80,0
2026.02.03 03:00:00,106736.59,106736.59,106721.64,106721.64,300,80,0
2026.02.03 02:55:00,106751.59,106751.59,106736.64,106736.64,300,80,0
2026.02.03 02:50:00,106766.59,106766.59,106751.64,106751.64,300,80,0
2026.02.03 02:45:00,106781.59,106781.59,106766.64,106766.64,300,80,0
2026.02.03 02:40:00,106796.59,106796.59,106781.64,106781.64,300,80,0
2026.02.03 02:35:00,106793.36,106804.49,106786.31,106796.64,300,80,0
2026.02.03 02:30:00,106770.49,106794.36,106756.54,106793.41,300,80,0
2026.02.03 02:25:00,106785.49,106785.49,106770.54,106770.54,300,80,0
2026.02.03 02:20:00,106758.53,106790.69,106748.78,106785.54,300,80,0
2026.02.03 02:15:00,106773.53,106773.53,106758.58,106758.58,300,80,0
2026.02.03 02:10:00,106710.62,106781.18,106704.77,106773.58,300,80,0
2026.02.03 02:05:00,106725.62,106725.62,106710.67,106710.67,300,80,0
2026.02.03 02:00:00,106740.62,106740.62,106725.67,106725.67,300,80,0
2026.02.03 01:55:00,106727.03,106744.62,106716.08,106740.67,300,80,0
2026.02.03 01:50:00,106717.59,106730.73,106706.34,106727.08,300,80,0
2026.02.03 01:45:00,106703.91,106728.54,106699.91,106717.64,300,80,0
2026.02.03 01:40:00,106718.91,106718.91,106703.96,106703.96,300,80,0
2026.02.03 01:35:00,106708.01,106733.01,106707.16,106718.96,300,80,0
2026.02.03 01:30:00,106666.17,106716.11,106661.27,106708.06,300,80,0
2026.02.03 01:25:00,106631.34,106679.87,106630.09,106666.22,300,80,0
2026.02.03 01:20:00,106646.34,106646.34,106631.39,106631.39,300,80,0
2026.02.03 01:15:00,106629.04,106656.99,106624.74,106646.39,300,80,0
2026.02.03 01:10:00,106644.04,106644.04,106629.09,106629.09,300,80,0
2026.02.03 01:05:00,106636.91,106647.64,106625.56,106644.09,300,80,0
2026.02.03 01:00:00,106629.41,106638.46,106616.01,106636.96,300,80,0
2026.02.03 00:55:00,106590.18,106638.36,106586.08,106629.46,300,80,0
2026.02.03 00:50:00,106605.18,106605.18,106590.23,106590.23,300,80,0
2026.02.03 00:45:00,106620.18,106620.18,106605.23,106605.23,300,80,0
2026.02.03 00:40:00,106635.18,106635.18,106620.23,106620.23,300,80,0
2026.02.03 00:35:00,106650.18,106650.18,106635.23,106635.23,300,80,0
2026.02.03 00:30:00,106665.18,106665.18,106650.23,106650.23,300,80,0
2026.02.03 00:25:00,106680.18,106680.18,106665.23,106665.23,300,80,0
2026.02.03 00:20:00,106695.18,106695.18,106680.23,106680.23,300,80,0
2026.02.03 00:15:00,106691.39,106703.43,106684.69,106695.23,300,80,0
2026.02.03 00:10:00,106706.39,106706.39,106691.44,106691.44,300,80,0
2026.02.03 00:05:00,106721.39,106721.39,106706.44,106706.44,300,80,0
2026.02.03 00:00:00,106736.39,106736.39,106721.44,106721.44,300,80,0
2026.02.02 23:55:00,106721.67,106745.74,106716.07,106736.44,300,80,0
2026.02.02 23:50:00,106720.81,106722.22,106706.41,106721.72,300,80,0
2026.02.02 23:45:00,106713.57,106721.31,106699.12,106720.86,300,80,0
2026.02.02 23:40:00,106728.57,106728.57,106713.62,106713.62,300,80,0
2026.02.02 23:35:00,106743.57,106743.57,106728.62,106728.62,300,80,0
2026.02.02 23:30:00,106758.57,106758.57,106743.62,106743.62,300,80,0
2026.02.02 23:25:00,106773.57,106773.57,106758.62,106758.62,300,80,0
2026.02.02 23:20:00,106767.49,106782.87,106761.84,106773.62,300,80,0
2026.02.02 23:15:00,106751.49,106773.49,106742.54,106767.54,300,80,0
2026.02.02 23:10:00,106729.72,106756.59,106719.87,106751.54,300,80,0
2026.02.02 23:05:00,106744.72,106744.72,106729.77,106729.77,300,80,0
2026.02.02 23:00:00,106720.76,106759.07,106720.51,106744.77,300,80,0
2026.02.02 22:55:00,106673.70,106722.71,106661.00,106720.81,300,80,0
2026.02.02 22:50:00,106688.70,106688.70,106673.75,106673.75,300,80,0
2026.02.02 22:45:00,106703.70,106703.70,106688.75,106688.75,300,80,0
2026.02.02 22:40:00,106718.70,106718.70,106703.75,106703.75,300,80,0
2026.02.02 22:35:00,106733.70,106733.70,106718.75,106718.75,300,80,0
2026.02.02 22:30:00,106691.74,106734.80,106687.74,106733.75,300,80,0
2026.02.02 22:25:00,106686.64,106697.69,106677.64,106691.79,300,80,0
2026.02.02 22:20:00,106641.86,106693.19,106639.41,106686.69,300,80,0
2026.02.02 22:15:00,106656.86,106656.86,106641.91,106641.91,300,80,0
2026.02.02 22:10:00,106671.86,106671.86,106656.91,106656.91,300,80,0
2026.02.02 22:05:00,106620.21,106674.41,106618.76,106671.91,300,80,0
2026.02.02 22:00:00,106596.13,106623.11,106584.08,106620.26,300,80,0
2026.02.02 21:55:00,106611.13,106611.13,106596.18,106596.18,300,80,0
2026.02.02 21:50:00,106558.36,106614.98,106556.41,106611.18,300,80,0
2026.02.02 21:45:00,106573.36,106573.36,106558.41,106558.41,300,80,0
2026.02.02 21:40:00,106588.36,106588.36,106573.41,106573.41,300,80,0
2026.02.02 21:35:00,106531.14,106596.41,106529.94,106588.41,300,80,0
2026.02.02 21:30:00,106546.14,106546.14,106531.19,106531.19,300,80,0
2026.02.02 21:25:00,106561.14,106561.14,106546.19,106546.19,300,80,0
2026.02.02 21:20:00,106576.14,106576.14,106561.19,106561.19,300,80,0
2026.02.02 21:15:00,106591.14,106591.14,106576.19,106576.19,300,80,0
2026.02.02 21:10:00,106569.46,106592.49,106555.86,106591.19,300,80,0
2026.02.02 21:05:00,106569.35,106570.51,106555.45,106569.51,300,80,0
2026.02.02 21:00:00,106557.21,106573.00,106545.91,106569.40,300,80,0
2026.02.02 20:55:00,106572.21,106572.21,106557.26,106557.26,300,80,0
2026.02.02 20:50:00,106550.75,106586.91,106550.50,106572.26,300,80,0
2026.02.02 20:45:00,106509.62,106555.20,106499.12,106550.80,300,80,0
2026.02.02 20:40:00,106524.62,106524.62,106509.67,106509.67,300,80,0
2026.02.02 20:35:00,106503.17,106528.17,106491.77,106524.67,300,80,0
2026.02.02 20:30:00,106488.79,106515.47,106486.14,106503.22,300,80,0
2026.02.02 20:25:00,106503.79,106503.79,106488.84,106488.84,300,80,0
2026.02.02 20:20:00,106518.79,106518.79,106503.84,106503.84,300,80,0
2026.02.02 20:15:00,106533.79,106533.79,106518.84,106518.84,300,80,0
2026.02.02 20:10:00,106548.79,106548.79,106533.84,106533.84,300,80,0
2026.02.02 20:05:00,106563.79,106563.79,106548.84,106548.84,300,80,0
2026.02.02 20:00:00,106578.79,106578.79,106563.84,106563.84,300,80,0
2026.02.02 19:55:00,106547.84,106581.89,106535.99,106578.84,300,80,0
2026.02.02 19:50:00,106528.54,106552.19,106517.94,106547.89,300,80,0
2026.02.02 19:45:00,106543.54,106543.54,106528.59,106528.59,300,80,0
2026.02.02 19:40:00,106558.54,106558.54,106543.59,106543.59,300,80,0
2026.02.02 19:35:00,106573.54,106573.54,106558.59,106558.59,300,80,0
2026.02.02 19:30:00,106588.54,106588.54,106573.59,106573.59,300,80,0
2026.02.02 19:25:00,106603.54,106603.54,106588.59,106588.59,300,80,0
2026.02.02 19:20:00,106589.47,106603.84,106574.82,106603.59,300,80,0
2026.02.02 19:15:00,106604.47,106604.47,106589.52,106589.52,300,80,0
2026.02.02 19:10:00,106619.47,106619.47,106604.52,106604.52,300,80,0
2026.02.02 19:05:00,106606.06,106621.87,106593.51,106619.52,300,80,0
2026.02.02 19:00:00,106621.06,106621.06,106606.11,106606.11,300,80,0
2026.02.02 18:55:00,106636.06,106636.06,106621.11,106621.11,300,80,0
2026.02.02 18:50:00,106615.62,106648.91,106613.52,106636.11,300,80,0
2026.02.02 18:45:00,106630.62,106630.62,106615.67,106615.67,300,80,0
2026.02.02 18:40:00,106628.96,106633.47,106616.86,106630.67,300,80,0
2026.02.02 18:35:00,106532.31,106634.11,106527.31,106629.01,300,80,0
2026.02.02 18:30:00,106547.31,106547.31,106532.36,106532.36,300,80,0
2026.02.02 18:25:00,106562.31,106562.31,106547.36,106547.36,300,80,0
2026.02.02 18:20:00,106577.31,106577.31,106562.36,106562.36,300,80,0
2026.02.02 18:15:00,106592.31,106592.31,106577.36,106577.36,300,80,0
2026.02.02 18:10:00,106607.31,106607.31,106592.36,106592.36,300,80,0
2026.02.02 18:05:00,106560.50,106612.06,106550.35,106607.36,300,80,0
2026.02.02 18:00:00,106575.50,106575.50,106560.55,106560.55,300,80,0
2026.02.02 17:55:00,106590.50,106590.50,106575.55,106575.55,300,80,0
2026.02.02 17:50:00,106573.80,106590.90,106559.25,106590.55,300,80,0
2026.02.02 17:45:00,106588.80,106588.80,106573.85,106573.85,300,80,0
2026.02.02 17:40:00,106603.80,106603.80,106588.85,106588.85,300,80,0
2026.02.02 17:35:00,106598.43,106610.90,106590.58,106603.85,300,80,0
2026.02.02 17:30:00,106613.43,106613.43,106598.48,106598.48,300,80,0
2026.02.02 17:25:00,106628.43,106628.43,106613.48,106613.48,300,80,0
2026.02.02 17:20:00,106643.43,106643.43,106628.48,106628.48,300,80,0
2026.02.02 17:15:00,106623.26,106650.08,106614.96,106643.48,300,80,0
2026.02.02 17:10:00,106608.48,106626.71,106596.98,106623.31,300,80,0
2026.02.02 17:05:00,106591.65,106613.68,106581.90,106608.53,300,80,0
2026.02.02 17:00:00,106576.29,106593.75,106563.44,106591.70,300,80,0
2026.02.02 16:55:00,106546.74,106581.49,106536.99,106576.34,300,80,0
2026.02.02 16:50:00,106543.57,106559.49,106541.37,106546.79,300,80,0
2026.02.02 16:45:00,106543.01,106550.42,106534.91,106543.62,300,80,0
2026.02.02 16:40:00,106533.35,106543.21,106518.60,106543.06,300,80,0
2026.02.02 16:35:00,106548.35,106548.35,106533.40,106533.40,300,80,0
2026.02.02 16:30:00,106563.35,106563.35,106548.40,106548.40,300,80,0
2026.02.02 16:25:00,106540.65,106571.35,106533.70,106563.40,300,80,0
2026.02.02 16:20:00,106555.65,106555.65,106540.70,106540.70,300,80,0
2026.02.02 16:15:00,106517.34,106561.65,106515.29,106555.70,300,80,0
2026.02.02 16:10:00,106532.34,106532.34,106517.39,106517.39,300,80,0
2026.02.02 16:05:00,106547.34,106547.34,106532.39,106532.39,300,80,0
2026.02.02 16:00:00,106536.28,106554.79,106528.78,106547.39,300,80,0
2026.02.02 15:55:00,106551.28,106551.28,106536.33,106536.33,300,80,0
2026.02.02 15:50:00,106566.28,106566.28,106551.33,106551.33,300,80,0
2026.02.02 15:45:00,106507.14,106579.73,106506.59,106566.33,300,80,0
2026.02.02 15:40:00,106522.14,106522.14,106507.19,106507.19,300,80,0
2026.02.02 15:35:00,106537.14,106537.14,106522.19,106522.19,300,80,0
2026.02.02 15:30:00,106522.47,106540.44,106510.82,106537.19,300,80,0
2026.02.02 15:25:00,106499.91,106529.67,106492.16,106522.52,300,80,0
2026.02.02 15:20:00,106442.63,106503.31,106433.03,106499.96,300,80,0
2026.02.02 15:15:00,106411.61,106453.08,106410.56,106442.68,300,80,0
2026.02.02 15:10:00,106411.54,106422.56,106407.54,106411.66,300,80,0
2026.02.02 15:05:00,106426.54,106426.54,106411.59,106411.59,300,80,0
2026.02.02 15:00:00,106386.61,106431.29,106376.41,106426.59,300,80,0
2026.02.02 14:55:00,106336.45,106390.06,106333.35,106386.66,300,80,0
2026.02.02 14:50:00,106300.17,106337.45,106290.72,106336.50,300,80,0
2026.02.02 14:45:00,106315.17,106315.17,106300.22,106300.22,300,80,0
2026.02.02 14:40:00,106272.42,106316.22,106267.62,106315.22,300,80,0
2026.02.02 14:35:00,106287.42,106287.42,106272.47,106272.47,300,80,0
2026.02.02 14:30:00,106302.42,106302.42,106287.47,106287.47,300,80,0
2026.02.02 14:25:00,106279.34,106306.47,106268.44,106302.47,300,80,0
2026.02.02 14:20:00,106294.34,106294.34,106279.39,106279.39,300,80,0
2026.02.02 14:15:00,106255.78,106303.69,106252.03,106294.39,300,80,0
2026.02.02 14:10:00,106242.32,106268.43,106240.02,106255.83,300,80,0
2026.02.02 14:05:00,106257.32,106257.32,106242.37,106242.37,300,80,0
2026.02.02 14:00:00,106272.32,106272.32,106257.37,106257.37,300,80,0
2026.02.02 13:55:00,106287.32,106287.32,106272.37,106272.37,300,80,0
2026.02.02 13:50:00,106302.32,106302.32,106287.37,106287.37,300,80,0
2026.02.02 13:45:00,106317.32,106317.32,106302.37,106302.37,300,80,0
2026.02.02 13:40:00,106332.32,106332.32,106317.37,106317.37,300,80,0
2026.02.02 13:35:00,106347.32,106347.32,106332.37,106332.37,300,80,0
2026.02.02 13:30:00,106362.32,106362.32,106347.37,106347.37,300,80,0
2026.02.02 13:25:00,106377.32,106377.32,106362.37,106362.37,300,80,0
2026.02.02 13:20:00,106356.51,106387.32,106351.56,106377.37,300,80,0
2026.02.02 13:15:00,106371.51,106371.51,106356.56,106356.56,300,80,0
2026.02.02 13:10:00,106386.51,106386.51,106371.56,106371.56,300,80,0
2026.02.02 13:05:00,106401.51,106401.51,106386.56,106386.56,300,80,0
2026.02.02 13:00:00,106386.15,106416.01,106385.70,106401.56,300,80,0
2026.02.02 12:55:00,106296.29,106389.10,106296.19,106386.20,300,80,0
2026.02.02 12:50:00,106311.29,106311.29,106296.34,106296.34,300,80,0
2026.02.02 12:45:00,106272.54,106317.04,106263.34,106311.34,300,80,0
2026.02.02 12:40:00,106287.54,106287.54,106272.59,106272.59,300,80,0
2026.02.02 12:35:00,106302.54,106302.54,106287.59,106287.59,300,80,0
2026.02.02 12:30:00,106317.54,106317.54,106302.59,106302.59,300,80,0
2026.02.02 12:25:00,106332.54,106332.54,106317.59,106317.59,300,80,0
2026.02.02 12:20:00,106347.54,106347.54,106332.59,106332.59,300,80,0
2026.02.02 12:15:00,106362.54,106362.54,106347.59,106347.59,300,80,0
2026.02.02 12:10:00,106377.54,106377.54,106362.59,106362.59,300,80,0
2026.02.02 12:05:00,106314.63,106380.69,106303.63,106377.59,300,80,0
2026.02.02 12:00:00,106295.84,106317.18,106283.44,106314.68,300,80,0
2026.02.02 11:55:00,106310.84,106310.84,106295.89,106295.89,300,80,0
2026.02.02 11:50:00,106299.13,106316.34,106289.68,106310.89,300,80,0
2026.02.02 11:45:00,106314.13,106314.13,106299.18,106299.18,300,80,0
2026.02.02 11:40:00,106329.13,106329.13,106314.18,106314.18,300,80,0
2026.02.02 11:35:00,106344.13,106344.13,106329.18,106329.18,300,80,0
2026.02.02 11:30:00,106302.83,106349.48,106293.23,106344.18,300,80,0
2026.02.02 11:25:00,106317.83,106317.83,106302.88,106302.88,300,80,0
2026.02.02 11:20:00,106332.83,106332.83,106317.88,106317.88,300,80,0
2026.02.02 11:15:00,106347.83,106347.83,106332.88,106332.88,300,80,0
2026.02.02 11:10:00,106329.40,106355.38,106322.55,106347.88,300,80,0
2026.02.02 11:05:00,106344.40,106344.40,106329.45,106329.45,300,80,0
2026.02.02 11:00:00,106340.11,106358.40,106339.16,106344.45,300,80,0
2026.02.02 10:55:00,106337.80,106346.66,106329.40,106340.16,300,80,0
2026.02.02 10:50:00,106352.80,106352.80,106337.85,106337.85,300,80,0
2026.02.02 10:45:00,106300.80,106360.25,106299.25,106352.85,300,80,0
2026.02.02 10:40:00,106290.42,106309.80,106284.47,106300.85,300,80,0
2026.02.02 10:35:00,106305.42,106305.42,106290.47,106290.47,300,80,0
2026.02.02 10:30:00,106320.42,106320.42,106305.47,106305.47,300,80,0
2026.02.02 10:25:00,106300.65,106330.57,106295.85,106320.47,300,80,0
2026.02.02 10:20:00,106315.65,106315.65,106300.70,106300.70,300,80,0
2026.02.02 10:15:00,106330.65,106330.65,106315.70,106315.70,300,80,0
2026.02.02 10:10:00,106326.28,106333.20,106313.88,106330.70,300,80,0
2026.02.02 10:05:00,106341.28,106341.28,106326.33,106326.33,300,80,0
2026.02.02 10:00:00,106327.56,106354.68,106326.01,106341.33,300,80,0
2026.02.02 09:55:00,106342.56,106342.56,106327.61,106327.61,300,80,0
2026.02.02 09:50:00,106357.56,106357.56,106342.61,106342.61,300,80,0
2026.02.02 09:45:00,106351.78,106361.31,106340.58,106357.61,300,80,0
2026.02.02 09:40:00,106366.78,106366.78,106351.83,106351.83,300,80,0
2026.02.02 09:35:00,106331.33,106367.53,106329.53,106366.83,300,80,0
2026.02.02 09:30:00,106346.33,106346.33,106331.38,106331.38,300,80,0
2026.02.02 09:25:00,106322.17,106349.23,106310.12,106346.38,300,80,0
2026.02.02 09:20:00,106282.74,106323.17,106277.99,106322.22,300,80,0
2026.02.02 09:15:00,106248.06,106283.14,106233.51,106282.79,300,80,0
2026.02.02 09:10:00,106263.06,106263.06,106248.11,106248.11,300,80,0
2026.02.02 09:05:00,106278.06,106278.06,106263.11,106263.11,300,80,0
2026.02.02 09:00:00,106277.25,106283.01,106267.25,106278.11,300,80,0
2026.02.02 08:55:00,106292.25,106292.25,106277.30,106277.30,300,80,0
2026.02.02 08:50:00,106275.59,106294.05,106262.44,106292.30,300,80,0
2026.02.02 08:45:00,106290.59,106290.59,106275.64,106275.64,300,80,0
2026.02.02 08:40:00,106305.59,106305.59,106290.64,106290.64,300,80,0
2026.02.02 08:35:00,106289.35,106311.29,106280.10,106305.64,300,80,0
2026.02.02 08:30:00,106304.35,106304.35,106289.40,106289.40,300,80,0
2026.02.02 08:25:00,106319.35,106319.35,106304.40,106304.40,300,80,0
2026.02.02 08:20:00,106292.67,106333.05,106291.42,106319.40,300,80,0
2026.02.02 08:15:00,106307.67,106307.67,106292.72,106292.72,300,80,0
2026.02.02 08:10:00,106322.67,106322.67,106307.72,106307.72,300,80,0
2026.02.02 08:05:00,106337.67,106337.67,106322.72,106322.72,300,80,0
2026.02.02 08:00:00,106352.67,106352.67,106337.72,106337.72,300,80,0
2026.02.02 07:55:00,106367.67,106367.67,106352.72,106352.72,300,80,0
2026.02.02 07:50:00,106382.67,106382.67,106367.72,106367.72,300,80,0
2026.02.02 07:45:00,106397.67,106397.67,106382.72,106382.72,300,80,0
2026.02.02 07:40:00,106412.67,106412.67,106397.72,106397.72,300,80,0
2026.02.02 07:35:00,106394.76,106424.82,106391.96,106412.72,300,80,0
2026.02.02 07:30:00,106377.43,106405.96,106373.68,106394.81,300,80,0
2026.02.02 07:25:00,106392.43,106392.43,106377.48,106377.48,300,80,0
2026.02.02 07:20:00,106391.67,106392.93,106377.22,106392.48,300,80,0
2026.02.02 07:15:00,106362.21,106394.72,106350.31,106391.72,300,80,0
2026.02.02 07:10:00,106345.81,106368.51,106337.16,106362.26,300,80,0
2026.02.02 07:05:00,106360.81,106360.81,106345.86,106345.86,300,80,0
2026.02.02 07:00:00,106375.81,106375.81,106360.86,106360.86,300,80,0
2026.02.02 06:55:00,106390.81,106390.81,106375.86,106375.86,300,80,0
2026.02.02 06:50:00,106348.15,106403.66,106346.45,106390.86,300,80,0
2026.02.02 06:45:00,106319.91,106349.60,106306.41,106348.20,300,80,0
2026.02.02 06:40:00,106334.91,106334.91,106319.96,106319.96,300,80,0
2026.02.02 06:35:00,106349.91,106349.91,106334.96,106334.96,300,80,0
2026.02.02 06:30:00,106364.91,106364.91,106349.96,106349.96,300,80,0
2026.02.02 06:25:00,106379.91,106379.91,106364.96,106364.96,300,80,0
2026.02.02 06:20:00,106377.86,106390.66,106373.66,106379.96,300,80,0
2026.02.02 06:15:00,106392.86,106392.86,106377.91,106377.91,300,80,0
2026.02.02 06:10:00,106384.70,106403.31,106380.20,106392.91,300,80,0
2026.02.02 06:05:00,106399.70,106399.70,106384.75,106384.75,300,80,0
2026.02.02 06:00:00,106386.86,106406.75,106378.96,106399.75,300,80,0
2026.02.02 05:55:00,106386.64,106397.66,106382.49,106386.91,300,80,0
2026.02.02 05:50:00,106378.15,106397.14,106373.70,106386.69,300,80,0
2026.02.02 05:45:00,106393.15,106393.15,106378.20,106378.20,300,80,0
2026.02.02 05:40:00,106408.15,106408.15,106393.20,106393.20,300,80,0
2026.02.02 05:35:00,106423.15,106423.15,106408.20,106408.20,300,80,0
2026.02.02 05:30:00,106438.15,106438.15,106423.20,106423.20,300,80,0
2026.02.02 05:25:00,106418.64,106446.20,106411.74,106438.20,300,80,0
2026.02.02 05:20:00,106433.64,106433.64,106418.69,106418.69,300,80,0
2026.02.02 05:15:00,106448.64,106448.64,106433.69,106433.69,300,80,0
2026.02.02 05:10:00,106463.64,106463.64,106448.69,106448.69,300,80,0
2026.02.02 05:05:00,106478.64,106478.64,106463.69,106463.69,300,80,0
2026.02.02 05:00:00,106467.63,106485.84,106459.88,106478.69,300,80,0
2026.02.02 04:55:00,106482.63,106482.63,106467.68,106467.68,300,80,0
2026.02.02 04:50:00,106497.63,106497.63,106482.68,106482.68,300,80,0
2026.02.02 04:45:00,106512.63,106512.63,106497.68,106497.68,300,80,0
2026.02.02 04:40:00,106482.89,106521.08,106476.39,106512.68,300,80,0
2026.02.02 04:35:00,106497.89,106497.89,106482.94,106482.94,300,80,0
2026.02.02 04:30:00,106475.05,106510.54,106472.75,106497.94,300,80,0
2026.02.02 04:25:00,106490.05,106490.05,106475.10,106475.10,300,80,0
2026.02.02 04:20:00,106450.81,106499.10,106444.91,106490.10,300,80,0
2026.02.02 04:15:00,106465.81,106465.81,106450.86,106450.86,300,80,0
2026.02.02 04:10:00,106480.81,106480.81,106465.86,106465.86,300,80,0
2026.02.02 04:05:00,106384.35,106483.81,106384.05,106480.86,300,80,0
2026.02.02 04:00:00,106325.80,106384.70,106322.65,106384.40,300,80,0
2026.02.02 03:55:00,106325.39,106326.15,106310.79,106325.85,300,80,0
2026.02.02 03:50:00,106340.39,106340.39,106325.44,106325.44,300,80,0
2026.02.02 03:45:00,106355.39,106355.39,106340.44,106340.44,300,80,0
2026.02.02 03:40:00,106370.39,106370.39,106355.44,106355.44,300,80,0
2026.02.02 03:35:00,106385.39,106385.39,106370.44,106370.44,300,80,0
2026.02.02 03:30:00,106368.19,106388.44,106356.29,106385.44,300,80,0
2026.02.02 03:25:00,106355.51,106382.29,106354.66,106368.24,300,80,0
2026.02.02 03:20:00,106339.15,106368.76,106337.45,106355.56,300,80,0
2026.02.02 03:15:00,106354.15,106354.15,106339.20,106339.20,300,80,0
2026.02.02 03:10:00,106369.15,106369.15,106354.20,106354.20,300,80,0
2026.02.02 03:05:00,106355.16,106379.75,106350.81,106369.20,300,80,0
2026.02.02 03:00:00,106370.16,106370.16,106355.21,106355.21,300,80,0
2026.02.02 02:55:00,106385.16,106385.16,106370.21,106370.21,300,80,0
2026.02.02 02:50:00,106400.16,106400.16,106385.21,106385.21,300,80,0
2026.02.02 02:45:00,106386.24,106412.36,106383.49,106400.21,300,80,0
2026.02.02 02:40:00,106364.90,106390.69,106354.40,106386.29,300,80,0
2026.02.02 02:35:00,106379.90,106379.90,106364.95,106364.95,300,80,0
2026.02.02 02:30:00,106394.90,106394.90,106379.95,106379.95,300,80,0
2026.02.02 02:25:00,106371.95,106403.10,106365.20,106394.95,300,80,0
2026.02.02 02:20:00,106348.53,106381.90,106343.53,106372.00,300,80,0
2026.02.02 02:15:00,106325.47,106349.83,106311.82,106348.58,300,80,0
2026.02.02 02:10:00,106340.47,106340.47,106325.52,106325.52,300,80,0
2026.02.02 02:05:00,106355.47,106355.47,106340.52,106340.52,300,80,0
2026.02.02 02:00:00,106350.22,106367.32,106347.12,106355.52,300,80,0
2026.02.02 01:55:00,106338.69,106359.32,106332.84,106350.27,300,80,0
2026.02.02 01:50:00,106353.69,106353.69,106338.74,106338.74,300,80,0
2026.02.02 01:45:00,106368.69,106368.69,106353.74,106353.74,300,80,0
2026.02.02 01:40:00,106383.69,106383.69,106368.74,106368.74,300,80,0
2026.02.02 01:35:00,106358.54,106386.19,106346.09,106383.74,300,80,0
2026.02.02 01:30:00,106373.54,106373.54,106358.59,106358.59,300,80,0
2026.02.02 01:25:00,106388.54,106388.54,106373.59,106373.59,300,80,0
2026.02.02 01:20:00,106403.54,106403.54,106388.59,106388.59,300,80,0
2026.02.02 01:15:00,106302.82,106405.94,106291.47,106403.59,300,80,0
2026.02.02 01:10:00,106317.82,106317.82,106302.87,106302.87,300,80,0
2026.02.02 01:05:00,106332.82,106332.82,106317.87,106317.87,300,80,0
2026.02.02 01:00:00,106347.82,106347.82,106332.87,106332.87,300,80,0
2026.02.02 00:55:00,106362.82,106362.82,106347.87,106347.87,300,80,0
2026.02.02 00:50:00,106377.82,106377.82,106362.87,106362.87,300,80,0
2026.02.02 00:45:00,106392.82,106392.82,106377.87,106377.87,300,80,0
2026.02.02 00:40:00,106407.82,106407.82,106392.87,106392.87,300,80,0
2026.02.02 00:35:00,106307.30,106418.42,106306.60,106407.87,300,80,0
2026.02.02 00:30:00,106306.74,106320.25,106304.74,106307.35,300,80,0
2026.02.02 00:25:00,106287.24,106313.29,106278.84,106306.79,300,80,0
2026.02.02 00:20:00,106273.75,106288.59,106260.15,106287.29,300,80,0
2026.02.02 00:15:00,106262.91,106275.20,106249.41,106273.80,300,80,0
2026.02.02 00:10:00,106277.91,106277.91,106262.96,106262.96,300,80,0
2026.02.02 00:05:00,106263.01,106290.81,106260.96,106277.96,300,80,0
2026.02.02 00:00:00,106278.01,106278.01,106263.06,106263.06,300,80,0
2026.02.01 23:55:00,106267.87,106278.16,106253.07,106278.06,300,80,0
2026.02.01 23:50:00,106282.87,106282.87,106267.92,106267.92,300,80,0
2026.02.01 23:45:00,106297.87,106297.87,106282.92,106282.92,300,80,0
2026.02.01 23:40:00,106312.87,106312.87,106297.92,106297.92,300,80,0
2026.02.01 23:35:00,106271.59,106315.07,106260.94,106312.92,300,80,0
2026.02.01 23:30:00,106250.38,106275.19,106239.03,106271.64,300,80,0
2026.02.01 23:25:00,106265.38,106265.38,106250.43,106250.43,300,80,0
2026.02.01 23:20:00,106234.40,106266.43,106231.50,106265.43,300,80,0
2026.02.01 23:15:00,106219.08,106242.05,106211.78,106234.45,300,80,0
2026.02.01 23:10:00,106234.08,106234.08,106219.13,106219.13,300,80,0
2026.02.01 23:05:00,106249.08,106249.08,106234.13,106234.13,300,80,0
2026.02.01 23:00:00,106264.08,106264.08,106249.13,106249.13,300,80,0
2026.02.01 22:55:00,106279.08,106279.08,106264.13,106264.13,300,80,0
2026.02.01 22:50:00,106294.08,106294.08,106279.13,106279.13,300,80,0
2026.02.01 22:45:00,106309.08,106309.08,106294.13,106294.13,300,80,0
2026.02.01 22:40:00,106324.08,106324.08,106309.13,106309.13,300,80,0
2026.02.01 22:35:00,106339.08,106339.08,106324.13,106324.13,300,80,0
2026.02.01 22:30:00,106322.82,106353.13,106321.92,106339.13,300,80,0
2026.02.01 22:25:00,106337.82,106337.82,106322.87,106322.87,300,80,0
2026.02.01 22:20:00,106326.31,106347.27,106320.81,106337.87,300,80,0
2026.02.01 22:15:00,106297.82,106339.36,106295.92,106326.36,300,80,0
2026.02.01 22:10:00,106270.74,106299.57,106257.54,106297.87,300,80,0
2026.02.01 22:05:00,106285.74,106285.74,106270.79,106270.79,300,80,0
2026.02.01 22:00:00,106242.08,106293.74,106236.73,106285.79,300,80,0
2026.02.01 21:55:00,106228.89,106251.13,106222.99,106242.13,300,80,0
2026.02.01 21:50:00,106243.89,106243.89,106228.94,106228.94,300,80,0
2026.02.01 21:45:00,106258.89,106258.89,106243.94,106243.94,300,80,0
2026.02.01 21:40:00,106273.89,106273.89,106258.94,106258.94,300,80,0
2026.02.01 21:35:00,106262.04,106280.24,106253.44,106273.94,300,80,0
2026.02.01 21:30:00,106277.04,106277.04,106262.09,106262.09,300,80,0
2026.02.01 21:25:00,106292.04,106292.04,106277.09,106277.09,300,80,0
2026.02.01 21:20:00,106307.04,106307.04,106292.09,106292.09,300,80,0
2026.02.01 21:15:00,106322.04,106322.04,106307.09,106307.09,300,80,0
2026.02.01 21:10:00,106337.04,106337.04,106322.09,106322.09,300,80,0
2026.02.01 21:05:00,106319.47,106350.84,106318.32,106337.09,300,80,0
2026.02.01 21:00:00,106334.47,106334.47,106319.52,106319.52,300,80,0
2026.02.01 20:55:00,106349.47,106349.47,106334.52,106334.52,300,80,0
2026.02.01 20:50:00,106364.47,106364.47,106349.52,106349.52,300,80,0
2026.02.01 20:45:00,106350.07,106364.92,106335.57,106364.52,300,80,0
2026.02.01 20:40:00,106365.07,106365.07,106350.12,106350.12,300,80,0
2026.02.01 20:35:00,106311.47,106369.97,106302.62,106365.12,300,80,0
2026.02.01 20:30:00,106326.47,106326.47,106311.52,106311.52,300,80,0
2026.02.01 20:25:00,106341.47,106341.47,106326.52,106326.52,300,80,0
2026.02.01 20:20:00,106356.47,106356.47,106341.52,106341.52,300,80,0
2026.02.01 20:15:00,106371.47,106371.47,106356.52,106356.52,300,80,0
2026.02.01 20:10:00,106386.47,106386.47,106371.52,106371.52,300,80,0
2026.02.01 20:05:00,106401.47,106401.47,106386.52,106386.52,300,80,0
2026.02.01 20:00:00,106416.47,106416.47,106401.52,106401.52,300,80,0
2026.02.01 19:55:00,106431.47,106431.47,106416.52,106416.52,300,80,0
2026.02.01 19:50:00,106414.91,106442.47,106410.96,106431.52,300,80,0
2026.02.01 19:45:00,106346.10,106428.46,106344.95,106414.96,300,80,0
2026.02.01 19:40:00,106361.10,106361.10,106346.15,106346.15,300,80,0
2026.02.01 19:35:00,106376.10,106376.10,106361.15,106361.15,300,80,0
2026.02.01 19:30:00,106354.46,106387.85,106351.26,106376.15,300,80,0
2026.02.01 19:25:00,106369.46,106369.46,106354.51,106354.51,300,80,0
2026.02.01 19:20:00,106282.12,106371.66,106276.72,106369.51,300,80,0
2026.02.01 19:15:00,106297.12,106297.12,106282.17,106282.17,300,80,0
2026.02.01 19:10:00,106312.12,106312.12,106297.17,106297.17,300,80,0
2026.02.01 19:05:00,106327.12,106327.12,106312.17,106312.17,300,80,0
2026.02.01 19:00:00,106268.12,106332.17,106266.27,106327.17,300,80,0
2026.02.01 18:55:00,106283.12,106283.12,106268.17,106268.17,300,80,0
2026.02.01 18:50:00,106298.12,106298.12,106283.17,106283.17,300,80,0
2026.02.01 18:45:00,106313.12,106313.12,106298.17,106298.17,300,80,0
2026.02.01 18:40:00,106328.12,106328.12,106313.17,106313.17,300,80,0
2026.02.01 18:35:00,106315.61,106335.42,106307.96,106328.17,300,80,0
2026.02.01 18:30:00,106297.69,106319.06,106295.09,106315.66,300,80,0
2026.02.01 18:25:00,106312.69,106312.69,106297.74,106297.74,300,80,0
2026.02.01 18:20:00,106304.87,106327.04,106304.27,106312.74,300,80,0
2026.02.01 18:15:00,106319.87,106319.87,106304.92,106304.92,300,80,0
2026.02.01 18:10:00,106313.61,106324.62,106303.41,106319.92,300,80,0
2026.02.01 18:05:00,106328.61,106328.61,106313.66,106313.66,300,80,0
2026.02.01 18:00:00,106343.61,106343.61,106328.66,106328.66,300,80,0
2026.02.01 17:55:00,106332.39,106350.76,106327.59,106343.66,233,80,0
2026.02.01 17:50:00,106347.39,106347.39,106332.44,106332.44,300,80,0
2026.02.01 17:45:00,106362.39,106362.39,106347.44,106347.44,300,80,0
2026.02.01 17:40:00,106377.39,106377.39,106362.44,106362.44,300,80,0
2026.02.01 17:35:00,106392.39,106392.39,106377.44,106377.44,300,80,0
2026.02.01 17:30:00,106407.39,106407.39,106392.44,106392.44,300,80,0
2026.02.01 17:25:00,106422.39,106422.39,106407.44,106407.44,300,80,0
2026.02.01 17:20:00,106437.39,106437.39,106422.44,106422.44,300,80,0
2026.02.01 17:15:00,106452.39,106452.39,106437.44,106437.44,300,80,0
2026.02.01 17:10:00,106440.49,106457.89,106431.04,106452.44,300,80,0
2026.02.01 17:05:00,106455.49,106455.49,106440.54,106440.54,300,80,0
2026.02.01 17:00:00,106470.49,106470.49,106455.54,106455.54,300,80,0
2026.02.01 16:55:00,106485.49,106485.49,106470.54,106470.54,300,80,0
2026.02.01 16:50:00,106500.49,106500.49,106485.54,106485.54,300,80,0
2026.02.01 16:45:00,106515.49,106515.49,106500.54,106500.54,300,80,0
2026.02.01 16:40:00,106530.49,106530.49,106515.54,106515.54,300,80,0
2026.02.01 16:35:00,106545.49,106545.49,106530.54,106530.54,300,80,0
2026.02.01 16:30:00,106560.49,106560.49,106545.54,106545.54,300,80,0
2026.02.01 16:25:00,106575.49,106575.49,106560.54,106560.54,300,80,0
2026.02.01 16:20:00,106590.49,106590.49,106575.54,106575.54,300,80,0
2026.02.01 16:15:00,106605.49,106605.49,106590.54,106590.54,300,80,0
2026.02.01 16:10:00,106620.49,106620.49,106605.54,106605.54,300,80,0
2026.02.01 16:05:00,106547.89,106628.59,106545.89,106620.54,300,80,0
2026.02.01 16:00:00,106562.89,106562.89,106547.94,106547.94,300,80,0
2026.02.01 15:55:00,106541.18,106566.19,106529.53,106562.94,300,80,0
2026.02.01 15:50:00,106528.12,106554.73,106526.72,106541.23,300,80,0
2026.02.01 15:45:00,106543.12,106543.12,106528.17,106528.17,300,80,0
2026.02.01 15:40:00,106558.12,106558.12,106543.17,106543.17,300,80,0
2026.02.01 15:35:00,106573.12,106573.12,106558.17,106558.17,300,80,0
2026.02.01 15:30:00,106588.12,106588.12,106573.17,106573.17,300,80,0
2026.02.01 15:25:00,106540.41,106588.47,106531.61,106588.17,300,80,0
2026.02.01 15:20:00,106521.80,106547.11,106513.55,106540.46,300,80,0
2026.02.01 15:15:00,106536.80,106536.80,106521.85,106521.85,300,80,0
2026.02.01 15:10:00,106551.80,106551.80,106536.85,106536.85,300,80,0
2026.02.01 15:05:00,106540.80,106564.05,106538.10,106551.85,300,80,0
2026.02.01 15:00:00,106555.80,106555.80,106540.85,106540.85,300,80,0
2026.02.01 14:55:00,106570.80,106570.80,106555.85,106555.85,300,80,0
2026.02.01 14:50:00,106585.80,106585.80,106570.85,106570.85,300,80,0
2026.02.01 14:45:00,106600.80,106600.80,106585.85,106585.85,300,80,0
2026.02.01 14:40:00,106615.80,106615.80,106600.85,106600.85,300,80,0
2026.02.01 14:35:00,106584.47,106616.60,106570.32,106615.85,300,80,0
2026.02.01 14:30:00,106599.47,106599.47,106584.52,106584.52,300,80,0
2026.02.01 14:25:00,106614.47,106614.47,106599.52,106599.52,300,80,0
2026.02.01 14:20:00,106629.47,106629.47,106614.52,106614.52,300,80,0
2026.02.01 14:15:00,106644.47,106644.47,106629.52,106629.52,300,80,0
2026.02.01 14:10:00,106659.47,106659.47,106644.52,106644.52,300,80,0
2026.02.01 14:05:00,106632.48,106669.67,106627.68,106659.52,301,80,0
2026.02.01 14:00:00,106621.97,106642.18,106616.77,106632.53,299,80,0
2026.02.01 13:55:00,106601.27,106625.07,106589.37,106622.02,301,80,0
2026.02.01 13:50:00,106595.94,106614.32,106594.09,106601.32,299,80,0
2026.02.01 13:45:00,106610.99,106610.99,106595.99,106595.99,301,80,0
2026.02.01 13:40:00,106558.27,106614.39,106548.17,106611.04,300,80,0
2026.02.01 13:35:00,106531.92,106559.47,106531.82,106558.32,300,80,0
2026.02.01 13:30:00,106546.92,106546.92,106531.97,106531.97,300,80,0
2026.02.01 13:25:00,106542.75,106554.77,106535.65,106546.97,300,80,0
2026.02.01 13:20:00,106557.75,106557.75,106542.80,106542.80,300,80,0
2026.02.01 13:15:00,106572.75,106572.75,106557.80,106557.80,300,80,0
2026.02.01 13:10:00,106587.75,106587.75,106572.80,106572.80,300,80,0
2026.02.01 13:05:00,106602.75,106602.75,106587.80,106587.80,300,80,0
2026.02.01 13:00:00,106559.35,106608.35,106554.85,106602.80,300,80,0
2026.02.01 12:55:00,106574.35,106574.35,106559.40,106559.40,300,80,0
2026.02.01 12:50:00,106589.35,106589.35,106574.40,106574.40,300,80,0
2026.02.01 12:45:00,106604.35,106604.35,106589.40,106589.40,300,80,0
2026.02.01 12:40:00,106577.24,106616.10,106574.04,106604.40,300,80,0
2026.02.01 12:35:00,106592.24,106592.24,106577.29,106577.29,300,80,0
2026.02.01 12:30:00,106607.24,106607.24,106592.29,106592.29,300,80,0
2026.02.01 12:25:00,106622.24,106622.24,106607.29,106607.29,300,80,0
2026.02.01 12:20:00,106593.24,106629.09,106589.89,106622.29,300,80,0
2026.02.01 12:15:00,106579.78,106603.69,106575.28,106593.29,300,80,0
2026.02.01 12:10:00,106594.78,106594.78,106579.83,106579.83,300,80,0
2026.02.01 12:05:00,106609.78,106609.78,106594.83,106594.83,300,80,0
2026.02.01 12:00:00,106581.96,106624.08,106581.31,106609.83,300,80,0
2026.02.01 11:55:00,106596.96,106596.96,106582.01,106582.01,300,80,0
2026.02.01 11:50:00,106611.96,106611.96,106597.01,106597.01,300,80,0
2026.02.01 11:45:00,106626.96,106626.96,106612.01,106612.01,300,80,0
2026.02.01 11:40:00,106641.96,106641.96,106627.01,106627.01,300,80,0
2026.02.01 11:35:00,106635.76,106656.01,106634.86,106642.01,300,80,0
2026.02.01 11:30:00,106650.76,106650.76,106635.81,106635.81,300,80,0
2026.02.01 11:25:00,106634.01,106662.26,106630.56,106650.81,300,80,0
2026.02.01 11:20:00,106649.01,106649.01,106634.06,106634.06,300,80,0
2026.02.01 11:15:00,106664.01,106664.01,106649.06,106649.06,300,80,0
2026.02.01 11:10:00,106679.01,106679.01,106664.06,106664.06,300,80,0
2026.02.01 11:05:00,106667.96,106681.76,106655.76,106679.06,300,80,0
2026.02.01 11:00:00,106659.43,106682.11,106658.63,106668.01,300,80,0
2026.02.01 10:55:00,106674.43,106674.43,106659.48,106659.48,300,80,0
2026.02.01 10:50:00,106620.82,106678.78,106615.22,106674.48,300,80,0
2026.02.01 10:45:00,106635.82,106635.82,106620.87,106620.87,300,80,0
2026.02.01 10:40:00,106613.56,106636.07,106606.66,106635.87,300,80,0
2026.02.01 10:35:00,106588.77,106620.86,106582.32,106613.61,300,80,0
2026.02.01 10:30:00,106579.63,106599.62,106575.53,106588.82,300,80,0
2026.02.01 10:25:00,106594.63,106594.63,106579.68,106579.68,300,80,0
2026.02.01 10:20:00,106609.63,106609.63,106594.68,106594.68,300,80,0
2026.02.01 10:15:00,106624.63,106624.63,106609.68,106609.68,300,80,0
2026.02.01 10:10:00,106639.63,106639.63,106624.68,106624.68,300,80,0
2026.02.01 10:05:00,106569.35,106647.68,106563.30,106639.68,300,80,0
2026.02.01 10:00:00,106584.35,106584.35,106569.40,106569.40,300,80,0
2026.02.01 09:55:00,106599.35,106599.35,106584.40,106584.40,300,80,0
2026.02.01 09:50:00,106614.35,106614.35,106599.40,106599.40,237,80,0
2026.02.01 09:45:00,106613.56,106629.20,106613.46,106614.40,300,80,0
2026.02.01 09:40:00,106628.56,106628.56,106613.61,106613.61,300,80,0
2026.02.01 09:35:00,106643.56,106643.56,106628.61,106628.61,300,80,0
2026.02.01 09:30:00,106562.42,106644.91,106556.67,106643.61,300,80,0
2026.02.01 09:25:00,106577.42,106577.42,106562.47,106562.47,300,80,0
2026.02.01 09:20:00,106592.42,106592.42,106577.47,106577.47,300,80,0
2026.02.01 09:15:00,106583.78,106596.92,106573.33,106592.47,300,80,0
2026.02.01 09:10:00,106568.05,106590.68,106560.00,106583.83,300,80,0
2026.02.01 09:05:00,106458.08,106570.40,106446.63,106568.10,300,80,0
2026.02.01 09:00:00,106456.23,106468.18,106451.38,106458.13,300,80,0
2026.02.01 08:55:00,106413.34,106461.53,106407.09,106456.28,300,80,0
2026.02.01 08:50:00,106428.34,106428.34,106413.39,106413.39,300,80,0
2026.02.01 08:45:00,106418.61,106438.39,106413.71,106428.39,300,80,0
2026.02.01 08:40:00,106383.93,106418.66,106372.08,106418.66,300,80,0
2026.02.01 08:35:00,106378.86,106398.53,106378.51,106383.98,300,80,0
2026.02.01 08:30:00,106364.19,106385.86,106356.24,106378.91,300,80,0
2026.02.01 08:25:00,106379.19,106379.19,106364.24,106364.24,300,80,0
2026.02.01 08:20:00,106394.19,106394.19,106379.24,106379.24,300,80,0
2026.02.01 08:15:00,106409.19,106409.19,106394.24,106394.24,300,80,0
2026.02.01 08:10:00,106424.19,106424.19,106409.24,106409.24,300,80,0
2026.02.01 08:05:00,106439.19,106439.19,106424.24,106424.24,300,80,0
2026.02.01 08:00:00,106454.19,106454.19,106439.24,106439.24,300,80,0
2026.02.01 07:55:00,106469.19,106469.19,106454.24,106454.24,300,80,0
2026.02.01 07:50:00,106484.19,106484.19,106469.24,106469.24,300,80,0
2026.02.01 07:45:00,106499.19,106499.19,106484.24,106484.24,300,80,0
2026.02.01 07:40:00,106514.19,106514.19,106499.24,106499.24,300,80,0
2026.02.01 07:35:00,106529.19,106529.19,106514.24,106514.24,300,80,0
2026.02.01 07:30:00,106544.19,106544.19,106529.24,106529.24,300,80,0
2026.02.01 07:25:00,106542.87,106553.54,106537.27,106544.24,300,80,0
2026.02.01 07:20:00,106557.87,106557.87,106542.92,106542.92,300,80,0
2026.02.01 07:15:00,106572.87,106572.87,106557.92,106557.92,300,80,0
2026.02.01 07:10:00,106587.87,106587.87,106572.92,106572.92,300,80,0
2026.02.01 07:05:00,106562.14,106598.62,106557.94,106587.92,300,80,0
2026.02.01 07:00:00,106577.14,106577.14,106562.19,106562.19,300,80,0
2026.02.01 06:55:00,106592.14,106592.14,106577.19,106577.19,300,80,0
2026.02.01 06:50:00,106607.14,106607.14,106592.19,106592.19,300,80,0
2026.02.01 06:45:00,106592.52,106608.24,106578.67,106607.19,300,80,0
2026.02.01 06:40:00,106560.88,106606.62,106560.03,106592.57,300,80,0
2026.02.01 06:35:00,106575.88,106575.88,106560.93,106560.93,300,80,0
2026.02.01 06:30:00,106590.88,106590.88,106575.93,106575.93,300,80,0
2026.02.01 06:25:00,106605.88,106605.88,106590.93,106590.93,300,80,0
2026.02.01 06:20:00,106535.53,106613.73,106531.93,106605.93,300,80,0
2026.02.01 06:15:00,106486.27,106539.23,106484.17,106535.58,300,80,0
2026.02.01 06:10:00,106501.27,106501.27,106486.32,106486.32,300,80,0
2026.02.01 06:05:00,106489.14,106515.67,106488.59,106501.32,300,80,0
2026.02.01 06:00:00,106476.44,106501.29,106473.64,106489.19,300,80,0
2026.02.01 05:55:00,106461.57,106485.19,106455.37,106476.49,300,80,0
2026.02.01 05:50:00,106476.57,106476.57,106461.62,106461.62,300,80,0
2026.02.01 05:45:00,106468.86,106489.27,106466.61,106476.62,300,80,0
2026.02.01 05:40:00,106483.86,106483.86,106468.91,106468.91,300,80,0
2026.02.01 05:35:00,106498.86,106498.86,106483.91,106483.91,300,80,0
2026.02.01 05:30:00,106513.86,106513.86,106498.91,106498.91,300,80,0
2026.02.01 05:25:00,106528.86,106528.86,106513.91,106513.91,300,80,0
2026.02.01 05:20:00,106543.86,106543.86,106528.91,106528.91,300,80,0
2026.02.01 05:15:00,106558.86,106558.86,106543.91,106543.91,300,80,0
2026.02.01 05:10:00,106573.86,106573.86,106558.91,106558.91,300,80,0
2026.02.01 05:05:00,106588.86,106588.86,106573.91,106573.91,300,80,0
2026.02.01 05:00:00,106603.86,106603.86,106588.91,106588.91,300,80,0
2026.02.01 04:55:00,106581.43,106612.71,106575.33,106603.91,300,80,0
2026.02.01 04:50:00,106512.36,106583.58,106503.86,106581.48,300,80,0
2026.02.01 04:45:00,106500.04,106518.96,106491.69,106512.41,300,80,0
2026.02.01 04:40:00,106479.68,106505.89,106470.58,106500.09,300,80,0
2026.02.01 04:35:00,106494.68,106494.68,106479.73,106479.73,300,80,0
2026.02.01 04:30:00,106446.82,106499.78,106436.97,106494.73,300,80,0
2026.02.01 04:25:00,106438.36,106450.97,106427.56,106446.87,300,80,0
2026.02.01 04:20:00,106417.24,106445.21,106409.14,106438.41,300,80,0
2026.02.01 04:15:00,106432.24,106432.24,106417.29,106417.29,300,80,0
2026.02.01 04:10:00,106369.46,106437.54,106364.11,106432.29,300,80,0
2026.02.01 04:05:00,106339.90,106375.71,106333.80,106369.51,300,80,0
2026.02.01 04:00:00,106327.18,106349.65,106321.98,106339.95,300,80,0
2026.02.01 03:55:00,106318.11,106332.48,106308.46,106327.23,300,80,0
2026.02.01 03:50:00,106275.07,106327.16,106274.62,106318.16,300,80,0
2026.02.01 03:45:00,106290.07,106290.07,106275.12,106275.12,300,80,0
2026.02.01 03:40:00,106274.10,106303.62,106272.70,106290.12,300,80,0
2026.02.01 03:35:00,106289.10,106289.10,106274.15,106274.15,300,80,0
2026.02.01 03:30:00,106286.49,106299.45,106281.89,106289.15,300,80,0
2026.02.01 03:25:00,106301.49,106301.49,106286.54,106286.54,300,80,0
2026.02.01 03:20:00,106316.49,106316.49,106301.54,106301.54,300,80,0
2026.02.01 03:15:00,106331.49,106331.49,106316.54,106316.54,300,80,0
2026.02.01 03:10:00,106317.96,106344.49,106316.01,106331.54,300,80,0
2026.02.01 03:05:00,106332.96,106332.96,106318.01,106318.01,300,80,0
2026.02.01 03:00:00,106347.96,106347.96,106333.01,106333.01,300,80,0
2026.02.01 02:55:00,106362.96,106362.96,106348.01,106348.01,300,80,0
2026.02.01 02:50:00,106357.99,106367.01,106347.09,106363.01,300,80,0
2026.02.01 02:45:00,106372.99,106372.99,106358.04,106358.04,300,80,0
2026.02.01 02:40:00,106370.15,106386.39,106368.60,106373.04,300,80,0
2026.02.01 02:35:00,106367.55,106377.35,106359.80,106370.20,300,80,0
2026.02.01 02:30:00,106382.55,106382.55,106367.60,106367.60,300,80,0
2026.02.01 02:25:00,106374.32,106384.60,106361.42,106382.60,300,80,0
2026.02.01 02:20:00,106338.60,106381.52,106330.85,106374.37,300,80,0
2026.02.01 02:15:00,106292.33,106349.05,106291.98,106338.65,300,80,0
2026.02.01 02:10:00,106307.33,106307.33,106292.38,106292.38,300,80,0
2026.02.01 02:05:00,106322.33,106322.33,106307.38,106307.38,300,80,0
2026.02.01 02:00:00,106315.23,106328.43,106306.38,106322.38,300,80,0
2026.02.01 01:55:00,106330.23,106330.23,106315.28,106315.28,300,80,0
2026.02.01 01:50:00,106345.23,106345.23,106330.28,106330.28,300,80,0
2026.02.01 01:45:00,106360.23,106360.23,106345.28,106345.28,300,80,0
2026.02.01 01:40:00,106346.12,106364.48,106335.42,106360.28,300,80,0
2026.02.01 01:35:00,106313.75,106351.82,106304.50,106346.17,300,80,0
2026.02.01 01:30:00,106328.75,106328.75,106313.80,106313.80,300,80,0
2026.02.01 01:25:00,106343.75,106343.75,106328.80,106328.80,300,80,0
2026.02.01 01:20:00,106341.92,106347.25,106330.47,106343.80,300,80,0
2026.02.01 01:15:00,106340.40,106349.07,106332.60,106341.97,300,80,0
2026.02.01 01:10:00,106355.40,106355.40,106340.45,106340.45,300,80,0
2026.02.01 01:05:00,106370.40,106370.40,106355.45,106355.45,300,80,0
2026.02.01 01:00:00,106364.95,106370.85,106350.45,106370.45,300,80,0
2026.02.01 00:55:00,106379.95,106379.95,106365.00,106365.00,300,80,0
2026.02.01 00:50:00,106394.95,106394.95,106380.00,106380.00,300,80,0
2026.02.01 00:45:00,106409.95,106409.95,106395.00,106395.00,300,80,0
2026.02.01 00:40:00,106424.95,106424.95,106410.00,106410.00,300,80,0
2026.02.01 00:35:00,106439.95,106439.95,106425.00,106425.00,300,80,0
2026.02.01 00:30:00,106454.95,106454.95,106440.00,106440.00,300,80,0
2026.02.01 00:25:00,106469.95,106469.95,106455.00,106455.00,300,80,0
2026.02.01 00:20:00,106432.81,106471.65,106431.46,106470.00,300,80,0
2026.02.01 00:15:00,106367.71,106434.36,106367.11,106432.86,300,80,0
2026.02.01 00:10:00,106360.50,106379.66,106357.50,106367.76,300,80,0
2026.02.01 00:05:00,106375.50,106375.50,106360.55,106360.55,300,80,0
2026.02.01 00:00:00,106390.50,106390.50,106375.55,106375.55,300,80,0
