Time,Open,High,Low,Close,TickVolume,Spread,RealVolume
2026.03.30 20:25:00,92486.90,92486.90,92486.24,92486.24,23,63,0
2026.03.30 20:20:00,92459.18,92488.22,92451.53,92486.93,300,63,0
2026.03.30 20:15:00,92468.18,92468.18,92459.21,92459.21,300,63,0
2026.03.30 20:10:00,92477.18,92477.18,92468.21,92468.21,300,63,0
2026.03.30 20:05:00,92486.18,92486.18,92477.21,92477.21,300,63,0
2026.03.30 20:00:00,92495.18,92495.18,92486.21,92486.21,300,63,0
2026.03.30 19:55:00,92504.18,92504.18,92495.21,92495.21,300,63,0
2026.03.30 19:50:00,92513.18,92513.18,92504.21,92504.21,300,63,0
2026.03.30 19:45:00,92522.18,92522.18,92513.21,92513.21,300,63,0
2026.03.30 19:40:00,92531.18,92531.18,92522.21,92522.21,300,63,0
2026.03.30 19:35:00,92524.21,92535.32,92519.38,92531.21,300,63,0
2026.03.30 19:30:00,92533.21,92533.21,92524.24,92524.24,300,63,0
2026.03.30 19:25:00,92542.21,92542.21,92533.24,92533.24,300,63,0
2026.03.30 19:20:00,92551.21,92551.21,92542.24,92542.24,300,63,0
2026.03.30 19:15:00,92560.21,92560.21,92551.24,92551.24,300,63,0
2026.03.30 19:10:00,92569.21,92569.21,92560.24,92560.24,300,63,0
2026.03.30 19:05:00,92578.21,92578.21,92569.24,92569.24,300,63,0
2026.03.30 19:00:00,92546.11,92578.66,92543.74,92578.24,300,63,0
2026.03.30 18:55:00,92524.67,92548.78,92518.37,92546.14,300,63,0
2026.03.30 18:50:00,92533.67,92533.67,92524.70,92524.70,300,63,0
2026.03.30 18:45:00,92542.67,92542.67,92533.70,92533.70,300,63,0
2026.03.30 18:40:00,92551.67,92551.67,92542.70,92542.70,300,63,0
2026.03.30 18:35:00,92546.81,92557.31,92543.48,92551.70,300,63,0
2026.03.30 18:30:00,92555.81,92555.81,92546.84,92546.84,300,63,0
2026.03.30 18:25:00,92564.81,92564.81,92555.84,92555.84,300,63,0
2026.03.30 18:20:00,92573.81,92573.81,92564.84,92564.84,300,63,0
2026.03.30 18:15:00,92582.81,92582.81,92573.84,92573.84,300,63,0
2026.03.30 18:10:00,92591.81,92591.81,92582.84,92582.84,300,63,0
2026.03.30 18:05:00,92574.52,92598.29,92572.03,92591.84,300,63,0
2026.03.30 18:00:00,92571.00,92581.66,92569.17,92574.55,300,63,0
2026.03.30 17:55:00,92546.18,92574.84,92541.05,92571.03,300,63,0
2026.03.30 17:50:00,92555.18,92555.18,92546.21,92546.21,300,63,0
2026.03.30 17:45:00,92564.18,92564.18,92555.21,92555.21,300,63,0
2026.03.30 17:40:00,92573.18,92573.18,92564.21,92564.21,300,63,0
2026.03.30 17:35:00,92543.63,92579.63,92541.11,92573.21,300,63,0
2026.03.30 17:30:00,92552.63,92552.63,92543.66,92543.66,300,63,0
2026.03.30 17:25:00,92561.63,92561.63,92552.66,92552.66,300,63,0
2026.03.30 17:20:00,92570.63,92570.63,92561.66,92561.66,300,63,0
2026.03.30 17:15:00,92567.06,92575.58,92563.04,92570.66,300,63,0
2026.03.30 17:10:00,92576.06,92576.06,92567.09,92567.09,300,63,0
2026.03.30 17:05:00,92585.06,92585.06,92576.09,92576.09,300,63,0
2026.03.30 17:00:00,92575.26,92591.15,92572.38,92585.09,300,63,0
2026.03.30 16:55:00,92584.26,92584.26,92575.29,92575.29,300,63,0
2026.03.30 16:50:00,92593.26,92593.26,92584.29,92584.29,300,63,0
2026.03.30 16:45:00,92602.26,92602.26,92593.29,92593.29,300,63,0
2026.03.30 16:40:00,92611.26,92611.26,92602.29,92602.29,300,63,0
2026.03.30 16:35:00,92620.26,92620.26,92611.29,92611.29,300,63,0
2026.03.30 16:30:00,92629.26,92629.26,92620.29,92620.29,300,63,0
2026.03.30 16:25:00,92616.99,92635.11,92613.87,92629.29,300,63,0
2026.03.30 16:20:00,92625.99,92625.99,92617.02,92617.02,300,63,0
2026.03.30 16:15:00,92634.99,92634.99,92626.02,92626.02,300,63,0
2026.03.30 16:10:00,92643.99,92643.99,92635.02,92635.02,300,63,0
2026.03.30 16:05:00,92652.99,92652.99,92644.02,92644.02,300,63,0
2026.03.30 16:00:00,92661.99,92661.99,92653.02,92653.02,300,63,0
2026.03.30 15:55:00,92670.99,92670.99,92662.02,92662.02,300,63,0
2026.03.30 15:50:00,92679.99,92679.99,92671.02,92671.02,300,63,0
2026.03.30 15:45:00,92688.99,92688.99,92680.02,92680.02,300,63,0
2026.03.30 15:40:00,92697.99,92697.99,92689.02,92689.02,300,63,0
2026.03.30 15:35:00,92706.99,92706.99,92698.02,92698.02,300,63,0
2026.03.30 15:30:00,92715.99,92715.99,92707.02,92707.02,300,63,0
2026.03.30 15:25:00,92695.59,92717.82,92688.45,92716.02,300,63,0
2026.03.30 15:20:00,92704.59,92704.59,92695.62,92695.62,300,63,0
2026.03.30 15:15:00,92643.17,92705.55,92642.36,92704.62,300,63,0
2026.03.30 15:10:00,92652.17,92652.17,92643.20,92643.20,300,63,0
2026.03.30 15:05:00,92661.17,92661.17,92652.20,92652.20,300,63,0
2026.03.30 15:00:00,92670.17,92670.17,92661.20,92661.20,300,63,0
2026.03.30 14:55:00,92679.17,92679.17,92670.20,92670.20,300,63,0
2026.03.30 14:50:00,92667.67,92684.78,92664.31,92679.20,300,63,0
2026.03.30 14:45:00,92676.67,92676.67,92667.70,92667.70,300,63,0
2026.03.30 14:40:00,92685.67,92685.67,92676.70,92676.70,300,63,0
2026.03.30 14:35:00,92694.67,92694.67,92685.70,92685.70,300,63,0
2026.03.30 14:30:00,92683.26,92700.37,92679.99,92694.70,300,63,0
2026.03.30 14:25:00,92692.26,92692.26,92683.29,92683.29,300,63,0
2026.03.30 14:20:00,92677.56,92693.91,92670.24,92692.29,300,63,0
2026.03.30 14:15:00,92657.32,92684.52,92655.31,92677.59,300,63,0
2026.03.30 14:10:00,92651.93,92662.81,92648.45,92657.35,300,63,0
2026.03.30 14:05:00,92660.93,92660.93,92651.96,92651.96,300,63,0
2026.03.30 14:00:00,92669.93,92669.93,92660.96,92660.96,300,63,0
2026.03.30 13:55:00,92659.20,92672.09,92652.39,92669.96,300,63,0
2026.03.30 13:50:00,92668.20,92668.20,92659.23,92659.23,300,63,0
2026.03.30 13:45:00,92660.49,92671.41,92654.73,92668.23,300,63,0
2026.03.30 13:40:00,92669.49,92669.49,92660.52,92660.52,300,63,0
2026.03.30 13:35:00,92678.49,92678.49,92669.52,92669.52,300,63,0
2026.03.30 13:30:00,92675.04,92684.82,92672.40,92678.52,300,63,0
2026.03.30 13:25:00,92670.35,92679.57,92665.91,92675.07,300,63,0
2026.03.30 13:20:00,92679.35,92679.35,92670.38,92670.38,300,63,0
2026.03.30 13:15:00,92688.35,92688.35,92679.38,92679.38,300,63,0
2026.03.30 13:10:00,92697.35,92697.35,92688.38,92688.38,300,63,0
2026.03.30 13:05:00,92689.00,92697.83,92680.51,92697.38,300,63,0
2026.03.30 13:00:00,92698.00,92698.00,92689.03,92689.03,300,63,0
2026.03.30 12:55:00,92707.00,92707.00,92698.03,92698.03,300,63,0
2026.03.30 12:50:00,92716.00,92716.00,92707.03,92707.03,300,63,0
2026.03.30 12:45:00,92725.00,92725.00,92716.03,92716.03,300,63,0
2026.03.30 12:40:00,92715.16,92725.42,92706.61,92725.03,300,63,0
2026.03.30 12:35:00,92711.92,92718.01,92705.80,92715.19,300,63,0
2026.03.30 12:30:00,92683.87,92713.51,92676.49,92711.95,300,63,0
2026.03.30 12:25:00,92692.87,92692.87,92683.90,92683.90,300,63,0
2026.03.30 12:20:00,92634.34,92694.04,92633.38,92692.90,300,63,0
2026.03.30 12:15:00,92643.34,92643.34,92634.37,92634.37,300,63,0
2026.03.30 12:10:00,92652.34,92652.34,92643.37,92643.37,300,63,0
2026.03.30 12:05:00,92661.34,92661.34,92652.37,92652.37,300,63,0
2026.03.30 12:00:00,92653.44,92668.45,92651.58,92661.37,300,63,0
2026.03.30 11:55:00,92662.44,92662.44,92653.47,92653.47,300,63,0
2026.03.30 11:50:00,92671.44,92671.44,92662.47,92662.47,300,63,0
2026.03.30 11:45:00,92680.44,92680.44,92671.47,92671.47,300,63,0
2026.03.30 11:40:00,92689.44,92689.44,92680.47,92680.47,300,63,0
2026.03.30 11:35:00,92698.44,92698.44,92689.47,92689.47,300,63,0
2026.03.30 11:30:00,92672.05,92704.92,92669.56,92698.47,300,63,0
2026.03.30 11:25:00,92681.05,92681.05,92672.08,92672.08,300,63,0
2026.03.30 11:20:00,92690.05,92690.05,92681.08,92681.08,300,63,0
2026.03.30 11:15:00,92650.79,92694.19,92648.72,92690.08,300,63,0
2026.03.30 11:10:00,92642.83,92655.92,92638.99,92650.82,300,63,0
2026.03.30 11:05:00,92651.83,92651.83,92642.86,92642.86,300,63,0
2026.03.30 11:00:00,92660.83,92660.83,92651.86,92651.86,300,63,0
2026.03.30 10:55:00,92652.00,92669.38,92651.58,92660.86,300,63,0
2026.03.30 10:50:00,92661.00,92661.00,92652.03,92652.03,300,63,0
2026.03.30 10:45:00,92638.17,92661.84,92630.04,92661.03,300,63,0
2026.03.30 10:40:00,92647.17,92647.17,92638.20,92638.20,300,63,0
2026.03.30 10:35:00,92574.52,92647.68,92573.80,92647.20,300,63,0
2026.03.30 10:30:00,92583.52,92583.52,92574.55,92574.55,300,63,0
2026.03.30 10:25:00,92592.52,92592.52,92583.55,92583.55,300,63,0
2026.03.30 10:20:00,92582.62,92594.35,92575.48,92592.55,300,63,0
2026.03.30 10:15:00,92576.88,92587.03,92572.32,92582.65,300,63,0
2026.03.30 10:10:00,92585.88,92585.88,92576.91,92576.91,300,63,0
2026.03.30 10:05:00,92594.88,92594.88,92585.91,92585.91,300,63,0
2026.03.30 10:00:00,92587.81,92598.54,92582.50,92594.91,300,63,0
2026.03.30 09:55:00,92596.81,92596.81,92587.84,92587.84,300,63,0
2026.03.30 09:50:00,92605.81,92605.81,92596.84,92596.84,300,63,0
2026.03.30 09:45:00,92571.29,92607.13,92564.12,92605.84,300,63,0
2026.03.30 09:40:00,92547.31,92575.58,92542.63,92571.32,300,63,0
2026.03.30 09:35:00,92556.31,92556.31,92547.34,92547.34,300,63,0
2026.03.30 09:30:00,92565.31,92565.31,92556.34,92556.34,300,63,0
2026.03.30 09:25:00,92546.34,92568.55,92540.61,92565.34,300,63,0
2026.03.30 09:20:00,92555.34,92555.34,92546.37,92546.37,300,63,0
2026.03.30 09:15:00,92544.87,92563.47,92544.03,92555.37,300,63,0
2026.03.30 09:10:00,92540.18,92545.35,92531.69,92544.90,300,63,0
2026.03.30 09:05:00,92549.18,92549.18,92540.21,92540.21,300,63,0
2026.03.30 09:00:00,92558.18,92558.18,92549.21,92549.21,300,63,0
2026.03.30 08:55:00,92567.18,92567.18,92558.21,92558.21,300,63,0
2026.03.30 08:50:00,92551.90,92573.03,92548.78,92567.21,300,63,0
2026.03.30 08:45:00,92538.37,92560.39,92537.89,92551.93,300,63,0
2026.03.30 08:40:00,92547.37,92547.37,92538.40,92538.40,300,63,0
2026.03.30 08:35:00,92556.37,92556.37,92547.40,92547.40,300,63,0
2026.03.30 08:30:00,92565.37,92565.37,92556.40,92556.40,300,63,0
2026.03.30 08:25:00,92574.37,92574.37,92565.40,92565.40,300,63,0
2026.03.30 08:20:00,92583.37,92583.37,92574.40,92574.40,300,63,0
2026.03.30 08:15:00,92592.37,92592.37,92583.40,92583.40,300,63,0
2026.03.30 08:10:00,92601.37,92601.37,92592.40,92592.40,300,63,0
2026.03.30 08:05:00,92598.15,92605.78,92593.59,92601.40,300,63,0
2026.03.30 08:00:00,92607.15,92607.15,92598.18,92598.18,300,63,0
2026.03.30 07:55:00,92572.15,92612.67,92570.62,92607.18,300,63,0
2026.03.30 07:50:00,92550.45,92573.11,92542.44,92572.18,300,63,0
2026.03.30 07:45:00,92559.45,92559.45,92550.48,92550.48,300,63,0
2026.03.30 07:40:00,92556.04,92566.44,92554.06,92559.48,300,63,0
2026.03.30 07:35:00,92538.72,92561.92,92535.63,92556.07,300,63,0
2026.03.30 07:30:00,92547.72,92547.72,92538.75,92538.75,300,63,0
2026.03.30 07:25:00,92556.72,92556.72,92547.75,92547.75,300,63,0
2026.03.30 07:20:00,92538.25,92564.34,92536.90,92556.75,300,63,0
2026.03.30 07:15:00,92547.25,92547.25,92538.28,92538.28,300,63,0
2026.03.30 07:10:00,92556.25,92556.25,92547.28,92547.28,300,63,0
2026.03.30 07:05:00,92565.25,92565.25,92556.28,92556.28,300,63,0
2026.03.30 07:00:00,92537.44,92566.21,92529.43,92565.28,300,63,0
2026.03.30 06:55:00,92546.44,92546.44,92537.47,92537.47,300,63,0
2026.03.30 06:50:00,92555.44,92555.44,92546.47,92546.47,300,63,0
2026.03.30 06:45:00,92564.44,92564.44,92555.47,92555.47,300,63,0
2026.03.30 06:40:00,92541.13,92566.27,92533.99,92564.47,300,63,0
2026.03.30 06:35:00,92550.13,92550.13,92541.16,92541.16,300,63,0
2026.03.30 06:30:00,92559.13,92559.13,92550.16,92550.16,300,63,0
2026.03.30 06:25:00,92568.13,92568.13,92559.16,92559.16,300,63,0
2026.03.30 06:20:00,92556.82,92574.91,92554.63,92568.16,300,63,0
2026.03.30 06:15:00,92565.82,92565.82,92556.85,92556.85,300,63,0
2026.03.30 06:10:00,92574.82,92574.82,92565.85,92565.85,300,63,0
2026.03.30 06:05:00,92583.82,92583.82,92574.85,92574.85,300,63,0
2026.03.30 06:00:00,92563.18,92585.86,92556.25,92583.85,300,63,0
2026.03.30 05:55:00,92554.40,92565.73,92547.98,92563.21,300,63,0
2026.03.30 05:50:00,92563.40,92563.40,92554.43,92554.43,300,63,0
2026.03.30 05:45:00,92572.40,92572.40,92563.43,92563.43,300,63,0
2026.03.30 05:40:00,92581.40,92581.40,92572.43,92572.43,300,63,0
2026.03.30 05:35:00,92563.99,92585.63,92559.25,92581.43,300,63,0
2026.03.30 05:30:00,92572.99,92572.99,92564.02,92564.02,300,63,0
2026.03.30 05:25:00,92581.99,92581.99,92573.02,92573.02,300,63,0
2026.03.30 05:20:00,92590.99,92590.99,92582.02,92582.02,300,63,0
2026.03.30 05:15:00,92599.99,92599.99,92591.02,92591.02,300,63,0
2026.03.30 05:10:00,92608.99,92608.99,92600.02,92600.02,300,63,0
2026.03.30 05:05:00,92617.99,92617.99,92609.02,92609.02,300,63,0
2026.03.30 05:00:00,92626.99,92626.99,92618.02,92618.02,300,63,0
2026.03.30 04:55:00,92635.99,92635.99,92627.02,92627.02,300,63,0
2026.03.30 04:50:00,92644.99,92644.99,92636.02,92636.02,300,63,0
2026.03.30 04:45:00,92653.99,92653.99,92645.02,92645.02,300,63,0
2026.03.30 04:40:00,92640.11,92655.43,92632.58,92654.02,300,63,0
2026.03.30 04:35:00,92649.11,92649.11,92640.14,92640.14,300,63,0
2026.03.30 04:30:00,92626.93,92657.00,92625.85,92649.14,300,63,0
2026.03.30 04:25:00,92622.54,92627.56,92614.20,92626.96,300,63,0
2026.03.30 04:20:00,92571.96,92627.67,92571.30,92622.57,300,63,0
2026.03.30 04:15:00,92580.96,92580.96,92571.99,92571.99,300,63,0
2026.03.30 04:10:00,92560.15,92584.59,92554.81,92580.99,300,63,0
2026.03.30 04:05:00,92569.15,92569.15,92560.18,92560.18,300,63,0
2026.03.30 04:00:00,92557.79,92577.10,92556.77,92569.18,300,63,0
2026.03.30 03:55:00,92566.79,92566.79,92557.82,92557.82,300,63,0
2026.03.30 03:50:00,92548.08,92567.99,92540.31,92566.82,300,63,0
2026.03.30 03:45:00,92534.40,92552.10,92529.45,92548.11,300,63,0
2026.03.30 03:40:00,92543.40,92543.40,92534.43,92534.43,300,63,0
2026.03.30 03:35:00,92552.40,92552.40,92543.43,92543.43,300,63,0
2026.03.30 03:30:00,92536.09,92558.13,92532.85,92552.43,300,63,0
2026.03.30 03:25:00,92467.16,92537.41,92466.65,92536.12,300,63,0
2026.03.30 03:20:00,92453.58,92471.90,92449.35,92467.19,300,63,0
2026.03.30 03:15:00,92462.58,92462.58,92453.61,92453.61,300,63,0
2026.03.30 03:10:00,92471.58,92471.58,92462.61,92462.61,300,63,0
2026.03.30 03:05:00,92480.58,92480.58,92471.61,92471.61,300,63,0
2026.03.30 03:00:00,92489.58,92489.58,92480.61,92480.61,300,63,0
2026.03.30 02:55:00,92484.53,92493.81,92479.79,92489.61,300,63,0
2026.03.30 02:50:00,92493.53,92493.53,92484.56,92484.56,300,63,0
2026.03.30 02:45:00,92502.53,92502.53,92493.56,92493.56,300,63,0
2026.03.30 02:40:00,92511.53,92511.53,92502.56,92502.56,300,63,0
2026.03.30 02:35:00,92502.02,92514.68,92496.20,92511.56,300,63,0
2026.03.30 02:30:00,92476.32,92510.18,92475.51,92502.05,300,63,0
2026.03.30 02:25:00,92485.32,92485.32,92476.35,92476.35,300,63,0
2026.03.30 02:20:00,92494.32,92494.32,92485.35,92485.35,300,63,0
2026.03.30 02:15:00,92482.21,92502.78,92481.70,92494.35,300,63,0
2026.03.30 02:10:00,92491.21,92491.21,92482.24,92482.24,300,63,0
2026.03.30 02:05:00,92500.21,92500.21,92491.24,92491.24,300,63,0
2026.03.30 02:00:00,92509.21,92509.21,92500.24,92500.24,300,63,0
2026.03.30 01:55:00,92483.63,92511.49,92476.94,92509.24,300,63,0
2026.03.30 01:50:00,92468.47,92483.96,92459.83,92483.66,300,63,0
2026.03.30 01:45:00,92477.47,92477.47,92468.50,92468.50,300,63,0
2026.03.30 01:40:00,92444.86,92479.36,92440.87,92477.50,300,63,0
2026.03.30 01:35:00,92453.86,92453.86,92444.89,92444.89,300,63,0
2026.03.30 01:30:00,92462.86,92462.86,92453.89,92453.89,300,63,0
2026.03.30 01:25:00,92471.86,92471.86,92462.89,92462.89,300,63,0
2026.03.30 01:20:00,92480.86,92480.86,92471.89,92471.89,300,63,0
2026.03.30 01:15:00,92460.16,92483.68,92454.01,92480.89,300,63,0
2026.03.30 01:10:00,92450.94,92461.84,92443.65,92460.19,300,63,0
2026.03.30 01:05:00,92459.94,92459.94,92450.97,92450.97,300,63,0
2026.03.30 01:00:00,92468.94,92468.94,92459.97,92459.97,300,63,0
2026.03.30 00:55:00,92460.70,92473.74,92456.53,92468.97,300,63,0
2026.03.30 00:50:00,92435.68,92463.28,92429.29,92460.73,300,63,0
2026.03.30 00:45:00,92444.68,92444.68,92435.71,92435.71,300,63,0
2026.03.30 00:40:00,92439.63,92447.47,92433.45,92444.71,300,63,0
2026.03.30 00:35:00,92448.63,92448.63,92439.66,92439.66,300,63,0
2026.03.30 00:30:00,92457.63,92457.63,92448.66,92448.66,300,63,0
2026.03.30 00:25:00,92435.16,92466.48,92435.04,92457.66,300,63,0
2026.03.30 00:20:00,92444.16,92444.16,92435.19,92435.19,300,63,0
2026.03.30 00:15:00,92453.16,92453.16,92444.19,92444.19,300,63,0
2026.03.30 00:10:00,92462.16,92462.16,92453.19,92453.19,300,63,0
2026.03.30 00:05:00,92471.16,92471.16,92462.19,92462.19,300,63,0
2026.03.30 00:00:00,92480.16,92480.16,92471.19,92471.19,300,63,0
2026.03.29 23:55:00,92467.83,92486.94,92465.64,92480.19,300,63,0
2026.03.29 23:50:00,92459.53,92468.34,92451.07,92467.86,300,63,0
2026.03.29 23:45:00,92468.53,92468.53,92459.56,92459.56,300,63,0
2026.03.29 23:40:00,92477.53,92477.53,92468.56,92468.56,300,63,0
2026.03.29 23:35:00,92463.53,92484.16,92461.19,92477.56,300,63,0
2026.03.29 23:30:00,92472.53,92472.53,92463.56,92463.56,300,63,0
2026.03.29 23:25:00,92481.53,92481.53,92472.56,92472.56,300,63,0
2026.03.29 23:20:00,92490.53,92490.53,92481.56,92481.56,300,63,0
2026.03.29 23:15:00,92444.09,92491.58,92438.30,92490.56,300,63,0
2026.03.29 23:10:00,92453.09,92453.09,92444.12,92444.12,300,63,0
2026.03.29 23:05:00,92462.09,92462.09,92453.12,92453.12,300,63,0
2026.03.29 23:00:00,92471.09,92471.09,92462.12,92462.12,300,63,0
2026.03.29 22:55:00,92458.49,92478.08,92456.51,92471.12,300,63,0
2026.03.29 22:50:00,92467.49,92467.49,92458.52,92458.52,300,63,0
2026.03.29 22:45:00,92476.49,92476.49,92467.52,92467.52,300,63,0
2026.03.29 22:40:00,92456.77,92481.11,92452.42,92476.52,300,63,0
2026.03.29 22:35:00,92435.67,92457.22,92427.15,92456.80,300,63,0
2026.03.29 22:30:00,92444.67,92444.67,92435.70,92435.70,300,63,0
2026.03.29 22:25:00,92453.67,92453.67,92444.70,92444.70,300,63,0
2026.03.29 22:20:00,92462.67,92462.67,92453.70,92453.70,300,63,0
2026.03.29 22:15:00,92457.28,92470.20,92455.84,92462.70,300,63,0
2026.03.29 22:10:00,92466.28,92466.28,92457.31,92457.31,300,63,0
2026.03.29 22:05:00,92475.28,92475.28,92466.31,92466.31,300,63,0
2026.03.29 22:00:00,92462.91,92481.16,92459.82,92475.31,300,63,0
2026.03.29 21:55:00,92471.91,92471.91,92462.94,92462.94,300,63,0
2026.03.29 21:50:00,92480.91,92480.91,92471.94,92471.94,300,63,0
2026.03.29 21:45:00,92489.91,92489.91,92480.94,92480.94,300,63,0
2026.03.29 21:40:00,92498.91,92498.91,92489.94,92489.94,300,63,0
2026.03.29 21:35:00,92473.47,92505.66,92471.25,92498.94,300,63,0
2026.03.29 21:30:00,92459.07,92482.17,92458.80,92473.50,300,63,0
2026.03.29 21:25:00,92468.07,92468.07,92459.10,92459.10,300,63,0
2026.03.29 21:20:00,92421.22,92468.58,92420.74,92468.10,300,63,0
2026.03.29 21:15:00,92430.22,92430.22,92421.25,92421.25,300,63,0
2026.03.29 21:10:00,92439.22,92439.22,92430.25,92430.25,300,63,0
2026.03.29 21:05:00,92427.76,92443.87,92423.44,92439.25,300,63,0
2026.03.29 21:00:00,92436.76,92436.76,92427.79,92427.79,300,63,0
2026.03.29 20:55:00,92420.35,92438.83,92413.45,92436.79,300,63,0
2026.03.29 20:50:00,92429.35,92429.35,92420.38,92420.38,300,63,0
2026.03.29 20:45:00,92438.35,92438.35,92429.38,92429.38,300,63,0
2026.03.29 20:40:00,92447.35,92447.35,92438.38,92438.38,300,63,0
2026.03.29 20:35:00,92456.35,92456.35,92447.38,92447.38,300,63,0
2026.03.29 20:30:00,92465.35,92465.35,92456.38,92456.38,300,63,0
2026.03.29 20:25:00,92474.35,92474.35,92465.38,92465.38,300,63,0
2026.03.29 20:20:00,92483.35,92483.35,92474.38,92474.38,300,63,0
2026.03.29 20:15:00,92492.35,92492.35,92483.38,92483.38,300,63,0
2026.03.29 20:10:00,92501.35,92501.35,92492.38,92492.38,300,63,0
2026.03.29 20:05:00,92510.35,92510.35,92501.38,92501.38,300,63,0
2026.03.29 20:00:00,92519.35,92519.35,92510.38,92510.38,300,63,0
2026.03.29 19:55:00,92528.35,92528.35,92519.38,92519.38,300,63,0
2026.03.29 19:50:00,92537.35,92537.35,92528.38,92528.38,300,63,0
2026.03.29 19:45:00,92546.35,92546.35,92537.38,92537.38,300,63,0
2026.03.29 19:40:00,92555.35,92555.35,92546.38,92546.38,300,63,0
2026.03.29 19:35:00,92564.35,92564.35,92555.38,92555.38,300,63,0
2026.03.29 19:30:00,92573.35,92573.35,92564.38,92564.38,300,63,0
2026.03.29 19:25:00,92582.35,92582.35,92573.38,92573.38,300,63,0
2026.03.29 19:20:00,92591.35,92591.35,92582.38,92582.38,300,63,0
2026.03.29 19:15:00,92600.35,92600.35,92591.38,92591.38,300,63,0
2026.03.29 19:10:00,92609.35,92609.35,92600.38,92600.38,300,63,0
2026.03.29 19:05:00,92618.35,92618.35,92609.38,92609.38,300,63,0
2026.03.29 19:00:00,92627.35,92627.35,92618.38,92618.38,300,63,0
2026.03.29 18:55:00,92610.52,92629.72,92603.92,92627.38,300,63,0
2026.03.29 18:50:00,92619.52,92619.52,92610.55,92610.55,300,63,0
2026.03.29 18:45:00,92594.83,92628.10,92594.44,92619.55,300,63,0
2026.03.29 18:40:00,92583.66,92599.48,92579.34,92594.86,300,63,0
2026.03.29 18:35:00,92592.66,92592.66,92583.69,92583.69,300,63,0
2026.03.29 18:30:00,92601.66,92601.66,92592.69,92592.69,300,63,0
2026.03.29 18:25:00,92610.66,92610.66,92601.69,92601.69,300,63,0
2026.03.29 18:20:00,92599.08,92614.92,92594.37,92610.69,300,63,0
2026.03.29 18:15:00,92608.08,92608.08,92599.11,92599.11,300,63,0
2026.03.29 18:10:00,92617.08,92617.08,92608.11,92608.11,300,63,0
2026.03.29 18:05:00,92609.95,92621.58,92605.48,92617.11,300,63,0
2026.03.29 18:00:00,92618.95,92618.95,92609.98,92609.98,300,63,0
2026.03.29 17:55:00,92627.95,92627.95,92618.98,92618.98,300,63,0
2026.03.29 17:50:00,92636.95,92636.95,92627.98,92627.98,300,63,0
2026.03.29 17:45:00,92645.95,92645.95,92636.98,92636.98,300,63,0
2026.03.29 17:40:00,92654.95,92654.95,92645.98,92645.98,300,63,0
2026.03.29 17:35:00,92663.95,92663.95,92654.98,92654.98,300,63,0
2026.03.29 17:30:00,92672.95,92672.95,92663.98,92663.98,300,63,0
2026.03.29 17:25:00,92681.95,92681.95,92672.98,92672.98,300,63,0
2026.03.29 17:20:00,92690.95,92690.95,92681.98,92681.98,300,63,0
2026.03.29 17:15:00,92699.95,92699.95,92690.98,92690.98,300,63,0
2026.03.29 17:10:00,92708.95,92708.95,92699.98,92699.98,300,63,0
2026.03.29 17:05:00,92717.95,92717.95,92708.98,92708.98,300,63,0
2026.03.29 17:00:00,92726.95,92726.95,92717.98,92717.98,300,63,0
2026.03.29 16:55:00,92721.61,92730.91,92716.60,92726.98,300,63,0
2026.03.29 16:50:00,92730.61,92730.61,92721.64,92721.64,300,63,0
2026.03.29 16:45:00,92739.61,92739.61,92730.64,92730.64,300,63,0
2026.03.29 16:40:00,92748.61,92748.61,92739.64,92739.64,300,63,0
2026.03.29 16:35:00,92757.61,92757.61,92748.64,92748.64,300,63,0
2026.03.29 16:30:00,92766.61,92766.61,92757.64,92757.64,300,63,0
2026.03.29 16:25:00,92775.61,92775.61,92766.64,92766.64,300,63,0
2026.03.29 16:20:00,92784.61,92784.61,92775.64,92775.64,300,63,0
2026.03.29 16:15:00,92793.61,92793.61,92784.64,92784.64,300,63,0
2026.03.29 16:10:00,92802.61,92802.61,92793.64,92793.64,300,63,0
2026.03.29 16:05:00,92793.91,92807.59,92789.92,92802.64,300,63,0
2026.03.29 16:00:00,92802.91,92802.91,92793.94,92793.94,300,63,0
2026.03.29 15:55:00,92811.91,92811.91,92802.94,92802.94,300,63,0
2026.03.29 15:50:00,92820.91,92820.91,92811.94,92811.94,300,63,0
2026.03.29 15:45:00,92829.91,92829.91,92820.94,92820.94,300,63,0
2026.03.29 15:40:00,92838.91,92838.91,92829.94,92829.94,300,63,0
2026.03.29 15:35:00,92809.00,92842.09,92803.21,92838.94,300,63,0
2026.03.29 15:30:00,92818.00,92818.00,92809.03,92809.03,300,63,0
2026.03.29 15:25:00,92811.78,92824.27,92809.08,92818.03,300,63,0
2026.03.29 15:20:00,92791.77,92813.91,92784.93,92811.81,300,63,0
2026.03.29 15:15:00,92778.36,92795.91,92773.53,92791.80,300,63,0
2026.03.29 15:10:00,92787.36,92787.36,92778.39,92778.39,300,63,0
2026.03.29 15:05:00,92796.36,92796.36,92787.39,92787.39,300,63,0
2026.03.29 15:00:00,92774.14,92801.55,92770.36,92796.39,300,63,0
2026.03.29 14:55:00,92783.14,92783.14,92774.17,92774.17,300,63,0
2026.03.29 14:50:00,92792.14,92792.14,92783.17,92783.17,300,63,0
2026.03.29 14:45:00,92801.14,92801.14,92792.17,92792.17,300,63,0
2026.03.29 14:40:00,92754.26,92802.46,92752.01,92801.17,300,63,0
2026.03.29 14:35:00,92763.26,92763.26,92754.29,92754.29,300,63,0
2026.03.29 14:30:00,92772.26,92772.26,92763.29,92763.29,300,63,0
2026.03.29 14:25:00,92732.68,92773.19,92727.31,92772.29,300,63,0
2026.03.29 14:20:00,92741.68,92741.68,92732.71,92732.71,300,63,0
2026.03.29 14:15:00,92750.68,92750.68,92741.71,92741.71,300,63,0
2026.03.29 14:10:00,92759.68,92759.68,92750.71,92750.71,300,63,0
2026.03.29 14:05:00,92768.68,92768.68,92759.71,92759.71,300,63,0
2026.03.29 14:00:00,92777.68,92777.68,92768.71,92768.71,300,63,0
2026.03.29 13:55:00,92786.68,92786.68,92777.71,92777.71,300,63,0
2026.03.29 13:50:00,92753.37,92790.25,92750.19,92786.71,300,63,0
2026.03.29 13:45:00,92762.37,92762.37,92753.40,92753.40,300,63,0
2026.03.29 13:40:00,92712.74,92765.97,92709.92,92762.40,300,63,0
2026.03.29 13:35:00,92689.45,92714.12,92681.86,92712.77,300,63,0
2026.03.29 13:30:00,92698.45,92698.45,92689.48,92689.48,300,63,0
2026.03.29 13:25:00,92707.45,92707.45,92698.48,92698.48,300,63,0
2026.03.29 13:20:00,92716.45,92716.45,92707.48,92707.48,300,63,0
2026.03.29 13:15:00,92725.45,92725.45,92716.48,92716.48,300,63,0
2026.03.29 13:10:00,92734.45,92734.45,92725.48,92725.48,300,63,0
2026.03.29 13:05:00,92743.45,92743.45,92734.48,92734.48,300,63,0
2026.03.29 13:00:00,92736.87,92749.72,92734.17,92743.48,300,63,0
2026.03.29 12:55:00,92745.87,92745.87,92736.90,92736.90,300,63,0
2026.03.29 12:50:00,92754.87,92754.87,92745.90,92745.90,300,63,0
2026.03.29 12:45:00,92763.87,92763.87,92754.90,92754.90,300,63,0
2026.03.29 12:40:00,92772.87,92772.87,92763.90,92763.90,300,63,0
2026.03.29 12:35:00,92781.87,92781.87,92772.90,92772.90,300,63,0
2026.03.29 12:30:00,92767.31,92790.42,92766.89,92781.90,300,63,0
2026.03.29 12:25:00,92776.31,92776.31,92767.34,92767.34,300,63,0
2026.03.29 12:20:00,92785.31,92785.31,92776.34,92776.34,300,63,0
2026.03.29 12:15:00,92770.72,92786.57,92763.01,92785.34,300,63,0
2026.03.29 12:10:00,92779.72,92779.72,92770.75,92770.75,300,63,0
2026.03.29 12:05:00,92788.72,92788.72,92779.75,92779.75,300,63,0
2026.03.29 12:00:00,92773.75,92790.76,92766.82,92788.75,300,63,0
2026.03.29 11:55:00,92782.75,92782.75,92773.78,92773.78,300,63,0
2026.03.29 11:50:00,92791.75,92791.75,92782.78,92782.78,300,63,0
2026.03.29 11:45:00,92800.75,92800.75,92791.78,92791.78,300,63,0
2026.03.29 11:40:00,92809.75,92809.75,92800.78,92800.78,300,63,0
2026.03.29 11:35:00,92818.75,92818.75,92809.78,92809.78,300,63,0
2026.03.29 11:30:00,92827.75,92827.75,92818.78,92818.78,300,63,0
2026.03.29 11:25:00,92807.15,92827.87,92798.30,92827.78,300,63,0
2026.03.29 11:20:00,92782.85,92807.84,92776.46,92807.18,300,63,0
2026.03.29 11:15:00,92744.33,92783.24,92736.05,92782.88,300,63,0
2026.03.29 11:10:00,92734.23,92744.54,92725.47,92744.36,300,63,0
2026.03.29 11:05:00,92743.23,92743.23,92734.26,92734.26,300,63,0
2026.03.29 11:00:00,92697.40,92746.26,92691.88,92743.26,300,63,0
2026.03.29 10:55:00,92682.73,92702.32,92678.68,92697.43,300,63,0
2026.03.29 10:50:00,92691.73,92691.73,92682.76,92682.76,300,63,0
2026.03.29 10:45:00,92700.73,92700.73,92691.76,92691.76,300,63,0
2026.03.29 10:40:00,92709.73,92709.73,92700.76,92700.76,300,63,0
2026.03.29 10:35:00,92718.73,92718.73,92709.76,92709.76,300,63,0
2026.03.29 10:30:00,92727.73,92727.73,92718.76,92718.76,300,63,0
2026.03.29 10:25:00,92736.73,92736.73,92727.76,92727.76,300,63,0
2026.03.29 10:20:00,92745.73,92745.73,92736.76,92736.76,300,63,0
2026.03.29 10:15:00,92754.73,92754.73,92745.76,92745.76,300,63,0
2026.03.29 10:10:00,92734.40,92755.63,92726.33,92754.76,300,63,0
2026.03.29 10:05:00,92743.40,92743.40,92734.43,92734.43,300,63,0
2026.03.29 10:00:00,92752.40,92752.40,92743.43,92743.43,300,63,0
2026.03.29 09:55:00,92733.13,92756.09,92727.85,92752.43,300,63,0
2026.03.29 09:50:00,92742.13,92742.13,92733.16,92733.16,300,63,0
2026.03.29 09:45:00,92751.13,92751.13,92742.16,92742.16,300,63,0
2026.03.29 09:40:00,92730.24,92752.60,92722.74,92751.16,300,63,0
2026.03.29 09:35:00,92739.24,92739.24,92730.27,92730.27,300,63,0
2026.03.29 09:30:00,92748.24,92748.24,92739.27,92739.27,300,63,0
2026.03.29 09:25:00,92757.24,92757.24,92748.27,92748.27,300,63,0
2026.03.29 09:20:00,92748.53,92764.86,92747.18,92757.27,300,63,0
2026.03.29 09:15:00,92730.65,92749.13,92722.28,92748.56,300,63,0
2026.03.29 09:10:00,92721.13,92735.12,92716.63,92730.68,300,63,0
2026.03.29 09:05:00,92730.13,92730.13,92721.16,92721.16,300,63,0
2026.03.29 09:00:00,92739.13,92739.13,92730.16,92730.16,300,63,0
2026.03.29 08:55:00,92748.13,92748.13,92739.16,92739.16,300,63,0
2026.03.29 08:50:00,92757.13,92757.13,92748.16,92748.16,300,63,0
2026.03.29 08:45:00,92731.94,92757.97,92723.81,92757.16,300,63,0
2026.03.29 08:40:00,92740.94,92740.94,92731.97,92731.97,300,63,0
2026.03.29 08:35:00,92749.94,92749.94,92740.97,92740.97,300,63,0
2026.03.29 08:30:00,92758.94,92758.94,92749.97,92749.97,300,63,0
2026.03.29 08:25:00,92732.31,92764.64,92729.64,92758.97,300,63,0
2026.03.29 08:20:00,92741.31,92741.31,92732.34,92732.34,300,63,0
2026.03.29 08:15:00,92750.31,92750.31,92741.34,92741.34,300,63,0
2026.03.29 08:10:00,92759.31,92759.31,92750.34,92750.34,300,63,0
2026.03.29 08:05:00,92768.31,92768.31,92759.34,92759.34,300,63,0
2026.03.29 08:00:00,92777.31,92777.31,92768.34,92768.34,236,63,0
2026.03.29 07:55:00,92754.78,92778.60,92747.10,92777.34,300,63,0
2026.03.29 07:50:00,92763.78,92763.78,92754.81,92754.81,300,63,0
2026.03.29 07:45:00,92772.78,92772.78,92763.81,92763.81,300,63,0
2026.03.29 07:40:00,92781.78,92781.78,92772.81,92772.81,300,63,0
2026.03.29 07:35:00,92790.78,92790.78,92781.81,92781.81,300,63,0
2026.03.29 07:30:00,92799.78,92799.78,92790.81,92790.81,300,63,0
2026.03.29 07:25:00,92808.78,92808.78,92799.81,92799.81,300,63,0
2026.03.29 07:20:00,92817.78,92817.78,92808.81,92808.81,300,63,0
2026.03.29 07:15:00,92826.78,92826.78,92817.81,92817.81,300,63,0
2026.03.29 07:10:00,92835.78,92835.78,92826.81,92826.81,300,63,0
2026.03.29 07:05:00,92844.78,92844.78,92835.81,92835.81,300,63,0
2026.03.29 07:00:00,92853.78,92853.78,92844.81,92844.81,300,63,0
2026.03.29 06:45:00,92862.78,92862.78,92853.81,92853.81,300,63,0
2026.03.29 06:40:00,92871.78,92871.78,92862.81,92862.81,300,63,0
2026.03.29 06:35:00,92861.84,92876.13,92857.22,92871.81,300,63,0
2026.03.29 06:30:00,92854.68,92866.07,92849.94,92861.87,300,63,0
2026.03.29 06:25:00,92863.68,92863.68,92854.71,92854.71,300,63,0
2026.03.29 06:20:00,92872.68,92872.68,92863.71,92863.71,300,63,0
2026.03.29 06:15:00,92881.68,92881.68,92872.71,92872.71,300,63,0
2026.03.29 06:10:00,92890.68,92890.68,92881.71,92881.71,300,63,0
2026.03.29 06:05:00,92899.68,92899.68,92890.71,92890.71,300,63,0
2026.03.29 06:00:00,92908.68,92908.68,92899.71,92899.71,300,63,0
2026.03.29 05:55:00,92917.68,92917.68,92908.71,92908.71,300,63,0
2026.03.29 05:50:00,92890.93,92923.20,92887.48,92917.71,300,63,0
2026.03.29 05:45:00,92899.93,92899.93,92890.96,92890.96,300,63,0
2026.03.29 05:40:00,92892.43,92902.84,92886.37,92899.96,300,63,0
2026.03.29 05:35:00,92901.43,92901.43,92892.46,92892.46,300,63,0
2026.03.29 05:30:00,92910.43,92910.43,92901.46,92901.46,300,63,0
2026.03.29 05:25:00,92919.43,92919.43,92910.46,92910.46,300,63,0
2026.03.29 05:20:00,92892.49,92923.63,92887.72,92919.46,300,63,0
2026.03.29 05:15:00,92901.49,92901.49,92892.52,92892.52,300,63,0
2026.03.29 05:10:00,92861.07,92902.45,92858.61,92901.52,300,63,0
2026.03.29 05:05:00,92870.07,92870.07,92861.10,92861.10,300,63,0
2026.03.29 05:00:00,92879.07,92879.07,92870.10,92870.10,300,63,0
2026.03.29 04:55:00,92888.07,92888.07,92879.10,92879.10,300,63,0
2026.03.29 04:50:00,92862.84,92891.85,92857.65,92888.10,300,63,0
2026.03.29 04:45:00,92871.84,92871.84,92862.87,92862.87,300,63,0
2026.03.29 04:40:00,92880.84,92880.84,92871.87,92871.87,300,63,0
2026.03.29 04:35:00,92888.94,92888.94,92880.87,92880.87,270,63,0
2026.03.29 02:50:00,92897.88,92897.88,92888.94,92888.94,299,63,0
2026.03.29 02:45:00,92852.79,92904.63,92850.69,92897.91,300,63,0
2026.03.29 02:40:00,92842.53,92859.66,92840.43,92852.82,300,63,0
2026.03.29 02:35:00,92834.05,92848.56,92831.11,92842.56,300,63,0
2026.03.29 02:30:00,92843.05,92843.05,92834.08,92834.08,300,63,0
2026.03.29 02:25:00,92852.05,92852.05,92843.08,92843.08,300,63,0
2026.03.29 02:20:00,92861.05,92861.05,92852.08,92852.08,300,63,0
2026.03.29 02:15:00,92870.05,92870.05,92861.08,92861.08,300,63,0
2026.03.29 02:10:00,92844.50,92872.84,92838.32,92870.08,300,63,0
2026.03.29 02:05:00,92853.50,92853.50,92844.53,92844.53,300,63,0
2026.03.29 02:00:00,92862.50,92862.50,92853.53,92853.53,300,63,0
2026.03.29 01:55:00,92871.50,92871.50,92862.53,92862.53,300,63,0
2026.03.29 01:50:00,92848.62,92873.24,92841.39,92871.53,300,63,0
2026.03.29 01:45:00,92857.62,92857.62,92848.65,92848.65,300,63,0
2026.03.29 01:40:00,92866.62,92866.62,92857.65,92857.65,300,63,0
2026.03.29 01:35:00,92855.90,92866.74,92847.05,92866.65,300,63,0
2026.03.29 01:30:00,92825.90,92860.55,92825.66,92855.93,300,63,0
2026.03.29 01:25:00,92802.76,92831.60,92799.49,92825.93,300,63,0
2026.03.29 01:20:00,92811.76,92811.76,92802.79,92802.79,300,63,0
2026.03.29 01:15:00,92820.76,92820.76,92811.79,92811.79,300,63,0
2026.03.29 01:10:00,92812.60,92823.55,92806.42,92820.79,300,63,0
2026.03.29 01:05:00,92821.60,92821.60,92812.63,92812.63,300,63,0
2026.03.29 01:00:00,92830.60,92830.60,92821.63,92821.63,300,63,0
2026.03.29 00:55:00,92839.60,92839.60,92830.63,92830.63,300,63,0
2026.03.29 00:50:00,92848.60,92848.60,92839.63,92839.63,300,63,0
2026.03.29 00:45:00,92857.60,92857.60,92848.63,92848.63,300,63,0
2026.03.29 00:40:00,92799.90,92862.19,92797.83,92857.63,300,63,0
2026.03.29 00:35:00,92808.90,92808.90,92799.93,92799.93,300,63,0
2026.03.29 00:30:00,92817.90,92817.90,92808.93,92808.93,300,63,0
2026.03.29 00:25:00,92786.89,92823.84,92784.79,92817.93,300,63,0
2026.03.29 00:20:00,92767.58,92790.37,92762.09,92786.92,300,63,0
2026.03.29 00:15:00,92776.58,92776.58,92767.61,92767.61,300,63,0
2026.03.29 00:10:00,92785.58,92785.58,92776.61,92776.61,300,63,0
2026.03.29 00:05:00,92794.58,92794.58,92785.61,92785.61,300,63,0
2026.03.29 00:00:00,92803.58,92803.58,92794.61,92794.61,300,63,0
2026.03.28 23:55:00,92773.37,92804.69,92765.51,92803.61,300,63,0
2026.03.28 23:50:00,92782.37,92782.37,92773.40,92773.40,300,63,0
2026.03.28 23:45:00,92791.37,92791.37,92782.40,92782.40,300,63,0
2026.03.28 23:40:00,92786.98,92794.07,92780.71,92791.40,300,63,0
2026.03.28 23:35:00,92795.98,92795.98,92787.01,92787.01,300,63,0
2026.03.28 23:30:00,92804.98,92804.98,92796.01,92796.01,300,63,0
2026.03.28 23:25:00,92813.98,92813.98,92805.01,92805.01,300,63,0
2026.03.28 23:20:00,92822.98,92822.98,92814.01,92814.01,300,63,0
2026.03.28 23:15:00,92831.98,92831.98,92823.01,92823.01,300,63,0
2026.03.28 23:10:00,92840.98,92840.98,92832.01,92832.01,300,63,0
2026.03.28 23:05:00,92849.98,92849.98,92841.01,92841.01,300,63,0
2026.03.28 23:00:00,92834.13,92857.27,92832.45,92850.01,300,63,0
2026.03.28 22:55:00,92819.34,92840.37,92816.61,92834.16,300,63,0
2026.03.28 22:50:00,92828.34,92828.34,92819.37,92819.37,300,63,0
2026.03.28 22:45:00,92837.34,92837.34,92828.37,92828.37,300,63,0
2026.03.28 22:40:00,92846.34,92846.34,92837.37,92837.37,300,63,0
2026.03.28 22:35:00,92832.41,92847.57,92824.67,92846.37,300,63,0
2026.03.28 22:30:00,92841.41,92841.41,92832.44,92832.44,300,63,0
2026.03.28 22:25:00,92850.41,92850.41,92841.44,92841.44,300,63,0
2026.03.28 22:20:00,92859.41,92859.41,92850.44,92850.44,300,63,0
2026.03.28 22:15:00,92868.41,92868.41,92859.44,92859.44,300,63,0
2026.03.28 22:10:00,92877.41,92877.41,92868.44,92868.44,300,63,0
2026.03.28 22:05:00,92855.24,92883.86,92852.72,92877.44,300,63,0
2026.03.28 22:00:00,92841.71,92859.68,92837.18,92855.27,300,63,0
2026.03.28 21:55:00,92850.71,92850.71,92841.74,92841.74,300,63,0
2026.03.28 21:50:00,92846.80,92853.02,92840.14,92850.74,300,63,0
2026.03.28 21:45:00,92855.80,92855.80,92846.83,92846.83,300,63,0
2026.03.28 21:40:00,92808.83,92856.19,92807.84,92855.83,300,63,0
2026.03.28 21:35:00,92791.97,92810.15,92784.32,92808.86,300,63,0
2026.03.28 21:30:00,92800.97,92800.97,92792.00,92792.00,300,63,0
2026.03.28 21:25:00,92809.97,92809.97,92801.00,92801.00,300,63,0
2026.03.28 21:20:00,92773.56,92810.18,92772.12,92810.00,300,63,0
2026.03.28 21:15:00,92782.56,92782.56,92773.59,92773.59,300,63,0
2026.03.28 21:10:00,92791.56,92791.56,92782.59,92782.59,300,63,0
2026.03.28 21:05:00,92800.56,92800.56,92791.59,92791.59,300,63,0
2026.03.28 21:00:00,92809.56,92809.56,92800.59,92800.59,300,63,0
2026.03.28 20:55:00,92818.56,92818.56,92809.59,92809.59,300,63,0
2026.03.28 20:50:00,92809.01,92819.43,92800.91,92818.59,300,63,0
2026.03.28 20:45:00,92818.01,92818.01,92809.04,92809.04,300,63,0
2026.03.28 20:40:00,92827.01,92827.01,92818.04,92818.04,300,63,0
2026.03.28 20:35:00,92836.01,92836.01,92827.04,92827.04,300,63,0
2026.03.28 20:30:00,92845.01,92845.01,92836.04,92836.04,300,63,0
2026.03.28 20:25:00,92854.01,92854.01,92845.04,92845.04,300,63,0
2026.03.28 20:20:00,92863.01,92863.01,92854.04,92854.04,300,63,0
2026.03.28 20:15:00,92836.29,92863.97,92828.28,92863.04,300,63,0
2026.03.28 20:10:00,92845.29,92845.29,92836.32,92836.32,300,63,0
2026.03.28 20:05:00,92854.29,92854.29,92845.32,92845.32,300,63,0
2026.03.28 20:00:00,92863.29,92863.29,92854.32,92854.32,300,63,0
2026.03.28 19:55:00,92806.20,92864.04,92805.18,92863.32,300,63,0
2026.03.28 19:50:00,92792.01,92812.71,92789.55,92806.23,300,63,0
2026.03.28 19:45:00,92761.00,92800.56,92760.58,92792.04,300,63,0
2026.03.28 19:40:00,92735.16,92764.90,92730.09,92761.03,300,63,0
2026.03.28 19:35:00,92744.16,92744.16,92735.19,92735.19,300,63,0
2026.03.28 19:30:00,92696.33,92745.51,92691.68,92744.19,300,63,0
2026.03.28 19:25:00,92705.33,92705.33,92696.36,92696.36,300,63,0
2026.03.28 19:20:00,92714.33,92714.33,92705.36,92705.36,300,63,0
2026.03.28 19:15:00,92695.49,92714.66,92686.85,92714.36,300,63,0
2026.03.28 19:10:00,92674.27,92698.46,92668.27,92695.52,300,63,0
2026.03.28 19:05:00,92683.27,92683.27,92674.30,92674.30,300,63,0
2026.03.28 19:00:00,92679.66,92686.00,92673.42,92683.30,300,63,0
2026.03.28 18:55:00,92688.66,92688.66,92679.69,92679.69,300,63,0
2026.03.28 18:50:00,92654.92,92691.39,92654.86,92688.69,300,63,0
2026.03.28 18:45:00,92642.74,92655.07,92633.92,92654.95,300,63,0
2026.03.28 18:40:00,92651.74,92651.74,92642.77,92642.77,300,63,0
2026.03.28 18:35:00,92642.19,92652.28,92637.03,92651.77,191,63,0
2026.03.28 18:30:00,92650.02,92650.02,92642.19,92642.19,262,63,0
2026.03.28 18:25:00,92659.02,92659.02,92650.05,92650.05,300,63,0
2026.03.28 18:20:00,92668.02,92668.02,92659.05,92659.05,300,63,0
2026.03.28 18:15:00,92664.43,92669.19,92656.63,92668.05,300,63,0
2026.03.28 18:10:00,92673.43,92673.43,92664.46,92664.46,300,63,0
2026.03.28 18:05:00,92682.43,92682.43,92673.46,92673.46,300,63,0
2026.03.28 18:00:00,92660.36,92685.61,92654.57,92682.46,300,63,0
2026.03.28 17:55:00,92669.36,92669.36,92660.39,92660.39,300,63,0
2026.03.28 17:50:00,92678.36,92678.36,92669.39,92669.39,300,63,0
2026.03.28 17:45:00,92687.36,92687.36,92678.39,92678.39,300,63,0
2026.03.28 17:40:00,92684.30,92694.59,92682.56,92687.39,300,63,0
2026.03.28 17:35:00,92693.30,92693.30,92684.33,92684.33,300,63,0
2026.03.28 17:30:00,92702.30,92702.30,92693.33,92693.33,300,63,0
2026.03.28 17:25:00,92695.87,92709.20,92693.80,92702.33,300,63,0
2026.03.28 17:20:00,92704.87,92704.87,92695.90,92695.90,300,63,0
2026.03.28 17:15:00,92680.19,92708.41,92674.76,92704.90,300,63,0
2026.03.28 17:10:00,92656.79,92681.45,92649.08,92680.22,300,63,0
2026.03.28 17:05:00,92665.79,92665.79,92656.82,92656.82,300,63,0
2026.03.28 17:00:00,92657.03,92670.50,92652.77,92665.82,300,63,0
2026.03.28 16:55:00,92646.40,92659.82,92640.22,92657.06,300,63,0
2026.03.28 16:50:00,92609.75,92650.24,92607.35,92646.43,300,63,0
2026.03.28 16:45:00,92589.70,92611.76,92582.74,92609.78,300,63,0
2026.03.28 16:40:00,92598.70,92598.70,92589.73,92589.73,300,63,0
2026.03.28 16:35:00,92607.70,92607.70,92598.73,92598.73,300,63,0
2026.03.28 16:30:00,92570.93,92609.29,92567.81,92607.73,300,63,0
2026.03.28 16:25:00,92560.18,92578.82,92559.10,92570.96,300,63,0
2026.03.28 16:20:00,92541.84,92563.57,92536.26,92560.21,300,63,0
2026.03.28 16:15:00,92550.84,92550.84,92541.87,92541.87,300,63,0
2026.03.28 16:10:00,92559.84,92559.84,92550.87,92550.87,300,63,0
2026.03.28 16:05:00,92550.90,92565.24,92547.33,92559.87,300,63,0
2026.03.28 16:00:00,92544.52,92556.90,92541.55,92550.93,300,63,0
2026.03.28 15:55:00,92527.54,92546.56,92520.61,92544.55,300,63,0
2026.03.28 15:50:00,92503.13,92528.47,92495.09,92527.57,300,63,0
2026.03.28 15:45:00,92512.13,92512.13,92503.16,92503.16,300,63,0
2026.03.28 15:40:00,92492.88,92514.05,92485.83,92512.16,300,63,0
2026.03.28 15:35:00,92489.31,92498.37,92485.83,92492.91,300,63,0
2026.03.28 15:30:00,92485.03,92495.49,92482.24,92489.34,300,63,0
2026.03.28 15:25:00,92494.03,92494.03,92485.06,92485.06,300,63,0
2026.03.28 15:20:00,92503.03,92503.03,92494.06,92494.06,300,63,0
2026.03.28 15:15:00,92498.53,92505.94,92492.47,92503.06,300,63,0
2026.03.28 15:10:00,92507.53,92507.53,92498.56,92498.56,300,63,0
2026.03.28 15:05:00,92516.53,92516.53,92507.56,92507.56,300,63,0
2026.03.28 15:00:00,92478.86,92523.46,92476.88,92516.56,300,63,0
2026.03.28 14:55:00,92487.86,92487.86,92478.89,92478.89,300,63,0
2026.03.28 14:50:00,92472.72,92492.81,92468.70,92487.89,300,63,0
2026.03.28 14:45:00,92481.72,92481.72,92472.75,92472.75,300,63,0
2026.03.28 14:40:00,92490.72,92490.72,92481.75,92481.75,300,63,0
2026.03.28 14:35:00,92499.72,92499.72,92490.75,92490.75,300,63,0
2026.03.28 14:30:00,92508.72,92508.72,92499.75,92499.75,300,63,0
2026.03.28 14:25:00,92517.72,92517.72,92508.75,92508.75,300,63,0
2026.03.28 14:20:00,92526.72,92526.72,92517.75,92517.75,300,63,0
2026.03.28 14:15:00,92516.37,92533.32,92514.00,92526.75,300,63,0
2026.03.28 14:10:00,92491.97,92516.82,92489.18,92516.40,300,63,0
2026.03.28 14:05:00,92469.37,92496.47,92464.90,92492.00,300,63,0
2026.03.28 14:00:00,92478.37,92478.37,92469.40,92469.40,300,63,0
2026.03.28 13:55:00,92459.45,92480.86,92452.97,92478.40,300,63,0
2026.03.28 13:50:00,92468.45,92468.45,92459.48,92459.48,300,63,0
2026.03.28 13:45:00,92438.77,92474.27,92435.62,92468.48,300,63,0
2026.03.28 13:40:00,92447.77,92447.77,92438.80,92438.80,300,63,0
2026.03.28 13:35:00,92456.77,92456.77,92447.80,92447.80,300,63,0
2026.03.28 13:30:00,92465.77,92465.77,92456.80,92456.80,300,63,0
2026.03.28 13:25:00,92474.77,92474.77,92465.80,92465.80,300,63,0
2026.03.28 13:20:00,92483.77,92483.77,92474.80,92474.80,300,63,0
2026.03.28 13:15:00,92492.77,92492.77,92483.80,92483.80,300,63,0
2026.03.28 13:10:00,92501.77,92501.77,92492.80,92492.80,300,63,0
2026.03.28 13:05:00,92510.77,92510.77,92501.80,92501.80,300,63,0
2026.03.28 13:00:00,92519.77,92519.77,92510.80,92510.80,300,63,0
2026.03.28 12:55:00,92528.77,92528.77,92519.80,92519.80,300,63,0
2026.03.28 12:50:00,92537.77,92537.77,92528.80,92528.80,300,63,0
2026.03.28 12:45:00,92546.77,92546.77,92537.80,92537.80,300,63,0
2026.03.28 12:40:00,92528.12,92550.85,92523.23,92546.80,300,63,0
2026.03.28 12:35:00,92537.12,92537.12,92528.15,92528.15,300,63,0
2026.03.28 12:30:00,92546.12,92546.12,92537.15,92537.15,300,63,0
2026.03.28 12:25:00,92519.36,92547.05,92511.32,92546.15,300,63,0
2026.03.28 12:20:00,92528.36,92528.36,92519.39,92519.39,300,63,0
2026.03.28 12:15:00,92537.36,92537.36,92528.39,92528.39,300,63,0
2026.03.28 12:10:00,92546.36,92546.36,92537.39,92537.39,300,63,0
2026.03.28 12:05:00,92541.98,92546.78,92533.43,92546.39,300,63,0
2026.03.28 12:00:00,92550.98,92550.98,92542.01,92542.01,300,63,0
2026.03.28 11:55:00,92559.98,92559.98,92551.01,92551.01,300,63,0
2026.03.28 11:50:00,92568.98,92568.98,92560.01,92560.01,300,63,0
2026.03.28 11:45:00,92577.98,92577.98,92569.01,92569.01,300,63,0
2026.03.28 11:40:00,92546.33,92581.10,92540.48,92578.01,300,63,0
2026.03.28 11:35:00,92532.03,92552.78,92529.51,92546.36,300,63,0
2026.03.28 11:30:00,92541.03,92541.03,92532.06,92532.06,300,63,0
2026.03.28 11:25:00,92550.03,92550.03,92541.06,92541.06,300,63,0
2026.03.28 11:20:00,92559.03,92559.03,92550.06,92550.06,300,63,0
2026.03.28 11:15:00,92568.03,92568.03,92559.06,92559.06,300,63,0
2026.03.28 11:10:00,92577.03,92577.03,92568.06,92568.06,300,63,0
2026.03.28 11:05:00,92564.82,92583.81,92562.63,92577.06,300,63,0
2026.03.28 11:00:00,92573.82,92573.82,92564.85,92564.85,300,63,0
2026.03.28 10:55:00,92582.82,92582.82,92573.85,92573.85,300,63,0
2026.03.28 10:50:00,92562.16,92583.42,92553.79,92582.85,300,63,0
2026.03.28 10:45:00,92548.57,92565.49,92542.93,92562.19,300,63,0
2026.03.28 10:40:00,92536.05,92551.12,92529.63,92548.60,300,63,0
2026.03.28 10:35:00,92513.21,92540.85,92509.04,92536.08,300,63,0
2026.03.28 10:30:00,92522.21,92522.21,92513.24,92513.24,300,63,0
2026.03.28 10:25:00,92531.21,92531.21,92522.24,92522.24,300,63,0
2026.03.28 10:20:00,92515.44,92538.65,92513.91,92531.24,300,63,0
2026.03.28 10:15:00,92524.44,92524.44,92515.47,92515.47,300,63,0
2026.03.28 10:10:00,92533.44,92533.44,92524.47,92524.47,300,63,0
2026.03.28 10:05:00,92521.50,92540.01,92519.10,92533.47,300,63,0
2026.03.28 10:00:00,92512.53,92521.92,92503.98,92521.53,300,63,0
2026.03.28 09:55:00,92508.69,92520.90,92508.09,92512.56,300,63,0
2026.03.28 09:50:00,92505.28,92510.94,92498.56,92508.72,300,63,0
2026.03.28 09:45:00,92514.28,92514.28,92505.31,92505.31,300,63,0
2026.03.28 09:40:00,92523.28,92523.28,92514.31,92514.31,300,63,0
2026.03.28 09:35:00,92532.28,92532.28,92523.31,92523.31,300,63,0
2026.03.28 09:30:00,92541.28,92541.28,92532.31,92532.31,300,63,0
2026.03.28 09:25:00,92531.62,92545.54,92526.91,92541.31,300,63,0
2026.03.28 09:20:00,92540.62,92540.62,92531.65,92531.65,300,63,0
2026.03.28 09:15:00,92524.09,92547.94,92522.44,92540.65,300,63,0
2026.03.28 09:10:00,92484.07,92524.63,92481.52,92524.12,300,63,0
2026.03.28 09:05:00,92468.78,92486.38,92462.12,92484.10,300,63,0
2026.03.28 09:00:00,92477.78,92477.78,92468.81,92468.81,300,63,0
2026.03.28 08:55:00,92486.78,92486.78,92477.81,92477.81,300,63,0
2026.03.28 08:50:00,92495.78,92495.78,92486.81,92486.81,300,63,0
2026.03.28 08:45:00,92504.78,92504.78,92495.81,92495.81,300,63,0
2026.03.28 08:40:00,92513.78,92513.78,92504.81,92504.81,300,63,0
2026.03.28 08:35:00,92522.78,92522.78,92513.81,92513.81,300,63,0
2026.03.28 08:30:00,92500.00,92526.41,92494.66,92522.81,300,63,0
2026.03.28 08:25:00,92433.78,92501.41,92431.80,92500.03,300,63,0
2026.03.28 08:20:00,92429.18,92437.65,92424.08,92433.81,300,63,0
2026.03.28 08:15:00,92438.18,92438.18,92429.21,92429.21,300,63,0
2026.03.28 08:10:00,92447.18,92447.18,92438.21,92438.21,300,63,0
2026.03.28 08:05:00,92434.59,92452.43,92430.87,92447.21,300,63,0
2026.03.28 08:00:00,92443.59,92443.59,92434.62,92434.62,300,63,0
2026.03.28 07:55:00,92452.59,92452.59,92443.62,92443.62,300,63,0
2026.03.28 07:50:00,92461.59,92461.59,92452.62,92452.62,300,63,0
2026.03.28 07:45:00,92470.59,92470.59,92461.62,92461.62,300,63,0
2026.03.28 07:40:00,92479.59,92479.59,92470.62,92470.62,300,63,0
2026.03.28 07:35:00,92488.59,92488.59,92479.62,92479.62,300,63,0
2026.03.28 07:30:00,92497.59,92497.59,92488.62,92488.62,300,63,0
2026.03.28 07:25:00,92492.37,92504.19,92490.00,92497.62,300,63,0
2026.03.28 07:20:00,92501.37,92501.37,92492.40,92492.40,300,63,0
2026.03.28 07:15:00,92510.37,92510.37,92501.40,92501.40,300,63,0
2026.03.28 07:10:00,92519.37,92519.37,92510.40,92510.40,300,63,0
2026.03.28 07:05:00,92528.37,92528.37,92519.40,92519.40,300,63,0
2026.03.28 07:00:00,92537.37,92537.37,92528.40,92528.40,300,63,0
2026.03.28 06:55:00,92533.93,92540.25,92527.84,92537.40,300,63,0
2026.03.28 06:50:00,92542.93,92542.93,92533.96,92533.96,300,63,0
2026.03.28 06:45:00,92551.93,92551.93,92542.96,92542.96,300,63,0
2026.03.28 06:40:00,92560.93,92560.93,92551.96,92551.96,300,63,0
2026.03.28 06:35:00,92569.93,92569.93,92560.96,92560.96,300,63,0
2026.03.28 06:30:00,92507.87,92570.86,92507.09,92569.96,300,63,0
2026.03.28 06:25:00,92516.87,92516.87,92507.90,92507.90,300,63,0
2026.03.28 06:20:00,92525.87,92525.87,92516.90,92516.90,300,63,0
2026.03.28 06:15:00,92534.87,92534.87,92525.90,92525.90,300,63,0
2026.03.28 06:10:00,92543.87,92543.87,92534.90,92534.90,300,63,0
2026.03.28 06:05:00,92552.87,92552.87,92543.90,92543.90,300,63,0
2026.03.28 06:00:00,92561.87,92561.87,92552.90,92552.90,300,63,0
2026.03.28 05:55:00,92545.27,92567.15,92541.58,92561.90,300,63,0
2026.03.28 05:50:00,92508.37,92550.34,92505.01,92545.30,300,63,0
2026.03.28 05:45:00,92517.37,92517.37,92508.40,92508.40,300,63,0
2026.03.28 05:40:00,92526.37,92526.37,92517.40,92517.40,300,63,0
2026.03.28 05:35:00,92535.37,92535.37,92526.40,92526.40,300,63,0
2026.03.28 05:30:00,92544.37,92544.37,92535.40,92535.40,300,63,0
2026.03.28 05:25:00,92553.37,92553.37,92544.40,92544.40,300,63,0
2026.03.28 05:20:00,92562.37,92562.37,92553.40,92553.40,300,63,0
2026.03.28 05:15:00,92571.37,92571.37,92562.40,92562.40,300,63,0
2026.03.28 05:10:00,92580.37,92580.37,92571.40,92571.40,300,63,0
2026.03.28 05:05:00,92589.37,92589.37,92580.40,92580.40,300,63,0
2026.03.28 05:00:00,92598.37,92598.37,92589.40,92589.40,300,63,0
2026.03.28 04:55:00,92607.37,92607.37,92598.40,92598.40,300,63,0
2026.03.28 04:50:00,92616.37,92616.37,92607.40,92607.40,300,63,0
2026.03.28 04:45:00,92625.37,92625.37,92616.40,92616.40,300,63,0
2026.03.28 04:40:00,92634.37,92634.37,92625.40,92625.40,300,63,0
2026.03.28 04:35:00,92615.33,92638.24,92610.23,92634.40,300,63,0
2026.03.28 04:30:00,92624.33,92624.33,92615.36,92615.36,300,63,0
2026.03.28 04:25:00,92606.33,92628.11,92601.14,92624.36,300,63,0
2026.03.28 04:20:00,92551.58,92607.56,92549.15,92606.36,300,63,0
2026.03.28 04:15:00,92560.58,92560.58,92551.61,92551.61,300,63,0
2026.03.28 04:10:00,92569.58,92569.58,92560.61,92560.61,300,63,0
2026.03.28 04:05:00,92578.58,92578.58,92569.61,92569.61,300,63,0
2026.03.28 04:00:00,92587.58,92587.58,92578.61,92578.61,300,63,0
2026.03.28 03:55:00,92596.58,92596.58,92587.61,92587.61,300,63,0
2026.03.28 03:50:00,92605.58,92605.58,92596.61,92596.61,300,63,0
2026.03.28 03:45:00,92553.54,92610.26,92553.12,92605.61,300,63,0
2026.03.28 03:40:00,92548.73,92554.59,92540.81,92553.57,300,63,0
2026.03.28 03:35:00,92527.20,92550.56,92520.06,92548.76,300,63,0
2026.03.28 03:30:00,92536.20,92536.20,92527.23,92527.23,300,63,0
2026.03.28 03:25:00,92545.20,92545.20,92536.23,92536.23,300,63,0
2026.03.28 03:20:00,92554.20,92554.20,92545.23,92545.23,300,63,0
2026.03.28 03:15:00,92563.20,92563.20,92554.23,92554.23,300,63,0
2026.03.28 03:10:00,92535.72,92563.62,92527.41,92563.23,300,63,0
2026.03.28 03:05:00,92544.72,92544.72,92535.75,92535.75,300,63,0
2026.03.28 03:00:00,92553.72,92553.72,92544.75,92544.75,300,63,0
2026.03.28 02:55:00,92562.72,92562.72,92553.75,92553.75,300,63,0
2026.03.28 02:50:00,92571.72,92571.72,92562.75,92562.75,300,63,0
2026.03.28 02:45:00,92580.72,92580.72,92571.75,92571.75,300,63,0
2026.03.28 02:40:00,92589.72,92589.72,92580.75,92580.75,300,63,0
2026.03.28 02:35:00,92598.72,92598.72,92589.75,92589.75,300,63,0
2026.03.28 02:30:00,92607.72,92607.72,92598.75,92598.75,300,63,0
2026.03.28 02:25:00,92599.30,92616.09,92598.70,92607.75,300,63,0
2026.03.28 02:20:00,92608.30,92608.30,92599.33,92599.33,300,63,0
2026.03.28 02:15:00,92617.30,92617.30,92608.33,92608.33,300,63,0
2026.03.28 02:10:00,92605.93,92617.75,92597.41,92617.33,300,63,0
2026.03.28 02:05:00,92614.93,92614.93,92605.96,92605.96,300,63,0
2026.03.28 02:00:00,92623.93,92623.93,92614.96,92614.96,300,63,0
2026.03.28 01:55:00,92632.93,92632.93,92623.96,92623.96,300,63,0
2026.03.28 01:50:00,92628.00,92634.52,92620.62,92632.96,300,63,0
2026.03.28 01:45:00,92603.88,92633.43,92600.34,92628.03,300,63,0
2026.03.28 01:40:00,92612.88,92612.88,92603.91,92603.91,300,63,0
2026.03.28 01:35:00,92597.34,92616.78,92592.27,92612.91,300,63,0
2026.03.28 01:30:00,92606.34,92606.34,92597.37,92597.37,300,63,0
2026.03.28 01:25:00,92615.34,92615.34,92606.37,92606.37,300,63,0
2026.03.28 01:20:00,92596.81,92620.53,92593.03,92615.37,300,63,0
2026.03.28 01:15:00,92605.81,92605.81,92596.84,92596.84,300,63,0
2026.03.28 01:10:00,92614.81,92614.81,92605.84,92605.84,300,63,0
2026.03.28 01:05:00,92592.52,92618.02,92586.76,92614.84,300,63,0
2026.03.28 01:00:00,92601.52,92601.52,92592.55,92592.55,300,63,0
2026.03.28 00:55:00,92610.52,92610.52,92601.55,92601.55,300,63,0
2026.03.28 00:50:00,92578.26,92617.87,92576.61,92610.55,301,63,0
2026.03.28 00:45:00,92587.23,92587.23,92578.29,92578.29,299,63,0
2026.03.28 00:40:00,92596.26,92596.26,92587.26,92587.26,301,63,0
2026.03.28 00:35:00,92605.23,92605.23,92596.29,92596.29,299,63,0
2026.03.28 00:30:00,92599.07,92605.53,92590.37,92605.26,301,63,0
2026.03.28 00:25:00,92608.04,92608.04,92599.10,92599.10,299,63,0
2026.03.28 00:20:00,92617.07,92617.07,92608.07,92608.07,301,63,0
2026.03.28 00:15:00,92626.04,92626.04,92617.10,92617.10,299,63,0
2026.03.28 00:10:00,92618.34,92632.97,92616.27,92626.07,301,63,0
2026.03.28 00:05:00,92627.31,92627.31,92618.37,92618.37,299,63,0
2026.03.28 00:00:00,92584.26,92629.29,92577.30,92627.34,301,63,0
2026.03.27 23:55:00,92593.23,92593.23,92584.29,92584.29,299,63,0
2026.03.27 23:50:00,92537.73,92596.74,92536.05,92593.26,301,63,0
2026.03.27 23:45:00,92516.08,92546.25,92515.63,92537.76,300,63,0
2026.03.27 23:40:00,92525.08,92525.08,92516.11,92516.11,300,63,0
2026.03.27 23:35:00,92515.84,92528.20,92509.99,92525.11,300,63,0
2026.03.27 23:30:00,92524.84,92524.84,92515.87,92515.87,300,63,0
2026.03.27 23:25:00,92533.84,92533.84,92524.87,92524.87,300,63,0
2026.03.27 23:20:00,92530.59,92536.57,92524.35,92533.87,300,63,0
2026.03.27 23:15:00,92514.24,92538.33,92513.01,92530.62,300,63,0
2026.03.27 23:10:00,92508.31,92517.69,92502.79,92514.27,300,63,0
2026.03.27 23:05:00,92493.27,92515.45,92491.44,92508.34,300,63,0
2026.03.27 23:00:00,92502.27,92502.27,92493.30,92493.30,300,63,0
2026.03.27 22:55:00,92498.58,92508.39,92495.73,92502.30,300,63,0
2026.03.27 22:50:00,92507.58,92507.58,92498.61,92498.61,300,63,0
2026.03.27 22:45:00,92516.58,92516.58,92507.61,92507.61,300,63,0
2026.03.27 22:40:00,92525.58,92525.58,92516.61,92516.61,300,63,0
2026.03.27 22:35:00,92534.58,92534.58,92525.61,92525.61,300,63,0
2026.03.27 22:30:00,92543.58,92543.58,92534.61,92534.61,300,63,0
2026.03.27 22:25:00,92487.25,92545.32,92480.47,92543.61,300,63,0
2026.03.27 22:20:00,92478.15,92487.49,92469.42,92487.28,300,63,0
2026.03.27 22:15:00,92460.44,92486.28,92459.60,92478.18,300,63,0
2026.03.27 22:10:00,92447.88,92467.94,92446.41,92460.47,300,63,0
2026.03.27 22:05:00,92456.88,92456.88,92447.91,92447.91,300,63,0
2026.03.27 22:00:00,92453.10,92461.74,92448.99,92456.91,300,63,0
2026.03.27 21:55:00,92462.10,92462.10,92453.13,92453.13,300,63,0
2026.03.27 21:50:00,92471.10,92471.10,92462.13,92462.13,300,63,0
2026.03.27 21:45:00,92445.30,92477.01,92442.24,92471.13,300,63,0
2026.03.27 21:40:00,92425.81,92448.90,92420.44,92445.33,300,63,0
2026.03.27 21:35:00,92434.81,92434.81,92425.84,92425.84,300,63,0
2026.03.27 21:30:00,92443.81,92443.81,92434.84,92434.84,300,63,0
2026.03.27 21:25:00,92452.81,92452.81,92443.84,92443.84,300,63,0
2026.03.27 21:20:00,92429.74,92458.36,92426.32,92452.84,300,63,0
2026.03.27 21:15:00,92438.74,92438.74,92429.77,92429.77,300,63,0
2026.03.27 21:10:00,92447.74,92447.74,92438.77,92438.77,300,63,0
2026.03.27 21:05:00,92456.74,92456.74,92447.77,92447.77,300,63,0
2026.03.27 21:00:00,92451.98,92462.56,92448.83,92456.77,300,63,0
2026.03.27 20:55:00,92443.03,92453.63,92435.71,92452.01,300,63,0
2026.03.27 20:50:00,92452.03,92452.03,92443.06,92443.06,300,63,0
2026.03.27 20:45:00,92461.03,92461.03,92452.06,92452.06,300,63,0
2026.03.27 20:40:00,92470.03,92470.03,92461.06,92461.06,300,63,0
2026.03.27 20:35:00,92479.03,92479.03,92470.06,92470.06,300,63,0
2026.03.27 20:30:00,92488.03,92488.03,92479.06,92479.06,300,63,0
2026.03.27 20:25:00,92497.03,92497.03,92488.06,92488.06,300,63,0
2026.03.27 20:20:00,92506.03,92506.03,92497.06,92497.06,300,63,0
2026.03.27 20:15:00,92515.03,92515.03,92506.06,92506.06,300,63,0
2026.03.27 20:10:00,92524.03,92524.03,92515.06,92515.06,300,63,0
2026.03.27 20:05:00,92533.03,92533.03,92524.06,92524.06,300,63,0
2026.03.27 20:00:00,92519.46,92540.20,92517.66,92533.06,300,63,0
2026.03.27 19:55:00,92528.46,92528.46,92519.49,92519.49,300,63,0
2026.03.27 19:50:00,92514.35,92535.24,92512.16,92528.49,300,63,0
2026.03.27 19:45:00,92523.35,92523.35,92514.38,92514.38,300,63,0
2026.03.27 19:40:00,92532.35,92532.35,92523.38,92523.38,300,63,0
2026.03.27 19:35:00,92541.35,92541.35,92532.38,92532.38,300,63,0
2026.03.27 19:30:00,92527.40,92544.80,92521.88,92541.38,300,63,0
2026.03.27 19:25:00,92536.40,92536.40,92527.43,92527.43,300,63,0
2026.03.27 19:20:00,92545.40,92545.40,92536.43,92536.43,300,63,0
2026.03.27 19:15:00,92554.40,92554.40,92545.43,92545.43,300,63,0
2026.03.27 19:10:00,92540.20,92559.59,92536.42,92554.43,300,63,0
2026.03.27 19:05:00,92549.20,92549.20,92540.23,92540.23,300,63,0
2026.03.27 19:00:00,92519.64,92549.32,92510.79,92549.23,300,63,0
2026.03.27 18:55:00,92528.64,92528.64,92519.67,92519.67,300,63,0
2026.03.27 18:50:00,92537.64,92537.64,92528.67,92528.67,300,63,0
2026.03.27 18:45:00,92546.64,92546.64,92537.67,92537.67,300,63,0
2026.03.27 18:40:00,92555.64,92555.64,92546.67,92546.67,300,63,0
2026.03.27 18:35:00,92544.09,92561.94,92541.42,92555.67,300,63,0
2026.03.27 18:30:00,92553.09,92553.09,92544.12,92544.12,300,63,0
2026.03.27 18:25:00,92562.09,92562.09,92553.12,92553.12,300,63,0
2026.03.27 18:20:00,92571.09,92571.09,92562.12,92562.12,300,63,0
2026.03.27 18:15:00,92580.09,92580.09,92571.12,92571.12,300,63,0
2026.03.27 18:10:00,92560.03,92580.54,92551.51,92580.12,300,63,0
2026.03.27 18:05:00,92569.03,92569.03,92560.06,92560.06,300,63,0
2026.03.27 18:00:00,92556.23,92573.17,92551.40,92569.06,300,63,0
2026.03.27 17:55:00,92537.29,92558.00,92530.09,92556.26,300,63,0
2026.03.27 17:50:00,92546.29,92546.29,92537.32,92537.32,300,63,0
2026.03.27 17:45:00,92540.95,92555.14,92540.83,92546.32,300,63,0
2026.03.27 17:40:00,92529.08,92543.14,92522.30,92540.98,300,63,0
2026.03.27 17:35:00,92538.08,92538.08,92529.11,92529.11,300,63,0
2026.03.27 17:30:00,92547.08,92547.08,92538.11,92538.11,300,63,0
2026.03.27 17:25:00,92556.08,92556.08,92547.11,92547.11,300,63,0
2026.03.27 17:20:00,92565.08,92565.08,92556.11,92556.11,300,63,0
2026.03.27 17:15:00,92574.08,92574.08,92565.11,92565.11,300,63,0
2026.03.27 17:10:00,92583.08,92583.08,92574.11,92574.11,300,63,0
2026.03.27 17:05:00,92592.08,92592.08,92583.11,92583.11,300,63,0
2026.03.27 17:00:00,92601.08,92601.08,92592.11,92592.11,300,63,0
2026.03.27 16:55:00,92590.49,92604.80,92585.24,92601.11,300,63,0
2026.03.27 16:50:00,92599.49,92599.49,92590.52,92590.52,300,63,0
2026.03.27 16:45:00,92608.49,92608.49,92599.52,92599.52,300,63,0
2026.03.27 16:40:00,92617.49,92617.49,92608.52,92608.52,300,63,0
2026.03.27 16:35:00,92626.49,92626.49,92617.52,92617.52,300,63,0
2026.03.27 16:30:00,92635.49,92635.49,92626.52,92626.52,300,63,0
2026.03.27 16:25:00,92644.49,92644.49,92635.52,92635.52,300,63,0
2026.03.27 16:20:00,92653.49,92653.49,92644.52,92644.52,300,63,0
2026.03.27 16:15:00,92604.71,92655.44,92603.93,92653.52,300,63,0
2026.03.27 16:10:00,92587.88,92608.22,92582.42,92604.74,300,63,0
2026.03.27 16:05:00,92596.88,92596.88,92587.91,92587.91,300,63,0
2026.03.27 16:00:00,92605.88,92605.88,92596.91,92596.91,300,63,0
2026.03.27 15:55:00,92614.88,92614.88,92605.91,92605.91,300,63,0
2026.03.27 15:50:00,92623.88,92623.88,92614.91,92614.91,300,63,0
2026.03.27 15:45:00,92632.88,92632.88,92623.91,92623.91,300,63,0
2026.03.27 15:40:00,92641.88,92641.88,92632.91,92632.91,300,63,0
2026.03.27 15:35:00,92650.88,92650.88,92641.91,92641.91,300,63,0
2026.03.27 15:30:00,92659.88,92659.88,92650.91,92650.91,300,63,0
2026.03.27 15:25:00,92668.88,92668.88,92659.91,92659.91,300,63,0
2026.03.27 15:20:00,92663.23,92671.82,92657.20,92668.91,300,63,0
2026.03.27 15:15:00,92672.23,92672.23,92663.26,92663.26,300,63,0
2026.03.27 15:10:00,92681.23,92681.23,92672.26,92672.26,300,63,0
2026.03.27 15:05:00,92690.23,92690.23,92681.26,92681.26,300,63,0
2026.03.27 15:00:00,92699.23,92699.23,92690.26,92690.26,300,63,0
2026.03.27 14:55:00,92708.23,92708.23,92699.26,92699.26,300,63,0
2026.03.27 14:50:00,92680.78,92712.34,92676.04,92708.26,300,63,0
2026.03.27 14:45:00,92689.78,92689.78,92680.81,92680.81,300,63,0
2026.03.27 14:40:00,92677.59,92691.55,92670.39,92689.81,300,63,0
2026.03.27 14:35:00,92648.53,92685.81,92647.78,92677.62,300,63,0
2026.03.27 14:30:00,92657.53,92657.53,92648.56,92648.56,300,63,0
2026.03.27 14:25:00,92617.48,92660.44,92614.36,92657.56,300,63,0
2026.03.27 14:20:00,92626.48,92626.48,92617.51,92617.51,300,63,0
2026.03.27 14:15:00,92635.48,92635.48,92626.51,92626.51,300,63,0
2026.03.27 14:10:00,92619.70,92644.00,92619.25,92635.51,300,63,0
2026.03.27 14:05:00,92599.12,92623.03,92598.76,92619.73,300,63,0
2026.03.27 14:00:00,92608.12,92608.12,92599.15,92599.15,300,63,0
2026.03.27 13:55:00,92617.12,92617.12,92608.15,92608.15,300,63,0
2026.03.27 13:50:00,92626.12,92626.12,92617.15,92617.15,300,63,0
2026.03.27 13:45:00,92635.12,92635.12,92626.15,92626.15,300,63,0
2026.03.27 13:40:00,92569.80,92636.80,92566.47,92635.15,300,63,0
2026.03.27 13:35:00,92545.41,92571.99,92538.63,92569.83,300,63,0
2026.03.27 13:30:00,92534.06,92547.63,92527.31,92545.44,300,63,0
2026.03.27 13:25:00,92543.06,92543.06,92534.09,92534.09,300,63,0
2026.03.27 13:20:00,92552.06,92552.06,92543.09,92543.09,300,63,0
2026.03.27 13:15:00,92561.06,92561.06,92552.09,92552.09,300,63,0
2026.03.27 13:10:00,92570.06,92570.06,92561.09,92561.09,300,63,0
2026.03.27 13:05:00,92579.06,92579.06,92570.09,92570.09,300,63,0
2026.03.27 13:00:00,92562.56,92584.31,92558.84,92579.09,300,63,0
2026.03.27 12:55:00,92571.56,92571.56,92562.59,92562.59,300,63,0
2026.03.27 12:50:00,92580.56,92580.56,92571.59,92571.59,300,63,0
2026.03.27 12:45:00,92551.69,92581.52,92547.07,92580.59,300,63,0
2026.03.27 12:40:00,92547.07,92554.75,92541.16,92551.72,300,63,0
2026.03.27 12:35:00,92556.07,92556.07,92547.10,92547.10,300,63,0
2026.03.27 12:30:00,92565.07,92565.07,92556.10,92556.10,300,63,0
2026.03.27 12:25:00,92574.07,92574.07,92565.10,92565.10,300,63,0
2026.03.27 12:20:00,92583.07,92583.07,92574.10,92574.10,300,63,0
2026.03.27 12:15:00,92592.07,92592.07,92583.10,92583.10,300,63,0
2026.03.27 12:10:00,92601.07,92601.07,92592.10,92592.10,300,63,0
2026.03.27 12:05:00,92610.07,92610.07,92601.10,92601.10,300,63,0
2026.03.27 12:00:00,92619.07,92619.07,92610.10,92610.10,300,63,0
2026.03.27 11:55:00,92613.58,92627.29,92612.83,92619.10,300,63,0
2026.03.27 11:50:00,92622.58,92622.58,92613.61,92613.61,300,63,0
2026.03.27 11:45:00,92631.58,92631.58,92622.61,92622.61,300,63,0
2026.03.27 11:40:00,92640.58,92640.58,92631.61,92631.61,300,63,0
2026.03.27 11:35:00,92649.58,92649.58,92640.61,92640.61,300,63,0
2026.03.27 11:30:00,92641.53,92656.21,92639.19,92649.61,300,63,0
2026.03.27 11:25:00,92625.47,92648.73,92623.70,92641.56,300,63,0
2026.03.27 11:20:00,92634.47,92634.47,92625.50,92625.50,300,63,0
2026.03.27 11:15:00,92643.47,92643.47,92634.50,92634.50,300,63,0
2026.03.27 11:10:00,92621.79,92646.08,92615.43,92643.50,300,63,0
2026.03.27 11:05:00,92630.79,92630.79,92621.82,92621.82,300,63,0
2026.03.27 11:00:00,92639.79,92639.79,92630.82,92630.82,300,63,0
2026.03.27 10:55:00,92648.79,92648.79,92639.82,92639.82,300,63,0
2026.03.27 10:50:00,92657.79,92657.79,92648.82,92648.82,300,63,0
2026.03.27 10:45:00,92666.79,92666.79,92657.82,92657.82,300,63,0
2026.03.27 10:40:00,92652.91,92675.43,92652.58,92666.82,300,63,0
2026.03.27 10:35:00,92626.56,92659.30,92623.98,92652.94,300,63,0
2026.03.27 10:30:00,92635.56,92635.56,92626.59,92626.59,300,63,0
2026.03.27 10:25:00,92644.56,92644.56,92635.59,92635.59,300,63,0
2026.03.27 10:20:00,92653.56,92653.56,92644.59,92644.59,300,63,0
2026.03.27 10:15:00,92632.09,92658.21,92627.77,92653.59,300,63,0
2026.03.27 10:10:00,92641.09,92641.09,92632.12,92632.12,300,63,0
2026.03.27 10:05:00,92650.09,92650.09,92641.12,92641.12,300,63,0
2026.03.27 10:00:00,92659.09,92659.09,92650.12,92650.12,300,63,0
2026.03.27 09:55:00,92668.09,92668.09,92659.12,92659.12,300,63,0
2026.03.27 09:50:00,92677.09,92677.09,92668.12,92668.12,300,63,0
2026.03.27 09:45:00,92686.09,92686.09,92677.12,92677.12,300,63,0
2026.03.27 09:40:00,92695.09,92695.09,92686.12,92686.12,300,63,0
2026.03.27 09:35:00,92652.08,92695.84,92650.19,92695.12,300,63,0
2026.03.27 09:30:00,92661.08,92661.08,92652.11,92652.11,300,63,0
2026.03.27 09:25:00,92633.22,92665.13,92628.30,92661.11,300,63,0
2026.03.27 09:20:00,92642.22,92642.22,92633.25,92633.25,300,63,0
2026.03.27 09:15:00,92651.22,92651.22,92642.25,92642.25,300,63,0
2026.03.27 09:10:00,92660.22,92660.22,92651.25,92651.25,300,63,0
2026.03.27 09:05:00,92669.22,92669.22,92660.25,92660.25,300,63,0
2026.03.27 09:00:00,92632.39,92674.32,92631.73,92669.25,300,63,0
2026.03.27 08:55:00,92641.39,92641.39,92632.42,92632.42,300,63,0
2026.03.27 08:50:00,92650.39,92650.39,92641.42,92641.42,300,63,0
2026.03.27 08:45:00,92659.39,92659.39,92650.42,92650.42,300,63,0
2026.03.27 08:40:00,92668.39,92668.39,92659.42,92659.42,300,63,0
2026.03.27 08:35:00,92677.39,92677.39,92668.42,92668.42,300,63,0
2026.03.27 08:30:00,92656.00,92682.85,92652.49,92677.42,300,63,0
2026.03.27 08:25:00,92665.00,92665.00,92656.03,92656.03,300,63,0
2026.03.27 08:20:00,92652.22,92665.09,92643.34,92665.03,300,63,0
2026.03.27 08:15:00,92661.22,92661.22,92652.25,92652.25,300,63,0
2026.03.27 08:10:00,92646.90,92665.12,92641.83,92661.25,300,63,0
2026.03.27 08:05:00,92655.90,92655.90,92646.93,92646.93,300,63,0
2026.03.27 08:00:00,92664.90,92664.90,92655.93,92655.93,300,63,0
2026.03.27 07:55:00,92652.42,92666.01,92644.56,92664.93,300,63,0
2026.03.27 07:50:00,92661.42,92661.42,92652.45,92652.45,300,63,0
2026.03.27 07:45:00,92670.42,92670.42,92661.45,92661.45,300,63,0
2026.03.27 07:40:00,92679.42,92679.42,92670.45,92670.45,300,63,0
2026.03.27 07:35:00,92688.42,92688.42,92679.45,92679.45,300,63,0
2026.03.27 07:30:00,92697.42,92697.42,92688.45,92688.45,300,63,0
2026.03.27 07:25:00,92706.42,92706.42,92697.45,92697.45,300,63,0
2026.03.27 07:20:00,92715.42,92715.42,92706.45,92706.45,300,63,0
2026.03.27 07:15:00,92724.42,92724.42,92715.45,92715.45,300,63,0
2026.03.27 07:10:00,92733.42,92733.42,92724.45,92724.45,300,63,0
2026.03.27 07:05:00,92724.64,92737.59,92719.84,92733.45,300,63,0
2026.03.27 07:00:00,92713.28,92724.76,92704.43,92724.67,300,63,0
2026.03.27 06:55:00,92722.28,92722.28,92713.31,92713.31,300,63,0
2026.03.27 06:50:00,92731.28,92731.28,92722.31,92722.31,300,63,0
2026.03.27 06:45:00,92718.58,92734.04,92712.37,92731.31,300,63,0
2026.03.27 06:40:00,92727.58,92727.58,92718.61,92718.61,300,63,0
2026.03.27 06:35:00,92736.58,92736.58,92727.61,92727.61,300,63,0
2026.03.27 06:30:00,92745.58,92745.58,92736.61,92736.61,300,63,0
2026.03.27 06:25:00,92733.69,92753.98,92733.12,92745.61,300,63,0
2026.03.27 06:20:00,92742.69,92742.69,92733.72,92733.72,300,63,0
2026.03.27 06:15:00,92751.69,92751.69,92742.72,92742.72,300,63,0
2026.03.27 06:10:00,92760.69,92760.69,92751.72,92751.72,300,63,0
2026.03.27 06:05:00,92769.69,92769.69,92760.72,92760.72,300,63,0
2026.03.27 06:00:00,92778.69,92778.69,92769.72,92769.72,300,63,0
2026.03.27 05:55:00,92787.69,92787.69,92778.72,92778.72,300,63,0
2026.03.27 05:50:00,92762.35,92790.18,92755.87,92787.72,300,63,0
2026.03.27 05:45:00,92771.35,92771.35,92762.38,92762.38,300,63,0
2026.03.27 05:40:00,92780.35,92780.35,92771.38,92771.38,300,63,0
2026.03.27 05:35:00,92789.35,92789.35,92780.38,92780.38,300,63,0
2026.03.27 05:30:00,92773.25,92793.85,92768.78,92789.38,300,63,0
2026.03.27 05:25:00,92782.25,92782.25,92773.28,92773.28,300,63,0
2026.03.27 05:20:00,92773.10,92791.22,92773.10,92782.28,300,63,0
2026.03.27 05:15:00,92782.10,92782.10,92773.13,92773.13,300,63,0
2026.03.27 05:10:00,92791.10,92791.10,92782.13,92782.13,300,63,0
2026.03.27 05:05:00,92800.10,92800.10,92791.13,92791.13,300,63,0
2026.03.27 05:00:00,92809.10,92809.10,92800.13,92800.13,300,63,0
2026.03.27 04:55:00,92818.10,92818.10,92809.13,92809.13,300,63,0
2026.03.27 04:50:00,92827.10,92827.10,92818.13,92818.13,300,63,0
2026.03.27 04:45:00,92836.10,92836.10,92827.13,92827.13,300,63,0
2026.03.27 04:40:00,92845.10,92845.10,92836.13,92836.13,300,63,0
2026.03.27 04:35:00,92854.10,92854.10,92845.13,92845.13,300,63,0
2026.03.27 04:30:00,92836.30,92858.93,92832.16,92854.13,300,63,0
2026.03.27 04:25:00,92845.30,92845.30,92836.33,92836.33,300,63,0
2026.03.27 04:20:00,92854.30,92854.30,92845.33,92845.33,300,63,0
2026.03.27 04:15:00,92863.30,92863.30,92854.33,92854.33,300,63,0
2026.03.27 04:10:00,92872.30,92872.30,92863.33,92863.33,300,63,0
2026.03.27 04:05:00,92881.30,92881.30,92872.33,92872.33,300,63,0
2026.03.27 04:00:00,92890.30,92890.30,92881.33,92881.33,300,63,0
2026.03.27 03:55:00,92899.30,92899.30,92890.33,92890.33,300,63,0
2026.03.27 03:50:00,92888.55,92904.73,92885.01,92899.33,300,63,0
2026.03.27 03:45:00,92897.55,92897.55,92888.58,92888.58,300,63,0
2026.03.27 03:40:00,92906.55,92906.55,92897.58,92897.58,300,63,0
2026.03.27 03:35:00,92915.55,92915.55,92906.58,92906.58,300,63,0
2026.03.27 03:30:00,92924.55,92924.55,92915.58,92915.58,300,63,0
2026.03.27 03:25:00,92933.55,92933.55,92924.58,92924.58,300,63,0
2026.03.27 03:20:00,92942.55,92942.55,92933.58,92933.58,300,63,0
2026.03.27 03:15:00,92928.48,92947.17,92924.13,92942.58,300,63,0
2026.03.27 03:10:00,92937.48,92937.48,92928.51,92928.51,300,63,0
2026.03.27 03:05:00,92930.94,92938.05,92922.54,92937.51,300,63,0
2026.03.27 03:00:00,92905.34,92939.58,92905.01,92930.97,300,63,0
2026.03.27 02:55:00,92898.94,92905.94,92890.57,92905.37,300,63,0
2026.03.27 02:50:00,92907.94,92907.94,92898.97,92898.97,300,63,0
2026.03.27 02:45:00,92916.94,92916.94,92907.97,92907.97,300,63,0
2026.03.27 02:40:00,92891.67,92917.51,92891.07,92916.97,300,63,0
2026.03.27 02:35:00,92900.67,92900.67,92891.70,92891.70,300,63,0
2026.03.27 02:30:00,92909.67,92909.67,92900.70,92900.70,300,63,0
2026.03.27 02:25:00,92918.67,92918.67,92909.70,92909.70,300,63,0
2026.03.27 02:20:00,92927.67,92927.67,92918.70,92918.70,300,63,0
2026.03.27 02:15:00,92922.88,92928.90,92915.14,92927.70,300,63,0
2026.03.27 02:10:00,92902.62,92928.82,92899.59,92922.91,300,63,0
2026.03.27 02:05:00,92911.62,92911.62,92902.65,92902.65,300,63,0
2026.03.27 02:00:00,92920.62,92920.62,92911.65,92911.65,300,63,0
2026.03.27 01:55:00,92929.62,92929.62,92920.65,92920.65,300,63,0
2026.03.27 01:50:00,92909.68,92936.79,92907.88,92929.65,300,63,0
2026.03.27 01:45:00,92890.45,92910.58,92882.38,92909.71,300,63,0
2026.03.27 01:40:00,92899.45,92899.45,92890.48,92890.48,300,63,0
2026.03.27 01:35:00,92814.73,92903.44,92813.14,92899.48,300,63,0
2026.03.27 01:30:00,92823.73,92823.73,92814.76,92814.76,300,63,0
2026.03.27 01:25:00,92832.73,92832.73,92823.76,92823.76,300,63,0
2026.03.27 01:20:00,92841.73,92841.73,92832.76,92832.76,300,63,0
2026.03.27 01:15:00,92829.18,92842.15,92820.63,92841.76,300,63,0
2026.03.27 01:10:00,92838.18,92838.18,92829.21,92829.21,300,63,0
2026.03.27 01:05:00,92847.18,92847.18,92838.21,92838.21,300,63,0
2026.03.27 01:00:00,92795.96,92850.69,92795.21,92847.21,300,63,0
2026.03.27 00:55:00,92777.61,92801.72,92774.40,92795.99,300,63,0
2026.03.27 00:50:00,92758.94,92782.38,92754.74,92777.64,300,63,0
2026.03.27 00:45:00,92767.94,92767.94,92758.97,92758.97,300,63,0
2026.03.27 00:40:00,92776.94,92776.94,92767.97,92767.97,300,63,0
2026.03.27 00:35:00,92768.47,92784.92,92767.48,92776.97,300,63,0
2026.03.27 00:30:00,92777.47,92777.47,92768.50,92768.50,300,63,0
2026.03.27 00:25:00,92786.47,92786.47,92777.50,92777.50,300,63,0
2026.03.27 00:20:00,92795.47,92795.47,92786.50,92786.50,300,63,0
2026.03.27 00:15:00,92804.47,92804.47,92795.50,92795.50,300,63,0
2026.03.27 00:10:00,92813.47,92813.47,92804.50,92804.50,300,63,0
2026.03.27 00:05:00,92808.33,92819.14,92805.03,92813.50,300,63,0
2026.03.27 00:00:00,92817.33,92817.33,92808.36,92808.36,300,63,0
2026.03.26 23:55:00,92813.80,92821.80,92809.30,92817.36,300,63,0
2026.03.26 23:50:00,92822.80,92822.80,92813.83,92813.83,300,63,0
2026.03.26 23:45:00,92831.80,92831.80,92822.83,92822.83,300,63,0
2026.03.26 23:40:00,92840.80,92840.80,92831.83,92831.83,300,63,0
2026.03.26 23:35:00,92849.80,92849.80,92840.83,92840.83,300,63,0
2026.03.26 23:30:00,92858.80,92858.80,92849.83,92849.83,300,63,0
2026.03.26 23:25:00,92867.80,92867.80,92858.83,92858.83,300,63,0
2026.03.26 23:20:00,92850.14,92874.79,92848.16,92867.83,300,63,0
2026.03.26 23:15:00,92859.14,92859.14,92850.17,92850.17,300,63,0
2026.03.26 23:10:00,92854.33,92863.40,92849.62,92859.17,300,63,0
2026.03.26 23:05:00,92863.33,92863.33,92854.36,92854.36,300,63,0
2026.03.26 23:00:00,92872.33,92872.33,92863.36,92863.36,300,63,0
2026.03.26 22:55:00,92881.33,92881.33,92872.36,92872.36,300,63,0
2026.03.26 22:50:00,92871.30,92885.38,92866.38,92881.36,300,63,0
2026.03.26 22:45:00,92866.11,92878.41,92864.25,92871.33,300,63,0
2026.03.26 22:40:00,92875.11,92875.11,92866.14,92866.14,300,63,0
2026.03.26 22:35:00,92852.21,92876.76,92844.89,92875.14,300,63,0
2026.03.26 22:30:00,92861.21,92861.21,92852.24,92852.24,300,63,0
2026.03.26 22:25:00,92834.76,92863.82,92828.40,92861.24,300,63,0
2026.03.26 22:20:00,92826.07,92835.36,92817.70,92834.79,300,63,0
2026.03.26 22:15:00,92820.88,92834.62,92820.46,92826.10,300,63,0
2026.03.26 22:10:00,92829.88,92829.88,92820.91,92820.91,300,63,0
2026.03.26 22:05:00,92838.88,92838.88,92829.91,92829.91,300,63,0
2026.03.26 22:00:00,92847.88,92847.88,92838.91,92838.91,300,63,0
2026.03.26 21:55:00,92822.98,92850.55,92816.68,92847.91,300,63,0
2026.03.26 21:50:00,92831.98,92831.98,92823.01,92823.01,300,63,0
2026.03.26 21:45:00,92815.09,92837.65,92811.79,92832.01,300,63,0
2026.03.26 21:40:00,92824.09,92824.09,92815.12,92815.12,300,63,0
2026.03.26 21:35:00,92833.09,92833.09,92824.12,92824.12,300,63,0
2026.03.26 21:30:00,92842.09,92842.09,92833.12,92833.12,300,63,0
2026.03.26 21:25:00,92851.09,92851.09,92842.12,92842.12,300,63,0
2026.03.26 21:20:00,92860.09,92860.09,92851.12,92851.12,300,63,0
2026.03.26 21:15:00,92869.09,92869.09,92860.12,92860.12,300,63,0
2026.03.26 21:10:00,92878.09,92878.09,92869.12,92869.12,300,63,0
2026.03.26 21:05:00,92873.35,92884.42,92870.71,92878.12,300,63,0
2026.03.26 21:00:00,92849.44,92874.37,92841.49,92873.38,300,63,0
2026.03.26 20:55:00,92858.44,92858.44,92849.47,92849.47,300,63,0
2026.03.26 20:50:00,92867.44,92867.44,92858.47,92858.47,300,63,0
2026.03.26 20:45:00,92841.62,92872.06,92837.27,92867.47,300,63,0
2026.03.26 20:40:00,92850.62,92850.62,92841.65,92841.65,300,63,0
2026.03.26 20:35:00,92840.16,92853.41,92833.98,92850.65,300,63,0
2026.03.26 20:30:00,92849.16,92849.16,92840.19,92840.19,300,63,0
2026.03.26 20:25:00,92858.16,92858.16,92849.19,92849.19,300,63,0
2026.03.26 20:20:00,92830.28,92864.76,92827.91,92858.19,300,63,0
2026.03.26 20:15:00,92839.28,92839.28,92830.31,92830.31,300,63,0
2026.03.26 20:10:00,92848.28,92848.28,92839.31,92839.31,300,63,0
2026.03.26 20:05:00,92857.28,92857.28,92848.31,92848.31,300,63,0
2026.03.26 20:00:00,92866.28,92866.28,92857.31,92857.31,300,63,0
2026.03.26 19:55:00,92841.37,92869.13,92835.25,92866.31,300,63,0
2026.03.26 19:50:00,92850.37,92850.37,92841.40,92841.40,300,63,0
2026.03.26 19:45:00,92804.86,92850.55,92797.06,92850.40,300,63,0
2026.03.26 19:40:00,92813.86,92813.86,92804.89,92804.89,300,63,0
2026.03.26 19:35:00,92799.01,92822.53,92798.71,92813.89,300,63,0
2026.03.26 19:30:00,92808.01,92808.01,92799.04,92799.04,300,63,0
2026.03.26 19:25:00,92794.19,92812.45,92789.66,92808.04,300,63,0
2026.03.26 19:20:00,92784.99,92798.54,92780.37,92794.22,300,63,0
2026.03.26 19:15:00,92775.55,92791.38,92772.97,92785.02,300,63,0
2026.03.26 19:10:00,92784.55,92784.55,92775.58,92775.58,300,63,0
2026.03.26 19:05:00,92793.55,92793.55,92784.58,92784.58,300,63,0
2026.03.26 19:00:00,92802.55,92802.55,92793.58,92793.58,300,63,0
2026.03.26 18:55:00,92811.55,92811.55,92802.58,92802.58,300,63,0
2026.03.26 18:50:00,92820.55,92820.55,92811.58,92811.58,300,63,0
2026.03.26 18:45:00,92790.09,92827.96,92788.53,92820.58,300,63,0
2026.03.26 18:40:00,92799.09,92799.09,92790.12,92790.12,300,63,0
2026.03.26 18:35:00,92808.09,92808.09,92799.12,92799.12,300,63,0
2026.03.26 18:30:00,92817.09,92817.09,92808.12,92808.12,300,63,0
2026.03.26 18:25:00,92826.09,92826.09,92817.12,92817.12,300,63,0
2026.03.26 18:20:00,92835.09,92835.09,92826.12,92826.12,300,63,0
2026.03.26 18:15:00,92844.09,92844.09,92835.12,92835.12,300,63,0
2026.03.26 18:10:00,92839.09,92844.60,92830.63,92844.12,300,63,0
2026.03.26 18:05:00,92848.09,92848.09,92839.12,92839.12,300,63,0
2026.03.26 18:00:00,92857.09,92857.09,92848.12,92848.12,300,63,0
2026.03.26 17:55:00,92866.09,92866.09,92857.12,92857.12,300,63,0
2026.03.26 17:50:00,92875.09,92875.09,92866.12,92866.12,300,63,0
2026.03.26 17:45:00,92884.09,92884.09,92875.12,92875.12,300,63,0
2026.03.26 17:40:00,92875.31,92891.17,92873.42,92884.12,300,63,0
2026.03.26 17:35:00,92884.31,92884.31,92875.34,92875.34,300,63,0
2026.03.26 17:30:00,92893.31,92893.31,92884.34,92884.34,300,63,0
2026.03.26 17:25:00,92902.31,92902.31,92893.34,92893.34,300,63,0
2026.03.26 17:20:00,92911.31,92911.31,92902.34,92902.34,300,63,0
2026.03.26 17:15:00,92920.31,92920.31,92911.34,92911.34,300,63,0
2026.03.26 17:10:00,92895.70,92924.21,92890.63,92920.34,300,63,0
2026.03.26 17:05:00,92880.83,92899.90,92876.06,92895.73,300,63,0
2026.03.26 17:00:00,92889.83,92889.83,92880.86,92880.86,300,63,0
2026.03.26 16:55:00,92898.83,92898.83,92889.86,92889.86,300,63,0
2026.03.26 16:50:00,92907.83,92907.83,92898.86,92898.86,300,63,0
2026.03.26 16:45:00,92916.83,92916.83,92907.86,92907.86,300,63,0
2026.03.26 16:40:00,92925.83,92925.83,92916.86,92916.86,300,63,0
2026.03.26 16:35:00,92910.46,92928.32,92903.98,92925.86,300,63,0
2026.03.26 16:30:00,92852.75,92910.88,92847.17,92910.49,300,63,0
2026.03.26 16:25:00,92861.75,92861.75,92852.78,92852.78,300,63,0
2026.03.26 16:20:00,92870.75,92870.75,92861.78,92861.78,300,63,0
2026.03.26 16:15:00,92879.75,92879.75,92870.78,92870.78,300,63,0
2026.03.26 16:10:00,92888.75,92888.75,92879.78,92879.78,300,63,0
2026.03.26 16:05:00,92897.75,92897.75,92888.78,92888.78,300,63,0
2026.03.26 16:00:00,92864.11,92904.17,92861.56,92897.78,300,63,0
2026.03.26 15:55:00,92873.11,92873.11,92864.14,92864.14,300,63,0
2026.03.26 15:50:00,92882.11,92882.11,92873.14,92873.14,300,63,0
2026.03.26 15:45:00,92873.44,92886.13,92868.49,92882.14,300,63,0
2026.03.26 15:40:00,92882.44,92882.44,92873.47,92873.47,300,63,0
2026.03.26 15:35:00,92891.44,92891.44,92882.47,92882.47,300,63,0
2026.03.26 15:30:00,92876.99,92892.82,92869.40,92891.47,300,63,0
2026.03.26 15:25:00,92885.99,92885.99,92877.02,92877.02,300,63,0
2026.03.26 15:20:00,92878.18,92891.18,92874.40,92886.02,300,63,0
2026.03.26 15:15:00,92887.18,92887.18,92878.21,92878.21,300,63,0
2026.03.26 15:10:00,92896.18,92896.18,92887.21,92887.21,300,63,0
2026.03.26 15:05:00,92905.18,92905.18,92896.21,92896.21,300,63,0
2026.03.26 15:00:00,92914.18,92914.18,92905.21,92905.21,300,63,0
2026.03.26 14:55:00,92923.18,92923.18,92914.21,92914.21,300,63,0
2026.03.26 14:50:00,92932.18,92932.18,92923.21,92923.21,300,63,0
2026.03.26 14:45:00,92941.18,92941.18,92932.21,92932.21,300,63,0
2026.03.26 14:40:00,92950.18,92950.18,92941.21,92941.21,300,63,0
2026.03.26 14:35:00,92946.66,92952.85,92940.36,92950.21,300,63,0
2026.03.26 14:30:00,92955.66,92955.66,92946.69,92946.69,300,63,0
2026.03.26 14:25:00,92964.66,92964.66,92955.69,92955.69,300,63,0
2026.03.26 14:20:00,92973.66,92973.66,92964.69,92964.69,300,63,0
2026.03.26 14:15:00,92982.66,92982.66,92973.69,92973.69,300,63,0
2026.03.26 14:10:00,92991.66,92991.66,92982.69,92982.69,300,63,0
2026.03.26 14:05:00,92987.54,92994.54,92981.45,92991.69,300,63,0
2026.03.26 14:00:00,92996.54,92996.54,92987.57,92987.57,300,63,0
2026.03.26 13:55:00,93005.54,93005.54,92996.57,92996.57,300,63,0
2026.03.26 13:50:00,93014.54,93014.54,93005.57,93005.57,300,63,0
2026.03.26 13:45:00,93023.54,93023.54,93014.57,93014.57,300,63,0
2026.03.26 13:40:00,93006.85,93029.72,93004.06,93023.57,300,63,0
2026.03.26 13:35:00,93003.17,93008.26,92995.61,93006.88,300,63,0
2026.03.26 13:30:00,92994.35,93011.09,92993.30,93003.20,300,63,0
2026.03.26 13:25:00,92980.72,92999.87,92977.27,92994.38,300,63,0
2026.03.26 13:20:00,92989.72,92989.72,92980.75,92980.75,300,63,0
2026.03.26 13:15:00,92998.72,92998.72,92989.75,92989.75,300,63,0
2026.03.26 13:10:00,93007.72,93007.72,92998.75,92998.75,300,63,0
2026.03.26 13:05:00,92987.91,93015.40,92986.62,93007.75,300,63,0
2026.03.26 13:00:00,92981.71,92991.99,92976.82,92987.94,300,63,0
2026.03.26 12:55:00,92990.71,92990.71,92981.74,92981.74,300,63,0
2026.03.26 12:50:00,92999.71,92999.71,92990.74,92990.74,300,63,0
2026.03.26 12:45:00,93008.71,93008.71,92999.74,92999.74,300,63,0
2026.03.26 12:40:00,93005.46,93012.01,92999.79,93008.74,300,63,0
2026.03.26 12:35:00,93014.46,93014.46,93005.49,93005.49,300,63,0
2026.03.26 12:30:00,93004.69,93023.34,93004.60,93014.49,300,63,0
2026.03.26 12:25:00,93013.69,93013.69,93004.72,93004.72,300,63,0
2026.03.26 12:20:00,92994.27,93015.52,92987.13,93013.72,300,63,0
2026.03.26 12:15:00,92976.50,93002.52,92975.78,92994.30,300,63,0
2026.03.26 12:10:00,92961.33,92978.09,92953.95,92976.53,300,63,0
2026.03.26 12:05:00,92933.82,92963.58,92927.10,92961.36,300,63,0
2026.03.26 12:00:00,92942.82,92942.82,92933.85,92933.85,300,63,0
2026.03.26 11:55:00,92951.82,92951.82,92942.85,92942.85,300,63,0
2026.03.26 11:50:00,92930.55,92956.47,92926.23,92951.85,300,63,0
2026.03.26 11:45:00,92884.14,92935.47,92881.32,92930.58,300,63,0
2026.03.26 11:40:00,92879.46,92889.27,92875.62,92884.17,300,63,0
2026.03.26 11:35:00,92888.46,92888.46,92879.49,92879.49,300,63,0
2026.03.26 11:30:00,92897.46,92897.46,92888.49,92888.49,300,63,0
2026.03.26 11:25:00,92883.22,92903.25,92880.04,92897.49,300,63,0
2026.03.26 11:20:00,92892.22,92892.22,92883.25,92883.25,300,63,0
2026.03.26 11:15:00,92901.22,92901.22,92892.25,92892.25,300,63,0
2026.03.26 11:10:00,92910.22,92910.22,92901.25,92901.25,300,63,0
2026.03.26 11:05:00,92919.22,92919.22,92910.25,92910.25,300,63,0
2026.03.26 11:00:00,92907.86,92921.38,92901.05,92919.25,300,63,0
2026.03.26 10:55:00,92916.86,92916.86,92907.89,92907.89,300,63,0
2026.03.26 10:50:00,92906.17,92919.71,92900.05,92916.89,300,63,0
2026.03.26 10:45:00,92915.17,92915.17,92906.20,92906.20,300,63,0
2026.03.26 10:40:00,92924.17,92924.17,92915.20,92915.20,300,63,0
2026.03.26 10:35:00,92920.63,92932.96,92920.45,92924.20,300,63,0
2026.03.26 10:30:00,92929.63,92929.63,92920.66,92920.66,300,63,0
2026.03.26 10:25:00,92926.53,92936.08,92924.01,92929.66,300,63,0
2026.03.26 10:20:00,92935.53,92935.53,92926.56,92926.56,300,63,0
2026.03.26 10:15:00,92915.22,92936.40,92907.12,92935.56,300,63,0
2026.03.26 10:10:00,92924.22,92924.22,92915.25,92915.25,300,63,0
2026.03.26 10:05:00,92933.22,92933.22,92924.25,92924.25,300,63,0
2026.03.26 10:00:00,92942.22,92942.22,92933.25,92933.25,300,63,0
2026.03.26 09:55:00,92951.22,92951.22,92942.25,92942.25,300,63,0
2026.03.26 09:50:00,92960.22,92960.22,92951.25,92951.25,300,63,0
2026.03.26 09:45:00,92969.22,92969.22,92960.25,92960.25,300,63,0
2026.03.26 09:40:00,92943.27,92974.80,92939.88,92969.25,300,63,0
2026.03.26 09:35:00,92952.27,92952.27,92943.30,92943.30,300,63,0
2026.03.26 09:30:00,92949.15,92958.48,92946.39,92952.30,300,63,0
2026.03.26 09:25:00,92932.69,92950.32,92924.89,92949.18,300,63,0
2026.03.26 09:20:00,92941.69,92941.69,92932.72,92932.72,300,63,0
2026.03.26 09:15:00,92937.08,92947.87,92934.29,92941.72,300,63,0
2026.03.26 09:10:00,92946.08,92946.08,92937.11,92937.11,300,63,0
2026.03.26 09:05:00,92939.44,92953.16,92937.55,92946.11,300,63,0
2026.03.26 09:00:00,92928.05,92947.81,92927.45,92939.47,300,63,0
2026.03.26 08:55:00,92937.05,92937.05,92928.08,92928.08,300,63,0
2026.03.26 08:50:00,92931.52,92939.24,92924.74,92937.08,300,63,0
2026.03.26 08:45:00,92940.52,92940.52,92931.55,92931.55,300,63,0
2026.03.26 08:40:00,92949.52,92949.52,92940.55,92940.55,300,63,0
2026.03.26 08:35:00,92958.52,92958.52,92949.55,92949.55,300,63,0
2026.03.26 08:30:00,92953.68,92961.37,92947.56,92958.55,300,63,0
2026.03.26 08:25:00,92962.68,92962.68,92953.71,92953.71,300,63,0
2026.03.26 08:20:00,92971.68,92971.68,92962.71,92962.71,300,63,0
2026.03.26 08:15:00,92980.68,92980.68,92971.71,92971.71,300,63,0
2026.03.26 08:10:00,92989.68,92989.68,92980.71,92980.71,300,63,0
2026.03.26 08:05:00,92998.68,92998.68,92989.71,92989.71,300,63,0
2026.03.26 08:00:00,93007.68,93007.68,92998.71,92998.71,300,63,0
2026.03.26 07:55:00,93016.68,93016.68,93007.71,93007.71,300,63,0
2026.03.26 07:50:00,93025.68,93025.68,93016.71,93016.71,300,63,0
2026.03.26 07:45:00,93034.68,93034.68,93025.71,93025.71,300,63,0
2026.03.26 07:40:00,93043.68,93043.68,93034.71,93034.71,300,63,0
2026.03.26 07:35:00,93037.76,93045.03,93030.14,93043.71,300,63,0
2026.03.26 07:30:00,93046.76,93046.76,93037.79,93037.79,300,63,0
2026.03.26 07:25:00,93037.27,93053.15,93034.69,93046.79,300,63,0
2026.03.26 07:20:00,93046.27,93046.27,93037.30,93037.30,300,63,0
2026.03.26 07:15:00,92979.95,93046.30,92973.62,93046.30,300,63,0
2026.03.26 07:10:00,92988.95,92988.95,92979.98,92979.98,300,63,0
2026.03.26 07:05:00,92975.32,92993.06,92970.46,92988.98,300,63,0
2026.03.26 07:00:00,92948.27,92979.91,92943.89,92975.35,300,63,0
2026.03.26 06:55:00,92957.27,92957.27,92948.30,92948.30,300,63,0
2026.03.26 06:50:00,92966.27,92966.27,92957.30,92957.30,300,63,0
2026.03.26 06:45:00,92975.27,92975.27,92966.30,92966.30,300,63,0
2026.03.26 06:40:00,92984.27,92984.27,92975.30,92975.30,300,63,0
2026.03.26 06:35:00,92993.27,92993.27,92984.30,92984.30,300,63,0
2026.03.26 06:30:00,93002.27,93002.27,92993.30,92993.30,300,63,0
2026.03.26 06:25:00,92988.10,93005.48,92982.34,93002.30,300,63,0
2026.03.26 06:20:00,92997.10,92997.10,92988.13,92988.13,300,63,0
2026.03.26 06:15:00,93006.10,93006.10,92997.13,92997.13,300,63,0
2026.03.26 06:10:00,92983.75,93014.68,92983.36,93006.13,300,63,0
2026.03.26 06:05:00,92992.75,92992.75,92983.78,92983.78,300,63,0
2026.03.26 06:00:00,92953.18,92992.84,92946.16,92992.78,300,63,0
2026.03.26 05:55:00,92962.18,92962.18,92953.21,92953.21,300,63,0
2026.03.26 05:50:00,92971.18,92971.18,92962.21,92962.21,300,63,0
2026.03.26 05:45:00,92980.18,92980.18,92971.21,92971.21,300,63,0
2026.03.26 05:40:00,92989.18,92989.18,92980.21,92980.21,300,63,0
2026.03.26 05:35:00,92998.18,92998.18,92989.21,92989.21,300,63,0
2026.03.26 05:30:00,93007.18,93007.18,92998.21,92998.21,300,63,0
2026.03.26 05:25:00,92988.47,93015.19,92987.51,93007.21,300,63,0
2026.03.26 05:20:00,92997.47,92997.47,92988.50,92988.50,300,63,0
2026.03.26 05:15:00,93006.47,93006.47,92997.50,92997.50,300,63,0
2026.03.26 05:10:00,93015.47,93015.47,93006.50,93006.50,300,63,0
2026.03.26 05:05:00,93024.47,93024.47,93015.50,93015.50,300,63,0
2026.03.26 05:00:00,93033.47,93033.47,93024.50,93024.50,300,63,0
2026.03.26 04:55:00,93010.85,93033.89,93002.30,93033.50,300,63,0
2026.03.26 04:50:00,93019.85,93019.85,93010.88,93010.88,300,63,0
2026.03.26 04:45:00,93010.64,93025.94,93007.76,93019.88,300,63,0
2026.03.26 04:40:00,93001.18,93018.65,93000.22,93010.67,300,63,0
2026.03.26 04:35:00,92982.83,93006.85,92979.53,93001.21,300,63,0
2026.03.26 04:30:00,92991.83,92991.83,92982.86,92982.86,300,63,0
2026.03.26 04:25:00,92971.68,92999.63,92970.51,92991.86,300,63,0
2026.03.26 04:20:00,92943.85,92972.76,92935.96,92971.71,300,63,0
2026.03.26 04:15:00,92952.85,92952.85,92943.88,92943.88,300,63,0
2026.03.26 04:10:00,92926.77,92960.41,92925.36,92952.88,300,63,0
2026.03.26 04:05:00,92935.77,92935.77,92926.80,92926.80,300,63,0
2026.03.26 04:00:00,92919.62,92943.69,92918.57,92935.80,300,63,0
2026.03.26 03:55:00,92891.26,92927.18,92889.85,92919.65,300,63,0
2026.03.26 03:50:00,92900.26,92900.26,92891.29,92891.29,300,63,0
2026.03.26 03:45:00,92909.26,92909.26,92900.29,92900.29,300,63,0
2026.03.26 03:40:00,92918.26,92918.26,92909.29,92909.29,300,63,0
2026.03.26 03:35:00,92927.26,92927.26,92918.29,92918.29,300,63,0
2026.03.26 03:30:00,92936.26,92936.26,92927.29,92927.29,300,63,0
2026.03.26 03:25:00,92945.26,92945.26,92936.29,92936.29,300,63,0
2026.03.26 03:20:00,92902.87,92946.16,92901.34,92945.29,300,63,0
2026.03.26 03:15:00,92876.80,92906.41,92871.70,92902.90,300,63,0
2026.03.26 03:10:00,92853.61,92881.24,92850.55,92876.83,300,63,0
2026.03.26 03:05:00,92862.61,92862.61,92853.64,92853.64,300,63,0
2026.03.26 03:00:00,92871.61,92871.61,92862.64,92862.64,300,63,0
2026.03.26 02:55:00,92880.61,92880.61,92871.64,92871.64,300,63,0
2026.03.26 02:50:00,92889.61,92889.61,92880.64,92880.64,300,63,0
2026.03.26 02:45:00,92875.61,92893.36,92870.39,92889.64,300,63,0
2026.03.26 02:40:00,92884.61,92884.61,92875.64,92875.64,300,63,0
2026.03.26 02:35:00,92876.38,92890.28,92873.08,92884.64,300,63,0
2026.03.26 02:30:00,92864.42,92877.94,92857.01,92876.41,300,63,0
2026.03.26 02:25:00,92873.42,92873.42,92864.45,92864.45,300,63,0
2026.03.26 02:20:00,92860.72,92879.81,92858.14,92873.45,300,63,0
2026.03.26 02:15:00,92869.72,92869.72,92860.75,92860.75,300,63,0
2026.03.26 02:10:00,92878.72,92878.72,92869.75,92869.75,300,63,0
2026.03.26 02:05:00,92887.72,92887.72,92878.75,92878.75,300,63,0
2026.03.26 02:00:00,92878.12,92893.24,92874.67,92887.75,300,63,0
2026.03.26 01:55:00,92887.12,92887.12,92878.15,92878.15,300,63,0
2026.03.26 01:50:00,92896.12,92896.12,92887.15,92887.15,300,63,0
2026.03.26 01:45:00,92905.12,92905.12,92896.15,92896.15,300,63,0
2026.03.26 01:40:00,92914.12,92914.12,92905.15,92905.15,300,63,0
2026.03.26 01:35:00,92923.12,92923.12,92914.15,92914.15,300,63,0
2026.03.26 01:30:00,92932.12,92932.12,92923.15,92923.15,300,63,0
2026.03.26 01:25:00,92912.87,92934.58,92906.36,92932.15,300,63,0
2026.03.26 01:20:00,92921.87,92921.87,92912.90,92912.90,300,63,0
2026.03.26 01:15:00,92930.87,92930.87,92921.90,92921.90,300,63,0
2026.03.26 01:10:00,92927.44,92934.68,92922.28,92930.90,300,63,0
2026.03.26 01:05:00,92936.44,92936.44,92927.47,92927.47,300,63,0
2026.03.26 01:00:00,92945.44,92945.44,92936.47,92936.47,300,63,0
2026.03.26 00:55:00,92940.44,92953.96,92939.99,92945.47,300,63,0
2026.03.26 00:50:00,92918.25,92941.73,92910.57,92940.47,300,63,0
2026.03.26 00:45:00,92900.90,92920.20,92893.88,92918.28,300,63,0
2026.03.26 00:40:00,92909.90,92909.90,92900.93,92900.93,300,63,0
2026.03.26 00:35:00,92898.54,92915.78,92895.45,92909.93,300,63,0
2026.03.26 00:30:00,92907.54,92907.54,92898.57,92898.57,300,63,0
2026.03.26 00:25:00,92916.54,92916.54,92907.57,92907.57,300,63,0
2026.03.26 00:20:00,92925.54,92925.54,92916.57,92916.57,300,63,0
2026.03.26 00:15:00,92870.97,92926.53,92868.24,92925.57,300,63,0
2026.03.26 00:10:00,92879.97,92879.97,92871.00,92871.00,300,63,0
2026.03.26 00:05:00,92888.97,92888.97,92880.00,92880.00,300,63,0
2026.03.26 00:00:00,92897.97,92897.97,92889.00,92889.00,300,63,0
2026.03.25 23:55:00,92863.02,92900.25,92861.67,92898.00,300,63,0
2026.03.25 23:50:00,92839.56,92865.21,92832.78,92863.05,300,63,0
2026.03.25 23:45:00,92848.56,92848.56,92839.59,92839.59,300,63,0
2026.03.25 23:40:00,92857.56,92857.56,92848.59,92848.59,300,63,0
2026.03.25 23:35:00,92866.56,92866.56,92857.59,92857.59,300,63,0
2026.03.25 23:30:00,92875.56,92875.56,92866.59,92866.59,300,63,0
2026.03.25 23:25:00,92884.56,92884.56,92875.59,92875.59,300,63,0
2026.03.25 23:20:00,92893.56,92893.56,92884.59,92884.59,300,63,0
2026.03.25 23:15:00,92890.29,92901.96,92889.72,92893.59,300,63,0
2026.03.25 23:10:00,92899.29,92899.29,92890.32,92890.32,300,63,0
2026.03.25 23:05:00,92908.29,92908.29,92899.32,92899.32,300,63,0
2026.03.25 23:00:00,92917.29,92917.29,92908.32,92908.32,300,63,0
2026.03.25 22:55:00,92926.29,92926.29,92917.32,92917.32,300,63,0
2026.03.25 22:50:00,92915.67,92930.76,92911.17,92926.32,300,63,0
2026.03.25 22:45:00,92895.41,92916.63,92887.40,92915.70,300,63,0
2026.03.25 22:40:00,92904.41,92904.41,92895.44,92895.44,300,63,0
2026.03.25 22:35:00,92913.41,92913.41,92904.44,92904.44,300,63,0
2026.03.25 22:30:00,92922.41,92922.41,92913.44,92913.44,300,63,0
2026.03.25 22:25:00,92931.41,92931.41,92922.44,92922.44,300,63,0
2026.03.25 22:20:00,92940.41,92940.41,92931.44,92931.44,300,63,0
2026.03.25 22:15:00,92949.41,92949.41,92940.44,92940.44,300,63,0
2026.03.25 22:10:00,92929.20,92953.97,92924.79,92949.44,300,63,0
2026.03.25 22:05:00,92892.02,92937.84,92891.69,92929.23,300,63,0
2026.03.25 22:00:00,92876.07,92896.61,92871.69,92892.05,300,63,0
2026.03.25 21:55:00,92849.61,92877.66,92845.77,92876.10,300,63,0
2026.03.25 21:50:00,92858.61,92858.61,92849.64,92849.64,300,63,0
2026.03.25 21:45:00,92867.61,92867.61,92858.64,92858.64,300,63,0
2026.03.25 21:40:00,92859.19,92868.12,92850.73,92867.64,300,63,0
2026.03.25 21:35:00,92868.19,92868.19,92859.22,92859.22,300,63,0
2026.03.25 21:30:00,92852.99,92875.18,92851.01,92868.22,300,63,0
2026.03.25 21:25:00,92849.75,92860.43,92848.22,92853.02,300,63,0
2026.03.25 21:20:00,92858.75,92858.75,92849.78,92849.78,300,63,0
2026.03.25 21:15:00,92867.75,92867.75,92858.78,92858.78,300,63,0
2026.03.25 21:10:00,92876.75,92876.75,92867.78,92867.78,300,63,0
2026.03.25 21:05:00,92885.75,92885.75,92876.78,92876.78,300,63,0
2026.03.25 21:00:00,92873.18,92886.14,92864.60,92885.78,300,63,0
2026.03.25 20:55:00,92830.46,92880.86,92829.92,92873.21,300,63,0
2026.03.25 20:50:00,92839.46,92839.46,92830.49,92830.49,300,63,0
2026.03.25 20:45:00,92793.96,92839.52,92792.10,92839.49,300,63,0
2026.03.25 20:40:00,92802.96,92802.96,92793.99,92793.99,300,63,0
2026.03.25 20:35:00,92786.27,92809.74,92784.08,92802.99,300,63,0
2026.03.25 20:30:00,92795.27,92795.27,92786.30,92786.30,300,63,0
2026.03.25 20:25:00,92804.27,92804.27,92795.30,92795.30,300,63,0
2026.03.25 20:20:00,92813.27,92813.27,92804.30,92804.30,300,63,0
2026.03.25 20:15:00,92822.27,92822.27,92813.30,92813.30,300,63,0
2026.03.25 20:10:00,92831.27,92831.27,92822.30,92822.30,300,63,0
2026.03.25 20:05:00,92840.27,92840.27,92831.30,92831.30,300,63,0
2026.03.25 20:00:00,92816.56,92841.26,92808.58,92840.30,300,63,0
2026.03.25 19:55:00,92808.15,92816.62,92799.24,92816.59,300,63,0
2026.03.25 19:50:00,92817.15,92817.15,92808.18,92808.18,300,63,0
2026.03.25 19:45:00,92826.15,92826.15,92817.18,92817.18,300,63,0
2026.03.25 19:40:00,92835.15,92835.15,92826.18,92826.18,300,63,0
2026.03.25 19:35:00,92844.15,92844.15,92835.18,92835.18,300,63,0
2026.03.25 19:30:00,92853.15,92853.15,92844.18,92844.18,300,63,0
2026.03.25 19:25:00,92862.15,92862.15,92853.18,92853.18,300,63,0
2026.03.25 19:20:00,92871.15,92871.15,92862.18,92862.18,300,63,0
2026.03.25 19:15:00,92880.15,92880.15,92871.18,92871.18,300,63,0
2026.03.25 19:10:00,92864.96,92881.29,92857.13,92880.18,300,63,0
2026.03.25 19:05:00,92855.80,92867.24,92849.11,92864.99,300,63,0
2026.03.25 19:00:00,92864.80,92864.80,92855.83,92855.83,300,63,0
2026.03.25 18:55:00,92823.72,92865.49,92818.77,92864.83,300,63,0
2026.03.25 18:50:00,92832.72,92832.72,92823.75,92823.75,300,63,0
2026.03.25 18:45:00,92841.72,92841.72,92832.75,92832.75,300,63,0
2026.03.25 18:40:00,92850.72,92850.72,92841.75,92841.75,300,63,0
2026.03.25 18:35:00,92837.07,92857.32,92834.70,92850.75,300,63,0
2026.03.25 18:30:00,92846.07,92846.07,92837.10,92837.10,300,63,0
2026.03.25 18:25:00,92855.07,92855.07,92846.10,92846.10,300,63,0
2026.03.25 18:20:00,92840.00,92861.19,92837.15,92855.10,300,63,0
2026.03.25 18:15:00,92830.68,92830.68,92821.71,92821.71,300,63,0
2026.03.25 18:10:00,92821.97,92835.48,92817.80,92830.71,300,63,0
2026.03.25 18:05:00,92830.97,92830.97,92822.00,92822.00,300,63,0
2026.03.25 18:00:00,92839.97,92839.97,92831.00,92831.00,300,63,0
2026.03.25 17:55:00,92848.97,92848.97,92840.00,92840.00,300,63,0
2026.03.25 17:50:00,92814.03,92850.62,92809.29,92849.00,300,63,0
2026.03.25 17:45:00,92823.03,92823.03,92814.06,92814.06,300,63,0
2026.03.25 17:40:00,92832.03,92832.03,92823.06,92823.06,300,63,0
2026.03.25 17:35:00,92825.73,92836.77,92821.50,92832.06,300,63,0
2026.03.25 17:30:00,92834.73,92834.73,92825.76,92825.76,300,63,0
2026.03.25 17:25:00,92843.73,92843.73,92834.76,92834.76,300,63,0
2026.03.25 17:20:00,92852.73,92852.73,92843.76,92843.76,300,63,0
2026.03.25 17:15:00,92827.98,92853.24,92819.52,92852.76,300,63,0
2026.03.25 17:10:00,92836.98,92836.98,92828.01,92828.01,300,63,0
2026.03.25 17:05:00,92845.98,92845.98,92837.01,92837.01,300,63,0
2026.03.25 17:00:00,92854.98,92854.98,92846.01,92846.01,300,63,0
2026.03.25 16:55:00,92840.94,92856.63,92833.62,92855.01,300,63,0
2026.03.25 16:50:00,92812.69,92847.03,92809.81,92840.97,300,63,0
2026.03.25 16:45:00,92821.69,92821.69,92812.72,92812.72,300,63,0
2026.03.25 16:40:00,92830.69,92830.69,92821.72,92821.72,300,63,0
2026.03.25 16:35:00,92839.69,92839.69,92830.72,92830.72,300,63,0
2026.03.25 16:30:00,92848.69,92848.69,92839.72,92839.72,300,63,0
2026.03.25 16:25:00,92857.69,92857.69,92848.72,92848.72,300,63,0
2026.03.25 16:20:00,92866.69,92866.69,92857.72,92857.72,300,63,0
2026.03.25 16:15:00,92875.69,92875.69,92866.72,92866.72,300,63,0
2026.03.25 16:10:00,92884.69,92884.69,92875.72,92875.72,300,63,0
2026.03.25 16:05:00,92893.69,92893.69,92884.72,92884.72,300,63,0
2026.03.25 16:00:00,92880.69,92901.70,92879.73,92893.72,300,63,0
2026.03.25 15:55:00,92889.69,92889.69,92880.72,92880.72,300,63,0
2026.03.25 15:50:00,92898.69,92898.69,92889.72,92889.72,300,63,0
2026.03.25 15:45:00,92874.99,92903.79,92871.12,92898.72,300,63,0
2026.03.25 15:40:00,92883.99,92883.99,92875.02,92875.02,300,63,0
2026.03.25 15:35:00,92892.99,92892.99,92884.02,92884.02,300,63,0
2026.03.25 15:30:00,92901.99,92901.99,92893.02,92893.02,300,63,0
2026.03.25 15:25:00,92910.99,92910.99,92902.02,92902.02,300,63,0
2026.03.25 15:20:00,92895.63,92914.71,92890.38,92911.02,300,63,0
2026.03.25 15:15:00,92904.63,92904.63,92895.66,92895.66,300,63,0
2026.03.25 15:10:00,92826.36,92907.33,92824.20,92904.66,300,63,0
2026.03.25 15:05:00,92835.36,92835.36,92826.39,92826.39,300,63,0
2026.03.25 15:00:00,92827.12,92844.15,92826.94,92835.39,300,63,0
2026.03.25 14:55:00,92836.12,92836.12,92827.15,92827.15,300,63,0
2026.03.25 14:50:00,92845.12,92845.12,92836.15,92836.15,300,63,0
2026.03.25 14:45:00,92854.12,92854.12,92845.15,92845.15,300,63,0
2026.03.25 14:40:00,92863.12,92863.12,92854.15,92854.15,300,63,0
2026.03.25 14:35:00,92872.12,92872.12,92863.15,92863.15,300,63,0
2026.03.25 14:30:00,92861.62,92878.09,92858.62,92872.15,300,63,0
2026.03.25 14:25:00,92870.62,92870.62,92861.65,92861.65,300,63,0
2026.03.25 14:20:00,92863.93,92879.44,92863.78,92870.65,300,63,0
2026.03.25 14:15:00,92818.25,92867.35,92816.42,92863.96,300,63,0
2026.03.25 14:10:00,92827.25,92827.25,92818.28,92818.28,300,63,0
2026.03.25 14:05:00,92836.25,92836.25,92827.28,92827.28,300,63,0
2026.03.25 14:00:00,92845.25,92845.25,92836.28,92836.28,300,63,0
2026.03.25 13:55:00,92854.25,92854.25,92845.28,92845.28,300,63,0
2026.03.25 13:50:00,92863.25,92863.25,92854.28,92854.28,300,63,0
2026.03.25 13:45:00,92847.77,92870.63,92846.18,92863.28,300,63,0
2026.03.25 13:40:00,92856.77,92856.77,92847.80,92847.80,300,63,0
2026.03.25 13:35:00,92865.77,92865.77,92856.80,92856.80,300,63,0
2026.03.25 13:30:00,92874.77,92874.77,92865.80,92865.80,300,63,0
2026.03.25 13:25:00,92883.77,92883.77,92874.80,92874.80,300,63,0
2026.03.25 13:20:00,92878.12,92889.44,92874.82,92883.80,300,63,0
2026.03.25 13:15:00,92887.12,92887.12,92878.15,92878.15,300,63,0
2026.03.25 13:10:00,92896.12,92896.12,92887.15,92887.15,300,63,0
2026.03.25 13:05:00,92905.12,92905.12,92896.15,92896.15,300,63,0
2026.03.25 13:00:00,92914.12,92914.12,92905.15,92905.15,300,63,0
2026.03.25 12:55:00,92923.12,92923.12,92914.15,92914.15,300,63,0
2026.03.25 12:50:00,92932.12,92932.12,92923.15,92923.15,300,63,0
2026.03.25 12:45:00,92888.55,92939.41,92887.53,92932.15,300,63,0
2026.03.25 12:40:00,92882.88,92889.27,92874.63,92888.58,300,63,0
2026.03.25 12:35:00,92873.32,92890.68,92872.15,92882.91,300,63,0
2026.03.25 12:30:00,92882.32,92882.32,92873.35,92873.35,300,63,0
2026.03.25 12:25:00,92891.32,92891.32,92882.35,92882.35,300,63,0
2026.03.25 12:20:00,92865.36,92895.40,92860.47,92891.35,300,63,0
2026.03.25 12:15:00,92822.42,92869.83,92822.42,92865.39,300,63,0
2026.03.25 12:10:00,92831.42,92831.42,92822.45,92822.45,300,63,0
2026.03.25 12:05:00,92840.42,92840.42,92831.45,92831.45,300,63,0
2026.03.25 12:00:00,92849.42,92849.42,92840.45,92840.45,300,63,0
2026.03.25 11:55:00,92858.42,92858.42,92849.45,92849.45,300,63,0
2026.03.25 11:50:00,92867.42,92867.42,92858.45,92858.45,300,63,0
2026.03.25 11:45:00,92876.42,92876.42,92867.45,92867.45,300,63,0
2026.03.25 11:40:00,92885.42,92885.42,92876.45,92876.45,300,63,0
2026.03.25 11:35:00,92882.26,92891.30,92879.17,92885.45,300,63,0
2026.03.25 11:30:00,92891.26,92891.26,92882.29,92882.29,300,63,0
2026.03.25 11:25:00,92882.32,92892.52,92874.61,92891.29,300,63,0
2026.03.25 11:20:00,92891.32,92891.32,92882.35,92882.35,300,63,0
2026.03.25 11:15:00,92823.15,92891.65,92821.38,92891.35,300,63,0
2026.03.25 11:10:00,92832.15,92832.15,92823.18,92823.18,300,63,0
2026.03.25 11:05:00,92841.15,92841.15,92832.18,92832.18,300,63,0
2026.03.25 11:00:00,92850.15,92850.15,92841.18,92841.18,300,63,0
2026.03.25 10:55:00,92859.15,92859.15,92850.18,92850.18,300,63,0
2026.03.25 10:50:00,92807.60,92865.60,92805.32,92859.18,300,63,0
2026.03.25 10:45:00,92794.28,92813.00,92790.71,92807.63,300,63,0
2026.03.25 10:40:00,92768.65,92794.79,92760.19,92794.31,300,63,0
2026.03.25 10:35:00,92777.65,92777.65,92768.68,92768.68,300,63,0
2026.03.25 10:30:00,92760.79,92780.05,92754.22,92777.68,300,63,0
2026.03.25 10:25:00,92769.79,92769.79,92760.82,92760.82,300,63,0
2026.03.25 10:20:00,92778.79,92778.79,92769.82,92769.82,300,63,0
2026.03.25 10:15:00,92756.95,92782.75,92751.94,92778.82,300,63,0
2026.03.25 10:10:00,92765.95,92765.95,92756.98,92756.98,300,63,0
2026.03.25 10:05:00,92774.95,92774.95,92765.98,92765.98,300,63,0
2026.03.25 10:00:00,92783.95,92783.95,92774.98,92774.98,300,63,0
2026.03.25 09:55:00,92719.87,92784.22,92711.92,92783.98,300,63,0
2026.03.25 09:50:00,92728.87,92728.87,92719.90,92719.90,300,63,0
2026.03.25 09:45:00,92720.11,92736.82,92719.09,92728.90,300,63,0
2026.03.25 09:40:00,92729.11,92729.11,92720.14,92720.14,300,63,0
2026.03.25 09:35:00,92738.11,92738.11,92729.14,92729.14,300,63,0
2026.03.25 09:30:00,92724.76,92746.27,92723.95,92738.14,300,63,0
2026.03.25 09:25:00,92733.76,92733.76,92724.79,92724.79,300,63,0
2026.03.25 09:20:00,92742.76,92742.76,92733.79,92733.79,300,63,0
2026.03.25 09:15:00,92751.76,92751.76,92742.79,92742.79,300,63,0
2026.03.25 09:10:00,92760.76,92760.76,92751.79,92751.79,300,63,0
2026.03.25 09:05:00,92769.76,92769.76,92760.79,92760.79,300,63,0
2026.03.25 09:00:00,92778.76,92778.76,92769.79,92769.79,300,63,0
2026.03.25 08:55:00,92787.76,92787.76,92778.79,92778.79,300,63,0
2026.03.25 08:50:00,92760.85,92792.71,92756.83,92787.79,300,63,0
2026.03.25 08:45:00,92750.19,92761.72,92742.09,92760.88,300,63,0
2026.03.25 08:40:00,92759.19,92759.19,92750.22,92750.22,300,63,0
2026.03.25 08:35:00,92768.19,92768.19,92759.22,92759.22,300,63,0
2026.03.25 08:30:00,92755.26,92768.40,92746.50,92768.22,300,63,0
2026.03.25 08:25:00,92741.25,92756.07,92733.09,92755.29,300,63,0
2026.03.25 08:20:00,92736.67,92742.96,92729.41,92741.28,300,63,0
2026.03.25 08:15:00,92726.70,92743.27,92724.33,92736.70,300,63,0
2026.03.25 08:10:00,92683.73,92729.85,92679.83,92726.73,300,63,0
2026.03.25 08:05:00,92692.73,92692.73,92683.76,92683.76,300,63,0
2026.03.25 08:00:00,92653.70,92697.86,92649.86,92692.76,300,63,0
2026.03.25 07:55:00,92662.70,92662.70,92653.73,92653.73,300,63,0
2026.03.25 07:50:00,92671.70,92671.70,92662.73,92662.73,300,63,0
2026.03.25 07:45:00,92667.50,92672.21,92659.04,92671.73,300,63,0
2026.03.25 07:40:00,92646.86,92668.37,92638.76,92667.53,300,63,0
2026.03.25 07:35:00,92655.86,92655.86,92646.89,92646.89,300,63,0
2026.03.25 07:30:00,92664.86,92664.86,92655.89,92655.89,300,63,0
2026.03.25 07:25:00,92673.86,92673.86,92664.89,92664.89,300,63,0
2026.03.25 07:20:00,92647.57,92677.28,92646.88,92673.89,300,63,0
2026.03.25 07:15:00,92656.57,92656.57,92647.60,92647.60,300,63,0
2026.03.25 07:10:00,92665.57,92665.57,92656.60,92656.60,300,63,0
2026.03.25 07:05:00,92635.64,92667.52,92630.09,92665.60,300,63,0
2026.03.25 07:00:00,92644.64,92644.64,92635.67,92635.67,300,63,0
2026.03.25 06:55:00,92653.64,92653.64,92644.67,92644.67,300,63,0
2026.03.25 06:50:00,92662.64,92662.64,92653.67,92653.67,300,63,0
2026.03.25 06:45:00,92671.64,92671.64,92662.67,92662.67,300,63,0
2026.03.25 06:40:00,92680.64,92680.64,92671.67,92671.67,300,63,0
2026.03.25 06:35:00,92689.64,92689.64,92680.67,92680.67,300,63,0
2026.03.25 06:30:00,92698.64,92698.64,92689.67,92689.67,300,63,0
2026.03.25 06:25:00,92707.64,92707.64,92698.67,92698.67,300,63,0
2026.03.25 06:20:00,92716.64,92716.64,92707.67,92707.67,300,63,0
2026.03.25 06:15:00,92725.64,92725.64,92716.67,92716.67,300,63,0
2026.03.25 06:10:00,92734.64,92734.64,92725.67,92725.67,300,63,0
2026.03.25 06:05:00,92728.85,92739.74,92724.98,92734.67,300,63,0
2026.03.25 06:00:00,92737.85,92737.85,92728.88,92728.88,300,63,0
2026.03.25 05:55:00,92746.85,92746.85,92737.88,92737.88,300,63,0
2026.03.25 05:50:00,92739.11,92753.39,92736.68,92746.88,300,63,0
2026.03.25 05:45:00,92748.11,92748.11,92739.14,92739.14,300,63,0
2026.03.25 05:40:00,92757.11,92757.11,92748.14,92748.14,300,63,0
2026.03.25 05:35:00,92766.11,92766.11,92757.14,92757.14,300,63,0
2026.03.25 05:30:00,92775.11,92775.11,92766.14,92766.14,300,63,0
2026.03.25 05:25:00,92784.11,92784.11,92775.14,92775.14,300,63,0
2026.03.25 05:20:00,92779.46,92785.04,92771.42,92784.14,300,63,0
2026.03.25 05:15:00,92788.46,92788.46,92779.49,92779.49,300,63,0
2026.03.25 05:10:00,92766.52,92788.73,92757.82,92788.49,300,63,0
2026.03.25 05:05:00,92758.47,92766.76,92749.74,92766.55,300,63,0
2026.03.25 05:00:00,92748.36,92759.52,92740.44,92758.50,300,63,0
2026.03.25 04:55:00,92757.36,92757.36,92748.39,92748.39,300,63,0
2026.03.25 04:50:00,92766.36,92766.36,92757.39,92757.39,300,63,0
2026.03.25 04:45:00,92757.73,92766.69,92749.09,92766.39,300,63,0
2026.03.25 04:40:00,92766.73,92766.73,92757.76,92757.76,300,63,0
2026.03.25 04:35:00,92775.73,92775.73,92766.76,92766.76,300,63,0
2026.03.25 04:30:00,92759.96,92783.83,92759.09,92775.76,300,63,0
2026.03.25 04:25:00,92768.96,92768.96,92759.99,92759.99,300,63,0
2026.03.25 04:20:00,92752.06,92777.90,92752.03,92768.99,300,63,0
2026.03.25 04:15:00,92761.06,92761.06,92752.09,92752.09,300,63,0
2026.03.25 04:10:00,92752.39,92766.52,92748.88,92761.09,300,63,0
2026.03.25 04:05:00,92761.39,92761.39,92752.42,92752.42,300,63,0
2026.03.25 04:00:00,92770.39,92770.39,92761.42,92761.42,300,63,0
2026.03.25 03:55:00,92779.39,92779.39,92770.42,92770.42,300,63,0
2026.03.25 03:50:00,92764.97,92781.79,92758.40,92779.42,300,63,0
2026.03.25 03:45:00,92773.97,92773.97,92765.00,92765.00,300,63,0
2026.03.25 03:40:00,92782.97,92782.97,92774.00,92774.00,300,63,0
2026.03.25 03:35:00,92770.34,92784.80,92763.20,92783.00,300,63,0
2026.03.25 03:30:00,92779.34,92779.34,92770.37,92770.37,300,63,0
2026.03.25 03:25:00,92788.34,92788.34,92779.37,92779.37,300,63,0
2026.03.25 03:20:00,92765.98,92793.44,92762.11,92788.37,300,63,0
2026.03.25 03:15:00,92774.98,92774.98,92766.01,92766.01,300,63,0
2026.03.25 03:10:00,92763.40,92777.74,92757.19,92775.01,300,63,0
2026.03.25 03:05:00,92772.40,92772.40,92763.43,92763.43,300,63,0
2026.03.25 03:00:00,92781.40,92781.40,92772.43,92772.43,300,63,0
2026.03.25 02:55:00,92790.40,92790.40,92781.43,92781.43,300,63,0
2026.03.25 02:50:00,92770.41,92791.39,92762.43,92790.43,300,63,0
2026.03.25 02:45:00,92779.41,92779.41,92770.44,92770.44,300,63,0
2026.03.25 02:40:00,92762.92,92782.56,92757.10,92779.44,300,63,0
2026.03.25 02:35:00,92736.06,92768.02,92732.19,92762.95,300,63,0
2026.03.25 02:30:00,92745.06,92745.06,92736.09,92736.09,300,63,0
2026.03.25 02:25:00,92754.06,92754.06,92745.09,92745.09,300,63,0
2026.03.25 02:20:00,92763.06,92763.06,92754.09,92754.09,300,63,0
2026.03.25 02:15:00,92772.06,92772.06,92763.09,92763.09,300,63,0
2026.03.25 02:10:00,92762.58,92772.15,92753.70,92772.09,300,63,0
2026.03.25 02:05:00,92771.58,92771.58,92762.61,92762.61,300,63,0
2026.03.25 02:00:00,92780.58,92780.58,92771.61,92771.61,300,63,0
2026.03.25 01:55:00,92789.58,92789.58,92780.61,92780.61,300,63,0
2026.03.25 01:50:00,92768.99,92790.45,92760.89,92789.61,300,63,0
2026.03.25 01:45:00,92760.13,92774.90,92757.07,92769.02,300,63,0
2026.03.25 01:40:00,92769.13,92769.13,92760.16,92760.16,300,63,0
2026.03.25 01:35:00,92778.13,92778.13,92769.16,92769.16,300,63,0
2026.03.25 01:30:00,92787.13,92787.13,92778.16,92778.16,300,63,0
2026.03.25 01:25:00,92796.13,92796.13,92787.16,92787.16,300,63,0
2026.03.25 01:20:00,92805.13,92805.13,92796.16,92796.16,300,63,0
2026.03.25 01:15:00,92814.13,92814.13,92805.16,92805.16,300,63,0
2026.03.25 01:10:00,92823.13,92823.13,92814.16,92814.16,300,63,0
2026.03.25 01:05:00,92832.13,92832.13,92823.16,92823.16,300,63,0
2026.03.25 01:00:00,92841.13,92841.13,92832.16,92832.16,300,63,0
2026.03.25 00:55:00,92850.13,92850.13,92841.16,92841.16,300,63,0
2026.03.25 00:50:00,92809.41,92851.93,92805.72,92850.16,300,63,0
2026.03.25 00:45:00,92799.39,92812.44,92793.45,92809.44,300,63,0
2026.03.25 00:40:00,92790.12,92801.52,92783.28,92799.42,300,63,0
2026.03.25 00:35:00,92799.12,92799.12,92790.15,92790.15,300,63,0
2026.03.25 00:30:00,92791.39,92805.21,92788.51,92799.15,300,63,0
2026.03.25 00:25:00,92800.39,92800.39,92791.42,92791.42,300,63,0
2026.03.25 00:20:00,92790.95,92808.73,92790.32,92800.42,300,63,0
2026.03.25 00:15:00,92784.75,92792.81,92777.64,92790.98,300,63,0
2026.03.25 00:10:00,92793.75,92793.75,92784.78,92784.78,300,63,0
2026.03.25 00:05:00,92787.52,92795.10,92779.90,92793.78,300,63,0
2026.03.25 00:00:00,92766.49,92789.38,92759.38,92787.55,300,63,0
2026.03.24 23:55:00,92775.49,92775.49,92766.52,92766.52,300,63,0
2026.03.24 23:50:00,92759.15,92779.81,92754.65,92775.52,300,63,0
2026.03.24 23:45:00,92768.15,92768.15,92759.18,92759.18,300,63,0
2026.03.24 23:40:00,92777.15,92777.15,92768.18,92768.18,300,63,0
2026.03.24 23:35:00,92769.39,92785.13,92768.40,92777.18,300,63,0
2026.03.24 23:30:00,92778.39,92778.39,92769.42,92769.42,300,63,0
2026.03.24 23:25:00,92787.39,92787.39,92778.42,92778.42,300,63,0
2026.03.24 23:20:00,92796.39,92796.39,92787.42,92787.42,300,63,0
2026.03.24 23:15:00,92805.39,92805.39,92796.42,92796.42,300,63,0
2026.03.24 23:10:00,92777.81,92809.17,92772.62,92805.42,300,63,0
2026.03.24 23:05:00,92786.81,92786.81,92777.84,92777.84,300,63,0
2026.03.24 23:00:00,92795.81,92795.81,92786.84,92786.84,300,63,0
2026.03.24 22:55:00,92776.13,92804.48,92775.83,92795.84,300,63,0
2026.03.24 22:50:00,92785.13,92785.13,92776.16,92776.16,300,63,0
2026.03.24 22:45:00,92794.13,92794.13,92785.16,92785.16,300,63,0
2026.03.24 22:40:00,92745.91,92796.14,92740.48,92794.16,300,63,0
2026.03.24 22:35:00,92754.91,92754.91,92745.94,92745.94,300,63,0
2026.03.24 22:30:00,92738.48,92762.53,92737.13,92754.94,300,63,0
2026.03.24 22:25:00,92747.48,92747.48,92738.51,92738.51,300,63,0
2026.03.24 22:20:00,92756.48,92756.48,92747.51,92747.51,300,63,0
2026.03.24 22:15:00,92751.04,92765.00,92750.59,92756.51,300,63,0
2026.03.24 22:10:00,92710.62,92752.60,92710.05,92751.07,300,63,0
2026.03.24 22:05:00,92719.62,92719.62,92710.65,92710.65,300,63,0
2026.03.24 22:00:00,92728.62,92728.62,92719.65,92719.65,300,63,0
2026.03.24 21:55:00,92722.44,92737.23,92722.08,92728.65,300,63,0
2026.03.24 21:50:00,92731.44,92731.44,92722.47,92722.47,300,63,0
2026.03.24 21:45:00,92740.44,92740.44,92731.47,92731.47,300,63,0
2026.03.24 21:40:00,92749.44,92749.44,92740.47,92740.47,300,63,0
2026.03.24 21:35:00,92732.19,92757.09,92730.87,92749.47,300,63,0
2026.03.24 21:30:00,92741.19,92741.19,92732.22,92732.22,300,63,0
2026.03.24 21:25:00,92750.19,92750.19,92741.22,92741.22,300,63,0
2026.03.24 21:20:00,92739.41,92754.87,92735.12,92750.22,300,63,0
2026.03.24 21:15:00,92725.57,92746.34,92723.53,92739.44,300,63,0
2026.03.24 21:10:00,92734.57,92734.57,92725.60,92725.60,300,63,0
2026.03.24 21:05:00,92743.57,92743.57,92734.60,92734.60,300,63,0
2026.03.24 21:00:00,92752.57,92752.57,92743.60,92743.60,300,63,0
2026.03.24 20:55:00,92761.57,92761.57,92752.60,92752.60,300,63,0
2026.03.24 20:50:00,92770.57,92770.57,92761.60,92761.60,300,63,0
2026.03.24 20:45:00,92779.57,92779.57,92770.60,92770.60,300,63,0
2026.03.24 20:40:00,92788.57,92788.57,92779.60,92779.60,300,63,0
2026.03.24 20:35:00,92797.57,92797.57,92788.60,92788.60,300,63,0
2026.03.24 20:30:00,92765.11,92800.03,92761.18,92797.60,300,63,0
2026.03.24 20:25:00,92774.11,92774.11,92765.14,92765.14,300,63,0
2026.03.24 20:20:00,92783.11,92783.11,92774.14,92774.14,300,63,0
2026.03.24 20:15:00,92776.50,92787.88,92772.30,92783.14,300,63,0
2026.03.24 20:10:00,92785.50,92785.50,92776.53,92776.53,300,63,0
2026.03.24 20:05:00,92713.48,92788.92,92713.42,92785.53,300,63,0
2026.03.24 20:00:00,92722.48,92722.48,92713.51,92713.51,300,63,0
2026.03.24 19:55:00,92693.88,92724.13,92692.44,92722.51,300,63,0
2026.03.24 19:50:00,92680.44,92695.50,92673.09,92693.91,300,63,0
2026.03.24 19:45:00,92689.44,92689.44,92680.47,92680.47,300,63,0
2026.03.24 19:40:00,92658.99,92693.82,92654.40,92689.47,300,63,0
2026.03.24 19:35:00,92652.33,92667.69,92652.06,92659.02,300,63,0
2026.03.24 19:30:00,92661.33,92661.33,92652.36,92652.36,300,63,0
2026.03.24 19:25:00,92644.78,92669.43,92643.91,92661.36,300,63,0
2026.03.24 19:20:00,92640.80,92646.16,92633.21,92644.81,300,63,0
2026.03.24 19:15:00,92649.80,92649.80,92640.83,92640.83,300,63,0
2026.03.24 19:10:00,92629.48,92650.94,92621.65,92649.83,300,63,0
2026.03.24 19:05:00,92638.48,92638.48,92629.51,92629.51,300,63,0
2026.03.24 19:00:00,92634.02,92645.02,92631.59,92638.51,300,63,0
2026.03.24 18:55:00,92643.02,92643.02,92634.05,92634.05,300,63,0
2026.03.24 18:50:00,92652.02,92652.02,92643.05,92643.05,300,63,0
2026.03.24 18:45:00,92661.02,92661.02,92652.05,92652.05,300,63,0
2026.03.24 18:40:00,92670.02,92670.02,92661.05,92661.05,300,63,0
2026.03.24 18:35:00,92679.02,92679.02,92670.05,92670.05,300,63,0
2026.03.24 18:30:00,92641.79,92679.77,92639.48,92679.05,300,63,0
2026.03.24 18:25:00,92650.79,92650.79,92641.82,92641.82,300,63,0
2026.03.24 18:20:00,92659.79,92659.79,92650.82,92650.82,300,63,0
2026.03.24 18:15:00,92668.79,92668.79,92659.82,92659.82,300,63,0
2026.03.24 18:10:00,92677.79,92677.79,92668.82,92668.82,300,63,0
2026.03.24 18:05:00,92686.79,92686.79,92677.82,92677.82,300,63,0
2026.03.24 18:00:00,92695.79,92695.79,92686.82,92686.82,300,63,0
2026.03.24 17:55:00,92704.79,92704.79,92695.82,92695.82,300,63,0
2026.03.24 17:50:00,92694.67,92713.10,92694.01,92704.82,300,63,0
2026.03.24 17:45:00,92703.67,92703.67,92694.70,92694.70,300,63,0
2026.03.24 17:40:00,92712.67,92712.67,92703.70,92703.70,300,63,0
2026.03.24 17:35:00,92721.67,92721.67,92712.70,92712.70,300,63,0
2026.03.24 17:30:00,92730.67,92730.67,92721.70,92721.70,300,63,0
2026.03.24 17:25:00,92720.34,92736.91,92717.61,92730.70,300,63,0
2026.03.24 17:20:00,92729.34,92729.34,92720.37,92720.37,300,63,0
2026.03.24 17:15:00,92738.34,92738.34,92729.37,92729.37,300,63,0
2026.03.24 17:10:00,92747.34,92747.34,92738.37,92738.37,300,63,0
2026.03.24 17:05:00,92733.95,92752.02,92729.66,92747.37,300,63,0
2026.03.24 17:00:00,92742.95,92742.95,92733.98,92733.98,300,63,0
2026.03.24 16:55:00,92731.35,92746.67,92726.10,92742.98,300,63,0
2026.03.24 16:50:00,92740.35,92740.35,92731.38,92731.38,300,63,0
2026.03.24 16:45:00,92718.62,92743.11,92712.41,92740.38,300,63,0
2026.03.24 16:40:00,92727.62,92727.62,92718.65,92718.65,300,63,0
2026.03.24 16:35:00,92736.62,92736.62,92727.65,92727.65,300,63,0
2026.03.24 16:30:00,92745.62,92745.62,92736.65,92736.65,300,63,0
2026.03.24 16:25:00,92754.62,92754.62,92745.65,92745.65,300,63,0
2026.03.24 16:20:00,92763.62,92763.62,92754.65,92754.65,300,63,0
2026.03.24 16:15:00,92772.62,92772.62,92763.65,92763.65,300,63,0
2026.03.24 16:10:00,92765.06,92780.84,92764.31,92772.65,300,63,0
2026.03.24 16:05:00,92774.06,92774.06,92765.09,92765.09,300,63,0
2026.03.24 16:00:00,92757.10,92778.44,92752.51,92774.09,300,63,0
2026.03.24 15:55:00,92766.10,92766.10,92757.13,92757.13,300,63,0
2026.03.24 15:50:00,92719.72,92772.70,92718.70,92766.13,300,63,0
2026.03.24 15:45:00,92728.72,92728.72,92719.75,92719.75,300,63,0
2026.03.24 15:40:00,92737.72,92737.72,92728.75,92728.75,300,63,0
2026.03.24 15:35:00,92691.51,92738.74,92691.42,92737.75,300,63,0
2026.03.24 15:30:00,92700.51,92700.51,92691.54,92691.54,300,63,0
2026.03.24 15:25:00,92709.51,92709.51,92700.54,92700.54,300,63,0
2026.03.24 15:20:00,92718.51,92718.51,92709.54,92709.54,300,63,0
2026.03.24 15:15:00,92727.51,92727.51,92718.54,92718.54,300,63,0
2026.03.24 15:10:00,92707.01,92729.16,92699.69,92727.54,300,63,0
2026.03.24 15:05:00,92716.01,92716.01,92707.04,92707.04,300,63,0
2026.03.24 15:00:00,92725.01,92725.01,92716.04,92716.04,300,63,0
2026.03.24 14:55:00,92734.01,92734.01,92725.04,92725.04,300,63,0
2026.03.24 14:50:00,92743.01,92743.01,92734.04,92734.04,300,63,0
2026.03.24 14:45:00,92752.01,92752.01,92743.04,92743.04,300,63,0
2026.03.24 14:40:00,92761.01,92761.01,92752.04,92752.04,300,63,0
2026.03.24 14:35:00,92770.01,92770.01,92761.04,92761.04,300,63,0
2026.03.24 14:30:00,92779.01,92779.01,92770.04,92770.04,300,63,0
2026.03.24 14:25:00,92788.01,92788.01,92779.04,92779.04,300,63,0
2026.03.24 14:20:00,92778.60,92788.82,92770.44,92788.04,300,63,0
2026.03.24 14:15:00,92787.60,92787.60,92778.63,92778.63,300,63,0
2026.03.24 14:10:00,92784.00,92796.06,92783.49,92787.63,300,63,0
2026.03.24 14:05:00,92793.00,92793.00,92784.03,92784.03,300,63,0
2026.03.24 14:00:00,92802.00,92802.00,92793.03,92793.03,300,63,0
2026.03.24 13:55:00,92811.00,92811.00,92802.03,92802.03,300,63,0
2026.03.24 13:50:00,92820.00,92820.00,92811.03,92811.03,300,63,0
2026.03.24 13:45:00,92802.15,92821.98,92795.16,92820.03,300,63,0
2026.03.24 13:40:00,92811.15,92811.15,92802.18,92802.18,300,63,0
2026.03.24 13:35:00,92765.14,92812.38,92764.51,92811.18,300,63,0
2026.03.24 13:30:00,92774.14,92774.14,92765.17,92765.17,300,63,0
2026.03.24 13:25:00,92783.14,92783.14,92774.17,92774.17,300,63,0
2026.03.24 13:20:00,92792.14,92792.14,92783.17,92783.17,300,63,0
2026.03.24 13:15:00,92783.03,92796.94,92778.86,92792.17,300,63,0
2026.03.24 13:10:00,92792.03,92792.03,92783.06,92783.06,300,63,0
2026.03.24 13:05:00,92801.03,92801.03,92792.06,92792.06,300,63,0
2026.03.24 13:00:00,92779.45,92802.44,92771.89,92801.06,300,63,0
2026.03.24 12:55:00,92788.45,92788.45,92779.48,92779.48,300,63,0
2026.03.24 12:50:00,92797.45,92797.45,92788.48,92788.48,300,63,0
2026.03.24 12:45:00,92806.45,92806.45,92797.48,92797.48,300,63,0
2026.03.24 12:40:00,92815.45,92815.45,92806.48,92806.48,300,63,0
2026.03.24 12:35:00,92824.45,92824.45,92815.48,92815.48,300,63,0
2026.03.24 12:30:00,92833.45,92833.45,92824.48,92824.48,300,63,0
2026.03.24 12:25:00,92778.48,92835.22,92772.45,92833.48,300,63,0
2026.03.24 12:20:00,92787.48,92787.48,92778.51,92778.51,300,63,0
2026.03.24 12:15:00,92796.48,92796.48,92787.51,92787.51,300,63,0
2026.03.24 12:10:00,92805.48,92805.48,92796.51,92796.51,300,63,0
2026.03.24 12:05:00,92814.48,92814.48,92805.51,92805.51,300,63,0
2026.03.24 12:00:00,92823.48,92823.48,92814.51,92814.51,300,63,0
2026.03.24 11:55:00,92832.48,92832.48,92823.51,92823.51,300,63,0
2026.03.24 11:50:00,92841.48,92841.48,92832.51,92832.51,300,63,0
2026.03.24 11:45:00,92831.13,92846.07,92826.75,92841.51,300,63,0
2026.03.24 11:40:00,92840.13,92840.13,92831.16,92831.16,300,63,0
2026.03.24 11:35:00,92833.10,92845.71,92829.71,92840.16,300,63,0
2026.03.24 11:30:00,92815.40,92838.17,92811.50,92833.13,300,63,0
2026.03.24 11:25:00,92824.40,92824.40,92815.43,92815.43,300,63,0
2026.03.24 11:20:00,92833.40,92833.40,92824.43,92824.43,300,63,0
2026.03.24 11:15:00,92842.40,92842.40,92833.43,92833.43,300,63,0
2026.03.24 11:10:00,92851.40,92851.40,92842.43,92842.43,300,63,0
2026.03.24 11:05:00,92841.48,92859.26,92840.37,92851.43,300,63,0
2026.03.24 11:00:00,92820.53,92847.12,92817.20,92841.51,300,63,0
2026.03.24 10:55:00,92798.52,92798.52,92789.55,92789.55,300,63,0
2026.03.24 10:50:00,92807.52,92807.52,92798.55,92798.55,300,63,0
2026.03.24 10:45:00,92816.52,92816.52,92807.55,92807.55,300,63,0
2026.03.24 10:40:00,92810.09,92816.76,92801.36,92816.55,300,63,0
2026.03.24 10:35:00,92819.09,92819.09,92810.12,92810.12,300,63,0
2026.03.24 10:30:00,92828.09,92828.09,92819.12,92819.12,300,63,0
2026.03.24 10:25:00,92837.09,92837.09,92828.12,92828.12,300,63,0
2026.03.24 10:20:00,92819.24,92842.07,92815.25,92837.12,300,63,0
2026.03.24 10:15:00,92782.88,92820.05,92779.19,92819.27,300,63,0
2026.03.24 10:10:00,92791.88,92791.88,92782.91,92782.91,300,63,0
2026.03.24 10:05:00,92800.88,92800.88,92791.91,92791.91,300,63,0
2026.03.24 10:00:00,92778.03,92808.14,92777.16,92800.91,300,63,0
2026.03.24 09:55:00,92787.03,92787.03,92778.06,92778.06,300,63,0
2026.03.24 09:50:00,92796.03,92796.03,92787.06,92787.06,300,63,0
2026.03.24 09:45:00,92805.03,92805.03,92796.06,92796.06,300,63,0
2026.03.24 09:40:00,92787.41,92805.45,92778.86,92805.06,300,63,0
2026.03.24 09:35:00,92796.41,92796.41,92787.44,92787.44,300,63,0
2026.03.24 09:30:00,92805.41,92805.41,92796.44,92796.44,300,63,0
2026.03.24 09:25:00,92814.41,92814.41,92805.44,92805.44,300,63,0
2026.03.24 09:20:00,92823.41,92823.41,92814.44,92814.44,300,63,0
2026.03.24 09:15:00,92832.41,92832.41,92823.44,92823.44,300,63,0
2026.03.24 09:10:00,92790.61,92834.90,92784.55,92832.44,300,63,0
2026.03.24 09:05:00,92799.61,92799.61,92790.64,92790.64,300,63,0
2026.03.24 09:00:00,92808.61,92808.61,92799.64,92799.64,300,63,0
2026.03.24 08:55:00,92817.61,92817.61,92808.64,92808.64,300,63,0
2026.03.24 08:50:00,92826.61,92826.61,92817.64,92817.64,300,63,0
2026.03.24 08:45:00,92835.61,92835.61,92826.64,92826.64,300,63,0
2026.03.24 08:40:00,92844.61,92844.61,92835.64,92835.64,300,63,0
2026.03.24 08:35:00,92853.61,92853.61,92844.64,92844.64,300,63,0
2026.03.24 08:30:00,92862.61,92862.61,92853.64,92853.64,300,63,0
2026.03.24 08:25:00,92871.61,92871.61,92862.64,92862.64,300,63,0
2026.03.24 08:20:00,92880.61,92880.61,92871.64,92871.64,300,63,0
2026.03.24 08:15:00,92889.61,92889.61,92880.64,92880.64,300,63,0
2026.03.24 08:10:00,92898.61,92898.61,92889.64,92889.64,300,63,0
2026.03.24 08:05:00,92907.61,92907.61,92898.64,92898.64,300,63,0
2026.03.24 08:00:00,92916.61,92916.61,92907.64,92907.64,300,63,0
2026.03.24 07:55:00,92925.61,92925.61,92916.64,92916.64,300,63,0
2026.03.24 07:50:00,92910.17,92927.35,92902.94,92925.64,300,63,0
2026.03.24 07:45:00,92846.89,92912.66,92843.62,92910.20,300,63,0
2026.03.24 07:40:00,92855.89,92855.89,92846.92,92846.92,300,63,0
2026.03.24 07:35:00,92864.89,92864.89,92855.92,92855.92,300,63,0
2026.03.24 07:30:00,92873.89,92873.89,92864.92,92864.92,300,63,0
2026.03.24 07:25:00,92882.89,92882.89,92873.92,92873.92,300,63,0
2026.03.24 07:20:00,92873.84,92890.72,92872.70,92882.92,300,63,0
2026.03.24 07:15:00,92847.48,92882.33,92847.00,92873.87,300,63,0
2026.03.24 07:10:00,92856.48,92856.48,92847.51,92847.51,300,63,0
2026.03.24 07:05:00,92847.66,92859.72,92841.93,92856.51,300,63,0
2026.03.24 07:00:00,92856.66,92856.66,92847.69,92847.69,300,63,0
2026.03.24 06:55:00,92839.85,92856.78,92831.00,92856.69,300,63,0
2026.03.24 06:50:00,92826.44,92841.98,92819.60,92839.88,300,63,0
2026.03.24 06:45:00,92820.51,92833.16,92818.26,92826.47,300,63,0
2026.03.24 06:40:00,92807.61,92826.48,92804.61,92820.54,300,63,0
2026.03.24 06:35:00,92816.61,92816.61,92807.64,92807.64,300,63,0
2026.03.24 06:30:00,92825.61,92825.61,92816.64,92816.64,300,63,0
2026.03.24 06:25:00,92834.61,92834.61,92825.64,92825.64,300,63,0
2026.03.24 06:20:00,92820.73,92834.94,92812.09,92834.64,300,63,0
2026.03.24 06:15:00,92829.73,92829.73,92820.76,92820.76,300,63,0
2026.03.24 06:10:00,92810.68,92838.55,92810.53,92829.76,300,63,0
2026.03.24 06:05:00,92819.68,92819.68,92810.71,92810.71,300,63,0
2026.03.24 06:00:00,92828.68,92828.68,92819.71,92819.71,300,63,0
2026.03.24 05:55:00,92820.58,92828.71,92811.64,92828.71,300,63,0
2026.03.24 05:50:00,92829.58,92829.58,92820.61,92820.61,300,63,0
2026.03.24 05:45:00,92838.58,92838.58,92829.61,92829.61,300,63,0
2026.03.24 05:40:00,92847.58,92847.58,92838.61,92838.61,300,63,0
2026.03.24 05:35:00,92842.74,92849.11,92835.30,92847.61,300,63,0
2026.03.24 05:30:00,92780.55,92844.57,92774.01,92842.77,300,63,0
2026.03.24 05:25:00,92789.55,92789.55,92780.58,92780.58,300,63,0
2026.03.24 05:20:00,92798.55,92798.55,92789.58,92789.58,300,63,0
2026.03.24 05:15:00,92807.55,92807.55,92798.58,92798.58,300,63,0
2026.03.24 05:10:00,92816.55,92816.55,92807.58,92807.58,300,63,0
2026.03.24 05:05:00,92825.55,92825.55,92816.58,92816.58,300,63,0
2026.03.24 05:00:00,92813.14,92828.07,92806.69,92825.58,300,63,0
2026.03.24 04:55:00,92822.14,92822.14,92813.17,92813.17,300,63,0
2026.03.24 04:50:00,92831.14,92831.14,92822.17,92822.17,300,63,0
2026.03.24 04:45:00,92840.14,92840.14,92831.17,92831.17,300,63,0
2026.03.24 04:40:00,92801.81,92840.65,92799.68,92840.17,300,63,0
2026.03.24 04:35:00,92784.05,92807.78,92781.05,92801.84,300,63,0
2026.03.24 04:30:00,92793.05,92793.05,92784.08,92784.08,300,63,0
2026.03.24 04:25:00,92781.33,92794.46,92773.77,92793.08,300,63,0
2026.03.24 04:20:00,92790.33,92790.33,92781.36,92781.36,300,63,0
2026.03.24 04:15:00,92799.33,92799.33,92790.36,92790.36,300,63,0
2026.03.24 04:10:00,92808.33,92808.33,92799.36,92799.36,300,63,0
2026.03.24 04:05:00,92781.16,92811.54,92775.40,92808.36,300,63,0
2026.03.24 04:00:00,92776.11,92784.25,92770.23,92781.19,300,63,0
2026.03.24 03:55:00,92785.11,92785.11,92776.14,92776.14,300,63,0
2026.03.24 03:50:00,92794.11,92794.11,92785.14,92785.14,300,63,0
2026.03.24 03:45:00,92803.11,92803.11,92794.14,92794.14,300,63,0
2026.03.24 03:40:00,92812.11,92812.11,92803.14,92803.14,300,63,0
2026.03.24 03:35:00,92790.65,92818.47,92788.04,92812.14,300,63,0
2026.03.24 03:30:00,92799.65,92799.65,92790.68,92790.68,300,63,0
2026.03.24 03:25:00,92808.65,92808.65,92799.68,92799.68,300,63,0
2026.03.24 03:20:00,92817.65,92817.65,92808.68,92808.68,300,63,0
2026.03.24 03:15:00,92826.65,92826.65,92817.68,92817.68,300,63,0
2026.03.24 03:10:00,92835.65,92835.65,92826.68,92826.68,300,63,0
2026.03.24 03:05:00,92844.65,92844.65,92835.68,92835.68,300,63,0
2026.03.24 03:00:00,92853.65,92853.65,92844.68,92844.68,300,63,0
2026.03.24 02:55:00,92845.25,92856.80,92839.43,92853.68,300,63,0
2026.03.24 02:50:00,92854.25,92854.25,92845.28,92845.28,300,63,0
2026.03.24 02:45:00,92863.25,92863.25,92854.28,92854.28,300,63,0
2026.03.24 02:40:00,92844.71,92865.83,92838.32,92863.28,300,63,0
2026.03.24 02:35:00,92820.15,92851.64,92818.11,92844.74,300,63,0
2026.03.24 02:30:00,92829.15,92829.15,92820.18,92820.18,300,63,0
2026.03.24 02:25:00,92810.35,92831.13,92808.88,92829.18,300,63,0
2026.03.24 02:20:00,92819.35,92819.35,92810.38,92810.38,300,63,0
2026.03.24 02:15:00,92828.35,92828.35,92819.38,92819.38,300,63,0
2026.03.24 02:10:00,92813.15,92829.49,92805.32,92828.38,300,63,0
2026.03.24 02:05:00,92822.15,92822.15,92813.18,92813.18,300,63,0
2026.03.24 02:00:00,92831.15,92831.15,92822.18,92822.18,300,63,0
2026.03.24 01:55:00,92840.15,92840.15,92831.18,92831.18,300,63,0
2026.03.24 01:50:00,92849.15,92849.15,92840.18,92840.18,300,63,0
2026.03.24 01:45:00,92858.15,92858.15,92849.18,92849.18,300,63,0
2026.03.24 01:40:00,92867.15,92867.15,92858.18,92858.18,300,63,0
2026.03.24 01:35:00,92876.15,92876.15,92867.18,92867.18,300,63,0
2026.03.24 01:30:00,92885.15,92885.15,92876.18,92876.18,300,63,0
2026.03.24 01:25:00,92865.76,92889.71,92861.35,92885.18,300,63,0
2026.03.24 01:20:00,92852.65,92865.94,92843.86,92865.79,300,63,0
2026.03.24 01:15:00,92861.65,92861.65,92852.68,92852.68,300,63,0
2026.03.24 01:10:00,92870.65,92870.65,92861.68,92861.68,300,63,0
2026.03.24 01:05:00,92879.65,92879.65,92870.68,92870.68,300,63,0
2026.03.24 01:00:00,92888.65,92888.65,92879.68,92879.68,300,63,0
2026.03.24 00:55:00,92881.71,92891.77,92875.86,92888.68,300,63,0
2026.03.24 00:50:00,92870.85,92889.18,92869.35,92881.74,300,63,0
2026.03.24 00:45:00,92862.84,92879.07,92862.09,92870.88,300,63,0
2026.03.24 00:40:00,92871.84,92871.84,92862.87,92862.87,300,63,0
2026.03.24 00:35:00,92880.84,92880.84,92871.87,92871.87,300,63,0
2026.03.24 00:30:00,92889.84,92889.84,92880.87,92880.87,300,63,0
2026.03.24 00:25:00,92898.84,92898.84,92889.87,92889.87,300,63,0
2026.03.24 00:20:00,92895.48,92900.22,92887.89,92898.87,300,63,0
2026.03.24 00:15:00,92904.48,92904.48,92895.51,92895.51,300,63,0
2026.03.24 00:10:00,92888.28,92909.49,92884.32,92904.51,300,63,0
2026.03.24 00:05:00,92897.28,92897.28,92888.31,92888.31,300,63,0
2026.03.24 00:00:00,92873.75,92898.09,92865.59,92897.31,300,63,0
2026.03.23 23:55:00,92882.75,92882.75,92873.78,92873.78,300,63,0
2026.03.23 23:50:00,92891.75,92891.75,92882.78,92882.78,300,63,0
2026.03.23 23:45:00,92885.44,92892.59,92877.31,92891.78,300,63,0
2026.03.23 23:40:00,92894.44,92894.44,92885.47,92885.47,300,63,0
2026.03.23 23:35:00,92903.44,92903.44,92894.47,92894.47,300,63,0
2026.03.23 23:30:00,92912.44,92912.44,92903.47,92903.47,300,63,0
2026.03.23 23:25:00,92905.16,92917.69,92901.44,92912.47,300,63,0
2026.03.23 23:20:00,92914.16,92914.16,92905.19,92905.19,300,63,0
2026.03.23 23:15:00,92923.16,92923.16,92914.19,92914.19,300,63,0
2026.03.23 23:10:00,92932.16,92932.16,92923.19,92923.19,300,63,0
2026.03.23 23:05:00,92941.16,92941.16,92932.19,92932.19,300,63,0
2026.03.23 23:00:00,92950.16,92950.16,92941.19,92941.19,300,63,0
2026.03.23 22:55:00,92934.04,92952.74,92927.65,92950.19,300,63,0
2026.03.23 22:50:00,92943.04,92943.04,92934.07,92934.07,300,63,0
2026.03.23 22:45:00,92878.00,92945.26,92877.67,92943.07,300,63,0
2026.03.23 22:40:00,92887.00,92887.00,92878.03,92878.03,300,63,0
2026.03.23 22:35:00,92896.00,92896.00,92887.03,92887.03,300,63,0
2026.03.23 22:30:00,92905.00,92905.00,92896.03,92896.03,300,63,0
2026.03.23 22:25:00,92914.00,92914.00,92905.03,92905.03,300,63,0
2026.03.23 22:20:00,92923.00,92923.00,92914.03,92914.03,300,63,0
2026.03.23 22:15:00,92932.00,92932.00,92923.03,92923.03,300,63,0
2026.03.23 22:10:00,92895.66,92932.90,92887.59,92932.03,300,63,0
2026.03.23 22:05:00,92904.66,92904.66,92895.69,92895.69,300,63,0
2026.03.23 22:00:00,92913.66,92913.66,92904.69,92904.69,300,63,0
2026.03.23 21:55:00,92922.66,92922.66,92913.69,92913.69,300,63,0
2026.03.23 21:50:00,92931.66,92931.66,92922.69,92922.69,300,63,0
2026.03.23 21:45:00,92940.66,92940.66,92931.69,92931.69,300,63,0
2026.03.23 21:40:00,92949.66,92949.66,92940.69,92940.69,300,63,0
2026.03.23 21:35:00,92958.66,92958.66,92949.69,92949.69,300,63,0
2026.03.23 21:30:00,92967.66,92967.66,92958.69,92958.69,300,63,0
2026.03.23 21:25:00,92949.34,92976.45,92949.16,92967.69,300,63,0
2026.03.23 21:20:00,92927.36,92954.44,92923.49,92949.37,300,63,0
2026.03.23 21:15:00,92936.36,92936.36,92927.39,92927.39,300,63,0
2026.03.23 21:10:00,92919.39,92939.39,92913.45,92936.39,300,63,0
2026.03.23 21:05:00,92928.39,92928.39,92919.42,92919.42,300,63,0
2026.03.23 21:00:00,92937.39,92937.39,92928.42,92928.42,300,63,0
2026.03.23 20:55:00,92924.65,92941.77,92920.06,92937.42,300,63,0
2026.03.23 20:50:00,92877.88,92925.25,92873.17,92924.68,300,63,0
2026.03.23 20:45:00,92886.88,92886.88,92877.91,92877.91,300,63,0
2026.03.23 20:40:00,92895.88,92895.88,92886.91,92886.91,300,63,0
2026.03.23 20:35:00,92882.95,92902.72,92880.82,92895.91,300,63,0
2026.03.23 20:30:00,92891.95,92891.95,92882.98,92882.98,300,63,0
2026.03.23 20:25:00,92900.95,92900.95,92891.98,92891.98,300,63,0
2026.03.23 20:20:00,92909.95,92909.95,92900.98,92900.98,300,63,0
2026.03.23 20:15:00,92904.34,92912.26,92897.68,92909.98,300,63,0
2026.03.23 20:10:00,92913.34,92913.34,92904.37,92904.37,300,63,0
2026.03.23 20:05:00,92922.34,92922.34,92913.37,92913.37,300,63,0
2026.03.23 20:00:00,92931.34,92931.34,92922.37,92922.37,300,63,0
2026.03.23 19:55:00,92926.85,92934.61,92921.15,92931.37,300,63,0
2026.03.23 19:50:00,92892.08,92933.42,92891.57,92926.88,300,63,0
2026.03.23 19:45:00,92901.08,92901.08,92892.11,92892.11,300,63,0
2026.03.23 19:40:00,92910.08,92910.08,92901.11,92901.11,300,63,0
2026.03.23 19:35:00,92919.08,92919.08,92910.11,92910.11,300,63,0
2026.03.23 19:30:00,92928.08,92928.08,92919.11,92919.11,300,63,0
2026.03.23 19:25:00,92937.08,92937.08,92928.11,92928.11,300,63,0
2026.03.23 19:20:00,92946.08,92946.08,92937.11,92937.11,300,63,0
2026.03.23 19:15:00,92940.72,92946.62,92932.29,92946.11,300,63,0
2026.03.23 19:10:00,92908.98,92946.60,92905.89,92940.75,300,63,0
2026.03.23 19:05:00,92917.98,92917.98,92909.01,92909.01,300,63,0
2026.03.23 19:00:00,92914.91,92919.36,92907.32,92918.01,300,63,0
2026.03.23 18:55:00,92923.91,92923.91,92914.94,92914.94,300,63,0
2026.03.23 18:50:00,92932.91,92932.91,92923.94,92923.94,300,63,0
2026.03.23 18:45:00,92926.65,92934.74,92919.51,92932.94,300,63,0
2026.03.23 18:40:00,92935.65,92935.65,92926.68,92926.68,300,63,0
2026.03.23 18:35:00,92944.65,92944.65,92935.68,92935.68,300,63,0
2026.03.23 18:30:00,92953.65,92953.65,92944.68,92944.68,300,63,0
2026.03.23 18:25:00,92940.16,92959.35,92936.89,92953.68,300,63,0
2026.03.23 18:20:00,92949.16,92949.16,92940.19,92940.19,300,63,0
2026.03.23 18:15:00,92958.16,92958.16,92949.19,92949.19,300,63,0
2026.03.23 18:10:00,92967.16,92967.16,92958.19,92958.19,300,63,0
2026.03.23 18:05:00,92976.16,92976.16,92967.19,92967.19,300,63,0
2026.03.23 18:00:00,92985.16,92985.16,92976.19,92976.19,300,63,0
2026.03.23 17:55:00,92994.16,92994.16,92985.19,92985.19,300,63,0
2026.03.23 17:50:00,93003.16,93003.16,92994.19,92994.19,300,63,0
2026.03.23 17:45:00,93012.16,93012.16,93003.19,93003.19,300,63,0
2026.03.23 17:40:00,93021.16,93021.16,93012.19,93012.19,300,63,0
2026.03.23 17:35:00,93030.16,93030.16,93021.19,93021.19,300,63,0
2026.03.23 17:30:00,93039.16,93039.16,93030.19,93030.19,300,63,0
2026.03.23 17:25:00,93048.16,93048.16,93039.19,93039.19,300,63,0
2026.03.23 17:20:00,93037.48,93051.37,93031.72,93048.19,300,63,0
2026.03.23 17:15:00,92959.07,93037.66,92958.35,93037.51,300,63,0
2026.03.23 17:10:00,92968.07,92968.07,92959.10,92959.10,300,63,0
2026.03.23 17:05:00,92962.63,92968.25,92953.84,92968.10,300,63,0
2026.03.23 17:00:00,92971.63,92971.63,92962.66,92962.66,300,63,0
2026.03.23 16:55:00,92964.81,92974.09,92958.30,92971.66,300,63,0
2026.03.23 16:50:00,92973.81,92973.81,92964.84,92964.84,300,63,0
2026.03.23 16:45:00,92960.51,92981.25,92958.98,92973.84,300,63,0
2026.03.23 16:40:00,92969.51,92969.51,92960.54,92960.54,300,63,0
2026.03.23 16:35:00,92978.51,92978.51,92969.54,92969.54,300,63,0
2026.03.23 16:30:00,92987.51,92987.51,92978.54,92978.54,300,63,0
2026.03.23 16:25:00,92961.99,92996.24,92961.75,92987.54,300,63,0
2026.03.23 16:20:00,92970.99,92970.99,92962.02,92962.02,300,63,0
2026.03.23 16:15:00,92979.99,92979.99,92971.02,92971.02,300,63,0
2026.03.23 16:10:00,92988.99,92988.99,92980.02,92980.02,300,63,0
2026.03.23 16:05:00,92997.99,92997.99,92989.02,92989.02,300,63,0
2026.03.23 16:00:00,93006.99,93006.99,92998.02,92998.02,300,63,0
2026.03.23 15:55:00,93015.99,93015.99,93007.02,93007.02,300,63,0
2026.03.23 15:50:00,93006.93,93021.72,93003.69,93016.02,300,63,0
2026.03.23 15:45:00,93015.93,93015.93,93006.96,93006.96,300,63,0
2026.03.23 15:40:00,93010.38,93015.99,93001.47,93015.96,300,63,0
2026.03.23 15:35:00,93019.38,93019.38,93010.41,93010.41,300,63,0
2026.03.23 15:30:00,93028.38,93028.38,93019.41,93019.41,300,63,0
2026.03.23 15:25:00,93037.38,93037.38,93028.41,93028.41,300,63,0
2026.03.23 15:20:00,93021.78,93040.02,93015.45,93037.41,300,63,0
2026.03.23 15:15:00,93030.78,93030.78,93021.81,93021.81,300,63,0
2026.03.23 15:10:00,93007.84,93035.64,93003.73,93030.81,300,63,0
2026.03.23 15:05:00,93016.84,93016.84,93007.87,93007.87,300,63,0
2026.03.23 15:00:00,93025.84,93025.84,93016.87,93016.87,300,63,0
2026.03.23 14:55:00,93034.84,93034.84,93025.87,93025.87,300,63,0
2026.03.23 14:50:00,93025.01,93035.95,93017.15,93034.87,300,63,0
2026.03.23 14:45:00,93003.84,93026.78,92996.64,93025.04,300,63,0
2026.03.23 14:40:00,93012.84,93012.84,93003.87,93003.87,300,63,0
2026.03.23 14:35:00,93021.84,93021.84,93012.87,93012.87,300,63,0
2026.03.23 14:30:00,93030.84,93030.84,93021.87,93021.87,300,63,0
2026.03.23 14:25:00,93039.84,93039.84,93030.87,93030.87,300,63,0
2026.03.23 14:20:00,93048.84,93048.84,93039.87,93039.87,300,63,0
2026.03.23 14:15:00,93057.84,93057.84,93048.87,93048.87,300,63,0
2026.03.23 14:10:00,93066.84,93066.84,93057.87,93057.87,300,63,0
2026.03.23 14:05:00,93075.84,93075.84,93066.87,93066.87,300,63,0
2026.03.23 14:00:00,93039.81,93076.44,93036.21,93075.87,300,63,0
2026.03.23 13:55:00,93048.81,93048.81,93039.84,93039.84,300,63,0
2026.03.23 13:50:00,93039.64,93050.76,93032.62,93048.84,300,63,0
2026.03.23 13:45:00,93048.64,93048.64,93039.67,93039.67,300,63,0
2026.03.23 13:40:00,93057.64,93057.64,93048.67,93048.67,300,63,0
2026.03.23 13:35:00,93026.48,93059.47,93023.78,93057.67,300,63,0
2026.03.23 13:30:00,93035.48,93035.48,93026.51,93026.51,300,63,0
2026.03.23 13:25:00,93024.69,93036.29,93016.53,93035.51,300,63,0
2026.03.23 13:20:00,93033.69,93033.69,93024.72,93024.72,300,63,0
2026.03.23 13:15:00,93042.69,93042.69,93033.72,93033.72,300,63,0
2026.03.23 13:10:00,93032.44,93050.52,93031.30,93042.72,300,63,0
2026.03.23 13:05:00,93041.44,93041.44,93032.47,93032.47,300,63,0
2026.03.23 13:00:00,93050.44,93050.44,93041.47,93041.47,300,63,0
2026.03.23 12:55:00,93038.89,93054.79,93034.27,93050.47,300,63,0
2026.03.23 12:50:00,93047.89,93047.89,93038.92,93038.92,300,63,0
2026.03.23 12:45:00,93056.89,93056.89,93047.92,93047.92,300,63,0
2026.03.23 12:40:00,93065.89,93065.89,93056.92,93056.92,300,63,0
2026.03.23 12:35:00,93074.89,93074.89,93065.92,93065.92,300,63,0
2026.03.23 12:30:00,93083.89,93083.89,93074.92,93074.92,300,63,0
2026.03.23 12:25:00,93092.89,93092.89,93083.92,93083.92,300,63,0
2026.03.23 12:20:00,93101.89,93101.89,93092.92,93092.92,300,63,0
2026.03.23 12:15:00,93094.32,93105.34,93088.80,93101.92,300,63,0
2026.03.23 12:10:00,93083.18,93100.74,93080.63,93094.35,300,63,0
2026.03.23 12:05:00,93092.18,93092.18,93083.21,93083.21,300,63,0
2026.03.23 12:00:00,93101.18,93101.18,93092.21,93092.21,300,63,0
2026.03.23 11:55:00,93089.53,93107.51,93086.89,93101.21,300,63,0
2026.03.23 11:50:00,93098.53,93098.53,93089.56,93089.56,300,63,0
2026.03.23 11:45:00,93107.53,93107.53,93098.56,93098.56,300,63,0
2026.03.23 11:40:00,93116.53,93116.53,93107.56,93107.56,300,63,0
2026.03.23 11:35:00,93125.53,93125.53,93116.56,93116.56,300,63,0
2026.03.23 11:30:00,93134.53,93134.53,93125.56,93125.56,300,63,0
2026.03.23 11:25:00,93143.53,93143.53,93134.56,93134.56,300,63,0
2026.03.23 11:20:00,93140.11,93150.85,93138.46,93143.56,300,63,0
2026.03.23 11:15:00,93149.11,93149.11,93140.14,93140.14,300,63,0
2026.03.23 11:10:00,93158.11,93158.11,93149.14,93149.14,300,63,0
2026.03.23 11:05:00,93167.11,93167.11,93158.14,93158.14,300,63,0
2026.03.23 11:00:00,93151.42,93174.07,93149.41,93167.14,300,63,0
2026.03.23 10:55:00,93160.42,93160.42,93151.45,93151.45,300,63,0
2026.03.23 10:50:00,93151.62,93167.23,93149.46,93160.45,300,63,0
2026.03.23 10:45:00,93160.62,93160.62,93151.65,93151.65,300,63,0
2026.03.23 10:40:00,93169.62,93169.62,93160.65,93160.65,300,63,0
2026.03.23 10:35:00,93136.91,93174.21,93132.53,93169.65,300,63,0
2026.03.23 10:30:00,93145.91,93145.91,93136.94,93136.94,300,63,0
2026.03.23 10:25:00,93141.99,93150.65,93137.76,93145.94,300,63,0
2026.03.23 10:20:00,93150.99,93150.99,93142.02,93142.02,300,63,0
2026.03.23 10:15:00,93159.99,93159.99,93151.02,93151.02,300,63,0
2026.03.23 10:10:00,93168.99,93168.99,93160.02,93160.02,300,63,0
2026.03.23 10:05:00,93177.99,93177.99,93169.02,93169.02,300,63,0
2026.03.23 10:00:00,93186.99,93186.99,93178.02,93178.02,300,63,0
2026.03.23 09:55:00,93195.99,93195.99,93187.02,93187.02,300,63,0
2026.03.23 09:50:00,93204.99,93204.99,93196.02,93196.02,300,63,0
2026.03.23 09:45:00,93168.10,93209.19,93166.21,93205.02,300,63,0
2026.03.23 09:40:00,93177.10,93177.10,93168.13,93168.13,300,63,0
2026.03.23 09:35:00,93186.10,93186.10,93177.13,93177.13,300,63,0
2026.03.23 09:30:00,93139.68,93187.93,93133.92,93186.13,300,63,0
2026.03.23 09:25:00,93148.68,93148.68,93139.71,93139.71,300,63,0
2026.03.23 09:20:00,93157.68,93157.68,93148.71,93148.71,300,63,0
2026.03.23 09:15:00,93166.68,93166.68,93157.71,93157.71,300,63,0
2026.03.23 09:10:00,93175.68,93175.68,93166.71,93166.71,300,63,0
2026.03.23 09:05:00,93184.68,93184.68,93175.71,93175.71,300,63,0
2026.03.23 09:00:00,93193.68,93193.68,93184.71,93184.71,300,63,0
2026.03.23 08:55:00,93202.68,93202.68,93193.71,93193.71,300,63,0
2026.03.23 08:50:00,93211.68,93211.68,93202.71,93202.71,300,63,0
2026.03.23 08:45:00,93206.89,93212.13,93198.37,93211.71,300,63,0
2026.03.23 08:40:00,93215.89,93215.89,93206.92,93206.92,300,63,0
2026.03.23 08:35:00,93224.89,93224.89,93215.92,93215.92,300,63,0
2026.03.23 08:30:00,93233.89,93233.89,93224.92,93224.92,300,63,0
2026.03.23 08:25:00,93228.93,93234.04,93220.11,93233.92,300,63,0
2026.03.23 08:20:00,93237.93,93237.93,93228.96,93228.96,300,63,0
2026.03.23 08:15:00,93224.96,93242.58,93220.64,93237.96,300,63,0
2026.03.23 08:10:00,93216.09,93225.80,93207.96,93224.99,300,63,0
2026.03.23 08:05:00,93225.09,93225.09,93216.12,93216.12,300,63,0
2026.03.23 08:00:00,93234.09,93234.09,93225.12,93225.12,300,63,0
2026.03.23 07:55:00,93243.09,93243.09,93234.12,93234.12,300,63,0
2026.03.23 07:50:00,93252.09,93252.09,93243.12,93243.12,300,63,0
2026.03.23 07:45:00,93231.51,93259.77,93230.22,93252.12,300,63,0
2026.03.23 07:40:00,93207.64,93235.59,93202.75,93231.54,300,63,0
2026.03.23 07:35:00,93216.64,93216.64,93207.67,93207.67,300,63,0
2026.03.23 07:30:00,93201.51,93222.22,93198.12,93216.67,300,63,0
2026.03.23 07:25:00,93210.51,93210.51,93201.54,93201.54,300,63,0
2026.03.23 07:20:00,93219.51,93219.51,93210.54,93210.54,300,63,0
2026.03.23 07:15:00,93228.51,93228.51,93219.54,93219.54,300,63,0
2026.03.23 07:10:00,93237.51,93237.51,93228.54,93228.54,300,63,0
2026.03.23 07:05:00,93204.34,93238.95,93196.81,93237.54,300,63,0
2026.03.23 07:00:00,93213.34,93213.34,93204.37,93204.37,300,63,0
2026.03.23 06:55:00,93200.36,93217.63,93195.68,93213.37,300,63,0
2026.03.23 06:50:00,93209.36,93209.36,93200.39,93200.39,300,63,0
2026.03.23 06:45:00,93193.89,93217.43,93192.99,93209.39,300,63,0
2026.03.23 06:40:00,93202.89,93202.89,93193.92,93193.92,300,63,0
2026.03.23 06:35:00,93211.89,93211.89,93202.92,93202.92,300,63,0
2026.03.23 06:30:00,93220.89,93220.89,93211.92,93211.92,300,63,0
2026.03.23 06:25:00,93229.89,93229.89,93220.92,93220.92,300,63,0
2026.03.23 06:20:00,93238.89,93238.89,93229.92,93229.92,300,63,0
2026.03.23 06:15:00,93247.89,93247.89,93238.92,93238.92,300,63,0
2026.03.23 06:10:00,93256.89,93256.89,93247.92,93247.92,300,63,0
2026.03.23 06:05:00,93265.89,93265.89,93256.92,93256.92,300,63,0
2026.03.23 06:00:00,93255.74,93274.23,93255.11,93265.92,300,63,0
2026.03.23 05:55:00,93264.74,93264.74,93255.77,93255.77,300,63,0
2026.03.23 05:50:00,93273.74,93273.74,93264.77,93264.77,300,63,0
2026.03.23 05:45:00,93258.01,93279.14,93254.44,93273.77,300,63,0
2026.03.23 05:40:00,93267.01,93267.01,93258.04,93258.04,300,63,0
2026.03.23 05:35:00,93276.01,93276.01,93267.04,93267.04,300,63,0
2026.03.23 05:30:00,93270.41,93283.12,93268.55,93276.04,300,63,0
2026.03.23 05:25:00,93279.44,93279.44,93270.44,93270.44,301,63,0
2026.03.23 05:20:00,93288.41,93288.41,93279.47,93279.47,299,63,0
2026.03.23 05:15:00,93272.80,93291.77,93267.16,93288.44,301,63,0
2026.03.23 05:10:00,93281.77,93281.77,93272.83,93272.83,299,63,0
2026.03.23 05:05:00,93248.77,93284.71,93247.30,93281.80,301,63,0
2026.03.23 05:00:00,93257.74,93257.74,93248.80,93248.80,299,63,0
2026.03.23 04:55:00,93266.77,93266.77,93257.77,93257.77,301,63,0
2026.03.23 04:50:00,93224.24,93269.23,93218.15,93266.80,299,63,0
2026.03.23 04:45:00,93218.16,93228.56,93213.48,93224.27,301,63,0
2026.03.23 04:40:00,93227.13,93227.13,93218.19,93218.19,299,63,0
2026.03.23 04:35:00,93219.16,93231.42,93214.45,93227.16,301,63,0
2026.03.23 04:30:00,93228.16,93228.16,93219.19,93219.19,300,63,0
2026.03.23 04:25:00,93222.93,93229.15,93214.95,93228.19,300,63,0
2026.03.23 04:20:00,93231.93,93231.93,93222.96,93222.96,300,63,0
2026.03.23 04:15:00,93240.93,93240.93,93231.96,93231.96,300,63,0
2026.03.23 04:10:00,93226.91,93246.75,93223.76,93240.96,300,63,0
2026.03.23 04:05:00,93235.91,93235.91,93226.94,93226.94,300,63,0
2026.03.23 04:00:00,93225.84,93239.45,93220.41,93235.94,300,63,0
2026.03.23 03:55:00,93234.84,93234.84,93225.87,93225.87,300,63,0
2026.03.23 03:50:00,93243.84,93243.84,93234.87,93234.87,300,63,0
2026.03.23 03:45:00,93252.84,93252.84,93243.87,93243.87,300,63,0
2026.03.23 03:40:00,93245.22,93260.70,93244.11,93252.87,300,63,0
2026.03.23 03:35:00,93254.22,93254.22,93245.25,93245.25,300,63,0
2026.03.23 03:30:00,93263.22,93263.22,93254.25,93254.25,300,63,0
2026.03.23 03:25:00,93237.27,93264.30,93229.38,93263.25,300,63,0
2026.03.23 03:20:00,93246.27,93246.27,93237.30,93237.30,300,63,0
2026.03.23 03:15:00,93194.85,93248.79,93193.26,93246.30,300,63,0
2026.03.23 03:10:00,93203.85,93203.85,93194.88,93194.88,300,63,0
2026.03.23 03:05:00,93212.85,93212.85,93203.88,93203.88,300,63,0
2026.03.23 03:00:00,93221.85,93221.85,93212.88,93212.88,300,63,0
2026.03.23 02:55:00,93230.85,93230.85,93221.88,93221.88,300,63,0
2026.03.23 02:50:00,93206.70,93235.98,93202.86,93230.88,300,63,0
2026.03.23 02:45:00,93181.58,93208.98,93174.89,93206.73,300,63,0
2026.03.23 02:40:00,93190.58,93190.58,93181.61,93181.61,300,63,0
2026.03.23 02:35:00,93159.44,93197.69,93157.58,93190.61,300,63,0
2026.03.23 02:30:00,93138.40,93161.27,93131.26,93159.47,300,63,0
2026.03.23 02:25:00,93147.40,93147.40,93138.43,93138.43,300,63,0
2026.03.23 02:20:00,93126.38,93155.89,93125.90,93147.43,300,63,0
2026.03.23 02:15:00,93135.38,93135.38,93126.41,93126.41,300,63,0
2026.03.23 02:10:00,93144.38,93144.38,93135.41,93135.41,300,63,0
2026.03.23 02:05:00,93138.85,93146.51,93132.01,93144.41,300,63,0
2026.03.23 02:00:00,93147.85,93147.85,93138.88,93138.88,300,63,0
2026.03.23 01:55:00,93156.85,93156.85,93147.88,93147.88,300,63,0
2026.03.23 01:50:00,93165.85,93165.85,93156.88,93156.88,300,63,0
2026.03.23 01:45:00,93174.85,93174.85,93165.88,93165.88,300,63,0
2026.03.23 01:40:00,93167.40,93177.79,93161.37,93174.88,300,63,0
2026.03.23 01:35:00,93176.40,93176.40,93167.43,93167.43,300,63,0
2026.03.23 01:30:00,93185.40,93185.40,93176.43,93176.43,300,63,0
2026.03.23 01:25:00,93194.40,93194.40,93185.43,93185.43,300,63,0
2026.03.23 01:20:00,93187.70,93200.10,93184.43,93194.43,300,63,0
2026.03.23 01:15:00,93164.42,93191.27,93159.02,93187.73,300,63,0
2026.03.23 01:10:00,93151.19,93165.41,93143.21,93164.45,300,63,0
2026.03.23 01:05:00,93160.19,93160.19,93151.22,93151.22,300,63,0
2026.03.23 01:00:00,93169.19,93169.19,93160.22,93160.22,300,63,0
2026.03.23 00:55:00,93178.19,93178.19,93169.22,93169.22,300,63,0
2026.03.23 00:50:00,93136.66,93184.13,93135.04,93178.22,300,63,0
2026.03.23 00:45:00,93145.66,93145.66,93136.69,93136.69,300,63,0
2026.03.23 00:40:00,93154.66,93154.66,93145.69,93145.69,300,63,0
2026.03.23 00:35:00,93163.66,93163.66,93154.69,93154.69,300,63,0
2026.03.23 00:30:00,93172.66,93172.66,93163.69,93163.69,300,63,0
2026.03.23 00:25:00,93181.66,93181.66,93172.69,93172.69,300,63,0
2026.03.23 00:20:00,93190.66,93190.66,93181.69,93181.69,300,63,0
2026.03.23 00:15:00,93199.66,93199.66,93190.69,93190.69,300,63,0
2026.03.23 00:10:00,93208.66,93208.66,93199.69,93199.69,300,63,0
2026.03.23 00:05:00,93201.24,93216.70,93200.31,93208.69,300,63,0
2026.03.23 00:00:00,93210.24,93210.24,93201.27,93201.27,300,63,0
2026.03.22 23:55:00,93219.24,93219.24,93210.27,93210.27,300,63,0
2026.03.22 23:50:00,93207.42,93223.11,93202.32,93219.27,300,63,0
2026.03.22 23:45:00,93216.42,93216.42,93207.45,93207.45,300,63,0
2026.03.22 23:40:00,93225.42,93225.42,93216.45,93216.45,300,63,0
2026.03.22 23:35:00,93234.42,93234.42,93225.45,93225.45,300,63,0
2026.03.22 23:30:00,93243.42,93243.42,93234.45,93234.45,300,63,0
2026.03.22 23:25:00,93232.87,93245.25,93225.73,93243.45,300,63,0
2026.03.22 23:20:00,93241.87,93241.87,93232.90,93232.90,300,63,0
2026.03.22 23:15:00,93231.48,93247.60,93228.24,93241.90,300,63,0
2026.03.22 23:10:00,93240.48,93240.48,93231.51,93231.51,300,63,0
2026.03.22 23:05:00,93249.48,93249.48,93240.51,93240.51,300,63,0
2026.03.22 23:00:00,93227.09,93255.99,93224.63,93249.51,300,63,0
2026.03.22 22:55:00,93236.09,93236.09,93227.12,93227.12,300,63,0
2026.03.22 22:50:00,93245.09,93245.09,93236.12,93236.12,300,63,0
2026.03.22 22:45:00,93254.09,93254.09,93245.12,93245.12,300,63,0
2026.03.22 22:40:00,93263.09,93263.09,93254.12,93254.12,300,63,0
2026.03.22 22:35:00,93272.09,93272.09,93263.12,93263.12,300,63,0
2026.03.22 22:30:00,93281.09,93281.09,93272.12,93272.12,300,63,0
2026.03.22 22:25:00,93290.09,93290.09,93281.12,93281.12,300,63,0
2026.03.22 22:20:00,93269.61,93291.08,93261.63,93290.12,300,63,0
2026.03.22 22:15:00,93254.02,93278.16,93253.60,93269.64,300,63,0
2026.03.22 22:10:00,93263.02,93263.02,93254.05,93254.05,300,63,0
2026.03.22 22:05:00,93272.02,93272.02,93263.05,93263.05,300,63,0
2026.03.22 22:00:00,93237.43,93279.82,93236.26,93272.05,300,63,0
2026.03.22 21:55:00,93246.43,93246.43,93237.46,93237.46,300,63,0
2026.03.22 21:50:00,93255.43,93255.43,93246.46,93246.46,300,63,0
2026.03.22 21:45:00,93236.98,93260.26,93232.84,93255.46,300,63,0
2026.03.22 21:40:00,93245.98,93245.98,93237.01,93237.01,300,63,0
2026.03.22 21:35:00,93254.98,93254.98,93246.01,93246.01,300,63,0
2026.03.22 21:30:00,93263.98,93263.98,93255.01,93255.01,300,63,0
2026.03.22 21:25:00,93272.98,93272.98,93264.01,93264.01,300,63,0
2026.03.22 21:20:00,93281.98,93281.98,93273.01,93273.01,300,63,0
2026.03.22 21:15:00,93290.98,93290.98,93282.01,93282.01,300,63,0
2026.03.22 21:10:00,93299.98,93299.98,93291.01,93291.01,300,63,0
2026.03.22 21:05:00,93308.98,93308.98,93300.01,93300.01,300,63,0
2026.03.22 21:00:00,93317.98,93317.98,93309.01,93309.01,300,63,0
2026.03.22 20:55:00,93326.98,93326.98,93318.01,93318.01,300,63,0
2026.03.22 20:50:00,93314.73,93329.35,93308.13,93327.01,300,63,0
2026.03.22 20:45:00,93311.45,93315.57,93303.32,93314.76,300,63,0
2026.03.22 20:40:00,93320.45,93320.45,93311.48,93311.48,300,63,0
2026.03.22 20:35:00,93329.45,93329.45,93320.48,93320.48,300,63,0
2026.03.22 20:30:00,93338.45,93338.45,93329.48,93329.48,300,63,0
2026.03.22 20:25:00,93347.45,93347.45,93338.48,93338.48,300,63,0
2026.03.22 20:20:00,93356.45,93356.45,93347.48,93347.48,300,63,0
2026.03.22 20:15:00,93365.45,93365.45,93356.48,93356.48,300,63,0
2026.03.22 20:10:00,93345.70,93369.11,93342.94,93365.48,300,63,0
2026.03.22 20:05:00,93354.70,93354.70,93345.73,93345.73,300,63,0
2026.03.22 20:00:00,93320.67,93360.01,93318.00,93354.73,300,63,0
2026.03.22 19:55:00,93315.43,93325.59,93311.38,93320.70,300,63,0
2026.03.22 19:50:00,93324.43,93324.43,93315.46,93315.46,300,63,0
2026.03.22 19:45:00,93333.43,93333.43,93324.46,93324.46,300,63,0
2026.03.22 19:40:00,93342.43,93342.43,93333.46,93333.46,300,63,0
2026.03.22 19:35:00,93351.43,93351.43,93342.46,93342.46,300,63,0
2026.03.22 19:30:00,93360.43,93360.43,93351.46,93351.46,300,63,0
2026.03.22 19:25:00,93345.29,93365.41,93341.30,93360.46,300,63,0
2026.03.22 19:20:00,93354.29,93354.29,93345.32,93345.32,300,63,0
2026.03.22 19:15:00,93363.29,93363.29,93354.32,93354.32,300,63,0
2026.03.22 19:10:00,93372.29,93372.29,93363.32,93363.32,300,63,0
2026.03.22 19:05:00,93381.29,93381.29,93372.32,93372.32,300,63,0
2026.03.22 19:00:00,93390.29,93390.29,93381.32,93381.32,300,63,0
2026.03.22 18:55:00,93399.29,93399.29,93390.32,93390.32,300,63,0
2026.03.22 18:50:00,93408.29,93408.29,93399.32,93399.32,300,63,0
2026.03.22 18:45:00,93417.29,93417.29,93408.32,93408.32,300,63,0
2026.03.22 18:40:00,93426.29,93426.29,93417.32,93417.32,300,63,0
2026.03.22 18:35:00,93423.06,93431.78,93419.58,93426.32,300,63,0
2026.03.22 18:30:00,93432.06,93432.06,93423.09,93423.09,300,63,0
2026.03.22 18:25:00,93441.06,93441.06,93432.09,93432.09,300,63,0
2026.03.22 18:20:00,93450.06,93450.06,93441.09,93441.09,300,63,0
2026.03.22 18:15:00,93459.06,93459.06,93450.09,93450.09,300,63,0
2026.03.22 18:10:00,93468.06,93468.06,93459.09,93459.09,300,63,0
2026.03.22 18:05:00,93477.06,93477.06,93468.09,93468.09,300,63,0
2026.03.22 18:00:00,93486.06,93486.06,93477.09,93477.09,300,63,0
2026.03.22 17:55:00,93476.85,93488.07,93469.89,93486.09,300,63,0
2026.03.22 17:50:00,93485.85,93485.85,93476.88,93476.88,300,63,0
2026.03.22 17:45:00,93494.85,93494.85,93485.88,93485.88,300,63,0
2026.03.22 17:40:00,93503.85,93503.85,93494.88,93494.88,300,63,0
2026.03.22 17:35:00,93512.85,93512.85,93503.88,93503.88,300,63,0
2026.03.22 17:30:00,93486.66,93519.60,93484.44,93512.88,300,63,0
2026.03.22 17:25:00,93495.66,93495.66,93486.69,93486.69,300,63,0
2026.03.22 17:20:00,93504.66,93504.66,93495.69,93495.69,300,63,0
2026.03.22 17:15:00,93513.66,93513.66,93504.69,93504.69,300,63,0
2026.03.22 17:10:00,93503.94,93522.57,93503.88,93513.69,300,63,0
2026.03.22 17:05:00,93512.94,93512.94,93503.97,93503.97,300,63,0
2026.03.22 17:00:00,93521.94,93521.94,93512.97,93512.97,300,63,0
2026.03.22 16:55:00,93530.94,93530.94,93521.97,93521.97,300,63,0
2026.03.22 16:50:00,93465.96,93532.44,93465.57,93530.97,300,63,0
2026.03.22 16:45:00,93404.18,93467.16,93403.73,93465.99,300,63,0
2026.03.22 16:40:00,93385.22,93409.61,93381.68,93404.21,300,63,0
2026.03.22 16:35:00,93394.22,93394.22,93385.25,93385.25,300,63,0
2026.03.22 16:30:00,93403.22,93403.22,93394.25,93394.25,300,63,0
2026.03.22 16:25:00,93412.22,93412.22,93403.25,93403.25,300,63,0
2026.03.22 16:20:00,93421.22,93421.22,93412.25,93412.25,300,63,0
2026.03.22 16:15:00,93381.52,93423.56,93381.46,93421.25,300,63,0
2026.03.22 16:10:00,93390.52,93390.52,93381.55,93381.55,300,63,0
2026.03.22 16:05:00,93399.52,93399.52,93390.55,93390.55,300,63,0
2026.03.22 16:00:00,93408.52,93408.52,93399.55,93399.55,300,63,0
2026.03.22 15:55:00,93417.52,93417.52,93408.55,93408.55,300,63,0
2026.03.22 15:50:00,93408.11,93423.73,93405.35,93417.55,300,63,0
2026.03.22 15:45:00,93417.11,93417.11,93408.14,93408.14,300,63,0
2026.03.22 15:40:00,93426.11,93426.11,93417.14,93417.14,300,63,0
2026.03.22 15:35:00,93406.65,93432.83,93404.40,93426.14,300,63,0
2026.03.22 15:30:00,93415.65,93415.65,93406.68,93406.68,300,63,0
2026.03.22 15:25:00,93424.65,93424.65,93415.68,93415.68,300,63,0
2026.03.22 15:20:00,93433.65,93433.65,93424.68,93424.68,300,63,0
2026.03.22 15:15:00,93442.65,93442.65,93433.68,93433.68,300,63,0
2026.03.22 15:10:00,93451.65,93451.65,93442.68,93442.68,300,63,0
2026.03.22 15:05:00,93460.65,93460.65,93451.68,93451.68,300,63,0
2026.03.22 15:00:00,93455.41,93464.25,93450.04,93460.68,300,63,0
2026.03.22 14:55:00,93442.58,93463.18,93441.38,93455.44,300,63,0
2026.03.22 14:50:00,93451.58,93451.58,93442.61,93442.61,300,63,0
2026.03.22 14:45:00,93460.58,93460.58,93451.61,93451.61,300,63,0
2026.03.22 14:40:00,93434.10,93462.59,93427.14,93460.61,300,63,0
2026.03.22 14:35:00,93443.10,93443.10,93434.13,93434.13,300,63,0
2026.03.22 14:30:00,93415.04,93445.14,93413.96,93443.13,300,63,0
2026.03.22 14:25:00,93424.04,93424.04,93415.07,93415.07,300,63,0
2026.03.22 14:20:00,93433.04,93433.04,93424.07,93424.07,300,63,0
2026.03.22 14:15:00,93442.04,93442.04,93433.07,93433.07,300,63,0
2026.03.22 14:10:00,93451.04,93451.04,93442.07,93442.07,300,63,0
2026.03.22 14:05:00,93460.04,93460.04,93451.07,93451.07,300,63,0
2026.03.22 14:00:00,93469.04,93469.04,93460.07,93460.07,300,63,0
2026.03.22 13:55:00,93478.04,93478.04,93469.07,93469.07,300,63,0
2026.03.22 13:50:00,93487.04,93487.04,93478.07,93478.07,300,63,0
2026.03.22 13:45:00,93496.04,93496.04,93487.07,93487.07,300,63,0
2026.03.22 13:40:00,93492.24,93504.23,93491.46,93496.07,300,63,0
2026.03.22 13:35:00,93501.24,93501.24,93492.27,93492.27,300,63,0
2026.03.22 13:30:00,93510.24,93510.24,93501.27,93501.27,300,63,0
2026.03.22 13:25:00,93519.24,93519.24,93510.27,93510.27,300,63,0
2026.03.22 13:20:00,93528.24,93528.24,93519.27,93519.27,300,63,0
2026.03.22 13:15:00,93504.45,93535.56,93502.80,93528.27,300,63,0
2026.03.22 13:10:00,93497.76,93506.34,93490.68,93504.48,300,63,0
2026.03.22 13:05:00,93506.76,93506.76,93497.79,93497.79,300,63,0
2026.03.22 13:00:00,93515.76,93515.76,93506.79,93506.79,300,63,0
2026.03.22 12:55:00,93524.76,93524.76,93515.79,93515.79,300,63,0
2026.03.22 12:50:00,93533.76,93533.76,93524.79,93524.79,300,63,0
2026.03.22 12:45:00,93523.29,93536.61,93517.17,93533.79,300,63,0
2026.03.22 12:40:00,93532.29,93532.29,93523.32,93523.32,300,63,0
2026.03.22 12:35:00,93499.63,93539.46,93497.83,93532.32,300,63,0
2026.03.22 12:30:00,93459.66,93501.49,93455.76,93499.66,300,63,0
2026.03.22 12:25:00,93448.05,93461.22,93440.64,93459.69,300,63,0
2026.03.22 12:20:00,93457.05,93457.05,93448.08,93448.08,300,63,0
2026.03.22 12:15:00,93466.05,93466.05,93457.08,93457.08,300,63,0
2026.03.22 12:10:00,93475.05,93475.05,93466.08,93466.08,300,63,0
2026.03.22 12:05:00,93484.05,93484.05,93475.08,93475.08,300,63,0
2026.03.22 12:00:00,93493.05,93493.05,93484.08,93484.08,300,63,0
2026.03.22 11:55:00,93502.05,93502.05,93493.08,93493.08,300,63,0
2026.03.22 11:50:00,93511.05,93511.05,93502.08,93502.08,300,63,0
2026.03.22 11:45:00,93520.05,93520.05,93511.08,93511.08,300,63,0
2026.03.22 11:40:00,93529.05,93529.05,93520.08,93520.08,300,63,0
2026.03.22 11:35:00,93538.05,93538.05,93529.08,93529.08,300,63,0
2026.03.22 11:30:00,93547.05,93547.05,93538.08,93538.08,300,63,0
2026.03.22 11:25:00,93556.05,93556.05,93547.08,93547.08,300,63,0
2026.03.22 11:20:00,93565.05,93565.05,93556.08,93556.08,300,63,0
2026.03.22 11:15:00,93574.05,93574.05,93565.08,93565.08,300,63,0
2026.03.22 11:10:00,93583.05,93583.05,93574.08,93574.08,300,63,0
2026.03.22 11:05:00,93592.05,93592.05,93583.08,93583.08,300,63,0
2026.03.22 11:00:00,93601.05,93601.05,93592.08,93592.08,300,63,0
2026.03.22 10:55:00,93610.05,93610.05,93601.08,93601.08,300,63,0
2026.03.22 10:50:00,93619.05,93619.05,93610.08,93610.08,300,63,0
2026.03.22 10:45:00,93628.05,93628.05,93619.08,93619.08,300,63,0
2026.03.22 10:40:00,93637.05,93637.05,93628.08,93628.08,300,63,0
2026.03.22 10:35:00,93646.05,93646.05,93637.08,93637.08,300,63,0
2026.03.22 10:30:00,93655.05,93655.05,93646.08,93646.08,300,63,0
2026.03.22 10:25:00,93664.05,93664.05,93655.08,93655.08,300,63,0
2026.03.22 10:20:00,93607.14,93665.43,93604.80,93664.08,300,63,0
2026.03.22 10:15:00,93616.14,93616.14,93607.17,93607.17,300,63,0
2026.03.22 10:10:00,93625.14,93625.14,93616.17,93616.17,300,63,0
2026.03.22 10:05:00,93634.14,93634.14,93625.17,93625.17,300,63,0
2026.03.22 10:00:00,93643.14,93643.14,93634.17,93634.17,300,63,0
2026.03.22 09:55:00,93630.07,93645.57,93623.53,93643.17,300,63,0
2026.03.22 09:50:00,93639.07,93639.07,93630.10,93630.10,300,63,0
2026.03.22 09:45:00,93626.56,93640.15,93618.67,93639.10,300,63,0
2026.03.22 09:40:00,93635.56,93635.56,93626.59,93626.59,293,63,0
2026.03.22 09:35:00,93644.56,93644.56,93635.59,93635.59,300,63,0
2026.03.22 09:30:00,93653.56,93653.56,93644.59,93644.59,300,63,0
2026.03.22 09:25:00,93662.56,93662.56,93653.59,93653.59,300,63,0
2026.03.22 09:20:00,93671.56,93671.56,93662.59,93662.59,300,63,0
2026.03.22 09:15:00,93680.56,93680.56,93671.59,93671.59,300,63,0
2026.03.22 09:10:00,93661.74,93684.79,93657.00,93680.59,300,63,0
2026.03.22 09:05:00,93670.74,93670.74,93661.77,93661.77,300,63,0
2026.03.22 09:00:00,93656.53,93678.15,93654.97,93670.77,300,63,0
2026.03.22 08:55:00,93610.98,93659.08,93610.50,93656.56,300,63,0
2026.03.22 08:50:00,93619.98,93619.98,93611.01,93611.01,300,63,0
2026.03.22 08:45:00,93628.98,93628.98,93620.01,93620.01,300,63,0
2026.03.22 08:40:00,93592.53,93629.76,93584.58,93629.01,300,63,0
2026.03.22 08:35:00,93601.53,93601.53,93592.56,93592.56,300,63,0
2026.03.22 08:30:00,93610.53,93610.53,93601.56,93601.56,300,63,0
2026.03.22 08:25:00,93573.65,93610.68,93566.54,93610.56,300,63,0
2026.03.22 08:20:00,93582.65,93582.65,93573.68,93573.68,300,63,0
2026.03.22 08:15:00,93548.81,93583.79,93547.40,93582.68,300,63,0
2026.03.22 08:10:00,93557.81,93557.81,93548.84,93548.84,300,63,0
2026.03.22 08:05:00,93532.87,93564.74,93530.83,93557.84,300,63,0
2026.03.22 08:00:00,93541.87,93541.87,93532.90,93532.90,300,63,0
2026.03.22 07:55:00,93550.87,93550.87,93541.90,93541.90,300,63,0
2026.03.22 07:50:00,93514.35,93551.08,93512.28,93550.90,234,63,0
2026.03.22 07:45:00,93523.35,93523.35,93514.38,93514.38,300,63,0
2026.03.22 07:40:00,93532.35,93532.35,93523.38,93523.38,300,63,0
2026.03.22 07:35:00,93541.35,93541.35,93532.38,93532.38,300,63,0
2026.03.22 07:30:00,93550.35,93550.35,93541.38,93541.38,300,63,0
2026.03.22 07:25:00,93559.35,93559.35,93550.38,93550.38,300,63,0
2026.03.22 07:20:00,93568.35,93568.35,93559.38,93559.38,300,63,0
2026.03.22 07:15:00,93534.97,93575.16,93532.81,93568.38,300,63,0
2026.03.22 07:10:00,93470.35,93537.61,93465.76,93535.00,300,63,0
2026.03.22 07:05:00,93479.35,93479.35,93470.38,93470.38,300,63,0
2026.03.22 07:00:00,93488.35,93488.35,93479.38,93479.38,300,63,0
2026.03.22 06:45:00,93497.35,93497.35,93488.38,93488.38,300,63,0
2026.03.22 06:40:00,93506.35,93506.35,93497.38,93497.38,300,63,0
2026.03.22 06:35:00,93515.35,93515.35,93506.38,93506.38,300,63,0
2026.03.22 06:30:00,93524.35,93524.35,93515.38,93515.38,300,63,0
2026.03.22 06:25:00,93520.51,93531.67,93518.86,93524.38,300,63,0
2026.03.22 06:20:00,93456.62,93523.78,93456.26,93520.54,300,63,0
2026.03.22 06:15:00,93452.21,93458.87,93445.49,93456.65,300,63,0
2026.03.22 06:10:00,93461.21,93461.21,93452.24,93452.24,300,63,0
2026.03.22 06:05:00,93470.21,93470.21,93461.24,93461.24,300,63,0
2026.03.22 06:00:00,93479.21,93479.21,93470.24,93470.24,300,63,0
2026.03.22 05:55:00,93488.21,93488.21,93479.24,93479.24,300,63,0
2026.03.22 05:50:00,93497.21,93497.21,93488.24,93488.24,300,63,0
2026.03.22 05:45:00,93483.17,93499.10,93476.09,93497.24,300,63,0
2026.03.22 05:40:00,93492.17,93492.17,93483.20,93483.20,300,63,0
2026.03.22 05:35:00,93501.17,93501.17,93492.20,93492.20,300,63,0
2026.03.22 05:30:00,93510.17,93510.17,93501.20,93501.20,300,63,0
2026.03.22 05:25:00,93491.67,93511.01,93483.54,93510.20,300,63,0
2026.03.22 05:20:00,93460.65,93491.85,93457.68,93491.70,300,63,0
2026.03.22 05:15:00,93441.53,93466.95,93438.86,93460.68,300,63,0
2026.03.22 05:10:00,93450.53,93450.53,93441.56,93441.56,300,63,0
2026.03.22 05:05:00,93459.53,93459.53,93450.56,93450.56,300,63,0
2026.03.22 05:00:00,93440.84,93460.97,93433.31,93459.56,300,63,0
2026.03.22 04:55:00,93415.29,93442.34,93407.82,93440.87,300,63,0
2026.03.22 04:50:00,93424.29,93424.29,93415.32,93415.32,300,63,0
2026.03.22 04:45:00,93433.29,93433.29,93424.32,93424.32,300,63,0
2026.03.22 04:40:00,93412.81,93434.91,93405.46,93433.32,300,63,0
2026.03.22 04:35:00,93421.81,93421.81,93412.84,93412.84,300,63,0
2026.03.22 04:30:00,93430.81,93430.81,93421.84,93421.84,300,63,0
2026.03.22 04:25:00,93423.33,93436.42,93419.97,93430.84,300,63,0
2026.03.22 04:20:00,93405.59,93425.43,93399.08,93423.36,300,63,0
2026.03.22 04:15:00,93414.59,93414.59,93405.62,93405.62,300,63,0
2026.03.22 04:10:00,93423.59,93423.59,93414.62,93414.62,300,63,0
2026.03.22 04:05:00,93407.25,93426.77,93401.46,93423.62,300,63,0
2026.03.22 04:00:00,93416.25,93416.25,93407.28,93407.28,300,63,0
2026.03.22 03:55:00,93425.25,93425.25,93416.28,93416.28,300,63,0
2026.03.22 03:50:00,93407.31,93427.59,93400.68,93425.28,300,63,0
2026.03.22 03:45:00,93377.28,93408.81,93369.81,93407.34,300,63,0
2026.03.22 03:40:00,93368.61,93378.78,93361.14,93377.31,300,63,0
2026.03.22 03:35:00,93377.61,93377.61,93368.64,93368.64,300,63,0
2026.03.22 03:30:00,93368.86,93383.82,93366.10,93377.64,300,63,0
2026.03.22 03:25:00,93377.86,93377.86,93368.89,93368.89,300,63,0
2026.03.22 03:20:00,93386.86,93386.86,93377.89,93377.89,300,63,0
2026.03.22 03:15:00,93357.55,93392.44,93354.16,93386.89,300,63,0
2026.03.22 03:10:00,93366.55,93366.55,93357.58,93357.58,300,63,0
2026.03.22 03:05:00,93375.55,93375.55,93366.58,93366.58,300,63,0
2026.03.22 03:00:00,93384.55,93384.55,93375.58,93375.58,300,63,0
2026.03.22 02:55:00,93393.55,93393.55,93384.58,93384.58,300,63,0
2026.03.22 02:50:00,93402.55,93402.55,93393.58,93393.58,300,63,0
2026.03.22 02:45:00,93411.55,93411.55,93402.58,93402.58,300,63,0
2026.03.22 02:40:00,93406.10,93417.19,93402.77,93411.58,300,63,0
2026.03.22 02:35:00,93415.10,93415.10,93406.13,93406.13,300,63,0
2026.03.22 02:30:00,93424.10,93424.10,93415.13,93415.13,300,63,0
2026.03.22 02:25:00,93404.51,93429.38,93400.82,93424.13,300,63,0
2026.03.22 02:20:00,93413.51,93413.51,93404.54,93404.54,300,63,0
2026.03.22 02:15:00,93397.51,93422.24,93397.27,93413.54,300,63,0
2026.03.22 02:10:00,93406.51,93406.51,93397.54,93397.54,300,63,0
2026.03.22 02:05:00,93397.12,93413.80,93395.44,93406.54,300,63,0
2026.03.22 02:00:00,93384.51,93397.78,93376.20,93397.15,300,63,0
2026.03.22 01:55:00,93393.51,93393.51,93384.54,93384.54,300,63,0
2026.03.22 01:50:00,93402.51,93402.51,93393.54,93393.54,300,63,0
2026.03.22 01:45:00,93370.56,93403.74,93367.65,93402.54,300,63,0
2026.03.22 01:40:00,93379.56,93379.56,93370.59,93370.59,300,63,0
2026.03.22 01:35:00,93388.56,93388.56,93379.59,93379.59,300,63,0
2026.03.22 01:30:00,93334.69,93394.50,93332.08,93388.59,300,63,0
2026.03.22 01:25:00,93343.69,93343.69,93334.72,93334.72,300,63,0
2026.03.22 01:20:00,93352.69,93352.69,93343.72,93343.72,300,63,0
2026.03.22 01:15:00,93361.69,93361.69,93352.72,93352.72,300,63,0
2026.03.22 01:10:00,93370.69,93370.69,93361.72,93361.72,300,63,0
2026.03.22 01:05:00,93379.69,93379.69,93370.72,93370.72,300,63,0
2026.03.22 01:00:00,93388.69,93388.69,93379.72,93379.72,300,63,0
2026.03.22 00:55:00,93397.69,93397.69,93388.72,93388.72,300,63,0
2026.03.22 00:50:00,93406.69,93406.69,93397.72,93397.72,300,63,0
2026.03.22 00:45:00,93415.69,93415.69,93406.72,93406.72,300,63,0
2026.03.22 00:40:00,93404.45,93416.17,93395.96,93415.72,300,63,0
2026.03.22 00:35:00,93413.45,93413.45,93404.48,93404.48,300,63,0
2026.03.22 00:30:00,93422.45,93422.45,93413.48,93413.48,300,63,0
2026.03.22 00:25:00,93431.45,93431.45,93422.48,93422.48,300,63,0
2026.03.22 00:20:00,93440.45,93440.45,93431.48,93431.48,300,63,0
2026.03.22 00:15:00,93425.73,93444.23,93420.54,93440.48,300,63,0
2026.03.22 00:10:00,93434.73,93434.73,93425.76,93425.76,300,63,0
2026.03.22 00:05:00,93371.95,93436.08,93365.80,93434.76,300,63,0
2026.03.22 00:00:00,93380.95,93380.95,93371.98,93371.98,300,63,0
2026.03.21 23:55:00,93389.95,93389.95,93380.98,93380.98,300,63,0
2026.03.21 23:50:00,93358.21,93394.81,93354.10,93389.98,300,63,0
2026.03.21 23:45:00,93367.21,93367.21,93358.24,93358.24,300,63,0
2026.03.21 23:40:00,93376.21,93376.21,93367.24,93367.24,300,63,0
2026.03.21 23:35:00,93372.50,93377.41,93364.73,93376.24,300,63,0
2026.03.21 23:30:00,93381.50,93381.50,93372.53,93372.53,300,63,0
2026.03.21 23:25:00,93390.50,93390.50,93381.53,93381.53,300,63,0
2026.03.21 23:20:00,93399.50,93399.50,93390.53,93390.53,300,63,0
2026.03.21 23:15:00,93381.94,93399.92,93373.39,93399.53,300,63,0
2026.03.21 23:10:00,93390.94,93390.94,93381.97,93381.97,300,63,0
2026.03.21 23:05:00,93399.94,93399.94,93390.97,93390.97,300,63,0
2026.03.21 23:00:00,93387.85,93406.99,93385.93,93399.97,300,63,0
2026.03.21 22:55:00,93396.85,93396.85,93387.88,93387.88,300,63,0
2026.03.21 22:50:00,93405.85,93405.85,93396.88,93396.88,300,63,0
2026.03.21 22:45:00,93383.30,93407.83,93376.31,93405.88,300,63,0
2026.03.21 22:40:00,93392.30,93392.30,93383.33,93383.33,300,63,0
2026.03.21 22:35:00,93370.25,93396.86,93365.84,93392.33,300,63,0
2026.03.21 22:30:00,93358.89,93375.26,93354.93,93370.28,300,63,0
2026.03.21 22:25:00,93351.01,93360.30,93343.45,93358.92,300,63,0
2026.03.21 22:20:00,93360.01,93360.01,93351.04,93351.04,300,63,0
2026.03.21 22:15:00,93345.74,93360.10,93336.86,93360.04,300,63,0
2026.03.21 22:10:00,93354.74,93354.74,93345.77,93345.77,300,63,0
2026.03.21 22:05:00,93363.74,93363.74,93354.77,93354.77,300,63,0
2026.03.21 22:00:00,93332.38,93365.18,93325.87,93363.77,300,63,0
2026.03.21 21:55:00,93317.82,93335.38,93311.85,93332.41,300,63,0
2026.03.21 21:50:00,93326.82,93326.82,93317.85,93317.85,300,63,0
2026.03.21 21:45:00,93292.81,93328.89,93288.61,93326.85,300,63,0
2026.03.21 21:40:00,93301.81,93301.81,93292.84,93292.84,300,63,0
2026.03.21 21:35:00,93310.81,93310.81,93301.84,93301.84,300,63,0
2026.03.21 21:30:00,93286.19,93319.36,93285.77,93310.84,300,63,0
2026.03.21 21:25:00,93295.19,93295.19,93286.22,93286.22,300,63,0
2026.03.21 21:20:00,93304.19,93304.19,93295.22,93295.22,300,63,0
2026.03.21 21:15:00,93278.93,93311.30,93277.07,93304.22,300,63,0
2026.03.21 21:10:00,93287.93,93287.93,93278.96,93278.96,300,63,0
2026.03.21 21:05:00,93284.13,93290.00,93277.23,93287.96,300,63,0
2026.03.21 21:00:00,93293.13,93293.13,93284.16,93284.16,300,63,0
2026.03.21 20:55:00,93302.13,93302.13,93293.16,93293.16,300,63,0
2026.03.21 20:50:00,93311.13,93311.13,93302.16,93302.16,300,63,0
2026.03.21 20:45:00,93320.13,93320.13,93311.16,93311.16,300,63,0
2026.03.21 20:40:00,93329.13,93329.13,93320.16,93320.16,300,63,0
2026.03.21 20:35:00,93338.13,93338.13,93329.16,93329.16,300,63,0
2026.03.21 20:30:00,93320.19,93345.39,93318.48,93338.16,300,63,0
2026.03.21 20:25:00,93301.93,93325.29,93298.06,93320.22,300,63,0
2026.03.21 20:20:00,93295.88,93303.40,93288.38,93301.96,300,63,0
2026.03.21 20:15:00,93304.88,93304.88,93295.91,93295.91,300,63,0
2026.03.21 20:10:00,93313.88,93313.88,93304.91,93304.91,300,63,0
2026.03.21 20:05:00,93309.05,93321.65,93307.85,93313.91,300,63,0
2026.03.21 20:00:00,93272.02,93312.86,93271.90,93309.08,300,63,0
2026.03.21 19:55:00,93281.02,93281.02,93272.05,93272.05,300,63,0
2026.03.21 19:50:00,93290.02,93290.02,93281.05,93281.05,300,63,0
2026.03.21 19:45:00,93299.02,93299.02,93290.05,93290.05,300,63,0
2026.03.21 19:40:00,93308.02,93308.02,93299.05,93299.05,300,63,0
2026.03.21 19:35:00,93317.02,93317.02,93308.05,93308.05,300,63,0
2026.03.21 19:30:00,93326.02,93326.02,93317.05,93317.05,300,63,0
2026.03.21 19:25:00,93335.02,93335.02,93326.05,93326.05,300,63,0
2026.03.21 19:20:00,93304.23,93335.56,93297.24,93335.05,300,63,0
2026.03.21 19:15:00,93283.28,93311.85,93281.93,93304.26,300,63,0
2026.03.21 19:10:00,93267.66,93289.10,93264.51,93283.31,300,63,0
2026.03.21 19:05:00,93276.66,93276.66,93267.69,93267.69,300,63,0
2026.03.21 19:00:00,93285.66,93285.66,93276.69,93276.69,300,63,0
2026.03.21 18:55:00,93294.66,93294.66,93285.69,93285.69,300,63,0
2026.03.21 18:50:00,93303.66,93303.66,93294.69,93294.69,300,63,0
2026.03.21 18:45:00,93312.66,93312.66,93303.69,93303.69,300,63,0
2026.03.21 18:40:00,93321.66,93321.66,93312.69,93312.69,300,63,0
2026.03.21 18:35:00,93330.66,93330.66,93321.69,93321.69,300,63,0
2026.03.21 18:30:00,93339.66,93339.66,93330.69,93330.69,300,63,0
2026.03.21 18:25:00,93348.66,93348.66,93339.69,93339.69,300,63,0
2026.03.21 18:20:00,93357.66,93357.66,93348.69,93348.69,300,63,0
2026.03.21 18:15:00,93366.66,93366.66,93357.69,93357.69,300,63,0
2026.03.21 18:10:00,93375.66,93375.66,93366.69,93366.69,300,63,0
2026.03.21 18:05:00,93384.66,93384.66,93375.69,93375.69,300,63,0
2026.03.21 18:00:00,93393.66,93393.66,93384.69,93384.69,300,63,0
2026.03.21 17:55:00,93358.39,93396.99,93353.20,93393.69,300,63,0
2026.03.21 17:50:00,93367.39,93367.39,93358.42,93358.42,300,63,0
2026.03.21 17:45:00,93376.39,93376.39,93367.42,93367.42,300,63,0
2026.03.21 17:40:00,93368.20,93379.81,93362.65,93376.42,300,63,0
2026.03.21 17:35:00,93377.20,93377.20,93368.23,93368.23,300,63,0
2026.03.21 17:30:00,93386.20,93386.20,93377.23,93377.23,300,63,0
2026.03.21 17:25:00,93358.80,93386.56,93350.19,93386.23,300,63,0
2026.03.21 17:20:00,93367.80,93367.80,93358.83,93358.83,300,63,0
2026.03.21 17:15:00,93339.79,93369.75,93338.74,93367.83,300,63,0
2026.03.21 17:10:00,93303.96,93340.45,93299.40,93339.82,300,63,0
2026.03.21 17:05:00,93294.70,93312.39,93294.16,93303.99,300,63,0
2026.03.21 17:00:00,93303.70,93303.70,93294.73,93294.73,300,63,0
2026.03.21 16:55:00,93312.70,93312.70,93303.73,93303.73,300,63,0
2026.03.21 16:50:00,93321.70,93321.70,93312.73,93312.73,300,63,0
2026.03.21 16:45:00,93330.70,93330.70,93321.73,93321.73,300,63,0
2026.03.21 16:40:00,93339.70,93339.70,93330.73,93330.73,300,63,0
2026.03.21 16:35:00,93348.70,93348.70,93339.73,93339.73,300,63,0
2026.03.21 16:30:00,93357.70,93357.70,93348.73,93348.73,300,63,0
2026.03.21 16:25:00,93366.70,93366.70,93357.73,93357.73,300,63,0
2026.03.21 16:20:00,93350.55,93371.59,93346.47,93366.73,300,63,0
2026.03.21 16:15:00,93359.55,93359.55,93350.58,93350.58,300,63,0
2026.03.21 16:10:00,93368.55,93368.55,93359.58,93359.58,300,63,0
2026.03.21 16:05:00,93377.55,93377.55,93368.58,93368.58,300,63,0
2026.03.21 16:00:00,93369.10,93380.94,93363.52,93377.58,300,63,0
2026.03.21 15:55:00,93346.29,93371.95,93342.24,93369.13,300,63,0
2026.03.21 15:50:00,93355.29,93355.29,93346.32,93346.32,300,63,0
2026.03.21 15:45:00,93364.29,93364.29,93355.32,93355.32,300,63,0
2026.03.21 15:40:00,93373.29,93373.29,93364.32,93364.32,300,63,0
2026.03.21 15:35:00,93347.25,93381.18,93346.17,93373.32,300,63,0
2026.03.21 15:30:00,93356.25,93356.25,93347.28,93347.28,300,63,0
2026.03.21 15:25:00,93333.29,93360.09,93328.16,93356.28,300,63,0
2026.03.21 15:20:00,93342.29,93342.29,93333.32,93333.32,300,63,0
2026.03.21 15:15:00,93351.29,93351.29,93342.32,93342.32,300,63,0
2026.03.21 15:10:00,93360.29,93360.29,93351.32,93351.32,300,63,0
2026.03.21 15:05:00,93369.29,93369.29,93360.32,93360.32,300,63,0
2026.03.21 15:00:00,93358.95,93373.85,93354.54,93369.32,300,63,0
2026.03.21 14:55:00,93367.95,93367.95,93358.98,93358.98,300,63,0
2026.03.21 14:50:00,93376.95,93376.95,93367.98,93367.98,300,63,0
2026.03.21 14:45:00,93385.95,93385.95,93376.98,93376.98,300,63,0
2026.03.21 14:40:00,93394.95,93394.95,93385.98,93385.98,300,63,0
2026.03.21 14:35:00,93403.95,93403.95,93394.98,93394.98,300,63,0
2026.03.21 14:30:00,93412.95,93412.95,93403.98,93403.98,300,63,0
2026.03.21 14:25:00,93421.95,93421.95,93412.98,93412.98,300,63,0
2026.03.21 14:20:00,93404.79,93426.24,93400.11,93421.98,300,63,0
2026.03.21 14:15:00,93413.79,93413.79,93404.82,93404.82,300,63,0
2026.03.21 14:10:00,93422.79,93422.79,93413.82,93413.82,300,63,0
2026.03.21 14:05:00,93431.79,93431.79,93422.82,93422.82,300,63,0
2026.03.21 14:00:00,93440.79,93440.79,93431.82,93431.82,300,63,0
2026.03.21 13:55:00,93422.66,93444.96,93417.86,93440.82,300,63,0
2026.03.21 13:50:00,93431.66,93431.66,93422.69,93422.69,300,63,0
2026.03.21 13:45:00,93440.66,93440.66,93431.69,93431.69,300,63,0
2026.03.21 13:40:00,93449.66,93449.66,93440.69,93440.69,300,63,0
2026.03.21 13:35:00,93458.66,93458.66,93449.69,93449.69,300,63,0
2026.03.21 13:30:00,93467.66,93467.66,93458.69,93458.69,300,63,0
2026.03.21 13:25:00,93476.66,93476.66,93467.69,93467.69,300,63,0
2026.03.21 13:20:00,93485.66,93485.66,93476.69,93476.69,300,63,0
2026.03.21 13:15:00,93494.66,93494.66,93485.69,93485.69,300,63,0
2026.03.21 13:10:00,93503.66,93503.66,93494.69,93494.69,300,63,0
2026.03.21 13:05:00,93512.66,93512.66,93503.69,93503.69,300,63,0
2026.03.21 13:00:00,93521.66,93521.66,93512.69,93512.69,300,63,0
2026.03.21 12:55:00,93530.66,93530.66,93521.69,93521.69,300,63,0
2026.03.21 12:50:00,93539.66,93539.66,93530.69,93530.69,300,63,0
2026.03.21 12:45:00,93529.72,93545.78,93526.87,93539.69,300,63,0
2026.03.21 12:40:00,93514.92,93531.97,93508.20,93529.75,300,63,0
2026.03.21 12:35:00,93523.92,93523.92,93514.95,93514.95,300,63,0
2026.03.21 12:30:00,93491.57,93529.32,93488.00,93523.95,300,63,0
2026.03.21 12:25:00,93500.57,93500.57,93491.60,93491.60,300,63,0
2026.03.21 12:20:00,93509.57,93509.57,93500.60,93500.60,300,63,0
2026.03.21 12:15:00,93518.57,93518.57,93509.60,93509.60,300,63,0
2026.03.21 12:10:00,93498.63,93522.35,93493.44,93518.60,300,63,0
2026.03.21 12:05:00,93507.63,93507.63,93498.66,93498.66,300,63,0
2026.03.21 12:00:00,93487.58,93508.80,93479.78,93507.66,300,63,0
2026.03.21 11:55:00,93474.21,93488.54,93466.20,93487.61,300,63,0
2026.03.21 11:50:00,93483.21,93483.21,93474.24,93474.24,300,63,0
2026.03.21 11:45:00,93492.21,93492.21,93483.24,93483.24,300,63,0
2026.03.21 11:40:00,93501.21,93501.21,93492.24,93492.24,300,63,0
2026.03.21 11:35:00,93510.21,93510.21,93501.24,93501.24,300,63,0
2026.03.21 11:30:00,93519.21,93519.21,93510.24,93510.24,300,63,0
2026.03.21 11:25:00,93528.21,93528.21,93519.24,93519.24,300,63,0
2026.03.21 11:20:00,93537.21,93537.21,93528.24,93528.24,300,63,0
2026.03.21 11:15:00,93546.21,93546.21,93537.24,93537.24,300,63,0
2026.03.21 11:10:00,93555.21,93555.21,93546.24,93546.24,300,63,0
2026.03.21 11:05:00,93564.21,93564.21,93555.24,93555.24,300,63,0
2026.03.21 11:00:00,93573.21,93573.21,93564.24,93564.24,300,63,0
2026.03.21 10:55:00,93582.21,93582.21,93573.24,93573.24,300,63,0
2026.03.21 10:50:00,93591.21,93591.21,93582.24,93582.24,300,63,0
2026.03.21 10:45:00,93600.21,93600.21,93591.24,93591.24,300,63,0
2026.03.21 10:40:00,93609.21,93609.21,93600.24,93600.24,300,63,0
2026.03.21 10:35:00,93618.21,93618.21,93609.24,93609.24,300,63,0
2026.03.21 10:30:00,93627.21,93627.21,93618.24,93618.24,300,63,0
2026.03.21 10:25:00,93636.21,93636.21,93627.24,93627.24,300,63,0
2026.03.21 10:20:00,93645.21,93645.21,93636.24,93636.24,300,63,0
2026.03.21 10:15:00,93654.21,93654.21,93645.24,93645.24,300,63,0
2026.03.21 10:10:00,93663.21,93663.21,93654.24,93654.24,300,63,0
2026.03.21 10:05:00,93672.21,93672.21,93663.24,93663.24,300,63,0
2026.03.21 10:00:00,93681.21,93681.21,93672.24,93672.24,300,63,0
2026.03.21 09:55:00,93690.21,93690.21,93681.24,93681.24,300,63,0
2026.03.21 09:50:00,93699.21,93699.21,93690.24,93690.24,300,63,0
2026.03.21 09:45:00,93708.21,93708.21,93699.24,93699.24,300,63,0
2026.03.21 09:40:00,93704.87,93715.92,93703.61,93708.24,300,63,0
2026.03.21 09:35:00,93713.87,93713.87,93704.90,93704.90,300,63,0
2026.03.21 09:30:00,93722.87,93722.87,93713.90,93713.90,300,63,0
2026.03.21 09:25:00,93705.63,93731.60,93705.39,93722.90,300,63,0
2026.03.21 09:20:00,93641.44,93710.22,93639.82,93705.66,300,63,0
2026.03.21 09:15:00,93634.13,93647.35,93631.07,93641.47,300,63,0
2026.03.21 09:10:00,93600.78,93637.43,93595.11,93634.16,300,63,0
2026.03.21 09:05:00,93609.78,93609.78,93600.81,93600.81,300,63,0
2026.03.21 09:00:00,93618.78,93618.78,93609.81,93609.81,300,63,0
2026.03.21 08:55:00,93627.78,93627.78,93618.81,93618.81,300,63,0
2026.03.21 08:50:00,93636.78,93636.78,93627.81,93627.81,300,63,0
2026.03.21 08:45:00,93624.44,93638.34,93617.03,93636.81,300,63,0
2026.03.21 08:40:00,93610.17,93629.99,93606.75,93624.47,300,63,0
2026.03.21 08:35:00,93619.17,93619.17,93610.20,93610.20,300,63,0
2026.03.21 08:30:00,93628.17,93628.17,93619.20,93619.20,300,63,0
2026.03.21 08:25:00,93615.61,93635.82,93614.29,93628.20,300,63,0
2026.03.21 08:20:00,93624.61,93624.61,93615.64,93615.64,300,63,0
2026.03.21 08:15:00,93633.61,93633.61,93624.64,93624.64,300,63,0
2026.03.21 08:10:00,93642.61,93642.61,93633.64,93633.64,300,63,0
2026.03.21 08:05:00,93651.61,93651.61,93642.64,93642.64,300,63,0
2026.03.21 08:00:00,93623.96,93652.06,93615.44,93651.64,300,63,0
2026.03.21 07:55:00,93632.96,93632.96,93623.99,93623.99,300,63,0
2026.03.21 07:50:00,93603.84,93633.74,93596.04,93632.99,300,63,0
2026.03.21 07:45:00,93612.84,93612.84,93603.87,93603.87,300,63,0
2026.03.21 07:40:00,93621.84,93621.84,93612.87,93612.87,300,63,0
2026.03.21 07:35:00,93630.84,93630.84,93621.87,93621.87,300,63,0
2026.03.21 07:30:00,93639.84,93639.84,93630.87,93630.87,300,63,0
2026.03.21 07:25:00,93619.25,93643.14,93613.58,93639.87,300,63,0
2026.03.21 07:20:00,93608.24,93621.29,93601.31,93619.28,300,63,0
2026.03.21 07:15:00,93617.24,93617.24,93608.27,93608.27,300,63,0
2026.03.21 07:10:00,93626.24,93626.24,93617.27,93617.27,300,63,0
2026.03.21 07:05:00,93635.24,93635.24,93626.27,93626.27,300,63,0
2026.03.21 07:00:00,93644.24,93644.24,93635.27,93635.27,300,63,0
2026.03.21 06:55:00,93653.24,93653.24,93644.27,93644.27,300,63,0
2026.03.21 06:50:00,93662.24,93662.24,93653.27,93653.27,300,63,0
2026.03.21 06:45:00,93644.58,93664.46,93637.83,93662.27,300,63,0
2026.03.21 06:40:00,93639.53,93646.59,93632.57,93644.61,300,63,0
2026.03.21 06:35:00,93648.53,93648.53,93639.56,93639.56,300,63,0
2026.03.21 06:30:00,93630.45,93654.50,93627.45,93648.56,300,63,0
2026.03.21 06:25:00,93639.45,93639.45,93630.48,93630.48,300,63,0
2026.03.21 06:20:00,93648.45,93648.45,93639.48,93639.48,300,63,0
2026.03.21 06:15:00,93657.45,93657.45,93648.48,93648.48,300,63,0
2026.03.21 06:10:00,93666.45,93666.45,93657.48,93657.48,300,63,0
2026.03.21 06:05:00,93675.45,93675.45,93666.48,93666.48,300,63,0
2026.03.21 06:00:00,93653.83,93675.69,93645.10,93675.48,300,63,0
2026.03.21 05:55:00,93662.83,93662.83,93653.86,93653.86,300,63,0
2026.03.21 05:50:00,93671.83,93671.83,93662.86,93662.86,300,63,0
2026.03.21 05:45:00,93680.83,93680.83,93671.86,93671.86,300,63,0
2026.03.21 05:40:00,93664.04,93688.45,93662.69,93680.86,300,63,0
2026.03.21 05:35:00,93611.68,93666.98,93610.18,93664.07,300,63,0
2026.03.21 05:30:00,93620.68,93620.68,93611.71,93611.71,300,63,0
2026.03.21 05:25:00,93606.33,93628.78,93605.46,93620.71,300,63,0
2026.03.21 05:20:00,93615.33,93615.33,93606.36,93606.36,300,63,0
2026.03.21 05:15:00,93624.33,93624.33,93615.36,93615.36,300,63,0
2026.03.21 05:10:00,93633.33,93633.33,93624.36,93624.36,300,63,0
2026.03.21 05:05:00,93642.33,93642.33,93633.36,93633.36,300,63,0
2026.03.21 05:00:00,93625.19,93650.79,93624.68,93642.36,300,63,0
2026.03.21 04:55:00,93609.61,93631.04,93606.49,93625.22,300,63,0
2026.03.21 04:50:00,93590.18,93611.41,93583.01,93609.64,300,63,0
2026.03.21 04:45:00,93599.18,93599.18,93590.21,93590.21,300,63,0
2026.03.21 04:40:00,93608.18,93608.18,93599.21,93599.21,300,63,0
2026.03.21 04:35:00,93617.18,93617.18,93608.21,93608.21,300,63,0
2026.03.21 04:30:00,93626.18,93626.18,93617.21,93617.21,300,63,0
2026.03.21 04:25:00,93635.18,93635.18,93626.21,93626.21,300,63,0
2026.03.21 04:20:00,93613.85,93641.99,93611.69,93635.21,300,63,0
2026.03.21 04:15:00,93608.58,93619.55,93605.31,93613.88,300,63,0
2026.03.21 04:10:00,93591.93,93617.10,93591.48,93608.61,300,63,0
2026.03.21 04:05:00,93600.93,93600.93,93591.96,93591.96,300,63,0
2026.03.21 04:00:00,93609.93,93609.93,93600.96,93600.96,300,63,0
2026.03.21 03:55:00,93599.56,93616.20,93596.86,93609.96,300,63,0
2026.03.21 03:50:00,93608.56,93608.56,93599.59,93599.59,300,63,0
2026.03.21 03:45:00,93617.56,93617.56,93608.59,93608.59,300,63,0
2026.03.21 03:40:00,93597.90,93623.38,93594.75,93617.59,300,63,0
2026.03.21 03:35:00,93606.90,93606.90,93597.93,93597.93,300,63,0
2026.03.21 03:30:00,93615.90,93615.90,93606.93,93606.93,300,63,0
2026.03.21 03:25:00,93581.10,93616.50,93579.78,93615.93,300,63,0
2026.03.21 03:20:00,93571.10,93582.33,93563.36,93581.13,300,63,0
2026.03.21 03:15:00,93580.10,93580.10,93571.13,93571.13,300,63,0
2026.03.21 03:10:00,93553.43,93587.00,93552.50,93580.13,300,63,0
2026.03.21 03:05:00,93515.46,93554.30,93512.64,93553.46,300,63,0
2026.03.21 03:00:00,93487.24,93519.84,93482.65,93515.49,300,63,0
2026.03.21 02:55:00,93473.07,93491.92,93468.78,93487.27,300,63,0
2026.03.21 02:50:00,93454.03,93479.79,93451.78,93473.10,300,63,0
2026.03.21 02:45:00,93463.03,93463.03,93454.06,93454.06,300,63,0
2026.03.21 02:40:00,93419.16,93463.84,93413.16,93463.06,300,63,0
2026.03.21 02:35:00,93428.16,93428.16,93419.19,93419.19,300,63,0
2026.03.21 02:30:00,93419.38,93433.53,93415.78,93428.19,300,63,0
2026.03.21 02:25:00,93372.91,93426.25,93372.16,93419.41,300,63,0
2026.03.21 02:20:00,93349.42,93381.79,93349.33,93372.94,300,63,0
2026.03.21 02:15:00,93358.42,93358.42,93349.45,93349.45,300,63,0
2026.03.21 02:10:00,93337.98,93365.80,93336.39,93358.45,300,63,0
2026.03.21 02:05:00,93346.98,93346.98,93338.01,93338.01,300,63,0
2026.03.21 02:00:00,93312.64,93351.24,93307.93,93347.01,300,63,0
2026.03.21 01:55:00,93321.64,93321.64,93312.67,93312.67,300,63,0
2026.03.21 01:50:00,93330.64,93330.64,93321.67,93321.67,300,63,0
2026.03.21 01:45:00,93339.64,93339.64,93330.67,93330.67,300,63,0
2026.03.21 01:40:00,93348.64,93348.64,93339.67,93339.67,300,63,0
2026.03.21 01:35:00,93357.64,93357.64,93348.67,93348.67,300,63,0
2026.03.21 01:30:00,93343.88,93359.20,93336.47,93357.67,300,63,0
2026.03.21 01:25:00,93352.88,93352.88,93343.91,93343.91,300,63,0
2026.03.21 01:20:00,93361.88,93361.88,93352.91,93352.91,300,63,0
2026.03.21 01:15:00,93342.53,93365.18,93336.86,93361.91,300,63,0
2026.03.21 01:10:00,93332.18,93344.06,93324.74,93342.56,300,63,0
2026.03.21 01:05:00,93341.18,93341.18,93332.21,93332.21,300,63,0
2026.03.21 01:00:00,93350.18,93350.18,93341.21,93341.21,300,63,0
2026.03.21 00:55:00,93359.18,93359.18,93350.21,93350.21,300,63,0
2026.03.21 00:50:00,93368.18,93368.18,93359.21,93359.21,300,63,0
2026.03.21 00:45:00,93360.88,93372.59,93356.32,93368.21,300,63,0
2026.03.21 00:40:00,93348.14,93369.22,93347.51,93360.91,300,63,0
2026.03.21 00:35:00,93357.14,93357.14,93348.17,93348.17,300,63,0
2026.03.21 00:30:00,93366.14,93366.14,93357.17,93357.17,300,63,0
2026.03.21 00:25:00,93342.64,93368.87,93341.56,93366.17,300,63,0
2026.03.21 00:20:00,93351.64,93351.64,93342.67,93342.67,300,63,0
2026.03.21 00:15:00,93360.64,93360.64,93351.67,93351.67,300,63,0
2026.03.21 00:10:00,93369.64,93369.64,93360.67,93360.67,300,63,0
2026.03.21 00:05:00,93378.64,93378.64,93369.67,93369.67,300,63,0
2026.03.21 00:00:00,93387.64,93387.64,93378.67,93378.67,300,63,0
2026.03.20 23:55:00,93353.64,93390.22,93347.25,93387.67,300,63,0
2026.03.20 23:50:00,93362.64,93362.64,93353.67,93353.67,300,63,0
2026.03.20 23:45:00,93371.64,93371.64,93362.67,93362.67,300,63,0
2026.03.20 23:40:00,93368.46,93377.19,93365.04,93371.67,300,63,0
2026.03.20 23:35:00,93377.46,93377.46,93368.49,93368.49,300,63,0
2026.03.20 23:30:00,93386.46,93386.46,93377.49,93377.49,300,63,0
2026.03.20 23:25:00,93395.46,93395.46,93386.49,93386.49,300,63,0
2026.03.20 23:20:00,93404.46,93404.46,93395.49,93395.49,300,63,0
2026.03.20 23:15:00,93413.46,93413.46,93404.49,93404.49,300,63,0
2026.03.20 23:10:00,93422.46,93422.46,93413.49,93413.49,300,63,0
2026.03.20 23:05:00,93386.71,93425.34,93382.24,93422.49,300,63,0
2026.03.20 23:00:00,93395.71,93395.71,93386.74,93386.74,300,63,0
2026.03.20 22:55:00,93404.71,93404.71,93395.74,93395.74,300,63,0
2026.03.20 22:50:00,93413.71,93413.71,93404.74,93404.74,300,63,0
2026.03.20 22:45:00,93422.71,93422.71,93413.74,93413.74,300,63,0
2026.03.20 22:40:00,93431.71,93431.71,93422.74,93422.74,300,63,0
2026.03.20 22:35:00,93440.71,93440.71,93431.74,93431.74,300,63,0
2026.03.20 22:30:00,93404.63,93447.70,93402.65,93440.74,300,63,0
2026.03.20 22:25:00,93413.63,93413.63,93404.66,93404.66,300,63,0
2026.03.20 22:20:00,93422.63,93422.63,93413.66,93413.66,300,63,0
2026.03.20 22:15:00,93408.35,93425.00,93401.75,93422.66,300,63,0
2026.03.20 22:10:00,93417.35,93417.35,93408.38,93408.38,300,63,0
2026.03.20 22:05:00,93426.35,93426.35,93417.38,93417.38,300,63,0
2026.03.20 22:00:00,93435.35,93435.35,93426.38,93426.38,300,63,0
2026.03.20 21:55:00,93444.35,93444.35,93435.38,93435.38,300,63,0
2026.03.20 21:50:00,93440.06,93444.83,93431.57,93444.38,300,63,0
2026.03.20 21:45:00,93449.06,93449.06,93440.09,93440.09,300,63,0
2026.03.20 21:40:00,93458.06,93458.06,93449.09,93449.09,300,63,0
2026.03.20 21:35:00,93467.06,93467.06,93458.09,93458.09,300,63,0
2026.03.20 21:30:00,93476.06,93476.06,93467.09,93467.09,300,63,0
2026.03.20 21:25:00,93485.06,93485.06,93476.09,93476.09,300,63,0
2026.03.20 21:20:00,93494.06,93494.06,93485.09,93485.09,300,63,0
2026.03.20 21:15:00,93503.06,93503.06,93494.09,93494.09,300,63,0
2026.03.20 21:10:00,93512.06,93512.06,93503.09,93503.09,300,63,0
2026.03.20 21:05:00,93498.36,93519.26,93496.59,93512.09,300,63,0
2026.03.20 21:00:00,93507.36,93507.36,93498.39,93498.39,300,63,0
2026.03.20 20:55:00,93516.36,93516.36,93507.39,93507.39,300,63,0
2026.03.20 20:50:00,93525.36,93525.36,93516.39,93516.39,300,63,0
2026.03.20 20:45:00,93534.36,93534.36,93525.39,93525.39,300,63,0
2026.03.20 20:40:00,93543.36,93543.36,93534.39,93534.39,300,63,0
2026.03.20 20:35:00,93517.73,93544.74,93510.14,93543.39,300,63,0
2026.03.20 20:30:00,93499.91,93524.30,93497.51,93517.76,300,63,0
2026.03.20 20:25:00,93488.23,93504.41,93483.76,93499.94,300,63,0
2026.03.20 20:20:00,93497.23,93497.23,93488.26,93488.26,300,63,0
2026.03.20 20:15:00,93506.23,93506.23,93497.26,93497.26,300,63,0
2026.03.20 20:10:00,93515.23,93515.23,93506.26,93506.26,300,63,0
2026.03.20 20:05:00,93524.23,93524.23,93515.26,93515.26,300,63,0
2026.03.20 20:00:00,93533.23,93533.23,93524.26,93524.26,300,63,0
2026.03.20 19:55:00,93507.44,93542.08,93507.32,93533.26,300,63,0
2026.03.20 19:50:00,93516.44,93516.44,93507.47,93507.47,300,63,0
2026.03.20 19:45:00,93525.44,93525.44,93516.47,93516.47,300,63,0
2026.03.20 19:40:00,93521.08,93531.56,93518.23,93525.47,300,63,0
2026.03.20 19:35:00,93505.78,93529.24,93504.97,93521.11,300,63,0
2026.03.20 19:30:00,93514.78,93514.78,93505.81,93505.81,300,63,0
2026.03.20 19:25:00,93523.78,93523.78,93514.81,93514.81,300,63,0
2026.03.20 19:20:00,93532.78,93532.78,93523.81,93523.81,300,63,0
2026.03.20 19:15:00,93541.78,93541.78,93532.81,93532.81,300,63,0
2026.03.20 19:10:00,93550.78,93550.78,93541.81,93541.81,300,63,0
2026.03.20 19:05:00,93559.78,93559.78,93550.81,93550.81,300,63,0
2026.03.20 19:00:00,93568.78,93568.78,93559.81,93559.81,300,63,0
2026.03.20 18:55:00,93561.45,93569.68,93553.38,93568.81,300,63,0
2026.03.20 18:50:00,93546.42,93570.39,93546.39,93561.48,300,63,0
2026.03.20 18:45:00,93555.42,93555.42,93546.45,93546.45,300,63,0
2026.03.20 18:40:00,93546.43,93558.57,93540.61,93555.45,300,63,0
2026.03.20 18:35:00,93555.43,93555.43,93546.46,93546.46,300,63,0
2026.03.20 18:30:00,93564.43,93564.43,93555.46,93555.46,300,63,0
2026.03.20 18:25:00,93561.05,93570.04,93557.69,93564.46,300,63,0
2026.03.20 18:20:00,93570.05,93570.05,93561.08,93561.08,300,63,0
2026.03.20 18:15:00,93579.05,93579.05,93570.08,93570.08,300,63,0
2026.03.20 18:10:00,93588.05,93588.05,93579.08,93579.08,300,63,0
2026.03.20 18:05:00,93555.32,93593.15,93551.45,93588.08,300,63,0
2026.03.20 18:00:00,93564.32,93564.32,93555.35,93555.35,300,63,0
2026.03.20 17:55:00,93512.31,93565.10,93511.65,93564.35,300,63,0
2026.03.20 17:50:00,93498.93,93516.96,93494.61,93512.34,300,63,0
2026.03.20 17:45:00,93507.93,93507.93,93498.96,93498.96,300,63,0
2026.03.20 17:40:00,93495.12,93510.51,93488.73,93507.96,300,63,0
2026.03.20 17:35:00,93504.12,93504.12,93495.15,93495.15,300,63,0
2026.03.20 17:30:00,93513.12,93513.12,93504.15,93504.15,300,63,0
2026.03.20 17:25:00,93503.56,93515.43,93496.90,93513.15,300,63,0
2026.03.20 17:20:00,93440.38,93504.13,93433.81,93503.59,300,63,0
2026.03.20 17:15:00,93431.80,93446.56,93429.01,93440.41,300,63,0
2026.03.20 17:10:00,93415.85,93439.66,93414.74,93431.83,300,63,0
2026.03.20 17:05:00,93407.09,93419.03,93401.30,93415.88,300,63,0
2026.03.20 17:00:00,93416.09,93416.09,93407.12,93407.12,300,63,0
2026.03.20 16:55:00,93371.81,93421.07,93369.65,93416.12,300,63,0
2026.03.20 16:50:00,93380.81,93380.81,93371.84,93371.84,300,63,0
2026.03.20 16:45:00,93389.81,93389.81,93380.84,93380.84,300,63,0
2026.03.20 16:40:00,93398.81,93398.81,93389.84,93389.84,300,63,0
2026.03.20 16:35:00,93407.81,93407.81,93398.84,93398.84,300,63,0
2026.03.20 16:30:00,93416.81,93416.81,93407.84,93407.84,300,63,0
2026.03.20 16:25:00,93425.81,93425.81,93416.84,93416.84,300,63,0
2026.03.20 16:20:00,93434.81,93434.81,93425.84,93425.84,300,63,0
2026.03.20 16:15:00,93443.81,93443.81,93434.84,93434.84,300,63,0
2026.03.20 16:10:00,93452.81,93452.81,93443.84,93443.84,300,63,0
2026.03.20 16:05:00,93461.81,93461.81,93452.84,93452.84,300,63,0
2026.03.20 16:00:00,93470.81,93470.81,93461.84,93461.84,300,63,0
2026.03.20 15:55:00,93479.81,93479.81,93470.84,93470.84,300,63,0
2026.03.20 15:50:00,93488.81,93488.81,93479.84,93479.84,300,63,0
2026.03.20 15:45:00,93497.81,93497.81,93488.84,93488.84,300,63,0
2026.03.20 15:40:00,93506.81,93506.81,93497.84,93497.84,300,63,0
2026.03.20 15:35:00,93484.16,93509.96,93478.34,93506.84,300,63,0
2026.03.20 15:30:00,93493.16,93493.16,93484.19,93484.19,300,63,0
2026.03.20 15:25:00,93502.16,93502.16,93493.19,93493.19,300,63,0
2026.03.20 15:20:00,93511.16,93511.16,93502.19,93502.19,300,63,0
2026.03.20 15:15:00,93520.16,93520.16,93511.19,93511.19,300,63,0
2026.03.20 15:10:00,93509.72,93526.79,93507.38,93520.19,300,63,0
2026.03.20 15:05:00,93492.27,93510.08,93483.66,93509.75,300,63,0
2026.03.20 15:00:00,93466.44,93497.22,93462.42,93492.30,300,63,0
2026.03.20 14:55:00,93475.44,93475.44,93466.47,93466.47,300,63,0
2026.03.20 14:50:00,93484.44,93484.44,93475.47,93475.47,300,63,0
2026.03.20 14:45:00,93422.38,93484.71,93421.69,93484.47,300,63,0
2026.03.20 14:40:00,93431.38,93431.38,93422.41,93422.41,300,63,0
2026.03.20 14:35:00,93440.38,93440.38,93431.41,93431.41,300,63,0
2026.03.20 14:30:00,93449.38,93449.38,93440.41,93440.41,300,63,0
2026.03.20 14:25:00,93458.38,93458.38,93449.41,93449.41,300,63,0
2026.03.20 14:20:00,93467.38,93467.38,93458.41,93458.41,300,63,0
2026.03.20 14:15:00,93476.38,93476.38,93467.41,93467.41,300,63,0
2026.03.20 14:10:00,93485.38,93485.38,93476.41,93476.41,300,63,0
2026.03.20 14:05:00,93494.38,93494.38,93485.41,93485.41,300,63,0
2026.03.20 14:00:00,93468.49,93502.84,93467.98,93494.41,300,63,0
2026.03.20 13:55:00,93477.49,93477.49,93468.52,93468.52,300,63,0
2026.03.20 13:50:00,93486.49,93486.49,93477.52,93477.52,300,63,0
2026.03.20 13:45:00,93495.49,93495.49,93486.52,93486.52,300,63,0
2026.03.20 13:40:00,93434.60,93498.49,93429.02,93495.52,300,63,0
2026.03.20 13:35:00,93443.60,93443.60,93434.63,93434.63,300,63,0
2026.03.20 13:30:00,93426.64,93445.49,93419.56,93443.63,300,63,0
2026.03.20 13:25:00,93435.64,93435.64,93426.67,93426.67,300,63,0
2026.03.20 13:20:00,93444.64,93444.64,93435.67,93435.67,300,63,0
2026.03.20 13:15:00,93453.64,93453.64,93444.67,93444.67,300,63,0
2026.03.20 13:10:00,93462.64,93462.64,93453.67,93453.67,300,63,0
2026.03.20 13:05:00,93471.64,93471.64,93462.67,93462.67,300,63,0
2026.03.20 13:00:00,93480.64,93480.64,93471.67,93471.67,300,63,0
2026.03.20 12:55:00,93489.64,93489.64,93480.67,93480.67,300,63,0
2026.03.20 12:50:00,93498.64,93498.64,93489.67,93489.67,300,63,0
2026.03.20 12:45:00,93507.64,93507.64,93498.67,93498.67,300,63,0
2026.03.20 12:40:00,93516.64,93516.64,93507.67,93507.67,300,63,0
2026.03.20 12:35:00,93525.64,93525.64,93516.67,93516.67,300,63,0
2026.03.20 12:30:00,93516.36,93532.30,93514.05,93525.67,300,63,0
2026.03.20 12:25:00,93507.23,93523.29,93505.19,93516.39,300,63,0
2026.03.20 12:20:00,93476.92,93509.87,93470.59,93507.26,300,63,0
2026.03.20 12:15:00,93485.92,93485.92,93476.95,93476.95,300,63,0
2026.03.20 12:10:00,93494.92,93494.92,93485.95,93485.95,300,63,0
2026.03.20 12:05:00,93489.48,93501.55,93487.14,93494.95,300,63,0
2026.03.20 12:00:00,93472.57,93490.53,93464.65,93489.51,300,63,0
2026.03.20 11:55:00,93481.57,93481.57,93472.60,93472.60,300,63,0
2026.03.20 11:50:00,93490.57,93490.57,93481.60,93481.60,300,63,0
2026.03.20 11:45:00,93499.57,93499.57,93490.60,93490.60,300,63,0
2026.03.20 11:40:00,93508.57,93508.57,93499.60,93499.60,300,63,0
2026.03.20 11:35:00,93517.57,93517.57,93508.60,93508.60,300,63,0
2026.03.20 11:30:00,93526.57,93526.57,93517.60,93517.60,300,63,0
2026.03.20 11:25:00,93535.57,93535.57,93526.60,93526.60,300,63,0
2026.03.20 11:20:00,93544.57,93544.57,93535.60,93535.60,300,63,0
2026.03.20 11:15:00,93532.53,93548.14,93527.13,93544.60,300,63,0
2026.03.20 11:10:00,93541.53,93541.53,93532.56,93532.56,300,63,0
2026.03.20 11:05:00,93550.53,93550.53,93541.56,93541.56,300,63,0
2026.03.20 11:00:00,93559.53,93559.53,93550.56,93550.56,300,63,0
2026.03.20 10:55:00,93568.53,93568.53,93559.56,93559.56,300,63,0
2026.03.20 10:50:00,93577.53,93577.53,93568.56,93568.56,300,63,0
2026.03.20 10:45:00,93586.53,93586.53,93577.56,93577.56,300,63,0
2026.03.20 10:40:00,93530.72,93591.78,93527.66,93586.56,300,63,0
2026.03.20 10:35:00,93539.72,93539.72,93530.75,93530.75,300,63,0
2026.03.20 10:30:00,93548.72,93548.72,93539.75,93539.75,300,63,0
2026.03.20 10:25:00,93540.96,93552.86,93536.13,93548.75,300,63,0
2026.03.20 10:20:00,93549.96,93549.96,93540.99,93540.99,300,63,0
2026.03.20 10:15:00,93558.96,93558.96,93549.99,93549.99,300,63,0
2026.03.20 10:10:00,93567.96,93567.96,93558.99,93558.99,300,63,0
2026.03.20 10:05:00,93521.10,93571.59,93520.74,93567.99,300,63,0
2026.03.20 10:00:00,93530.10,93530.10,93521.13,93521.13,300,63,0
2026.03.20 09:55:00,93539.10,93539.10,93530.13,93530.13,300,63,0
2026.03.20 09:50:00,93548.10,93548.10,93539.13,93539.13,300,63,0
2026.03.20 09:45:00,93557.10,93557.10,93548.13,93548.13,300,63,0
2026.03.20 09:40:00,93566.10,93566.10,93557.13,93557.13,300,63,0
2026.03.20 09:35:00,93575.10,93575.10,93566.13,93566.13,300,63,0
2026.03.20 09:30:00,93584.10,93584.10,93575.13,93575.13,300,63,0
2026.03.20 09:25:00,93523.90,93585.87,93523.15,93584.13,300,63,0
2026.03.20 09:20:00,93532.90,93532.90,93523.93,93523.93,300,63,0
2026.03.20 09:15:00,93541.90,93541.90,93532.93,93532.93,300,63,0
2026.03.20 09:10:00,93536.06,93548.35,93533.54,93541.93,300,63,0
2026.03.20 09:05:00,93545.06,93545.06,93536.09,93536.09,300,63,0
2026.03.20 09:00:00,93554.06,93554.06,93545.09,93545.09,300,63,0
2026.03.20 08:55:00,93537.07,93559.97,93534.01,93554.09,300,63,0
2026.03.20 08:50:00,93533.64,93537.97,93525.57,93537.10,300,63,0
2026.03.20 08:45:00,93542.64,93542.64,93533.67,93533.67,300,63,0
2026.03.20 08:40:00,93524.09,93548.46,93520.94,93542.67,300,63,0
2026.03.20 08:35:00,93533.09,93533.09,93524.12,93524.12,300,63,0
2026.03.20 08:30:00,93506.11,93536.81,93500.86,93533.12,300,63,0
2026.03.20 08:25:00,93515.11,93515.11,93506.14,93506.14,300,63,0
2026.03.20 08:20:00,93524.11,93524.11,93515.14,93515.14,300,63,0
2026.03.20 08:15:00,93492.50,93530.68,93490.91,93524.14,300,63,0
2026.03.20 08:10:00,93472.23,93498.47,93469.23,93492.53,300,63,0
2026.03.20 08:05:00,93481.23,93481.23,93472.26,93472.26,300,63,0
2026.03.20 08:00:00,93490.23,93490.23,93481.26,93481.26,300,63,0
2026.03.20 07:55:00,93499.23,93499.23,93490.26,93490.26,300,63,0
2026.03.20 07:50:00,93508.23,93508.23,93499.26,93499.26,300,63,0
2026.03.20 07:45:00,93497.39,93508.92,93489.11,93508.26,300,63,0
2026.03.20 07:40:00,93506.39,93506.39,93497.42,93497.42,300,63,0
2026.03.20 07:35:00,93515.39,93515.39,93506.42,93506.42,300,63,0
2026.03.20 07:30:00,93506.52,93518.36,93500.52,93515.42,300,63,0
2026.03.20 07:25:00,93515.52,93515.52,93506.55,93506.55,300,63,0
2026.03.20 07:20:00,93524.52,93524.52,93515.55,93515.55,300,63,0
2026.03.20 07:15:00,93533.52,93533.52,93524.55,93524.55,300,63,0
2026.03.20 07:10:00,93542.52,93542.52,93533.55,93533.55,300,63,0
2026.03.20 07:05:00,93551.52,93551.52,93542.55,93542.55,300,63,0
2026.03.20 07:00:00,93560.52,93560.52,93551.55,93551.55,300,63,0
2026.03.20 06:55:00,93550.88,93569.28,93550.67,93560.55,300,63,0
2026.03.20 06:50:00,93526.45,93556.91,93523.51,93550.91,300,63,0
2026.03.20 06:45:00,93521.30,93534.16,93520.04,93526.48,300,63,0
2026.03.20 06:40:00,93510.14,93526.88,93506.75,93521.33,300,63,0
2026.03.20 06:35:00,93519.14,93519.14,93510.17,93510.17,300,63,0
2026.03.20 06:30:00,93528.14,93528.14,93519.17,93519.17,300,63,0
2026.03.20 06:25:00,93537.14,93537.14,93528.17,93528.17,300,63,0
2026.03.20 06:20:00,93546.14,93546.14,93537.17,93537.17,300,63,0
2026.03.20 06:15:00,93555.14,93555.14,93546.17,93546.17,300,63,0
2026.03.20 06:10:00,93564.14,93564.14,93555.17,93555.17,300,63,0
2026.03.20 06:05:00,93557.98,93566.57,93551.44,93564.17,300,63,0
2026.03.20 06:00:00,93566.98,93566.98,93558.01,93558.01,300,63,0
2026.03.20 05:55:00,93551.02,93572.08,93547.15,93567.01,300,63,0
2026.03.20 05:50:00,93542.90,93557.92,93540.83,93551.05,300,63,0
2026.03.20 05:45:00,93551.90,93551.90,93542.93,93542.93,300,63,0
2026.03.20 05:40:00,93539.09,93553.37,93531.59,93551.93,300,63,0
2026.03.20 05:35:00,93548.09,93548.09,93539.12,93539.12,300,63,0
2026.03.20 05:30:00,93557.09,93557.09,93548.12,93548.12,300,63,0
2026.03.20 05:25:00,93550.57,93560.09,93544.60,93557.12,300,63,0
2026.03.20 05:20:00,93559.57,93559.57,93550.60,93550.60,300,63,0
2026.03.20 05:15:00,93568.57,93568.57,93559.60,93559.60,300,63,0
2026.03.20 05:10:00,93577.57,93577.57,93568.60,93568.60,300,63,0
2026.03.20 05:05:00,93565.75,93584.98,93564.19,93577.60,300,63,0
2026.03.20 05:00:00,93574.75,93574.75,93565.78,93565.78,300,63,0
2026.03.20 04:55:00,93583.75,93583.75,93574.78,93574.78,300,63,0
2026.03.20 04:50:00,93592.75,93592.75,93583.78,93583.78,300,63,0
2026.03.20 04:45:00,93563.65,93595.18,93557.11,93592.78,300,63,0
2026.03.20 04:40:00,93555.58,93570.31,93553.27,93563.68,300,63,0
2026.03.20 04:35:00,93564.58,93564.58,93555.61,93555.61,300,63,0
2026.03.20 04:30:00,93573.58,93573.58,93564.61,93564.61,300,63,0
2026.03.20 04:25:00,93582.58,93582.58,93573.61,93573.61,300,63,0
2026.03.20 04:20:00,93591.58,93591.58,93582.61,93582.61,300,63,0
2026.03.20 04:15:00,93600.58,93600.58,93591.61,93591.61,300,63,0
2026.03.20 04:10:00,93609.58,93609.58,93600.61,93600.61,300,63,0
2026.03.20 04:05:00,93618.58,93618.58,93609.61,93609.61,300,63,0
2026.03.20 04:00:00,93627.58,93627.58,93618.61,93618.61,300,63,0
2026.03.20 03:55:00,93595.32,93634.63,93593.40,93627.61,300,63,0
2026.03.20 03:50:00,93604.32,93604.32,93595.35,93595.35,300,63,0
2026.03.20 03:45:00,93600.86,93608.91,93596.48,93604.35,300,63,0
2026.03.20 03:40:00,93609.86,93609.86,93600.89,93600.89,300,63,0
2026.03.20 03:35:00,93618.86,93618.86,93609.89,93609.89,300,63,0
2026.03.20 03:30:00,93627.86,93627.86,93618.89,93618.89,300,63,0
2026.03.20 03:25:00,93636.86,93636.86,93627.89,93627.89,300,63,0
2026.03.20 03:20:00,93645.86,93645.86,93636.89,93636.89,300,63,0
2026.03.20 03:15:00,93654.86,93654.86,93645.89,93645.89,300,63,0
2026.03.20 03:10:00,93663.86,93663.86,93654.89,93654.89,300,63,0
2026.03.20 03:05:00,93672.86,93672.86,93663.89,93663.89,300,63,0
2026.03.20 03:00:00,93681.86,93681.86,93672.89,93672.89,300,63,0
2026.03.20 02:55:00,93668.33,93688.76,93666.26,93681.89,300,63,0
2026.03.20 02:50:00,93677.33,93677.33,93668.36,93668.36,300,63,0
2026.03.20 02:45:00,93686.33,93686.33,93677.36,93677.36,300,63,0
2026.03.20 02:40:00,93695.33,93695.33,93686.36,93686.36,300,63,0
2026.03.20 02:35:00,93704.33,93704.33,93695.36,93695.36,300,63,0
2026.03.20 02:30:00,93645.41,93704.48,93638.81,93704.36,300,63,0
2026.03.20 02:25:00,93654.41,93654.41,93645.44,93645.44,300,63,0
2026.03.20 02:20:00,93663.41,93663.41,93654.44,93654.44,300,63,0
2026.03.20 02:15:00,93672.41,93672.41,93663.44,93663.44,300,63,0
2026.03.20 02:10:00,93681.41,93681.41,93672.44,93672.44,300,63,0
2026.03.20 02:05:00,93667.95,93685.55,93663.12,93681.44,300,63,0
2026.03.20 02:00:00,93634.94,93671.58,93629.60,93667.98,300,63,0
2026.03.20 01:55:00,93643.94,93643.94,93634.97,93634.97,300,63,0
2026.03.20 01:50:00,93652.94,93652.94,93643.97,93643.97,300,63,0
2026.03.20 01:45:00,93661.94,93661.94,93652.97,93652.97,300,63,0
2026.03.20 01:40:00,93670.94,93670.94,93661.97,93661.97,300,63,0
2026.03.20 01:35:00,93679.94,93679.94,93670.97,93670.97,300,63,0
2026.03.20 01:30:00,93688.94,93688.94,93679.97,93679.97,300,63,0
2026.03.20 01:25:00,93697.94,93697.94,93688.97,93688.97,300,63,0
2026.03.20 01:20:00,93674.17,93698.12,93665.38,93697.97,300,63,0
2026.03.20 01:15:00,93683.17,93683.17,93674.20,93674.20,300,63,0
2026.03.20 01:10:00,93692.17,93692.17,93683.20,93683.20,300,63,0
2026.03.20 01:05:00,93701.17,93701.17,93692.20,93692.20,300,63,0
2026.03.20 01:00:00,93683.21,93702.61,93675.68,93701.20,300,63,0
2026.03.20 00:55:00,93692.21,93692.21,93683.24,93683.24,300,63,0
2026.03.20 00:50:00,93680.65,93696.41,93675.88,93692.24,300,63,0
2026.03.20 00:45:00,93675.69,93688.45,93674.52,93680.68,300,63,0
2026.03.20 00:40:00,93684.69,93684.69,93675.72,93675.72,300,63,0
2026.03.20 00:35:00,93628.67,93685.68,93628.07,93684.72,300,63,0
2026.03.20 00:30:00,93621.27,93634.34,93617.97,93628.70,300,63,0
2026.03.20 00:25:00,93630.27,93630.27,93621.30,93621.30,300,63,0
2026.03.20 00:20:00,93639.27,93639.27,93630.30,93630.30,300,63,0
2026.03.20 00:15:00,93648.27,93648.27,93639.30,93639.30,300,63,0
2026.03.20 00:10:00,93657.27,93657.27,93648.30,93648.30,300,63,0
2026.03.20 00:05:00,93666.27,93666.27,93657.30,93657.30,300,63,0
2026.03.20 00:00:00,93675.27,93675.27,93666.30,93666.30,300,63,0
2026.03.19 23:55:00,93655.03,93682.56,93653.35,93675.30,300,63,0
2026.03.19 23:50:00,93644.98,93663.85,93644.83,93655.06,300,63,0
2026.03.19 23:45:00,93653.98,93653.98,93645.01,93645.01,300,63,0
2026.03.19 23:40:00,93662.98,93662.98,93654.01,93654.01,300,63,0
2026.03.19 23:35:00,93671.98,93671.98,93663.01,93663.01,300,63,0
2026.03.19 23:30:00,93666.32,93672.46,93657.83,93672.01,300,63,0
2026.03.19 23:25:00,93658.12,93673.40,93656.23,93666.35,300,63,0
2026.03.19 23:20:00,93652.18,93658.33,93643.42,93658.15,300,63,0
2026.03.19 23:15:00,93661.18,93661.18,93652.21,93652.21,300,63,0
2026.03.19 23:10:00,93670.18,93670.18,93661.21,93661.21,300,63,0
2026.03.19 23:05:00,93679.18,93679.18,93670.21,93670.21,300,63,0
2026.03.19 23:00:00,93688.18,93688.18,93679.21,93679.21,300,63,0
2026.03.19 22:55:00,93697.18,93697.18,93688.21,93688.21,300,63,0
2026.03.19 22:50:00,93706.18,93706.18,93697.21,93697.21,300,63,0
2026.03.19 22:45:00,93715.18,93715.18,93706.21,93706.21,300,63,0
2026.03.19 22:40:00,93696.92,93721.90,93694.67,93715.21,300,63,0
2026.03.19 22:35:00,93705.92,93705.92,93696.95,93696.95,300,63,0
2026.03.19 22:30:00,93714.92,93714.92,93705.95,93705.95,300,63,0
2026.03.19 22:25:00,93663.31,93718.73,93660.97,93714.95,300,63,0
2026.03.19 22:20:00,93672.31,93672.31,93663.34,93663.34,300,63,0
2026.03.19 22:15:00,93681.31,93681.31,93672.34,93672.34,300,63,0
2026.03.19 22:10:00,93690.31,93690.31,93681.34,93681.34,300,63,0
2026.03.19 22:05:00,93699.31,93699.31,93690.34,93690.34,300,63,0
2026.03.19 22:00:00,93708.31,93708.31,93699.34,93699.34,300,63,0
2026.03.19 21:55:00,93717.31,93717.31,93708.34,93708.34,300,63,0
2026.03.19 21:50:00,93700.83,93717.85,93692.40,93717.34,300,63,0
2026.03.19 21:45:00,93653.51,93704.28,93653.03,93700.86,300,63,0
2026.03.19 21:40:00,93662.51,93662.51,93653.54,93653.54,300,63,0
2026.03.19 21:35:00,93602.08,93662.87,93594.85,93662.54,300,63,0
2026.03.19 21:30:00,93611.08,93611.08,93602.11,93602.11,300,63,0
2026.03.19 21:25:00,93591.96,93617.23,93589.14,93611.11,300,63,0
2026.03.19 21:20:00,93600.96,93600.96,93591.99,93591.99,300,63,0
2026.03.19 21:15:00,93595.76,93601.38,93587.21,93600.99,300,63,0
2026.03.19 21:10:00,93604.76,93604.76,93595.79,93595.79,300,63,0
2026.03.19 21:05:00,93613.76,93613.76,93604.79,93604.79,300,63,0
2026.03.19 21:00:00,93622.76,93622.76,93613.79,93613.79,300,63,0
2026.03.19 20:55:00,93631.76,93631.76,93622.79,93622.79,300,63,0
2026.03.19 20:50:00,93640.76,93640.76,93631.79,93631.79,300,63,0
2026.03.19 20:45:00,93625.14,93644.12,93619.53,93640.79,300,63,0
2026.03.19 20:40:00,93634.14,93634.14,93625.17,93625.17,300,63,0
2026.03.19 20:35:00,93643.14,93643.14,93634.17,93634.17,300,63,0
2026.03.19 20:30:00,93652.14,93652.14,93643.17,93643.17,300,63,0
2026.03.19 20:25:00,93661.14,93661.14,93652.17,93652.17,300,63,0
2026.03.19 20:20:00,93670.14,93670.14,93661.17,93661.17,300,63,0
2026.03.19 20:15:00,93679.14,93679.14,93670.17,93670.17,300,63,0
2026.03.19 20:10:00,93688.14,93688.14,93679.17,93679.17,300,63,0
2026.03.19 20:05:00,93683.07,93690.48,93676.44,93688.17,300,63,0
2026.03.19 20:00:00,93662.36,93687.00,93658.79,93683.10,300,63,0
2026.03.19 19:55:00,93671.36,93671.36,93662.39,93662.39,300,63,0
2026.03.19 19:50:00,93680.36,93680.36,93671.39,93671.39,300,63,0
2026.03.19 19:45:00,93582.28,93685.49,93581.65,93680.39,300,63,0
2026.03.19 19:40:00,93591.28,93591.28,93582.31,93582.31,300,63,0
2026.03.19 19:35:00,93600.28,93600.28,93591.31,93591.31,300,63,0
2026.03.19 19:30:00,93588.94,93606.19,93585.88,93600.31,300,63,0
2026.03.19 19:25:00,93597.94,93597.94,93588.97,93588.97,300,63,0
2026.03.19 19:20:00,93574.83,93598.21,93566.13,93597.97,300,63,0
2026.03.19 19:15:00,93583.83,93583.83,93574.86,93574.86,300,63,0
2026.03.19 19:10:00,93592.83,93592.83,93583.86,93583.86,300,63,0
2026.03.19 19:05:00,93579.43,93600.96,93578.59,93592.86,300,63,0
2026.03.19 19:00:00,93588.43,93588.43,93579.46,93579.46,300,63,0
2026.03.19 18:55:00,93584.48,93588.76,93575.84,93588.46,300,63,0
2026.03.19 18:50:00,93556.07,93587.12,93549.74,93584.51,300,63,0
2026.03.19 18:45:00,93537.53,93564.17,93536.66,93556.10,300,63,0
2026.03.19 18:40:00,93546.53,93546.53,93537.56,93537.56,300,63,0
2026.03.19 18:35:00,93532.13,93550.61,93527.24,93546.56,300,63,0
2026.03.19 18:30:00,93541.13,93541.13,93532.16,93532.16,300,63,0
2026.03.19 18:25:00,93550.13,93550.13,93541.16,93541.16,300,63,0
2026.03.19 18:20:00,93559.13,93559.13,93550.16,93550.16,300,63,0
2026.03.19 18:15:00,93543.97,93559.52,93535.39,93559.16,300,63,0
2026.03.19 18:10:00,93552.97,93552.97,93544.00,93544.00,300,63,0
2026.03.19 18:05:00,93561.97,93561.97,93553.00,93553.00,300,63,0
2026.03.19 18:00:00,93570.97,93570.97,93562.00,93562.00,300,63,0
2026.03.19 17:55:00,93579.97,93579.97,93571.00,93571.00,300,63,0
2026.03.19 17:50:00,93588.97,93588.97,93580.00,93580.00,300,63,0
2026.03.19 17:45:00,93597.97,93597.97,93589.00,93589.00,300,63,0
2026.03.19 17:40:00,93606.97,93606.97,93598.00,93598.00,300,63,0
2026.03.19 17:35:00,93615.97,93615.97,93607.00,93607.00,300,63,0
2026.03.19 17:30:00,93597.47,93621.76,93594.29,93616.00,300,63,0
2026.03.19 17:25:00,93606.47,93606.47,93597.50,93597.50,300,63,0
2026.03.19 17:20:00,93615.47,93615.47,93606.50,93606.50,300,63,0
2026.03.19 17:15:00,93594.13,93619.40,93589.09,93615.50,300,63,0
2026.03.19 17:10:00,93603.13,93603.13,93594.16,93594.16,300,63,0
2026.03.19 17:05:00,93580.42,93610.39,93578.71,93603.16,300,63,0
2026.03.19 17:00:00,93589.42,93589.42,93580.45,93580.45,300,63,0
2026.03.19 16:55:00,93598.42,93598.42,93589.45,93589.45,300,63,0
2026.03.19 16:50:00,93607.42,93607.42,93598.45,93598.45,300,63,0
2026.03.19 16:45:00,93616.42,93616.42,93607.45,93607.45,300,63,0
2026.03.19 16:40:00,93625.42,93625.42,93616.45,93616.45,300,63,0
2026.03.19 16:35:00,93605.89,93626.98,93598.48,93625.45,300,63,0
2026.03.19 16:30:00,93614.89,93614.89,93605.92,93605.92,300,63,0
2026.03.19 16:25:00,93623.89,93623.89,93614.92,93614.92,300,63,0
2026.03.19 16:20:00,93632.89,93632.89,93623.92,93623.92,300,63,0
2026.03.19 16:15:00,93641.89,93641.89,93632.92,93632.92,300,63,0
2026.03.19 16:10:00,93650.89,93650.89,93641.92,93641.92,300,63,0
2026.03.19 16:05:00,93659.89,93659.89,93650.92,93650.92,300,63,0
2026.03.19 16:00:00,93668.89,93668.89,93659.92,93659.92,300,63,0
2026.03.19 15:55:00,93677.89,93677.89,93668.92,93668.92,300,63,0
2026.03.19 15:50:00,93625.21,93678.10,93622.30,93677.92,300,63,0
2026.03.19 15:45:00,93634.21,93634.21,93625.24,93625.24,300,63,0
2026.03.19 15:40:00,93643.21,93643.21,93634.24,93634.24,300,63,0
2026.03.19 15:35:00,93652.21,93652.21,93643.24,93643.24,300,63,0
2026.03.19 15:30:00,93661.21,93661.21,93652.24,93652.24,300,63,0
2026.03.19 15:25:00,93670.21,93670.21,93661.24,93661.24,300,63,0
2026.03.19 15:20:00,93679.21,93679.21,93670.24,93670.24,300,63,0
2026.03.19 15:15:00,93688.21,93688.21,93679.24,93679.24,300,63,0
2026.03.19 15:10:00,93683.78,93696.55,93683.15,93688.24,300,63,0
2026.03.19 15:05:00,93692.78,93692.78,93683.81,93683.81,300,63,0
2026.03.19 15:00:00,93674.94,93700.19,93673.38,93692.81,300,63,0
2026.03.19 14:55:00,93683.94,93683.94,93674.97,93674.97,300,63,0
2026.03.19 14:50:00,93692.94,93692.94,93683.97,93683.97,300,63,0
2026.03.19 14:45:00,93701.94,93701.94,93692.97,93692.97,300,63,0
2026.03.19 14:40:00,93710.94,93710.94,93701.97,93701.97,300,63,0
2026.03.19 14:35:00,93706.63,93718.86,93705.58,93710.97,300,63,0
2026.03.19 14:30:00,93701.32,93711.40,93697.12,93706.66,300,63,0
2026.03.19 14:25:00,93674.13,93701.98,93665.82,93701.35,300,63,0
2026.03.19 14:20:00,93645.66,93675.24,93637.80,93674.16,300,63,0
2026.03.19 14:15:00,93634.00,93652.35,93631.72,93645.69,300,63,0
2026.03.19 14:10:00,93643.00,93643.00,93634.03,93634.03,300,63,0
2026.03.19 14:05:00,93652.00,93652.00,93643.03,93643.03,300,63,0
2026.03.19 14:00:00,93661.00,93661.00,93652.03,93652.03,300,63,0
2026.03.19 13:55:00,93670.00,93670.00,93661.03,93661.03,300,63,0
2026.03.19 13:50:00,93664.60,93671.38,93657.01,93670.03,300,63,0
2026.03.19 13:45:00,93647.69,93672.04,93646.16,93664.63,300,63,0
2026.03.19 13:40:00,93656.69,93656.69,93647.72,93647.72,300,63,0
2026.03.19 13:35:00,93665.69,93665.69,93656.72,93656.72,300,63,0
2026.03.19 13:30:00,93655.11,93673.43,93653.88,93665.72,300,63,0
2026.03.19 13:25:00,93645.87,93659.46,93641.25,93655.14,300,63,0
2026.03.19 13:20:00,93654.87,93654.87,93645.90,93645.90,300,63,0
2026.03.19 13:15:00,93663.87,93663.87,93654.90,93654.90,300,63,0
2026.03.19 13:10:00,93672.87,93672.87,93663.90,93663.90,300,63,0
2026.03.19 13:05:00,93681.87,93681.87,93672.90,93672.90,300,63,0
2026.03.19 13:00:00,93690.87,93690.87,93681.90,93681.90,300,63,0
2026.03.19 12:55:00,93663.53,93692.67,93656.36,93690.90,300,63,0
2026.03.19 12:50:00,93672.53,93672.53,93663.56,93663.56,300,63,0
2026.03.19 12:45:00,93681.53,93681.53,93672.56,93672.56,300,63,0
2026.03.19 12:40:00,93690.53,93690.53,93681.56,93681.56,300,63,0
2026.03.19 12:35:00,93673.02,93692.39,93665.91,93690.56,300,63,0
2026.03.19 12:30:00,93668.43,93673.44,93659.88,93673.05,300,63,0
2026.03.19 12:25:00,93677.43,93677.43,93668.46,93668.46,300,63,0
2026.03.19 12:20:00,93686.43,93686.43,93677.46,93677.46,300,63,0
2026.03.19 12:15:00,93695.43,93695.43,93686.46,93686.46,300,63,0
2026.03.19 12:10:00,93704.43,93704.43,93695.46,93695.46,300,63,0
2026.03.19 12:05:00,93713.43,93713.43,93704.46,93704.46,300,63,0
2026.03.19 12:00:00,93722.43,93722.43,93713.46,93713.46,300,63,0
2026.03.19 11:55:00,93731.43,93731.43,93722.46,93722.46,300,63,0
2026.03.19 11:50:00,93723.33,93732.33,93715.26,93731.46,300,63,0
2026.03.19 11:45:00,93732.33,93732.33,93723.36,93723.36,300,63,0
2026.03.19 11:40:00,93728.34,93734.55,93721.59,93732.36,300,63,0
2026.03.19 11:35:00,93737.34,93737.34,93728.37,93728.37,300,63,0
2026.03.19 11:30:00,93746.34,93746.34,93737.37,93737.37,300,63,0
2026.03.19 11:25:00,93755.34,93755.34,93746.37,93746.37,300,63,0
2026.03.19 11:20:00,93764.34,93764.34,93755.37,93755.37,300,63,0
2026.03.19 11:15:00,93773.34,93773.34,93764.37,93764.37,300,63,0
2026.03.19 11:10:00,93782.34,93782.34,93773.37,93773.37,300,63,0
2026.03.19 11:05:00,93791.34,93791.34,93782.37,93782.37,300,63,0
2026.03.19 11:00:00,93800.34,93800.34,93791.37,93791.37,300,63,0
2026.03.19 10:55:00,93809.34,93809.34,93800.37,93800.37,300,63,0
2026.03.19 10:50:00,93818.34,93818.34,93809.37,93809.37,300,63,0
2026.03.19 10:45:00,93827.34,93827.34,93818.37,93818.37,300,63,0
2026.03.19 10:40:00,93836.34,93836.34,93827.37,93827.37,300,63,0
2026.03.19 10:35:00,93845.34,93845.34,93836.37,93836.37,300,63,0
2026.03.19 10:30:00,93854.34,93854.34,93845.37,93845.37,300,63,0
2026.03.19 10:25:00,93863.34,93863.34,93854.37,93854.37,300,63,0
2026.03.19 10:20:00,93826.88,93863.82,93821.48,93863.37,300,63,0
2026.03.19 10:15:00,93823.63,93828.89,93816.67,93826.91,300,63,0
2026.03.19 10:10:00,93832.63,93832.63,93823.66,93823.66,300,63,0
2026.03.19 10:05:00,93841.63,93841.63,93832.66,93832.66,300,63,0
2026.03.19 10:00:00,93825.10,93843.91,93818.41,93841.66,300,63,0
2026.03.19 09:55:00,93834.10,93834.10,93825.13,93825.13,300,63,0
2026.03.19 09:50:00,93843.10,93843.10,93834.13,93834.13,300,63,0
2026.03.19 09:45:00,93852.10,93852.10,93843.13,93843.13,300,63,0
2026.03.19 09:40:00,93861.10,93861.10,93852.13,93852.13,300,63,0
2026.03.19 09:35:00,93870.10,93870.10,93861.13,93861.13,300,63,0
2026.03.19 09:30:00,93879.10,93879.10,93870.13,93870.13,300,63,0
2026.03.19 09:25:00,93888.10,93888.10,93879.13,93879.13,300,63,0
2026.03.19 09:20:00,93884.05,93894.10,93881.08,93888.13,300,63,0
2026.03.19 09:15:00,93893.05,93893.05,93884.08,93884.08,300,63,0
2026.03.19 09:10:00,93902.05,93902.05,93893.08,93893.08,300,63,0
2026.03.19 09:05:00,93884.16,93908.56,93881.70,93902.08,300,63,0
2026.03.19 09:00:00,93860.40,93886.77,93854.04,93884.19,300,63,0
2026.03.19 08:55:00,93869.40,93869.40,93860.43,93860.43,300,63,0
2026.03.19 08:50:00,93853.51,93870.99,93846.13,93869.43,300,63,0
2026.03.19 08:45:00,93862.51,93862.51,93853.54,93853.54,300,63,0
2026.03.19 08:40:00,93871.51,93871.51,93862.54,93862.54,300,63,0
2026.03.19 08:35:00,93854.23,93880.36,93854.11,93871.54,300,63,0
2026.03.19 08:30:00,93821.04,93859.48,93817.32,93854.26,300,63,0
2026.03.19 08:25:00,93830.04,93830.04,93821.07,93821.07,300,63,0
2026.03.19 08:20:00,93839.04,93839.04,93830.07,93830.07,300,63,0
2026.03.19 08:15:00,93832.26,93844.23,93828.48,93839.07,300,63,0
2026.03.19 08:10:00,93829.16,93838.59,93826.52,93832.29,300,63,0
2026.03.19 08:05:00,93838.16,93838.16,93829.19,93829.19,300,63,0
2026.03.19 08:00:00,93777.89,93843.23,93776.99,93838.19,300,63,0
2026.03.19 07:55:00,93757.76,93784.70,93755.60,93777.92,300,63,0
2026.03.19 07:50:00,93766.76,93766.76,93757.79,93757.79,300,63,0
2026.03.19 07:45:00,93775.76,93775.76,93766.79,93766.79,300,63,0
2026.03.19 07:40:00,93747.39,93783.41,93746.07,93775.79,300,63,0
2026.03.19 07:35:00,93756.39,93756.39,93747.42,93747.42,300,63,0
2026.03.19 07:30:00,93765.39,93765.39,93756.42,93756.42,300,63,0
2026.03.19 07:25:00,93774.39,93774.39,93765.42,93765.42,300,63,0
2026.03.19 07:20:00,93783.39,93783.39,93774.42,93774.42,300,63,0
2026.03.19 07:15:00,93792.39,93792.39,93783.42,93783.42,300,63,0
2026.03.19 07:10:00,93801.39,93801.39,93792.42,93792.42,300,63,0
2026.03.19 07:05:00,93810.39,93810.39,93801.42,93801.42,300,63,0
2026.03.19 07:00:00,93819.39,93819.39,93810.42,93810.42,300,63,0
2026.03.19 06:55:00,93828.39,93828.39,93819.42,93819.42,300,63,0
2026.03.19 06:50:00,93837.39,93837.39,93828.42,93828.42,300,63,0
2026.03.19 06:45:00,93821.47,93845.61,93820.72,93837.42,300,63,0
2026.03.19 06:40:00,93818.37,93824.35,93812.28,93821.50,300,63,0
2026.03.19 06:35:00,93827.37,93827.37,93818.40,93818.40,300,63,0
2026.03.19 06:30:00,93809.38,93828.39,93801.43,93827.40,300,63,0
2026.03.19 06:25:00,93801.21,93818.17,93801.03,93809.41,300,63,0
2026.03.19 06:20:00,93771.88,93804.96,93766.66,93801.24,300,63,0
2026.03.19 06:15:00,93757.64,93779.86,93756.65,93771.91,300,63,0
2026.03.19 06:10:00,93766.64,93766.64,93757.67,93757.67,300,63,0
2026.03.19 06:05:00,93775.64,93775.64,93766.67,93766.67,300,63,0
2026.03.19 06:00:00,93771.67,93775.73,93762.79,93775.67,300,63,0
2026.03.19 05:55:00,93780.67,93780.67,93771.70,93771.70,300,63,0
2026.03.19 05:50:00,93789.67,93789.67,93780.70,93780.70,300,63,0
2026.03.19 05:45:00,93798.67,93798.67,93789.70,93789.70,300,63,0
2026.03.19 05:40:00,93807.67,93807.67,93798.70,93798.70,300,63,0
2026.03.19 05:35:00,93766.13,93811.81,93761.84,93807.70,300,63,0
2026.03.19 05:30:00,93775.13,93775.13,93766.16,93766.16,300,63,0
2026.03.19 05:25:00,93784.13,93784.13,93775.16,93775.16,300,63,0
2026.03.19 05:20:00,93793.13,93793.13,93784.16,93784.16,300,63,0
2026.03.19 05:15:00,93802.13,93802.13,93793.16,93793.16,300,63,0
2026.03.19 05:10:00,93788.49,93803.84,93781.23,93802.16,300,63,0
2026.03.19 05:05:00,93797.49,93797.49,93788.52,93788.52,300,63,0
2026.03.19 05:00:00,93806.49,93806.49,93797.52,93797.52,300,63,0
2026.03.19 04:55:00,93770.52,93809.28,93764.34,93806.52,300,63,0
2026.03.19 04:50:00,93779.52,93779.52,93770.55,93770.55,300,63,0
2026.03.19 04:45:00,93788.52,93788.52,93779.55,93779.55,300,63,0
2026.03.19 04:40:00,93770.73,93794.97,93768.21,93788.55,300,63,0
2026.03.19 04:35:00,93779.73,93779.73,93770.76,93770.76,300,63,0
2026.03.19 04:30:00,93746.80,93781.32,93743.17,93779.76,300,63,0
2026.03.19 04:25:00,93731.79,93748.15,93724.17,93746.83,300,63,0
2026.03.19 04:20:00,93740.79,93740.79,93731.82,93731.82,300,63,0
2026.03.19 04:15:00,93710.32,93743.70,93707.05,93740.82,300,63,0
2026.03.19 04:10:00,93719.32,93719.32,93710.35,93710.35,300,63,0
2026.03.19 04:05:00,93715.14,93724.03,93710.88,93719.35,300,63,0
2026.03.19 04:00:00,93724.14,93724.14,93715.17,93715.17,300,63,0
2026.03.19 03:55:00,93733.14,93733.14,93724.17,93724.17,300,63,0
2026.03.19 03:50:00,93712.63,93740.70,93711.22,93733.17,300,63,0
2026.03.19 03:45:00,93721.63,93721.63,93712.66,93712.66,300,63,0
2026.03.19 03:40:00,93730.63,93730.63,93721.66,93721.66,300,63,0
2026.03.19 03:35:00,93739.63,93739.63,93730.66,93730.66,300,63,0
2026.03.19 03:30:00,93730.36,93747.82,93729.58,93739.66,300,63,0
2026.03.19 03:25:00,93739.36,93739.36,93730.39,93730.39,300,63,0
2026.03.19 03:20:00,93748.36,93748.36,93739.39,93739.39,300,63,0
2026.03.19 03:15:00,93734.76,93748.60,93726.03,93748.39,300,63,0
2026.03.19 03:10:00,93743.76,93743.76,93734.79,93734.79,300,63,0
2026.03.19 03:05:00,93731.46,93748.59,93727.32,93743.79,300,63,0
2026.03.19 03:00:00,93705.10,93738.00,93702.67,93731.49,300,63,0
2026.03.19 02:55:00,93714.10,93714.10,93705.13,93705.13,300,63,0
2026.03.19 02:50:00,93723.10,93723.10,93714.13,93714.13,300,63,0
2026.03.19 02:45:00,93732.10,93732.10,93723.13,93723.13,300,63,0
2026.03.19 02:40:00,93741.10,93741.10,93732.13,93732.13,300,63,0
2026.03.19 02:35:00,93717.77,93747.34,93715.04,93741.13,300,63,0
2026.03.19 02:30:00,93726.77,93726.77,93717.80,93717.80,300,63,0
2026.03.19 02:25:00,93735.77,93735.77,93726.80,93726.80,300,63,0
2026.03.19 02:20:00,93744.77,93744.77,93735.80,93735.80,300,63,0
2026.03.19 02:15:00,93753.77,93753.77,93744.80,93744.80,300,63,0
2026.03.19 02:10:00,93732.20,93755.81,93728.06,93753.80,300,63,0
2026.03.19 02:05:00,93741.20,93741.20,93732.23,93732.23,300,63,0
2026.03.19 02:00:00,93750.20,93750.20,93741.23,93741.23,300,63,0
2026.03.19 01:55:00,93759.20,93759.20,93750.23,93750.23,300,63,0
2026.03.19 01:50:00,93768.20,93768.20,93759.23,93759.23,300,63,0
2026.03.19 01:45:00,93777.20,93777.20,93768.23,93768.23,300,63,0
2026.03.19 01:40:00,93786.20,93786.20,93777.23,93777.23,300,63,0
2026.03.19 01:35:00,93795.20,93795.20,93786.23,93786.23,300,63,0
2026.03.19 01:30:00,93804.20,93804.20,93795.23,93795.23,300,63,0
2026.03.19 01:25:00,93813.20,93813.20,93804.23,93804.23,300,63,0
2026.03.19 01:20:00,93786.02,93815.57,93779.42,93813.23,300,63,0
2026.03.19 01:15:00,93795.02,93795.02,93786.05,93786.05,300,63,0
2026.03.19 01:10:00,93786.31,93800.90,93783.22,93795.05,300,63,0
2026.03.19 01:05:00,93795.31,93795.31,93786.34,93786.34,300,63,0
2026.03.19 01:00:00,93804.31,93804.31,93795.34,93795.34,300,63,0
2026.03.19 00:55:00,93813.31,93813.31,93804.34,93804.34,300,63,0
2026.03.19 00:50:00,93822.31,93822.31,93813.34,93813.34,300,63,0
2026.03.19 00:45:00,93831.31,93831.31,93822.34,93822.34,300,63,0
2026.03.19 00:40:00,93840.31,93840.31,93831.34,93831.34,300,63,0
2026.03.19 00:35:00,93807.10,93841.06,93805.75,93840.34,300,63,0
2026.03.19 00:30:00,93816.10,93816.10,93807.13,93807.13,300,63,0
2026.03.19 00:25:00,93825.10,93825.10,93816.13,93816.13,300,63,0
2026.03.19 00:20:00,93834.10,93834.10,93825.13,93825.13,300,63,0
2026.03.19 00:15:00,93822.43,93835.30,93814.66,93834.13,300,63,0
2026.03.19 00:10:00,93810.40,93822.64,93801.64,93822.46,300,63,0
2026.03.19 00:05:00,93819.40,93819.40,93810.43,93810.43,300,63,0
2026.03.19 00:00:00,93828.40,93828.40,93819.43,93819.43,300,63,0
2026.03.18 23:55:00,93837.40,93837.40,93828.43,93828.43,300,63,0
2026.03.18 23:50:00,93846.40,93846.40,93837.43,93837.43,300,63,0
2026.03.18 23:45:00,93855.40,93855.40,93846.43,93846.43,300,63,0
2026.03.18 23:40:00,93864.40,93864.40,93855.43,93855.43,300,63,0
2026.03.18 23:35:00,93842.89,93865.60,93835.12,93864.43,300,63,0
2026.03.18 23:30:00,93851.89,93851.89,93842.92,93842.92,300,63,0
2026.03.18 23:25:00,93860.89,93860.89,93851.92,93851.92,300,63,0
2026.03.18 23:20:00,93869.89,93869.89,93860.92,93860.92,300,63,0
2026.03.18 23:15:00,93878.89,93878.89,93869.92,93869.92,300,63,0
2026.03.18 23:10:00,93887.89,93887.89,93878.92,93878.92,300,63,0
2026.03.18 23:05:00,93896.89,93896.89,93887.92,93887.92,300,63,0
2026.03.18 23:00:00,93905.89,93905.89,93896.92,93896.92,300,63,0
2026.03.18 22:55:00,93914.89,93914.89,93905.92,93905.92,300,63,0
2026.03.18 22:50:00,93923.89,93923.89,93914.92,93914.92,300,63,0
2026.03.18 22:45:00,93932.89,93932.89,93923.92,93923.92,300,63,0
2026.03.18 22:40:00,93941.89,93941.89,93932.92,93932.92,300,63,0
2026.03.18 22:35:00,93950.89,93950.89,93941.92,93941.92,300,63,0
2026.03.18 22:30:00,93945.50,93959.56,93945.20,93950.92,300,63,0
2026.03.18 22:25:00,93936.07,93947.09,93928.69,93945.53,300,63,0
2026.03.18 22:20:00,93945.07,93945.07,93936.10,93936.10,300,63,0
2026.03.18 22:15:00,93926.04,93953.71,93925.71,93945.10,300,63,0
2026.03.18 22:10:00,93935.04,93935.04,93926.07,93926.07,300,63,0
2026.03.18 22:05:00,93944.04,93944.04,93935.07,93935.07,300,63,0
2026.03.18 22:00:00,93953.04,93953.04,93944.07,93944.07,300,63,0
2026.03.18 21:55:00,93962.04,93962.04,93953.07,93953.07,300,63,0
2026.03.18 21:50:00,93971.04,93971.04,93962.07,93962.07,300,63,0
2026.03.18 21:45:00,93980.04,93980.04,93971.07,93971.07,300,63,0
2026.03.18 21:40:00,93989.04,93989.04,93980.07,93980.07,300,63,0
2026.03.18 21:35:00,93998.04,93998.04,93989.07,93989.07,300,63,0
2026.03.18 21:30:00,93979.98,94004.94,93977.91,93998.07,300,63,0
2026.03.18 21:25:00,93988.98,93988.98,93980.01,93980.01,300,63,0
2026.03.18 21:20:00,93997.98,93997.98,93989.01,93989.01,300,63,0
2026.03.18 21:15:00,93994.69,94004.85,93992.59,93998.01,300,63,0
2026.03.18 21:10:00,94003.69,94003.69,93994.72,93994.72,300,63,0
2026.03.18 21:05:00,93988.88,94006.24,93982.46,94003.72,300,63,0
2026.03.18 21:00:00,93997.88,93997.88,93988.91,93988.91,300,63,0
2026.03.18 20:55:00,94006.88,94006.88,93997.91,93997.91,300,63,0
2026.03.18 20:50:00,93991.46,94012.01,93987.62,94006.91,300,63,0
2026.03.18 20:45:00,94000.46,94000.46,93991.49,93991.49,300,63,0
2026.03.18 20:40:00,94009.46,94009.46,94000.49,94000.49,300,63,0
2026.03.18 20:35:00,94018.46,94018.46,94009.49,94009.49,300,63,0
2026.03.18 20:30:00,94027.46,94027.46,94018.49,94018.49,300,63,0
2026.03.18 20:25:00,94036.46,94036.46,94027.49,94027.49,300,63,0
2026.03.18 20:20:00,94005.46,94040.42,94000.45,94036.49,300,63,0
2026.03.18 20:15:00,94000.21,94006.72,93992.50,94005.49,300,63,0
2026.03.18 20:10:00,94009.21,94009.21,94000.24,94000.24,300,63,0
2026.03.18 20:05:00,94018.21,94018.21,94009.24,94009.24,300,63,0
2026.03.18 20:00:00,94027.21,94027.21,94018.24,94018.24,300,63,0
2026.03.18 19:55:00,94036.21,94036.21,94027.24,94027.24,300,63,0
2026.03.18 19:50:00,94045.21,94045.21,94036.24,94036.24,300,63,0
2026.03.18 19:45:00,94021.01,94046.17,94013.00,94045.24,300,63,0
2026.03.18 19:40:00,94005.34,94029.59,94004.95,94021.04,300,63,0
2026.03.18 19:35:00,94014.34,94014.34,94005.37,94005.37,300,63,0
2026.03.18 19:30:00,94023.34,94023.34,94014.37,94014.37,300,63,0
2026.03.18 19:25:00,94032.34,94032.34,94023.37,94023.37,300,63,0
2026.03.18 19:20:00,94041.34,94041.34,94032.37,94032.37,300,63,0
2026.03.18 19:15:00,94050.34,94050.34,94041.37,94041.37,300,63,0
2026.03.18 19:10:00,94059.34,94059.34,94050.37,94050.37,300,63,0
2026.03.18 19:05:00,94068.34,94068.34,94059.37,94059.37,300,63,0
2026.03.18 19:00:00,94077.34,94077.34,94068.37,94068.37,300,63,0
2026.03.18 18:55:00,94053.36,94078.93,94045.98,94077.37,300,63,0
2026.03.18 18:50:00,94026.42,94058.94,94025.07,94053.39,300,63,0
2026.03.18 18:45:00,94035.42,94035.42,94026.45,94026.45,300,63,0
2026.03.18 18:40:00,94044.42,94044.42,94035.45,94035.45,300,63,0
2026.03.18 18:35:00,94039.61,94049.37,94035.59,94044.45,300,63,0
2026.03.18 18:30:00,94048.61,94048.61,94039.64,94039.64,300,63,0
2026.03.18 18:25:00,94057.61,94057.61,94048.64,94048.64,300,63,0
2026.03.18 18:20:00,94053.60,94057.76,94044.78,94057.64,300,63,0
2026.03.18 18:15:00,94062.60,94062.60,94053.63,94053.63,300,63,0
2026.03.18 18:10:00,94071.60,94071.60,94062.63,94062.63,300,63,0
2026.03.18 18:05:00,94080.60,94080.60,94071.63,94071.63,300,63,0
2026.03.18 18:00:00,94089.60,94089.60,94080.63,94080.63,300,63,0
2026.03.18 17:55:00,94098.60,94098.60,94089.63,94089.63,300,63,0
2026.03.18 17:50:00,94068.38,94101.09,94061.90,94098.63,300,63,0
2026.03.18 17:45:00,94052.33,94075.94,94050.92,94068.41,300,63,0
2026.03.18 17:40:00,94026.44,94056.65,94025.27,94052.36,300,63,0
2026.03.18 17:35:00,94035.44,94035.44,94026.47,94026.47,300,63,0
2026.03.18 17:30:00,94044.44,94044.44,94035.47,94035.47,300,63,0
2026.03.18 17:25:00,94053.44,94053.44,94044.47,94044.47,300,63,0
2026.03.18 17:20:00,94062.44,94062.44,94053.47,94053.47,300,63,0
2026.03.18 17:15:00,94071.44,94071.44,94062.47,94062.47,300,63,0
2026.03.18 17:10:00,94060.32,94075.43,94055.34,94071.47,300,63,0
2026.03.18 17:05:00,94049.55,94061.40,94041.66,94060.35,300,63,0
2026.03.18 17:00:00,94025.40,94056.39,94023.27,94049.58,300,63,0
2026.03.18 16:55:00,94034.40,94034.40,94025.43,94025.43,300,63,0
2026.03.18 16:50:00,94027.49,94038.27,94022.39,94034.43,300,63,0
2026.03.18 16:45:00,94036.49,94036.49,94027.52,94027.52,300,63,0
2026.03.18 16:40:00,94045.49,94045.49,94036.52,94036.52,300,63,0
2026.03.18 16:35:00,94005.35,94054.04,94005.20,94045.52,300,63,0
2026.03.18 16:30:00,94014.35,94014.35,94005.38,94005.38,300,63,0
2026.03.18 16:25:00,94010.39,94020.53,94007.60,94014.38,300,63,0
2026.03.18 16:20:00,94019.39,94019.39,94010.42,94010.42,300,63,0
2026.03.18 16:15:00,94028.39,94028.39,94019.42,94019.42,300,63,0
2026.03.18 16:10:00,94037.39,94037.39,94028.42,94028.42,300,63,0
2026.03.18 16:05:00,94046.39,94046.39,94037.42,94037.42,300,63,0
2026.03.18 16:00:00,94055.39,94055.39,94046.42,94046.42,300,63,0
2026.03.18 15:55:00,94064.39,94064.39,94055.42,94055.42,300,63,0
2026.03.18 15:50:00,94053.13,94068.29,94048.06,94064.42,300,63,0
2026.03.18 15:45:00,94036.04,94059.37,94033.31,94053.16,300,63,0
2026.03.18 15:40:00,94045.04,94045.04,94036.07,94036.07,300,63,0
2026.03.18 15:35:00,94054.04,94054.04,94045.07,94045.07,300,63,0
2026.03.18 15:30:00,94063.04,94063.04,94054.07,94054.07,300,63,0
2026.03.18 15:25:00,94072.04,94072.04,94063.07,94063.07,300,63,0
2026.03.18 15:20:00,94063.03,94073.27,94055.29,94072.07,300,63,0
2026.03.18 15:15:00,94049.96,94063.06,94041.02,94063.06,300,63,0
2026.03.18 15:10:00,94042.38,94053.08,94036.53,94049.99,300,63,0
2026.03.18 15:05:00,94003.78,94046.07,94001.68,94042.41,300,63,0
2026.03.18 15:00:00,94012.78,94012.78,94003.81,94003.81,300,63,0
2026.03.18 14:55:00,94005.37,94013.98,93997.60,94012.81,300,63,0
2026.03.18 14:50:00,94014.37,94014.37,94005.40,94005.40,300,63,0
2026.03.18 14:45:00,94007.93,94021.18,94005.77,94014.40,300,63,0
2026.03.18 14:40:00,94016.93,94016.93,94007.96,94007.96,300,63,0
2026.03.18 14:35:00,94025.93,94025.93,94016.96,94016.96,300,63,0
2026.03.18 14:30:00,93991.94,94031.00,93988.04,94025.96,300,63,0
2026.03.18 14:25:00,94000.94,94000.94,93991.97,93991.97,300,63,0
2026.03.18 14:20:00,93988.70,94004.33,93983.12,94000.97,300,63,0
2026.03.18 14:15:00,93997.70,93997.70,93988.73,93988.73,300,63,0
2026.03.18 14:10:00,94006.70,94006.70,93997.73,93997.73,300,63,0
2026.03.18 14:05:00,94015.70,94015.70,94006.73,94006.73,300,63,0
2026.03.18 14:00:00,94024.70,94024.70,94015.73,94015.73,300,63,0
2026.03.18 13:55:00,94033.70,94033.70,94024.73,94024.73,300,63,0
2026.03.18 13:50:00,94042.70,94042.70,94033.73,94033.73,300,63,0
2026.03.18 13:45:00,94051.70,94051.70,94042.73,94042.73,300,63,0
2026.03.18 13:40:00,94060.70,94060.70,94051.73,94051.73,300,63,0
2026.03.18 13:35:00,94069.70,94069.70,94060.73,94060.73,300,63,0
2026.03.18 13:30:00,93987.38,94074.35,93984.59,94069.73,300,63,0
2026.03.18 13:25:00,93996.38,93996.38,93987.41,93987.41,300,63,0
2026.03.18 13:20:00,93968.22,94000.19,93963.06,93996.41,300,63,0
2026.03.18 13:15:00,93945.12,93968.88,93936.81,93968.25,300,63,0
2026.03.18 13:10:00,93954.12,93954.12,93945.15,93945.15,300,63,0
2026.03.18 13:05:00,93963.12,93963.12,93954.15,93954.15,300,63,0
2026.03.18 13:00:00,93972.15,93972.15,93963.15,93963.15,301,63,0
2026.03.18 12:55:00,93981.12,93981.12,93972.18,93972.18,299,63,0
2026.03.18 12:50:00,93990.15,93990.15,93981.15,93981.15,301,63,0
2026.03.18 12:45:00,93964.82,93994.14,93959.87,93990.18,299,63,0
2026.03.18 12:40:00,93941.97,93971.39,93939.54,93964.85,301,63,0
2026.03.18 12:35:00,93950.94,93950.94,93942.00,93942.00,299,63,0
2026.03.18 12:30:00,93959.97,93959.97,93950.97,93950.97,301,63,0
2026.03.18 12:25:00,93903.73,93964.86,93902.20,93960.00,299,63,0
2026.03.18 12:20:00,93912.76,93912.76,93903.76,93903.76,301,63,0
2026.03.18 12:15:00,93921.76,93921.76,93912.79,93912.79,300,63,0
2026.03.18 12:10:00,93930.76,93930.76,93921.79,93921.79,300,63,0
2026.03.18 12:05:00,93916.84,93939.25,93916.36,93930.79,300,63,0
2026.03.18 12:00:00,93925.84,93925.84,93916.87,93916.87,300,63,0
2026.03.18 11:55:00,93934.84,93934.84,93925.87,93925.87,300,63,0
2026.03.18 11:50:00,93943.84,93943.84,93934.87,93934.87,300,63,0
2026.03.18 11:45:00,93952.84,93952.84,93943.87,93943.87,300,63,0
2026.03.18 11:40:00,93946.32,93959.29,93943.80,93952.87,300,63,0
2026.03.18 11:35:00,93955.32,93955.32,93946.35,93946.35,300,63,0
2026.03.18 11:30:00,93964.32,93964.32,93955.35,93955.35,300,63,0
2026.03.18 11:25:00,93973.32,93973.32,93964.35,93964.35,300,63,0
2026.03.18 11:20:00,93982.32,93982.32,93973.35,93973.35,300,63,0
2026.03.18 11:15:00,93991.32,93991.32,93982.35,93982.35,300,63,0
2026.03.18 11:10:00,94000.32,94000.32,93991.35,93991.35,300,63,0
2026.03.18 11:05:00,94009.32,94009.32,94000.35,94000.35,300,63,0
2026.03.18 11:00:00,94018.32,94018.32,94009.35,94009.35,300,63,0
2026.03.18 10:55:00,94027.32,94027.32,94018.35,94018.35,300,63,0
2026.03.18 10:50:00,94036.32,94036.32,94027.35,94027.35,300,63,0
2026.03.18 10:45:00,94021.27,94040.85,94016.83,94036.35,300,63,0
2026.03.18 10:40:00,94030.27,94030.27,94021.30,94021.30,300,63,0
2026.03.18 10:35:00,94039.27,94039.27,94030.30,94030.30,300,63,0
2026.03.18 10:30:00,94048.27,94048.27,94039.30,94039.30,300,63,0
2026.03.18 10:25:00,94032.23,94048.87,94023.86,94048.30,300,63,0
2026.03.18 10:20:00,94010.96,94039.04,94008.80,94032.26,300,63,0
2026.03.18 10:15:00,94019.96,94019.96,94010.99,94010.99,300,63,0
2026.03.18 10:10:00,94010.50,94019.99,94001.56,94019.99,300,63,0
2026.03.18 10:05:00,94019.50,94019.50,94010.53,94010.53,300,63,0
2026.03.18 10:00:00,94028.50,94028.50,94019.53,94019.53,300,63,0
2026.03.18 09:55:00,93988.24,94037.32,93988.09,94028.53,300,63,0
2026.03.18 09:50:00,93997.24,93997.24,93988.27,93988.27,300,63,0
2026.03.18 09:45:00,93967.89,94005.94,93967.62,93997.27,300,63,0
2026.03.18 09:40:00,93976.89,93976.89,93967.92,93967.92,300,63,0
2026.03.18 09:35:00,93985.89,93985.89,93976.92,93976.92,300,63,0
2026.03.18 09:30:00,93972.11,93994.17,93971.42,93985.92,300,63,0
2026.03.18 09:25:00,93981.11,93981.11,93972.14,93972.14,300,63,0
2026.03.18 09:20:00,93990.11,93990.11,93981.14,93981.14,300,63,0
2026.03.18 09:15:00,93999.11,93999.11,93990.14,93990.14,300,63,0
2026.03.18 09:10:00,94008.11,94008.11,93999.14,93999.14,300,63,0
2026.03.18 09:05:00,94017.11,94017.11,94008.14,94008.14,300,63,0
2026.03.18 09:00:00,94026.11,94026.11,94017.14,94017.14,300,63,0
2026.03.18 08:55:00,94010.57,94034.66,94010.15,94026.14,300,63,0
2026.03.18 08:50:00,94019.57,94019.57,94010.60,94010.60,300,63,0
2026.03.18 08:45:00,94002.07,94021.49,93995.02,94019.60,300,63,0
2026.03.18 08:40:00,94011.07,94011.07,94002.10,94002.10,300,63,0
2026.03.18 08:35:00,93991.58,94012.57,93984.11,94011.10,300,63,0
2026.03.18 08:30:00,94000.58,94000.58,93991.61,93991.61,300,63,0
2026.03.18 08:25:00,94009.58,94009.58,94000.61,94000.61,300,63,0
2026.03.18 08:20:00,94018.58,94018.58,94009.61,94009.61,300,63,0
2026.03.18 08:15:00,94027.58,94027.58,94018.61,94018.61,300,63,0
2026.03.18 08:10:00,94036.58,94036.58,94027.61,94027.61,300,63,0
2026.03.18 08:05:00,94045.58,94045.58,94036.61,94036.61,300,63,0
2026.03.18 08:00:00,94054.58,94054.58,94045.61,94045.61,300,63,0
2026.03.18 07:55:00,94063.58,94063.58,94054.61,94054.61,300,63,0
2026.03.18 07:50:00,94072.58,94072.58,94063.61,94063.61,300,63,0
2026.03.18 07:45:00,94081.58,94081.58,94072.61,94072.61,300,63,0
2026.03.18 07:40:00,94090.58,94090.58,94081.61,94081.61,300,63,0
2026.03.18 07:35:00,94099.58,94099.58,94090.61,94090.61,300,63,0
2026.03.18 07:30:00,94108.58,94108.58,94099.61,94099.61,300,63,0
2026.03.18 07:25:00,94117.58,94117.58,94108.61,94108.61,300,63,0
2026.03.18 07:20:00,94097.28,94119.80,94090.53,94117.61,300,63,0
2026.03.18 07:15:00,94075.18,94100.04,94068.97,94097.31,300,63,0
2026.03.18 07:10:00,94069.00,94083.79,94068.64,94075.21,300,63,0
2026.03.18 07:05:00,94078.00,94078.00,94069.03,94069.03,300,63,0
2026.03.18 07:00:00,94074.95,94081.42,94069.40,94078.03,300,63,0
2026.03.18 06:55:00,94059.67,94080.89,94056.64,94074.98,300,63,0
2026.03.18 06:50:00,94068.67,94068.67,94059.70,94059.70,300,63,0
2026.03.18 06:45:00,94077.67,94077.67,94068.70,94068.70,300,63,0
2026.03.18 06:40:00,94086.67,94086.67,94077.70,94077.70,300,63,0
2026.03.18 06:35:00,94095.67,94095.67,94086.70,94086.70,300,63,0
2026.03.18 06:30:00,94075.36,94099.15,94069.87,94095.70,300,63,0
2026.03.18 06:25:00,94031.41,94084.30,94031.38,94075.39,300,63,0
2026.03.18 06:20:00,94020.64,94032.97,94013.23,94031.44,300,63,0
2026.03.18 06:15:00,94029.64,94029.64,94020.67,94020.67,300,63,0
2026.03.18 06:10:00,94024.59,94037.62,94023.60,94029.67,300,63,0
2026.03.18 06:05:00,94033.59,94033.59,94024.62,94024.62,300,63,0
2026.03.18 06:00:00,94042.59,94042.59,94033.62,94033.62,300,63,0
2026.03.18 05:55:00,94015.51,94043.37,94007.32,94042.62,300,63,0
2026.03.18 05:50:00,94024.51,94024.51,94015.54,94015.54,300,63,0
2026.03.18 05:45:00,94021.18,94031.53,94019.23,94024.54,300,63,0
2026.03.18 05:40:00,94003.50,94021.66,93995.01,94021.21,300,63,0
2026.03.18 05:35:00,94012.50,94012.50,94003.53,94003.53,300,63,0
2026.03.18 05:30:00,94021.50,94021.50,94012.53,94012.53,300,63,0
2026.03.18 05:25:00,94030.50,94030.50,94021.53,94021.53,300,63,0
2026.03.18 05:20:00,94039.50,94039.50,94030.53,94030.53,300,63,0
2026.03.18 05:15:00,94048.50,94048.50,94039.53,94039.53,300,63,0
2026.03.18 05:10:00,94057.50,94057.50,94048.53,94048.53,300,63,0
2026.03.18 05:05:00,94066.50,94066.50,94057.53,94057.53,300,63,0
2026.03.18 05:00:00,94075.50,94075.50,94066.53,94066.53,300,63,0
2026.03.18 04:55:00,94084.50,94084.50,94075.53,94075.53,300,63,0
2026.03.18 04:50:00,94093.50,94093.50,94084.53,94084.53,300,63,0
2026.03.18 04:45:00,94102.50,94102.50,94093.53,94093.53,300,63,0
2026.03.18 04:40:00,94079.26,94102.74,94070.53,94102.53,300,63,0
2026.03.18 04:35:00,94088.26,94088.26,94079.29,94079.29,300,63,0
2026.03.18 04:30:00,94080.31,94096.09,94079.17,94088.29,300,63,0
2026.03.18 04:25:00,94053.09,94083.97,94047.78,94080.34,300,63,0
2026.03.18 04:20:00,94062.09,94062.09,94053.12,94053.12,300,63,0
2026.03.18 04:15:00,94045.64,94065.69,94040.27,94062.12,300,63,0
2026.03.18 04:10:00,94054.64,94054.64,94045.67,94045.67,300,63,0
2026.03.18 04:05:00,94063.64,94063.64,94054.67,94054.67,300,63,0
2026.03.18 04:00:00,94042.38,94068.35,94038.12,94063.67,300,63,0
2026.03.18 03:55:00,94033.48,94049.94,94032.07,94042.41,300,63,0
2026.03.18 03:50:00,94022.82,94034.53,94014.90,94033.51,300,63,0
2026.03.18 03:45:00,94018.46,94030.53,94017.20,94022.85,300,63,0
2026.03.18 03:40:00,94027.46,94027.46,94018.49,94018.49,300,63,0
2026.03.18 03:35:00,94036.46,94036.46,94027.49,94027.49,300,63,0
2026.03.18 03:30:00,93992.04,94043.87,93990.48,94036.49,300,63,0
2026.03.18 03:25:00,93971.22,93996.27,93966.48,93992.07,300,63,0
2026.03.18 03:20:00,93980.22,93980.22,93971.25,93971.25,300,63,0
2026.03.18 03:15:00,93989.22,93989.22,93980.25,93980.25,300,63,0
2026.03.18 03:10:00,93998.22,93998.22,93989.25,93989.25,300,63,0
2026.03.18 03:05:00,94007.22,94007.22,93998.25,93998.25,300,63,0
2026.03.18 03:00:00,94016.22,94016.22,94007.25,94007.25,300,63,0
2026.03.18 02:55:00,94025.22,94025.22,94016.25,94016.25,300,63,0
2026.03.18 02:50:00,94005.77,94026.96,93998.54,94025.25,300,63,0
2026.03.18 02:45:00,93987.51,94011.17,93983.94,94005.80,300,63,0
2026.03.18 02:40:00,93996.51,93996.51,93987.54,93987.54,300,63,0
2026.03.18 02:35:00,94005.51,94005.51,93996.54,93996.54,300,63,0
2026.03.18 02:30:00,94014.51,94014.51,94005.54,94005.54,300,63,0
2026.03.18 02:25:00,93987.56,94021.80,93985.88,94014.54,300,63,0
2026.03.18 02:20:00,93996.56,93996.56,93987.59,93987.59,300,63,0
2026.03.18 02:15:00,93991.87,93997.64,93983.98,93996.59,300,63,0
2026.03.18 02:10:00,94000.87,94000.87,93991.90,93991.90,300,63,0
2026.03.18 02:05:00,94009.87,94009.87,94000.90,94000.90,300,63,0
2026.03.18 02:00:00,93999.10,94014.31,93994.57,94009.90,300,63,0
2026.03.18 01:55:00,93989.50,94007.56,93988.99,93999.13,300,63,0
2026.03.18 01:50:00,93998.50,93998.50,93989.53,93989.53,300,63,0
2026.03.18 01:45:00,94007.50,94007.50,93998.53,93998.53,300,63,0
2026.03.18 01:40:00,94016.50,94016.50,94007.53,94007.53,300,63,0
2026.03.18 01:35:00,94025.50,94025.50,94016.53,94016.53,300,63,0
2026.03.18 01:30:00,93977.71,94028.02,93976.75,94025.53,300,63,0
2026.03.18 01:25:00,93962.24,93981.04,93956.60,93977.74,300,63,0
2026.03.18 01:20:00,93944.12,93964.49,93937.40,93962.27,300,63,0
2026.03.18 01:15:00,93922.57,93946.07,93915.55,93944.15,300,63,0
2026.03.18 01:10:00,93902.14,93929.59,93900.19,93922.60,300,63,0
2026.03.18 01:05:00,93911.14,93911.14,93902.17,93902.17,300,63,0
2026.03.18 01:00:00,93920.14,93920.14,93911.17,93911.17,300,63,0
2026.03.18 00:55:00,93929.14,93929.14,93920.17,93920.17,300,63,0
2026.03.18 00:50:00,93938.14,93938.14,93929.17,93929.17,300,63,0
2026.03.18 00:45:00,93947.14,93947.14,93938.17,93938.17,300,63,0
2026.03.18 00:40:00,93956.14,93956.14,93947.17,93947.17,300,63,0
2026.03.18 00:35:00,93965.14,93965.14,93956.17,93956.17,300,63,0
2026.03.18 00:30:00,93974.14,93974.14,93965.17,93965.17,300,63,0
2026.03.18 00:25:00,93983.14,93983.14,93974.17,93974.17,300,63,0
2026.03.18 00:20:00,93942.75,93985.84,93938.37,93983.17,300,63,0
2026.03.18 00:15:00,93951.75,93951.75,93942.78,93942.78,300,63,0
2026.03.18 00:10:00,93960.75,93960.75,93951.78,93951.78,300,63,0
2026.03.18 00:05:00,93945.42,93968.55,93944.25,93960.78,300,63,0
2026.03.18 00:00:00,93923.77,93945.84,93915.22,93945.45,300,63,0
2026.03.17 23:55:00,93932.77,93932.77,93923.80,93923.80,300,63,0
2026.03.17 23:50:00,93941.77,93941.77,93932.80,93932.80,300,63,0
2026.03.17 23:45:00,93950.77,93950.77,93941.80,93941.80,300,63,0
2026.03.17 23:40:00,93932.95,93953.68,93926.89,93950.80,300,63,0
2026.03.17 23:35:00,93911.11,93934.48,93903.67,93932.98,300,63,0
2026.03.17 23:30:00,93893.98,93915.55,93889.45,93911.14,300,63,0
2026.03.17 23:25:00,93865.81,93898.45,93861.31,93894.01,300,63,0
2026.03.17 23:20:00,93802.99,93868.96,93800.56,93865.84,300,63,0
2026.03.17 23:15:00,93811.99,93811.99,93803.02,93803.02,300,63,0
2026.03.17 23:10:00,93820.99,93820.99,93812.02,93812.02,300,63,0
2026.03.17 23:05:00,93829.99,93829.99,93821.02,93821.02,300,63,0
2026.03.17 23:00:00,93838.99,93838.99,93830.02,93830.02,300,63,0
2026.03.17 22:55:00,93847.99,93847.99,93839.02,93839.02,300,63,0
2026.03.17 22:50:00,93856.99,93856.99,93848.02,93848.02,300,63,0
2026.03.17 22:45:00,93865.99,93865.99,93857.02,93857.02,300,63,0
2026.03.17 22:40:00,93874.99,93874.99,93866.02,93866.02,300,63,0
2026.03.17 22:35:00,93883.99,93883.99,93875.02,93875.02,300,63,0
2026.03.17 22:30:00,93892.99,93892.99,93884.02,93884.02,300,63,0
2026.03.17 22:25:00,93901.99,93901.99,93893.02,93893.02,300,63,0
2026.03.17 22:20:00,93910.99,93910.99,93902.02,93902.02,300,63,0
2026.03.17 22:15:00,93899.98,93919.39,93899.41,93911.02,300,63,0
2026.03.17 22:10:00,93908.98,93908.98,93900.01,93900.01,300,63,0
2026.03.17 22:05:00,93917.98,93917.98,93909.01,93909.01,300,63,0
2026.03.17 22:00:00,93909.95,93923.44,93906.44,93918.01,300,63,0
2026.03.17 21:55:00,93918.95,93918.95,93909.98,93909.98,300,63,0
2026.03.17 21:50:00,93927.95,93927.95,93918.98,93918.98,300,63,0
2026.03.17 21:45:00,93936.95,93936.95,93927.98,93927.98,300,63,0
2026.03.17 21:40:00,93945.95,93945.95,93936.98,93936.98,300,63,0
2026.03.17 21:35:00,93954.95,93954.95,93945.98,93945.98,300,63,0
2026.03.17 21:30:00,93963.95,93963.95,93954.98,93954.98,300,63,0
2026.03.17 21:25:00,93972.95,93972.95,93963.98,93963.98,300,63,0
2026.03.17 21:20:00,93948.52,93979.46,93946.06,93972.98,300,63,0
2026.03.17 21:15:00,93957.52,93957.52,93948.55,93948.55,300,63,0
2026.03.17 21:10:00,93966.52,93966.52,93957.55,93957.55,300,63,0
2026.03.17 21:05:00,93934.74,93968.11,93927.39,93966.55,300,63,0
2026.03.17 21:00:00,93943.74,93943.74,93934.77,93934.77,300,63,0
2026.03.17 20:55:00,93935.15,93946.17,93928.61,93943.77,300,63,0
2026.03.17 20:50:00,93944.15,93944.15,93935.18,93935.18,300,63,0
2026.03.17 20:45:00,93953.15,93953.15,93944.18,93944.18,300,63,0
2026.03.17 20:40:00,93928.70,93953.69,93926.18,93953.18,300,63,0
2026.03.17 20:35:00,93937.70,93937.70,93928.73,93928.73,300,63,0
2026.03.17 20:30:00,93946.70,93946.70,93937.73,93937.73,300,63,0
2026.03.17 20:25:00,93955.70,93955.70,93946.73,93946.73,300,63,0
2026.03.17 20:20:00,93964.70,93964.70,93955.73,93955.73,300,63,0
2026.03.17 20:15:00,93954.26,93973.34,93953.93,93964.73,300,63,0
2026.03.17 20:10:00,93941.54,93962.24,93940.55,93954.29,300,63,0
2026.03.17 20:05:00,93878.53,93946.43,93878.08,93941.57,300,63,0
2026.03.17 20:00:00,93820.13,93879.73,93819.71,93878.56,300,63,0
2026.03.17 19:55:00,93812.32,93822.68,93805.90,93820.16,300,63,0
2026.03.17 19:50:00,93799.35,93819.34,93797.40,93812.35,300,63,0
2026.03.17 19:45:00,93808.35,93808.35,93799.38,93799.38,300,63,0
2026.03.17 19:40:00,93817.35,93817.35,93808.38,93808.38,300,63,0
2026.03.17 19:35:00,93826.35,93826.35,93817.38,93817.38,300,63,0
2026.03.17 19:30:00,93807.67,93833.88,93806.23,93826.38,300,63,0
2026.03.17 19:25:00,93816.67,93816.67,93807.70,93807.70,300,63,0
2026.03.17 19:20:00,93825.67,93825.67,93816.70,93816.70,300,63,0
2026.03.17 19:15:00,93805.18,93831.13,93801.67,93825.70,300,63,0
2026.03.17 19:10:00,93814.18,93814.18,93805.21,93805.21,300,63,0
2026.03.17 19:05:00,93783.64,93821.86,93782.35,93814.21,300,63,0
2026.03.17 19:00:00,93792.64,93792.64,93783.67,93783.67,300,63,0
2026.03.17 18:55:00,93801.64,93801.64,93792.67,93792.67,300,63,0
2026.03.17 18:50:00,93780.22,93803.35,93772.96,93801.67,300,63,0
2026.03.17 18:45:00,93789.22,93789.22,93780.25,93780.25,300,63,0
2026.03.17 18:40:00,93777.41,93796.24,93775.46,93789.25,300,63,0
2026.03.17 18:35:00,93786.41,93786.41,93777.44,93777.44,300,63,0
2026.03.17 18:30:00,93795.41,93795.41,93786.44,93786.44,300,63,0
2026.03.17 18:25:00,93769.98,93798.50,93764.10,93795.44,300,63,0
2026.03.17 18:20:00,93778.98,93778.98,93770.01,93770.01,300,63,0
2026.03.17 18:15:00,93787.98,93787.98,93779.01,93779.01,300,63,0
2026.03.17 18:10:00,93768.99,93795.60,93767.64,93788.01,300,63,0
2026.03.17 18:05:00,93728.19,93775.59,93726.12,93769.02,300,63,0
2026.03.17 18:00:00,93709.06,93736.50,93708.40,93728.22,300,63,0
2026.03.17 17:55:00,93636.11,93709.60,93631.49,93709.09,300,63,0
2026.03.17 17:50:00,93629.49,93640.34,93624.75,93636.14,300,63,0
2026.03.17 17:45:00,93638.49,93638.49,93629.52,93629.52,300,63,0
2026.03.17 17:40:00,93632.34,93641.34,93626.22,93638.52,300,63,0
2026.03.17 17:35:00,93629.10,93633.63,93621.42,93632.37,300,63,0
2026.03.17 17:30:00,93638.10,93638.10,93629.13,93629.13,300,63,0
2026.03.17 17:25:00,93617.69,93638.64,93609.26,93638.13,300,63,0
2026.03.17 17:20:00,93605.14,93621.32,93599.80,93617.72,300,63,0
2026.03.17 17:15:00,93614.14,93614.14,93605.17,93605.17,300,63,0
2026.03.17 17:10:00,93559.13,93617.53,93557.99,93614.17,300,63,0
2026.03.17 17:05:00,93568.13,93568.13,93559.16,93559.16,300,63,0
2026.03.17 17:00:00,93557.91,93575.39,93556.20,93568.16,300,63,0
2026.03.17 16:55:00,93539.72,93561.15,93533.99,93557.94,300,63,0
2026.03.17 16:50:00,93468.87,93543.50,93466.14,93539.75,300,63,0
2026.03.17 16:45:00,93477.87,93477.87,93468.90,93468.90,300,63,0
2026.03.17 16:40:00,93486.87,93486.87,93477.90,93477.90,300,63,0
2026.03.17 16:35:00,93495.87,93495.87,93486.90,93486.90,300,63,0
2026.03.17 16:30:00,93460.17,93503.73,93459.06,93495.90,300,63,0
2026.03.17 16:25:00,93469.17,93469.17,93460.20,93460.20,300,63,0
2026.03.17 16:20:00,93478.17,93478.17,93469.20,93469.20,300,63,0
2026.03.17 16:15:00,93487.17,93487.17,93478.20,93478.20,300,63,0
2026.03.17 16:10:00,93496.17,93496.17,93487.20,93487.20,300,63,0
2026.03.17 16:05:00,93505.17,93505.17,93496.20,93496.20,300,63,0
2026.03.17 16:00:00,93514.17,93514.17,93505.20,93505.20,300,63,0
2026.03.17 15:55:00,93523.17,93523.17,93514.20,93514.20,300,63,0
2026.03.17 15:50:00,93462.16,93527.10,93461.62,93523.20,300,63,0
2026.03.17 15:45:00,93471.16,93471.16,93462.19,93462.19,300,63,0
2026.03.17 15:40:00,93480.16,93480.16,93471.19,93471.19,300,63,0
2026.03.17 15:35:00,93473.58,93488.23,93472.68,93480.19,300,63,0
2026.03.17 15:30:00,93482.58,93482.58,93473.61,93473.61,300,63,0
2026.03.17 15:25:00,93465.16,93487.92,93461.53,93482.61,300,63,0
2026.03.17 15:20:00,93474.16,93474.16,93465.19,93465.19,300,63,0
2026.03.17 15:15:00,93483.16,93483.16,93474.19,93474.19,300,63,0
2026.03.17 15:10:00,93492.16,93492.16,93483.19,93483.19,300,63,0
2026.03.17 15:05:00,93501.16,93501.16,93492.19,93492.19,300,63,0
2026.03.17 15:00:00,93481.20,93509.47,93480.54,93501.19,300,63,0
2026.03.17 14:55:00,93477.17,93482.58,93469.58,93481.23,300,63,0
2026.03.17 14:50:00,93486.17,93486.17,93477.20,93477.20,300,63,0
2026.03.17 14:45:00,93460.05,93488.90,93453.81,93486.20,300,63,0
2026.03.17 14:40:00,93469.05,93469.05,93460.08,93460.08,300,63,0
2026.03.17 14:35:00,93443.75,93477.87,93443.60,93469.08,300,63,0
2026.03.17 14:30:00,93452.75,93452.75,93443.78,93443.78,300,63,0
2026.03.17 14:25:00,93461.75,93461.75,93452.78,93452.78,300,63,0
2026.03.17 14:20:00,93449.58,93468.44,93447.30,93461.78,300,63,0
2026.03.17 14:15:00,93458.58,93458.58,93449.61,93449.61,300,63,0
2026.03.17 14:10:00,93467.58,93467.58,93458.61,93458.61,300,63,0
2026.03.17 14:05:00,93476.58,93476.58,93467.61,93467.61,300,63,0
2026.03.17 14:00:00,93485.58,93485.58,93476.61,93476.61,300,63,0
2026.03.17 13:55:00,93494.58,93494.58,93485.61,93485.61,300,63,0
2026.03.17 13:50:00,93503.58,93503.58,93494.61,93494.61,300,63,0
2026.03.17 13:45:00,93492.03,93503.79,93483.27,93503.61,300,63,0
2026.03.17 13:40:00,93501.03,93501.03,93492.06,93492.06,300,63,0
2026.03.17 13:35:00,93487.10,93506.07,93483.17,93501.06,300,63,0
2026.03.17 13:30:00,93496.10,93496.10,93487.13,93487.13,300,63,0
2026.03.17 13:25:00,93505.10,93505.10,93496.13,93496.13,300,63,0
2026.03.17 13:20:00,93514.10,93514.10,93505.13,93505.13,300,63,0
2026.03.17 13:15:00,93459.88,93515.45,93455.20,93514.13,300,63,0
2026.03.17 13:10:00,93468.88,93468.88,93459.91,93459.91,300,63,0
2026.03.17 13:05:00,93427.25,93474.43,93425.81,93468.91,300,63,0
2026.03.17 13:00:00,93415.39,93429.50,93408.67,93427.28,300,63,0
2026.03.17 12:55:00,93424.39,93424.39,93415.42,93415.42,300,63,0
2026.03.17 12:50:00,93418.06,93432.52,93417.22,93424.42,300,63,0
2026.03.17 12:45:00,93382.79,93425.71,93381.83,93418.09,300,63,0
2026.03.17 12:40:00,93391.79,93391.79,93382.82,93382.82,300,63,0
2026.03.17 12:35:00,93400.79,93400.79,93391.82,93391.82,300,63,0
2026.03.17 12:30:00,93409.79,93409.79,93400.82,93400.82,300,63,0
2026.03.17 12:25:00,93418.79,93418.79,93409.82,93409.82,300,63,0
2026.03.17 12:20:00,93413.13,93419.51,93404.88,93418.82,300,63,0
2026.03.17 12:15:00,93422.13,93422.13,93413.16,93413.16,300,63,0
2026.03.17 12:10:00,93431.13,93431.13,93422.16,93422.16,300,63,0
2026.03.17 12:05:00,93420.91,93434.19,93415.00,93431.16,300,63,0
2026.03.17 12:00:00,93401.81,93424.36,93396.29,93420.94,300,63,0
2026.03.17 11:55:00,93410.81,93410.81,93401.84,93401.84,300,63,0
2026.03.17 11:50:00,93419.81,93419.81,93410.84,93410.84,300,63,0
2026.03.17 11:45:00,93428.81,93428.81,93419.84,93419.84,300,63,0
2026.03.17 11:40:00,93414.37,93436.52,93413.11,93428.84,300,63,0
2026.03.17 11:35:00,93423.37,93423.37,93414.40,93414.40,300,63,0
2026.03.17 11:30:00,93432.37,93432.37,93423.40,93423.40,300,63,0
2026.03.17 11:25:00,93441.37,93441.37,93432.40,93432.40,300,63,0
2026.03.17 11:20:00,93450.37,93450.37,93441.40,93441.40,300,63,0
2026.03.17 11:15:00,93459.37,93459.37,93450.40,93450.40,300,63,0
2026.03.17 11:10:00,93468.37,93468.37,93459.40,93459.40,300,63,0
2026.03.17 11:05:00,93459.08,93470.80,93452.54,93468.40,300,63,0
2026.03.17 11:00:00,93468.08,93468.08,93459.11,93459.11,300,63,0
2026.03.17 10:55:00,93459.22,93474.41,93456.58,93468.11,300,63,0
2026.03.17 10:50:00,93468.22,93468.22,93459.25,93459.25,300,63,0
2026.03.17 10:45:00,93477.22,93477.22,93468.25,93468.25,300,63,0
2026.03.17 10:40:00,93473.73,93479.95,93467.49,93477.25,300,63,0
2026.03.17 10:35:00,93412.42,93478.23,93412.27,93473.76,300,63,0
2026.03.17 10:30:00,93421.42,93421.42,93412.45,93412.45,300,63,0
2026.03.17 10:25:00,93430.42,93430.42,93421.45,93421.45,300,63,0
2026.03.17 10:20:00,93417.62,93430.57,93408.80,93430.45,300,63,0
2026.03.17 10:15:00,93426.62,93426.62,93417.65,93417.65,300,63,0
2026.03.17 10:10:00,93435.62,93435.62,93426.65,93426.65,300,63,0
2026.03.17 10:05:00,93424.14,93439.34,93418.89,93435.65,300,63,0
2026.03.17 10:00:00,93433.14,93433.14,93424.17,93424.17,300,63,0
2026.03.17 09:55:00,93442.14,93442.14,93433.17,93433.17,300,63,0
2026.03.17 09:50:00,93451.14,93451.14,93442.17,93442.17,300,63,0
2026.03.17 09:45:00,93460.14,93460.14,93451.17,93451.17,300,63,0
2026.03.17 09:40:00,93449.99,93468.57,93449.45,93460.17,300,63,0
2026.03.17 09:35:00,93458.99,93458.99,93450.02,93450.02,300,63,0
2026.03.17 09:30:00,93467.99,93467.99,93459.02,93459.02,300,63,0
2026.03.17 09:25:00,93476.99,93476.99,93468.02,93468.02,300,63,0
2026.03.17 09:20:00,93485.99,93485.99,93477.02,93477.02,300,63,0
2026.03.17 09:15:00,93494.99,93494.99,93486.02,93486.02,300,63,0
2026.03.17 09:10:00,93489.03,93498.68,93483.75,93495.02,300,63,0
2026.03.17 09:05:00,93498.03,93498.03,93489.06,93489.06,300,63,0
2026.03.17 09:00:00,93507.03,93507.03,93498.06,93498.06,300,63,0
2026.03.17 08:55:00,93516.03,93516.03,93507.06,93507.06,300,63,0
2026.03.17 08:50:00,93502.21,93519.21,93496.42,93516.06,300,63,0
2026.03.17 08:45:00,93446.79,93504.34,93446.70,93502.24,300,63,0
2026.03.17 08:40:00,93455.79,93455.79,93446.82,93446.82,300,63,0
2026.03.17 08:35:00,93464.79,93464.79,93455.82,93455.82,300,63,0
2026.03.17 08:30:00,93473.79,93473.79,93464.82,93464.82,300,63,0
2026.03.17 08:25:00,93482.79,93482.79,93473.82,93473.82,300,63,0
2026.03.17 08:20:00,93440.89,93483.96,93437.68,93482.82,300,63,0
2026.03.17 08:15:00,93420.38,93442.99,93416.12,93440.92,300,63,0
2026.03.17 08:10:00,93429.38,93429.38,93420.41,93420.41,300,63,0
2026.03.17 08:05:00,93438.38,93438.38,93429.41,93429.41,300,63,0
2026.03.17 08:00:00,93447.38,93447.38,93438.41,93438.41,300,63,0
2026.03.17 07:55:00,93430.45,93447.92,93422.02,93447.41,300,63,0
2026.03.17 07:50:00,93439.45,93439.45,93430.48,93430.48,300,63,0
2026.03.17 07:45:00,93435.35,93445.36,93432.29,93439.48,300,63,0
2026.03.17 07:40:00,93444.35,93444.35,93435.38,93435.38,300,63,0
2026.03.17 07:35:00,93453.35,93453.35,93444.38,93444.38,300,63,0
2026.03.17 07:30:00,93447.48,93461.75,93446.91,93453.38,300,63,0
2026.03.17 07:25:00,93456.48,93456.48,93447.51,93447.51,300,63,0
2026.03.17 07:20:00,93465.48,93465.48,93456.51,93456.51,300,63,0
2026.03.17 07:15:00,93474.48,93474.48,93465.51,93465.51,300,63,0
2026.03.17 07:10:00,93483.48,93483.48,93474.51,93474.51,300,63,0
2026.03.17 07:05:00,93492.48,93492.48,93483.51,93483.51,300,63,0
2026.03.17 07:00:00,93387.85,93492.63,93385.21,93492.51,300,63,0
2026.03.17 06:55:00,93396.85,93396.85,93387.88,93387.88,300,63,0
2026.03.17 06:50:00,93405.85,93405.85,93396.88,93396.88,300,63,0
2026.03.17 06:45:00,93397.11,93409.75,93392.04,93405.88,300,63,0
2026.03.17 06:40:00,93406.11,93406.11,93397.14,93397.14,300,63,0
2026.03.17 06:35:00,93387.09,93407.88,93379.89,93406.14,300,63,0
2026.03.17 06:30:00,93378.58,93378.58,93369.61,93369.61,300,63,0
2026.03.17 06:25:00,93373.78,93386.80,93373.03,93378.61,300,63,0
2026.03.17 06:20:00,93369.59,93380.95,93367.79,93373.81,300,63,0
2026.03.17 06:15:00,93378.59,93378.59,93369.62,93369.62,300,63,0
2026.03.17 06:10:00,93387.59,93387.59,93378.62,93378.62,300,63,0
2026.03.17 06:05:00,93396.59,93396.59,93387.62,93387.62,300,63,0
2026.03.17 06:00:00,93405.59,93405.59,93396.62,93396.62,300,63,0
2026.03.17 05:55:00,93414.59,93414.59,93405.62,93405.62,300,63,0
2026.03.17 05:50:00,93423.59,93423.59,93414.62,93414.62,300,63,0
2026.03.17 05:45:00,93432.59,93432.59,93423.62,93423.62,300,63,0
2026.03.17 05:40:00,93420.69,93434.81,93413.94,93432.62,300,63,0
2026.03.17 05:35:00,93429.69,93429.69,93420.72,93420.72,300,63,0
2026.03.17 05:30:00,93438.69,93438.69,93429.72,93429.72,300,63,0
2026.03.17 05:25:00,93447.69,93447.69,93438.72,93438.72,300,63,0
2026.03.17 05:20:00,93456.69,93456.69,93447.72,93447.72,300,63,0
2026.03.17 05:15:00,93434.59,93462.24,93431.17,93456.72,300,63,0
2026.03.17 05:10:00,93407.70,93437.38,93401.52,93434.62,300,63,0
2026.03.17 05:05:00,93400.46,93409.77,93393.56,93407.73,300,63,0
2026.03.17 05:00:00,93383.10,93403.01,93376.68,93400.49,300,63,0
2026.03.17 04:55:00,93392.10,93392.10,93383.13,93383.13,300,63,0
2026.03.17 04:50:00,93401.10,93401.10,93392.13,93392.13,300,63,0
2026.03.17 04:45:00,93370.78,93406.47,93367.18,93401.13,300,63,0
2026.03.17 04:40:00,93349.90,93371.56,93341.71,93370.81,300,63,0
2026.03.17 04:35:00,93358.90,93358.90,93349.93,93349.93,300,63,0
2026.03.17 04:30:00,93367.90,93367.90,93358.93,93358.93,300,63,0
2026.03.17 04:25:00,93322.01,93368.38,93314.03,93367.93,300,63,0
2026.03.17 04:20:00,93312.17,93330.08,93311.27,93322.04,300,63,0
2026.03.17 04:15:00,93321.17,93321.17,93312.20,93312.20,300,63,0
2026.03.17 04:10:00,93330.17,93330.17,93321.20,93321.20,300,63,0
2026.03.17 04:05:00,93339.17,93339.17,93330.20,93330.20,300,63,0
2026.03.17 04:00:00,93348.17,93348.17,93339.20,93339.20,300,63,0
2026.03.17 03:55:00,93357.17,93357.17,93348.20,93348.20,300,63,0
2026.03.17 03:50:00,93366.17,93366.17,93357.20,93357.20,300,63,0
2026.03.17 03:45:00,93375.17,93375.17,93366.20,93366.20,300,63,0
2026.03.17 03:40:00,93369.30,93376.82,93361.98,93375.20,300,63,0
2026.03.17 03:35:00,93354.99,93370.92,93347.64,93369.33,300,63,0
2026.03.17 03:30:00,93363.99,93363.99,93355.02,93355.02,300,63,0
2026.03.17 03:25:00,93372.99,93372.99,93364.02,93364.02,300,63,0
2026.03.17 03:20:00,93340.35,93379.77,93338.16,93373.02,300,63,0
2026.03.17 03:15:00,93349.35,93349.35,93340.38,93340.38,300,63,0
2026.03.17 03:10:00,93336.21,93351.21,93329.10,93349.38,300,63,0
2026.03.17 03:05:00,93345.21,93345.21,93336.24,93336.24,300,63,0
2026.03.17 03:00:00,93333.59,93349.86,93329.27,93345.24,300,63,0
2026.03.17 02:55:00,93342.59,93342.59,93333.62,93333.62,300,63,0
2026.03.17 02:50:00,93351.59,93351.59,93342.62,93342.62,300,63,0
2026.03.17 02:45:00,93360.59,93360.59,93351.62,93351.62,300,63,0
2026.03.17 02:40:00,93369.59,93369.59,93360.62,93360.62,300,63,0
2026.03.17 02:35:00,93378.59,93378.59,93369.62,93369.62,300,63,0
2026.03.17 02:30:00,93387.59,93387.59,93378.62,93378.62,300,63,0
2026.03.17 02:25:00,93338.82,93390.59,93336.78,93387.62,300,63,0
2026.03.17 02:20:00,93347.82,93347.82,93338.85,93338.85,300,63,0
2026.03.17 02:15:00,93333.62,93352.23,93329.06,93347.85,300,63,0
2026.03.17 02:10:00,93318.31,93338.96,93314.68,93333.65,300,63,0
2026.03.17 02:05:00,93314.36,93321.79,93308.87,93318.34,300,63,0
2026.03.17 02:00:00,93323.36,93323.36,93314.39,93314.39,300,63,0
2026.03.17 01:55:00,93332.36,93332.36,93323.39,93323.39,300,63,0
2026.03.17 01:50:00,93341.36,93341.36,93332.39,93332.39,300,63,0
2026.03.17 01:45:00,93337.77,93343.19,93330.63,93341.39,300,63,0
2026.03.17 01:40:00,93346.77,93346.77,93337.80,93337.80,300,63,0
2026.03.17 01:35:00,93333.46,93355.65,93333.37,93346.80,300,63,0
2026.03.17 01:30:00,93342.46,93342.46,93333.49,93333.49,300,63,0
2026.03.17 01:25:00,93290.19,93342.52,93288.27,93342.49,300,63,0
2026.03.17 01:20:00,93277.89,93293.73,93272.46,93290.22,300,63,0
2026.03.17 01:15:00,93286.89,93286.89,93277.92,93277.92,300,63,0
2026.03.17 01:10:00,93273.08,93291.99,93269.21,93286.92,300,63,0
2026.03.17 01:05:00,93282.08,93282.08,93273.11,93273.11,300,63,0
2026.03.17 01:00:00,93291.08,93291.08,93282.11,93282.11,300,63,0
2026.03.17 00:55:00,93300.08,93300.08,93291.11,93291.11,300,63,0
2026.03.17 00:50:00,93309.08,93309.08,93300.11,93300.11,300,63,0
2026.03.17 00:45:00,93318.08,93318.08,93309.11,93309.11,300,63,0
2026.03.17 00:40:00,93291.61,93323.51,93288.07,93318.11,300,63,0
2026.03.17 00:35:00,93300.61,93300.61,93291.64,93291.64,300,63,0
2026.03.17 00:30:00,93265.46,93301.72,93258.53,93300.64,300,63,0
2026.03.17 00:25:00,93251.56,93273.56,93250.69,93265.49,300,63,0
2026.03.17 00:20:00,93219.60,93254.32,93213.39,93251.59,300,63,0
2026.03.17 00:15:00,93228.60,93228.60,93219.63,93219.63,300,63,0
2026.03.17 00:10:00,93216.72,93231.93,93211.08,93228.63,300,63,0
2026.03.17 00:05:00,93124.77,93219.09,93124.32,93216.75,300,63,0
2026.03.17 00:00:00,93133.77,93133.77,93124.80,93124.80,300,63,0
2026.03.16 23:55:00,93129.54,93141.15,93127.95,93133.80,300,63,0
2026.03.16 23:50:00,93138.54,93138.54,93129.57,93129.57,300,63,0
2026.03.16 23:45:00,93147.54,93147.54,93138.57,93138.57,300,63,0
2026.03.16 23:40:00,93156.54,93156.54,93147.57,93147.57,300,63,0
2026.03.16 23:35:00,93165.54,93165.54,93156.57,93156.57,300,63,0
2026.03.16 23:30:00,93174.54,93174.54,93165.57,93165.57,300,63,0
2026.03.16 23:25:00,93183.54,93183.54,93174.57,93174.57,300,63,0
2026.03.16 23:20:00,93171.33,93186.00,93164.82,93183.57,300,63,0
2026.03.16 23:15:00,93180.33,93180.33,93171.36,93171.36,300,63,0
2026.03.16 23:10:00,93189.33,93189.33,93180.36,93180.36,300,63,0
2026.03.16 23:05:00,93198.33,93198.33,93189.36,93189.36,300,63,0
2026.03.16 23:00:00,93207.33,93207.33,93198.36,93198.36,300,63,0
2026.03.16 22:55:00,93199.34,93212.67,93195.71,93207.36,300,63,0
2026.03.16 22:50:00,93147.35,93202.88,93141.95,93199.37,300,63,0
2026.03.16 22:45:00,93156.35,93156.35,93147.38,93147.38,300,63,0
2026.03.16 22:40:00,93165.35,93165.35,93156.38,93156.38,300,63,0
2026.03.16 22:35:00,93157.49,93170.69,93153.86,93165.38,300,63,0
2026.03.16 22:30:00,93166.49,93166.49,93157.52,93157.52,300,63,0
2026.03.16 22:25:00,93175.49,93175.49,93166.52,93166.52,300,63,0
2026.03.16 22:20:00,93159.42,93182.00,93156.96,93175.52,300,63,0
2026.03.16 22:15:00,93149.76,93160.08,93141.45,93159.45,300,63,0
2026.03.16 22:10:00,93113.34,93156.39,93111.30,93149.79,300,63,0
2026.03.16 22:05:00,93122.34,93122.34,93113.37,93113.37,300,63,0
2026.03.16 22:00:00,93131.34,93131.34,93122.37,93122.37,300,63,0
2026.03.16 21:55:00,93140.34,93140.34,93131.37,93131.37,300,63,0
2026.03.16 21:50:00,93149.34,93149.34,93140.37,93140.37,300,63,0
2026.03.16 21:45:00,93158.34,93158.34,93149.37,93149.37,300,63,0
2026.03.16 21:40:00,93106.85,93159.12,93105.89,93158.37,300,63,0
2026.03.16 21:35:00,93095.68,93112.01,93091.87,93106.88,300,63,0
2026.03.16 21:30:00,93076.42,93096.49,93068.26,93095.71,300,63,0
2026.03.16 21:25:00,93085.42,93085.42,93076.45,93076.45,300,63,0
2026.03.16 21:20:00,93094.42,93094.42,93085.45,93085.45,300,63,0
2026.03.16 21:15:00,93103.42,93103.42,93094.45,93094.45,300,63,0
2026.03.16 21:10:00,93078.45,93109.99,93076.05,93103.45,300,63,0
2026.03.16 21:05:00,93087.45,93087.45,93078.48,93078.48,300,63,0
2026.03.16 21:00:00,93096.45,93096.45,93087.48,93087.48,300,63,0
2026.03.16 20:55:00,93105.45,93105.45,93096.48,93096.48,300,63,0
2026.03.16 20:50:00,93100.90,93110.82,93097.30,93105.48,300,63,0
2026.03.16 20:45:00,93109.90,93109.90,93100.93,93100.93,300,63,0
2026.03.16 20:40:00,93118.90,93118.90,93109.93,93109.93,300,63,0
2026.03.16 20:35:00,93104.97,93127.54,93104.64,93118.93,300,63,0
2026.03.16 20:30:00,93087.54,93110.85,93084.45,93105.00,300,63,0
2026.03.16 20:25:00,93096.54,93096.54,93087.57,93087.57,300,63,0
2026.03.16 20:20:00,93105.54,93105.54,93096.57,93096.57,300,63,0
2026.03.16 20:15:00,93114.54,93114.54,93105.57,93105.57,300,63,0
2026.03.16 20:10:00,93107.95,93116.46,93100.90,93114.57,300,63,0
2026.03.16 20:05:00,93100.05,93110.62,93093.75,93107.98,300,63,0
2026.03.16 20:00:00,93109.05,93109.05,93100.08,93100.08,300,63,0
2026.03.16 19:55:00,93118.05,93118.05,93109.08,93109.08,300,63,0
2026.03.16 19:50:00,93127.05,93127.05,93118.08,93118.08,300,63,0
2026.03.16 19:45:00,93087.65,93132.87,93086.06,93127.08,300,63,0
2026.03.16 19:40:00,93081.96,93081.96,93072.99,93072.99,300,63,0
2026.03.16 19:35:00,93090.96,93090.96,93081.99,93081.99,300,63,0
2026.03.16 19:30:00,93099.96,93099.96,93090.99,93090.99,300,63,0
2026.03.16 19:25:00,93085.57,93104.97,93081.61,93099.99,300,63,0
2026.03.16 19:20:00,93070.15,93089.62,93065.23,93085.60,300,63,0
2026.03.16 19:15:00,93063.87,93075.04,93059.79,93070.18,300,63,0
2026.03.16 19:10:00,93072.87,93072.87,93063.90,93063.90,300,63,0
2026.03.16 19:05:00,93081.87,93081.87,93072.90,93072.90,300,63,0
2026.03.16 19:00:00,93090.87,93090.87,93081.90,93081.90,300,63,0
2026.03.16 18:55:00,93056.30,93095.97,93052.43,93090.90,300,63,0
2026.03.16 18:50:00,93042.14,93058.49,93035.36,93056.33,300,63,0
2026.03.16 18:45:00,93051.14,93051.14,93042.17,93042.17,300,63,0
2026.03.16 18:40:00,93046.78,93054.98,93041.65,93051.17,300,63,0
2026.03.16 18:35:00,93055.78,93055.78,93046.81,93046.81,300,63,0
2026.03.16 18:30:00,93043.75,93059.17,93038.17,93055.81,300,63,0
2026.03.16 18:25:00,93052.75,93052.75,93043.78,93043.78,300,63,0
2026.03.16 18:20:00,93061.75,93061.75,93052.78,93052.78,300,63,0
2026.03.16 18:15:00,93070.75,93070.75,93061.78,93061.78,300,63,0
2026.03.16 18:10:00,93066.91,93075.19,93062.38,93070.78,300,63,0
2026.03.16 18:05:00,93075.91,93075.91,93066.94,93066.94,300,63,0
2026.03.16 18:00:00,93039.76,93080.98,93035.86,93075.94,300,63,0
2026.03.16 17:55:00,93048.76,93048.76,93039.79,93039.79,300,63,0
2026.03.16 17:50:00,93029.59,93056.20,93028.06,93048.79,300,63,0
2026.03.16 17:45:00,93038.59,93038.59,93029.62,93029.62,300,63,0
2026.03.16 17:40:00,92996.20,93040.42,92994.40,93038.62,300,63,0
2026.03.16 17:35:00,93005.20,93005.20,92996.23,92996.23,300,63,0
2026.03.16 17:30:00,93014.20,93014.20,93005.23,93005.23,300,63,0
2026.03.16 17:25:00,93023.20,93023.20,93014.23,93014.23,300,63,0
2026.03.16 17:20:00,92989.60,93026.14,92986.75,93023.23,300,63,0
2026.03.16 17:15:00,92998.60,92998.60,92989.63,92989.63,300,63,0
2026.03.16 17:10:00,92982.59,93004.42,92979.44,92998.63,300,63,0
2026.03.16 17:05:00,92991.59,92991.59,92982.62,92982.62,300,63,0
2026.03.16 17:00:00,93000.59,93000.59,92991.62,92991.62,300,63,0
2026.03.16 16:55:00,93009.59,93009.59,93000.62,93000.62,300,63,0
2026.03.16 16:50:00,92987.82,93016.52,92985.78,93009.62,300,63,0
2026.03.16 16:45:00,92996.82,92996.82,92987.85,92987.85,300,63,0
2026.03.16 16:40:00,93005.82,93005.82,92996.85,92996.85,300,63,0
2026.03.16 16:35:00,92988.00,93011.25,92984.46,93005.85,300,63,0
2026.03.16 16:30:00,92997.00,92997.00,92988.03,92988.03,300,63,0
2026.03.16 16:25:00,93006.00,93006.00,92997.03,92997.03,300,63,0
2026.03.16 16:20:00,93015.00,93015.00,93006.03,93006.03,300,63,0
2026.03.16 16:15:00,92994.79,93021.51,92992.33,93015.03,300,63,0
2026.03.16 16:10:00,92985.40,92995.12,92976.76,92994.82,300,63,0
2026.03.16 16:05:00,92994.40,92994.40,92985.43,92985.43,300,63,0
2026.03.16 16:00:00,93003.40,93003.40,92994.43,92994.43,300,63,0
2026.03.16 15:55:00,93012.40,93012.40,93003.43,93003.43,300,63,0
2026.03.16 15:50:00,92989.62,93014.17,92982.42,93012.43,300,63,0
2026.03.16 15:45:00,92998.62,92998.62,92989.65,92989.65,300,63,0
2026.03.16 15:40:00,93007.62,93007.62,92998.65,92998.65,300,63,0
2026.03.16 15:35:00,93016.62,93016.62,93007.65,93007.65,300,63,0
2026.03.16 15:30:00,93006.37,93024.06,93004.84,93016.65,300,63,0
2026.03.16 15:25:00,93015.37,93015.37,93006.40,93006.40,300,63,0
2026.03.16 15:20:00,92988.63,93015.70,92987.91,93015.40,300,63,0
2026.03.16 15:15:00,92974.56,92994.93,92971.89,92988.66,300,63,0
2026.03.16 15:10:00,92954.46,92980.26,92951.19,92974.59,300,63,0
2026.03.16 15:05:00,92963.46,92963.46,92954.49,92954.49,300,63,0
2026.03.16 15:00:00,92951.09,92964.54,92943.20,92963.49,300,63,0
2026.03.16 14:55:00,92960.09,92960.09,92951.12,92951.12,300,63,0
2026.03.16 14:50:00,92947.37,92965.79,92944.10,92960.12,300,63,0
2026.03.16 14:45:00,92956.37,92956.37,92947.40,92947.40,300,63,0
2026.03.16 14:40:00,92965.37,92965.37,92956.40,92956.40,300,63,0
2026.03.16 14:35:00,92935.51,92974.19,92935.36,92965.40,300,63,0
2026.03.16 14:30:00,92944.51,92944.51,92935.54,92935.54,300,63,0
2026.03.16 14:25:00,92953.51,92953.51,92944.54,92944.54,300,63,0
2026.03.16 14:20:00,92944.84,92961.61,92943.97,92953.54,300,63,0
2026.03.16 14:15:00,92953.84,92953.84,92944.87,92944.87,300,63,0
2026.03.16 14:10:00,92947.57,92962.00,92946.76,92953.87,300,63,0
2026.03.16 14:05:00,92956.57,92956.57,92947.60,92947.60,300,63,0
2026.03.16 14:00:00,92965.57,92965.57,92956.60,92956.60,300,63,0
2026.03.16 13:55:00,92871.85,92968.33,92871.16,92965.60,300,63,0
2026.03.16 13:50:00,92880.85,92880.85,92871.88,92871.88,300,63,0
2026.03.16 13:45:00,92889.85,92889.85,92880.88,92880.88,300,63,0
2026.03.16 13:40:00,92871.17,92897.53,92869.88,92889.88,300,63,0
2026.03.16 13:35:00,92880.17,92880.17,92871.20,92871.20,300,63,0
2026.03.16 13:30:00,92874.62,92886.92,92872.40,92880.20,300,63,0
2026.03.16 13:25:00,92883.62,92883.62,92874.65,92874.65,300,63,0
2026.03.16 13:20:00,92858.46,92887.64,92853.51,92883.65,300,63,0
2026.03.16 13:15:00,92867.46,92867.46,92858.49,92858.49,300,63,0
2026.03.16 13:10:00,92844.63,92872.32,92840.52,92867.49,300,63,0
2026.03.16 13:05:00,92853.63,92853.63,92844.66,92844.66,300,63,0
2026.03.16 13:00:00,92862.63,92862.63,92853.66,92853.66,300,63,0
2026.03.16 12:55:00,92871.63,92871.63,92862.66,92862.66,300,63,0
2026.03.16 12:50:00,92880.63,92880.63,92871.66,92871.66,300,63,0
2026.03.16 12:45:00,92889.63,92889.63,92880.66,92880.66,300,63,0
2026.03.16 12:40:00,92877.77,92897.22,92876.39,92889.66,300,63,0
2026.03.16 12:35:00,92886.77,92886.77,92877.80,92877.80,300,63,0
2026.03.16 12:30:00,92879.78,92894.75,92878.79,92886.80,300,63,0
2026.03.16 12:25:00,92888.78,92888.78,92879.81,92879.81,300,63,0
2026.03.16 12:20:00,92897.78,92897.78,92888.81,92888.81,300,63,0
2026.03.16 12:15:00,92894.63,92905.25,92893.13,92897.81,300,63,0
2026.03.16 12:10:00,92903.63,92903.63,92894.66,92894.66,300,63,0
2026.03.16 12:05:00,92912.63,92912.63,92903.66,92903.66,300,63,0
2026.03.16 12:00:00,92921.63,92921.63,92912.66,92912.66,300,63,0
2026.03.16 11:55:00,92930.63,92930.63,92921.66,92921.66,300,63,0
2026.03.16 11:50:00,92939.63,92939.63,92930.66,92930.66,300,63,0
2026.03.16 11:45:00,92923.99,92942.93,92918.32,92939.66,300,63,0
2026.03.16 11:40:00,92932.99,92932.99,92924.02,92924.02,300,63,0
2026.03.16 11:35:00,92929.37,92938.18,92925.59,92933.02,300,63,0
2026.03.16 11:30:00,92913.75,92935.19,92910.60,92929.40,300,63,0
2026.03.16 11:25:00,92922.75,92922.75,92913.78,92913.78,300,63,0
2026.03.16 11:20:00,92931.75,92931.75,92922.78,92922.78,300,63,0
2026.03.16 11:15:00,92940.75,92940.75,92931.78,92931.78,300,63,0
2026.03.16 11:10:00,92949.75,92949.75,92940.78,92940.78,300,63,0
2026.03.16 11:05:00,92958.75,92958.75,92949.78,92949.78,300,63,0
2026.03.16 11:00:00,92967.75,92967.75,92958.78,92958.78,300,63,0
2026.03.16 10:55:00,92976.75,92976.75,92967.78,92967.78,300,63,0
2026.03.16 10:50:00,92985.75,92985.75,92976.78,92976.78,300,63,0
2026.03.16 10:45:00,92994.75,92994.75,92985.78,92985.78,300,63,0
2026.03.16 10:40:00,92978.76,93002.85,92977.89,92994.78,300,63,0
2026.03.16 10:35:00,92987.76,92987.76,92978.79,92978.79,300,63,0
2026.03.16 10:30:00,92980.75,92992.23,92976.25,92987.79,300,63,0
2026.03.16 10:25:00,92951.12,92989.69,92951.09,92980.78,300,63,0
2026.03.16 10:20:00,92960.12,92960.12,92951.15,92951.15,300,63,0
2026.03.16 10:15:00,92969.12,92969.12,92960.15,92960.15,300,63,0
2026.03.16 10:10:00,92978.12,92978.12,92969.15,92969.15,300,63,0
2026.03.16 10:05:00,92970.08,92979.05,92962.04,92978.15,300,63,0
2026.03.16 10:00:00,92956.29,92970.95,92948.19,92970.11,300,63,0
2026.03.16 09:55:00,92965.29,92965.29,92956.32,92956.32,300,63,0
2026.03.16 09:50:00,92948.55,92969.16,92943.45,92965.32,300,63,0
2026.03.16 09:45:00,92957.55,92957.55,92948.58,92948.58,300,63,0
2026.03.16 09:40:00,92951.49,92959.98,92944.95,92957.58,300,63,0
2026.03.16 09:35:00,92933.63,92958.33,92931.50,92951.52,300,63,0
2026.03.16 09:30:00,92942.63,92942.63,92933.66,92933.66,300,63,0
2026.03.16 09:25:00,92951.63,92951.63,92942.66,92942.66,300,63,0
2026.03.16 09:20:00,92960.63,92960.63,92951.66,92951.66,300,63,0
2026.03.16 09:15:00,92914.64,92963.21,92909.78,92960.66,300,63,0
2026.03.16 09:10:00,92923.64,92923.64,92914.67,92914.67,300,63,0
2026.03.16 09:05:00,92932.64,92932.64,92923.67,92923.67,300,63,0
2026.03.16 09:00:00,92941.64,92941.64,92932.67,92932.67,300,63,0
2026.03.16 08:55:00,92950.64,92950.64,92941.67,92941.67,300,63,0
2026.03.16 08:50:00,92959.64,92959.64,92950.67,92950.67,300,63,0
2026.03.16 08:45:00,92968.64,92968.64,92959.67,92959.67,300,63,0
2026.03.16 08:40:00,92977.64,92977.64,92968.67,92968.67,300,63,0
2026.03.16 08:35:00,92986.64,92986.64,92977.67,92977.67,300,63,0
2026.03.16 08:30:00,92995.64,92995.64,92986.67,92986.67,300,63,0
2026.03.16 08:25:00,92968.26,92999.57,92963.22,92995.67,300,63,0
2026.03.16 08:20:00,92977.26,92977.26,92968.29,92968.29,300,63,0
2026.03.16 08:15:00,92966.70,92985.57,92966.04,92977.29,300,63,0
2026.03.16 08:10:00,92975.70,92975.70,92966.73,92966.73,300,63,0
2026.03.16 08:05:00,92984.70,92984.70,92975.73,92975.73,300,63,0
2026.03.16 08:00:00,92967.09,92987.64,92961.06,92984.73,300,63,0
2026.03.16 07:55:00,92976.09,92976.09,92967.12,92967.12,300,63,0
2026.03.16 07:50:00,92961.38,92982.69,92959.01,92976.12,300,63,0
2026.03.16 07:45:00,92923.25,92969.24,92922.50,92961.41,300,63,0
2026.03.16 07:40:00,92932.25,92932.25,92923.28,92923.28,300,63,0
2026.03.16 07:35:00,92941.25,92941.25,92932.28,92932.28,300,63,0
2026.03.16 07:30:00,92950.25,92950.25,92941.28,92941.28,300,63,0
2026.03.16 07:25:00,92959.25,92959.25,92950.28,92950.28,300,63,0
2026.03.16 07:20:00,92943.08,92960.57,92935.43,92959.28,300,63,0
2026.03.16 07:15:00,92927.68,92948.99,92924.62,92943.11,300,63,0
2026.03.16 07:10:00,92936.68,92936.68,92927.71,92927.71,300,63,0
2026.03.16 07:05:00,92945.68,92945.68,92936.71,92936.71,300,63,0
2026.03.16 07:00:00,92954.68,92954.68,92945.71,92945.71,300,63,0
2026.03.16 06:55:00,92963.68,92963.68,92954.71,92954.71,300,63,0
2026.03.16 06:50:00,92972.68,92972.68,92963.71,92963.71,300,63,0
2026.03.16 06:45:00,92949.54,92974.93,92942.82,92972.71,300,63,0
2026.03.16 06:40:00,92945.38,92951.64,92938.51,92949.57,300,63,0
2026.03.16 06:35:00,92954.38,92954.38,92945.41,92945.41,300,63,0
2026.03.16 06:30:00,92963.38,92963.38,92954.41,92954.41,300,63,0
2026.03.16 06:25:00,92959.51,92966.98,92954.14,92963.41,300,63,0
2026.03.16 06:20:00,92968.51,92968.51,92959.54,92959.54,300,63,0
2026.03.16 06:15:00,92977.51,92977.51,92968.54,92968.54,300,63,0
2026.03.16 06:10:00,92956.81,92981.17,92951.50,92977.54,300,63,0
2026.03.16 06:05:00,92965.81,92965.81,92956.84,92956.84,300,63,0
2026.03.16 06:00:00,92974.81,92974.81,92965.84,92965.84,300,63,0
2026.03.16 05:55:00,92983.81,92983.81,92974.84,92974.84,300,63,0
2026.03.16 05:50:00,92992.81,92992.81,92983.84,92983.84,300,63,0
2026.03.16 05:45:00,92980.00,92994.49,92972.71,92992.84,300,63,0
2026.03.16 05:40:00,92989.00,92989.00,92980.03,92980.03,300,63,0
2026.03.16 05:35:00,92975.49,92989.96,92967.48,92989.03,300,63,0
2026.03.16 05:30:00,92984.49,92984.49,92975.52,92975.52,300,63,0
2026.03.16 05:25:00,92978.25,92992.44,92977.23,92984.52,300,63,0
2026.03.16 05:20:00,92987.25,92987.25,92978.28,92978.28,300,63,0
2026.03.16 05:15:00,92996.25,92996.25,92987.28,92987.28,300,63,0
2026.03.16 05:10:00,92992.54,93000.33,92987.65,92996.28,300,63,0
2026.03.16 05:05:00,93001.54,93001.54,92992.57,92992.57,300,63,0
2026.03.16 05:00:00,93010.54,93010.54,93001.57,93001.57,300,63,0
2026.03.16 04:55:00,93019.54,93019.54,93010.57,93010.57,300,63,0
2026.03.16 04:50:00,93028.54,93028.54,93019.57,93019.57,300,63,0
2026.03.16 04:45:00,93016.42,93029.89,93008.80,93028.57,300,63,0
2026.03.16 04:40:00,93025.42,93025.42,93016.45,93016.45,300,63,0
2026.03.16 04:35:00,93034.42,93034.42,93025.45,93025.45,300,63,0
2026.03.16 04:30:00,93043.42,93043.42,93034.45,93034.45,300,63,0
2026.03.16 04:25:00,93017.01,93047.71,93012.33,93043.45,300,63,0
2026.03.16 04:20:00,93026.01,93026.01,93017.04,93017.04,300,63,0
2026.03.16 04:15:00,93011.68,93033.21,93009.91,93026.04,300,63,0
2026.03.16 04:10:00,93020.68,93020.68,93011.71,93011.71,300,63,0
2026.03.16 04:05:00,93014.24,93022.90,93007.49,93020.71,300,63,0
2026.03.16 04:00:00,92994.34,93016.70,92987.83,93014.27,300,63,0
2026.03.16 03:55:00,93003.34,93003.34,92994.37,92994.37,300,63,0
2026.03.16 03:50:00,92968.92,93008.47,92968.38,93003.37,300,63,0
2026.03.16 03:45:00,92977.92,92977.92,92968.95,92968.95,300,63,0
2026.03.16 03:40:00,92986.92,92986.92,92977.95,92977.95,300,63,0
2026.03.16 03:35:00,92995.92,92995.92,92986.95,92986.95,300,63,0
2026.03.16 03:30:00,93004.92,93004.92,92995.95,92995.95,300,63,0
2026.03.16 03:25:00,93013.92,93013.92,93004.95,93004.95,300,63,0
2026.03.16 03:20:00,93022.92,93022.92,93013.95,93013.95,300,63,0
2026.03.16 03:15:00,93031.92,93031.92,93022.95,93022.95,300,63,0
2026.03.16 03:10:00,93021.23,93034.41,93014.75,93031.95,300,63,0
2026.03.16 03:05:00,93030.23,93030.23,93021.26,93021.26,300,63,0
2026.03.16 03:00:00,93039.23,93039.23,93030.26,93030.26,300,63,0
2026.03.16 02:55:00,93048.23,93048.23,93039.26,93039.26,300,63,0
2026.03.16 02:50:00,93057.23,93057.23,93048.26,93048.26,300,63,0
2026.03.16 02:45:00,93066.23,93066.23,93057.26,93057.26,300,63,0
2026.03.16 02:40:00,93075.23,93075.23,93066.26,93066.26,300,63,0
2026.03.16 02:35:00,93084.23,93084.23,93075.26,93075.26,300,63,0
2026.03.16 02:30:00,93093.23,93093.23,93084.26,93084.26,300,63,0
2026.03.16 02:25:00,93102.23,93102.23,93093.26,93093.26,300,63,0
2026.03.16 02:20:00,93093.15,93108.74,93090.69,93102.26,300,63,0
2026.03.16 02:15:00,93102.15,93102.15,93093.18,93093.18,300,63,0
2026.03.16 02:10:00,93111.15,93111.15,93102.18,93102.18,300,63,0
2026.03.16 02:05:00,93120.15,93120.15,93111.18,93111.18,300,63,0
2026.03.16 02:00:00,93104.92,93124.65,93100.45,93120.18,300,63,0
2026.03.16 01:55:00,93082.62,93106.21,93074.94,93104.95,300,63,0
2026.03.16 01:50:00,93059.86,93088.80,93057.07,93082.65,300,63,0
2026.03.16 01:45:00,93035.36,93062.26,93030.74,93059.89,300,63,0
2026.03.16 01:40:00,93044.36,93044.36,93035.39,93035.39,300,63,0
2026.03.16 01:35:00,93053.36,93053.36,93044.39,93044.39,300,63,0
2026.03.16 01:30:00,93043.15,93054.20,93035.02,93053.39,300,63,0
2026.03.16 01:25:00,93021.65,93047.11,93016.64,93043.18,300,63,0
2026.03.16 01:20:00,93030.65,93030.65,93021.68,93021.68,300,63,0
2026.03.16 01:15:00,93039.65,93039.65,93030.68,93030.68,300,63,0
2026.03.16 01:10:00,93020.53,93045.83,93017.74,93039.68,300,63,0
2026.03.16 01:05:00,92973.01,93022.60,92966.11,93020.56,300,63,0
2026.03.16 01:00:00,92982.01,92982.01,92973.04,92973.04,300,63,0
2026.03.16 00:55:00,92991.01,92991.01,92982.04,92982.04,300,63,0
2026.03.16 00:50:00,92973.75,92996.47,92970.24,92991.04,300,63,0
2026.03.16 00:45:00,92957.24,92979.18,92953.70,92973.78,300,63,0
2026.03.16 00:40:00,92966.24,92966.24,92957.27,92957.27,300,63,0
2026.03.16 00:35:00,92939.37,92972.72,92936.88,92966.27,300,63,0
2026.03.16 00:30:00,92948.37,92948.37,92939.40,92939.40,300,63,0
2026.03.16 00:25:00,92957.37,92957.37,92948.40,92948.40,300,63,0
2026.03.16 00:20:00,92966.37,92966.37,92957.40,92957.40,300,63,0
2026.03.16 00:15:00,92962.56,92969.61,92956.83,92966.40,300,63,0
2026.03.16 00:10:00,92971.56,92971.56,92962.59,92962.59,300,63,0
2026.03.16 00:05:00,92929.11,92972.91,92925.33,92971.59,300,63,0
2026.03.16 00:00:00,92938.11,92938.11,92929.14,92929.14,300,63,0
2026.03.15 23:55:00,92947.11,92947.11,92938.14,92938.14,300,63,0
2026.03.15 23:50:00,92938.84,92950.50,92933.26,92947.14,300,63,0
2026.03.15 23:45:00,92947.84,92947.84,92938.87,92938.87,300,63,0
2026.03.15 23:40:00,92938.80,92953.54,92935.53,92947.87,300,63,0
2026.03.15 23:35:00,92893.83,92942.46,92892.03,92938.83,300,63,0
2026.03.15 23:30:00,92888.36,92896.11,92881.67,92893.86,300,63,0
2026.03.15 23:25:00,92879.21,92895.86,92877.74,92888.39,300,63,0
2026.03.15 23:20:00,92888.21,92888.21,92879.24,92879.24,300,63,0
2026.03.15 23:15:00,92858.68,92889.74,92856.07,92888.24,300,63,0
2026.03.15 23:10:00,92867.68,92867.68,92858.71,92858.71,300,63,0
2026.03.15 23:05:00,92860.80,92870.86,92855.01,92867.71,300,63,0
2026.03.15 23:00:00,92869.80,92869.80,92860.83,92860.83,300,63,0
2026.03.15 22:55:00,92878.80,92878.80,92869.83,92869.83,300,63,0
2026.03.15 22:50:00,92887.80,92887.80,92878.83,92878.83,300,63,0
2026.03.15 22:45:00,92860.64,92889.06,92852.93,92887.83,300,63,0
2026.03.15 22:40:00,92869.64,92869.64,92860.67,92860.67,300,63,0
2026.03.15 22:35:00,92878.64,92878.64,92869.67,92869.67,300,63,0
2026.03.15 22:30:00,92887.64,92887.64,92878.67,92878.67,300,63,0
2026.03.15 22:25:00,92871.06,92888.93,92863.38,92887.67,300,63,0
2026.03.15 22:20:00,92820.23,92876.97,92818.76,92871.09,300,63,0
2026.03.15 22:15:00,92829.23,92829.23,92820.26,92820.26,300,63,0
2026.03.15 22:10:00,92838.23,92838.23,92829.26,92829.26,300,63,0
2026.03.15 22:05:00,92847.23,92847.23,92838.26,92838.26,300,63,0
2026.03.15 22:00:00,92856.23,92856.23,92847.26,92847.26,300,63,0
2026.03.15 21:55:00,92865.23,92865.23,92856.26,92856.26,300,63,0
2026.03.15 21:50:00,92874.23,92874.23,92865.26,92865.26,300,63,0
2026.03.15 21:45:00,92849.17,92881.94,92847.91,92874.26,300,63,0
2026.03.15 21:40:00,92858.17,92858.17,92849.20,92849.20,300,63,0
2026.03.15 21:35:00,92854.13,92858.32,92845.31,92858.20,300,63,0
2026.03.15 21:30:00,92863.13,92863.13,92854.16,92854.16,300,63,0
2026.03.15 21:25:00,92872.13,92872.13,92863.16,92863.16,300,63,0
2026.03.15 21:20:00,92881.13,92881.13,92872.16,92872.16,300,63,0
2026.03.15 21:15:00,92890.13,92890.13,92881.16,92881.16,300,63,0
2026.03.15 21:10:00,92899.13,92899.13,92890.16,92890.16,300,63,0
2026.03.15 21:05:00,92908.13,92908.13,92899.16,92899.16,300,63,0
2026.03.15 21:00:00,92917.13,92917.13,92908.16,92908.16,300,63,0
2026.03.15 20:55:00,92926.13,92926.13,92917.16,92917.16,300,63,0
2026.03.15 20:50:00,92935.13,92935.13,92926.16,92926.16,300,63,0
2026.03.15 20:45:00,92944.13,92944.13,92935.16,92935.16,300,63,0
2026.03.15 20:40:00,92953.13,92953.13,92944.16,92944.16,300,63,0
2026.03.15 20:35:00,92962.13,92962.13,92953.16,92953.16,300,63,0
2026.03.15 20:30:00,92947.80,92966.18,92942.88,92962.16,300,63,0
2026.03.15 20:25:00,92956.80,92956.80,92947.83,92947.83,300,63,0
2026.03.15 20:20:00,92965.80,92965.80,92956.83,92956.83,300,63,0
2026.03.15 20:15:00,92974.80,92974.80,92965.83,92965.83,300,63,0
2026.03.15 20:10:00,92983.80,92983.80,92974.83,92974.83,300,63,0
2026.03.15 20:05:00,92992.80,92992.80,92983.83,92983.83,300,63,0
2026.03.15 20:00:00,93001.80,93001.80,92992.83,92992.83,300,63,0
2026.03.15 19:55:00,92992.20,93002.31,92983.74,93001.83,300,63,0
2026.03.15 19:50:00,93001.20,93001.20,92992.23,92992.23,300,63,0
2026.03.15 19:45:00,92979.07,93002.52,92971.42,93001.23,300,63,0
2026.03.15 19:40:00,92988.07,92988.07,92979.10,92979.10,300,63,0
2026.03.15 19:35:00,92948.39,92988.34,92944.82,92988.10,300,63,0
2026.03.15 19:30:00,92957.39,92957.39,92948.42,92948.42,300,63,0
2026.03.15 19:25:00,92943.10,92960.87,92937.61,92957.42,300,63,0
2026.03.15 19:20:00,92952.10,92952.10,92943.13,92943.13,300,63,0
2026.03.15 19:15:00,92961.10,92961.10,92952.13,92952.13,300,63,0
2026.03.15 19:10:00,92970.10,92970.10,92961.13,92961.13,300,63,0
2026.03.15 19:05:00,92940.21,92974.24,92935.38,92970.13,300,63,0
2026.03.15 19:00:00,92949.21,92949.21,92940.24,92940.24,300,63,0
2026.03.15 18:55:00,92958.21,92958.21,92949.24,92949.24,300,63,0
2026.03.15 18:50:00,92941.08,92966.28,92940.18,92958.24,300,63,0
2026.03.15 18:45:00,92917.23,92943.51,92910.69,92941.11,300,63,0
2026.03.15 18:40:00,92926.23,92926.23,92917.26,92917.26,300,63,0
2026.03.15 18:35:00,92935.23,92935.23,92926.26,92926.26,300,63,0
2026.03.15 18:30:00,92944.23,92944.23,92935.26,92935.26,300,63,0
2026.03.15 18:25:00,92953.23,92953.23,92944.26,92944.26,300,63,0
2026.03.15 18:20:00,92962.23,92962.23,92953.26,92953.26,300,63,0
2026.03.15 18:15:00,92945.71,92963.82,92938.33,92962.26,300,63,0
2026.03.15 18:10:00,92954.71,92954.71,92945.74,92945.74,300,63,0
2026.03.15 18:05:00,92945.56,92958.22,92940.10,92954.74,300,63,0
2026.03.15 18:00:00,92954.56,92954.56,92945.59,92945.59,300,63,0
2026.03.15 17:55:00,92963.56,92963.56,92954.59,92954.59,300,63,0
2026.03.15 17:50:00,92949.31,92971.45,92948.23,92963.59,300,63,0
2026.03.15 17:45:00,92958.31,92958.31,92949.34,92949.34,300,63,0
2026.03.15 17:40:00,92897.71,92964.49,92897.38,92958.34,300,63,0
2026.03.15 17:35:00,92887.22,92903.26,92883.80,92897.74,300,63,0
2026.03.15 17:30:00,92896.22,92896.22,92887.25,92887.25,300,63,0
2026.03.15 17:25:00,92905.22,92905.22,92896.25,92896.25,300,63,0
2026.03.15 17:20:00,92914.22,92914.22,92905.25,92905.25,300,63,0
2026.03.15 17:15:00,92923.22,92923.22,92914.25,92914.25,300,63,0
2026.03.15 17:10:00,92932.22,92932.22,92923.25,92923.25,300,63,0
2026.03.15 17:05:00,92941.22,92941.22,92932.25,92932.25,300,63,0
2026.03.15 17:00:00,92933.53,92943.20,92926.54,92941.25,300,63,0
2026.03.15 16:55:00,92942.53,92942.53,92933.56,92933.56,300,63,0
2026.03.15 16:50:00,92951.53,92951.53,92942.56,92942.56,300,63,0
2026.03.15 16:45:00,92960.53,92960.53,92951.56,92951.56,300,63,0
2026.03.15 16:40:00,92941.96,92966.41,92938.87,92960.56,300,63,0
2026.03.15 16:35:00,92950.96,92950.96,92941.99,92941.99,300,63,0
2026.03.15 16:30:00,92959.96,92959.96,92950.99,92950.99,300,63,0
2026.03.15 16:25:00,92968.96,92968.96,92959.99,92959.99,300,63,0
2026.03.15 16:20:00,92977.96,92977.96,92968.99,92968.99,300,63,0
2026.03.15 16:15:00,92986.96,92986.96,92977.99,92977.99,300,63,0
2026.03.15 16:10:00,92970.18,92989.75,92964.00,92986.99,300,63,0
2026.03.15 16:05:00,92979.18,92979.18,92970.21,92970.21,300,63,0
2026.03.15 16:00:00,92988.18,92988.18,92979.21,92979.21,300,63,0
2026.03.15 15:55:00,92997.18,92997.18,92988.21,92988.21,300,63,0
2026.03.15 15:50:00,92979.51,93005.76,92979.12,92997.21,300,63,0
2026.03.15 15:45:00,92963.50,92983.29,92958.31,92979.54,300,63,0
2026.03.15 15:40:00,92972.50,92972.50,92963.53,92963.53,300,63,0
2026.03.15 15:35:00,92981.50,92981.50,92972.53,92972.53,300,63,0
2026.03.15 15:30:00,92975.94,92990.35,92975.82,92981.53,300,63,0
2026.03.15 15:25:00,92984.94,92984.94,92975.97,92975.97,300,63,0
2026.03.15 15:20:00,92971.24,92989.05,92966.38,92984.97,300,63,0
2026.03.15 15:15:00,92980.24,92980.24,92971.27,92971.27,300,63,0
2026.03.15 15:10:00,92989.24,92989.24,92980.27,92980.27,300,63,0
2026.03.15 15:05:00,92982.28,92992.48,92976.55,92989.27,300,63,0
2026.03.15 15:00:00,92966.55,92987.53,92962.83,92982.31,300,63,0
2026.03.15 14:55:00,92948.44,92970.63,92943.55,92966.58,300,63,0
2026.03.15 14:50:00,92957.44,92957.44,92948.47,92948.47,300,63,0
2026.03.15 14:45:00,92914.83,92959.72,92911.68,92957.47,300,63,0
2026.03.15 14:40:00,92923.83,92923.83,92914.86,92914.86,300,63,0
2026.03.15 14:35:00,92932.83,92932.83,92923.86,92923.86,300,63,0
2026.03.15 14:30:00,92918.86,92938.26,92915.32,92932.86,300,63,0
2026.03.15 14:25:00,92895.85,92925.43,92893.45,92918.89,300,63,0
2026.03.15 14:20:00,92888.54,92901.07,92884.79,92895.88,300,63,0
2026.03.15 14:15:00,92897.54,92897.54,92888.57,92888.57,300,63,0
2026.03.15 14:10:00,92906.54,92906.54,92897.57,92897.57,300,63,0
2026.03.15 14:05:00,92915.54,92915.54,92906.57,92906.57,300,63,0
2026.03.15 14:00:00,92924.54,92924.54,92915.57,92915.57,300,63,0
2026.03.15 13:55:00,92933.54,92933.54,92924.57,92924.57,300,63,0
2026.03.15 13:50:00,92942.54,92942.54,92933.57,92933.57,300,63,0
2026.03.15 13:45:00,92926.42,92945.12,92920.03,92942.57,300,63,0
2026.03.15 13:40:00,92901.58,92932.21,92898.40,92926.45,300,63,0
2026.03.15 13:35:00,92910.58,92910.58,92901.61,92901.61,300,63,0
2026.03.15 13:30:00,92919.58,92919.58,92910.61,92910.61,300,63,0
2026.03.15 13:25:00,92913.46,92926.60,92911.51,92919.61,300,63,0
2026.03.15 13:20:00,92880.92,92922.01,92880.50,92913.49,300,63,0
2026.03.15 13:15:00,92872.90,92883.71,92866.72,92880.95,300,63,0
2026.03.15 13:10:00,92865.56,92878.78,92862.47,92872.93,300,63,0
2026.03.15 13:05:00,92874.56,92874.56,92865.59,92865.59,300,63,0
2026.03.15 13:00:00,92883.56,92883.56,92874.59,92874.59,300,63,0
2026.03.15 12:55:00,92892.56,92892.56,92883.59,92883.59,300,63,0
2026.03.15 12:50:00,92901.56,92901.56,92892.59,92892.59,300,63,0
2026.03.15 12:45:00,92850.58,92903.84,92846.95,92901.59,300,63,0
2026.03.15 12:40:00,92810.14,92852.08,92805.40,92850.61,300,63,0
2026.03.15 12:35:00,92787.66,92814.73,92783.28,92810.17,300,63,0
2026.03.15 12:30:00,92796.66,92796.66,92787.69,92787.69,300,63,0
2026.03.15 12:25:00,92805.66,92805.66,92796.69,92796.69,300,63,0
2026.03.15 12:20:00,92814.66,92814.66,92805.69,92805.69,300,63,0
2026.03.15 12:15:00,92823.66,92823.66,92814.69,92814.69,300,63,0
2026.03.15 12:10:00,92807.53,92828.76,92803.66,92823.69,300,63,0
2026.03.15 12:05:00,92816.53,92816.53,92807.56,92807.56,300,63,0
2026.03.15 12:00:00,92825.53,92825.53,92816.56,92816.56,300,63,0
2026.03.15 11:55:00,92834.53,92834.53,92825.56,92825.56,300,63,0
2026.03.15 11:50:00,92805.72,92837.11,92799.33,92834.56,300,63,0
2026.03.15 11:45:00,92814.72,92814.72,92805.75,92805.75,300,63,0
2026.03.15 11:40:00,92823.72,92823.72,92814.75,92814.75,300,63,0
2026.03.15 11:35:00,92832.72,92832.72,92823.75,92823.75,300,63,0
2026.03.15 11:30:00,92841.72,92841.72,92832.75,92832.75,300,63,0
2026.03.15 11:25:00,92850.72,92850.72,92841.75,92841.75,300,63,0
2026.03.15 11:20:00,92854.59,92854.59,92850.75,92850.75,129,63,0
2026.03.15 11:10:00,92855.40,92855.40,92854.59,92854.59,28,63,0
2026.03.15 11:05:00,92864.40,92864.40,92855.43,92855.43,300,63,0
2026.03.15 11:00:00,92873.40,92873.40,92864.43,92864.43,300,63,0
2026.03.15 10:55:00,92882.40,92882.40,92873.43,92873.43,300,63,0
2026.03.15 10:50:00,92877.72,92885.49,92871.84,92882.43,300,63,0
2026.03.15 10:45:00,92859.46,92881.02,92853.79,92877.75,300,63,0
2026.03.15 10:40:00,92868.46,92868.46,92859.49,92859.49,300,63,0
2026.03.15 10:35:00,92842.02,92872.48,92837.07,92868.49,300,63,0
2026.03.15 10:30:00,92851.02,92851.02,92842.05,92842.05,300,63,0
2026.03.15 10:25:00,92860.02,92860.02,92851.05,92851.05,300,63,0
2026.03.15 10:20:00,92843.32,92867.52,92841.85,92860.05,300,63,0
2026.03.15 10:15:00,92852.32,92852.32,92843.35,92843.35,300,63,0
2026.03.15 10:10:00,92861.32,92861.32,92852.35,92852.35,300,63,0
2026.03.15 10:05:00,92870.32,92870.32,92861.35,92861.35,300,63,0
2026.03.15 10:00:00,92879.32,92879.32,92870.35,92870.35,300,63,0
2026.03.15 09:55:00,92888.32,92888.32,92879.35,92879.35,300,63,0
2026.03.15 09:50:00,92897.32,92897.32,92888.35,92888.35,300,63,0
2026.03.15 09:45:00,92906.32,92906.32,92897.35,92897.35,300,63,0
2026.03.15 09:40:00,92895.39,92907.49,92887.59,92906.35,300,63,0
2026.03.15 09:35:00,92904.39,92904.39,92895.42,92895.42,300,63,0
2026.03.15 09:30:00,92913.39,92913.39,92904.42,92904.42,290,63,0
2026.03.15 09:25:00,92922.39,92922.39,92913.42,92913.42,300,63,0
2026.03.15 09:20:00,92931.39,92931.39,92922.42,92922.42,300,63,0
2026.03.15 09:15:00,92906.01,92937.45,92903.10,92931.42,300,63,0
2026.03.15 09:10:00,92915.01,92915.01,92906.04,92906.04,300,63,0
2026.03.15 09:05:00,92910.08,92919.84,92905.94,92915.04,300,63,0
2026.03.15 09:00:00,92919.08,92919.08,92910.11,92910.11,300,63,0
2026.03.15 08:55:00,92882.68,92926.46,92882.53,92919.11,300,63,0
2026.03.15 08:50:00,92891.68,92891.68,92882.71,92882.71,300,63,0
2026.03.15 08:45:00,92862.05,92895.25,92856.65,92891.71,300,63,0
2026.03.15 08:40:00,92871.05,92871.05,92862.08,92862.08,300,63,0
2026.03.15 08:35:00,92880.05,92880.05,92871.08,92871.08,300,63,0
2026.03.15 08:30:00,92889.05,92889.05,92880.08,92880.08,300,63,0
2026.03.15 08:25:00,92898.05,92898.05,92889.08,92889.08,300,63,0
2026.03.15 08:20:00,92907.05,92907.05,92898.08,92898.08,300,63,0
2026.03.15 08:15:00,92884.94,92913.89,92882.81,92907.08,300,63,0
2026.03.15 08:10:00,92893.94,92893.94,92884.97,92884.97,300,63,0
2026.03.15 08:05:00,92902.94,92902.94,92893.97,92893.97,300,63,0
2026.03.15 08:00:00,92911.94,92911.94,92902.97,92902.97,293,63,0
2026.03.15 07:55:00,92920.94,92920.94,92911.97,92911.97,300,63,0
2026.03.15 07:50:00,92929.43,92929.43,92920.97,92920.97,232,63,0
2026.03.15 07:45:00,92938.43,92938.43,92929.46,92929.46,300,63,0
2026.03.15 07:40:00,92947.43,92947.43,92938.46,92938.46,300,63,0
2026.03.15 07:35:00,92943.15,92953.76,92940.51,92947.46,300,63,0
2026.03.15 07:30:00,92952.15,92952.15,92943.18,92943.18,300,63,0
2026.03.15 07:25:00,92943.29,92961.06,92943.23,92952.18,300,63,0
2026.03.15 07:20:00,92952.29,92952.29,92943.32,92943.32,300,63,0
2026.03.15 07:15:00,92936.41,92957.93,92933.08,92952.32,300,63,0
2026.03.15 07:10:00,92931.32,92939.77,92925.71,92936.44,300,63,0
2026.03.15 07:05:00,92907.54,92939.93,92907.18,92931.35,300,63,0
2026.03.15 07:00:00,92916.54,92916.54,92907.57,92907.57,300,63,0
2026.03.15 06:45:00,92925.54,92925.54,92916.57,92916.57,300,63,0
2026.03.15 06:40:00,92916.66,92933.94,92916.09,92925.57,300,63,0
2026.03.15 06:35:00,92925.66,92925.66,92916.69,92916.69,300,63,0
2026.03.15 06:30:00,92934.66,92934.66,92925.69,92925.69,300,63,0
2026.03.15 06:25:00,92929.10,92937.30,92922.77,92934.69,300,63,0
2026.03.15 06:20:00,92914.54,92931.53,92908.00,92929.13,300,63,0
2026.03.15 06:15:00,92923.54,92923.54,92914.57,92914.57,300,63,0
2026.03.15 06:10:00,92909.95,92930.17,92907.61,92923.57,300,63,0
2026.03.15 06:05:00,92898.11,92918.65,92897.84,92909.98,300,63,0
2026.03.15 06:00:00,92907.11,92907.11,92898.14,92898.14,300,63,0
2026.03.15 05:55:00,92916.11,92916.11,92907.14,92907.14,300,63,0
2026.03.15 05:50:00,92897.04,92919.44,92891.40,92916.14,300,63,0
2026.03.15 05:45:00,92888.06,92901.51,92883.56,92897.07,300,63,0
2026.03.15 05:40:00,92897.06,92897.06,92888.09,92888.09,300,63,0
2026.03.15 05:35:00,92875.79,92904.44,92874.20,92897.09,300,63,0
2026.03.15 05:30:00,92884.79,92884.79,92875.82,92875.82,300,63,0
2026.03.15 05:25:00,92893.79,92893.79,92884.82,92884.82,300,63,0
2026.03.15 05:20:00,92902.79,92902.79,92893.82,92893.82,300,63,0
2026.03.15 05:15:00,92911.79,92911.79,92902.82,92902.82,300,63,0
2026.03.15 05:10:00,92920.79,92920.79,92911.82,92911.82,300,63,0
2026.03.15 05:05:00,92929.79,92929.79,92920.82,92920.82,300,63,0
2026.03.15 05:00:00,92938.79,92938.79,92929.82,92929.82,300,63,0
2026.03.15 04:55:00,92927.64,92939.72,92919.60,92938.82,300,63,0
2026.03.15 04:50:00,92936.64,92936.64,92927.67,92927.67,300,63,0
2026.03.15 04:45:00,92945.64,92945.64,92936.67,92936.67,300,63,0
2026.03.15 04:40:00,92954.64,92954.64,92945.67,92945.67,300,63,0
2026.03.15 04:35:00,92963.64,92963.64,92954.67,92954.67,300,63,0
2026.03.15 04:30:00,92972.64,92972.64,92963.67,92963.67,300,63,0
2026.03.15 04:25:00,92981.64,92981.64,92972.67,92972.67,300,63,0
2026.03.15 04:20:00,92990.64,92990.64,92981.67,92981.67,300,63,0
2026.03.15 04:15:00,92986.22,92993.07,92979.68,92990.67,300,63,0
2026.03.15 04:10:00,92965.39,92986.70,92956.90,92986.25,300,63,0
2026.03.15 04:05:00,92974.39,92974.39,92965.42,92965.42,300,63,0
2026.03.15 04:00:00,92983.39,92983.39,92974.42,92974.42,300,63,0
2026.03.15 03:55:00,92954.79,92990.44,92952.87,92983.42,300,63,0
2026.03.15 03:50:00,92963.79,92963.79,92954.82,92954.82,300,63,0
2026.03.15 03:45:00,92942.63,92968.17,92938.04,92963.82,300,63,0
2026.03.15 03:40:00,92939.18,92946.68,92934.26,92942.66,300,63,0
2026.03.15 03:35:00,92948.18,92948.18,92939.21,92939.21,300,63,0
2026.03.15 03:30:00,92957.18,92957.18,92948.21,92948.21,300,63,0
2026.03.15 03:25:00,92966.18,92966.18,92957.21,92957.21,300,63,0
2026.03.15 03:20:00,92961.71,92971.25,92957.81,92966.21,300,63,0
2026.03.15 03:15:00,92951.47,92966.99,92947.78,92961.74,300,63,0
2026.03.15 03:10:00,92960.47,92960.47,92951.50,92951.50,300,63,0
2026.03.15 03:05:00,92969.47,92969.47,92960.50,92960.50,300,63,0
2026.03.15 03:00:00,92953.68,92974.15,92949.39,92969.50,300,63,0
2026.03.15 02:55:00,92937.98,92960.37,92935.70,92953.71,300,63,0
2026.03.15 02:50:00,92946.98,92946.98,92938.01,92938.01,300,63,0
2026.03.15 02:45:00,92955.98,92955.98,92947.01,92947.01,300,63,0
2026.03.15 02:40:00,92949.48,92961.23,92945.76,92956.01,300,63,0
2026.03.15 02:35:00,92936.50,92955.75,92933.80,92949.51,300,63,0
2026.03.15 02:30:00,92945.50,92945.50,92936.53,92936.53,300,63,0
2026.03.15 02:25:00,92954.50,92954.50,92945.53,92945.53,300,63,0
2026.03.15 02:20:00,92963.50,92963.50,92954.53,92954.53,300,63,0
2026.03.15 02:15:00,92972.50,92972.50,92963.53,92963.53,300,63,0
2026.03.15 02:10:00,92981.50,92981.50,92972.53,92972.53,300,63,0
2026.03.15 02:05:00,92990.50,92990.50,92981.53,92981.53,300,63,0
2026.03.15 02:00:00,92999.50,92999.50,92990.53,92990.53,300,63,0
2026.03.15 01:55:00,93008.50,93008.50,92999.53,92999.53,300,63,0
2026.03.15 01:50:00,92998.17,93010.81,92991.51,93008.53,300,63,0
2026.03.15 01:45:00,92980.85,93000.63,92974.34,92998.20,300,63,0
2026.03.15 01:40:00,92989.85,92989.85,92980.88,92980.88,300,63,0
2026.03.15 01:35:00,92973.38,92997.29,92971.85,92989.88,300,63,0
2026.03.15 01:30:00,92982.38,92982.38,92973.41,92973.41,300,63,0
2026.03.15 01:25:00,92968.69,92989.79,92967.13,92982.41,300,63,0
2026.03.15 01:20:00,92977.69,92977.69,92968.72,92968.72,300,63,0
2026.03.15 01:15:00,92986.69,92986.69,92977.72,92977.72,300,63,0
2026.03.15 01:10:00,92995.69,92995.69,92986.72,92986.72,300,63,0
2026.03.15 01:05:00,93004.69,93004.69,92995.72,92995.72,300,63,0
2026.03.15 01:00:00,93013.69,93013.69,93004.72,93004.72,300,63,0
2026.03.15 00:55:00,93022.69,93022.69,93013.72,93013.72,300,63,0
2026.03.15 00:50:00,93031.69,93031.69,93022.72,93022.72,300,63,0
2026.03.15 00:45:00,93024.58,93036.01,93019.93,93031.72,300,63,0
2026.03.15 00:40:00,93018.13,93030.28,93014.86,93024.61,300,63,0
2026.03.15 00:35:00,93027.13,93027.13,93018.16,93018.16,300,63,0
2026.03.15 00:30:00,92973.71,93027.82,92966.54,93027.16,300,63,0
2026.03.15 00:25:00,92963.50,92973.89,92954.71,92973.74,300,63,0
2026.03.15 00:20:00,92972.50,92972.50,92963.53,92963.53,300,63,0
2026.03.15 00:15:00,92981.50,92981.50,92972.53,92972.53,300,63,0
2026.03.15 00:10:00,92975.82,92984.26,92969.61,92981.53,300,63,0
2026.03.15 00:05:00,92952.00,92982.15,92950.83,92975.85,300,63,0
2026.03.15 00:00:00,92945.57,92955.00,92939.60,92952.03,300,63,0
2026.03.14 23:55:00,92954.57,92954.57,92945.60,92945.60,300,63,0
2026.03.14 23:50:00,92963.57,92963.57,92954.60,92954.60,300,63,0
2026.03.14 23:45:00,92948.45,92972.42,92948.33,92963.60,300,63,0
2026.03.14 23:40:00,92943.56,92951.72,92937.86,92948.48,300,63,0
2026.03.14 23:35:00,92952.56,92952.56,92943.59,92943.59,300,63,0
2026.03.14 23:30:00,92942.05,92957.48,92938.00,92952.59,300,63,0
2026.03.14 23:25:00,92931.15,92950.39,92930.52,92942.08,300,63,0
2026.03.14 23:20:00,92940.15,92940.15,92931.18,92931.18,300,63,0
2026.03.14 23:15:00,92949.15,92949.15,92940.18,92940.18,300,63,0
2026.03.14 23:10:00,92958.15,92958.15,92949.18,92949.18,300,63,0
2026.03.14 23:05:00,92967.15,92967.15,92958.18,92958.18,300,63,0
2026.03.14 23:00:00,92976.15,92976.15,92967.18,92967.18,300,63,0
2026.03.14 22:55:00,92985.15,92985.15,92976.18,92976.18,300,63,0
2026.03.14 22:50:00,92948.80,92994.09,92948.77,92985.18,300,63,0
2026.03.14 22:45:00,92934.99,92953.69,92930.91,92948.83,300,63,0
2026.03.14 22:40:00,92907.22,92941.38,92906.86,92935.02,300,63,0
2026.03.14 22:35:00,92916.22,92916.22,92907.25,92907.25,300,63,0
2026.03.14 22:30:00,92925.22,92925.22,92916.25,92916.25,300,63,0
2026.03.14 22:25:00,92934.22,92934.22,92925.25,92925.25,300,63,0
2026.03.14 22:20:00,92943.22,92943.22,92934.25,92934.25,300,63,0
2026.03.14 22:15:00,92952.22,92952.22,92943.25,92943.25,300,63,0
2026.03.14 22:10:00,92961.22,92961.22,92952.25,92952.25,300,63,0
2026.03.14 22:05:00,92970.22,92970.22,92961.25,92961.25,300,63,0
2026.03.14 22:00:00,92942.62,92977.42,92940.85,92970.25,300,63,0
2026.03.14 21:55:00,92951.62,92951.62,92942.65,92942.65,300,63,0
2026.03.14 21:50:00,92960.62,92960.62,92951.65,92951.65,300,63,0
2026.03.14 21:45:00,92940.18,92961.49,92932.08,92960.65,300,63,0
2026.03.14 21:40:00,92949.18,92949.18,92940.21,92940.21,300,63,0
2026.03.14 21:35:00,92958.18,92958.18,92949.21,92949.21,300,63,0
2026.03.14 21:30:00,92967.18,92967.18,92958.21,92958.21,300,63,0
2026.03.14 21:25:00,92976.18,92976.18,92967.21,92967.21,300,63,0
2026.03.14 21:20:00,92970.64,92982.75,92968.24,92976.21,300,63,0
2026.03.14 21:15:00,92967.45,92971.54,92959.38,92970.67,300,63,0
2026.03.14 21:10:00,92976.45,92976.45,92967.48,92967.48,300,63,0
2026.03.14 21:05:00,92985.45,92985.45,92976.48,92976.48,300,63,0
2026.03.14 21:00:00,92994.45,92994.45,92985.48,92985.48,300,63,0
2026.03.14 20:55:00,93003.45,93003.45,92994.48,92994.48,300,63,0
2026.03.14 20:50:00,93012.45,93012.45,93003.48,93003.48,300,63,0
2026.03.14 20:45:00,93021.45,93021.45,93012.48,93012.48,300,63,0
2026.03.14 20:40:00,92970.08,93021.48,92965.73,93021.48,300,63,0
2026.03.14 20:35:00,92979.08,92979.08,92970.11,92970.11,300,63,0
2026.03.14 20:30:00,92952.63,92987.96,92952.54,92979.11,300,63,0
2026.03.14 20:25:00,92941.00,92961.09,92940.49,92952.66,300,63,0
2026.03.14 20:20:00,92922.17,92941.84,92914.04,92941.03,300,63,0
2026.03.14 20:15:00,92885.76,92923.28,92879.58,92922.20,300,63,0
2026.03.14 20:10:00,92894.76,92894.76,92885.79,92885.79,300,63,0
2026.03.14 20:05:00,92903.76,92903.76,92894.79,92894.79,300,63,0
2026.03.14 20:00:00,92912.76,92912.76,92903.79,92903.79,300,63,0
2026.03.14 19:55:00,92904.66,92914.89,92897.82,92912.79,300,63,0
2026.03.14 19:50:00,92899.08,92905.35,92890.80,92904.69,300,63,0
2026.03.14 19:45:00,92885.77,92899.71,92877.43,92899.11,300,63,0
2026.03.14 19:40:00,92894.77,92894.77,92885.80,92885.80,300,63,0
2026.03.14 19:35:00,92879.90,92899.96,92876.12,92894.80,300,63,0
2026.03.14 19:30:00,92888.90,92888.90,92879.93,92879.93,300,63,0
2026.03.14 19:25:00,92897.90,92897.90,92888.93,92888.93,300,63,0
2026.03.14 19:20:00,92906.90,92906.90,92897.93,92897.93,300,63,0
2026.03.14 19:15:00,92915.90,92915.90,92906.93,92906.93,300,63,0
2026.03.14 19:10:00,92924.90,92924.90,92915.93,92915.93,300,63,0
2026.03.14 19:05:00,92933.90,92933.90,92924.93,92924.93,300,63,0
2026.03.14 19:00:00,92942.90,92942.90,92933.93,92933.93,300,63,0
2026.03.14 18:55:00,92951.90,92951.90,92942.93,92942.93,300,63,0
2026.03.14 18:50:00,92960.90,92960.90,92951.93,92951.93,300,63,0
2026.03.14 18:45:00,92969.90,92969.90,92960.93,92960.93,300,63,0
2026.03.14 18:40:00,92978.90,92978.90,92969.93,92969.93,300,63,0
2026.03.14 18:35:00,92987.90,92987.90,92978.93,92978.93,300,63,0
2026.03.14 18:30:00,92996.90,92996.90,92987.93,92987.93,300,63,0
2026.03.14 18:25:00,93005.90,93005.90,92996.93,92996.93,300,63,0
2026.03.14 18:20:00,93014.90,93014.90,93005.93,93005.93,300,63,0
2026.03.14 18:15:00,93023.90,93023.90,93014.93,93014.93,300,63,0
2026.03.14 18:10:00,93032.90,93032.90,93023.93,93023.93,300,63,0
2026.03.14 18:05:00,93041.90,93041.90,93032.93,93032.93,300,63,0
2026.03.14 18:00:00,93050.90,93050.90,93041.93,93041.93,300,63,0
2026.03.14 17:55:00,93059.90,93059.90,93050.93,93050.93,300,63,0
2026.03.14 17:50:00,93051.99,93061.85,93044.97,93059.93,300,63,0
2026.03.14 17:45:00,93060.99,93060.99,93052.02,93052.02,300,63,0
2026.03.14 17:40:00,93069.99,93069.99,93061.02,93061.02,300,63,0
2026.03.14 17:35:00,93078.99,93078.99,93070.02,93070.02,300,63,0
2026.03.14 17:30:00,93087.99,93087.99,93079.02,93079.02,300,63,0
2026.03.14 17:25:00,93096.99,93096.99,93088.02,93088.02,300,63,0
2026.03.14 17:20:00,93105.99,93105.99,93097.02,93097.02,300,63,0
2026.03.14 17:15:00,93094.56,93106.83,93086.43,93106.02,300,63,0
2026.03.14 17:10:00,93103.56,93103.56,93094.59,93094.59,300,63,0
2026.03.14 17:05:00,93112.56,93112.56,93103.59,93103.59,300,63,0
2026.03.14 17:00:00,93121.56,93121.56,93112.59,93112.59,300,63,0
2026.03.14 16:55:00,93130.56,93130.56,93121.59,93121.59,300,63,0
2026.03.14 16:50:00,93117.12,93132.39,93109.98,93130.59,300,63,0
2026.03.14 16:45:00,93102.59,93117.15,93093.65,93117.15,300,63,0
2026.03.14 16:40:00,93111.59,93111.59,93102.62,93102.62,300,63,0
2026.03.14 16:35:00,93089.57,93115.67,93084.68,93111.62,300,63,0
2026.03.14 16:30:00,93098.57,93098.57,93089.60,93089.60,300,63,0
2026.03.14 16:25:00,93107.57,93107.57,93098.60,93098.60,300,63,0
2026.03.14 16:20:00,93116.57,93116.57,93107.60,93107.60,300,63,0
2026.03.14 16:15:00,93110.39,93119.21,93104.06,93116.60,300,63,0
2026.03.14 16:10:00,93100.04,93118.70,93099.38,93110.42,300,63,0
2026.03.14 16:05:00,93109.04,93109.04,93100.07,93100.07,300,63,0
2026.03.14 16:00:00,93090.64,93116.57,93089.20,93109.07,300,63,0
2026.03.14 15:55:00,93099.64,93099.64,93090.67,93090.67,300,63,0
2026.03.14 15:50:00,93080.27,93102.43,93074.09,93099.67,300,63,0
2026.03.14 15:45:00,93089.27,93089.27,93080.30,93080.30,300,63,0
2026.03.14 15:40:00,93098.27,93098.27,93089.30,93089.30,300,63,0
2026.03.14 15:35:00,93107.27,93107.27,93098.30,93098.30,300,63,0
2026.03.14 15:30:00,93116.27,93116.27,93107.30,93107.30,300,63,0
2026.03.14 15:25:00,93105.74,93124.25,93104.75,93116.30,300,63,0
2026.03.14 15:20:00,93114.74,93114.74,93105.77,93105.77,300,63,0
2026.03.14 15:15:00,93088.50,93122.06,93086.85,93114.77,300,63,0
2026.03.14 15:10:00,93067.96,93096.69,93067.18,93088.53,300,63,0
2026.03.14 15:05:00,93054.86,93073.69,93051.62,93067.99,300,63,0
2026.03.14 15:00:00,93063.86,93063.86,93054.89,93054.89,300,63,0
2026.03.14 14:55:00,93072.86,93072.86,93063.89,93063.89,300,63,0
2026.03.14 14:50:00,93068.07,93074.81,93061.05,93072.89,300,63,0
2026.03.14 14:45:00,93077.07,93077.07,93068.10,93068.10,300,63,0
2026.03.14 14:40:00,93086.07,93086.07,93077.10,93077.10,300,63,0
2026.03.14 14:35:00,93095.07,93095.07,93086.10,93086.10,300,63,0
2026.03.14 14:30:00,93104.07,93104.07,93095.10,93095.10,300,63,0
2026.03.14 14:25:00,93113.07,93113.07,93104.10,93104.10,300,63,0
2026.03.14 14:20:00,93122.07,93122.07,93113.10,93113.10,300,63,0
2026.03.14 14:15:00,93131.07,93131.07,93122.10,93122.10,300,63,0
2026.03.14 14:10:00,93140.07,93140.07,93131.10,93131.10,300,63,0
2026.03.14 14:05:00,93105.57,93141.63,93099.81,93140.10,300,63,0
2026.03.14 14:00:00,93114.57,93114.57,93105.60,93105.60,300,63,0
2026.03.14 13:55:00,93102.40,93115.77,93094.63,93114.60,300,63,0
2026.03.14 13:50:00,93111.40,93111.40,93102.43,93102.43,300,63,0
2026.03.14 13:45:00,93120.40,93120.40,93111.43,93111.43,300,63,0
2026.03.14 13:40:00,93129.40,93129.40,93120.43,93120.43,300,63,0
2026.03.14 13:35:00,93138.40,93138.40,93129.43,93129.43,300,63,0
2026.03.14 13:30:00,93134.26,93140.95,93127.84,93138.43,300,63,0
2026.03.14 13:25:00,93143.26,93143.26,93134.29,93134.29,300,63,0
2026.03.14 13:20:00,93152.26,93152.26,93143.29,93143.29,300,63,0
2026.03.14 13:15:00,93161.26,93161.26,93152.29,93152.29,300,63,0
2026.03.14 13:10:00,93170.26,93170.26,93161.29,93161.29,300,63,0
2026.03.14 13:05:00,93179.26,93179.26,93170.29,93170.29,300,63,0
2026.03.14 13:00:00,93188.26,93188.26,93179.29,93179.29,300,63,0
2026.03.14 12:55:00,93197.26,93197.26,93188.29,93188.29,300,63,0
2026.03.14 12:50:00,93206.26,93206.26,93197.29,93197.29,300,63,0
2026.03.14 12:45:00,93215.26,93215.26,93206.29,93206.29,300,63,0
2026.03.14 12:40:00,93224.26,93224.26,93215.29,93215.29,300,63,0
2026.03.14 12:35:00,93233.26,93233.26,93224.29,93224.29,300,63,0
2026.03.14 12:30:00,93242.26,93242.26,93233.29,93233.29,293,63,0
2026.03.14 12:25:00,93251.26,93251.26,93242.29,93242.29,300,63,0
2026.03.14 12:20:00,93220.51,93252.40,93219.19,93251.29,300,63,0
2026.03.14 12:15:00,93229.51,93229.51,93220.54,93220.54,300,63,0
2026.03.14 12:10:00,93205.28,93235.18,93202.76,93229.54,300,63,0
2026.03.14 12:05:00,93214.28,93214.28,93205.31,93205.31,300,63,0
2026.03.14 12:00:00,93216.02,93216.02,93214.31,93214.31,58,63,0
2026.03.14 10:00:00,93218.03,93218.03,93216.02,93216.02,68,63,0
2026.03.14 09:55:00,93208.59,93219.20,93200.79,93218.06,300,63,0
2026.03.14 09:50:00,93217.59,93217.59,93208.62,93208.62,300,63,0
2026.03.14 09:45:00,93210.84,93224.85,93209.13,93217.62,300,63,0
2026.03.14 09:40:00,93196.48,93217.32,93193.99,93210.87,300,63,0
2026.03.14 09:35:00,93190.39,93204.40,93189.34,93196.51,300,63,0
2026.03.14 09:30:00,93199.39,93199.39,93190.42,93190.42,300,63,0
2026.03.14 09:25:00,93192.40,93205.66,93189.70,93199.42,300,63,0
2026.03.14 09:20:00,93201.40,93201.40,93192.43,93192.43,300,63,0
2026.03.14 09:15:00,93210.40,93210.40,93201.43,93201.43,300,63,0
2026.03.14 09:10:00,93219.40,93219.40,93210.43,93210.43,300,63,0
2026.03.14 09:05:00,93228.40,93228.40,93219.43,93219.43,300,63,0
2026.03.14 09:00:00,93237.40,93237.40,93228.43,93228.43,300,63,0
2026.03.14 08:55:00,93246.40,93246.40,93237.43,93237.43,300,63,0
2026.03.14 08:50:00,93238.08,93249.22,93231.93,93246.43,300,63,0
2026.03.14 08:45:00,93247.08,93247.08,93238.11,93238.11,300,63,0
2026.03.14 08:40:00,93256.08,93256.08,93247.11,93247.11,300,63,0
2026.03.14 08:35:00,93265.08,93265.08,93256.11,93256.11,300,63,0
2026.03.14 08:30:00,93242.61,93269.37,93237.93,93265.11,300,63,0
2026.03.14 08:25:00,93251.61,93251.61,93242.64,93242.64,300,63,0
2026.03.14 08:20:00,93260.61,93260.61,93251.64,93251.64,300,63,0
2026.03.14 08:15:00,93269.61,93269.61,93260.64,93260.64,300,63,0
2026.03.14 08:10:00,93278.61,93278.61,93269.64,93269.64,300,63,0
2026.03.14 08:05:00,93287.61,93287.61,93278.64,93278.64,300,63,0
2026.03.14 08:00:00,93296.61,93296.61,93287.64,93287.64,300,63,0
2026.03.14 07:55:00,93305.61,93305.61,93296.64,93296.64,300,63,0
2026.03.14 07:50:00,93314.61,93314.61,93305.64,93305.64,300,63,0
2026.03.14 07:45:00,93323.61,93323.61,93314.64,93314.64,300,63,0
2026.03.14 07:40:00,93332.61,93332.61,93323.64,93323.64,300,63,0
2026.03.14 07:35:00,93281.50,93335.04,93280.72,93332.64,300,63,0
2026.03.14 07:30:00,93290.50,93290.50,93281.53,93281.53,300,63,0
2026.03.14 07:25:00,93274.72,93290.86,93266.11,93290.53,300,63,0
2026.03.14 07:20:00,93283.72,93283.72,93274.75,93274.75,300,63,0
2026.03.14 07:15:00,93265.20,93284.41,93256.92,93283.75,300,63,0
2026.03.14 07:10:00,93274.20,93274.20,93265.23,93265.23,300,63,0
2026.03.14 07:05:00,93283.20,93283.20,93274.23,93274.23,300,63,0
2026.03.14 07:00:00,93271.56,93290.16,93269.55,93283.23,300,63,0
2026.03.14 06:55:00,93280.56,93280.56,93271.59,93271.59,300,63,0
2026.03.14 06:50:00,93289.56,93289.56,93280.59,93280.59,300,63,0
2026.03.14 06:45:00,93298.56,93298.56,93289.59,93289.59,300,63,0
2026.03.14 06:40:00,93283.00,93298.71,93274.18,93298.59,300,63,0
2026.03.14 06:35:00,93219.26,93285.04,93213.95,93283.03,300,63,0
2026.03.14 06:30:00,93228.26,93228.26,93219.29,93219.29,300,63,0
2026.03.14 06:25:00,93221.28,93231.35,93215.40,93228.29,300,63,0
2026.03.14 06:20:00,93230.28,93230.28,93221.31,93221.31,300,63,0
2026.03.14 06:15:00,93214.98,93234.78,93210.51,93230.31,300,63,0
2026.03.14 06:10:00,93193.95,93223.32,93193.32,93215.01,300,63,0
2026.03.14 06:05:00,93202.95,93202.95,93193.98,93193.98,300,63,0
2026.03.14 06:00:00,93211.95,93211.95,93202.98,93202.98,300,63,0
2026.03.14 05:55:00,93191.46,93215.94,93186.48,93211.98,300,63,0
2026.03.14 05:50:00,93174.91,93198.48,93172.96,93191.49,300,63,0
2026.03.14 05:45:00,93183.91,93183.91,93174.94,93174.94,300,63,0
2026.03.14 05:40:00,93192.91,93192.91,93183.94,93183.94,300,63,0
2026.03.14 05:35:00,93201.91,93201.91,93192.94,93192.94,300,63,0
2026.03.14 05:30:00,93210.91,93210.91,93201.94,93201.94,300,63,0
2026.03.14 05:25:00,93219.91,93219.91,93210.94,93210.94,300,63,0
2026.03.14 05:20:00,93194.55,93220.42,93186.09,93219.94,300,63,0
2026.03.14 05:15:00,93203.55,93203.55,93194.58,93194.58,300,63,0
2026.03.14 05:10:00,93212.55,93212.55,93203.58,93203.58,300,63,0
2026.03.14 05:05:00,93221.55,93221.55,93212.58,93212.58,300,63,0
2026.03.14 05:00:00,93230.55,93230.55,93221.58,93221.58,300,63,0
2026.03.14 04:55:00,93219.80,93236.79,93217.07,93230.58,300,63,0
2026.03.14 04:50:00,93211.30,93228.14,93210.67,93219.83,300,63,0
2026.03.14 04:45:00,93203.24,93218.95,93201.92,93211.33,300,63,0
2026.03.14 04:40:00,93212.24,93212.24,93203.27,93203.27,300,63,0
2026.03.14 04:35:00,93207.07,93215.75,93201.61,93212.27,300,63,0
2026.03.14 04:30:00,93216.07,93216.07,93207.10,93207.10,300,63,0
2026.03.14 04:25:00,93203.74,93218.08,93196.78,93216.10,300,63,0
2026.03.14 04:20:00,93212.74,93212.74,93203.77,93203.77,300,63,0
2026.03.14 04:15:00,93221.74,93221.74,93212.77,93212.77,300,63,0
2026.03.14 04:10:00,93230.74,93230.74,93221.77,93221.77,300,63,0
2026.03.14 04:05:00,93239.74,93239.74,93230.77,93230.77,300,63,0
2026.03.14 04:00:00,93248.74,93248.74,93239.77,93239.77,300,63,0
2026.03.14 03:55:00,93257.74,93257.74,93248.77,93248.77,300,63,0
2026.03.14 03:50:00,93266.74,93266.74,93257.77,93257.77,300,63,0
2026.03.14 03:45:00,93275.74,93275.74,93266.77,93266.77,300,63,0
2026.03.14 03:40:00,93284.74,93284.74,93275.77,93275.77,300,63,0
2026.03.14 03:35:00,93293.74,93293.74,93284.77,93284.77,300,63,0
2026.03.14 03:30:00,93302.74,93302.74,93293.77,93293.77,300,63,0
2026.03.14 03:25:00,93289.23,93306.85,93284.37,93302.77,300,63,0
2026.03.14 03:20:00,93274.45,93297.78,93274.03,93289.26,300,63,0
2026.03.14 03:15:00,93283.45,93283.45,93274.48,93274.48,300,63,0
2026.03.14 03:10:00,93292.45,93292.45,93283.48,93283.48,300,63,0
2026.03.14 03:05:00,93275.73,93293.92,93268.23,93292.48,300,63,0
2026.03.14 03:00:00,93284.73,93284.73,93275.76,93275.76,300,63,0
2026.03.14 02:55:00,93293.73,93293.73,93284.76,93284.76,300,63,0
2026.03.14 02:50:00,93302.73,93302.73,93293.76,93293.76,300,63,0
2026.03.14 02:45:00,93293.73,93304.14,93286.17,93302.76,300,63,0
2026.03.14 02:40:00,93275.17,93297.12,93269.59,93293.76,300,63,0
2026.03.14 02:35:00,93284.17,93284.17,93275.20,93275.20,300,63,0
2026.03.14 02:30:00,93234.04,93284.62,93225.79,93284.20,300,63,0
2026.03.14 02:25:00,93243.04,93243.04,93234.07,93234.07,300,63,0
2026.03.14 02:20:00,93252.04,93252.04,93243.07,93243.07,300,63,0
2026.03.14 02:15:00,93240.86,93254.68,93234.53,93252.07,300,63,0
2026.03.14 02:10:00,93249.86,93249.86,93240.89,93240.89,300,63,0
2026.03.14 02:05:00,93258.86,93258.86,93249.89,93249.89,300,63,0
2026.03.14 02:00:00,93267.86,93267.86,93258.89,93258.89,300,63,0
2026.03.14 01:55:00,93263.02,93269.96,93256.15,93267.89,300,63,0
2026.03.14 01:50:00,93272.02,93272.02,93263.05,93263.05,300,63,0
2026.03.14 01:45:00,93254.60,93275.50,93249.11,93272.05,300,63,0
2026.03.14 01:40:00,93263.60,93263.60,93254.63,93254.63,300,63,0
2026.03.14 01:35:00,93272.60,93272.60,93263.63,93263.63,300,63,0
2026.03.14 01:30:00,93241.14,93277.28,93238.47,93272.63,300,63,0
2026.03.14 01:25:00,93250.14,93250.14,93241.17,93241.17,300,63,0
2026.03.14 01:20:00,93259.14,93259.14,93250.17,93250.17,300,63,0
2026.03.14 01:15:00,93268.14,93268.14,93259.17,93259.17,300,63,0
2026.03.14 01:10:00,93277.14,93277.14,93268.17,93268.17,300,63,0
2026.03.14 01:05:00,93286.14,93286.14,93277.17,93277.17,300,63,0
2026.03.14 01:00:00,93272.45,93289.14,93266.48,93286.17,300,63,0
2026.03.14 00:55:00,93281.45,93281.45,93272.48,93272.48,300,63,0
2026.03.14 00:50:00,93277.15,93290.06,93276.79,93281.48,300,63,0
2026.03.14 00:45:00,93286.15,93286.15,93277.18,93277.18,300,63,0
2026.03.14 00:40:00,93279.32,93292.33,93276.53,93286.18,300,63,0
2026.03.14 00:35:00,93288.32,93288.32,93279.35,93279.35,300,63,0
2026.03.14 00:30:00,93297.32,93297.32,93288.35,93288.35,300,63,0
2026.03.14 00:25:00,93306.32,93306.32,93297.35,93297.35,300,63,0
2026.03.14 00:20:00,93315.32,93315.32,93306.35,93306.35,300,63,0
2026.03.14 00:15:00,93324.32,93324.32,93315.35,93315.35,300,63,0
2026.03.14 00:10:00,93333.32,93333.32,93324.35,93324.35,300,63,0
2026.03.14 00:05:00,93342.32,93342.32,93333.35,93333.35,300,63,0
2026.03.14 00:00:00,93351.32,93351.32,93342.35,93342.35,300,63,0
2026.03.13 23:55:00,93324.15,93359.03,93322.89,93351.35,300,63,0
2026.03.13 23:50:00,93333.15,93333.15,93324.18,93324.18,300,63,0
2026.03.13 23:45:00,93323.13,93336.72,93317.73,93333.18,300,63,0
2026.03.13 23:40:00,93308.14,93331.08,93307.12,93323.16,300,63,0
2026.03.13 23:35:00,93317.14,93317.14,93308.17,93308.17,300,63,0
2026.03.13 23:30:00,93326.14,93326.14,93317.17,93317.17,300,63,0
2026.03.13 23:25:00,93335.14,93335.14,93326.17,93326.17,300,63,0
2026.03.13 23:20:00,93344.14,93344.14,93335.17,93335.17,300,63,0
2026.03.13 23:15:00,93335.12,93349.96,93331.97,93344.17,300,63,0
2026.03.13 23:10:00,93344.12,93344.12,93335.15,93335.15,300,63,0
2026.03.13 23:05:00,93353.12,93353.12,93344.15,93344.15,300,63,0
2026.03.13 23:00:00,93362.12,93362.12,93353.15,93353.15,300,63,0
2026.03.13 22:55:00,93371.12,93371.12,93362.15,93362.15,300,63,0
2026.03.13 22:50:00,93380.12,93380.12,93371.15,93371.15,300,63,0
2026.03.13 22:45:00,93389.12,93389.12,93380.15,93380.15,300,63,0
2026.03.13 22:40:00,93359.24,93392.45,93353.60,93389.15,300,63,0
2026.03.13 22:35:00,93368.24,93368.24,93359.27,93359.27,300,63,0
2026.03.13 22:30:00,93377.24,93377.24,93368.27,93368.27,300,63,0
2026.03.13 22:25:00,93386.24,93386.24,93377.27,93377.27,300,63,0
2026.03.13 22:20:00,93395.24,93395.24,93386.27,93386.27,300,63,0
2026.03.13 22:15:00,93404.24,93404.24,93395.27,93395.27,300,63,0
2026.03.13 22:10:00,93413.24,93413.24,93404.27,93404.27,300,63,0
2026.03.13 22:05:00,93422.24,93422.24,93413.27,93413.27,300,63,0
2026.03.13 22:00:00,93398.50,93423.32,93390.61,93422.27,300,63,0
2026.03.13 21:55:00,93407.50,93407.50,93398.53,93398.53,300,63,0
2026.03.13 21:50:00,93416.50,93416.50,93407.53,93407.53,300,63,0
2026.03.13 21:45:00,93393.08,93417.94,93385.55,93416.53,300,63,0
2026.03.13 21:40:00,93402.08,93402.08,93393.11,93393.11,300,63,0
2026.03.13 21:35:00,93411.08,93411.08,93402.11,93402.11,300,63,0
2026.03.13 21:30:00,93398.72,93411.38,93390.05,93411.11,300,63,0
2026.03.13 21:25:00,93394.99,93401.54,93388.84,93398.75,300,63,0
2026.03.13 21:20:00,93374.36,93403.18,93373.58,93395.02,300,63,0
2026.03.13 21:15:00,93383.36,93383.36,93374.39,93374.39,300,63,0
2026.03.13 21:10:00,93392.36,93392.36,93383.39,93383.39,300,63,0
2026.03.13 21:05:00,93401.36,93401.36,93392.39,93392.39,300,63,0
2026.03.13 21:00:00,93410.36,93410.36,93401.39,93401.39,300,63,0
2026.03.13 20:55:00,93419.36,93419.36,93410.39,93410.39,300,63,0
2026.03.13 20:50:00,93428.36,93428.36,93419.39,93419.39,300,63,0
2026.03.13 20:45:00,93437.36,93437.36,93428.39,93428.39,300,63,0
2026.03.13 20:40:00,93446.36,93446.36,93437.39,93437.39,300,63,0
2026.03.13 20:35:00,93455.36,93455.36,93446.39,93446.39,300,63,0
2026.03.13 20:30:00,93464.36,93464.36,93455.39,93455.39,300,63,0
2026.03.13 20:25:00,93473.36,93473.36,93464.39,93464.39,300,63,0
2026.03.13 20:20:00,93482.36,93482.36,93473.39,93473.39,300,63,0
2026.03.13 20:15:00,93491.36,93491.36,93482.39,93482.39,300,63,0
2026.03.13 20:10:00,93500.36,93500.36,93491.39,93491.39,300,63,0
2026.03.13 20:05:00,93509.36,93509.36,93500.39,93500.39,300,63,0
2026.03.13 20:00:00,93518.36,93518.36,93509.39,93509.39,300,63,0
2026.03.13 19:55:00,93495.95,93526.34,93494.96,93518.39,300,63,0
2026.03.13 19:50:00,93483.16,93497.69,93475.93,93495.98,300,63,0
2026.03.13 19:45:00,93492.16,93492.16,93483.19,93483.19,300,63,0
2026.03.13 19:40:00,93501.16,93501.16,93492.19,93492.19,300,63,0
2026.03.13 19:35:00,93510.16,93510.16,93501.19,93501.19,300,63,0
2026.03.13 19:30:00,93502.13,93513.70,93496.70,93510.19,300,63,0
2026.03.13 19:25:00,93511.13,93511.13,93502.16,93502.16,300,63,0
2026.03.13 19:20:00,93520.13,93520.13,93511.16,93511.16,300,63,0
2026.03.13 19:15:00,93502.64,93526.82,93500.36,93520.16,300,63,0
2026.03.13 19:10:00,93457.56,93503.84,93452.46,93502.67,300,63,0
2026.03.13 19:05:00,93466.56,93466.56,93457.59,93457.59,300,63,0
2026.03.13 19:00:00,93475.56,93475.56,93466.59,93466.59,300,63,0
2026.03.13 18:55:00,93464.40,93478.83,93458.70,93475.59,300,63,0
2026.03.13 18:50:00,93452.96,93464.88,93444.47,93464.43,300,63,0
2026.03.13 18:45:00,93461.96,93461.96,93452.99,93452.99,300,63,0
2026.03.13 18:40:00,93470.96,93470.96,93461.99,93461.99,300,63,0
2026.03.13 18:35:00,93479.96,93479.96,93470.99,93470.99,300,63,0
2026.03.13 18:30:00,93488.96,93488.96,93479.99,93479.99,300,63,0
2026.03.13 18:25:00,93497.96,93497.96,93488.99,93488.99,300,63,0
2026.03.13 18:20:00,93506.96,93506.96,93497.99,93497.99,300,63,0
2026.03.13 18:15:00,93515.96,93515.96,93506.99,93506.99,300,63,0
2026.03.13 18:10:00,93505.67,93521.54,93502.28,93515.99,300,63,0
2026.03.13 18:05:00,93483.04,93511.67,93480.07,93505.70,300,63,0
2026.03.13 18:00:00,93492.04,93492.04,93483.07,93483.07,300,63,0
2026.03.13 17:55:00,93466.01,93496.90,93463.28,93492.07,300,63,0
2026.03.13 17:50:00,93475.01,93475.01,93466.04,93466.04,300,63,0
2026.03.13 17:45:00,93453.88,93476.69,93446.59,93475.04,300,63,0
2026.03.13 17:40:00,93462.88,93462.88,93453.91,93453.91,300,63,0
2026.03.13 17:35:00,93471.88,93471.88,93462.91,93462.91,300,63,0
2026.03.13 17:30:00,93480.88,93480.88,93471.91,93471.91,300,63,0
2026.03.13 17:25:00,93489.88,93489.88,93480.91,93480.91,300,63,0
2026.03.13 17:20:00,93433.27,93492.58,93428.23,93489.91,300,63,0
2026.03.13 17:15:00,93442.27,93442.27,93433.30,93433.30,300,63,0
2026.03.13 17:10:00,93392.28,93445.81,93388.20,93442.30,300,63,0
2026.03.13 17:05:00,93401.28,93401.28,93392.31,93392.31,300,63,0
2026.03.13 17:00:00,93332.54,93406.02,93331.76,93401.31,300,63,0
2026.03.13 16:55:00,93341.54,93341.54,93332.57,93332.57,300,63,0
2026.03.13 16:50:00,93299.73,93349.97,93299.40,93341.57,300,63,0
2026.03.13 16:45:00,93308.73,93308.73,93299.76,93299.76,300,63,0
2026.03.13 16:40:00,93317.73,93317.73,93308.76,93308.76,300,63,0
2026.03.13 16:35:00,93326.73,93326.73,93317.76,93317.76,300,63,0
2026.03.13 16:30:00,93335.73,93335.73,93326.76,93326.76,300,63,0
2026.03.13 16:25:00,93344.73,93344.73,93335.76,93335.76,300,63,0
2026.03.13 16:20:00,93331.06,93346.17,93323.53,93344.76,300,63,0
2026.03.13 16:15:00,93321.55,93333.82,93315.34,93331.09,300,63,0
2026.03.13 16:10:00,93297.66,93325.24,93292.38,93321.58,300,63,0
2026.03.13 16:05:00,93293.20,93300.72,93287.29,93297.69,300,63,0
2026.03.13 16:00:00,93302.20,93302.20,93293.23,93293.23,300,63,0
2026.03.13 15:55:00,93311.20,93311.20,93302.23,93302.23,300,63,0
2026.03.13 15:50:00,93320.20,93320.20,93311.23,93311.23,300,63,0
2026.03.13 15:45:00,93276.89,93321.52,93274.85,93320.23,300,63,0
2026.03.13 15:40:00,93285.89,93285.89,93276.92,93276.92,300,63,0
2026.03.13 15:35:00,93294.89,93294.89,93285.92,93285.92,300,63,0
2026.03.13 15:30:00,93303.89,93303.89,93294.92,93294.92,300,63,0
2026.03.13 15:25:00,93295.78,93311.87,93294.79,93303.92,300,63,0
2026.03.13 15:20:00,93286.45,93304.60,93286.30,93295.81,300,63,0
2026.03.13 15:15:00,93295.45,93295.45,93286.48,93286.48,300,63,0
2026.03.13 15:10:00,93304.45,93304.45,93295.48,93295.48,300,63,0
2026.03.13 15:05:00,93313.45,93313.45,93304.48,93304.48,300,63,0
2026.03.13 15:00:00,93307.24,93319.39,93304.21,93313.48,300,63,0
2026.03.13 14:55:00,93293.49,93308.71,93285.99,93307.27,300,63,0
2026.03.13 14:50:00,93302.49,93302.49,93293.52,93293.52,300,63,0
2026.03.13 14:45:00,93311.49,93311.49,93302.52,93302.52,300,63,0
2026.03.13 14:40:00,93320.49,93320.49,93311.52,93311.52,300,63,0
2026.03.13 14:35:00,93312.53,93328.98,93312.05,93320.52,300,63,0
2026.03.13 14:30:00,93291.25,93317.00,93288.76,93312.56,300,63,0
2026.03.13 14:25:00,93300.25,93300.25,93291.28,93291.28,300,63,0
2026.03.13 14:20:00,93309.25,93309.25,93300.28,93300.28,300,63,0
2026.03.13 14:15:00,93300.69,93309.88,93292.35,93309.28,300,63,0
2026.03.13 14:10:00,93309.69,93309.69,93300.72,93300.72,300,63,0
2026.03.13 14:05:00,93318.69,93318.69,93309.72,93309.72,300,63,0
2026.03.13 14:00:00,93327.69,93327.69,93318.72,93318.72,300,63,0
2026.03.13 13:55:00,93336.69,93336.69,93327.72,93327.72,300,63,0
2026.03.13 13:50:00,93345.69,93345.69,93336.72,93336.72,300,63,0
2026.03.13 13:45:00,93354.69,93354.69,93345.72,93345.72,300,63,0
2026.03.13 13:40:00,93363.69,93363.69,93354.72,93354.72,300,63,0
2026.03.13 13:35:00,93372.69,93372.69,93363.72,93363.72,300,63,0
2026.03.13 13:30:00,93381.69,93381.69,93372.72,93372.72,300,63,0
2026.03.13 13:25:00,93390.69,93390.69,93381.72,93381.72,300,63,0
2026.03.13 13:20:00,93399.69,93399.69,93390.72,93390.72,300,63,0
2026.03.13 13:15:00,93408.69,93408.69,93399.72,93399.72,300,63,0
2026.03.13 13:10:00,93385.94,93413.04,93381.32,93408.72,300,63,0
2026.03.13 13:05:00,93364.50,93386.87,93356.46,93385.97,300,63,0
2026.03.13 13:00:00,93355.09,93372.15,93353.77,93364.53,300,63,0
2026.03.13 12:55:00,93341.98,93355.78,93333.70,93355.12,300,63,0
2026.03.13 12:50:00,93350.98,93350.98,93342.01,93342.01,300,63,0
2026.03.13 12:45:00,93359.98,93359.98,93351.01,93351.01,300,63,0
2026.03.13 12:40:00,93368.98,93368.98,93360.01,93360.01,300,63,0
2026.03.13 12:35:00,93339.03,93370.24,93331.32,93369.01,300,63,0
2026.03.13 12:30:00,93318.07,93347.82,93317.89,93339.06,300,63,0
2026.03.13 12:25:00,93327.07,93327.07,93318.10,93318.10,300,63,0
2026.03.13 12:20:00,93336.07,93336.07,93327.10,93327.10,300,63,0
2026.03.13 12:15:00,93345.07,93345.07,93336.10,93336.10,300,63,0
2026.03.13 12:10:00,93354.07,93354.07,93345.10,93345.10,300,63,0
2026.03.13 12:05:00,93363.07,93363.07,93354.10,93354.10,300,63,0
2026.03.13 12:00:00,93372.07,93372.07,93363.10,93363.10,300,63,0
2026.03.13 11:55:00,93381.07,93381.07,93372.10,93372.10,300,63,0
2026.03.13 11:50:00,93390.07,93390.07,93381.10,93381.10,300,63,0
2026.03.13 11:45:00,93399.07,93399.07,93390.10,93390.10,300,63,0
2026.03.13 11:40:00,93408.07,93408.07,93399.10,93399.10,300,63,0
2026.03.13 11:35:00,93417.07,93417.07,93408.10,93408.10,300,63,0
2026.03.13 11:30:00,93426.07,93426.07,93417.10,93417.10,300,63,0
2026.03.13 11:25:00,93435.07,93435.07,93426.10,93426.10,300,63,0
2026.03.13 11:20:00,93390.21,93436.96,93387.66,93435.10,300,63,0
2026.03.13 11:15:00,93399.21,93399.21,93390.24,93390.24,300,63,0
2026.03.13 11:10:00,93408.21,93408.21,93399.24,93399.24,300,63,0
2026.03.13 11:05:00,93417.21,93417.21,93408.24,93408.24,300,63,0
2026.03.13 11:00:00,93390.40,93419.01,93383.23,93417.24,300,63,0
2026.03.13 10:55:00,93399.40,93399.40,93390.43,93390.43,300,63,0
2026.03.13 10:50:00,93374.12,93406.36,93372.11,93399.43,300,63,0
2026.03.13 10:45:00,93343.88,93376.46,93341.15,93374.15,300,63,0
2026.03.13 10:40:00,93352.88,93352.88,93343.91,93343.91,300,63,0
2026.03.13 10:35:00,93361.88,93361.88,93352.91,93352.91,300,63,0
2026.03.13 10:30:00,93349.46,93368.18,93346.79,93361.91,300,63,0
2026.03.13 10:25:00,93358.46,93358.46,93349.49,93349.49,300,63,0
2026.03.13 10:20:00,93367.46,93367.46,93358.49,93358.49,300,63,0
2026.03.13 10:15:00,93344.75,93373.76,93342.08,93367.49,300,63,0
2026.03.13 10:10:00,93353.75,93353.75,93344.78,93344.78,300,63,0
2026.03.13 10:05:00,93362.75,93362.75,93353.78,93353.78,300,63,0
2026.03.13 10:00:00,93371.75,93371.75,93362.78,93362.78,300,63,0
2026.03.13 09:55:00,93380.75,93380.75,93371.78,93371.78,300,63,0
2026.03.13 09:50:00,93389.75,93389.75,93380.78,93380.78,300,63,0
2026.03.13 09:45:00,93398.75,93398.75,93389.78,93389.78,300,63,0
2026.03.13 09:40:00,93407.75,93407.75,93398.78,93398.78,300,63,0
2026.03.13 09:35:00,93394.41,93408.02,93385.71,93407.78,300,63,0
2026.03.13 09:30:00,93387.74,93399.66,93384.02,93394.44,300,63,0
2026.03.13 09:25:00,93362.10,93389.30,93354.69,93387.77,300,63,0
2026.03.13 09:20:00,93328.51,93366.93,93324.37,93362.13,300,63,0
2026.03.13 09:15:00,93321.65,93335.14,93319.31,93328.54,300,63,0
2026.03.13 09:10:00,93330.65,93330.65,93321.68,93321.68,300,63,0
2026.03.13 09:05:00,93339.65,93339.65,93330.68,93330.68,300,63,0
2026.03.13 09:00:00,93311.70,93347.93,93311.01,93339.68,300,63,0
2026.03.13 08:55:00,93298.38,93314.70,93292.41,93311.73,300,63,0
2026.03.13 08:50:00,93307.38,93307.38,93298.41,93298.41,300,63,0
2026.03.13 08:45:00,93316.38,93316.38,93307.41,93307.41,300,63,0
2026.03.13 08:40:00,93298.13,93321.27,93294.05,93316.41,300,63,0
2026.03.13 08:35:00,93244.54,93299.48,93237.94,93298.16,300,63,0
2026.03.13 08:30:00,93253.54,93253.54,93244.57,93244.57,300,63,0
2026.03.13 08:25:00,93262.54,93262.54,93253.57,93253.57,300,63,0
2026.03.13 08:20:00,93252.10,93267.88,93248.47,93262.57,300,63,0
2026.03.13 08:15:00,93261.10,93261.10,93252.13,93252.13,300,63,0
2026.03.13 08:10:00,93270.10,93270.10,93261.13,93261.13,300,63,0
2026.03.13 08:05:00,93279.10,93279.10,93270.13,93270.13,300,63,0
2026.03.13 08:00:00,93288.10,93288.10,93279.13,93279.13,300,63,0
2026.03.13 07:55:00,93259.72,93288.28,93250.93,93288.13,300,63,0
2026.03.13 07:50:00,93268.72,93268.72,93259.75,93259.75,300,63,0
2026.03.13 07:45:00,93264.93,93270.49,93257.73,93268.75,300,63,0
2026.03.13 07:40:00,93259.41,93271.35,93256.86,93264.96,300,63,0
2026.03.13 07:35:00,93268.41,93268.41,93259.44,93259.44,300,63,0
2026.03.13 07:30:00,93245.60,93276.42,93244.64,93268.44,300,63,0
2026.03.13 07:25:00,93181.67,93246.20,93177.41,93245.63,300,63,0
2026.03.13 07:20:00,93190.67,93190.67,93181.70,93181.70,300,63,0
2026.03.13 07:15:00,93177.32,93192.35,93170.03,93190.70,300,63,0
2026.03.13 07:10:00,93186.32,93186.32,93177.35,93177.35,300,63,0
2026.03.13 07:05:00,93175.73,93188.66,93169.10,93186.35,300,63,0
2026.03.13 07:00:00,93184.73,93184.73,93175.76,93175.76,300,63,0
2026.03.13 06:55:00,93193.73,93193.73,93184.76,93184.76,300,63,0
2026.03.13 06:50:00,93202.73,93202.73,93193.76,93193.76,300,63,0
2026.03.13 06:45:00,93182.60,93205.34,93176.24,93202.76,300,63,0
2026.03.13 06:40:00,93167.50,93190.01,93165.94,93182.63,300,63,0
2026.03.13 06:35:00,93176.50,93176.50,93167.53,93167.53,300,63,0
2026.03.13 06:30:00,93185.50,93185.50,93176.53,93176.53,300,63,0
2026.03.13 06:25:00,93166.18,93194.17,93165.88,93185.53,300,63,0
2026.03.13 06:20:00,93175.18,93175.18,93166.21,93166.21,300,63,0
2026.03.13 06:15:00,93171.15,93179.89,93166.89,93175.21,300,63,0
2026.03.13 06:10:00,93153.21,93176.22,93149.31,93171.18,300,63,0
2026.03.13 06:05:00,93162.21,93162.21,93153.24,93153.24,300,63,0
2026.03.13 06:00:00,93171.21,93171.21,93162.24,93162.24,300,63,0
2026.03.13 05:55:00,93180.21,93180.21,93171.24,93171.24,300,63,0
2026.03.13 05:50:00,93189.21,93189.21,93180.24,93180.24,300,63,0
2026.03.13 05:45:00,93198.21,93198.21,93189.24,93189.24,300,63,0
2026.03.13 05:40:00,93207.21,93207.21,93198.24,93198.24,300,63,0
2026.03.13 05:35:00,93216.21,93216.21,93207.24,93207.24,300,63,0
2026.03.13 05:30:00,93225.21,93225.21,93216.24,93216.24,300,63,0
2026.03.13 05:25:00,93234.21,93234.21,93225.24,93225.24,300,63,0
2026.03.13 05:20:00,93215.56,93239.58,93211.96,93234.24,300,63,0
2026.03.13 05:15:00,93224.56,93224.56,93215.59,93215.59,300,63,0
2026.03.13 05:10:00,93233.56,93233.56,93224.59,93224.59,300,63,0
2026.03.13 05:05:00,93242.56,93242.56,93233.59,93233.59,300,63,0
2026.03.13 05:00:00,93251.56,93251.56,93242.59,93242.59,300,63,0
2026.03.13 04:55:00,93260.56,93260.56,93251.59,93251.59,300,63,0
2026.03.13 04:50:00,93269.56,93269.56,93260.59,93260.59,300,63,0
2026.03.13 04:45:00,93248.37,93272.86,93242.70,93269.59,300,63,0
2026.03.13 04:40:00,93257.37,93257.37,93248.40,93248.40,300,63,0
2026.03.13 04:35:00,93250.18,93263.10,93246.94,93257.40,300,63,0
2026.03.13 04:30:00,93259.18,93259.18,93250.21,93250.21,300,63,0
2026.03.13 04:25:00,93248.03,93267.55,93247.43,93259.21,300,63,0
2026.03.13 04:20:00,93257.03,93257.03,93248.06,93248.06,300,63,0
2026.03.13 04:15:00,93234.95,93265.52,93234.47,93257.06,300,63,0
2026.03.13 04:10:00,93243.95,93243.95,93234.98,93234.98,300,63,0
2026.03.13 04:05:00,93235.70,93252.44,93235.22,93243.98,300,63,0
2026.03.13 04:00:00,93244.70,93244.70,93235.73,93235.73,300,63,0
2026.03.13 03:55:00,93253.70,93253.70,93244.73,93244.73,300,63,0
2026.03.13 03:50:00,93262.70,93262.70,93253.73,93253.73,300,63,0
2026.03.13 03:45:00,93271.70,93271.70,93262.73,93262.73,300,63,0
2026.03.13 03:40:00,93280.70,93280.70,93271.73,93271.73,300,63,0
2026.03.13 03:35:00,93289.70,93289.70,93280.73,93280.73,300,63,0
2026.03.13 03:30:00,93284.64,93292.61,93278.58,93289.73,300,63,0
2026.03.13 03:25:00,93293.64,93293.64,93284.67,93284.67,300,63,0
2026.03.13 03:20:00,93302.64,93302.64,93293.67,93293.67,300,63,0
2026.03.13 03:15:00,93311.64,93311.64,93302.67,93302.67,300,63,0
2026.03.13 03:10:00,93285.14,93316.41,93280.94,93311.67,300,63,0
2026.03.13 03:05:00,93294.14,93294.14,93285.17,93285.17,300,63,0
2026.03.13 03:00:00,93258.29,93297.98,93257.51,93294.17,300,63,0
2026.03.13 02:55:00,93244.12,93266.48,93243.34,93258.32,300,63,0
2026.03.13 02:50:00,93253.12,93253.12,93244.15,93244.15,300,63,0
2026.03.13 02:45:00,93262.12,93262.12,93253.15,93253.15,300,63,0
2026.03.13 02:40:00,93210.02,93233.53,93204.50,93230.11,300,63,0
2026.03.13 02:35:00,93219.02,93219.02,93210.05,93210.05,300,63,0
2026.03.13 02:30:00,93228.02,93228.02,93219.05,93219.05,300,63,0
2026.03.13 02:25:00,93237.02,93237.02,93228.05,93228.05,300,63,0
2026.03.13 02:20:00,93213.63,93237.59,93212.19,93237.05,300,63,0
2026.03.13 02:15:00,93222.63,93222.63,93213.66,93213.66,300,63,0
2026.03.13 02:10:00,93231.63,93231.63,93222.66,93222.66,300,63,0
2026.03.13 02:05:00,93240.63,93240.63,93231.66,93231.66,300,63,0
2026.03.13 02:00:00,93249.63,93249.63,93240.66,93240.66,300,63,0
2026.03.13 01:55:00,93233.29,93257.46,93232.15,93249.66,300,63,0
2026.03.13 01:50:00,93242.29,93242.29,93233.32,93233.32,300,63,0
2026.03.13 01:45:00,93228.54,93245.74,93223.02,93242.32,300,63,0
2026.03.13 01:40:00,93237.54,93237.54,93228.57,93228.57,300,63,0
2026.03.13 01:35:00,93246.54,93246.54,93237.57,93237.57,300,63,0
2026.03.13 01:30:00,93255.54,93255.54,93246.57,93246.57,300,63,0
2026.03.13 01:25:00,93264.54,93264.54,93255.57,93255.57,300,63,0
2026.03.13 01:20:00,93273.54,93273.54,93264.57,93264.57,300,63,0
2026.03.13 01:15:00,93282.54,93282.54,93273.57,93273.57,300,63,0
2026.03.13 01:10:00,93291.54,93291.54,93282.57,93282.57,300,63,0
2026.03.13 01:05:00,93300.54,93300.54,93291.57,93291.57,300,63,0
2026.03.13 01:00:00,93309.54,93309.54,93300.57,93300.57,300,63,0
2026.03.13 00:55:00,93318.54,93318.54,93309.57,93309.57,300,63,0
2026.03.13 00:50:00,93296.80,93320.55,93289.84,93318.57,300,63,0
2026.03.13 00:45:00,93305.80,93305.80,93296.83,93296.83,300,63,0
2026.03.13 00:40:00,93314.80,93314.80,93305.83,93305.83,300,63,0
2026.03.13 00:35:00,93323.80,93323.80,93314.83,93314.83,300,63,0
2026.03.13 00:30:00,93332.80,93332.80,93323.83,93323.83,300,63,0
2026.03.13 00:25:00,93318.75,93338.65,93315.63,93332.83,300,63,0
2026.03.13 00:20:00,93311.50,93319.59,93303.37,93318.78,300,63,0
2026.03.13 00:15:00,93292.20,93319.30,93291.03,93311.53,300,63,0
2026.03.13 00:10:00,93254.58,93300.48,93253.89,93292.23,300,63,0
2026.03.13 00:05:00,93234.57,93260.43,93231.45,93254.61,300,63,0
2026.03.13 00:00:00,93243.57,93243.57,93234.60,93234.60,300,63,0
2026.03.12 23:55:00,93252.57,93252.57,93243.60,93243.60,300,63,0
2026.03.12 23:50:00,93261.57,93261.57,93252.60,93252.60,300,63,0
2026.03.12 23:45:00,93250.63,93262.98,93243.07,93261.60,300,63,0
2026.03.12 23:40:00,93259.63,93259.63,93250.66,93250.66,300,63,0
2026.03.12 23:35:00,93268.63,93268.63,93259.66,93259.66,300,63,0
2026.03.12 23:30:00,93277.63,93277.63,93268.66,93268.66,300,63,0
2026.03.12 23:25:00,93286.63,93286.63,93277.66,93277.66,300,63,0
2026.03.12 23:20:00,93237.52,93287.41,93230.68,93286.66,300,63,0
2026.03.12 23:15:00,93246.52,93246.52,93237.55,93237.55,300,63,0
2026.03.12 23:10:00,93255.52,93255.52,93246.55,93246.55,300,63,0
2026.03.12 23:05:00,93264.52,93264.52,93255.55,93255.55,300,63,0
2026.03.12 23:00:00,93273.52,93273.52,93264.55,93264.55,300,63,0
2026.03.12 22:55:00,93282.52,93282.52,93273.55,93273.55,300,63,0
2026.03.12 22:50:00,93291.52,93291.52,93282.55,93282.55,300,63,0
2026.03.12 22:45:00,93263.21,93293.38,93256.10,93291.55,300,63,0
2026.03.12 22:40:00,93272.21,93272.21,93263.24,93263.24,300,63,0
2026.03.12 22:35:00,93263.43,93275.39,93257.64,93272.24,300,63,0
2026.03.12 22:30:00,93272.43,93272.43,93263.46,93263.46,300,63,0
2026.03.12 22:25:00,93281.43,93281.43,93272.46,93272.46,300,63,0
2026.03.12 22:20:00,93290.43,93290.43,93281.46,93281.46,300,63,0
2026.03.12 22:15:00,93299.43,93299.43,93290.46,93290.46,300,63,0
2026.03.12 22:10:00,93308.43,93308.43,93299.46,93299.46,300,63,0
2026.03.12 22:05:00,93295.71,93309.75,93288.06,93308.46,300,63,0
2026.03.12 22:00:00,93304.71,93304.71,93295.74,93295.74,300,63,0
2026.03.12 21:55:00,93300.83,93312.18,93299.33,93304.74,300,63,0
2026.03.12 21:50:00,93309.83,93309.83,93300.86,93300.86,300,63,0
2026.03.12 21:45:00,93318.83,93318.83,93309.86,93309.86,300,63,0
2026.03.12 21:40:00,93327.83,93327.83,93318.86,93318.86,300,63,0
2026.03.12 21:35:00,93308.45,93332.48,93304.13,93327.86,300,63,0
2026.03.12 21:30:00,93317.45,93317.45,93308.48,93308.48,300,63,0
2026.03.12 21:25:00,93288.51,93322.76,93288.24,93317.48,300,63,0
2026.03.12 21:20:00,93297.51,93297.51,93288.54,93288.54,300,63,0
2026.03.12 21:15:00,93306.51,93306.51,93297.54,93297.54,300,63,0
2026.03.12 21:10:00,93315.51,93315.51,93306.54,93306.54,300,63,0
2026.03.12 21:05:00,93310.17,93316.86,93302.55,93315.54,300,63,0
2026.03.12 21:00:00,93319.17,93319.17,93310.20,93310.20,300,63,0
2026.03.12 20:55:00,93328.17,93328.17,93319.20,93319.20,300,63,0
2026.03.12 20:50:00,93337.17,93337.17,93328.20,93328.20,300,63,0
2026.03.12 20:45:00,93346.17,93346.17,93337.20,93337.20,300,63,0
2026.03.12 20:40:00,93355.17,93355.17,93346.20,93346.20,300,63,0
2026.03.12 20:35:00,93364.17,93364.17,93355.20,93355.20,300,63,0
2026.03.12 20:30:00,93373.17,93373.17,93364.20,93364.20,300,63,0
2026.03.12 20:25:00,93382.17,93382.17,93373.20,93373.20,300,63,0
2026.03.12 20:20:00,93391.17,93391.17,93382.20,93382.20,300,63,0
2026.03.12 20:15:00,93400.17,93400.17,93391.20,93391.20,300,63,0
2026.03.12 20:10:00,93409.17,93409.17,93400.20,93400.20,300,63,0
2026.03.12 20:05:00,93418.17,93418.17,93409.20,93409.20,300,63,0
2026.03.12 20:00:00,93427.17,93427.17,93418.20,93418.20,300,63,0
2026.03.12 19:55:00,93436.17,93436.17,93427.20,93427.20,300,63,0
2026.03.12 19:50:00,93428.42,93443.52,93426.80,93436.20,300,63,0
2026.03.12 19:45:00,93437.42,93437.42,93428.45,93428.45,300,63,0
2026.03.12 19:40:00,93446.42,93446.42,93437.45,93437.45,300,63,0
2026.03.12 19:35:00,93455.42,93455.42,93446.45,93446.45,300,63,0
2026.03.12 19:30:00,93442.18,93459.77,93437.56,93455.45,300,63,0
2026.03.12 19:25:00,93419.41,93443.41,93411.67,93442.21,300,63,0
2026.03.12 19:20:00,93370.19,93425.41,93369.56,93419.44,300,63,0
2026.03.12 19:15:00,93379.19,93379.19,93370.22,93370.22,300,63,0
2026.03.12 19:10:00,93388.19,93388.19,93379.22,93379.22,300,63,0
2026.03.12 19:05:00,93397.19,93397.19,93388.22,93388.22,300,63,0
2026.03.12 19:00:00,93371.60,93404.81,93370.25,93397.22,300,63,0
2026.03.12 18:55:00,93357.85,93375.11,93352.39,93371.63,300,63,0
2026.03.12 18:50:00,93332.81,93362.86,93328.85,93357.88,300,63,0
2026.03.12 18:45:00,93341.81,93341.81,93332.84,93332.84,300,63,0
2026.03.12 18:40:00,93350.81,93350.81,93341.84,93341.84,300,63,0
2026.03.12 18:35:00,93359.81,93359.81,93350.84,93350.84,300,63,0
2026.03.12 18:30:00,93368.81,93368.81,93359.84,93359.84,300,63,0
2026.03.12 18:25:00,93377.81,93377.81,93368.84,93368.84,300,63,0
2026.03.12 18:20:00,93353.76,93379.31,93346.29,93377.84,300,63,0
2026.03.12 18:15:00,93345.37,93362.22,93344.86,93353.79,300,63,0
2026.03.12 18:10:00,93354.37,93354.37,93345.40,93345.40,300,63,0
2026.03.12 18:05:00,93363.37,93363.37,93354.40,93354.40,300,63,0
2026.03.12 18:00:00,93372.37,93372.37,93363.40,93363.40,300,63,0
2026.03.12 17:55:00,93350.60,93376.39,93345.65,93372.40,300,63,0
2026.03.12 17:50:00,93359.60,93359.60,93350.63,93350.63,300,63,0
2026.03.12 17:45:00,93352.85,93364.82,93349.10,93359.63,300,63,0
2026.03.12 17:40:00,93361.85,93361.85,93352.88,93352.88,300,63,0
2026.03.12 17:35:00,93370.85,93370.85,93361.88,93361.88,300,63,0
2026.03.12 17:30:00,93348.63,93371.06,93339.87,93370.88,300,63,0
2026.03.12 17:25:00,93338.19,93357.39,93337.98,93348.66,300,63,0
2026.03.12 17:20:00,93347.19,93347.19,93338.22,93338.22,300,63,0
2026.03.12 17:15:00,93356.19,93356.19,93347.22,93347.22,300,63,0
2026.03.12 17:10:00,93365.19,93365.19,93356.22,93356.22,300,63,0
2026.03.12 17:05:00,93374.19,93374.19,93365.22,93365.22,300,63,0
2026.03.12 17:00:00,93383.19,93383.19,93374.22,93374.22,300,63,0
2026.03.12 16:55:00,93392.19,93392.19,93383.22,93383.22,300,63,0
2026.03.12 16:50:00,93358.13,93392.67,93357.32,93392.22,300,63,0
2026.03.12 16:45:00,93367.13,93367.13,93358.16,93358.16,300,63,0
2026.03.12 16:40:00,93376.13,93376.13,93367.16,93367.16,300,63,0
2026.03.12 16:35:00,93385.13,93385.13,93376.16,93376.16,300,63,0
2026.03.12 16:30:00,93394.13,93394.13,93385.16,93385.16,300,63,0
2026.03.12 16:25:00,93403.13,93403.13,93394.16,93394.16,300,63,0
2026.03.12 16:20:00,93393.34,93405.68,93386.92,93403.16,300,63,0
2026.03.12 16:15:00,93402.34,93402.34,93393.37,93393.37,300,63,0
2026.03.12 16:10:00,93394.81,93411.31,93394.81,93402.37,300,63,0
2026.03.12 16:05:00,93403.81,93403.81,93394.84,93394.84,300,63,0
2026.03.12 16:00:00,93412.81,93412.81,93403.84,93403.84,300,63,0
2026.03.12 15:55:00,93421.81,93421.81,93412.84,93412.84,300,63,0
2026.03.12 15:50:00,93430.81,93430.81,93421.84,93421.84,300,63,0
2026.03.12 15:45:00,93439.81,93439.81,93430.84,93430.84,300,63,0
2026.03.12 15:40:00,93448.81,93448.81,93439.84,93439.84,300,63,0
2026.03.12 15:35:00,93457.81,93457.81,93448.84,93448.84,300,63,0
2026.03.12 15:30:00,93466.81,93466.81,93457.84,93457.84,300,63,0
2026.03.12 15:25:00,93475.81,93475.81,93466.84,93466.84,300,63,0
2026.03.12 15:20:00,93484.81,93484.81,93475.84,93475.84,300,63,0
2026.03.12 15:15:00,93493.81,93493.81,93484.84,93484.84,300,63,0
2026.03.12 15:10:00,93502.81,93502.81,93493.84,93493.84,300,63,0
2026.03.12 15:05:00,93511.81,93511.81,93502.84,93502.84,300,63,0
2026.03.12 15:00:00,93520.81,93520.81,93511.84,93511.84,300,63,0
2026.03.12 14:55:00,93506.52,93522.37,93499.11,93520.84,300,63,0
2026.03.12 14:50:00,93485.39,93507.96,93480.41,93506.55,300,63,0
2026.03.12 14:45:00,93494.39,93494.39,93485.42,93485.42,300,63,0
2026.03.12 14:40:00,93503.39,93503.39,93494.42,93494.42,300,63,0
2026.03.12 14:35:00,93512.39,93512.39,93503.42,93503.42,300,63,0
2026.03.12 14:30:00,93521.39,93521.39,93512.42,93512.42,300,63,0
2026.03.12 14:25:00,93530.39,93530.39,93521.42,93521.42,300,63,0
2026.03.12 14:20:00,93539.39,93539.39,93530.42,93530.42,300,63,0
2026.03.12 14:15:00,93489.31,93543.47,93484.90,93539.42,300,63,0
2026.03.12 14:10:00,93457.09,93491.59,93451.12,93489.34,300,63,0
2026.03.12 14:05:00,93436.27,93457.33,93427.54,93457.12,300,63,0
2026.03.12 14:00:00,93445.27,93445.27,93436.30,93436.30,300,63,0
2026.03.12 13:55:00,93454.27,93454.27,93445.30,93445.30,300,63,0
2026.03.12 13:50:00,93463.27,93463.27,93454.30,93454.30,300,63,0
2026.03.12 13:45:00,93472.27,93472.27,93463.30,93463.30,300,63,0
2026.03.12 13:40:00,93455.83,93480.88,93455.47,93472.30,300,63,0
2026.03.12 13:35:00,93451.22,93456.97,93443.39,93455.86,300,63,0
2026.03.12 13:30:00,93460.22,93460.22,93451.25,93451.25,300,63,0
2026.03.12 13:25:00,93469.22,93469.22,93460.25,93460.25,300,63,0
2026.03.12 13:20:00,93478.22,93478.22,93469.25,93469.25,300,63,0
2026.03.12 13:15:00,93487.22,93487.22,93478.25,93478.25,300,63,0
2026.03.12 13:10:00,93496.22,93496.22,93487.25,93487.25,300,63,0
2026.03.12 13:05:00,93476.63,93498.92,93470.36,93496.25,300,63,0
2026.03.12 13:00:00,93485.63,93485.63,93476.66,93476.66,300,63,0
2026.03.12 12:55:00,93480.47,93492.74,93478.61,93485.66,300,63,0
2026.03.12 12:50:00,93489.47,93489.47,93480.50,93480.50,300,63,0
2026.03.12 12:45:00,93483.38,93495.65,93480.59,93489.50,300,63,0
2026.03.12 12:40:00,93473.07,93484.01,93464.73,93483.41,300,63,0
2026.03.12 12:35:00,93482.07,93482.07,93473.10,93473.10,300,63,0
2026.03.12 12:30:00,93491.07,93491.07,93482.10,93482.10,300,63,0
2026.03.12 12:25:00,93464.07,93494.58,93458.61,93491.10,300,63,0
2026.03.12 12:20:00,93473.07,93473.07,93464.10,93464.10,300,63,0
2026.03.12 12:15:00,93482.07,93482.07,93473.10,93473.10,300,63,0
2026.03.12 12:10:00,93466.83,93486.36,93462.15,93482.10,300,63,0
2026.03.12 12:05:00,93475.83,93475.83,93466.86,93466.86,300,63,0
2026.03.12 12:00:00,93464.42,93476.67,93456.29,93475.86,300,63,0
2026.03.12 11:55:00,93473.42,93473.42,93464.45,93464.45,300,63,0
2026.03.12 11:50:00,93482.42,93482.42,93473.45,93473.45,300,63,0
2026.03.12 11:45:00,93491.42,93491.42,93482.45,93482.45,300,63,0
2026.03.12 11:40:00,93476.97,93496.37,93472.95,93491.45,300,63,0
2026.03.12 11:35:00,93485.97,93485.97,93477.00,93477.00,300,63,0
2026.03.12 11:30:00,93494.97,93494.97,93486.00,93486.00,300,63,0
2026.03.12 11:25:00,93482.73,93498.09,93476.88,93495.00,300,63,0
2026.03.12 11:20:00,93491.73,93491.73,93482.76,93482.76,300,63,0
2026.03.12 11:15:00,93484.21,93496.50,93480.01,93491.76,300,63,0
2026.03.12 11:10:00,93493.21,93493.21,93484.24,93484.24,300,63,0
2026.03.12 11:05:00,93486.97,93499.03,93483.82,93493.24,300,63,0
2026.03.12 11:00:00,93495.97,93495.97,93487.00,93487.00,300,63,0
2026.03.12 10:55:00,93504.97,93504.97,93496.00,93496.00,300,63,0
2026.03.12 10:50:00,93513.97,93513.97,93505.00,93505.00,300,63,0
2026.03.12 10:45:00,93522.97,93522.97,93514.00,93514.00,300,63,0
2026.03.12 10:40:00,93531.97,93531.97,93523.00,93523.00,300,63,0
2026.03.12 10:35:00,93540.97,93540.97,93532.00,93532.00,300,63,0
2026.03.12 10:30:00,93537.04,93547.54,93534.64,93541.00,300,63,0
2026.03.12 10:25:00,93546.04,93546.04,93537.07,93537.07,300,63,0
2026.03.12 10:20:00,93555.04,93555.04,93546.07,93546.07,300,63,0
2026.03.12 10:15:00,93526.42,93558.58,93520.99,93555.07,300,63,0
2026.03.12 10:10:00,93535.42,93535.42,93526.45,93526.45,300,63,0
2026.03.12 10:05:00,93544.42,93544.42,93535.45,93535.45,300,63,0
2026.03.12 10:00:00,93540.68,93548.83,93536.12,93544.45,300,63,0
2026.03.12 09:55:00,93549.68,93549.68,93540.71,93540.71,300,63,0
2026.03.12 09:50:00,93558.68,93558.68,93549.71,93549.71,300,63,0
2026.03.12 09:45:00,93567.68,93567.68,93558.71,93558.71,300,63,0
2026.03.12 09:40:00,93576.68,93576.68,93567.71,93567.71,300,63,0
2026.03.12 09:35:00,93585.68,93585.68,93576.71,93576.71,300,63,0
2026.03.12 09:30:00,93594.68,93594.68,93585.71,93585.71,300,63,0
2026.03.12 09:25:00,93603.68,93603.68,93594.71,93594.71,300,63,0
2026.03.12 09:20:00,93612.68,93612.68,93603.71,93603.71,300,63,0
2026.03.12 09:15:00,93621.68,93621.68,93612.71,93612.71,300,63,0
2026.03.12 09:10:00,93630.68,93630.68,93621.71,93621.71,300,63,0
2026.03.12 09:05:00,93639.68,93639.68,93630.71,93630.71,300,63,0
2026.03.12 09:00:00,93624.04,93643.97,93619.36,93639.71,300,63,0
2026.03.12 08:55:00,93633.04,93633.04,93624.07,93624.07,300,63,0
2026.03.12 08:50:00,93642.04,93642.04,93633.07,93633.07,300,63,0
2026.03.12 08:45:00,93651.04,93651.04,93642.07,93642.07,300,63,0
2026.03.12 08:40:00,93660.04,93660.04,93651.07,93651.07,300,63,0
2026.03.12 08:35:00,93669.04,93669.04,93660.07,93660.07,300,63,0
2026.03.12 08:30:00,93641.41,93673.33,93636.73,93669.07,300,63,0
2026.03.12 08:25:00,93650.41,93650.41,93641.44,93641.44,300,63,0
2026.03.12 08:20:00,93625.04,93659.20,93624.86,93650.44,300,63,0
2026.03.12 08:15:00,93634.04,93634.04,93625.07,93625.07,300,63,0
2026.03.12 08:10:00,93643.04,93643.04,93634.07,93634.07,300,63,0
2026.03.12 08:05:00,93652.04,93652.04,93643.07,93643.07,300,63,0
2026.03.12 08:00:00,93661.04,93661.04,93652.07,93652.07,300,63,0
2026.03.12 07:55:00,93618.97,93662.72,93612.85,93661.07,300,63,0
2026.03.12 07:50:00,93627.97,93627.97,93619.00,93619.00,300,63,0
2026.03.12 07:45:00,93636.97,93636.97,93628.00,93628.00,300,63,0
2026.03.12 07:40:00,93645.97,93645.97,93637.00,93637.00,300,63,0
2026.03.12 07:35:00,93639.40,93650.08,93634.54,93646.00,300,63,0
2026.03.12 07:30:00,93648.40,93648.40,93639.43,93639.43,300,63,0
2026.03.12 07:25:00,93657.40,93657.40,93648.43,93648.43,300,63,0
2026.03.12 07:20:00,93666.40,93666.40,93657.43,93657.43,300,63,0
2026.03.12 07:15:00,93675.40,93675.40,93666.43,93666.43,300,63,0
2026.03.12 07:10:00,93649.02,93677.80,93642.45,93675.43,300,63,0
2026.03.12 07:05:00,93658.02,93658.02,93649.05,93649.05,300,63,0
2026.03.12 07:00:00,93653.46,93666.78,93653.25,93658.05,300,63,0
2026.03.12 06:55:00,93642.62,93662.16,93642.35,93653.49,300,63,0
2026.03.12 06:50:00,93651.62,93651.62,93642.65,93642.65,300,63,0
2026.03.12 06:45:00,93647.10,93656.27,93642.78,93651.65,300,63,0
2026.03.12 06:40:00,93624.68,93649.08,93623.93,93647.13,300,63,0
2026.03.12 06:35:00,93633.68,93633.68,93624.71,93624.71,300,63,0
2026.03.12 06:30:00,93642.68,93642.68,93633.71,93633.71,300,63,0
2026.03.12 06:25:00,93605.82,93645.89,93600.78,93642.71,300,63,0
2026.03.12 06:20:00,93614.82,93614.82,93605.85,93605.85,300,63,0
2026.03.12 06:15:00,93608.79,93620.79,93605.79,93614.85,300,63,0
2026.03.12 06:10:00,93602.10,93609.90,93594.24,93608.82,300,63,0
2026.03.12 06:05:00,93580.29,93610.95,93580.17,93602.13,300,63,0
2026.03.12 06:00:00,93589.29,93589.29,93580.32,93580.32,300,63,0
2026.03.12 05:55:00,93598.29,93598.29,93589.32,93589.32,300,63,0
2026.03.12 05:50:00,93607.29,93607.29,93598.32,93598.32,300,63,0
2026.03.12 05:45:00,93579.09,93614.43,93577.26,93607.32,300,63,0
2026.03.12 05:40:00,93588.09,93588.09,93579.12,93579.12,300,63,0
2026.03.12 05:35:00,93597.09,93597.09,93588.12,93588.12,300,63,0
2026.03.12 05:30:00,93606.09,93606.09,93597.12,93597.12,300,63,0
2026.03.12 05:25:00,93615.09,93615.09,93606.12,93606.12,300,63,0
2026.03.12 05:20:00,93624.09,93624.09,93615.12,93615.12,300,63,0
2026.03.12 05:15:00,93620.92,93625.38,93613.24,93624.12,300,63,0
2026.03.12 05:10:00,93612.75,93621.25,93604.11,93620.95,300,63,0
2026.03.12 05:05:00,93593.83,93620.43,93592.54,93612.78,300,63,0
2026.03.12 05:00:00,93602.83,93602.83,93593.86,93593.86,300,63,0
2026.03.12 04:55:00,93611.83,93611.83,93602.86,93602.86,300,63,0
2026.03.12 04:50:00,93595.72,93615.52,93590.44,93611.86,300,63,0
2026.03.12 04:45:00,93564.21,93599.56,93562.74,93595.75,300,63,0
2026.03.12 04:40:00,93573.21,93573.21,93564.24,93564.24,300,63,0
2026.03.12 04:35:00,93582.21,93582.21,93573.24,93573.24,300,63,0
2026.03.12 04:30:00,93591.21,93591.21,93582.24,93582.24,300,63,0
2026.03.12 04:25:00,93600.21,93600.21,93591.24,93591.24,300,63,0
2026.03.12 04:20:00,93609.21,93609.21,93600.24,93600.24,300,63,0
2026.03.12 04:15:00,93618.21,93618.21,93609.24,93609.24,300,63,0
2026.03.12 04:10:00,93627.21,93627.21,93618.24,93618.24,300,63,0
2026.03.12 04:05:00,93636.21,93636.21,93627.24,93627.24,300,63,0
2026.03.12 04:00:00,93616.30,93639.69,93610.81,93636.24,300,63,0
2026.03.12 03:55:00,93600.74,93621.79,93597.26,93616.33,300,63,0
2026.03.12 03:50:00,93595.17,93604.82,93590.28,93600.77,300,63,0
2026.03.12 03:45:00,93604.17,93604.17,93595.20,93595.20,300,63,0
2026.03.12 03:40:00,93538.09,93607.20,93533.68,93604.20,300,63,0
2026.03.12 03:35:00,93496.49,93539.35,93493.58,93538.12,300,63,0
2026.03.12 03:30:00,93505.49,93505.49,93496.52,93496.52,300,63,0
2026.03.12 03:25:00,93497.66,93511.91,93495.11,93505.52,300,63,0
2026.03.12 03:20:00,93506.66,93506.66,93497.69,93497.69,300,63,0
2026.03.12 03:15:00,93515.66,93515.66,93506.69,93506.69,300,63,0
2026.03.12 03:10:00,93524.66,93524.66,93515.69,93515.69,300,63,0
2026.03.12 03:05:00,93533.66,93533.66,93524.69,93524.69,300,63,0
2026.03.12 03:00:00,93542.66,93542.66,93533.69,93533.69,300,63,0
2026.03.12 02:55:00,93551.66,93551.66,93542.69,93542.69,300,63,0
2026.03.12 02:50:00,93560.66,93560.66,93551.69,93551.69,300,63,0
2026.03.12 02:45:00,93569.66,93569.66,93560.69,93560.69,300,63,0
2026.03.12 02:40:00,93549.72,93575.03,93546.12,93569.69,300,63,0
2026.03.12 02:35:00,93558.72,93558.72,93549.75,93549.75,300,63,0
2026.03.12 02:30:00,93567.72,93567.72,93558.75,93558.75,300,63,0
2026.03.12 02:25:00,93576.72,93576.72,93567.75,93567.75,300,63,0
2026.03.12 02:20:00,93585.72,93585.72,93576.75,93576.75,300,63,0
2026.03.12 02:15:00,93573.50,93589.41,93568.22,93585.75,300,63,0
2026.03.12 02:10:00,93582.50,93582.50,93573.53,93573.53,300,63,0
2026.03.12 02:05:00,93545.54,93583.46,93539.51,93582.53,300,63,0
2026.03.12 02:00:00,93554.54,93554.54,93545.57,93545.57,300,63,0
2026.03.12 01:55:00,93563.54,93563.54,93554.57,93554.57,300,63,0
2026.03.12 01:50:00,93572.54,93572.54,93563.57,93563.57,300,63,0
2026.03.12 01:45:00,93558.14,93581.18,93557.81,93572.57,300,63,0
2026.03.12 01:40:00,93544.14,93559.82,93536.85,93558.17,300,63,0
2026.03.12 01:35:00,93527.68,93551.97,93526.54,93544.17,300,63,0
2026.03.12 01:30:00,93536.68,93536.68,93527.71,93527.71,300,63,0
2026.03.12 01:25:00,93527.72,93544.45,93526.52,93536.71,300,63,0
2026.03.12 01:20:00,93491.95,93528.14,93490.54,93527.75,300,63,0
2026.03.12 01:15:00,93471.33,93500.89,93471.30,93491.98,259,63,0
2026.03.12 01:10:00,93433.86,93474.75,93429.84,93471.36,300,63,0
2026.03.12 01:05:00,93442.86,93442.86,93433.89,93433.89,300,63,0
2026.03.12 01:00:00,93428.28,93450.75,93427.20,93442.89,300,63,0
2026.03.12 00:55:00,93380.03,93431.70,93374.72,93428.31,300,63,0
2026.03.12 00:50:00,93389.03,93389.03,93380.06,93380.06,300,63,0
2026.03.12 00:45:00,93384.55,93397.97,93384.52,93389.06,300,63,0
2026.03.12 00:40:00,93393.55,93393.55,93384.58,93384.58,300,63,0
2026.03.12 00:35:00,93402.55,93402.55,93393.58,93393.58,300,63,0
2026.03.12 00:30:00,93411.55,93411.55,93402.58,93402.58,300,63,0
2026.03.12 00:25:00,93420.55,93420.55,93411.58,93411.58,300,63,0
2026.03.12 00:20:00,93416.31,93427.39,93414.18,93420.58,300,63,0
2026.03.12 00:15:00,93425.31,93425.31,93416.34,93416.34,300,63,0
2026.03.12 00:10:00,93434.31,93434.31,93425.34,93425.34,300,63,0
2026.03.12 00:05:00,93443.31,93443.31,93434.34,93434.34,300,63,0
2026.03.12 00:00:00,93452.31,93452.31,93443.34,93443.34,300,63,0
2026.03.11 23:55:00,93461.31,93461.31,93452.34,93452.34,300,63,0
2026.03.11 23:50:00,93470.31,93470.31,93461.34,93461.34,300,63,0
2026.03.11 23:45:00,93454.77,93475.35,93450.84,93470.34,300,63,0
2026.03.11 23:40:00,93463.77,93463.77,93454.80,93454.80,300,63,0
2026.03.11 23:35:00,93472.77,93472.77,93463.80,93463.80,300,63,0
2026.03.11 23:30:00,93481.77,93481.77,93472.80,93472.80,300,63,0
2026.03.11 23:25:00,93490.77,93490.77,93481.80,93481.80,300,63,0
2026.03.11 23:20:00,93499.77,93499.77,93490.80,93490.80,300,63,0
2026.03.11 23:15:00,93508.77,93508.77,93499.80,93499.80,300,63,0
2026.03.11 23:10:00,93517.77,93517.77,93508.80,93508.80,300,63,0
2026.03.11 23:05:00,93526.77,93526.77,93517.80,93517.80,300,63,0
2026.03.11 23:00:00,93535.77,93535.77,93526.80,93526.80,300,63,0
2026.03.11 22:55:00,93544.77,93544.77,93535.80,93535.80,300,63,0
2026.03.11 22:50:00,93531.85,93548.67,93526.78,93544.80,300,63,0
2026.03.11 22:45:00,93525.58,93538.75,93523.51,93531.88,300,63,0
2026.03.11 22:40:00,93534.58,93534.58,93525.61,93525.61,300,63,0
2026.03.11 22:35:00,93527.95,93540.04,93524.44,93534.61,300,63,0
2026.03.11 22:30:00,93536.95,93536.95,93527.98,93527.98,300,63,0
2026.03.11 22:25:00,93545.95,93545.95,93536.98,93536.98,300,63,0
2026.03.11 22:20:00,93554.95,93554.95,93545.98,93545.98,300,63,0
2026.03.11 22:15:00,93563.95,93563.95,93554.98,93554.98,300,63,0
2026.03.11 22:10:00,93573.01,93573.01,93563.98,93563.98,302,63,0
2026.03.11 22:05:00,93581.95,93581.95,93573.04,93573.04,298,63,0
2026.03.11 22:00:00,93590.95,93590.95,93581.98,93581.98,300,63,0
2026.03.11 21:55:00,93577.00,93598.87,93575.95,93590.98,300,63,0
2026.03.11 21:50:00,93553.78,93578.47,93546.28,93577.03,300,63,0
2026.03.11 21:45:00,93528.81,93556.66,93522.72,93553.81,300,63,0
2026.03.11 21:40:00,93537.81,93537.81,93528.84,93528.84,300,63,0
2026.03.11 21:35:00,93515.48,93546.39,93515.09,93537.84,300,63,0
2026.03.11 21:30:00,93524.48,93524.48,93515.51,93515.51,300,63,0
2026.03.11 21:25:00,93511.43,93529.10,93507.08,93524.51,300,63,0
2026.03.11 21:20:00,93520.43,93520.43,93511.46,93511.46,300,63,0
2026.03.11 21:15:00,93529.43,93529.43,93520.46,93520.46,300,63,0
2026.03.11 21:10:00,93538.43,93538.43,93529.46,93529.46,300,63,0
2026.03.11 21:05:00,93547.43,93547.43,93538.46,93538.46,300,63,0
2026.03.11 21:00:00,93543.03,93549.05,93535.68,93547.46,300,63,0
2026.03.11 20:55:00,93511.56,93544.71,93504.27,93543.06,300,63,0
2026.03.11 20:50:00,93520.56,93520.56,93511.59,93511.59,300,63,0
2026.03.11 20:45:00,93529.56,93529.56,93520.59,93520.59,300,63,0
2026.03.11 20:40:00,93538.56,93538.56,93529.59,93529.59,300,63,0
2026.03.11 20:35:00,93547.56,93547.56,93538.59,93538.59,300,63,0
2026.03.11 20:30:00,93556.56,93556.56,93547.59,93547.59,300,63,0
2026.03.11 20:25:00,93565.56,93565.56,93556.59,93556.59,300,63,0
2026.03.11 20:20:00,93574.56,93574.56,93565.59,93565.59,300,63,0
2026.03.11 20:15:00,93583.56,93583.56,93574.59,93574.59,300,63,0
2026.03.11 20:10:00,93592.56,93592.56,93583.59,93583.59,300,63,0
2026.03.11 20:05:00,93601.56,93601.56,93592.59,93592.59,300,63,0
2026.03.11 20:00:00,93610.56,93610.56,93601.59,93601.59,300,63,0
2026.03.11 19:55:00,93619.56,93619.56,93610.59,93610.59,300,63,0
2026.03.11 19:50:00,93628.56,93628.56,93619.59,93619.59,300,63,0
2026.03.11 19:45:00,93637.56,93637.56,93628.59,93628.59,300,63,0
2026.03.11 19:40:00,93646.56,93646.56,93637.59,93637.59,300,63,0
2026.03.11 19:35:00,93655.56,93655.56,93646.59,93646.59,300,63,0
2026.03.11 19:30:00,93664.56,93664.56,93655.59,93655.59,300,63,0
2026.03.11 19:25:00,93645.31,93672.27,93644.05,93664.59,300,63,0
2026.03.11 19:20:00,93654.31,93654.31,93645.34,93645.34,300,63,0
2026.03.11 19:15:00,93663.31,93663.31,93654.34,93654.34,300,63,0
2026.03.11 19:10:00,93672.31,93672.31,93663.34,93663.34,300,63,0
2026.03.11 19:05:00,93681.31,93681.31,93672.34,93672.34,300,63,0
2026.03.11 19:00:00,93690.31,93690.31,93681.34,93681.34,300,63,0
2026.03.11 18:55:00,93669.89,93693.10,93663.71,93690.34,300,63,0
2026.03.11 18:50:00,93678.89,93678.89,93669.92,93669.92,300,63,0
2026.03.11 18:45:00,93687.89,93687.89,93678.92,93678.92,300,63,0
2026.03.11 18:40:00,93696.89,93696.89,93687.92,93687.92,300,63,0
2026.03.11 18:35:00,93705.89,93705.89,93696.92,93696.92,300,63,0
2026.03.11 18:30:00,93714.89,93714.89,93705.92,93705.92,300,63,0
2026.03.11 18:25:00,93687.92,93721.37,93685.43,93714.92,300,63,0
2026.03.11 18:20:00,93696.92,93696.92,93687.95,93687.95,300,63,0
2026.03.11 18:15:00,93705.92,93705.92,93696.95,93696.95,300,63,0
2026.03.11 18:10:00,93686.25,93714.02,93685.38,93705.95,300,63,0
2026.03.11 18:05:00,93695.25,93695.25,93686.28,93686.28,300,63,0
2026.03.11 18:00:00,93704.25,93704.25,93695.28,93695.28,300,63,0
2026.03.11 17:55:00,93713.25,93713.25,93704.28,93704.28,300,63,0
2026.03.11 17:50:00,93688.27,93715.68,93681.73,93713.28,300,63,0
2026.03.11 17:45:00,93697.27,93697.27,93688.30,93688.30,300,63,0
2026.03.11 17:40:00,93706.27,93706.27,93697.30,93697.30,300,63,0
2026.03.11 17:35:00,93715.27,93715.27,93706.30,93706.30,300,63,0
2026.03.11 17:30:00,93724.27,93724.27,93715.30,93715.30,300,63,0
2026.03.11 17:25:00,93733.27,93733.27,93724.30,93724.30,300,63,0
2026.03.11 17:20:00,93742.27,93742.27,93733.30,93733.30,300,63,0
2026.03.11 17:15:00,93678.00,93743.20,93674.67,93742.30,300,63,0
2026.03.11 17:10:00,93687.00,93687.00,93678.03,93678.03,300,63,0
2026.03.11 17:05:00,93696.00,93696.00,93687.03,93687.03,300,63,0
2026.03.11 17:00:00,93705.00,93705.00,93696.03,93696.03,300,63,0
2026.03.11 16:55:00,93714.00,93714.00,93705.03,93705.03,300,63,0
2026.03.11 16:50:00,93723.00,93723.00,93714.03,93714.03,300,63,0
2026.03.11 16:45:00,93732.00,93732.00,93723.03,93723.03,300,63,0
2026.03.11 16:40:00,93741.00,93741.00,93732.03,93732.03,300,63,0
2026.03.11 16:35:00,93750.00,93750.00,93741.03,93741.03,300,63,0
2026.03.11 16:30:00,93728.74,93753.21,93722.98,93750.03,300,63,0
2026.03.11 16:25:00,93704.10,93734.80,93701.19,93728.77,300,63,0
2026.03.11 16:20:00,93713.10,93713.10,93704.13,93704.13,300,63,0
2026.03.11 16:15:00,93722.10,93722.10,93713.13,93713.13,300,63,0
2026.03.11 16:10:00,93731.10,93731.10,93722.13,93722.13,300,63,0
2026.03.11 16:05:00,93740.10,93740.10,93731.13,93731.13,300,63,0
2026.03.11 16:00:00,93731.41,93748.77,93731.11,93740.13,300,63,0
2026.03.11 15:55:00,93722.47,93739.54,93721.63,93731.44,300,63,0
2026.03.11 15:50:00,93731.47,93731.47,93722.50,93722.50,300,63,0
2026.03.11 15:45:00,93686.25,93732.49,93683.70,93731.50,300,63,0
2026.03.11 15:40:00,93669.91,93687.63,93662.32,93686.28,300,63,0
2026.03.11 15:35:00,93678.91,93678.91,93669.94,93669.94,300,63,0
2026.03.11 15:30:00,93687.91,93687.91,93678.94,93678.94,300,63,0
2026.03.11 15:25:00,93654.75,93688.72,93653.70,93687.94,300,63,0
2026.03.11 15:20:00,93663.75,93663.75,93654.78,93654.78,300,63,0
2026.03.11 15:15:00,93672.75,93672.75,93663.78,93663.78,300,63,0
2026.03.11 15:10:00,93681.75,93681.75,93672.78,93672.78,300,63,0
2026.03.11 15:05:00,93690.75,93690.75,93681.78,93681.78,300,63,0
2026.03.11 15:00:00,93662.32,93695.34,93657.94,93690.78,300,63,0
2026.03.11 14:55:00,93671.32,93671.32,93662.35,93662.35,300,63,0
2026.03.11 14:50:00,93680.32,93680.32,93671.35,93671.35,300,63,0
2026.03.11 14:45:00,93689.32,93689.32,93680.35,93680.35,300,63,0
2026.03.11 14:40:00,93684.85,93693.61,93680.17,93689.35,300,63,0
2026.03.11 14:35:00,93693.85,93693.85,93684.88,93684.88,300,63,0
2026.03.11 14:30:00,93702.85,93702.85,93693.88,93693.88,300,63,0
2026.03.11 14:25:00,93711.85,93711.85,93702.88,93702.88,300,63,0
2026.03.11 14:20:00,93720.85,93720.85,93711.88,93711.88,300,63,0
2026.03.11 14:15:00,93729.85,93729.85,93720.88,93720.88,300,63,0
2026.03.11 14:10:00,93738.85,93738.85,93729.88,93729.88,300,63,0
2026.03.11 14:05:00,93732.67,93739.54,93724.39,93738.88,300,63,0
2026.03.11 14:00:00,93707.35,93735.10,93704.65,93732.70,300,63,0
2026.03.11 13:55:00,93641.22,93714.25,93640.35,93707.38,300,63,0
2026.03.11 13:50:00,93650.22,93650.22,93641.25,93641.25,300,63,0
2026.03.11 13:45:00,93659.22,93659.22,93650.25,93650.25,300,63,0
2026.03.11 13:40:00,93668.22,93668.22,93659.25,93659.25,300,63,0
2026.03.11 13:35:00,93677.22,93677.22,93668.25,93668.25,300,63,0
2026.03.11 13:30:00,93667.83,93677.73,93659.37,93677.25,300,63,0
2026.03.11 13:25:00,93676.83,93676.83,93667.86,93667.86,300,63,0
2026.03.11 13:20:00,93685.83,93685.83,93676.86,93676.86,300,63,0
2026.03.11 13:15:00,93694.83,93694.83,93685.86,93685.86,300,63,0
2026.03.11 13:10:00,93703.83,93703.83,93694.86,93694.86,300,63,0
2026.03.11 13:05:00,93690.88,93711.48,93689.56,93703.86,300,63,0
2026.03.11 13:00:00,93699.88,93699.88,93690.91,93690.91,300,63,0
2026.03.11 12:55:00,93672.50,93700.63,93668.48,93699.91,300,63,0
2026.03.11 12:50:00,93661.21,93678.74,93658.48,93672.53,300,63,0
2026.03.11 12:45:00,93670.21,93670.21,93661.24,93661.24,300,63,0
2026.03.11 12:40:00,93679.21,93679.21,93670.24,93670.24,300,63,0
2026.03.11 12:35:00,93688.21,93688.21,93679.24,93679.24,300,63,0
2026.03.11 12:30:00,93697.21,93697.21,93688.24,93688.24,300,63,0
2026.03.11 12:25:00,93660.95,93704.74,93659.54,93697.24,300,63,0
2026.03.11 12:20:00,93669.95,93669.95,93660.98,93660.98,300,63,0
2026.03.11 12:15:00,93678.95,93678.95,93669.98,93669.98,300,63,0
2026.03.11 12:10:00,93687.95,93687.95,93678.98,93678.98,300,63,0
2026.03.11 12:05:00,93696.95,93696.95,93687.98,93687.98,300,63,0
2026.03.11 12:00:00,93705.95,93705.95,93696.98,93696.98,300,63,0
2026.03.11 11:55:00,93714.95,93714.95,93705.98,93705.98,300,63,0
2026.03.11 11:50:00,93723.95,93723.95,93714.98,93714.98,300,63,0
2026.03.11 11:45:00,93711.26,93725.12,93703.46,93723.98,300,63,0
2026.03.11 11:40:00,93720.26,93720.26,93711.29,93711.29,300,63,0
2026.03.11 11:35:00,93729.26,93729.26,93720.29,93720.29,300,63,0
2026.03.11 11:30:00,93738.26,93738.26,93729.29,93729.29,300,63,0
2026.03.11 11:25:00,93747.26,93747.26,93738.29,93738.29,300,63,0
2026.03.11 11:20:00,93756.26,93756.26,93747.29,93747.29,300,63,0
2026.03.11 11:15:00,93765.26,93765.26,93756.29,93756.29,300,63,0
2026.03.11 11:10:00,93739.22,93773.90,93738.89,93765.29,300,63,0
2026.03.11 11:05:00,93748.22,93748.22,93739.25,93739.25,300,63,0
2026.03.11 11:00:00,93757.22,93757.22,93748.25,93748.25,300,63,0
2026.03.11 10:55:00,93753.76,93763.91,93751.48,93757.25,300,63,0
2026.03.11 10:50:00,93734.11,93758.14,93729.52,93753.79,300,63,0
2026.03.11 10:45:00,93743.11,93743.11,93734.14,93734.14,300,63,0
2026.03.11 10:40:00,93733.07,93748.09,93729.08,93743.14,300,63,0
2026.03.11 10:35:00,93712.54,93741.59,93712.09,93733.10,300,63,0
2026.03.11 10:30:00,93721.54,93721.54,93712.57,93712.57,300,63,0
2026.03.11 10:25:00,93712.52,93726.94,93708.95,93721.57,300,63,0
2026.03.11 10:20:00,93721.52,93721.52,93712.55,93712.55,300,63,0
2026.03.11 10:15:00,93730.52,93730.52,93721.55,93721.55,300,63,0
2026.03.11 10:10:00,93739.52,93739.52,93730.55,93730.55,300,63,0
2026.03.11 10:05:00,93748.52,93748.52,93739.55,93739.55,300,63,0
2026.03.11 10:00:00,93757.52,93757.52,93748.55,93748.55,300,63,0
2026.03.11 09:55:00,93734.31,93761.51,93729.33,93757.55,300,63,0
2026.03.11 09:50:00,93743.31,93743.31,93734.34,93734.34,300,63,0
2026.03.11 09:45:00,93731.94,93751.68,93731.34,93743.34,300,63,0
2026.03.11 09:40:00,93740.94,93740.94,93731.97,93731.97,300,63,0
2026.03.11 09:35:00,93749.94,93749.94,93740.97,93740.97,300,63,0
2026.03.11 09:30:00,93732.76,93751.17,93725.02,93749.97,300,63,0
2026.03.11 09:25:00,93741.76,93741.76,93732.79,93732.79,300,63,0
2026.03.11 09:20:00,93750.76,93750.76,93741.79,93741.79,300,63,0
2026.03.11 09:15:00,93709.20,93751.36,93706.50,93750.79,300,63,0
2026.03.11 09:10:00,93718.20,93718.20,93709.23,93709.23,300,63,0
2026.03.11 09:05:00,93727.20,93727.20,93718.23,93718.23,300,63,0
2026.03.11 09:00:00,93736.20,93736.20,93727.23,93727.23,300,63,0
2026.03.11 08:55:00,93722.69,93742.35,93719.87,93736.23,300,63,0
2026.03.11 08:50:00,93731.69,93731.69,93722.72,93722.72,300,63,0
2026.03.11 08:45:00,93740.69,93740.69,93731.72,93731.72,300,63,0
2026.03.11 08:40:00,93706.03,93747.17,93703.54,93740.72,300,63,0
2026.03.11 08:35:00,93715.03,93715.03,93706.06,93706.06,300,63,0
2026.03.11 08:30:00,93702.22,93715.81,93694.03,93715.06,300,63,0
2026.03.11 08:25:00,93711.22,93711.22,93702.25,93702.25,300,63,0
2026.03.11 08:20:00,93690.36,93711.97,93682.14,93711.25,300,63,0
2026.03.11 08:15:00,93699.36,93699.36,93690.39,93690.39,300,63,0
2026.03.11 08:10:00,93708.36,93708.36,93699.39,93699.39,300,63,0
2026.03.11 08:05:00,93717.36,93717.36,93708.39,93708.39,300,63,0
2026.03.11 08:00:00,93661.46,93718.08,93654.71,93717.39,300,63,0
2026.03.11 07:55:00,93670.46,93670.46,93661.49,93661.49,300,63,0
2026.03.11 07:50:00,93679.46,93679.46,93670.49,93670.49,300,63,0
2026.03.11 07:45:00,93688.46,93688.46,93679.49,93679.49,300,63,0
2026.03.11 07:40:00,93681.79,93691.13,93675.49,93688.49,300,63,0
2026.03.11 07:35:00,93690.79,93690.79,93681.82,93681.82,300,63,0
2026.03.11 07:30:00,93699.79,93699.79,93690.82,93690.82,300,63,0
2026.03.11 07:25:00,93708.79,93708.79,93699.82,93699.82,300,63,0
2026.03.11 07:20:00,93717.79,93717.79,93708.82,93708.82,300,63,0
2026.03.11 07:15:00,93726.79,93726.79,93717.82,93717.82,300,63,0
2026.03.11 07:10:00,93735.79,93735.79,93726.82,93726.82,300,63,0
2026.03.11 07:05:00,93744.79,93744.79,93735.82,93735.82,300,63,0
2026.03.11 07:00:00,93687.85,93746.05,93685.36,93744.82,300,63,0
2026.03.11 06:55:00,93682.50,93689.17,93674.85,93687.88,300,63,0
2026.03.11 06:50:00,93691.50,93691.50,93682.53,93682.53,300,63,0
2026.03.11 06:45:00,93684.24,93697.47,93681.24,93691.53,300,63,0
2026.03.11 06:40:00,93693.24,93693.24,93684.27,93684.27,300,63,0
2026.03.11 06:35:00,93702.24,93702.24,93693.27,93693.27,300,63,0
2026.03.11 06:30:00,93711.24,93711.24,93702.27,93702.27,300,63,0
2026.03.11 06:25:00,93720.24,93720.24,93711.27,93711.27,300,63,0
2026.03.11 06:20:00,93729.24,93729.24,93720.27,93720.27,300,63,0
2026.03.11 06:15:00,93738.24,93738.24,93729.27,93729.27,300,63,0
2026.03.11 06:10:00,93675.81,93740.46,93673.65,93738.27,300,63,0
2026.03.11 06:05:00,93666.59,93682.74,93664.55,93675.84,300,63,0
2026.03.11 06:00:00,93675.59,93675.59,93666.62,93666.62,300,63,0
2026.03.11 05:55:00,93684.59,93684.59,93675.62,93675.62,300,63,0
2026.03.11 05:50:00,93693.59,93693.59,93684.62,93684.62,300,63,0
2026.03.11 05:45:00,93677.29,93701.39,93676.12,93693.62,300,63,0
2026.03.11 05:40:00,93686.29,93686.29,93677.32,93677.32,300,63,0
2026.03.11 05:35:00,93695.29,93695.29,93686.32,93686.32,300,63,0
2026.03.11 05:30:00,93689.08,93696.04,93680.86,93695.32,300,63,0
2026.03.11 05:25:00,93657.55,93690.19,93655.54,93689.11,300,63,0
2026.03.11 05:20:00,93666.55,93666.55,93657.58,93657.58,300,63,0
2026.03.11 05:15:00,93675.55,93675.55,93666.58,93666.58,300,63,0
2026.03.11 05:10:00,93684.55,93684.55,93675.58,93675.58,300,63,0
2026.03.11 05:05:00,93693.55,93693.55,93684.58,93684.58,300,63,0
2026.03.11 05:00:00,93702.55,93702.55,93693.58,93693.58,300,63,0
2026.03.11 04:55:00,93711.55,93711.55,93702.58,93702.58,300,63,0
2026.03.11 04:50:00,93707.31,93713.86,93700.65,93711.58,300,63,0
2026.03.11 04:45:00,93643.76,93709.68,93638.75,93707.34,300,63,0
2026.03.11 04:40:00,93652.76,93652.76,93643.79,93643.79,300,63,0
2026.03.11 04:35:00,93661.76,93661.76,93652.79,93652.79,300,63,0
2026.03.11 04:30:00,93670.76,93670.76,93661.79,93661.79,300,63,0
2026.03.11 04:25:00,93679.76,93679.76,93670.79,93670.79,300,63,0
2026.03.11 04:20:00,93688.76,93688.76,93679.79,93679.79,300,63,0
2026.03.11 04:15:00,93697.76,93697.76,93688.79,93688.79,300,63,0
2026.03.11 04:10:00,93706.76,93706.76,93697.79,93697.79,300,63,0
2026.03.11 04:05:00,93699.26,93713.63,93697.16,93706.79,300,63,0
2026.03.11 04:00:00,93708.26,93708.26,93699.29,93699.29,300,63,0
2026.03.11 03:55:00,93717.26,93717.26,93708.29,93708.29,300,63,0
2026.03.11 03:50:00,93726.26,93726.26,93717.29,93717.29,300,63,0
2026.03.11 03:45:00,93735.26,93735.26,93726.29,93726.29,300,63,0
2026.03.11 03:40:00,93744.26,93744.26,93735.29,93735.29,300,63,0
2026.03.11 03:35:00,93720.35,93747.35,93714.47,93744.29,300,63,0
2026.03.11 03:30:00,93692.92,93728.33,93691.93,93720.38,300,63,0
2026.03.11 03:25:00,93701.92,93701.92,93692.95,93692.95,300,63,0
2026.03.11 03:20:00,93683.61,93704.98,93677.70,93701.95,300,63,0
2026.03.11 03:15:00,93692.61,93692.61,93683.64,93683.64,300,63,0
2026.03.11 03:10:00,93701.61,93701.61,93692.64,93692.64,300,63,0
2026.03.11 03:05:00,93710.61,93710.61,93701.64,93701.64,300,63,0
2026.03.11 03:00:00,93719.61,93719.61,93710.64,93710.64,300,63,0
2026.03.11 02:55:00,93728.61,93728.61,93719.64,93719.64,300,63,0
2026.03.11 02:50:00,93737.61,93737.61,93728.64,93728.64,300,63,0
2026.03.11 02:45:00,93746.61,93746.61,93737.64,93737.64,300,63,0
2026.03.11 02:40:00,93710.64,93748.41,93703.47,93746.64,300,63,0
2026.03.11 02:35:00,93719.64,93719.64,93710.67,93710.67,300,63,0
2026.03.11 02:30:00,93728.64,93728.64,93719.67,93719.67,300,63,0
2026.03.11 02:25:00,93737.64,93737.64,93728.67,93728.67,300,63,0
2026.03.11 02:20:00,93746.64,93746.64,93737.67,93737.67,300,63,0
2026.03.11 02:15:00,93755.64,93755.64,93746.67,93746.67,300,63,0
2026.03.11 02:10:00,93764.64,93764.64,93755.67,93755.67,300,63,0
2026.03.11 02:05:00,93773.64,93773.64,93764.67,93764.67,300,63,0
2026.03.11 02:00:00,93782.64,93782.64,93773.67,93773.67,300,63,0
2026.03.11 01:55:00,93754.42,93784.05,93750.34,93782.67,300,63,0
2026.03.11 01:50:00,93746.55,93755.65,93738.81,93754.45,300,63,0
2026.03.11 01:45:00,93755.55,93755.55,93746.58,93746.58,300,63,0
2026.03.11 01:40:00,93764.55,93764.55,93755.58,93755.58,300,63,0
2026.03.11 01:35:00,93773.55,93773.55,93764.58,93764.58,300,63,0
2026.03.11 01:30:00,93739.78,93774.87,93732.13,93773.58,300,63,0
2026.03.11 01:25:00,93748.78,93748.78,93739.81,93739.81,300,63,0
2026.03.11 01:20:00,93757.78,93757.78,93748.81,93748.81,300,63,0
2026.03.11 01:15:00,93749.92,93763.24,93746.41,93757.81,300,63,0
2026.03.11 01:10:00,93737.13,93751.66,93729.90,93749.95,300,63,0
2026.03.11 01:05:00,93746.13,93746.13,93737.16,93737.16,300,63,0
2026.03.11 01:00:00,93755.13,93755.13,93746.16,93746.16,300,63,0
2026.03.11 00:55:00,93728.72,93761.07,93725.69,93755.16,300,63,0
2026.03.11 00:50:00,93737.72,93737.72,93728.75,93728.75,300,63,0
2026.03.11 00:45:00,93746.72,93746.72,93737.75,93737.75,300,63,0
2026.03.11 00:40:00,93755.72,93755.72,93746.75,93746.75,300,63,0
2026.03.11 00:35:00,93764.72,93764.72,93755.75,93755.75,300,63,0
2026.03.11 00:30:00,93745.03,93770.18,93741.52,93764.75,300,63,0
2026.03.11 00:25:00,93754.03,93754.03,93745.06,93745.06,300,63,0
2026.03.11 00:20:00,93763.03,93763.03,93754.06,93754.06,300,63,0
2026.03.11 00:15:00,93772.03,93772.03,93763.06,93763.06,300,63,0
2026.03.11 00:10:00,93752.97,93780.43,93752.40,93772.06,300,63,0
2026.03.11 00:05:00,93749.02,93754.38,93741.46,93753.00,300,63,0
2026.03.11 00:00:00,93758.02,93758.02,93749.05,93749.05,300,63,0
2026.03.10 23:55:00,93754.96,93765.34,93753.31,93758.05,300,63,0
2026.03.10 23:50:00,93763.96,93763.96,93754.99,93754.99,300,63,0
2026.03.10 23:45:00,93757.46,93771.49,93756.02,93763.99,300,63,0
2026.03.10 23:40:00,93766.46,93766.46,93757.49,93757.49,300,63,0
2026.03.10 23:35:00,93758.68,93766.85,93750.10,93766.49,300,63,0
2026.03.10 23:30:00,93767.68,93767.68,93758.71,93758.71,300,63,0
2026.03.10 23:25:00,93776.68,93776.68,93767.71,93767.71,300,63,0
2026.03.10 23:20:00,93763.34,93778.12,93755.81,93776.71,300,63,0
2026.03.10 23:15:00,93772.34,93772.34,93763.37,93763.37,300,63,0
2026.03.10 23:10:00,93762.16,93776.51,93757.36,93772.37,300,63,0
2026.03.10 23:05:00,93771.16,93771.16,93762.19,93762.19,300,63,0
2026.03.10 23:00:00,93780.16,93780.16,93771.19,93771.19,300,63,0
2026.03.10 22:55:00,93789.16,93789.16,93780.19,93780.19,300,63,0
2026.03.10 22:50:00,93798.16,93798.16,93789.19,93789.19,300,63,0
2026.03.10 22:45:00,93759.01,93802.27,93756.88,93798.19,300,63,0
2026.03.10 22:40:00,93768.01,93768.01,93759.04,93759.04,300,63,0
2026.03.10 22:35:00,93777.01,93777.01,93768.04,93768.04,300,63,0
2026.03.10 22:30:00,93786.01,93786.01,93777.04,93777.04,300,63,0
2026.03.10 22:25:00,93795.01,93795.01,93786.04,93786.04,300,63,0
2026.03.10 22:20:00,93772.47,93798.55,93767.04,93795.04,300,63,0
2026.03.10 22:15:00,93781.47,93781.47,93772.50,93772.50,300,63,0
2026.03.10 22:10:00,93733.61,93787.74,93731.03,93781.50,300,63,0
2026.03.10 22:05:00,93742.61,93742.61,93733.64,93733.64,300,63,0
2026.03.10 22:00:00,93751.61,93751.61,93742.64,93742.64,300,63,0
2026.03.10 21:55:00,93760.61,93760.61,93751.64,93751.64,300,63,0
2026.03.10 21:50:00,93704.55,93761.78,93700.59,93760.64,300,63,0
2026.03.10 21:45:00,93713.55,93713.55,93704.58,93704.58,300,63,0
2026.03.10 21:40:00,93722.55,93722.55,93713.58,93713.58,300,63,0
2026.03.10 21:35:00,93731.55,93731.55,93722.58,93722.58,300,63,0
2026.03.10 21:30:00,93740.55,93740.55,93731.58,93731.58,300,63,0
2026.03.10 21:25:00,93749.55,93749.55,93740.58,93740.58,300,63,0
2026.03.10 21:20:00,93758.55,93758.55,93749.58,93749.58,300,63,0
2026.03.10 21:15:00,93743.37,93766.35,93742.20,93758.58,300,63,0
2026.03.10 21:10:00,93752.37,93752.37,93743.40,93743.40,300,63,0
2026.03.10 21:05:00,93737.51,93753.75,93729.92,93752.40,300,63,0
2026.03.10 21:00:00,93746.51,93746.51,93737.54,93737.54,300,63,0
2026.03.10 20:55:00,93755.51,93755.51,93746.54,93746.54,300,63,0
2026.03.10 20:50:00,93764.51,93764.51,93755.54,93755.54,300,63,0
2026.03.10 20:45:00,93752.84,93771.14,93750.50,93764.54,300,63,0
2026.03.10 20:40:00,93761.84,93761.84,93752.87,93752.87,300,63,0
2026.03.10 20:35:00,93744.85,93762.32,93736.36,93761.87,300,63,0
2026.03.10 20:30:00,93728.52,93746.92,93721.62,93744.88,300,63,0
2026.03.10 20:25:00,93737.52,93737.52,93728.55,93728.55,300,63,0
2026.03.10 20:20:00,93746.52,93746.52,93737.55,93737.55,300,63,0
2026.03.10 20:15:00,93727.08,93754.71,93726.30,93746.55,300,63,0
2026.03.10 20:10:00,93736.08,93736.08,93727.11,93727.11,300,63,0
2026.03.10 20:05:00,93722.14,93738.60,93715.69,93736.11,300,63,0
2026.03.10 20:00:00,93731.14,93731.14,93722.17,93722.17,300,63,0
2026.03.10 19:55:00,93697.29,93736.84,93694.02,93731.17,300,63,0
2026.03.10 19:50:00,93706.29,93706.29,93697.32,93697.32,300,63,0
2026.03.10 19:45:00,93715.29,93715.29,93706.32,93706.32,300,63,0
2026.03.10 19:40:00,93724.29,93724.29,93715.32,93715.32,300,63,0
2026.03.10 19:35:00,93733.29,93733.29,93724.32,93724.32,300,63,0
2026.03.10 19:30:00,93742.29,93742.29,93733.32,93733.32,300,63,0
2026.03.10 19:25:00,93751.29,93751.29,93742.32,93742.32,300,63,0
2026.03.10 19:20:00,93708.73,93752.67,93705.10,93751.32,300,63,0
2026.03.10 19:15:00,93717.73,93717.73,93708.76,93708.76,300,63,0
2026.03.10 19:10:00,93726.73,93726.73,93717.76,93717.76,300,63,0
2026.03.10 19:05:00,93735.73,93735.73,93726.76,93726.76,300,63,0
2026.03.10 19:00:00,93724.00,93739.75,93719.05,93735.76,300,63,0
2026.03.10 18:55:00,93709.44,93731.41,93707.88,93724.03,300,63,0
2026.03.10 18:50:00,93718.44,93718.44,93709.47,93709.47,300,63,0
2026.03.10 18:45:00,93727.44,93727.44,93718.47,93718.47,300,63,0
2026.03.10 18:40:00,93736.44,93736.44,93727.47,93727.47,300,63,0
2026.03.10 18:35:00,93745.44,93745.44,93736.47,93736.47,300,63,0
2026.03.10 18:30:00,93754.44,93754.44,93745.47,93745.47,300,63,0
2026.03.10 18:25:00,93763.44,93763.44,93754.47,93754.47,300,63,0
2026.03.10 18:20:00,93772.44,93772.44,93763.47,93763.47,300,63,0
2026.03.10 18:15:00,93781.44,93781.44,93772.47,93772.47,300,63,0
2026.03.10 18:10:00,93790.44,93790.44,93781.47,93781.47,300,63,0
2026.03.10 18:05:00,93799.44,93799.44,93790.47,93790.47,300,63,0
2026.03.10 18:00:00,93782.55,93802.44,93776.58,93799.47,300,63,0
2026.03.10 17:55:00,93791.55,93791.55,93782.58,93782.58,300,63,0
2026.03.10 17:50:00,93766.42,93796.83,93762.73,93791.58,300,63,0
2026.03.10 17:45:00,93775.42,93775.42,93766.45,93766.45,300,63,0
2026.03.10 17:40:00,93784.42,93784.42,93775.45,93775.45,300,63,0
2026.03.10 17:35:00,93793.42,93793.42,93784.45,93784.45,300,63,0
2026.03.10 17:30:00,93802.42,93802.42,93793.45,93793.45,300,63,0
2026.03.10 17:25:00,93811.42,93811.42,93802.45,93802.45,300,63,0
2026.03.10 17:20:00,93820.42,93820.42,93811.45,93811.45,300,63,0
2026.03.10 17:15:00,93809.63,93822.31,93802.55,93820.45,300,63,0
2026.03.10 17:10:00,93818.63,93818.63,93809.66,93809.66,300,63,0
2026.03.10 17:05:00,93827.63,93827.63,93818.66,93818.66,300,63,0
2026.03.10 17:00:00,93818.86,93828.05,93810.31,93827.66,300,63,0
2026.03.10 16:55:00,93827.86,93827.86,93818.89,93818.89,300,63,0
2026.03.10 16:50:00,93836.86,93836.86,93827.89,93827.89,300,63,0
2026.03.10 16:45:00,93825.36,93837.25,93816.78,93836.89,300,63,0
2026.03.10 16:40:00,93834.36,93834.36,93825.39,93825.39,300,63,0
2026.03.10 16:35:00,93843.36,93843.36,93834.39,93834.39,300,63,0
2026.03.10 16:30:00,93820.28,93845.25,93817.49,93843.39,300,63,0
2026.03.10 16:25:00,93829.28,93829.28,93820.31,93820.31,300,63,0
2026.03.10 16:20:00,93838.28,93838.28,93829.31,93829.31,300,63,0
2026.03.10 16:15:00,93847.28,93847.28,93838.31,93838.31,300,63,0
2026.03.10 16:10:00,93856.28,93856.28,93847.31,93847.31,300,63,0
2026.03.10 16:05:00,93835.66,93863.48,93833.89,93856.31,300,63,0
2026.03.10 16:00:00,93818.47,93840.25,93814.09,93835.69,300,63,0
2026.03.10 15:55:00,93792.12,93821.74,93786.42,93818.50,300,63,0
2026.03.10 15:50:00,93801.12,93801.12,93792.15,93792.15,300,63,0
2026.03.10 15:45:00,93810.12,93810.12,93801.15,93801.15,300,63,0
2026.03.10 15:40:00,93819.12,93819.12,93810.15,93810.15,300,63,0
2026.03.10 15:35:00,93828.12,93828.12,93819.15,93819.15,300,63,0
2026.03.10 15:30:00,93770.74,93830.64,93765.64,93828.15,300,63,0
2026.03.10 15:25:00,93756.45,93779.68,93756.42,93770.77,300,63,0
2026.03.10 15:20:00,93765.45,93765.45,93756.48,93756.48,300,63,0
2026.03.10 15:15:00,93774.45,93774.45,93765.48,93765.48,300,63,0
2026.03.10 15:10:00,93783.45,93783.45,93774.48,93774.48,300,63,0
2026.03.10 15:05:00,93792.45,93792.45,93783.48,93783.48,300,63,0
2026.03.10 15:00:00,93801.45,93801.45,93792.48,93792.48,300,63,0
2026.03.10 14:55:00,93810.45,93810.45,93801.48,93801.48,300,63,0
2026.03.10 14:50:00,93819.45,93819.45,93810.48,93810.48,300,63,0
2026.03.10 14:45:00,93828.45,93828.45,93819.48,93819.48,300,63,0
2026.03.10 14:40:00,93837.45,93837.45,93828.48,93828.48,300,63,0
2026.03.10 14:35:00,93846.45,93846.45,93837.48,93837.48,300,63,0
2026.03.10 14:30:00,93829.43,93848.61,93822.62,93846.48,300,63,0
2026.03.10 14:25:00,93838.43,93838.43,93829.46,93829.46,300,63,0
2026.03.10 14:20:00,93785.51,93842.90,93782.12,93838.46,300,63,0
2026.03.10 14:15:00,93794.51,93794.51,93785.54,93785.54,300,63,0
2026.03.10 14:10:00,93778.50,93803.12,93778.14,93794.54,300,63,0
2026.03.10 14:05:00,93787.50,93787.50,93778.53,93778.53,300,63,0
2026.03.10 14:00:00,93796.50,93796.50,93787.53,93787.53,300,63,0
2026.03.10 13:55:00,93784.23,93798.60,93777.36,93796.53,300,63,0
2026.03.10 13:50:00,93793.23,93793.23,93784.26,93784.26,300,63,0
2026.03.10 13:45:00,93802.23,93802.23,93793.26,93793.26,300,63,0
2026.03.10 13:40:00,93811.23,93811.23,93802.26,93802.26,300,63,0
2026.03.10 13:35:00,93820.23,93820.23,93811.26,93811.26,300,63,0
2026.03.10 13:30:00,93813.68,93821.37,93805.85,93820.26,300,63,0
2026.03.10 13:25:00,93822.68,93822.68,93813.71,93813.71,300,63,0
2026.03.10 13:20:00,93810.74,93828.05,93807.14,93822.71,300,63,0
2026.03.10 13:15:00,93789.71,93813.20,93783.20,93810.77,300,63,0
2026.03.10 13:10:00,93798.71,93798.71,93789.74,93789.74,300,63,0
2026.03.10 13:05:00,93807.71,93807.71,93798.74,93798.74,300,63,0
2026.03.10 13:00:00,93802.76,93813.29,93799.37,93807.74,300,63,0
2026.03.10 12:55:00,93811.76,93811.76,93802.79,93802.79,300,63,0
2026.03.10 12:50:00,93820.76,93820.76,93811.79,93811.79,300,63,0
2026.03.10 12:45:00,93829.76,93829.76,93820.79,93820.79,300,63,0
2026.03.10 12:40:00,93793.62,93831.44,93786.54,93829.79,300,63,0
2026.03.10 12:35:00,93802.62,93802.62,93793.65,93793.65,300,63,0
2026.03.10 12:30:00,93766.09,93809.70,93764.20,93802.65,300,63,0
2026.03.10 12:25:00,93775.09,93775.09,93766.12,93766.12,300,63,0
2026.03.10 12:20:00,93784.09,93784.09,93775.12,93775.12,300,63,0
2026.03.10 12:15:00,93793.09,93793.09,93784.12,93784.12,300,63,0
2026.03.10 12:10:00,93802.09,93802.09,93793.12,93793.12,300,63,0
2026.03.10 12:05:00,93760.70,93807.01,93759.05,93802.12,300,63,0
2026.03.10 12:00:00,93754.14,93764.63,93749.10,93760.73,300,63,0
2026.03.10 11:55:00,93763.14,93763.14,93754.17,93754.17,300,63,0
2026.03.10 11:50:00,93742.27,93764.82,93734.98,93763.17,300,63,0
2026.03.10 11:45:00,93751.27,93751.27,93742.30,93742.30,300,63,0
2026.03.10 11:40:00,93725.47,93751.48,93716.71,93751.30,300,63,0
2026.03.10 11:35:00,93712.23,93725.56,93703.35,93725.50,300,63,0
2026.03.10 11:30:00,93721.23,93721.23,93712.26,93712.26,300,63,0
2026.03.10 11:25:00,93712.35,93726.18,93708.33,93721.26,300,63,0
2026.03.10 11:20:00,93721.35,93721.35,93712.38,93712.38,300,63,0
2026.03.10 11:15:00,93730.35,93730.35,93721.38,93721.38,300,63,0
2026.03.10 11:10:00,93739.35,93739.35,93730.38,93730.38,300,63,0
2026.03.10 11:05:00,93748.35,93748.35,93739.38,93739.38,300,63,0
2026.03.10 11:00:00,93739.47,93751.38,93733.53,93748.38,300,63,0
2026.03.10 10:55:00,93748.47,93748.47,93739.50,93739.50,300,63,0
2026.03.10 10:50:00,93757.47,93757.47,93748.50,93748.50,300,63,0
2026.03.10 10:45:00,93766.47,93766.47,93757.50,93757.50,300,63,0
2026.03.10 10:40:00,93775.47,93775.47,93766.50,93766.50,300,63,0
2026.03.10 10:35:00,93784.47,93784.47,93775.50,93775.50,300,63,0
2026.03.10 10:30:00,93793.47,93793.47,93784.50,93784.50,300,63,0
2026.03.10 10:25:00,93802.47,93802.47,93793.50,93793.50,300,63,0
2026.03.10 10:20:00,93811.47,93811.47,93802.50,93802.50,300,63,0
2026.03.10 10:15:00,93820.47,93820.47,93811.50,93811.50,300,63,0
2026.03.10 10:10:00,93829.47,93829.47,93820.50,93820.50,300,63,0
2026.03.10 10:05:00,93793.55,93830.04,93786.32,93829.50,300,63,0
2026.03.10 10:00:00,93776.99,93798.59,93773.06,93793.58,300,63,0
2026.03.10 09:55:00,93785.99,93785.99,93777.02,93777.02,300,63,0
2026.03.10 09:50:00,93794.99,93794.99,93786.02,93786.02,300,63,0
2026.03.10 09:45:00,93781.78,93796.01,93773.83,93795.02,300,63,0
2026.03.10 09:40:00,93750.51,93785.44,93745.20,93781.81,300,63,0
2026.03.10 09:35:00,93759.51,93759.51,93750.54,93750.54,300,63,0
2026.03.10 09:30:00,93768.51,93768.51,93759.54,93759.54,300,63,0
2026.03.10 09:25:00,93777.51,93777.51,93768.54,93768.54,300,63,0
2026.03.10 09:20:00,93768.84,93783.75,93766.11,93777.54,300,63,0
2026.03.10 09:15:00,93777.84,93777.84,93768.87,93768.87,300,63,0
2026.03.10 09:10:00,93770.74,93781.35,93765.28,93777.87,300,63,0
2026.03.10 09:05:00,93761.38,93777.07,93758.74,93770.77,300,63,0
2026.03.10 09:00:00,93770.38,93770.38,93761.41,93761.41,300,63,0
2026.03.10 08:55:00,93779.38,93779.38,93770.41,93770.41,300,63,0
2026.03.10 08:50:00,93760.83,93787.12,93759.60,93779.41,300,63,0
2026.03.10 08:45:00,93741.50,93767.01,93738.71,93760.86,300,63,0
2026.03.10 08:40:00,93733.02,93749.57,93732.12,93741.53,300,63,0
2026.03.10 08:35:00,93742.02,93742.02,93733.05,93733.05,300,63,0
2026.03.10 08:30:00,93700.44,93744.87,93696.18,93742.05,300,63,0
2026.03.10 08:25:00,93709.44,93709.44,93700.47,93700.47,300,63,0
2026.03.10 08:20:00,93718.44,93718.44,93709.47,93709.47,300,63,0
2026.03.10 08:15:00,93727.44,93727.44,93718.47,93718.47,300,63,0
2026.03.10 08:10:00,93736.44,93736.44,93727.47,93727.47,300,63,0
2026.03.10 08:05:00,93745.44,93745.44,93736.47,93736.47,300,63,0
2026.03.10 08:00:00,93754.44,93754.44,93745.47,93745.47,300,63,0
2026.03.10 07:55:00,93763.44,93763.44,93754.47,93754.47,300,63,0
2026.03.10 07:50:00,93754.49,93766.23,93748.31,93763.47,300,63,0
2026.03.10 07:45:00,93727.16,93756.80,93720.50,93754.52,300,63,0
2026.03.10 07:40:00,93736.16,93736.16,93727.19,93727.19,300,63,0
2026.03.10 07:35:00,93727.38,93739.10,93721.35,93736.19,300,63,0
2026.03.10 07:30:00,93736.38,93736.38,93727.41,93727.41,300,63,0
2026.03.10 07:25:00,93745.38,93745.38,93736.41,93736.41,300,63,0
2026.03.10 07:20:00,93754.38,93754.38,93745.41,93745.41,300,63,0
2026.03.10 07:15:00,93763.38,93763.38,93754.41,93754.41,300,63,0
2026.03.10 07:10:00,93772.38,93772.38,93763.41,93763.41,300,63,0
2026.03.10 07:05:00,93739.24,93772.62,93738.04,93772.41,300,63,0
2026.03.10 07:00:00,93748.24,93748.24,93739.27,93739.27,300,63,0
2026.03.10 06:55:00,93757.24,93757.24,93748.27,93748.27,300,63,0
2026.03.10 06:50:00,93711.17,93757.84,93709.01,93757.27,300,63,0
2026.03.10 06:45:00,93720.17,93720.17,93711.20,93711.20,300,63,0
2026.03.10 06:40:00,93686.22,93722.99,93680.07,93720.20,300,63,0
2026.03.10 06:35:00,93695.22,93695.22,93686.25,93686.25,300,63,0
2026.03.10 06:30:00,93688.44,93701.13,93685.38,93695.25,300,63,0
2026.03.10 06:25:00,93697.44,93697.44,93688.47,93688.47,300,63,0
2026.03.10 06:20:00,93658.17,93701.04,93654.90,93697.47,300,63,0
2026.03.10 06:15:00,93667.17,93667.17,93658.20,93658.20,300,63,0
2026.03.10 06:10:00,93676.17,93676.17,93667.20,93667.20,300,63,0
2026.03.10 06:05:00,93685.17,93685.17,93676.20,93676.20,300,63,0
2026.03.10 06:00:00,93694.17,93694.17,93685.20,93685.20,300,63,0
2026.03.10 05:55:00,93703.17,93703.17,93694.20,93694.20,300,63,0
2026.03.10 05:50:00,93712.17,93712.17,93703.20,93703.20,300,63,0
2026.03.10 05:45:00,93721.17,93721.17,93712.20,93712.20,300,63,0
2026.03.10 05:40:00,93730.17,93730.17,93721.20,93721.20,300,63,0
2026.03.10 05:35:00,93739.17,93739.17,93730.20,93730.20,300,63,0
2026.03.10 05:30:00,93680.75,93739.47,93677.63,93739.20,300,63,0
2026.03.10 05:25:00,93689.75,93689.75,93680.78,93680.78,300,63,0
2026.03.10 05:20:00,93698.75,93698.75,93689.78,93689.78,300,63,0
2026.03.10 05:15:00,93707.75,93707.75,93698.78,93698.78,300,63,0
2026.03.10 05:10:00,93716.75,93716.75,93707.78,93707.78,300,63,0
2026.03.10 05:05:00,93725.75,93725.75,93716.78,93716.78,300,63,0
2026.03.10 05:00:00,93734.75,93734.75,93725.78,93725.78,300,63,0
2026.03.10 04:55:00,93743.75,93743.75,93734.78,93734.78,300,63,0
2026.03.10 04:50:00,93752.75,93752.75,93743.78,93743.78,300,63,0
2026.03.10 04:45:00,93705.23,93753.32,93702.32,93752.78,300,63,0
2026.03.10 04:40:00,93714.23,93714.23,93705.26,93705.26,300,63,0
2026.03.10 04:35:00,93723.23,93723.23,93714.26,93714.26,300,63,0
2026.03.10 04:30:00,93732.23,93732.23,93723.26,93723.26,300,63,0
2026.03.10 04:25:00,93717.65,93733.58,93710.03,93732.26,300,63,0
2026.03.10 04:20:00,93697.18,93725.81,93696.37,93717.68,300,63,0
2026.03.10 04:15:00,93706.18,93706.18,93697.21,93697.21,300,63,0
2026.03.10 04:10:00,93715.18,93715.18,93706.21,93706.21,300,63,0
2026.03.10 04:05:00,93675.96,93720.58,93673.77,93715.21,300,63,0
2026.03.10 04:00:00,93665.10,93679.86,93660.03,93675.99,300,63,0
2026.03.10 03:55:00,93674.10,93674.10,93665.13,93665.13,300,63,0
2026.03.10 03:50:00,93683.10,93683.10,93674.13,93674.13,300,63,0
2026.03.10 03:45:00,93692.10,93692.10,93683.13,93683.13,300,63,0
2026.03.10 03:40:00,93663.91,93695.61,93658.45,93692.13,300,63,0
2026.03.10 03:35:00,93672.91,93672.91,93663.94,93663.94,300,63,0
2026.03.10 03:30:00,93681.91,93681.91,93672.94,93672.94,300,63,0
2026.03.10 03:25:00,93669.78,93687.01,93665.91,93681.94,300,63,0
2026.03.10 03:20:00,93678.78,93678.78,93669.81,93669.81,300,63,0
2026.03.10 03:15:00,93687.78,93687.78,93678.81,93678.81,300,63,0
2026.03.10 03:10:00,93678.33,93690.33,93671.91,93687.81,300,63,0
2026.03.10 03:05:00,93687.33,93687.33,93678.36,93678.36,300,63,0
2026.03.10 03:00:00,93696.33,93696.33,93687.36,93687.36,300,63,0
2026.03.10 02:55:00,93689.58,93701.34,93685.62,93696.36,300,63,0
2026.03.10 02:50:00,93665.59,93693.81,93660.85,93689.61,300,63,0
2026.03.10 02:45:00,93640.75,93671.41,93637.60,93665.62,300,63,0
2026.03.10 02:40:00,93649.78,93649.78,93640.78,93640.78,301,63,0
2026.03.10 02:35:00,93638.24,93652.30,93631.82,93649.81,299,63,0
2026.03.10 02:30:00,93647.24,93647.24,93638.27,93638.27,300,63,0
2026.03.10 02:25:00,93656.24,93656.24,93647.27,93647.27,300,63,0
2026.03.10 02:20:00,93665.24,93665.24,93656.27,93656.27,300,63,0
2026.03.10 02:15:00,93639.85,93672.17,93637.81,93665.27,300,63,0
2026.03.10 02:10:00,93648.85,93648.85,93639.88,93639.88,300,63,0
2026.03.10 02:05:00,93645.08,93652.33,93639.56,93648.88,301,63,0
2026.03.10 02:00:00,93654.08,93654.08,93645.11,93645.11,300,63,0
2026.03.10 01:55:00,93663.05,93663.05,93654.11,93654.11,299,63,0
2026.03.10 01:50:00,93672.08,93672.08,93663.08,93663.08,301,63,0
2026.03.10 01:45:00,93681.05,93681.05,93672.11,93672.11,299,63,0
2026.03.10 01:40:00,93690.08,93690.08,93681.08,93681.08,301,63,0
2026.03.10 01:35:00,93686.83,93690.50,93678.28,93690.11,300,63,0
2026.03.10 01:30:00,93695.83,93695.83,93686.86,93686.86,300,63,0
2026.03.10 01:25:00,93704.83,93704.83,93695.86,93695.86,300,63,0
2026.03.10 01:20:00,93713.83,93713.83,93704.86,93704.86,300,63,0
2026.03.10 01:15:00,93722.83,93722.83,93713.86,93713.86,300,63,0
2026.03.10 01:10:00,93704.26,93731.62,93704.08,93722.86,300,63,0
2026.03.10 01:05:00,93713.26,93713.26,93704.29,93704.29,300,63,0
2026.03.10 01:00:00,93722.26,93722.26,93713.29,93713.29,300,63,0
2026.03.10 00:55:00,93713.08,93727.09,93708.94,93722.29,300,63,0
2026.03.10 00:50:00,93722.08,93722.08,93713.11,93713.11,300,63,0
2026.03.10 00:45:00,93700.36,93726.43,93695.74,93722.11,300,63,0
2026.03.10 00:40:00,93677.32,93707.38,93675.37,93700.39,300,63,0
2026.03.10 00:35:00,93686.32,93686.32,93677.35,93677.35,300,63,0
2026.03.10 00:30:00,93695.32,93695.32,93686.35,93686.35,300,63,0
2026.03.10 00:25:00,93704.32,93704.32,93695.35,93695.35,300,63,0
2026.03.10 00:20:00,93713.32,93713.32,93704.35,93704.35,300,63,0
2026.03.10 00:15:00,93722.32,93722.32,93713.35,93713.35,300,63,0
2026.03.10 00:10:00,93731.32,93731.32,93722.35,93722.35,300,63,0
2026.03.10 00:05:00,93720.11,93734.95,93714.77,93731.35,300,63,0
2026.03.10 00:00:00,93729.11,93729.11,93720.14,93720.14,300,63,0
2026.03.09 23:55:00,93738.11,93738.11,93729.14,93729.14,300,63,0
2026.03.09 23:50:00,93747.11,93747.11,93738.14,93738.14,300,63,0
2026.03.09 23:45:00,93756.11,93756.11,93747.14,93747.14,300,63,0
2026.03.09 23:40:00,93748.50,93757.01,93740.43,93756.14,300,63,0
2026.03.09 23:35:00,93757.50,93757.50,93748.53,93748.53,300,63,0
2026.03.09 23:30:00,93766.50,93766.50,93757.53,93757.53,300,63,0
2026.03.09 23:25:00,93775.50,93775.50,93766.53,93766.53,300,63,0
2026.03.09 23:20:00,93784.50,93784.50,93775.53,93775.53,300,63,0
2026.03.09 23:15:00,93793.50,93793.50,93784.53,93784.53,300,63,0
2026.03.09 23:10:00,93802.50,93802.50,93793.53,93793.53,300,63,0
2026.03.09 23:05:00,93811.50,93811.50,93802.53,93802.53,300,63,0
2026.03.09 23:00:00,93820.50,93820.50,93811.53,93811.53,300,63,0
2026.03.09 22:55:00,93829.50,93829.50,93820.53,93820.53,300,63,0
2026.03.09 22:50:00,93838.50,93838.50,93829.53,93829.53,300,63,0
2026.03.09 22:45:00,93847.50,93847.50,93838.53,93838.53,300,63,0
2026.03.09 22:40:00,93856.50,93856.50,93847.53,93847.53,300,63,0
2026.03.09 22:35:00,93847.96,93857.82,93840.31,93856.53,300,63,0
2026.03.09 22:30:00,93839.81,93853.90,93836.78,93847.99,300,63,0
2026.03.09 22:25:00,93848.81,93848.81,93839.84,93839.84,300,63,0
2026.03.09 22:20:00,93857.81,93857.81,93848.84,93848.84,300,63,0
2026.03.09 22:15:00,93848.77,93866.36,93848.35,93857.84,300,63,0
2026.03.09 22:10:00,93857.77,93857.77,93848.80,93848.80,300,63,0
2026.03.09 22:05:00,93866.77,93866.77,93857.80,93857.80,300,63,0
2026.03.09 22:00:00,93859.31,93867.79,93851.36,93866.80,300,63,0
2026.03.09 21:55:00,93830.61,93864.71,93827.04,93859.34,300,63,0
2026.03.09 21:50:00,93839.61,93839.61,93830.64,93830.64,300,63,0
2026.03.09 21:45:00,93848.61,93848.61,93839.64,93839.64,300,63,0
2026.03.09 21:40:00,93857.61,93857.61,93848.64,93848.64,300,63,0
2026.03.09 21:35:00,93866.61,93866.61,93857.64,93857.64,300,63,0
2026.03.09 21:30:00,93837.27,93870.00,93831.69,93866.64,300,63,0
2026.03.09 21:25:00,93846.27,93846.27,93837.30,93837.30,300,63,0
2026.03.09 21:20:00,93855.27,93855.27,93846.30,93846.30,300,63,0
2026.03.09 21:15:00,93864.27,93864.27,93855.30,93855.30,300,63,0
2026.03.09 21:10:00,93873.27,93873.27,93864.30,93864.30,300,63,0
2026.03.09 21:05:00,93868.90,93881.19,93867.85,93873.30,300,63,0
2026.03.09 21:00:00,93877.90,93877.90,93868.93,93868.93,300,63,0
2026.03.09 20:55:00,93886.90,93886.90,93877.93,93877.93,300,63,0
2026.03.09 20:50:00,93895.90,93895.90,93886.93,93886.93,300,63,0
2026.03.09 20:45:00,93904.90,93904.90,93895.93,93895.93,300,63,0
2026.03.09 20:40:00,93913.90,93913.90,93904.93,93904.93,300,63,0
2026.03.09 20:35:00,93922.90,93922.90,93913.93,93913.93,300,63,0
2026.03.09 20:30:00,93931.90,93931.90,93922.93,93922.93,300,63,0
2026.03.09 20:25:00,93924.21,93940.39,93923.73,93931.93,300,63,0
2026.03.09 20:20:00,93933.21,93933.21,93924.24,93924.24,300,63,0
2026.03.09 20:15:00,93942.21,93942.21,93933.24,93933.24,300,63,0
2026.03.09 20:10:00,93928.65,93945.39,93922.86,93942.24,300,63,0
2026.03.09 20:05:00,93887.93,93934.71,93885.02,93928.68,300,63,0
2026.03.09 20:00:00,93896.93,93896.93,93887.96,93887.96,300,63,0
2026.03.09 19:55:00,93905.93,93905.93,93896.96,93896.96,300,63,0
2026.03.09 19:50:00,93914.93,93914.93,93905.96,93905.96,300,63,0
2026.03.09 19:45:00,93923.93,93923.93,93914.96,93914.96,300,63,0
2026.03.09 19:40:00,93932.93,93932.93,93923.96,93923.96,300,63,0
2026.03.09 19:35:00,93919.53,93937.82,93915.45,93932.96,300,63,0
2026.03.09 19:30:00,93928.53,93928.53,93919.56,93919.56,300,63,0
2026.03.09 19:25:00,93937.53,93937.53,93928.56,93928.56,300,63,0
2026.03.09 19:20:00,93902.00,93941.16,93901.97,93937.56,300,63,0
2026.03.09 19:15:00,93911.00,93911.00,93902.03,93902.03,300,63,0
2026.03.09 19:10:00,93868.76,93917.03,93867.44,93911.03,300,63,0
2026.03.09 19:05:00,93877.76,93877.76,93868.79,93868.79,300,63,0
2026.03.09 19:00:00,93886.76,93886.76,93877.79,93877.79,300,63,0
2026.03.09 18:55:00,93895.76,93895.76,93886.79,93886.79,300,63,0
2026.03.09 18:50:00,93860.55,93903.77,93859.98,93895.79,300,63,0
2026.03.09 18:45:00,93843.47,93866.16,93840.11,93860.58,300,63,0
2026.03.09 18:40:00,93852.47,93852.47,93843.50,93843.50,300,63,0
2026.03.09 18:35:00,93861.47,93861.47,93852.50,93852.50,300,63,0
2026.03.09 18:30:00,93800.21,93863.09,93795.23,93861.50,300,63,0
2026.03.09 18:25:00,93809.21,93809.21,93800.24,93800.24,300,63,0
2026.03.09 18:20:00,93818.21,93818.21,93809.24,93809.24,300,63,0
2026.03.09 18:15:00,93827.21,93827.21,93818.24,93818.24,300,63,0
2026.03.09 18:10:00,93836.21,93836.21,93827.24,93827.24,300,63,0
2026.03.09 18:05:00,93845.21,93845.21,93836.24,93836.24,300,63,0
2026.03.09 18:00:00,93854.21,93854.21,93845.24,93845.24,300,63,0
2026.03.09 17:55:00,93838.74,93860.42,93835.98,93854.24,300,63,0
2026.03.09 17:50:00,93847.74,93847.74,93838.77,93838.77,300,63,0
2026.03.09 17:45:00,93856.74,93856.74,93847.77,93847.77,300,63,0
2026.03.09 17:40:00,93837.66,93861.21,93833.16,93856.77,300,63,0
2026.03.09 17:35:00,93846.66,93846.66,93837.69,93837.69,300,63,0
2026.03.09 17:30:00,93855.66,93855.66,93846.69,93846.69,300,63,0
2026.03.09 17:25:00,93864.66,93864.66,93855.69,93855.69,300,63,0
2026.03.09 17:20:00,93858.74,93870.72,93855.83,93864.69,300,63,0
2026.03.09 17:15:00,93818.95,93861.95,93815.35,93858.77,300,63,0
2026.03.09 17:10:00,93781.29,93819.61,93778.14,93818.98,300,63,0
2026.03.09 17:05:00,93790.29,93790.29,93781.32,93781.32,300,63,0
2026.03.09 17:00:00,93799.29,93799.29,93790.32,93790.32,300,63,0
2026.03.09 16:55:00,93795.73,93802.20,93789.67,93799.32,300,63,0
2026.03.09 16:50:00,93804.73,93804.73,93795.76,93795.76,300,63,0
2026.03.09 16:45:00,93813.73,93813.73,93804.76,93804.76,300,63,0
2026.03.09 16:40:00,93822.73,93822.73,93813.76,93813.76,300,63,0
2026.03.09 16:35:00,93831.73,93831.73,93822.76,93822.76,300,63,0
2026.03.09 16:30:00,93840.73,93840.73,93831.76,93831.76,300,63,0
2026.03.09 16:25:00,93849.73,93849.73,93840.76,93840.76,300,63,0
2026.03.09 16:20:00,93858.73,93858.73,93849.76,93849.76,300,63,0
2026.03.09 16:15:00,93867.73,93867.73,93858.76,93858.76,300,63,0
2026.03.09 16:10:00,93855.62,93870.85,93849.77,93867.76,300,63,0
2026.03.09 16:05:00,93864.62,93864.62,93855.65,93855.65,300,63,0
2026.03.09 16:00:00,93873.62,93873.62,93864.65,93864.65,300,63,0
2026.03.09 15:55:00,93882.62,93882.62,93873.65,93873.65,300,63,0
2026.03.09 15:50:00,93891.62,93891.62,93882.65,93882.65,300,63,0
2026.03.09 15:45:00,93900.62,93900.62,93891.65,93891.65,300,63,0
2026.03.09 15:40:00,93885.25,93907.37,93883.03,93900.65,300,63,0
2026.03.09 15:35:00,93894.25,93894.25,93885.28,93885.28,300,63,0
2026.03.09 15:30:00,93903.25,93903.25,93894.28,93894.28,300,63,0
2026.03.09 15:25:00,93912.25,93912.25,93903.28,93903.28,300,63,0
2026.03.09 15:20:00,93921.25,93921.25,93912.28,93912.28,300,63,0
2026.03.09 15:15:00,93930.25,93930.25,93921.28,93921.28,300,63,0
2026.03.09 15:10:00,93919.08,93935.62,93915.48,93930.28,300,63,0
2026.03.09 15:05:00,93928.08,93928.08,93919.11,93919.11,300,63,0
2026.03.09 15:00:00,93911.56,93929.37,93903.88,93928.11,300,63,0
2026.03.09 14:55:00,93920.56,93920.56,93911.59,93911.59,300,63,0
2026.03.09 14:50:00,93896.40,93928.39,93895.26,93920.59,300,63,0
2026.03.09 14:45:00,93867.42,93900.54,93863.94,93896.43,300,63,0
2026.03.09 14:40:00,93864.01,93869.79,93857.41,93867.45,300,63,0
2026.03.09 14:35:00,93873.01,93873.01,93864.04,93864.04,300,63,0
2026.03.09 14:30:00,93882.01,93882.01,93873.04,93873.04,300,63,0
2026.03.09 14:25:00,93876.23,93885.07,93870.32,93882.04,300,63,0
2026.03.09 14:20:00,93868.75,93882.14,93865.69,93876.26,300,63,0
2026.03.09 14:15:00,93853.00,93872.50,93847.78,93868.78,300,63,0
2026.03.09 14:10:00,93862.00,93862.00,93853.03,93853.03,300,63,0
2026.03.09 14:05:00,93871.00,93871.00,93862.03,93862.03,300,63,0
2026.03.09 14:00:00,93880.00,93880.00,93871.03,93871.03,300,63,0
2026.03.09 13:55:00,93864.03,93880.75,93855.81,93880.03,300,63,0
2026.03.09 13:50:00,93873.03,93873.03,93864.06,93864.06,300,63,0
2026.03.09 13:45:00,93882.03,93882.03,93873.06,93873.06,300,63,0
2026.03.09 13:40:00,93876.44,93886.20,93871.64,93882.06,300,63,0
2026.03.09 13:35:00,93885.44,93885.44,93876.47,93876.47,300,63,0
2026.03.09 13:30:00,93894.44,93894.44,93885.47,93885.47,300,63,0
2026.03.09 13:25:00,93903.44,93903.44,93894.47,93894.47,300,63,0
2026.03.09 13:20:00,93896.31,93910.55,93894.45,93903.47,300,63,0
2026.03.09 13:15:00,93849.15,93898.17,93843.96,93896.34,300,63,0
2026.03.09 13:10:00,93858.15,93858.15,93849.18,93849.18,300,63,0
2026.03.09 13:05:00,93809.32,93859.62,93805.27,93858.18,300,63,0
2026.03.09 13:00:00,93787.46,93818.23,93787.40,93809.35,300,63,0
2026.03.09 12:55:00,93796.46,93796.46,93787.49,93787.49,300,63,0
2026.03.09 12:50:00,93805.46,93805.46,93796.49,93796.49,300,63,0
2026.03.09 12:45:00,93814.46,93814.46,93805.49,93805.49,300,63,0
2026.03.09 12:40:00,93800.36,93819.29,93796.22,93814.49,300,63,0
2026.03.09 12:35:00,93809.36,93809.36,93800.39,93800.39,300,63,0
2026.03.09 12:30:00,93818.36,93818.36,93809.39,93809.39,300,63,0
2026.03.09 12:25:00,93777.78,93818.48,93770.94,93818.39,300,63,0
2026.03.09 12:20:00,93786.78,93786.78,93777.81,93777.81,300,63,0
2026.03.09 12:15:00,93795.78,93795.78,93786.81,93786.81,300,63,0
2026.03.09 12:10:00,93804.78,93804.78,93795.81,93795.81,300,63,0
2026.03.09 12:05:00,93813.78,93813.78,93804.81,93804.81,300,63,0
2026.03.09 12:00:00,93806.95,93820.47,93804.67,93813.81,300,63,0
2026.03.09 11:55:00,93794.62,93812.86,93791.56,93806.98,300,63,0
2026.03.09 11:50:00,93790.92,93800.74,93788.07,93794.65,300,63,0
2026.03.09 11:45:00,93799.92,93799.92,93790.95,93790.95,300,63,0
2026.03.09 11:40:00,93808.92,93808.92,93799.95,93799.95,300,63,0
2026.03.09 11:35:00,93797.69,93814.17,93793.97,93808.95,300,63,0
2026.03.09 11:30:00,93806.69,93806.69,93797.72,93797.72,300,63,0
2026.03.09 11:25:00,93815.69,93815.69,93806.72,93806.72,300,63,0
2026.03.09 11:20:00,93824.69,93824.69,93815.72,93815.72,300,63,0
2026.03.09 11:15:00,93833.69,93833.69,93824.72,93824.72,300,63,0
2026.03.09 11:10:00,93813.51,93834.80,93805.65,93833.72,300,63,0
2026.03.09 11:05:00,93822.51,93822.51,93813.54,93813.54,300,63,0
2026.03.09 11:00:00,93831.51,93831.51,93822.54,93822.54,300,63,0
2026.03.09 10:55:00,93840.51,93840.51,93831.54,93831.54,300,63,0
2026.03.09 10:50:00,93831.30,93843.96,93825.78,93840.54,300,63,0
2026.03.09 10:45:00,93840.30,93840.30,93831.33,93831.33,300,63,0
2026.03.09 10:40:00,93849.30,93849.30,93840.33,93840.33,300,63,0
2026.03.09 10:35:00,93858.30,93858.30,93849.33,93849.33,300,63,0
2026.03.09 10:30:00,93867.30,93867.30,93858.33,93858.33,300,63,0
2026.03.09 10:25:00,93876.30,93876.30,93867.33,93867.33,300,63,0
2026.03.09 10:20:00,93885.30,93885.30,93876.33,93876.33,300,63,0
2026.03.09 10:15:00,93894.30,93894.30,93885.33,93885.33,300,63,0
2026.03.09 10:10:00,93880.44,93899.88,93877.05,93894.33,300,63,0
2026.03.09 10:05:00,93889.44,93889.44,93880.47,93880.47,300,63,0
2026.03.09 10:00:00,93898.44,93898.44,93889.47,93889.47,300,63,0
2026.03.09 09:55:00,93907.44,93907.44,93898.47,93898.47,300,63,0
2026.03.09 09:50:00,93916.44,93916.44,93907.47,93907.47,300,63,0
2026.03.09 09:45:00,93925.44,93925.44,93916.47,93916.47,300,63,0
2026.03.09 09:40:00,93905.71,93930.78,93902.08,93925.47,300,63,0
2026.03.09 09:35:00,93914.71,93914.71,93905.74,93905.74,300,63,0
2026.03.09 09:30:00,93884.60,93919.36,93880.28,93914.74,300,63,0
2026.03.09 09:25:00,93873.41,93887.09,93866.93,93884.63,300,63,0
2026.03.09 09:20:00,93882.41,93882.41,93873.44,93873.44,300,63,0
2026.03.09 09:15:00,93891.41,93891.41,93882.44,93882.44,300,63,0
2026.03.09 09:10:00,93900.41,93900.41,93891.44,93891.44,300,63,0
2026.03.09 09:05:00,93880.44,93905.99,93877.05,93900.44,300,63,0
2026.03.09 09:00:00,93874.28,93886.17,93871.04,93880.47,300,63,0
2026.03.09 08:55:00,93835.39,93881.99,93834.13,93874.31,300,63,0
2026.03.09 08:50:00,93832.07,93839.23,93826.94,93835.42,300,63,0
2026.03.09 08:45:00,93841.07,93841.07,93832.10,93832.10,300,63,0
2026.03.09 08:40:00,93850.07,93850.07,93841.10,93841.10,300,63,0
2026.03.09 08:35:00,93841.80,93858.74,93841.50,93850.10,300,63,0
2026.03.09 08:30:00,93827.58,93843.69,93820.50,93841.83,300,63,0
2026.03.09 08:25:00,93836.58,93836.58,93827.61,93827.61,300,63,0
2026.03.09 08:20:00,93821.55,93839.58,93815.58,93836.61,300,63,0
2026.03.09 08:15:00,93797.51,93827.49,93794.48,93821.58,300,63,0
2026.03.09 08:10:00,93786.87,93799.61,93780.00,93797.54,300,63,0
2026.03.09 08:05:00,93795.87,93795.87,93786.90,93786.90,300,63,0
2026.03.09 08:00:00,93757.83,93801.06,93756.39,93795.90,300,63,0
2026.03.09 07:55:00,93751.24,93759.63,93744.07,93757.86,300,63,0
2026.03.09 07:50:00,93760.24,93760.24,93751.27,93751.27,300,63,0
2026.03.09 07:45:00,93739.63,93760.78,93731.20,93760.27,300,63,0
2026.03.09 07:40:00,93748.63,93748.63,93739.66,93739.66,300,63,0
2026.03.09 07:35:00,93725.31,93756.70,93724.41,93748.66,300,63,0
2026.03.09 07:30:00,93734.31,93734.31,93725.34,93725.34,300,63,0
2026.03.09 07:25:00,93743.31,93743.31,93734.34,93734.34,300,63,0
2026.03.09 07:20:00,93737.19,93745.50,93730.41,93743.34,300,63,0
2026.03.09 07:15:00,93746.19,93746.19,93737.22,93737.22,300,63,0
2026.03.09 07:10:00,93755.19,93755.19,93746.22,93746.22,300,63,0
2026.03.09 07:05:00,93764.19,93764.19,93755.22,93755.22,300,63,0
2026.03.09 07:00:00,93773.19,93773.19,93764.22,93764.22,300,63,0
2026.03.09 06:55:00,93753.81,93780.42,93752.07,93773.22,300,63,0
2026.03.09 06:50:00,93762.81,93762.81,93753.84,93753.84,300,63,0
2026.03.09 06:45:00,93771.81,93771.81,93762.84,93762.84,300,63,0
2026.03.09 06:40:00,93724.44,93775.14,93720.36,93771.84,300,63,0
2026.03.09 06:35:00,93733.44,93733.44,93724.47,93724.47,300,63,0
2026.03.09 06:30:00,93720.70,93739.17,93717.46,93733.47,300,63,0
2026.03.09 06:25:00,93729.70,93729.70,93720.73,93720.73,300,63,0
2026.03.09 06:20:00,93738.70,93738.70,93729.73,93729.73,300,63,0
2026.03.09 06:15:00,93747.70,93747.70,93738.73,93738.73,300,63,0
2026.03.09 06:10:00,93729.39,93748.51,93721.47,93747.73,300,63,0
2026.03.09 06:05:00,93720.66,93736.80,93719.10,93729.42,300,63,0
2026.03.09 06:00:00,93729.66,93729.66,93720.69,93720.69,300,63,0
2026.03.09 05:55:00,93715.62,93732.99,93709.98,93729.69,300,63,0
2026.03.09 05:50:00,93724.62,93724.62,93715.65,93715.65,300,63,0
2026.03.09 05:45:00,93733.62,93733.62,93724.65,93724.65,300,63,0
2026.03.09 05:40:00,93742.62,93742.62,93733.65,93733.65,300,63,0
2026.03.09 05:35:00,93728.09,93748.50,93725.00,93742.65,300,63,0
2026.03.09 05:30:00,93737.09,93737.09,93728.12,93728.12,300,63,0
2026.03.09 05:25:00,93671.45,93737.75,93669.38,93737.12,300,63,0
2026.03.09 05:20:00,93646.45,93672.89,93638.92,93671.48,300,63,0
2026.03.09 05:15:00,93635.33,93654.37,93634.28,93646.48,300,63,0
2026.03.09 05:10:00,93644.33,93644.33,93635.36,93635.36,300,63,0
2026.03.09 05:05:00,93653.33,93653.33,93644.36,93644.36,300,63,0
2026.03.09 05:00:00,93662.33,93662.33,93653.36,93653.36,300,63,0
2026.03.09 04:55:00,93642.95,93666.23,93637.88,93662.36,300,63,0
2026.03.09 04:50:00,93611.55,93643.64,93604.41,93642.98,300,63,0
2026.03.09 04:45:00,93593.76,93619.02,93592.26,93611.58,300,63,0
2026.03.09 04:40:00,93589.53,93594.84,93581.64,93593.79,300,63,0
2026.03.09 04:35:00,93598.53,93598.53,93589.56,93589.56,300,63,0
2026.03.09 04:30:00,93607.53,93607.53,93598.56,93598.56,300,63,0
2026.03.09 04:25:00,93616.53,93616.53,93607.56,93607.56,300,63,0
2026.03.09 04:20:00,93625.53,93625.53,93616.56,93616.56,300,63,0
2026.03.09 04:15:00,93619.84,93625.80,93611.14,93625.56,300,63,0
2026.03.09 04:10:00,93628.84,93628.84,93619.87,93619.87,300,63,0
2026.03.09 04:05:00,93637.84,93637.84,93628.87,93628.87,300,63,0
2026.03.09 04:00:00,93646.84,93646.84,93637.87,93637.87,300,63,0
2026.03.09 03:55:00,93655.84,93655.84,93646.87,93646.87,300,63,0
2026.03.09 03:50:00,93664.84,93664.84,93655.87,93655.87,300,63,0
2026.03.09 03:45:00,93673.84,93673.84,93664.87,93664.87,300,63,0
2026.03.09 03:40:00,93668.30,93675.40,93660.89,93673.87,300,63,0
2026.03.09 03:35:00,93677.30,93677.30,93668.33,93668.33,300,63,0
2026.03.09 03:30:00,93686.30,93686.30,93677.33,93677.33,300,63,0
2026.03.09 03:25:00,93695.30,93695.30,93686.33,93686.33,300,63,0
2026.03.09 03:20:00,93679.32,93696.41,93671.46,93695.33,300,63,0
2026.03.09 03:15:00,93688.32,93688.32,93679.35,93679.35,300,63,0
2026.03.09 03:10:00,93697.32,93697.32,93688.35,93688.35,300,63,0
2026.03.09 03:05:00,93706.32,93706.32,93697.35,93697.35,300,63,0
2026.03.09 03:00:00,93715.32,93715.32,93706.35,93706.35,300,63,0
2026.03.09 02:55:00,93724.32,93724.32,93715.35,93715.35,300,63,0
2026.03.09 02:50:00,93733.32,93733.32,93724.35,93724.35,300,63,0
2026.03.09 02:45:00,93742.32,93742.32,93733.35,93733.35,300,63,0
2026.03.09 02:40:00,93751.32,93751.32,93742.35,93742.35,300,63,0
2026.03.09 02:35:00,93760.32,93760.32,93751.35,93751.35,300,63,0
2026.03.09 02:30:00,93769.32,93769.32,93760.35,93760.35,300,63,0
2026.03.09 02:25:00,93778.32,93778.32,93769.35,93769.35,300,63,0
2026.03.09 02:20:00,93765.59,93786.30,93764.60,93778.35,300,63,0
2026.03.09 02:15:00,93774.59,93774.59,93765.62,93765.62,300,63,0
2026.03.09 02:10:00,93783.59,93783.59,93774.62,93774.62,300,63,0
2026.03.09 02:05:00,93792.59,93792.59,93783.62,93783.62,300,63,0
2026.03.09 02:00:00,93801.59,93801.59,93792.62,93792.62,300,63,0
2026.03.09 01:55:00,93810.59,93810.59,93801.62,93801.62,300,63,0
2026.03.09 01:50:00,93819.59,93819.59,93810.62,93810.62,300,63,0
2026.03.09 01:45:00,93828.59,93828.59,93819.62,93819.62,300,63,0
2026.03.09 01:40:00,93837.59,93837.59,93828.62,93828.62,300,63,0
2026.03.09 01:35:00,93791.56,93838.46,93790.63,93837.62,300,63,0
2026.03.09 01:30:00,93800.56,93800.56,93791.59,93791.59,300,63,0
2026.03.09 01:25:00,93809.56,93809.56,93800.59,93800.59,300,63,0
2026.03.09 01:20:00,93818.56,93818.56,93809.59,93809.59,300,63,0
2026.03.09 01:15:00,93827.56,93827.56,93818.59,93818.59,300,63,0
2026.03.09 01:10:00,93836.56,93836.56,93827.59,93827.59,300,63,0
2026.03.09 01:05:00,93845.56,93845.56,93836.59,93836.59,300,63,0
2026.03.09 01:00:00,93854.56,93854.56,93845.59,93845.59,300,63,0
2026.03.09 00:55:00,93849.99,93860.08,93846.54,93854.59,300,63,0
2026.03.09 00:50:00,93858.99,93858.99,93850.02,93850.02,300,63,0
2026.03.09 00:45:00,93867.99,93867.99,93859.02,93859.02,300,63,0
2026.03.09 00:40:00,93876.99,93876.99,93868.02,93868.02,300,63,0
2026.03.09 00:35:00,93885.99,93885.99,93877.02,93877.02,300,63,0
2026.03.09 00:30:00,93894.99,93894.99,93886.02,93886.02,300,63,0
2026.03.09 00:25:00,93871.24,93899.73,93867.01,93895.02,300,63,0
2026.03.09 00:20:00,93880.24,93880.24,93871.27,93871.27,300,63,0
2026.03.09 00:15:00,93889.24,93889.24,93880.27,93880.27,300,63,0
2026.03.09 00:10:00,93898.24,93898.24,93889.27,93889.27,300,63,0
2026.03.09 00:05:00,93907.24,93907.24,93898.27,93898.27,300,63,0
2026.03.09 00:00:00,93916.24,93916.24,93907.27,93907.27,300,63,0
2026.03.08 23:55:00,93856.13,93919.96,93851.18,93916.27,300,63,0
2026.03.08 23:50:00,93865.13,93865.13,93856.16,93856.16,300,63,0
2026.03.08 23:45:00,93849.29,93869.39,93844.58,93865.16,300,63,0
2026.03.08 23:40:00,93821.85,93854.54,93818.13,93849.32,300,63,0
2026.03.08 23:35:00,93830.85,93830.85,93821.88,93821.88,300,63,0
2026.03.08 23:30:00,93839.85,93839.85,93830.88,93830.88,300,63,0
2026.03.08 23:25:00,93826.58,93840.60,93818.36,93839.88,300,63,0
2026.03.08 23:20:00,93835.58,93835.58,93826.61,93826.61,300,63,0
2026.03.08 23:15:00,93818.12,93840.95,93814.52,93835.61,300,63,0
2026.03.08 23:10:00,93812.70,93819.02,93804.63,93818.15,300,63,0
2026.03.08 23:05:00,93821.70,93821.70,93812.73,93812.73,300,63,0
2026.03.08 23:00:00,93830.70,93830.70,93821.73,93821.73,300,63,0
2026.03.08 22:55:00,93808.39,93831.24,93799.96,93830.73,300,63,0
2026.03.08 22:50:00,93817.39,93817.39,93808.42,93808.42,300,63,0
2026.03.08 22:45:00,93826.39,93826.39,93817.42,93817.42,300,63,0
2026.03.08 22:40:00,93812.04,93829.21,93805.89,93826.42,300,63,0
2026.03.08 22:35:00,93821.04,93821.04,93812.07,93812.07,300,63,0
2026.03.08 22:30:00,93830.04,93830.04,93821.07,93821.07,300,63,0
2026.03.08 22:25:00,93839.04,93839.04,93830.07,93830.07,300,63,0
2026.03.08 22:20:00,93848.04,93848.04,93839.07,93839.07,300,63,0
2026.03.08 22:15:00,93836.64,93849.75,93829.38,93848.07,300,63,0
2026.03.08 22:10:00,93845.64,93845.64,93836.67,93836.67,300,63,0
2026.03.08 22:05:00,93841.11,93851.52,93838.02,93845.67,300,63,0
2026.03.08 22:00:00,93850.11,93850.11,93841.14,93841.14,300,63,0
2026.03.08 21:55:00,93859.11,93859.11,93850.14,93850.14,300,63,0
2026.03.08 21:50:00,93868.11,93868.11,93859.14,93859.14,300,63,0
2026.03.08 21:45:00,93877.11,93877.11,93868.14,93868.14,300,63,0
2026.03.08 21:40:00,93864.52,93880.05,93858.49,93877.14,300,63,0
2026.03.08 21:35:00,93822.99,93869.29,93818.79,93864.55,300,63,0
2026.03.08 21:30:00,93831.99,93831.99,93823.02,93823.02,300,63,0
2026.03.08 21:25:00,93840.99,93840.99,93832.02,93832.02,300,63,0
2026.03.08 21:20:00,93849.99,93849.99,93841.02,93841.02,300,63,0
2026.03.08 21:15:00,93858.99,93858.99,93850.02,93850.02,300,63,0
2026.03.08 21:10:00,93867.99,93867.99,93859.02,93859.02,300,63,0
2026.03.08 21:05:00,93876.99,93876.99,93868.02,93868.02,300,63,0
2026.03.08 21:00:00,93839.33,93880.05,93836.21,93877.02,300,63,0
2026.03.08 20:55:00,93848.33,93848.33,93839.36,93839.36,300,63,0
2026.03.08 20:50:00,93857.33,93857.33,93848.36,93848.36,300,63,0
2026.03.08 20:45:00,93842.48,93860.84,93837.02,93857.36,300,63,0
2026.03.08 20:40:00,93851.48,93851.48,93842.51,93842.51,300,63,0
2026.03.08 20:35:00,93799.31,93852.62,93793.67,93851.51,300,63,0
2026.03.08 20:30:00,93808.31,93808.31,93799.34,93799.34,300,63,0
2026.03.08 20:25:00,93817.31,93817.31,93808.34,93808.34,300,63,0
2026.03.08 20:20:00,93807.67,93826.10,93807.49,93817.34,300,63,0
2026.03.08 20:15:00,93816.67,93816.67,93807.70,93807.70,300,63,0
2026.03.08 20:10:00,93825.67,93825.67,93816.70,93816.70,300,63,0
2026.03.08 20:05:00,93834.67,93834.67,93825.70,93825.70,300,63,0
2026.03.08 20:00:00,93829.54,93843.25,93829.15,93834.70,300,63,0
2026.03.08 19:55:00,93838.54,93838.54,93829.57,93829.57,300,63,0
2026.03.08 19:50:00,93847.54,93847.54,93838.57,93838.57,300,63,0
2026.03.08 19:45:00,93819.65,93852.46,93815.60,93847.57,300,63,0
2026.03.08 19:40:00,93828.65,93828.65,93819.68,93819.68,300,63,0
2026.03.08 19:35:00,93837.65,93837.65,93828.68,93828.68,300,63,0
2026.03.08 19:30:00,93825.91,93843.59,93822.88,93837.68,300,63,0
2026.03.08 19:25:00,93834.91,93834.91,93825.94,93825.94,300,63,0
2026.03.08 19:20:00,93843.91,93843.91,93834.94,93834.94,300,63,0
2026.03.08 19:15:00,93852.91,93852.91,93843.94,93843.94,300,63,0
2026.03.08 19:10:00,93861.91,93861.91,93852.94,93852.94,300,63,0
2026.03.08 19:05:00,93870.91,93870.91,93861.94,93861.94,300,63,0
2026.03.08 19:00:00,93879.91,93879.91,93870.94,93870.94,300,63,0
2026.03.08 18:55:00,93888.91,93888.91,93879.94,93879.94,300,63,0
2026.03.08 18:50:00,93897.91,93897.91,93888.94,93888.94,300,63,0
2026.03.08 18:45:00,93906.91,93906.91,93897.94,93897.94,300,63,0
2026.03.08 18:40:00,93876.71,93912.19,93873.02,93906.94,300,63,0
2026.03.08 18:35:00,93885.71,93885.71,93876.74,93876.74,300,63,0
2026.03.08 18:30:00,93894.71,93894.71,93885.74,93885.74,300,63,0
2026.03.08 18:25:00,93889.48,93900.41,93886.21,93894.74,300,63,0
2026.03.08 18:20:00,93898.48,93898.48,93889.51,93889.51,300,63,0
2026.03.08 18:15:00,93876.16,93905.35,93874.06,93898.51,300,63,0
2026.03.08 18:10:00,93885.16,93885.16,93876.19,93876.19,300,63,0
2026.03.08 18:05:00,93894.16,93894.16,93885.19,93885.19,300,63,0
2026.03.08 18:00:00,93903.16,93903.16,93894.19,93894.19,300,63,0
2026.03.08 17:55:00,93863.96,93904.63,93859.43,93903.19,300,63,0
2026.03.08 17:50:00,93830.21,93865.97,93823.25,93863.99,300,63,0
2026.03.08 17:45:00,93839.21,93839.21,93830.24,93830.24,300,63,0
2026.03.08 17:40:00,93848.21,93848.21,93839.24,93839.24,300,63,0
2026.03.08 17:35:00,93839.36,93854.69,93836.87,93848.24,300,63,0
2026.03.08 17:30:00,93848.36,93848.36,93839.39,93839.39,300,63,0
2026.03.08 17:25:00,93842.23,93851.33,93836.23,93848.39,300,63,0
2026.03.08 17:20:00,93851.23,93851.23,93842.26,93842.26,300,63,0
2026.03.08 17:15:00,93804.68,93855.07,93800.60,93851.26,300,63,0
2026.03.08 17:10:00,93813.68,93813.68,93804.71,93804.71,300,63,0
2026.03.08 17:05:00,93822.68,93822.68,93813.71,93813.71,300,63,0
2026.03.08 17:00:00,93831.68,93831.68,93822.71,93822.71,300,63,0
2026.03.08 16:55:00,93809.13,93832.16,93800.64,93831.71,300,63,0
2026.03.08 16:50:00,93818.13,93818.13,93809.16,93809.16,300,63,0
2026.03.08 16:45:00,93827.13,93827.13,93818.16,93818.16,300,63,0
2026.03.08 16:40:00,93836.13,93836.13,93827.16,93827.16,300,63,0
2026.03.08 16:35:00,93845.13,93845.13,93836.16,93836.16,300,63,0
2026.03.08 16:30:00,93807.13,93850.77,93803.80,93845.16,300,63,0
2026.03.08 16:25:00,93816.13,93816.13,93807.16,93807.16,300,63,0
2026.03.08 16:20:00,93825.13,93825.13,93816.16,93816.16,300,63,0
2026.03.08 16:15:00,93834.13,93834.13,93825.16,93825.16,300,63,0
2026.03.08 16:10:00,93843.13,93843.13,93834.16,93834.16,300,63,0
2026.03.08 16:05:00,93852.13,93852.13,93843.16,93843.16,300,63,0
2026.03.08 16:00:00,93861.13,93861.13,93852.16,93852.16,300,63,0
2026.03.08 15:55:00,93870.13,93870.13,93861.16,93861.16,300,63,0
2026.03.08 15:50:00,93879.13,93879.13,93870.16,93870.16,300,63,0
2026.03.08 15:45:00,93888.13,93888.13,93879.16,93879.16,300,63,0
2026.03.08 15:40:00,93897.13,93897.13,93888.16,93888.16,300,63,0
2026.03.08 15:35:00,93871.86,93904.45,93870.21,93897.16,300,63,0
2026.03.08 15:30:00,93880.86,93880.86,93871.89,93871.89,300,63,0
2026.03.08 15:25:00,93873.56,93886.53,93870.26,93880.89,300,63,0
2026.03.08 15:20:00,93882.56,93882.56,93873.59,93873.59,300,63,0
2026.03.08 15:15:00,93891.56,93891.56,93882.59,93882.59,300,63,0
2026.03.08 15:10:00,93900.56,93900.56,93891.59,93891.59,300,63,0
2026.03.08 15:05:00,93909.56,93909.56,93900.59,93900.59,300,63,0
2026.03.08 15:00:00,93918.56,93918.56,93909.59,93909.59,300,63,0
2026.03.08 14:55:00,93927.56,93927.56,93918.59,93918.59,300,63,0
2026.03.08 14:50:00,93936.56,93936.56,93927.59,93927.59,300,63,0
2026.03.08 14:45:00,93945.56,93945.56,93936.59,93936.59,300,63,0
2026.03.08 14:40:00,93954.56,93954.56,93945.59,93945.59,300,63,0
2026.03.08 14:35:00,93963.56,93963.56,93954.59,93954.59,300,63,0
2026.03.08 14:30:00,93972.56,93972.56,93963.59,93963.59,300,63,0
2026.03.08 14:25:00,93981.56,93981.56,93972.59,93972.59,300,63,0
2026.03.08 14:20:00,93990.56,93990.56,93981.59,93981.59,300,63,0
2026.03.08 14:15:00,93999.56,93999.56,93990.59,93990.59,300,63,0
2026.03.08 14:10:00,93984.28,94002.29,93978.04,93999.59,300,63,0
2026.03.08 14:05:00,93993.28,93993.28,93984.31,93984.31,300,63,0
2026.03.08 14:00:00,94002.28,94002.28,93993.31,93993.31,300,63,0
2026.03.08 13:55:00,94011.28,94011.28,94002.31,94002.31,300,63,0
2026.03.08 13:50:00,94007.45,94015.39,94002.59,94011.31,300,63,0
2026.03.08 13:45:00,94016.45,94016.45,94007.48,94007.48,300,63,0
2026.03.08 13:40:00,94025.45,94025.45,94016.48,94016.48,300,63,0
2026.03.08 13:35:00,94001.15,94031.84,93998.57,94025.48,300,63,0
2026.03.08 13:30:00,94010.15,94010.15,94001.18,94001.18,300,63,0
2026.03.08 13:25:00,93969.91,94014.74,93966.82,94010.18,300,63,0
2026.03.08 13:20:00,93978.91,93978.91,93969.94,93969.94,300,63,0
2026.03.08 13:15:00,93971.84,93980.86,93964.82,93978.94,300,63,0
2026.03.08 13:10:00,93959.63,93980.03,93958.85,93971.87,300,63,0
2026.03.08 13:05:00,93914.57,93961.55,93910.46,93959.66,300,63,0
2026.03.08 13:00:00,93923.57,93923.57,93914.60,93914.60,300,63,0
2026.03.08 12:55:00,93932.57,93932.57,93923.60,93923.60,300,63,0
2026.03.08 12:50:00,93925.53,93933.80,93917.79,93932.60,300,63,0
2026.03.08 12:45:00,93934.53,93934.53,93925.56,93925.56,300,63,0
2026.03.08 12:40:00,93927.38,93935.43,93919.31,93934.56,300,63,0
2026.03.08 12:35:00,93896.88,93928.31,93894.36,93927.41,300,63,0
2026.03.08 12:30:00,93905.88,93905.88,93896.91,93896.91,300,63,0
2026.03.08 12:25:00,93914.88,93914.88,93905.91,93905.91,300,63,0
2026.03.08 12:20:00,93888.65,93921.54,93886.34,93914.91,300,63,0
2026.03.08 12:15:00,93897.65,93897.65,93888.68,93888.68,300,63,0
2026.03.08 12:10:00,93845.40,93899.42,93840.24,93897.68,300,63,0
2026.03.08 12:05:00,93854.40,93854.40,93845.43,93845.43,300,63,0
2026.03.08 12:00:00,93863.40,93863.40,93854.43,93854.43,300,63,0
2026.03.08 11:55:00,93872.40,93872.40,93863.43,93863.43,300,63,0
2026.03.08 11:50:00,93881.40,93881.40,93872.43,93872.43,300,63,0
2026.03.08 11:45:00,93844.02,93883.71,93844.02,93881.43,300,63,0
2026.03.08 11:40:00,93853.02,93853.02,93844.05,93844.05,300,63,0
2026.03.08 11:35:00,93862.02,93862.02,93853.05,93853.05,300,63,0
2026.03.08 11:30:00,93858.35,93864.30,93851.66,93862.05,300,63,0
2026.03.08 11:25:00,93867.35,93867.35,93858.38,93858.38,300,63,0
2026.03.08 11:20:00,93876.35,93876.35,93867.38,93867.38,300,63,0
2026.03.08 11:15:00,93866.57,93880.04,93861.29,93876.38,300,63,0
2026.03.08 11:10:00,93818.10,93870.14,93817.50,93866.60,300,63,0
2026.03.08 11:05:00,93827.10,93827.10,93818.13,93818.13,300,63,0
2026.03.08 11:00:00,93836.10,93836.10,93827.13,93827.13,300,63,0
2026.03.08 10:55:00,93820.87,93843.57,93819.37,93836.13,300,63,0
2026.03.08 10:50:00,93829.87,93829.87,93820.90,93820.90,300,63,0
2026.03.08 10:45:00,93838.87,93838.87,93829.90,93829.90,300,63,0
2026.03.08 10:40:00,93847.87,93847.87,93838.90,93838.90,300,63,0
2026.03.08 10:35:00,93856.87,93856.87,93847.90,93847.90,300,63,0
2026.03.08 10:30:00,93865.87,93865.87,93856.90,93856.90,300,63,0
2026.03.08 10:25:00,93874.87,93874.87,93865.90,93865.90,300,63,0
2026.03.08 10:20:00,93852.65,93878.83,93847.64,93874.90,300,63,0
2026.03.08 10:15:00,93807.56,93855.20,93802.49,93852.68,300,63,0
2026.03.08 10:10:00,93816.56,93816.56,93807.59,93807.59,300,63,0
2026.03.08 10:05:00,93825.56,93825.56,93816.59,93816.59,300,63,0
2026.03.08 10:00:00,93834.56,93834.56,93825.59,93825.59,300,63,0
2026.03.08 09:55:00,93843.56,93843.56,93834.59,93834.59,300,63,0
2026.03.08 09:50:00,93852.56,93852.56,93843.59,93843.59,300,63,0
2026.03.08 09:45:00,93861.56,93861.56,93852.59,93852.59,300,63,0
2026.03.08 09:40:00,93870.56,93870.56,93861.59,93861.59,300,63,0
2026.03.08 09:35:00,93879.56,93879.56,93870.59,93870.59,300,63,0
2026.03.08 09:30:00,93888.56,93888.56,93879.59,93879.59,300,63,0
2026.03.08 09:25:00,93882.99,93890.36,93875.82,93888.59,300,63,0
2026.03.08 09:20:00,93891.99,93891.99,93883.02,93883.02,300,63,0
2026.03.08 09:15:00,93864.08,93894.84,93857.96,93892.02,300,63,0
2026.03.08 09:10:00,93873.08,93873.08,93864.11,93864.11,300,63,0
2026.03.08 09:05:00,93882.08,93882.08,93873.11,93873.11,300,63,0
2026.03.08 09:00:00,93891.08,93891.08,93882.11,93882.11,300,63,0
2026.03.08 08:55:00,93869.51,93892.64,93862.10,93891.11,300,63,0
2026.03.08 08:50:00,93878.51,93878.51,93869.54,93869.54,300,63,0
2026.03.08 08:45:00,93887.51,93887.51,93878.54,93878.54,300,63,0
2026.03.08 08:40:00,93896.51,93896.51,93887.54,93887.54,300,63,0
2026.03.08 08:35:00,93905.51,93905.51,93896.54,93896.54,300,63,0
2026.03.08 08:30:00,93914.51,93914.51,93905.54,93905.54,300,63,0
2026.03.08 08:25:00,93923.51,93923.51,93914.54,93914.54,300,63,0
2026.03.08 08:20:00,93932.51,93932.51,93923.54,93923.54,300,63,0
2026.03.08 08:15:00,93925.19,93936.77,93920.48,93932.54,300,63,0
2026.03.08 08:10:00,93934.19,93934.19,93925.22,93925.22,300,63,0
2026.03.08 08:05:00,93943.19,93943.19,93934.22,93934.22,300,63,0
2026.03.08 08:00:00,93952.19,93952.19,93943.22,93943.22,231,63,0
2026.03.08 07:55:00,93943.98,93958.61,93941.43,93952.22,300,63,0
2026.03.08 07:50:00,93952.98,93952.98,93944.01,93944.01,300,63,0
2026.03.08 07:45:00,93931.53,93954.96,93929.82,93953.01,300,63,0
2026.03.08 07:40:00,93940.53,93940.53,93931.56,93931.56,300,63,0
2026.03.08 07:35:00,93949.53,93949.53,93940.56,93940.56,300,63,0
2026.03.08 07:30:00,93940.70,93957.57,93939.77,93949.56,300,63,0
2026.03.08 07:25:00,93949.70,93949.70,93940.73,93940.73,300,63,0
2026.03.08 07:20:00,93958.70,93958.70,93949.73,93949.73,300,63,0
2026.03.08 07:15:00,93950.73,93965.93,93948.99,93958.73,300,63,0
2026.03.08 07:10:00,93959.73,93959.73,93950.76,93950.76,300,63,0
2026.03.08 07:05:00,93968.73,93968.73,93959.76,93959.76,300,63,0
2026.03.08 07:00:00,93977.73,93977.73,93968.76,93968.76,300,63,0
2026.03.08 06:45:00,93970.40,93981.00,93964.70,93977.76,300,63,0
2026.03.08 06:40:00,93979.40,93979.40,93970.43,93970.43,300,63,0
2026.03.08 06:35:00,93988.40,93988.40,93979.43,93979.43,300,63,0
2026.03.08 06:30:00,93997.40,93997.40,93988.43,93988.43,300,63,0
2026.03.08 06:25:00,94006.40,94006.40,93997.43,93997.43,300,63,0
2026.03.08 06:20:00,94015.40,94015.40,94006.43,94006.43,300,63,0
2026.03.08 06:15:00,94024.40,94024.40,94015.43,94015.43,300,63,0
2026.03.08 06:10:00,94012.84,94030.28,94009.75,94024.43,300,63,0
2026.03.08 06:05:00,94021.84,94021.84,94012.87,94012.87,300,63,0
2026.03.08 06:00:00,94030.84,94030.84,94021.87,94021.87,300,63,0
2026.03.08 05:55:00,94039.84,94039.84,94030.87,94030.87,300,63,0
2026.03.08 05:50:00,94048.84,94048.84,94039.87,94039.87,300,63,0
2026.03.08 05:45:00,94057.84,94057.84,94048.87,94048.87,300,63,0
2026.03.08 05:40:00,94048.18,94062.46,94043.83,94057.87,300,63,0
2026.03.08 05:35:00,94033.24,94054.12,94030.21,94048.21,300,63,0
2026.03.08 05:30:00,94042.24,94042.24,94033.27,94033.27,300,63,0
2026.03.08 05:25:00,94051.24,94051.24,94042.27,94042.27,300,63,0
2026.03.08 05:20:00,94060.24,94060.24,94051.27,94051.27,300,63,0
2026.03.08 05:15:00,94069.24,94069.24,94060.27,94060.27,300,63,0
2026.03.08 05:10:00,94078.24,94078.24,94069.27,94069.27,300,63,0
2026.03.08 05:05:00,94087.24,94087.24,94078.27,94078.27,300,63,0
2026.03.08 05:00:00,94096.24,94096.24,94087.27,94087.27,300,63,0
2026.03.08 04:55:00,94105.24,94105.24,94096.27,94096.27,300,63,0
2026.03.08 04:50:00,94114.24,94114.24,94105.27,94105.27,300,63,0
2026.03.08 04:45:00,94123.24,94123.24,94114.27,94114.27,300,63,0
2026.03.08 04:40:00,94132.24,94132.24,94123.27,94123.27,300,63,0
2026.03.08 04:35:00,94141.24,94141.24,94132.27,94132.27,300,63,0
2026.03.08 04:30:00,94095.87,94144.51,94093.35,94141.27,300,63,0
2026.03.08 04:25:00,94085.19,94104.63,94084.98,94095.90,300,63,0
2026.03.08 04:20:00,94094.19,94094.19,94085.22,94085.22,300,63,0
2026.03.08 04:15:00,94103.19,94103.19,94094.22,94094.22,300,63,0
2026.03.08 04:10:00,94112.19,94112.19,94103.22,94103.22,300,63,0
2026.03.08 04:05:00,94121.19,94121.19,94112.22,94112.22,300,63,0
2026.03.08 04:00:00,94130.19,94130.19,94121.22,94121.22,300,63,0
2026.03.08 03:55:00,94139.19,94139.19,94130.22,94130.22,300,63,0
2026.03.08 03:50:00,94103.37,94146.03,94101.42,94139.22,300,63,0
2026.03.08 03:45:00,94088.46,94104.03,94080.15,94103.40,300,63,0
2026.03.08 03:40:00,94097.46,94097.46,94088.49,94088.49,300,63,0
2026.03.08 03:35:00,94077.56,94099.50,94070.63,94097.49,300,63,0
2026.03.08 03:30:00,94086.56,94086.56,94077.59,94077.59,300,63,0
2026.03.08 03:25:00,94095.56,94095.56,94086.59,94086.59,300,63,0
2026.03.08 03:20:00,94057.60,94099.88,94052.95,94095.59,300,63,0
2026.03.08 03:15:00,94020.90,94061.95,94016.79,94057.63,300,63,0
2026.03.08 03:10:00,94029.90,94029.90,94020.93,94020.93,300,63,0
2026.03.08 03:05:00,94038.90,94038.90,94029.93,94029.93,300,63,0
2026.03.08 03:00:00,94047.90,94047.90,94038.93,94038.93,300,63,0
2026.03.08 02:55:00,94056.90,94056.90,94047.93,94047.93,300,63,0
2026.03.08 02:50:00,94032.29,94058.40,94024.82,94056.93,300,63,0
2026.03.08 02:45:00,94028.86,94035.71,94023.31,94032.32,300,63,0
2026.03.08 02:40:00,94037.86,94037.86,94028.89,94028.89,300,63,0
2026.03.08 02:35:00,94031.62,94040.14,94024.93,94037.89,300,63,0
2026.03.08 02:30:00,93968.67,94038.85,93967.86,94031.65,300,63,0
2026.03.08 02:25:00,93977.67,93977.67,93968.70,93968.70,300,63,0
2026.03.08 02:20:00,93986.67,93986.67,93977.70,93977.70,300,63,0
2026.03.08 02:15:00,93995.67,93995.67,93986.70,93986.70,300,63,0
2026.03.08 02:10:00,94004.67,94004.67,93995.70,93995.70,300,63,0
2026.03.08 02:05:00,94013.67,94013.67,94004.70,94004.70,300,63,0
2026.03.08 02:00:00,94009.69,94020.30,94007.35,94013.70,300,63,0
2026.03.08 01:55:00,94018.69,94018.69,94009.72,94009.72,300,63,0
2026.03.08 01:50:00,94027.69,94027.69,94018.72,94018.72,300,63,0
2026.03.08 01:45:00,94036.69,94036.69,94027.72,94027.72,300,63,0
2026.03.08 01:40:00,94045.69,94045.69,94036.72,94036.72,300,63,0
2026.03.08 01:35:00,94054.69,94054.69,94045.72,94045.72,300,63,0
2026.03.08 01:30:00,94063.69,94063.69,94054.72,94054.72,300,63,0
2026.03.08 01:25:00,94052.12,94070.71,94050.17,94063.72,300,63,0
2026.03.08 01:20:00,94061.12,94061.12,94052.15,94052.15,300,63,0
2026.03.08 01:15:00,94017.66,94068.92,94016.91,94061.15,300,63,0
2026.03.08 01:10:00,94024.14,94024.14,94017.69,94017.69,217,63,0
2026.03.08 01:05:00,94033.14,94033.14,94024.17,94024.17,300,63,0
2026.03.08 01:00:00,94042.14,94042.14,94033.17,94033.17,300,63,0
2026.03.08 00:55:00,94051.14,94051.14,94042.17,94042.17,300,63,0
2026.03.08 00:50:00,94060.14,94060.14,94051.17,94051.17,300,63,0
2026.03.08 00:45:00,94069.14,94069.14,94060.17,94060.17,300,63,0
2026.03.08 00:40:00,94078.14,94078.14,94069.17,94069.17,300,63,0
2026.03.08 00:35:00,94070.52,94086.63,94070.04,94078.17,300,63,0
2026.03.08 00:30:00,94060.13,94071.81,94052.45,94070.55,300,63,0
2026.03.08 00:25:00,94040.95,94065.95,94039.18,94060.16,300,63,0
2026.03.08 00:20:00,94049.95,94049.95,94040.98,94040.98,300,63,0
2026.03.08 00:15:00,94058.95,94058.95,94049.98,94049.98,300,63,0
2026.03.08 00:10:00,94067.95,94067.95,94058.98,94058.98,300,63,0
2026.03.08 00:05:00,94047.19,94072.27,94043.56,94067.98,300,63,0
2026.03.08 00:00:00,94005.76,94049.08,94000.27,94047.22,300,63,0
2026.03.07 23:55:00,94014.76,94014.76,94005.79,94005.79,300,63,0
2026.03.07 23:50:00,94023.76,94023.76,94014.79,94014.79,300,63,0
2026.03.07 23:45:00,94032.76,94032.76,94023.79,94023.79,300,63,0
2026.03.07 23:40:00,94041.76,94041.76,94032.79,94032.79,300,63,0
2026.03.07 23:35:00,94032.97,94044.07,94026.31,94041.79,300,63,0
2026.03.07 23:30:00,94041.97,94041.97,94033.00,94033.00,300,63,0
2026.03.07 23:25:00,94050.97,94050.97,94042.00,94042.00,300,63,0
2026.03.07 23:20:00,94059.97,94059.97,94051.00,94051.00,300,63,0
2026.03.07 23:15:00,94068.97,94068.97,94060.00,94060.00,300,63,0
2026.03.07 23:10:00,94077.97,94077.97,94069.00,94069.00,300,63,0
2026.03.07 23:05:00,94086.97,94086.97,94078.00,94078.00,300,63,0
2026.03.07 23:00:00,94095.97,94095.97,94087.00,94087.00,300,63,0
2026.03.07 22:55:00,94104.97,94104.97,94096.00,94096.00,300,63,0
2026.03.07 22:50:00,94074.15,94092.24,94074.15,94083.30,300,63,0
2026.03.07 22:45:00,94083.15,94083.15,94074.18,94074.18,300,63,0
2026.03.07 22:40:00,94063.64,94087.62,94059.14,94083.18,300,63,0
2026.03.07 22:35:00,94072.64,94072.64,94063.67,94063.67,300,63,0
2026.03.07 22:30:00,94081.64,94081.64,94072.67,94072.67,300,63,0
2026.03.07 22:25:00,94075.45,94087.25,94072.09,94081.67,300,63,0
2026.03.07 22:20:00,94084.45,94084.45,94075.48,94075.48,300,63,0
2026.03.07 22:15:00,94093.45,94093.45,94084.48,94084.48,300,63,0
2026.03.07 22:10:00,94082.87,94094.92,94075.37,94093.48,300,63,0
2026.03.07 22:05:00,94091.63,94091.63,94082.90,94082.90,292,63,0
2026.03.07 22:00:00,94100.63,94100.63,94091.66,94091.66,300,63,0
2026.03.07 21:55:00,94109.63,94109.63,94100.66,94100.66,286,63,0
2026.03.07 21:50:00,94118.63,94118.63,94109.66,94109.66,300,63,0
2026.03.07 21:45:00,94104.95,94120.67,94098.02,94118.66,300,63,0
2026.03.07 21:40:00,94113.95,94113.95,94104.98,94104.98,300,63,0
2026.03.07 21:35:00,94122.95,94122.95,94113.98,94113.98,300,63,0
2026.03.07 21:30:00,94114.29,94130.03,94112.40,94122.98,300,63,0
2026.03.07 21:25:00,94123.29,94123.29,94114.32,94114.32,300,63,0
2026.03.07 21:20:00,94132.29,94132.29,94123.32,94123.32,300,63,0
2026.03.07 21:15:00,94141.29,94141.29,94132.32,94132.32,300,63,0
2026.03.07 21:10:00,94150.29,94150.29,94141.32,94141.32,300,63,0
2026.03.07 21:05:00,94159.29,94159.29,94150.32,94150.32,300,63,0
2026.03.07 21:00:00,94168.29,94168.29,94159.32,94159.32,300,63,0
2026.03.07 20:55:00,94177.29,94177.29,94168.32,94168.32,300,63,0
2026.03.07 20:50:00,94182.42,94182.42,94177.32,94177.32,172,63,0
2026.03.07 20:45:00,94152.32,94190.22,94151.15,94182.45,300,63,0
2026.03.07 20:40:00,94145.65,94156.88,94141.24,94152.35,300,63,0
2026.03.07 20:35:00,94154.65,94154.65,94145.68,94145.68,300,63,0
2026.03.07 20:30:00,94163.65,94163.65,94154.68,94154.68,300,63,0
2026.03.07 20:25:00,94134.99,94170.28,94132.65,94163.68,300,63,0
2026.03.07 20:20:00,94143.99,94143.99,94135.02,94135.02,300,63,0
2026.03.07 20:15:00,94152.99,94152.99,94144.02,94144.02,300,63,0
2026.03.07 20:10:00,94161.99,94161.99,94153.02,94153.02,300,63,0
2026.03.07 20:05:00,94146.53,94162.35,94137.92,94162.02,300,63,0
2026.03.07 20:00:00,94155.53,94155.53,94146.56,94146.56,300,63,0
2026.03.07 19:55:00,94136.57,94159.79,94131.86,94155.56,300,63,0
2026.03.07 19:50:00,94145.57,94145.57,94136.60,94136.60,300,63,0
2026.03.07 19:45:00,94124.33,94145.90,94115.69,94145.60,300,63,0
2026.03.07 19:40:00,94098.68,94128.59,94093.97,94124.36,300,63,0
2026.03.07 19:35:00,94048.94,94102.49,94043.87,94098.71,300,63,0
2026.03.07 19:30:00,94057.94,94057.94,94048.97,94048.97,300,63,0
2026.03.07 19:25:00,94066.94,94066.94,94057.97,94057.97,300,63,0
2026.03.07 19:20:00,94047.90,94074.98,94046.97,94066.97,300,63,0
2026.03.07 19:15:00,94056.90,94056.90,94047.93,94047.93,300,63,0
2026.03.07 19:10:00,94051.69,94064.46,94050.28,94056.93,300,63,0
2026.03.07 19:05:00,94014.60,94052.89,94009.41,94051.72,300,63,0
2026.03.07 19:00:00,94023.60,94023.60,94014.63,94014.63,300,63,0
2026.03.07 18:55:00,93976.15,94027.98,93973.75,94023.63,300,63,0
2026.03.07 18:50:00,93985.15,93985.15,93976.18,93976.18,300,63,0
2026.03.07 18:45:00,93994.15,93994.15,93985.18,93985.18,300,63,0
2026.03.07 18:40:00,94003.15,94003.15,93994.18,93994.18,300,63,0
2026.03.07 18:35:00,94012.15,94012.15,94003.18,94003.18,300,63,0
2026.03.07 18:30:00,94021.15,94021.15,94012.18,94012.18,300,63,0
2026.03.07 18:25:00,94030.15,94030.15,94021.18,94021.18,300,63,0
2026.03.07 18:20:00,93997.11,94032.19,93993.18,94030.18,300,63,0
2026.03.07 18:15:00,93982.00,94002.12,93978.04,93997.14,300,63,0
2026.03.07 18:10:00,93959.36,93984.94,93953.33,93982.03,300,63,0
2026.03.07 18:05:00,93949.04,93967.58,93948.29,93959.39,300,63,0
2026.03.07 18:00:00,93958.04,93958.04,93949.07,93949.07,300,63,0
2026.03.07 17:55:00,93967.04,93967.04,93958.07,93958.07,300,63,0
2026.03.07 17:50:00,93947.12,93967.34,93938.45,93967.07,300,63,0
2026.03.07 17:45:00,93935.10,93949.34,93928.35,93947.15,300,63,0
2026.03.07 17:40:00,93944.10,93944.10,93935.13,93935.13,300,63,0
2026.03.07 17:35:00,93953.10,93953.10,93944.13,93944.13,300,63,0
2026.03.07 17:30:00,93962.10,93962.10,93953.13,93953.13,300,63,0
2026.03.07 17:25:00,93971.10,93971.10,93962.13,93962.13,300,63,0
2026.03.07 17:20:00,93980.10,93980.10,93971.13,93971.13,300,63,0
2026.03.07 17:15:00,93989.10,93989.10,93980.13,93980.13,300,63,0
2026.03.07 17:10:00,93998.10,93998.10,93989.13,93989.13,300,63,0
2026.03.07 17:05:00,93970.02,94004.10,93967.05,93998.13,300,63,0
2026.03.07 17:00:00,93979.02,93979.02,93970.05,93970.05,300,63,0
2026.03.07 16:55:00,93968.46,93984.84,93965.31,93979.05,300,63,0
2026.03.07 16:50:00,93977.46,93977.46,93968.49,93968.49,300,63,0
2026.03.07 16:45:00,93966.70,93981.63,93961.90,93977.49,300,63,0
2026.03.07 16:40:00,93909.86,93972.49,93906.92,93966.73,300,63,0
2026.03.07 16:35:00,93918.86,93918.86,93909.89,93909.89,300,63,0
2026.03.07 16:30:00,93927.86,93927.86,93918.89,93918.89,300,63,0
2026.03.07 16:25:00,93936.86,93936.86,93927.89,93927.89,300,63,0
2026.03.07 16:20:00,93945.86,93945.86,93936.89,93936.89,300,63,0
2026.03.07 16:15:00,93954.89,93954.89,93945.89,93945.89,301,63,0
2026.03.07 16:10:00,93923.87,93962.24,93922.25,93954.92,300,63,0
2026.03.07 16:05:00,93910.08,93926.87,93904.11,93923.90,300,63,0
2026.03.07 16:00:00,93868.86,93912.57,93862.65,93910.11,300,63,0
2026.03.07 15:55:00,93877.86,93877.86,93868.89,93868.89,300,63,0
2026.03.07 15:50:00,93842.41,93878.01,93833.59,93877.89,300,63,0
2026.03.07 15:45:00,93851.41,93851.41,93842.44,93842.44,300,63,0
2026.03.07 15:40:00,93860.41,93860.41,93851.44,93851.44,300,63,0
2026.03.07 15:35:00,93869.41,93869.41,93860.44,93860.44,300,63,0
2026.03.07 15:30:00,93863.27,93871.09,93855.98,93869.44,300,63,0
2026.03.07 15:25:00,93872.27,93872.27,93863.30,93863.30,300,63,0
2026.03.07 15:20:00,93881.27,93881.27,93872.30,93872.30,300,63,0
2026.03.07 15:15:00,93890.27,93890.27,93881.30,93881.30,300,63,0
2026.03.07 15:10:00,93899.27,93899.27,93890.30,93890.30,300,63,0
2026.03.07 15:05:00,93908.27,93908.27,93899.30,93899.30,300,63,0
2026.03.07 15:00:00,93917.27,93917.27,93908.30,93908.30,300,63,0
2026.03.07 14:55:00,93912.90,93920.36,93907.02,93917.30,300,63,0
2026.03.07 14:50:00,93875.12,93915.51,93870.32,93912.93,300,63,0
2026.03.07 14:45:00,93884.12,93884.12,93875.15,93875.15,300,63,0
2026.03.07 14:40:00,93893.12,93893.12,93884.15,93884.15,300,63,0
2026.03.07 14:35:00,93902.12,93902.12,93893.15,93893.15,300,63,0
2026.03.07 14:30:00,93911.12,93911.12,93902.15,93902.15,300,63,0
2026.03.07 14:25:00,93920.12,93920.12,93911.15,93911.15,300,63,0
2026.03.07 14:20:00,93929.12,93929.12,93920.15,93920.15,300,63,0
2026.03.07 14:15:00,93938.12,93938.12,93929.15,93929.15,300,63,0
2026.03.07 14:10:00,93919.58,93939.62,93912.11,93938.15,300,63,0
2026.03.07 14:05:00,93913.25,93923.99,93908.69,93919.61,300,63,0
2026.03.07 14:00:00,93884.60,93917.93,93880.31,93913.28,300,63,0
2026.03.07 13:55:00,93893.60,93893.60,93884.63,93884.63,300,63,0
2026.03.07 13:50:00,93902.60,93902.60,93893.63,93893.63,300,63,0
2026.03.07 13:45:00,93869.50,93906.11,93864.04,93902.63,300,63,0
2026.03.07 13:40:00,93803.00,93872.38,93799.22,93869.53,300,63,0
2026.03.07 13:35:00,93812.00,93812.00,93803.03,93803.03,300,63,0
2026.03.07 13:30:00,93787.41,93817.82,93784.26,93812.03,300,63,0
2026.03.07 13:25:00,93774.83,93792.87,93771.32,93787.44,300,63,0
2026.03.07 13:20:00,93783.83,93783.83,93774.86,93774.86,300,63,0
2026.03.07 13:15:00,93792.83,93792.83,93783.86,93783.86,300,63,0
2026.03.07 13:10:00,93801.83,93801.83,93792.86,93792.86,300,63,0
2026.03.07 13:05:00,93810.83,93810.83,93801.86,93801.86,300,63,0
2026.03.07 13:00:00,93819.83,93819.83,93810.86,93810.86,300,63,0
2026.03.07 12:55:00,93828.83,93828.83,93819.86,93819.86,300,63,0
2026.03.07 12:50:00,93837.83,93837.83,93828.86,93828.86,300,63,0
2026.03.07 12:45:00,93846.83,93846.83,93837.86,93837.86,300,63,0
2026.03.07 12:40:00,93855.83,93855.83,93846.86,93846.86,300,63,0
2026.03.07 12:35:00,93864.83,93864.83,93855.86,93855.86,300,63,0
2026.03.07 12:30:00,93852.90,93866.06,93845.16,93864.86,300,63,0
2026.03.07 12:25:00,93861.90,93861.90,93852.93,93852.93,300,63,0
2026.03.07 12:20:00,93870.90,93870.90,93861.93,93861.93,300,63,0
2026.03.07 12:15:00,93865.93,93871.89,93857.95,93870.93,300,63,0
2026.03.07 12:10:00,93874.93,93874.93,93865.96,93865.96,300,63,0
2026.03.07 12:05:00,93811.30,93882.67,93811.12,93874.96,300,63,0
2026.03.07 12:00:00,93820.30,93820.30,93811.33,93811.33,300,63,0
2026.03.07 11:55:00,93829.30,93829.30,93820.33,93820.33,300,63,0
2026.03.07 11:50:00,93816.04,93835.84,93813.61,93829.33,300,63,0
2026.03.07 11:45:00,93825.04,93825.04,93816.07,93816.07,300,63,0
2026.03.07 11:40:00,93821.50,93828.40,93815.89,93825.07,300,63,0
2026.03.07 11:35:00,93812.38,93822.76,93804.67,93821.53,300,63,0
2026.03.07 11:30:00,93801.16,93815.59,93795.40,93812.41,300,63,0
2026.03.07 11:25:00,93778.46,93807.37,93775.70,93801.19,300,63,0
2026.03.07 11:20:00,93769.18,93780.62,93762.37,93778.49,300,63,0
2026.03.07 11:15:00,93778.18,93778.18,93769.21,93769.21,300,63,0
2026.03.07 11:10:00,93787.18,93787.18,93778.21,93778.21,300,63,0
2026.03.07 11:05:00,93767.99,93791.23,93763.07,93787.21,300,63,0
2026.03.07 11:00:00,93776.99,93776.99,93768.02,93768.02,300,63,0
2026.03.07 10:55:00,93785.99,93785.99,93777.02,93777.02,300,63,0
2026.03.07 10:50:00,93794.99,93794.99,93786.02,93786.02,300,63,0
2026.03.07 10:45:00,93803.99,93803.99,93795.02,93795.02,300,63,0
2026.03.07 10:40:00,93812.99,93812.99,93804.02,93804.02,300,63,0
2026.03.07 10:35:00,93821.99,93821.99,93813.02,93813.02,300,63,0
2026.03.07 10:30:00,93830.99,93830.99,93822.02,93822.02,300,63,0
2026.03.07 10:25:00,93809.39,93837.29,93806.72,93831.02,300,63,0
2026.03.07 10:20:00,93818.39,93818.39,93809.42,93809.42,300,63,0
2026.03.07 10:15:00,93804.54,93824.96,93802.14,93818.42,300,63,0
2026.03.07 10:10:00,93813.54,93813.54,93804.57,93804.57,300,63,0
2026.03.07 10:05:00,93804.95,93815.04,93797.48,93813.57,300,63,0
2026.03.07 10:00:00,93813.95,93813.95,93804.98,93804.98,300,63,0
2026.03.07 09:55:00,93822.95,93822.95,93813.98,93813.98,300,63,0
2026.03.07 09:50:00,93831.95,93831.95,93822.98,93822.98,300,63,0
2026.03.07 09:45:00,93840.95,93840.95,93831.98,93831.98,300,63,0
2026.03.07 09:40:00,93809.06,93847.07,93806.21,93840.98,300,63,0
2026.03.07 09:35:00,93818.06,93818.06,93809.09,93809.09,300,63,0
2026.03.07 09:30:00,93827.06,93827.06,93818.09,93818.09,300,63,0
2026.03.07 09:25:00,93836.06,93836.06,93827.09,93827.09,300,63,0
2026.03.07 09:20:00,93845.06,93845.06,93836.09,93836.09,300,63,0
2026.03.07 09:15:00,93827.12,93853.04,93826.13,93845.09,300,63,0
2026.03.07 09:10:00,93836.12,93836.12,93827.15,93827.15,300,63,0
2026.03.07 09:05:00,93845.12,93845.12,93836.15,93836.15,300,63,0
2026.03.07 09:00:00,93827.04,93850.58,93823.53,93845.15,300,63,0
2026.03.07 08:55:00,93819.70,93827.73,93811.42,93827.07,300,63,0
2026.03.07 08:50:00,93828.70,93828.70,93819.73,93819.73,300,63,0
2026.03.07 08:45:00,93837.70,93837.70,93828.73,93828.73,300,63,0
2026.03.07 08:40:00,93846.70,93846.70,93837.73,93837.73,300,63,0
2026.03.07 08:35:00,93840.43,93850.60,93835.36,93846.73,300,63,0
2026.03.07 08:30:00,93849.43,93849.43,93840.46,93840.46,300,63,0
2026.03.07 08:25:00,93858.43,93858.43,93849.46,93849.46,300,63,0
2026.03.07 08:20:00,93867.43,93867.43,93858.46,93858.46,300,63,0
2026.03.07 08:15:00,93815.69,93868.18,93811.97,93867.46,300,63,0
2026.03.07 08:10:00,93789.92,93823.79,93789.44,93815.72,300,63,0
2026.03.07 08:05:00,93798.92,93798.92,93789.95,93789.95,300,63,0
2026.03.07 08:00:00,93807.92,93807.92,93798.95,93798.95,300,63,0
2026.03.07 07:55:00,93786.42,93810.83,93780.36,93807.95,300,63,0
2026.03.07 07:50:00,93795.42,93795.42,93786.45,93786.45,300,63,0
2026.03.07 07:45:00,93764.08,93796.62,93762.28,93795.45,300,63,0
2026.03.07 07:40:00,93773.08,93773.08,93764.11,93764.11,300,63,0
2026.03.07 07:35:00,93782.08,93782.08,93773.11,93773.11,300,63,0
2026.03.07 07:30:00,93791.08,93791.08,93782.11,93782.11,300,63,0
2026.03.07 07:25:00,93768.11,93798.70,93766.76,93791.11,300,63,0
2026.03.07 07:20:00,93777.11,93777.11,93768.14,93768.14,300,63,0
2026.03.07 07:15:00,93761.42,93778.40,93753.71,93777.14,301,63,0
2026.03.07 07:10:00,93750.09,93765.77,93745.47,93761.45,300,63,0
2026.03.07 07:05:00,93759.09,93759.09,93750.12,93750.12,300,63,0
2026.03.07 07:00:00,93768.09,93768.09,93759.12,93759.12,300,63,0
2026.03.07 06:55:00,93777.09,93777.09,93768.12,93768.12,300,63,0
2026.03.07 06:50:00,93786.09,93786.09,93777.12,93777.12,300,63,0
2026.03.07 06:45:00,93795.09,93795.09,93786.12,93786.12,300,63,0
2026.03.07 06:40:00,93804.09,93804.09,93795.12,93795.12,300,63,0
2026.03.07 06:35:00,93813.09,93813.09,93804.12,93804.12,300,63,0
2026.03.07 06:30:00,93822.09,93822.09,93813.12,93813.12,300,63,0
2026.03.07 06:25:00,93831.09,93831.09,93822.12,93822.12,300,63,0
2026.03.07 06:20:00,93840.09,93840.09,93831.12,93831.12,300,63,0
2026.03.07 06:15:00,93849.09,93849.09,93840.12,93840.12,300,63,0
2026.03.07 06:10:00,93858.09,93858.09,93849.12,93849.12,300,63,0
2026.03.07 06:05:00,93867.09,93867.09,93858.12,93858.12,300,63,0
2026.03.07 06:00:00,93876.09,93876.09,93867.12,93867.12,300,63,0
2026.03.07 05:55:00,93825.35,93881.88,93824.60,93876.12,300,63,0
2026.03.07 05:50:00,93781.01,93829.61,93776.84,93825.38,300,63,0
2026.03.07 05:45:00,93740.16,93782.66,93732.84,93781.04,300,63,0
2026.03.07 05:40:00,93749.16,93749.16,93740.19,93740.19,300,63,0
2026.03.07 05:35:00,93729.67,93756.15,93727.69,93749.19,300,63,0
2026.03.07 05:30:00,93738.67,93738.67,93729.70,93729.70,300,63,0
2026.03.07 05:25:00,93734.60,93746.02,93732.98,93738.70,300,63,0
2026.03.07 05:20:00,93743.60,93743.60,93734.63,93734.63,300,63,0
2026.03.07 05:15:00,93730.90,93746.45,93724.78,93743.63,300,63,0
2026.03.07 05:10:00,93727.33,93736.60,93724.06,93730.93,300,63,0
2026.03.07 05:05:00,93697.99,93734.86,93696.55,93727.36,300,63,0
2026.03.07 05:00:00,93690.42,93705.64,93689.10,93698.02,300,63,0
2026.03.07 04:55:00,93699.42,93699.42,93690.45,93690.45,300,63,0
2026.03.07 04:50:00,93708.42,93708.42,93699.45,93699.45,300,63,0
2026.03.07 04:45:00,93717.42,93717.42,93708.45,93708.45,300,63,0
2026.03.07 04:40:00,93726.42,93726.42,93717.45,93717.45,300,63,0
2026.03.07 04:35:00,93735.42,93735.42,93726.45,93726.45,300,63,0
2026.03.07 04:30:00,93744.42,93744.42,93735.45,93735.45,300,63,0
2026.03.07 04:25:00,93734.41,93748.92,93729.94,93744.45,300,63,0
2026.03.07 04:20:00,93743.41,93743.41,93734.44,93734.44,300,63,0
2026.03.07 04:15:00,93752.41,93752.41,93743.44,93743.44,300,63,0
2026.03.07 04:10:00,93761.41,93761.41,93752.44,93752.44,300,63,0
2026.03.07 04:05:00,93770.41,93770.41,93761.44,93761.44,300,63,0
2026.03.07 04:00:00,93779.41,93779.41,93770.44,93770.44,300,63,0
2026.03.07 03:55:00,93788.41,93788.41,93779.44,93779.44,300,63,0
2026.03.07 03:50:00,93797.41,93797.41,93788.44,93788.44,300,63,0
2026.03.07 03:45:00,93778.57,93800.41,93772.60,93797.44,300,63,0
2026.03.07 03:40:00,93768.71,93784.51,93765.68,93778.60,300,63,0
2026.03.07 03:35:00,93777.71,93777.71,93768.74,93768.74,300,63,0
2026.03.07 03:30:00,93786.71,93786.71,93777.74,93777.74,300,63,0
2026.03.07 03:25:00,93795.71,93795.71,93786.74,93786.74,300,63,0
2026.03.07 03:20:00,93804.71,93804.71,93795.74,93795.74,300,63,0
2026.03.07 03:15:00,93813.71,93813.71,93804.74,93804.74,300,63,0
2026.03.07 03:10:00,93804.13,93820.85,93802.30,93813.74,300,63,0
2026.03.07 03:05:00,93751.73,93806.35,93747.47,93804.16,300,63,0
2026.03.07 03:00:00,93760.73,93760.73,93751.76,93751.76,300,63,0
2026.03.07 02:55:00,93749.10,93767.99,93747.39,93760.76,300,63,0
2026.03.07 02:50:00,93758.10,93758.10,93749.13,93749.13,300,63,0
2026.03.07 02:45:00,93767.10,93767.10,93758.13,93758.13,300,63,0
2026.03.07 02:40:00,93750.95,93775.62,93750.50,93767.13,300,63,0
2026.03.07 02:35:00,93759.95,93759.95,93750.98,93750.98,300,63,0
2026.03.07 02:30:00,93740.30,93766.28,93738.80,93759.98,300,63,0
2026.03.07 02:25:00,93749.30,93749.30,93740.33,93740.33,300,63,0
2026.03.07 02:20:00,93758.30,93758.30,93749.33,93749.33,300,63,0
2026.03.07 02:15:00,93733.90,93760.28,93726.91,93758.33,300,63,0
2026.03.07 02:10:00,93724.58,93736.27,93717.98,93733.93,300,63,0
2026.03.07 02:05:00,93733.58,93733.58,93724.61,93724.61,300,63,0
2026.03.07 02:00:00,93726.70,93734.84,93718.99,93733.61,300,63,0
2026.03.07 01:55:00,93735.70,93735.70,93726.73,93726.73,300,63,0
2026.03.07 01:50:00,93722.06,93740.14,93717.53,93735.73,300,63,0
2026.03.07 01:45:00,93731.06,93731.06,93722.09,93722.09,300,63,0
2026.03.07 01:40:00,93740.06,93740.06,93731.09,93731.09,300,63,0
2026.03.07 01:35:00,93749.06,93749.06,93740.09,93740.09,300,63,0
2026.03.07 01:30:00,93758.06,93758.06,93749.09,93749.09,300,63,0
2026.03.07 01:25:00,93714.47,93762.35,93711.44,93758.09,300,63,0
2026.03.07 01:20:00,93723.47,93723.47,93714.50,93714.50,300,63,0
2026.03.07 01:15:00,93732.47,93732.47,93723.50,93723.50,300,63,0
2026.03.07 01:10:00,93741.47,93741.47,93732.50,93732.50,300,63,0
2026.03.07 01:05:00,93750.47,93750.47,93741.50,93741.50,300,63,0
2026.03.07 01:00:00,93726.67,93755.69,93722.92,93750.50,300,63,0
2026.03.07 00:55:00,93703.35,93732.01,93699.72,93726.70,300,63,0
2026.03.07 00:50:00,93690.70,93704.67,93683.05,93703.38,300,63,0
2026.03.07 00:45:00,93699.70,93699.70,93690.73,93690.73,300,63,0
2026.03.07 00:40:00,93708.70,93708.70,93699.73,93699.73,300,63,0
2026.03.07 00:35:00,93690.58,93712.06,93684.97,93708.73,300,63,0
2026.03.07 00:30:00,93686.39,93694.33,93681.17,93690.61,300,63,0
2026.03.07 00:25:00,93695.39,93695.39,93686.42,93686.42,300,63,0
2026.03.07 00:20:00,93682.05,93703.91,93681.60,93695.42,300,63,0
2026.03.07 00:15:00,93658.09,93690.18,93657.25,93682.08,300,63,0
2026.03.07 00:10:00,93649.12,93662.38,93644.44,93658.12,300,63,0
2026.03.07 00:05:00,93628.79,93654.73,93625.43,93649.15,300,63,0
2026.03.07 00:00:00,93637.79,93637.79,93628.82,93628.82,300,63,0
2026.03.06 23:55:00,93646.79,93646.79,93637.82,93637.82,300,63,0
2026.03.06 23:50:00,93655.79,93655.79,93646.82,93646.82,300,63,0
2026.03.06 23:45:00,93664.79,93664.79,93655.82,93655.82,300,63,0
2026.03.06 23:40:00,93673.79,93673.79,93664.82,93664.82,300,63,0
2026.03.06 23:35:00,93682.79,93682.79,93673.82,93673.82,300,63,0
2026.03.06 23:30:00,93691.79,93691.79,93682.82,93682.82,300,63,0
2026.03.06 23:25:00,93700.79,93700.79,93691.82,93691.82,300,63,0
2026.03.06 23:20:00,93678.07,93705.77,93674.08,93700.82,300,63,0
2026.03.06 23:15:00,93687.07,93687.07,93678.10,93678.10,300,63,0
2026.03.06 23:10:00,93696.07,93696.07,93687.10,93687.10,300,63,0
2026.03.06 23:05:00,93692.60,93697.09,93684.65,93696.10,300,63,0
2026.03.06 23:00:00,93675.82,93695.72,93669.97,93692.63,300,63,0
2026.03.06 22:55:00,93684.82,93684.82,93675.85,93675.85,300,63,0
2026.03.06 22:50:00,93693.82,93693.82,93684.85,93684.85,300,63,0
2026.03.06 22:45:00,93702.82,93702.82,93693.85,93693.85,300,63,0
2026.03.06 22:40:00,93680.77,93703.27,93672.25,93702.85,300,63,0
2026.03.06 22:35:00,93689.77,93689.77,93680.80,93680.80,300,63,0
2026.03.06 22:30:00,93669.98,93697.78,93669.02,93689.80,300,63,0
2026.03.06 22:25:00,93678.98,93678.98,93670.01,93670.01,300,63,0
2026.03.06 22:20:00,93687.98,93687.98,93679.01,93679.01,300,63,0
2026.03.06 22:15:00,93697.01,93697.01,93688.01,93688.01,301,63,0
2026.03.06 22:10:00,93689.89,93703.52,93687.43,93697.04,300,63,0
2026.03.06 22:05:00,93698.89,93698.89,93689.92,93689.92,300,63,0
2026.03.06 22:00:00,93707.89,93707.89,93698.92,93698.92,300,63,0
2026.03.06 21:55:00,93716.89,93716.89,93707.92,93707.92,300,63,0
2026.03.06 21:50:00,93725.89,93725.89,93716.92,93716.92,300,63,0
2026.03.06 21:45:00,93734.89,93734.89,93725.92,93725.92,300,63,0
2026.03.06 21:40:00,93693.92,93741.55,93693.23,93734.92,300,63,0
2026.03.06 21:35:00,93702.92,93702.92,93693.95,93693.95,300,63,0
2026.03.06 21:30:00,93711.92,93711.92,93702.95,93702.95,300,63,0
2026.03.06 21:25:00,93720.92,93720.92,93711.95,93711.95,300,63,0
2026.03.06 21:20:00,93729.92,93729.92,93720.95,93720.95,300,63,0
2026.03.06 21:15:00,93725.82,93733.49,93720.42,93729.95,300,63,0
2026.03.06 21:10:00,93707.68,93727.98,93700.87,93725.85,300,63,0
2026.03.06 21:05:00,93703.73,93710.68,93697.76,93707.71,300,63,0
2026.03.06 21:00:00,93682.45,93710.99,93680.74,93703.76,300,63,0
2026.03.06 20:55:00,93691.45,93691.45,93682.48,93682.48,300,63,0
2026.03.06 20:50:00,93665.13,93691.87,93662.34,93691.48,300,63,0
2026.03.06 20:45:00,93674.13,93674.13,93665.16,93665.16,300,63,0
2026.03.06 20:40:00,93627.98,93675.54,93623.69,93674.16,300,63,0
2026.03.06 20:35:00,93622.34,93634.31,93619.70,93628.01,300,63,0
2026.03.06 20:30:00,93610.13,93625.97,93604.79,93622.37,300,63,0
2026.03.06 20:25:00,93619.13,93619.13,93610.16,93610.16,300,63,0
2026.03.06 20:20:00,93628.13,93628.13,93619.16,93619.16,300,63,0
2026.03.06 20:15:00,93613.89,93629.51,93606.30,93628.16,300,63,0
2026.03.06 20:10:00,93622.89,93622.89,93613.92,93613.92,300,63,0
2026.03.06 20:05:00,93612.74,93630.45,93611.33,93622.92,300,63,0
2026.03.06 20:00:00,93621.74,93621.74,93612.77,93612.77,300,63,0
2026.03.06 19:55:00,93630.74,93630.74,93621.77,93621.77,300,63,0
2026.03.06 19:50:00,93639.74,93639.74,93630.77,93630.77,300,63,0
2026.03.06 19:45:00,93648.74,93648.74,93639.77,93639.77,300,63,0
2026.03.06 19:40:00,93657.74,93657.74,93648.77,93648.77,300,63,0
2026.03.06 19:35:00,93666.74,93666.74,93657.77,93657.77,300,63,0
2026.03.06 19:30:00,93659.21,93673.22,93656.72,93666.77,300,63,0
2026.03.06 19:25:00,93668.21,93668.21,93659.24,93659.24,300,63,0
2026.03.06 19:20:00,93677.21,93677.21,93668.24,93668.24,300,63,0
2026.03.06 19:15:00,93686.21,93686.21,93677.24,93677.24,300,63,0
2026.03.06 19:10:00,93695.21,93695.21,93686.24,93686.24,300,63,0
2026.03.06 19:05:00,93689.90,93701.69,93687.41,93695.24,300,63,0
2026.03.06 19:00:00,93664.11,93693.56,93658.80,93689.93,300,63,0
2026.03.06 18:55:00,93673.11,93673.11,93664.14,93664.14,300,63,0
2026.03.06 18:50:00,93682.11,93682.11,93673.14,93673.14,300,63,0
2026.03.06 18:45:00,93655.08,93687.15,93651.15,93682.14,300,63,0
2026.03.06 18:40:00,93664.08,93664.08,93655.11,93655.11,300,63,0
2026.03.06 18:35:00,93653.05,93671.43,93651.43,93664.11,300,63,0
2026.03.06 18:30:00,93662.05,93662.05,93653.08,93653.08,300,63,0
2026.03.06 18:25:00,93671.05,93671.05,93662.08,93662.08,300,63,0
2026.03.06 18:20:00,93657.31,93679.27,93656.56,93671.08,300,63,0
2026.03.06 18:15:00,93638.61,93657.67,93630.00,93657.34,300,63,0
2026.03.06 18:10:00,93628.29,93639.90,93620.61,93638.64,300,63,0
2026.03.06 18:05:00,93637.29,93637.29,93628.32,93628.32,300,63,0
2026.03.06 18:00:00,93646.29,93646.29,93637.32,93637.32,300,63,0
2026.03.06 17:55:00,93655.29,93655.29,93646.32,93646.32,300,63,0
2026.03.06 17:50:00,93664.29,93664.29,93655.32,93655.32,300,63,0
2026.03.06 17:45:00,93673.29,93673.29,93664.32,93664.32,300,63,0
2026.03.06 17:40:00,93626.55,93674.28,93625.62,93673.32,300,63,0
2026.03.06 17:35:00,93619.72,93630.09,93614.29,93626.58,300,63,0
2026.03.06 17:30:00,93611.19,93623.14,93605.64,93619.75,300,63,0
2026.03.06 17:25:00,93620.19,93620.19,93611.22,93611.22,300,63,0
2026.03.06 17:20:00,93629.19,93629.19,93620.22,93620.22,300,63,0
2026.03.06 17:15:00,93620.55,93635.97,93618.36,93629.22,300,63,0
2026.03.06 17:10:00,93629.55,93629.55,93620.58,93620.58,300,63,0
2026.03.06 17:05:00,93638.55,93638.55,93629.58,93629.58,300,63,0
2026.03.06 17:00:00,93567.96,93643.32,93567.03,93638.58,300,63,0
2026.03.06 16:55:00,93576.96,93576.96,93567.99,93567.99,300,63,0
2026.03.06 16:50:00,93564.08,93582.66,93560.81,93576.99,300,63,0
2026.03.06 16:45:00,93537.45,93566.27,93530.67,93564.11,300,63,0
2026.03.06 16:40:00,93546.45,93546.45,93537.48,93537.48,300,63,0
2026.03.06 16:35:00,93555.45,93555.45,93546.48,93546.48,300,63,0
2026.03.06 16:30:00,93564.45,93564.45,93555.48,93555.48,300,63,0
2026.03.06 16:25:00,93546.75,93564.96,93538.29,93564.48,300,63,0
2026.03.06 16:20:00,93555.75,93555.75,93546.78,93546.78,300,63,0
2026.03.06 16:15:00,93511.78,93558.15,93508.36,93555.78,300,63,0
2026.03.06 16:10:00,93520.78,93520.78,93511.81,93511.81,300,63,0
2026.03.06 16:05:00,93529.78,93529.78,93520.81,93520.81,300,63,0
2026.03.06 16:00:00,93538.78,93538.78,93529.81,93529.81,300,63,0
2026.03.06 15:55:00,93547.78,93547.78,93538.81,93538.81,300,63,0
2026.03.06 15:50:00,93556.78,93556.78,93547.81,93547.81,300,63,0
2026.03.06 15:45:00,93530.93,93559.90,93527.30,93556.81,300,63,0
2026.03.06 15:40:00,93490.29,93532.31,93482.94,93530.96,300,63,0
2026.03.06 15:35:00,93499.29,93499.29,93490.32,93490.32,300,63,0
2026.03.06 15:30:00,93508.29,93508.29,93499.32,93499.32,300,63,0
2026.03.06 15:25:00,93517.29,93517.29,93508.32,93508.32,300,63,0
2026.03.06 15:20:00,93526.29,93526.29,93517.32,93517.32,300,63,0
2026.03.06 15:15:00,93535.29,93535.29,93526.32,93526.32,300,63,0
2026.03.06 15:10:00,93544.29,93544.29,93535.32,93535.32,300,63,0
2026.03.06 15:05:00,93509.45,93549.96,93509.03,93544.32,300,63,0
2026.03.06 15:00:00,93518.45,93518.45,93509.48,93509.48,300,63,0
2026.03.06 14:55:00,93497.24,93525.05,93494.87,93518.48,300,63,0
2026.03.06 14:50:00,93506.24,93506.24,93497.27,93497.27,300,63,0
2026.03.06 14:45:00,93491.62,93514.64,93491.05,93506.27,300,63,0
2026.03.06 14:40:00,93500.62,93500.62,93491.65,93491.65,300,63,0
2026.03.06 14:35:00,93509.62,93509.62,93500.65,93500.65,300,63,0
2026.03.06 14:30:00,93518.62,93518.62,93509.65,93509.65,300,63,0
2026.03.06 14:25:00,93527.62,93527.62,93518.65,93518.65,300,63,0
2026.03.06 14:20:00,93536.62,93536.62,93527.65,93527.65,300,63,0
2026.03.06 14:15:00,93527.02,93543.49,93524.92,93536.65,300,63,0
2026.03.06 14:10:00,93536.02,93536.02,93527.05,93527.05,300,63,0
2026.03.06 14:05:00,93545.02,93545.02,93536.05,93536.05,300,63,0
2026.03.06 14:00:00,93554.02,93554.02,93545.05,93545.05,300,63,0
2026.03.06 13:55:00,93563.02,93563.02,93554.05,93554.05,300,63,0
2026.03.06 13:50:00,93572.02,93572.02,93563.05,93563.05,300,63,0
2026.03.06 13:45:00,93581.02,93581.02,93572.05,93572.05,300,63,0
2026.03.06 13:40:00,93590.02,93590.02,93581.05,93581.05,300,63,0
2026.03.06 13:35:00,93599.02,93599.02,93590.05,93590.05,300,63,0
2026.03.06 13:30:00,93608.02,93608.02,93599.05,93599.05,300,63,0
2026.03.06 13:25:00,93617.02,93617.02,93608.05,93608.05,300,63,0
2026.03.06 13:20:00,93626.02,93626.02,93617.05,93617.05,300,63,0
2026.03.06 13:15:00,93635.02,93635.02,93626.05,93626.05,300,63,0
2026.03.06 13:10:00,93644.02,93644.02,93635.05,93635.05,300,63,0
2026.03.06 13:05:00,93622.96,93646.69,93616.63,93644.05,301,63,0
2026.03.06 13:00:00,93599.98,93624.40,93598.90,93622.99,300,63,0
2026.03.06 12:55:00,93608.98,93608.98,93600.01,93600.01,300,63,0
2026.03.06 12:50:00,93617.98,93617.98,93609.01,93609.01,300,63,0
2026.03.06 12:45:00,93626.98,93626.98,93618.01,93618.01,300,63,0
2026.03.06 12:40:00,93616.77,93627.28,93608.10,93627.01,300,63,0
2026.03.06 12:35:00,93625.77,93625.77,93616.80,93616.80,300,63,0
2026.03.06 12:30:00,93614.82,93628.17,93608.25,93625.80,300,63,0
2026.03.06 12:25:00,93623.82,93623.82,93614.85,93614.85,300,63,0
2026.03.06 12:20:00,93632.82,93632.82,93623.85,93623.85,300,63,0
2026.03.06 12:15:00,93641.82,93641.82,93632.85,93632.85,300,63,0
2026.03.06 12:10:00,93617.40,93645.27,93611.88,93641.85,300,63,0
2026.03.06 12:05:00,93626.40,93626.40,93617.43,93617.43,300,63,0
2026.03.06 12:00:00,93635.40,93635.40,93626.43,93626.43,300,63,0
2026.03.06 11:55:00,93644.40,93644.40,93635.43,93635.43,300,63,0
2026.03.06 11:50:00,93653.40,93653.40,93644.43,93644.43,300,63,0
2026.03.06 11:45:00,93648.99,93657.09,93643.71,93653.43,300,63,0
2026.03.06 11:40:00,93642.12,93652.14,93636.30,93649.02,300,63,0
2026.03.06 11:35:00,93651.12,93651.12,93642.15,93642.15,300,63,0
2026.03.06 11:30:00,93660.12,93660.12,93651.15,93651.15,300,63,0
2026.03.06 11:25:00,93643.62,93665.67,93640.20,93660.15,300,63,0
2026.03.06 11:20:00,93622.56,93649.89,93619.86,93643.65,300,63,0
2026.03.06 11:15:00,93617.18,93624.15,93609.80,93622.59,300,63,0
2026.03.06 11:10:00,93626.18,93626.18,93617.21,93617.21,300,63,0
2026.03.06 11:05:00,93635.18,93635.18,93626.21,93626.21,300,63,0
2026.03.06 11:00:00,93622.33,93638.30,93616.48,93635.21,300,63,0
2026.03.06 10:55:00,93602.64,93629.77,93601.11,93622.36,300,63,0
2026.03.06 10:50:00,93531.18,93604.11,93525.54,93602.67,300,63,0
2026.03.06 10:45:00,93540.18,93540.18,93531.21,93531.21,300,63,0
2026.03.06 10:40:00,93549.18,93549.18,93540.21,93540.21,300,63,0
2026.03.06 10:35:00,93558.18,93558.18,93549.21,93549.21,300,63,0
2026.03.06 10:30:00,93567.18,93567.18,93558.21,93558.21,300,63,0
2026.03.06 10:25:00,93562.88,93571.92,93558.65,93567.21,300,63,0
2026.03.06 10:20:00,93571.88,93571.88,93562.91,93562.91,300,63,0
2026.03.06 10:15:00,93580.88,93580.88,93571.91,93571.91,300,63,0
2026.03.06 10:10:00,93589.88,93589.88,93580.91,93580.91,300,63,0
2026.03.06 10:05:00,93598.88,93598.88,93589.91,93589.91,300,63,0
2026.03.06 10:00:00,93578.75,93607.55,93578.45,93598.91,300,63,0
2026.03.06 09:55:00,93587.75,93587.75,93578.78,93578.78,300,63,0
2026.03.06 09:50:00,93596.75,93596.75,93587.78,93587.78,300,63,0
2026.03.06 09:45:00,93605.75,93605.75,93596.78,93596.78,300,63,0
2026.03.06 09:40:00,93602.51,93611.78,93599.57,93605.78,300,63,0
2026.03.06 09:35:00,93594.51,93605.66,93588.69,93602.54,300,63,0
2026.03.06 09:30:00,93603.51,93603.51,93594.54,93594.54,300,63,0
2026.03.06 09:25:00,93612.51,93612.51,93603.54,93603.54,300,63,0
2026.03.06 09:20:00,93621.51,93621.51,93612.54,93612.54,300,63,0
2026.03.06 09:15:00,93615.41,93622.41,93607.34,93621.54,300,63,0
2026.03.06 09:10:00,93624.41,93624.41,93615.44,93615.44,300,63,0
2026.03.06 09:05:00,93615.18,93626.72,93608.52,93624.44,300,63,0
2026.03.06 09:00:00,93624.18,93624.18,93615.21,93615.21,300,63,0
2026.03.06 08:55:00,93633.18,93633.18,93624.21,93624.21,300,63,0
2026.03.06 08:50:00,93642.18,93642.18,93633.21,93633.21,300,63,0
2026.03.06 08:45:00,93651.18,93651.18,93642.21,93642.21,300,63,0
2026.03.06 08:40:00,93660.18,93660.18,93651.21,93651.21,300,63,0
2026.03.06 08:35:00,93669.18,93669.18,93660.21,93660.21,300,63,0
2026.03.06 08:30:00,93640.08,93670.14,93632.07,93669.21,300,63,0
2026.03.06 08:25:00,93649.08,93649.08,93640.11,93640.11,300,63,0
2026.03.06 08:20:00,93641.52,93649.11,93632.58,93649.11,300,63,0
2026.03.06 08:15:00,93650.52,93650.52,93641.55,93641.55,300,63,0
2026.03.06 08:10:00,93659.52,93659.52,93650.55,93650.55,300,63,0
2026.03.06 08:05:00,93668.52,93668.52,93659.55,93659.55,300,63,0
2026.03.06 08:00:00,93677.52,93677.52,93668.55,93668.55,300,63,0
2026.03.06 07:55:00,93686.52,93686.52,93677.55,93677.55,300,63,0
2026.03.06 07:50:00,93695.52,93695.52,93686.55,93686.55,300,63,0
2026.03.06 07:45:00,93704.52,93704.52,93695.55,93695.55,300,63,0
2026.03.06 07:40:00,93691.35,93705.75,93683.61,93704.55,300,63,0
2026.03.06 07:35:00,93679.51,93691.50,93670.69,93691.38,300,63,0
2026.03.06 07:30:00,93670.94,93685.00,93667.46,93679.54,300,63,0
2026.03.06 07:25:00,93679.94,93679.94,93670.97,93670.97,300,63,0
2026.03.06 07:20:00,93688.94,93688.94,93679.97,93679.97,300,63,0
2026.03.06 07:15:00,93683.13,93691.85,93677.07,93688.97,300,63,0
2026.03.06 07:10:00,93692.13,93692.13,93683.16,93683.16,300,63,0
2026.03.06 07:05:00,93677.64,93693.81,93670.35,93692.16,300,63,0
2026.03.06 07:00:00,93686.64,93686.64,93677.67,93677.67,300,63,0
2026.03.06 06:55:00,93695.64,93695.64,93686.67,93686.67,300,63,0
2026.03.06 06:50:00,93704.64,93704.64,93695.67,93695.67,300,63,0
2026.03.06 06:45:00,93713.64,93713.64,93704.67,93704.67,300,63,0
2026.03.06 06:40:00,93699.32,93715.53,93692.24,93713.67,300,63,0
2026.03.06 06:35:00,93708.32,93708.32,93699.35,93699.35,300,63,0
2026.03.06 06:30:00,93694.34,93708.77,93685.82,93708.35,300,63,0
2026.03.06 06:25:00,93703.34,93703.34,93694.37,93694.37,300,63,0
2026.03.06 06:20:00,93712.34,93712.34,93703.37,93703.37,300,63,0
2026.03.06 06:15:00,93721.34,93721.34,93712.37,93712.37,300,63,0
2026.03.06 06:10:00,93730.34,93730.34,93721.37,93721.37,300,63,0
2026.03.06 06:05:00,93739.34,93739.34,93730.37,93730.37,300,63,0
2026.03.06 06:00:00,93748.34,93748.34,93739.37,93739.37,300,63,0
2026.03.06 05:55:00,93736.39,93754.13,93733.21,93748.37,300,63,0
2026.03.06 05:50:00,93745.39,93745.39,93736.42,93736.42,300,63,0
2026.03.06 05:45:00,93754.39,93754.39,93745.42,93745.42,300,63,0
2026.03.06 05:40:00,93763.39,93763.39,93754.42,93754.42,300,63,0
2026.03.06 05:35:00,93772.39,93772.39,93763.42,93763.42,300,63,0
2026.03.06 05:30:00,93753.43,93778.66,93750.73,93772.42,300,63,0
2026.03.06 05:25:00,93746.81,93753.73,93738.14,93753.46,300,63,0
2026.03.06 05:20:00,93706.72,93749.36,93706.57,93746.84,300,63,0
2026.03.06 05:15:00,93715.72,93715.72,93706.75,93706.75,300,63,0
2026.03.06 05:10:00,93689.79,93718.30,93683.40,93715.75,300,63,0
2026.03.06 05:05:00,93698.79,93698.79,93689.82,93689.82,300,63,0
2026.03.06 05:00:00,93685.39,93707.49,93685.12,93698.82,300,63,0
2026.03.06 04:55:00,93694.39,93694.39,93685.42,93685.42,300,63,0
2026.03.06 04:50:00,93703.39,93703.39,93694.42,93694.42,300,63,0
2026.03.06 04:45:00,93712.39,93712.39,93703.42,93703.42,300,63,0
2026.03.06 04:40:00,93721.39,93721.39,93712.42,93712.42,300,63,0
2026.03.06 04:35:00,93730.39,93730.39,93721.42,93721.42,300,63,0
2026.03.06 04:30:00,93739.39,93739.39,93730.42,93730.42,300,63,0
2026.03.06 04:25:00,93748.39,93748.39,93739.42,93739.42,300,63,0
2026.03.06 04:20:00,93729.28,93753.16,93725.08,93748.42,300,63,0
2026.03.06 04:15:00,93738.28,93738.28,93729.31,93729.31,300,63,0
2026.03.06 04:10:00,93747.28,93747.28,93738.31,93738.31,300,63,0
2026.03.06 04:05:00,93756.31,93756.31,93747.31,93747.31,301,63,0
2026.03.06 04:00:00,93765.31,93765.31,93756.34,93756.34,300,63,0
2026.03.06 03:55:00,93774.31,93774.31,93765.34,93765.34,300,63,0
2026.03.06 03:50:00,93768.15,93781.90,93766.77,93774.34,300,63,0
2026.03.06 03:45:00,93777.15,93777.15,93768.18,93768.18,300,63,0
2026.03.06 03:40:00,93786.15,93786.15,93777.18,93777.18,300,63,0
2026.03.06 03:35:00,93795.15,93795.15,93786.18,93786.18,300,63,0
2026.03.06 03:30:00,93804.15,93804.15,93795.18,93795.18,300,63,0
2026.03.06 03:25:00,93795.62,93811.23,93793.73,93804.18,300,63,0
2026.03.06 03:20:00,93804.62,93804.62,93795.65,93795.65,300,63,0
2026.03.06 03:15:00,93813.62,93813.62,93804.65,93804.65,300,63,0
2026.03.06 03:10:00,93822.62,93822.62,93813.65,93813.65,300,63,0
2026.03.06 03:05:00,93831.62,93831.62,93822.65,93822.65,300,63,0
2026.03.06 03:00:00,93840.62,93840.62,93831.65,93831.65,300,63,0
2026.03.06 02:55:00,93849.62,93849.62,93840.65,93840.65,300,63,0
2026.03.06 02:50:00,93858.62,93858.62,93849.65,93849.65,300,63,0
2026.03.06 02:45:00,93867.62,93867.62,93858.65,93858.65,300,63,0
2026.03.06 02:40:00,93876.62,93876.62,93867.65,93867.65,300,63,0
2026.03.06 02:35:00,93885.62,93885.62,93876.65,93876.65,300,63,0
2026.03.06 02:30:00,93853.64,93890.33,93849.38,93885.65,300,63,0
2026.03.06 02:25:00,93862.64,93862.64,93853.67,93853.67,300,63,0
2026.03.06 02:20:00,93847.80,93863.57,93839.76,93862.67,300,63,0
2026.03.06 02:15:00,93856.80,93856.80,93847.83,93847.83,300,63,0
2026.03.06 02:10:00,93865.80,93865.80,93856.83,93856.83,300,63,0
2026.03.06 02:05:00,93874.80,93874.80,93865.83,93865.83,300,63,0
2026.03.06 02:00:00,93883.80,93883.80,93874.83,93874.83,300,63,0
2026.03.06 01:55:00,93892.80,93892.80,93883.83,93883.83,300,63,0
2026.03.06 01:50:00,93879.98,93897.12,93875.33,93892.83,300,63,0
2026.03.06 01:45:00,93888.98,93888.98,93880.01,93880.01,300,63,0
2026.03.06 01:40:00,93879.30,93896.96,93878.31,93889.01,300,63,0
2026.03.06 01:35:00,93888.30,93888.30,93879.33,93879.33,300,63,0
2026.03.06 01:30:00,93897.30,93897.30,93888.33,93888.33,300,63,0
2026.03.06 01:25:00,93906.30,93906.30,93897.33,93897.33,300,63,0
2026.03.06 01:20:00,93915.30,93915.30,93906.33,93906.33,300,63,0
2026.03.06 01:15:00,93905.90,93917.85,93899.48,93915.33,300,63,0
2026.03.06 01:10:00,93914.90,93914.90,93905.93,93905.93,300,63,0
2026.03.06 01:05:00,93923.90,93923.90,93914.93,93914.93,300,63,0
2026.03.06 01:00:00,93906.78,93929.48,93903.39,93923.93,300,63,0
2026.03.06 00:55:00,93882.04,93909.00,93875.29,93906.81,300,63,0
2026.03.06 00:50:00,93891.04,93891.04,93882.07,93882.07,300,63,0
2026.03.06 00:45:00,93850.26,93896.05,93849.51,93891.07,300,63,0
2026.03.06 00:40:00,93859.26,93859.26,93850.29,93850.29,300,63,0
2026.03.06 00:35:00,93868.26,93868.26,93859.29,93859.29,300,63,0
2026.03.06 00:30:00,93877.26,93877.26,93868.29,93868.29,300,63,0
2026.03.06 00:25:00,93886.26,93886.26,93877.29,93877.29,300,63,0
2026.03.06 00:20:00,93834.80,93889.35,93832.85,93886.29,300,63,0
2026.03.06 00:15:00,93843.80,93843.80,93834.83,93834.83,300,63,0
2026.03.06 00:10:00,93852.80,93852.80,93843.83,93843.83,300,63,0
2026.03.06 00:05:00,93840.97,93854.12,93833.32,93852.83,300,63,0
2026.03.06 00:00:00,93804.93,93842.29,93802.50,93841.00,300,63,0
2026.03.05 23:55:00,93813.93,93813.93,93804.96,93804.96,300,63,0
2026.03.05 23:50:00,93822.93,93822.93,93813.96,93813.96,300,63,0
2026.03.05 23:45:00,93808.51,93830.16,93806.77,93822.96,300,63,0
2026.03.05 23:40:00,93793.25,93812.14,93787.91,93808.54,300,63,0
2026.03.05 23:35:00,93784.93,93801.83,93784.54,93793.28,300,63,0
2026.03.05 23:30:00,93793.93,93793.93,93784.96,93784.96,300,63,0
2026.03.05 23:25:00,93802.93,93802.93,93793.96,93793.96,300,63,0
2026.03.05 23:20:00,93811.93,93811.93,93802.96,93802.96,300,63,0
2026.03.05 23:15:00,93781.96,93818.29,93779.35,93811.96,300,63,0
2026.03.05 23:10:00,93775.52,93786.79,93771.38,93781.99,300,63,0
2026.03.05 23:05:00,93784.52,93784.52,93775.55,93775.55,300,63,0
2026.03.05 23:00:00,93752.71,93785.24,93752.65,93784.55,300,63,0
2026.03.05 22:55:00,93719.62,93760.66,93718.60,93752.74,300,63,0
2026.03.05 22:50:00,93711.13,93728.47,93711.01,93719.65,300,63,0
2026.03.05 22:45:00,93704.64,93714.07,93698.61,93711.16,300,63,0
2026.03.05 22:40:00,93713.64,93713.64,93704.67,93704.67,300,63,0
2026.03.05 22:35:00,93722.64,93722.64,93713.67,93713.67,300,63,0
2026.03.05 22:30:00,93731.64,93731.64,93722.67,93722.67,300,63,0
2026.03.05 22:25:00,93740.64,93740.64,93731.67,93731.67,300,63,0
2026.03.05 22:20:00,93749.64,93749.64,93740.67,93740.67,300,63,0
2026.03.05 22:15:00,93737.40,93749.73,93728.52,93749.67,300,63,0
2026.03.05 22:10:00,93746.40,93746.40,93737.43,93737.43,300,63,0
2026.03.05 22:05:00,93755.40,93755.40,93746.43,93746.43,300,63,0
2026.03.05 22:00:00,93764.40,93764.40,93755.43,93755.43,300,63,0
2026.03.05 21:55:00,93773.40,93773.40,93764.43,93764.43,300,63,0
2026.03.05 21:50:00,93782.40,93782.40,93773.43,93773.43,300,63,0
2026.03.05 21:45:00,93764.41,93789.81,93762.85,93782.43,300,63,0
2026.03.05 21:40:00,93773.41,93773.41,93764.44,93764.44,300,63,0
2026.03.05 21:35:00,93757.62,93779.77,93755.01,93773.44,300,63,0
2026.03.05 21:30:00,93766.62,93766.62,93757.65,93757.65,300,63,0
2026.03.05 21:25:00,93775.62,93775.62,93766.65,93766.65,300,63,0
2026.03.05 21:20:00,93784.62,93784.62,93775.65,93775.65,300,63,0
2026.03.05 21:15:00,93793.62,93793.62,93784.65,93784.65,300,63,0
2026.03.05 21:10:00,93802.62,93802.62,93793.65,93793.65,300,63,0
2026.03.05 21:05:00,93794.74,93809.34,93792.49,93802.65,300,63,0
2026.03.05 21:00:00,93803.74,93803.74,93794.77,93794.77,300,63,0
2026.03.05 20:55:00,93812.74,93812.74,93803.77,93803.77,300,63,0
2026.03.05 20:50:00,93789.30,93815.02,93787.08,93812.77,300,63,0
2026.03.05 20:45:00,93798.30,93798.30,93789.33,93789.33,300,63,0
2026.03.05 20:40:00,93807.30,93807.30,93798.33,93798.33,300,63,0
2026.03.05 20:35:00,93816.30,93816.30,93807.33,93807.33,300,63,0
2026.03.05 20:30:00,93788.96,93822.78,93786.47,93816.33,300,63,0
2026.03.05 20:25:00,93797.96,93797.96,93788.99,93788.99,300,63,0
2026.03.05 20:20:00,93806.96,93806.96,93797.99,93797.99,300,63,0
2026.03.05 20:15:00,93815.96,93815.96,93806.99,93806.99,300,63,0
2026.03.05 20:10:00,93799.45,93819.47,93793.99,93815.99,300,63,0
2026.03.05 20:05:00,93783.75,93808.12,93783.45,93799.48,300,63,0
2026.03.05 20:00:00,93792.75,93792.75,93783.78,93783.78,300,63,0
2026.03.05 19:55:00,93801.75,93801.75,93792.78,93792.78,300,63,0
2026.03.05 19:50:00,93810.75,93810.75,93801.78,93801.78,300,63,0
2026.03.05 19:45:00,93798.49,93812.28,93791.05,93810.78,300,63,0
2026.03.05 19:40:00,93807.49,93807.49,93798.52,93798.52,300,63,0
2026.03.05 19:35:00,93816.49,93816.49,93807.52,93807.52,300,63,0
2026.03.05 19:30:00,93825.49,93825.49,93816.52,93816.52,300,63,0
2026.03.05 19:25:00,93741.10,93826.54,93735.58,93825.52,300,63,0
2026.03.05 19:20:00,93736.17,93745.48,93731.58,93741.13,300,63,0
2026.03.05 19:15:00,93745.17,93745.17,93736.20,93736.20,300,63,0
2026.03.05 19:10:00,93754.17,93754.17,93745.20,93745.20,300,63,0
2026.03.05 19:05:00,93763.17,93763.17,93754.20,93754.20,300,63,0
2026.03.05 19:00:00,93772.20,93772.20,93763.20,93763.20,301,63,0
2026.03.05 18:55:00,93751.90,93777.51,93748.24,93772.23,300,63,0
2026.03.05 18:50:00,93760.90,93760.90,93751.93,93751.93,300,63,0
2026.03.05 18:45:00,93738.63,93769.00,93737.76,93760.93,300,63,0
2026.03.05 18:40:00,93747.63,93747.63,93738.66,93738.66,300,63,0
2026.03.05 18:35:00,93756.63,93756.63,93747.66,93747.66,300,63,0
2026.03.05 18:30:00,93720.57,93760.83,93719.31,93756.66,300,63,0
2026.03.05 18:25:00,93729.57,93729.57,93720.60,93720.60,300,63,0
2026.03.05 18:20:00,93738.57,93738.57,93729.60,93729.60,300,63,0
2026.03.05 18:15:00,93747.57,93747.57,93738.60,93738.60,300,63,0
2026.03.05 18:10:00,93756.57,93756.57,93747.60,93747.60,300,63,0
2026.03.05 18:05:00,93765.57,93765.57,93756.60,93756.60,300,63,0
2026.03.05 18:00:00,93753.32,93772.89,93751.67,93765.60,300,63,0
2026.03.05 17:55:00,93762.32,93762.32,93753.35,93753.35,300,63,0
2026.03.05 17:50:00,93758.38,93770.27,93757.36,93762.35,300,63,0
2026.03.05 17:45:00,93767.38,93767.38,93758.41,93758.41,300,63,0
2026.03.05 17:40:00,93776.38,93776.38,93767.41,93767.41,300,63,0
2026.03.05 17:35:00,93765.38,93780.10,93760.13,93776.41,300,63,0
2026.03.05 17:30:00,93774.38,93774.38,93765.41,93765.41,300,63,0
2026.03.05 17:25:00,93769.40,93783.11,93769.16,93774.41,300,63,0
2026.03.05 17:20:00,93751.71,93773.36,93746.70,93769.43,300,63,0
2026.03.05 17:15:00,93741.33,93760.02,93740.67,93751.74,300,63,0
2026.03.05 17:10:00,93750.33,93750.33,93741.36,93741.36,300,63,0
2026.03.05 17:05:00,93759.33,93759.33,93750.36,93750.36,300,63,0
2026.03.05 17:00:00,93768.33,93768.33,93759.36,93759.36,300,63,0
2026.03.05 16:55:00,93777.33,93777.33,93768.36,93768.36,300,63,0
2026.03.05 16:50:00,93786.33,93786.33,93777.36,93777.36,300,63,0
2026.03.05 16:45:00,93772.38,93789.36,93766.44,93786.36,300,63,0
2026.03.05 16:40:00,93763.28,93773.79,93755.72,93772.41,300,63,0
2026.03.05 16:35:00,93772.28,93772.28,93763.31,93763.31,300,63,0
2026.03.05 16:30:00,93737.12,93779.15,93735.02,93772.31,300,63,0
2026.03.05 16:25:00,93746.12,93746.12,93737.15,93737.15,300,63,0
2026.03.05 16:20:00,93738.70,93747.29,93730.90,93746.15,300,63,0
2026.03.05 16:15:00,93733.91,93745.66,93731.90,93738.73,300,63,0
2026.03.05 16:10:00,93742.91,93742.91,93733.94,93733.94,300,63,0
2026.03.05 16:05:00,93734.20,93747.65,93729.97,93742.94,300,63,0
2026.03.05 16:00:00,93728.93,93738.97,93724.73,93734.23,300,63,0
2026.03.05 15:55:00,93737.93,93737.93,93728.96,93728.96,300,63,0
2026.03.05 15:50:00,93746.93,93746.93,93737.96,93737.96,300,63,0
2026.03.05 15:45:00,93755.93,93755.93,93746.96,93746.96,300,63,0
2026.03.05 15:40:00,93764.93,93764.93,93755.96,93755.96,300,63,0
2026.03.05 15:35:00,93773.93,93773.93,93764.96,93764.96,300,63,0
2026.03.05 15:30:00,93782.93,93782.93,93773.96,93773.96,300,63,0
2026.03.05 15:25:00,93791.93,93791.93,93782.96,93782.96,300,63,0
2026.03.05 15:20:00,93800.93,93800.93,93791.96,93791.96,300,63,0
2026.03.05 15:15:00,93809.93,93809.93,93800.96,93800.96,300,63,0
2026.03.05 15:10:00,93791.78,93810.80,93783.68,93809.96,300,63,0
2026.03.05 15:05:00,93772.52,93792.44,93764.21,93791.81,300,63,0
2026.03.05 15:00:00,93781.52,93781.52,93772.55,93772.55,300,63,0
2026.03.05 14:55:00,93754.17,93785.03,93752.97,93781.55,300,63,0
2026.03.05 14:50:00,93763.17,93763.17,93754.20,93754.20,300,63,0
2026.03.05 14:45:00,93745.56,93764.10,93737.52,93763.20,300,63,0
2026.03.05 14:40:00,93726.36,93750.39,93722.22,93745.59,300,63,0
2026.03.05 14:35:00,93735.36,93735.36,93726.39,93726.39,300,63,0
2026.03.05 14:30:00,93726.12,93739.59,93721.38,93735.39,300,63,0
2026.03.05 14:25:00,93701.72,93730.29,93696.92,93726.15,300,63,0
2026.03.05 14:20:00,93710.72,93710.72,93701.75,93701.75,300,63,0
2026.03.05 14:15:00,93719.72,93719.72,93710.75,93710.75,300,63,0
2026.03.05 14:10:00,93728.72,93728.72,93719.75,93719.75,300,63,0
2026.03.05 14:05:00,93719.77,93733.40,93715.48,93728.75,300,63,0
2026.03.05 14:00:00,93712.60,93723.94,93707.80,93719.80,300,63,0
2026.03.05 13:55:00,93721.60,93721.60,93712.63,93712.63,300,63,0
2026.03.05 13:50:00,93700.76,93722.56,93692.75,93721.63,300,63,0
2026.03.05 13:45:00,93709.76,93709.76,93700.79,93700.79,300,63,0
2026.03.05 13:40:00,93718.76,93718.76,93709.79,93709.79,300,63,0
2026.03.05 13:35:00,93727.76,93727.76,93718.79,93718.79,300,63,0
2026.03.05 13:30:00,93736.76,93736.76,93727.79,93727.79,300,63,0
2026.03.05 13:25:00,93745.76,93745.76,93736.79,93736.79,300,63,0
2026.03.05 13:20:00,93754.76,93754.76,93745.79,93745.79,300,63,0
2026.03.05 13:15:00,93746.29,93759.41,93741.97,93754.79,300,63,0
2026.03.05 13:10:00,93735.20,93735.20,93726.23,93726.23,300,63,0
2026.03.05 13:05:00,93689.75,93737.66,93684.26,93735.23,300,63,0
2026.03.05 13:00:00,93698.75,93698.75,93689.78,93689.78,300,63,0
2026.03.05 12:55:00,93668.45,93704.69,93667.19,93698.78,300,63,0
2026.03.05 12:50:00,93661.70,93676.25,93660.53,93668.48,300,63,0
2026.03.05 12:45:00,93649.78,93664.73,93643.84,93661.73,300,63,0
2026.03.05 12:40:00,93627.22,93653.17,93621.64,93649.81,300,63,0
2026.03.05 12:35:00,93636.22,93636.22,93627.25,93627.25,300,63,0
2026.03.05 12:30:00,93580.21,93641.92,93577.60,93636.25,300,63,0
2026.03.05 12:25:00,93589.21,93589.21,93580.24,93580.24,300,63,0
2026.03.05 12:20:00,93598.21,93598.21,93589.24,93589.24,300,63,0
2026.03.05 12:15:00,93607.21,93607.21,93598.24,93598.24,300,63,0
2026.03.05 12:10:00,93594.60,93607.42,93585.84,93607.24,300,63,0
2026.03.05 12:05:00,93603.60,93603.60,93594.63,93594.63,300,63,0
2026.03.05 12:00:00,93594.35,93610.08,93591.86,93603.63,300,63,0
2026.03.05 11:55:00,93603.35,93603.35,93594.38,93594.38,300,63,0
2026.03.05 11:50:00,93612.35,93612.35,93603.38,93603.38,300,63,0
2026.03.05 11:45:00,93621.35,93621.35,93612.38,93612.38,300,63,0
2026.03.05 11:40:00,93630.35,93630.35,93621.38,93621.38,300,63,0
2026.03.05 11:35:00,93639.35,93639.35,93630.38,93630.38,300,63,0
2026.03.05 11:30:00,93648.35,93648.35,93639.38,93639.38,300,63,0
2026.03.05 11:25:00,93624.97,93649.46,93621.19,93648.38,300,63,0
2026.03.05 11:20:00,93633.97,93633.97,93625.00,93625.00,300,63,0
2026.03.05 11:15:00,93642.97,93642.97,93634.00,93634.00,300,63,0
2026.03.05 11:10:00,93651.97,93651.97,93643.00,93643.00,300,63,0
2026.03.05 11:05:00,93636.89,93659.71,93635.66,93652.00,300,63,0
2026.03.05 11:00:00,93611.29,93643.58,93609.01,93636.92,300,63,0
2026.03.05 10:55:00,93604.56,93611.38,93595.68,93611.32,300,63,0
2026.03.05 10:50:00,93613.56,93613.56,93604.59,93604.59,300,63,0
2026.03.05 10:45:00,93607.78,93621.06,93606.31,93613.59,300,63,0
2026.03.05 10:40:00,93616.78,93616.78,93607.81,93607.81,300,63,0
2026.03.05 10:35:00,93625.78,93625.78,93616.81,93616.81,300,63,0
2026.03.05 10:30:00,93634.78,93634.78,93625.81,93625.81,300,63,0
2026.03.05 10:25:00,93627.71,93642.22,93626.18,93634.81,300,63,0
2026.03.05 10:20:00,93636.71,93636.71,93627.74,93627.74,300,63,0
2026.03.05 10:15:00,93645.71,93645.71,93636.74,93636.74,300,63,0
2026.03.05 10:10:00,93654.71,93654.71,93645.74,93645.74,300,63,0
2026.03.05 10:05:00,93633.14,93658.13,93627.59,93654.74,300,63,0
2026.03.05 10:00:00,93642.14,93642.14,93633.17,93633.17,300,63,0
2026.03.05 09:55:00,93636.44,93648.08,93633.41,93642.17,300,63,0
2026.03.05 09:50:00,93645.47,93645.47,93636.47,93636.47,301,63,0
2026.03.05 09:45:00,93654.47,93654.47,93645.50,93645.50,300,63,0
2026.03.05 09:40:00,93663.47,93663.47,93654.50,93654.50,300,63,0
2026.03.05 09:35:00,93643.09,93666.11,93636.76,93663.50,300,63,0
2026.03.05 09:30:00,93652.09,93652.09,93643.12,93643.12,300,63,0
2026.03.05 09:25:00,93661.09,93661.09,93652.12,93652.12,300,63,0
2026.03.05 09:20:00,93670.09,93670.09,93661.12,93661.12,300,63,0
2026.03.05 09:15:00,93679.09,93679.09,93670.12,93670.12,300,63,0
2026.03.05 09:10:00,93688.09,93688.09,93679.12,93679.12,300,63,0
2026.03.05 09:05:00,93697.09,93697.09,93688.12,93688.12,300,63,0
2026.03.05 09:00:00,93706.09,93706.09,93697.12,93697.12,300,63,0
2026.03.05 08:55:00,93715.09,93715.09,93706.12,93706.12,300,63,0
2026.03.05 08:50:00,93724.09,93724.09,93715.12,93715.12,300,63,0
2026.03.05 08:45:00,93733.09,93733.09,93724.12,93724.12,300,63,0
2026.03.05 08:40:00,93742.09,93742.09,93733.12,93733.12,300,63,0
2026.03.05 08:35:00,93704.73,93743.44,93699.27,93742.12,300,63,0
2026.03.05 08:30:00,93713.73,93713.73,93704.76,93704.76,300,63,0
2026.03.05 08:25:00,93722.73,93722.73,93713.76,93713.76,300,63,0
2026.03.05 08:20:00,93704.48,93730.41,93703.19,93722.76,300,63,0
2026.03.05 08:15:00,93713.48,93713.48,93704.51,93704.51,300,63,0
2026.03.05 08:10:00,93722.48,93722.48,93713.51,93713.51,300,63,0
2026.03.05 08:05:00,93688.69,93724.70,93681.94,93722.51,300,63,0
2026.03.05 08:00:00,93674.61,93691.06,93668.01,93688.72,300,63,0
2026.03.05 07:55:00,93642.33,93677.04,93641.91,93674.64,300,63,0
2026.03.05 07:50:00,93622.23,93643.65,93614.58,93642.36,300,63,0
2026.03.05 07:45:00,93609.35,93630.42,93608.57,93622.26,300,63,0
2026.03.05 07:40:00,93618.35,93618.35,93609.38,93609.38,300,63,0
2026.03.05 07:35:00,93627.35,93627.35,93618.38,93618.38,300,63,0
2026.03.05 07:30:00,93636.35,93636.35,93627.38,93627.38,300,63,0
2026.03.05 07:25:00,93645.35,93645.35,93636.38,93636.38,300,63,0
2026.03.05 07:20:00,93627.05,93654.26,93626.99,93645.38,300,63,0
2026.03.05 07:15:00,93636.05,93636.05,93627.08,93627.08,300,63,0
2026.03.05 07:10:00,93645.05,93645.05,93636.08,93636.08,300,63,0
2026.03.05 07:05:00,93621.35,93646.28,93613.61,93645.08,300,63,0
2026.03.05 07:00:00,93630.35,93630.35,93621.38,93621.38,300,63,0
2026.03.05 06:55:00,93639.35,93639.35,93630.38,93630.38,300,63,0
2026.03.05 06:50:00,93648.35,93648.35,93639.38,93639.38,300,63,0
2026.03.05 06:45:00,93641.34,93656.36,93640.38,93648.38,300,63,0
2026.03.05 06:40:00,93627.23,93642.15,93619.07,93641.37,300,63,0
2026.03.05 06:35:00,93636.23,93636.23,93627.26,93627.26,300,63,0
2026.03.05 06:30:00,93645.23,93645.23,93636.26,93636.26,300,63,0
2026.03.05 06:25:00,93654.23,93654.23,93645.26,93645.26,300,63,0
2026.03.05 06:20:00,93663.23,93663.23,93654.26,93654.26,300,63,0
2026.03.05 06:15:00,93672.23,93672.23,93663.26,93663.26,300,63,0
2026.03.05 06:10:00,93681.23,93681.23,93672.26,93672.26,300,63,0
2026.03.05 06:05:00,93677.73,93684.23,93671.76,93681.26,300,63,0
2026.03.05 06:00:00,93636.97,93682.62,93632.89,93677.76,300,63,0
2026.03.05 05:55:00,93645.97,93645.97,93637.00,93637.00,300,63,0
2026.03.05 05:50:00,93654.97,93654.97,93646.00,93646.00,300,63,0
2026.03.05 05:45:00,93663.97,93663.97,93655.00,93655.00,300,63,0
2026.03.05 05:40:00,93652.01,93672.52,93651.59,93664.00,300,63,0
2026.03.05 05:35:00,93661.01,93661.01,93652.04,93652.04,300,63,0
2026.03.05 05:30:00,93670.01,93670.01,93661.04,93661.04,300,63,0
2026.03.05 05:25:00,93679.01,93679.01,93670.04,93670.04,300,63,0
2026.03.05 05:20:00,93688.01,93688.01,93679.04,93679.04,300,63,0
2026.03.05 05:15:00,93697.01,93697.01,93688.04,93688.04,300,63,0
2026.03.05 05:10:00,93706.01,93706.01,93697.04,93697.04,300,63,0
2026.03.05 05:05:00,93690.27,93710.99,93686.28,93706.04,300,63,0
2026.03.05 05:00:00,93654.97,93696.18,93654.97,93690.30,300,63,0
2026.03.05 04:55:00,93663.97,93663.97,93655.00,93655.00,300,63,0
2026.03.05 04:50:00,93631.06,93666.88,93626.38,93664.00,300,63,0
2026.03.05 04:45:00,93589.69,93635.20,93585.31,93631.09,300,63,0
2026.03.05 04:40:00,93598.69,93598.69,93589.72,93589.72,300,63,0
2026.03.05 04:35:00,93607.69,93607.69,93598.72,93598.72,300,63,0
2026.03.05 04:30:00,93616.69,93616.69,93607.72,93607.72,300,63,0
2026.03.05 04:25:00,93625.69,93625.69,93616.72,93616.72,300,63,0
2026.03.05 04:20:00,93634.69,93634.69,93625.72,93625.72,300,63,0
2026.03.05 04:15:00,93623.49,93640.09,93619.92,93634.72,300,63,0
2026.03.05 04:10:00,93632.49,93632.49,93623.52,93623.52,300,63,0
2026.03.05 04:05:00,93641.49,93641.49,93632.52,93632.52,300,63,0
2026.03.05 04:00:00,93605.35,93644.70,93600.58,93641.52,300,63,0
2026.03.05 03:55:00,93593.90,93611.56,93591.14,93605.38,300,63,0
2026.03.05 03:50:00,93602.90,93602.90,93593.93,93593.93,300,63,0
2026.03.05 03:45:00,93590.03,93603.77,93581.93,93602.93,300,63,0
2026.03.05 03:40:00,93572.13,93592.10,93565.23,93590.06,300,63,0
2026.03.05 03:35:00,93581.13,93581.13,93572.16,93572.16,300,63,0
2026.03.05 03:30:00,93590.13,93590.13,93581.16,93581.16,300,63,0
2026.03.05 03:25:00,93599.13,93599.13,93590.16,93590.16,300,63,0
2026.03.05 03:20:00,93608.13,93608.13,93599.16,93599.16,300,63,0
2026.03.05 03:15:00,93617.13,93617.13,93608.16,93608.16,300,63,0
2026.03.05 03:10:00,93626.13,93626.13,93617.16,93617.16,300,63,0
2026.03.05 03:05:00,93635.13,93635.13,93626.16,93626.16,300,63,0
2026.03.05 03:00:00,93644.13,93644.13,93635.16,93635.16,300,63,0
2026.03.05 02:55:00,93634.94,93647.49,93629.33,93644.16,300,63,0
2026.03.05 02:50:00,93577.44,93635.84,93570.03,93634.97,300,63,0
2026.03.05 02:45:00,93586.44,93586.44,93577.47,93577.47,300,63,0
2026.03.05 02:40:00,93595.44,93595.44,93586.47,93586.47,300,63,0
2026.03.05 02:35:00,93551.29,93598.95,93549.82,93595.47,300,63,0
2026.03.05 02:30:00,93560.29,93560.29,93551.32,93551.32,300,63,0
2026.03.05 02:25:00,93539.38,93565.03,93537.46,93560.32,300,63,0
2026.03.05 02:20:00,93533.01,93544.84,93529.50,93539.41,300,63,0
2026.03.05 02:15:00,93501.82,93533.34,93499.09,93533.04,300,63,0
2026.03.05 02:10:00,93495.03,93510.73,93494.97,93501.85,300,63,0
2026.03.05 02:05:00,93421.83,93497.61,93417.18,93495.06,300,63,0
2026.03.05 02:00:00,93430.83,93430.83,93421.86,93421.86,300,63,0
2026.03.05 01:55:00,93439.83,93439.83,93430.86,93430.86,300,63,0
2026.03.05 01:50:00,93448.83,93448.83,93439.86,93439.86,300,63,0
2026.03.05 01:45:00,93457.83,93457.83,93448.86,93448.86,300,63,0
2026.03.05 01:40:00,93466.83,93466.83,93457.86,93457.86,300,63,0
2026.03.05 01:35:00,93475.83,93475.83,93466.86,93466.86,300,63,0
2026.03.05 01:30:00,93468.58,93477.36,93461.14,93475.86,300,63,0
2026.03.05 01:25:00,93477.58,93477.58,93468.61,93468.61,300,63,0
2026.03.05 01:20:00,93486.58,93486.58,93477.61,93477.61,300,63,0
2026.03.05 01:15:00,93495.58,93495.58,93486.61,93486.61,300,63,0
2026.03.05 01:10:00,93504.58,93504.58,93495.61,93495.61,300,63,0
2026.03.05 01:05:00,93495.88,93508.00,93490.33,93504.61,300,63,0
2026.03.05 01:00:00,93504.88,93504.88,93495.91,93495.91,300,63,0
2026.03.05 00:55:00,93513.88,93513.88,93504.91,93504.91,300,63,0
2026.03.05 00:50:00,93522.88,93522.88,93513.91,93513.91,300,63,0
2026.03.05 00:45:00,93531.91,93531.91,93522.91,93522.91,301,63,0
2026.03.05 00:40:00,93491.54,93533.38,93487.58,93531.94,300,63,0
2026.03.05 00:35:00,93500.54,93500.54,93491.57,93491.57,300,63,0
2026.03.05 00:30:00,93509.54,93509.54,93500.57,93500.57,300,63,0
2026.03.05 00:25:00,93518.54,93518.54,93509.57,93509.57,300,63,0
2026.03.05 00:20:00,93501.86,93519.14,93493.49,93518.57,300,63,0
2026.03.05 00:15:00,93510.86,93510.86,93501.89,93501.89,300,63,0
2026.03.05 00:10:00,93519.86,93519.86,93510.89,93510.89,300,63,0
2026.03.05 00:05:00,93528.86,93528.86,93519.89,93519.89,300,63,0
2026.03.05 00:00:00,93483.18,93533.06,93478.56,93528.89,300,63,0
2026.03.04 23:55:00,93492.18,93492.18,93483.21,93483.21,300,63,0
2026.03.04 23:50:00,93501.18,93501.18,93492.21,93492.21,300,63,0
2026.03.04 23:45:00,93469.07,93507.30,93466.22,93501.21,300,63,0
2026.03.04 23:40:00,93478.07,93478.07,93469.10,93469.10,300,63,0
2026.03.04 23:35:00,93448.60,93483.68,93445.24,93478.10,300,63,0
2026.03.04 23:30:00,93421.82,93449.20,93413.45,93448.63,300,63,0
2026.03.04 23:25:00,93430.82,93430.82,93421.85,93421.85,300,63,0
2026.03.04 23:20:00,93439.82,93439.82,93430.85,93430.85,300,63,0
2026.03.04 23:15:00,93448.82,93448.82,93439.85,93439.85,300,63,0
2026.03.04 23:10:00,93457.82,93457.82,93448.85,93448.85,300,63,0
2026.03.04 23:05:00,93466.82,93466.82,93457.85,93457.85,300,63,0
2026.03.04 23:00:00,93462.02,93467.57,93453.80,93466.85,300,63,0
2026.03.04 22:55:00,93471.02,93471.02,93462.05,93462.05,300,63,0
2026.03.04 22:50:00,93480.02,93480.02,93471.05,93471.05,300,63,0
2026.03.04 22:45:00,93438.12,93482.72,93434.73,93480.05,300,63,0
2026.03.04 22:40:00,93447.12,93447.12,93438.15,93438.15,300,63,0
2026.03.04 22:35:00,93456.12,93456.12,93447.15,93447.15,300,63,0
2026.03.04 22:30:00,93465.12,93465.12,93456.15,93456.15,300,63,0
2026.03.04 22:25:00,93474.12,93474.12,93465.15,93465.15,300,63,0
2026.03.04 22:20:00,93483.12,93483.12,93474.15,93474.15,300,63,0
2026.03.04 22:15:00,93478.87,93486.78,93473.56,93483.15,300,63,0
2026.03.04 22:10:00,93487.87,93487.87,93478.90,93478.90,300,63,0
2026.03.04 22:05:00,93496.87,93496.87,93487.90,93487.90,300,63,0
2026.03.04 22:00:00,93472.78,93504.07,93471.01,93496.90,300,63,0
2026.03.04 21:55:00,93481.78,93481.78,93472.81,93472.81,300,63,0
2026.03.04 21:50:00,93473.67,93482.98,93465.90,93481.81,300,63,0
2026.03.04 21:45:00,93460.56,93474.15,93452.07,93473.70,300,63,0
2026.03.04 21:40:00,93469.56,93469.56,93460.59,93460.59,300,63,0
2026.03.04 21:35:00,93478.56,93478.56,93469.59,93469.59,300,63,0
2026.03.04 21:30:00,93450.89,93478.95,93446.96,93478.59,300,63,0
2026.03.04 21:25:00,93459.89,93459.89,93450.92,93450.92,300,63,0
2026.03.04 21:20:00,93418.02,93463.49,93417.30,93459.92,300,63,0
2026.03.04 21:15:00,93427.02,93427.02,93418.05,93418.05,300,63,0
2026.03.04 21:10:00,93406.18,93432.33,93402.52,93427.05,300,63,0
2026.03.04 21:05:00,93415.18,93415.18,93406.21,93406.21,300,63,0
2026.03.04 21:00:00,93424.18,93424.18,93415.21,93415.21,300,63,0
2026.03.04 20:55:00,93433.18,93433.18,93424.21,93424.21,300,63,0
2026.03.04 20:50:00,93442.18,93442.18,93433.21,93433.21,300,63,0
2026.03.04 20:45:00,93451.18,93451.18,93442.21,93442.21,300,63,0
2026.03.04 20:40:00,93460.18,93460.18,93451.21,93451.21,300,63,0
2026.03.04 20:35:00,93450.10,93463.99,93444.94,93460.21,300,63,0
2026.03.04 20:30:00,93459.10,93459.10,93450.13,93450.13,300,63,0
2026.03.04 20:25:00,93425.02,93464.38,93421.33,93459.13,300,63,0
2026.03.04 20:20:00,93434.02,93434.02,93425.05,93425.05,300,63,0
2026.03.04 20:15:00,93416.56,93435.34,93408.91,93434.05,300,63,0
2026.03.04 20:10:00,93409.61,93423.13,93407.21,93416.59,300,63,0
2026.03.04 20:05:00,93418.61,93418.61,93409.64,93409.64,300,63,0
2026.03.04 20:00:00,93380.67,93400.74,93380.43,93392.04,300,63,0
2026.03.04 19:55:00,93389.67,93389.67,93380.70,93380.70,300,63,0
2026.03.04 19:50:00,93382.82,93391.92,93376.10,93389.70,300,63,0
2026.03.04 19:45:00,93361.36,93389.72,93359.29,93382.85,300,63,0
2026.03.04 19:40:00,93370.36,93370.36,93361.39,93361.39,300,63,0
2026.03.04 19:35:00,93317.71,93371.98,93317.32,93370.39,300,63,0
2026.03.04 19:30:00,93326.71,93326.71,93317.74,93317.74,300,63,0
2026.03.04 19:25:00,93317.85,93327.07,93309.24,93326.74,300,63,0
2026.03.04 19:20:00,93284.44,93319.41,93282.40,93317.88,300,63,0
2026.03.04 19:15:00,93293.44,93293.44,93284.47,93284.47,300,63,0
2026.03.04 19:10:00,93302.44,93302.44,93293.47,93293.47,300,63,0
2026.03.04 19:05:00,93299.14,93310.15,93297.88,93302.47,300,63,0
2026.03.04 19:00:00,93289.58,93300.25,93281.72,93299.17,300,63,0
2026.03.04 18:55:00,93298.58,93298.58,93289.61,93289.61,300,63,0
2026.03.04 18:50:00,93290.43,93300.59,93283.47,93298.61,300,63,0
2026.03.04 18:45:00,93299.43,93299.43,93290.46,93290.46,300,63,0
2026.03.04 18:40:00,93308.43,93308.43,93299.46,93299.46,300,63,0
2026.03.04 18:35:00,93317.43,93317.43,93308.46,93308.46,300,63,0
2026.03.04 18:30:00,93326.43,93326.43,93317.46,93317.46,300,63,0
2026.03.04 18:25:00,93335.43,93335.43,93326.46,93326.46,300,63,0
2026.03.04 18:20:00,93344.43,93344.43,93335.46,93335.46,300,63,0
2026.03.04 18:15:00,93338.32,93350.52,93335.44,93344.46,300,63,0
2026.03.04 18:10:00,93347.32,93347.32,93338.35,93338.35,300,63,0
2026.03.04 18:05:00,93356.32,93356.32,93347.35,93347.35,300,63,0
2026.03.04 18:00:00,93365.32,93365.32,93356.35,93356.35,300,63,0
2026.03.04 17:55:00,93356.19,93370.24,93352.14,93365.35,300,63,0
2026.03.04 17:50:00,93365.19,93365.19,93356.22,93356.22,300,63,0
2026.03.04 17:45:00,93338.25,93367.86,93331.95,93365.22,300,63,0
2026.03.04 17:40:00,93334.84,93345.48,93333.10,93338.28,300,63,0
2026.03.04 17:35:00,93343.84,93343.84,93334.87,93334.87,300,63,0
2026.03.04 17:30:00,93352.84,93352.84,93343.87,93343.87,300,63,0
2026.03.04 17:25:00,93361.84,93361.84,93352.87,93352.87,300,63,0
2026.03.04 17:20:00,93370.84,93370.84,93361.87,93361.87,300,63,0
2026.03.04 17:15:00,93379.84,93379.84,93370.87,93370.87,300,63,0
2026.03.04 17:10:00,93355.51,93382.09,93348.79,93379.87,300,63,0
2026.03.04 17:05:00,93364.51,93364.51,93355.54,93355.54,300,63,0
2026.03.04 17:00:00,93373.51,93373.51,93364.54,93364.54,300,63,0
2026.03.04 16:55:00,93382.51,93382.51,93373.54,93373.54,300,63,0
2026.03.04 16:50:00,93391.51,93391.51,93382.54,93382.54,300,63,0
2026.03.04 16:45:00,93400.51,93400.51,93391.54,93391.54,300,63,0
2026.03.04 16:40:00,93380.60,93401.29,93372.41,93400.54,300,63,0
2026.03.04 16:35:00,93389.60,93389.60,93380.63,93380.63,300,63,0
2026.03.04 16:30:00,93385.79,93393.05,93380.27,93389.63,300,63,0
2026.03.04 16:25:00,93394.79,93394.79,93385.82,93385.82,300,63,0
2026.03.04 16:20:00,93382.85,93396.53,93375.62,93394.82,300,63,0
2026.03.04 16:15:00,93391.85,93391.85,93382.88,93382.88,300,63,0
2026.03.04 16:10:00,93400.85,93400.85,93391.88,93391.88,300,63,0
2026.03.04 16:05:00,93409.85,93409.85,93400.88,93400.88,300,63,0
2026.03.04 16:00:00,93403.81,93417.26,93402.25,93409.88,300,63,0
2026.03.04 15:55:00,93412.81,93412.81,93403.84,93403.84,300,63,0
2026.03.04 15:50:00,93421.81,93421.81,93412.84,93412.84,300,63,0
2026.03.04 15:45:00,93430.81,93430.81,93421.84,93421.84,300,63,0
2026.03.04 15:40:00,93439.81,93439.81,93430.84,93430.84,300,63,0
2026.03.04 15:35:00,93448.81,93448.81,93439.84,93439.84,300,63,0
2026.03.04 15:30:00,93439.13,93456.37,93437.72,93448.84,300,63,0
2026.03.04 15:25:00,93448.13,93448.13,93439.16,93439.16,300,63,0
2026.03.04 15:20:00,93457.13,93457.13,93448.16,93448.16,300,63,0
2026.03.04 15:15:00,93466.13,93466.13,93457.16,93457.16,300,63,0
2026.03.04 15:10:00,93475.13,93475.13,93466.16,93466.16,300,63,0
2026.03.04 15:05:00,93484.13,93484.13,93475.16,93475.16,300,63,0
2026.03.04 15:00:00,93493.13,93493.13,93484.16,93484.16,300,63,0
2026.03.04 14:55:00,93474.25,93495.29,93467.44,93493.16,300,63,0
2026.03.04 14:50:00,93483.25,93483.25,93474.28,93474.28,300,63,0
2026.03.04 14:45:00,93463.35,93490.51,93461.64,93483.28,300,63,0
2026.03.04 14:40:00,93472.35,93472.35,93463.38,93463.38,300,63,0
2026.03.04 14:35:00,93481.35,93481.35,93472.38,93472.38,300,63,0
2026.03.04 14:30:00,93490.35,93490.35,93481.38,93481.38,300,63,0
2026.03.04 14:25:00,93499.35,93499.35,93490.38,93490.38,300,63,0
2026.03.04 14:20:00,93485.75,93504.33,93481.76,93499.38,300,63,0
2026.03.04 14:15:00,93473.37,93486.41,93465.06,93485.78,300,63,0
2026.03.04 14:10:00,93482.37,93482.37,93473.40,93473.40,300,63,0
2026.03.04 14:05:00,93491.37,93491.37,93482.40,93482.40,300,63,0
2026.03.04 14:00:00,93500.37,93500.37,93491.40,93491.40,300,63,0
2026.03.04 13:55:00,93482.03,93503.82,93476.51,93500.40,300,63,0
2026.03.04 13:50:00,93491.03,93491.03,93482.06,93482.06,300,63,0
2026.03.04 13:45:00,93500.03,93500.03,93491.06,93491.06,300,63,0
2026.03.04 13:40:00,93492.83,93506.66,93490.49,93500.06,300,63,0
2026.03.04 13:35:00,93501.83,93501.83,93492.86,93492.86,300,63,0
2026.03.04 13:30:00,93510.83,93510.83,93501.86,93501.86,300,63,0
2026.03.04 13:25:00,93481.85,93519.41,93481.46,93510.86,300,63,0
2026.03.04 13:20:00,93490.85,93490.85,93481.88,93481.88,300,63,0
2026.03.04 13:15:00,93499.85,93499.85,93490.88,93490.88,300,63,0
2026.03.04 13:10:00,93508.85,93508.85,93499.88,93499.88,300,63,0
2026.03.04 13:05:00,93473.84,93511.70,93470.75,93508.88,300,63,0
2026.03.04 13:00:00,93451.94,93476.72,93445.85,93473.87,300,63,0
2026.03.04 12:55:00,93460.94,93460.94,93451.97,93451.97,300,63,0
2026.03.04 12:50:00,93437.82,93468.62,93436.53,93460.97,300,63,0
2026.03.04 12:45:00,93446.82,93446.82,93437.85,93437.85,300,63,0
2026.03.04 12:40:00,93455.82,93455.82,93446.85,93446.85,300,63,0
2026.03.04 12:35:00,93443.76,93459.87,93438.84,93455.85,300,63,0
2026.03.04 12:30:00,93428.89,93445.62,93421.78,93443.79,300,63,0
2026.03.04 12:25:00,93437.89,93437.89,93428.92,93428.92,300,63,0
2026.03.04 12:20:00,93428.85,93444.61,93426.60,93437.92,300,63,0
2026.03.04 12:15:00,93437.85,93437.85,93428.88,93428.88,300,63,0
2026.03.04 12:10:00,93446.85,93446.85,93437.88,93437.88,300,63,0
2026.03.04 12:05:00,93455.85,93455.85,93446.88,93446.88,300,63,0
2026.03.04 12:00:00,93464.85,93464.85,93455.88,93455.88,300,63,0
2026.03.04 11:55:00,93458.42,93473.61,93458.21,93464.88,300,63,0
2026.03.04 11:50:00,93467.42,93467.42,93458.45,93458.45,300,63,0
2026.03.04 11:45:00,93442.60,93475.19,93441.40,93467.45,300,63,0
2026.03.04 11:40:00,93451.60,93451.60,93442.63,93442.63,300,63,0
2026.03.04 11:35:00,93460.60,93460.60,93451.63,93451.63,300,63,0
2026.03.04 11:30:00,93469.60,93469.60,93460.63,93460.63,300,63,0
2026.03.04 11:25:00,93478.60,93478.60,93469.63,93469.63,300,63,0
2026.03.04 11:20:00,93487.60,93487.60,93478.63,93478.63,300,63,0
2026.03.04 11:15:00,93463.98,93491.92,93459.33,93487.63,300,63,0
2026.03.04 11:10:00,93453.77,93466.11,93446.93,93464.01,300,63,0
2026.03.04 11:05:00,93438.84,93457.31,93433.41,93453.80,300,63,0
2026.03.04 11:00:00,93447.84,93447.84,93438.87,93438.87,300,63,0
2026.03.04 10:55:00,93439.51,93449.01,93431.71,93447.87,300,63,0
2026.03.04 10:50:00,93423.76,93441.55,93416.83,93439.54,300,63,0
2026.03.04 10:45:00,93432.76,93432.76,93423.79,93423.79,300,63,0
2026.03.04 10:40:00,93441.76,93441.76,93432.79,93432.79,300,63,0
2026.03.04 10:35:00,93450.76,93450.76,93441.79,93441.79,300,63,0
2026.03.04 10:30:00,93459.76,93459.76,93450.79,93450.79,300,63,0
2026.03.04 10:25:00,93442.83,93462.07,93436.17,93459.79,300,63,0
2026.03.04 10:20:00,93451.83,93451.83,93442.86,93442.86,300,63,0
2026.03.04 10:15:00,93460.83,93460.83,93451.86,93451.86,300,63,0
2026.03.04 10:10:00,93469.83,93469.83,93460.86,93460.86,300,63,0
2026.03.04 10:05:00,93478.83,93478.83,93469.86,93469.86,300,63,0
2026.03.04 10:00:00,93474.66,93484.35,93471.21,93478.86,300,63,0
2026.03.04 09:55:00,93483.66,93483.66,93474.69,93474.69,300,63,0
2026.03.04 09:50:00,93492.66,93492.66,93483.69,93483.69,300,63,0
2026.03.04 09:45:00,93501.66,93501.66,93492.69,93492.69,300,63,0
2026.03.04 09:40:00,93482.56,93509.88,93481.81,93501.69,300,63,0
2026.03.04 09:35:00,93491.56,93491.56,93482.59,93482.59,300,63,0
2026.03.04 09:30:00,93500.56,93500.56,93491.59,93491.59,300,63,0
2026.03.04 09:25:00,93509.56,93509.56,93500.59,93500.59,300,63,0
2026.03.04 09:20:00,93482.73,93513.55,93477.75,93509.59,300,63,0
2026.03.04 09:15:00,93440.44,93484.80,93437.47,93482.76,300,63,0
2026.03.04 09:10:00,93449.44,93449.44,93440.47,93440.47,300,63,0
2026.03.04 09:05:00,93440.87,93454.78,93437.24,93449.47,300,63,0
2026.03.04 09:00:00,93449.87,93449.87,93440.90,93440.90,300,63,0
2026.03.04 08:55:00,93432.91,93457.70,93431.77,93449.90,300,63,0
2026.03.04 08:50:00,93441.91,93441.91,93432.94,93432.94,297,63,0
2026.03.04 08:45:00,93450.91,93450.91,93441.94,93441.94,300,63,0
2026.03.04 08:40:00,93459.91,93459.91,93450.94,93450.94,300,63,0
2026.03.04 08:35:00,93468.91,93468.91,93459.94,93459.94,300,63,0
2026.03.04 08:30:00,93449.18,93470.23,93449.18,93468.94,300,63,0
2026.03.04 08:25:00,93458.18,93458.18,93449.21,93449.21,300,63,0
2026.03.04 08:20:00,93467.18,93467.18,93458.21,93458.21,300,63,0
2026.03.04 08:15:00,93450.31,93475.94,93450.10,93467.21,300,63,0
2026.03.04 08:10:00,93442.17,93455.32,93438.21,93450.34,300,63,0
2026.03.04 08:05:00,93451.17,93451.17,93442.20,93442.20,300,63,0
2026.03.04 08:00:00,93460.17,93460.17,93451.20,93451.20,300,63,0
2026.03.04 07:55:00,93469.17,93469.17,93460.20,93460.20,300,63,0
2026.03.04 07:50:00,93478.17,93478.17,93469.20,93469.20,300,63,0
2026.03.04 07:45:00,93471.67,93484.95,93469.48,93478.20,300,63,0
2026.03.04 07:40:00,93464.23,93477.79,93461.38,93471.70,300,63,0
2026.03.04 07:35:00,93452.29,93471.97,93451.06,93464.26,300,63,0
2026.03.04 07:30:00,93461.29,93461.29,93452.32,93452.32,300,63,0
2026.03.04 07:25:00,93451.27,93462.85,93443.86,93461.32,300,63,0
2026.03.04 07:20:00,93430.99,93459.79,93430.54,93451.30,300,63,0
2026.03.04 07:15:00,93439.99,93439.99,93431.02,93431.02,300,63,0
2026.03.04 07:10:00,93448.99,93448.99,93440.02,93440.02,300,63,0
2026.03.04 07:05:00,93457.99,93457.99,93449.02,93449.02,300,63,0
2026.03.04 07:00:00,93446.79,93463.27,93443.10,93458.02,300,63,0
2026.03.04 06:55:00,93455.79,93455.79,93446.82,93446.82,300,63,0
2026.03.04 06:50:00,93464.79,93464.79,93455.82,93455.82,300,63,0
2026.03.04 06:45:00,93473.79,93473.79,93464.82,93464.82,300,63,0
2026.03.04 06:40:00,93465.26,93480.63,93463.13,93473.82,300,63,0
2026.03.04 06:35:00,93474.26,93474.26,93465.29,93465.29,300,63,0
2026.03.04 06:30:00,93483.26,93483.26,93474.29,93474.29,300,63,0
2026.03.04 06:25:00,93492.26,93492.26,93483.29,93483.29,300,63,0
2026.03.04 06:20:00,93483.77,93500.42,93482.96,93492.29,300,63,0
2026.03.04 06:15:00,93492.77,93492.77,93483.80,93483.80,300,63,0
2026.03.04 06:10:00,93481.49,93500.06,93479.81,93492.80,300,63,0
2026.03.04 06:05:00,93490.49,93490.49,93481.52,93481.52,300,63,0
2026.03.04 06:00:00,93481.56,93495.92,93478.02,93490.52,300,63,0
2026.03.04 05:55:00,93453.60,93488.70,93451.77,93481.59,300,63,0
2026.03.04 05:50:00,93462.60,93462.60,93453.63,93453.63,300,63,0
2026.03.04 05:45:00,93471.60,93471.60,93462.63,93462.63,300,63,0
2026.03.04 05:40:00,93480.60,93480.60,93471.63,93471.63,300,63,0
2026.03.04 05:35:00,93489.60,93489.60,93480.63,93480.63,300,63,0
2026.03.04 05:30:00,93498.60,93498.60,93489.63,93489.63,300,63,0
2026.03.04 05:25:00,93507.60,93507.60,93498.63,93498.63,300,63,0
2026.03.04 05:20:00,93486.85,93513.27,93483.55,93507.63,300,63,0
2026.03.04 05:15:00,93495.85,93495.85,93486.88,93486.88,300,63,0
2026.03.04 05:10:00,93504.85,93504.85,93495.88,93495.88,300,63,0
2026.03.04 05:05:00,93498.77,93508.15,93493.10,93504.88,300,63,0
2026.03.04 05:00:00,93507.77,93507.77,93498.80,93498.80,300,63,0
2026.03.04 04:55:00,93516.59,93516.59,93507.80,93507.80,294,63,0
2026.03.04 04:50:00,93525.59,93525.59,93516.62,93516.62,300,63,0
2026.03.04 04:45:00,93520.33,93532.10,93517.87,93525.62,300,63,0
2026.03.04 04:40:00,93529.33,93529.33,93520.36,93520.36,300,63,0
2026.03.04 04:35:00,93538.33,93538.33,93529.36,93529.36,300,63,0
2026.03.04 04:30:00,93500.23,93539.44,93498.25,93538.36,300,63,0
2026.03.04 04:25:00,93488.07,93502.09,93480.96,93500.26,300,63,0
2026.03.04 04:20:00,93469.99,93495.27,93468.22,93488.10,300,63,0
2026.03.04 04:15:00,93478.99,93478.99,93470.02,93470.02,300,63,0
2026.03.04 04:10:00,93455.34,93487.30,93454.68,93479.02,300,63,0
2026.03.04 04:05:00,93464.34,93464.34,93455.37,93455.37,300,63,0
2026.03.04 04:00:00,93473.34,93473.34,93464.37,93464.37,300,63,0
2026.03.04 03:55:00,93482.34,93482.34,93473.37,93473.37,300,63,0
2026.03.04 03:50:00,93491.34,93491.34,93482.37,93482.37,300,63,0
2026.03.04 03:45:00,93485.80,93496.23,93481.72,93491.37,300,63,0
2026.03.04 03:40:00,93494.80,93494.80,93485.83,93485.83,300,63,0
2026.03.04 03:35:00,93503.80,93503.80,93494.83,93494.83,300,63,0
2026.03.04 03:30:00,93512.80,93512.80,93503.83,93503.83,300,63,0
2026.03.04 03:25:00,93521.80,93521.80,93512.83,93512.83,300,63,0
2026.03.04 03:20:00,93500.35,93522.31,93497.23,93521.83,300,63,0
2026.03.04 03:15:00,93509.35,93509.35,93500.38,93500.38,300,63,0
2026.03.04 03:10:00,93518.35,93518.35,93509.38,93509.38,300,63,0
2026.03.04 03:05:00,93527.35,93527.35,93518.38,93518.38,300,63,0
2026.03.04 03:00:00,93536.35,93536.35,93527.38,93527.38,300,63,0
2026.03.04 02:55:00,93545.35,93545.35,93536.38,93536.38,300,63,0
2026.03.04 02:50:00,93554.35,93554.35,93545.38,93545.38,300,63,0
2026.03.04 02:45:00,93563.35,93563.35,93554.38,93554.38,300,63,0
2026.03.04 02:40:00,93572.35,93572.35,93563.38,93563.38,300,63,0
2026.03.04 02:35:00,93581.35,93581.35,93572.38,93572.38,300,63,0
2026.03.04 02:30:00,93571.11,93590.05,93570.84,93581.38,300,63,0
2026.03.04 02:25:00,93580.11,93580.11,93571.14,93571.14,300,63,0
2026.03.04 02:20:00,93589.11,93589.11,93580.14,93580.14,300,63,0
2026.03.04 02:15:00,93598.11,93598.11,93589.14,93589.14,300,63,0
2026.03.04 02:10:00,93578.93,93600.03,93575.33,93598.14,300,63,0
2026.03.04 02:05:00,93558.03,93579.59,93549.72,93578.96,300,63,0
2026.03.04 02:00:00,93567.03,93567.03,93558.06,93558.06,300,63,0
2026.03.04 01:55:00,93576.03,93576.03,93567.06,93567.06,300,63,0
2026.03.04 01:50:00,93585.03,93585.03,93576.06,93576.06,300,63,0
2026.03.04 01:45:00,93571.11,93591.66,93568.77,93585.06,300,63,0
2026.03.04 01:40:00,93545.15,93577.77,93542.84,93571.14,300,63,0
2026.03.04 01:35:00,93554.15,93554.15,93545.18,93545.18,300,63,0
2026.03.04 01:30:00,93539.74,93559.22,93535.84,93554.18,300,63,0
2026.03.04 01:25:00,93521.57,93543.55,93516.41,93539.77,300,63,0
2026.03.04 01:20:00,93506.54,93528.86,93504.86,93521.60,300,63,0
2026.03.04 01:15:00,93497.65,93507.56,93489.70,93506.57,300,63,0
2026.03.04 01:10:00,93492.76,93504.04,93490.18,93497.68,300,63,0
2026.03.04 01:05:00,93501.76,93501.76,93492.79,93492.79,300,63,0
2026.03.04 01:00:00,93510.76,93510.76,93501.79,93501.79,300,63,0
2026.03.04 00:55:00,93500.17,93512.59,93493.03,93510.79,300,63,0
2026.03.04 00:50:00,93509.17,93509.17,93500.20,93500.20,300,63,0
2026.03.04 00:45:00,93518.17,93518.17,93509.20,93509.20,300,63,0
2026.03.04 00:40:00,93503.89,93518.38,93495.13,93518.20,300,63,0
2026.03.04 00:35:00,93512.89,93512.89,93503.92,93503.92,300,63,0
2026.03.04 00:30:00,93494.56,93515.74,93488.44,93512.92,300,63,0
2026.03.04 00:25:00,93503.56,93503.56,93494.59,93494.59,300,63,0
2026.03.04 00:20:00,93512.56,93512.56,93503.59,93503.59,300,63,0
2026.03.04 00:15:00,93521.56,93521.56,93512.59,93512.59,300,63,0
2026.03.04 00:10:00,93530.56,93530.56,93521.59,93521.59,300,63,0
2026.03.04 00:05:00,93539.56,93539.56,93530.59,93530.59,300,63,0
2026.03.04 00:00:00,93548.56,93548.56,93539.59,93539.59,300,63,0
2026.03.03 23:55:00,93557.56,93557.56,93548.59,93548.59,300,63,0
2026.03.03 23:50:00,93566.56,93566.56,93557.59,93557.59,300,63,0
2026.03.03 23:45:00,93554.20,93569.32,93547.99,93566.59,300,63,0
2026.03.03 23:40:00,93563.20,93563.20,93554.23,93554.23,300,63,0
2026.03.03 23:35:00,93544.51,93569.29,93541.63,93563.23,300,63,0
2026.03.03 23:30:00,93553.51,93553.51,93544.54,93544.54,300,63,0
2026.03.03 23:25:00,93549.92,93560.77,93548.21,93553.54,300,63,0
2026.03.03 23:20:00,93558.92,93558.92,93549.95,93549.95,300,63,0
2026.03.03 23:15:00,93567.92,93567.92,93558.95,93558.95,300,63,0
2026.03.03 23:10:00,93576.92,93576.92,93567.95,93567.95,300,63,0
2026.03.03 23:05:00,93571.04,93581.96,93567.08,93576.95,301,63,0
2026.03.03 23:00:00,93580.04,93580.04,93571.07,93571.07,300,63,0
2026.03.03 22:55:00,93589.04,93589.04,93580.07,93580.07,300,63,0
2026.03.03 22:50:00,93598.04,93598.04,93589.07,93589.07,300,63,0
2026.03.03 22:45:00,93607.04,93607.04,93598.07,93598.07,300,63,0
2026.03.03 22:40:00,93616.04,93616.04,93607.07,93607.07,300,63,0
2026.03.03 22:35:00,93566.98,93617.60,93563.62,93616.07,300,63,0
2026.03.03 22:30:00,93575.98,93575.98,93567.01,93567.01,300,63,0
2026.03.03 22:25:00,93546.07,93579.91,93544.51,93576.01,300,63,0
2026.03.03 22:20:00,93513.21,93552.37,93512.76,93546.10,300,63,0
2026.03.03 22:15:00,93453.00,93515.34,93452.88,93513.24,300,63,0
2026.03.03 22:10:00,93443.16,93460.92,93442.11,93453.03,300,63,0
2026.03.03 22:05:00,93452.16,93452.16,93443.19,93443.19,300,63,0
2026.03.03 22:00:00,93461.16,93461.16,93452.19,93452.19,300,63,0
2026.03.03 21:55:00,93470.16,93470.16,93461.19,93461.19,300,63,0
2026.03.03 21:50:00,93479.16,93479.16,93470.19,93470.19,300,63,0
2026.03.03 21:45:00,93443.73,93479.52,93440.37,93479.19,300,63,0
2026.03.03 21:40:00,93452.73,93452.73,93443.76,93443.76,300,63,0
2026.03.03 21:35:00,93461.73,93461.73,93452.76,93452.76,300,63,0
2026.03.03 21:30:00,93470.73,93470.73,93461.76,93461.76,300,63,0
2026.03.03 21:25:00,93454.59,93472.68,93447.57,93470.76,300,63,0
2026.03.03 21:20:00,93463.59,93463.59,93454.62,93454.62,300,63,0
2026.03.03 21:15:00,93447.49,93471.27,93446.20,93463.62,300,63,0
2026.03.03 21:10:00,93456.49,93456.49,93447.52,93447.52,300,63,0
2026.03.03 21:05:00,93465.49,93465.49,93456.52,93456.52,300,63,0
2026.03.03 21:00:00,93474.49,93474.49,93465.52,93465.52,300,63,0
2026.03.03 20:55:00,93466.54,93476.74,93459.82,93474.52,300,63,0
2026.03.03 20:50:00,93475.54,93475.54,93466.57,93466.57,300,63,0
2026.03.03 20:45:00,93484.54,93484.54,93475.57,93475.57,300,63,0
2026.03.03 20:40:00,93493.54,93493.54,93484.57,93484.57,300,63,0
2026.03.03 20:35:00,93502.54,93502.54,93493.57,93493.57,300,63,0
2026.03.03 20:30:00,93511.54,93511.54,93502.57,93502.57,300,63,0
2026.03.03 20:25:00,93520.54,93520.54,93511.57,93511.57,300,63,0
2026.03.03 20:20:00,93504.44,93524.68,93499.61,93520.57,300,63,0
2026.03.03 20:15:00,93497.96,93506.15,93490.70,93504.47,300,63,0
2026.03.03 20:10:00,93506.96,93506.96,93497.99,93497.99,300,63,0
2026.03.03 20:05:00,93490.95,93515.78,93490.80,93506.99,300,63,0
2026.03.03 20:00:00,93499.95,93499.95,93490.98,93490.98,300,63,0
2026.03.03 19:55:00,93508.95,93508.95,93499.98,93499.98,300,63,0
2026.03.03 19:50:00,93490.11,93517.29,93489.48,93508.98,300,63,0
2026.03.03 19:45:00,93445.42,93496.71,93445.00,93490.14,300,63,0
2026.03.03 19:40:00,93426.68,93445.75,93418.04,93445.45,300,63,0
2026.03.03 19:35:00,93435.68,93435.68,93426.71,93426.71,300,63,0
2026.03.03 19:30:00,93444.68,93444.68,93435.71,93435.71,300,63,0
2026.03.03 19:25:00,93453.68,93453.68,93444.71,93444.71,300,63,0
2026.03.03 19:20:00,93395.28,93457.07,93393.36,93453.71,300,63,0
2026.03.03 19:15:00,93404.28,93404.28,93395.31,93395.31,300,63,0
2026.03.03 19:10:00,93380.57,93410.25,93377.57,93404.31,300,63,0
2026.03.03 19:05:00,93389.57,93389.57,93380.60,93380.60,300,63,0
2026.03.03 19:00:00,93373.87,93389.90,93365.23,93389.60,300,63,0
2026.03.03 18:55:00,93382.87,93382.87,93373.90,93373.90,300,63,0
2026.03.03 18:50:00,93391.87,93391.87,93382.90,93382.90,300,63,0
2026.03.03 18:45:00,93400.87,93400.87,93391.90,93391.90,300,63,0
2026.03.03 18:40:00,93386.07,93404.38,93380.61,93400.90,300,63,0
2026.03.03 18:35:00,93395.07,93395.07,93386.10,93386.10,300,63,0
2026.03.03 18:30:00,93404.07,93404.07,93395.10,93395.10,300,63,0
2026.03.03 18:25:00,93413.07,93413.07,93404.10,93404.10,300,63,0
2026.03.03 18:20:00,93378.15,93414.45,93374.37,93413.10,300,63,0
2026.03.03 18:15:00,93356.05,93378.57,93352.36,93378.18,300,63,0
2026.03.03 18:10:00,93365.05,93365.05,93356.08,93356.08,300,63,0
2026.03.03 18:05:00,93357.36,93371.53,93354.87,93365.08,300,63,0
2026.03.03 18:00:00,93366.36,93366.36,93357.39,93357.39,300,63,0
2026.03.03 17:55:00,93341.23,93371.19,93337.09,93366.39,300,63,0
2026.03.03 17:50:00,93350.23,93350.23,93341.26,93341.26,300,63,0
2026.03.03 17:45:00,93359.23,93359.23,93350.26,93350.26,300,63,0
2026.03.03 17:40:00,93338.52,93359.65,93329.97,93359.26,300,63,0
2026.03.03 17:35:00,93347.52,93347.52,93338.55,93338.55,300,63,0
2026.03.03 17:30:00,93356.52,93356.52,93347.55,93347.55,300,63,0
2026.03.03 17:25:00,93365.52,93365.52,93356.55,93356.55,300,63,0
2026.03.03 17:20:00,93361.30,93369.72,93356.53,93365.55,300,63,0
2026.03.03 17:15:00,93370.30,93370.30,93361.33,93361.33,300,63,0
2026.03.03 17:10:00,93359.71,93373.81,93354.25,93370.33,300,63,0
2026.03.03 17:05:00,93368.71,93368.71,93359.74,93359.74,300,63,0
2026.03.03 17:00:00,93377.71,93377.71,93368.74,93368.74,300,63,0
2026.03.03 16:55:00,93386.71,93386.71,93377.74,93377.74,300,63,0
2026.03.03 16:50:00,93349.19,93394.42,93348.29,93386.74,300,63,0
2026.03.03 16:45:00,93337.37,93353.24,93332.45,93349.22,300,63,0
2026.03.03 16:40:00,93346.37,93346.37,93337.40,93337.40,300,63,0
2026.03.03 16:35:00,93331.11,93351.62,93327.39,93346.40,300,63,0
2026.03.03 16:30:00,93340.11,93340.11,93331.14,93331.14,300,63,0
2026.03.03 16:25:00,93349.11,93349.11,93340.14,93340.14,300,63,0
2026.03.03 16:20:00,93344.92,93355.26,93342.10,93349.14,300,63,0
2026.03.03 16:15:00,93353.92,93353.92,93344.95,93344.95,300,63,0
2026.03.03 16:10:00,93362.92,93362.92,93353.95,93353.95,300,63,0
2026.03.03 16:05:00,93346.48,93366.79,93341.38,93362.95,300,63,0
2026.03.03 16:00:00,93337.55,93355.42,93337.52,93346.51,300,63,0
2026.03.03 15:55:00,93346.55,93346.55,93337.58,93337.58,300,63,0
2026.03.03 15:50:00,93355.55,93355.55,93346.58,93346.58,300,63,0
2026.03.03 15:45:00,93364.55,93364.55,93355.58,93355.58,300,63,0
2026.03.03 15:40:00,93373.55,93373.55,93364.58,93364.58,300,63,0
2026.03.03 15:35:00,93382.55,93382.55,93373.58,93373.58,300,63,0
2026.03.03 15:30:00,93378.11,93382.88,93369.47,93382.58,300,63,0
2026.03.03 15:25:00,93348.66,93380.51,93342.09,93378.14,300,63,0
2026.03.03 15:20:00,93357.66,93357.66,93348.69,93348.69,300,63,0
2026.03.03 15:15:00,93366.66,93366.66,93357.69,93357.69,300,63,0
2026.03.03 15:10:00,93375.66,93375.66,93366.69,93366.69,300,63,0
2026.03.03 15:05:00,93325.18,93377.91,93323.17,93375.69,300,63,0
2026.03.03 15:00:00,93303.58,93331.51,93300.94,93325.21,300,63,0
2026.03.03 14:55:00,93312.58,93312.58,93303.61,93303.61,300,63,0
2026.03.03 14:50:00,93295.79,93315.49,93289.73,93312.61,300,63,0
2026.03.03 14:45:00,93275.08,93304.64,93274.96,93295.82,300,63,0
2026.03.03 14:40:00,93284.08,93284.08,93275.11,93275.11,300,63,0
2026.03.03 14:35:00,93293.08,93293.08,93284.11,93284.11,300,63,0
2026.03.03 14:30:00,93261.09,93299.44,93258.48,93293.11,300,63,0
2026.03.03 14:25:00,93270.09,93270.09,93261.12,93261.12,300,63,0
2026.03.03 14:20:00,93279.09,93279.09,93270.12,93270.12,300,63,0
2026.03.03 14:15:00,93288.09,93288.09,93279.12,93279.12,300,63,0
2026.03.03 14:10:00,93297.09,93297.09,93288.12,93288.12,300,63,0
2026.03.03 14:05:00,93287.75,93299.13,93280.82,93297.12,300,63,0
2026.03.03 14:00:00,93296.78,93296.78,93287.78,93287.78,301,63,0
2026.03.03 13:55:00,93305.78,93305.78,93296.81,93296.81,300,63,0
2026.03.03 13:50:00,93314.78,93314.78,93305.81,93305.81,300,63,0
2026.03.03 13:45:00,93323.78,93323.78,93314.81,93314.81,300,63,0
2026.03.03 13:40:00,93332.78,93332.78,93323.81,93323.81,300,63,0
2026.03.03 13:35:00,93341.78,93341.78,93332.81,93332.81,300,63,0
2026.03.03 13:30:00,93350.78,93350.78,93341.81,93341.81,300,63,0
2026.03.03 13:25:00,93341.44,93355.22,93336.91,93350.81,300,63,0
2026.03.03 13:20:00,93320.77,93348.31,93318.67,93341.47,300,63,0
2026.03.03 13:15:00,93294.01,93325.51,93289.78,93320.80,300,63,0
2026.03.03 13:10:00,93303.01,93303.01,93294.04,93294.04,300,63,0
2026.03.03 13:05:00,93291.45,93305.38,93284.85,93303.04,300,63,0
2026.03.03 13:00:00,93300.45,93300.45,93291.48,93291.48,300,63,0
2026.03.03 12:55:00,93279.97,93308.46,93279.01,93300.48,300,63,0
2026.03.03 12:50:00,93254.41,93282.94,93248.41,93280.00,300,63,0
2026.03.03 12:45:00,93222.88,93258.67,93220.93,93254.44,300,63,0
2026.03.03 12:40:00,93201.33,93227.62,93197.10,93222.91,300,63,0
2026.03.03 12:35:00,93210.33,93210.33,93201.36,93201.36,300,63,0
2026.03.03 12:30:00,93219.33,93219.33,93210.36,93210.36,300,63,0
2026.03.03 12:25:00,93228.33,93228.33,93219.36,93219.36,300,63,0
2026.03.03 12:20:00,93237.33,93237.33,93228.36,93228.36,300,63,0
2026.03.03 12:15:00,93217.01,93241.02,93211.73,93237.36,300,63,0
2026.03.03 12:10:00,93210.59,93217.88,93202.49,93217.04,300,63,0
2026.03.03 12:05:00,93219.59,93219.59,93210.62,93210.62,300,63,0
2026.03.03 12:00:00,93215.83,93221.39,93208.66,93219.62,300,63,0
2026.03.03 11:55:00,93205.72,93221.95,93202.87,93215.86,300,63,0
2026.03.03 11:50:00,93214.72,93214.72,93205.75,93205.75,300,63,0
2026.03.03 11:45:00,93223.72,93223.72,93214.75,93214.75,300,63,0
2026.03.03 11:40:00,93232.72,93232.72,93223.75,93223.75,300,63,0
2026.03.03 11:35:00,93210.34,93236.26,93204.91,93232.75,300,63,0
2026.03.03 11:30:00,93219.34,93219.34,93210.37,93210.37,300,63,0
2026.03.03 11:25:00,93209.42,93220.03,93201.14,93219.37,300,63,0
2026.03.03 11:20:00,93218.42,93218.42,93209.45,93209.45,300,63,0
2026.03.03 11:15:00,93227.42,93227.42,93218.45,93218.45,300,63,0
2026.03.03 11:10:00,93236.42,93236.42,93227.45,93227.45,300,63,0
2026.03.03 11:05:00,93245.42,93245.42,93236.45,93236.45,300,63,0
2026.03.03 11:00:00,93254.42,93254.42,93245.45,93245.45,300,63,0
2026.03.03 10:55:00,93263.42,93263.42,93254.45,93254.45,300,63,0
2026.03.03 10:50:00,93272.42,93272.42,93263.45,93263.45,300,63,0
2026.03.03 10:45:00,93281.42,93281.42,93272.45,93272.45,300,63,0
2026.03.03 10:40:00,93290.42,93290.42,93281.45,93281.45,300,63,0
2026.03.03 10:35:00,93299.42,93299.42,93290.45,93290.45,300,63,0
2026.03.03 10:30:00,93282.59,93303.26,93282.35,93299.45,300,63,0
2026.03.03 10:25:00,93291.59,93291.59,93282.62,93282.62,300,63,0
2026.03.03 10:20:00,93264.42,93291.98,93255.84,93291.62,300,63,0
2026.03.03 10:15:00,93273.42,93273.42,93264.45,93264.45,300,63,0
2026.03.03 10:10:00,93263.12,93280.35,93261.08,93273.45,300,63,0
2026.03.03 10:05:00,93229.43,93269.06,93227.27,93263.15,300,63,0
2026.03.03 10:00:00,93238.43,93238.43,93229.46,93229.46,300,63,0
2026.03.03 09:55:00,93247.43,93247.43,93238.46,93238.46,300,63,0
2026.03.03 09:50:00,93256.43,93256.43,93247.46,93247.46,300,63,0
2026.03.03 09:45:00,93265.43,93265.43,93256.46,93256.46,300,63,0
2026.03.03 09:40:00,93252.56,93266.33,93244.49,93265.46,300,63,0
2026.03.03 09:35:00,93261.56,93261.56,93252.59,93252.59,300,63,0
2026.03.03 09:30:00,93270.56,93270.56,93261.59,93261.59,300,63,0
2026.03.03 09:25:00,93279.56,93279.56,93270.59,93270.59,300,63,0
2026.03.03 09:20:00,93288.56,93288.56,93279.59,93279.59,300,63,0
2026.03.03 09:15:00,93268.34,93290.09,93260.90,93288.59,300,63,0
2026.03.03 09:10:00,93277.34,93277.34,93268.37,93268.37,300,63,0
2026.03.03 09:05:00,93262.49,93281.42,93257.60,93277.37,300,63,0
2026.03.03 09:00:00,93271.49,93271.49,93262.52,93262.52,300,63,0
2026.03.03 08:55:00,93246.67,93271.79,93238.00,93271.52,300,63,0
2026.03.03 08:50:00,93255.67,93255.67,93246.70,93246.70,300,63,0
2026.03.03 08:45:00,93264.67,93264.67,93255.70,93255.70,300,63,0
2026.03.03 08:40:00,93273.67,93273.67,93264.70,93264.70,300,63,0
2026.03.03 08:35:00,93282.67,93282.67,93273.70,93273.70,300,63,0
2026.03.03 08:30:00,93291.67,93291.67,93282.70,93282.70,300,63,0
2026.03.03 08:25:00,93300.67,93300.67,93291.70,93291.70,300,63,0
2026.03.03 08:20:00,93309.67,93309.67,93300.70,93300.70,300,63,0
2026.03.03 08:15:00,93318.67,93318.67,93309.70,93309.70,300,63,0
2026.03.03 08:10:00,93327.67,93327.67,93318.70,93318.70,300,63,0
2026.03.03 08:05:00,93336.67,93336.67,93327.70,93327.70,300,63,0
2026.03.03 08:00:00,93345.67,93345.67,93336.70,93336.70,300,63,0
2026.03.03 07:55:00,93354.67,93354.67,93345.70,93345.70,300,63,0
2026.03.03 07:50:00,93363.67,93363.67,93354.70,93354.70,300,63,0
2026.03.03 07:45:00,93358.76,93365.59,93351.71,93363.70,300,63,0
2026.03.03 07:40:00,93335.19,93364.88,93332.34,93358.79,300,63,0
2026.03.03 07:35:00,93304.33,93342.60,93303.22,93335.22,300,63,0
2026.03.03 07:30:00,93257.03,93308.50,93254.30,93304.36,300,63,0
2026.03.03 07:25:00,93266.03,93266.03,93257.06,93257.06,300,63,0
2026.03.03 07:20:00,93242.70,93267.98,93235.68,93266.06,300,63,0
2026.03.03 07:15:00,93234.24,93247.35,93229.92,93242.73,300,63,0
2026.03.03 07:10:00,93243.24,93243.24,93234.27,93234.27,300,63,0
2026.03.03 07:05:00,93211.61,93247.32,93206.72,93243.27,300,63,0
2026.03.03 07:00:00,93183.51,93215.60,93182.04,93211.64,300,63,0
2026.03.03 06:55:00,93171.10,93185.28,93163.90,93183.54,300,63,0
2026.03.03 06:50:00,93180.10,93180.10,93171.13,93171.13,300,63,0
2026.03.03 06:45:00,93158.65,93183.13,93157.03,93180.13,300,63,0
2026.03.03 06:40:00,93167.65,93167.65,93158.68,93158.68,300,63,0
2026.03.03 06:35:00,93176.65,93176.65,93167.68,93167.68,300,63,0
2026.03.03 06:30:00,93185.65,93185.65,93176.68,93176.68,300,63,0
2026.03.03 06:25:00,93169.95,93190.78,93166.11,93185.68,300,63,0
2026.03.03 06:20:00,93178.95,93178.95,93169.98,93169.98,300,63,0
2026.03.03 06:15:00,93173.77,93186.15,93172.00,93178.98,300,63,0
2026.03.03 06:10:00,93182.77,93182.77,93173.80,93173.80,300,63,0
2026.03.03 06:05:00,93130.68,93188.32,93128.70,93182.80,300,63,0
2026.03.03 06:00:00,93115.32,93135.84,93111.51,93130.71,300,63,0
2026.03.03 05:55:00,93124.32,93124.32,93115.35,93115.35,300,63,0
2026.03.03 05:50:00,93106.79,93126.90,93100.40,93124.35,300,63,0
2026.03.03 05:45:00,93086.69,93107.54,93078.47,93106.82,300,63,0
2026.03.03 05:40:00,93095.69,93095.69,93086.72,93086.72,300,63,0
2026.03.03 05:35:00,93089.77,93104.12,93089.23,93095.72,300,63,0
2026.03.03 05:30:00,93082.73,93095.29,93079.28,93089.80,300,63,0
2026.03.03 05:25:00,93091.73,93091.73,93082.76,93082.76,300,63,0
2026.03.03 05:20:00,93086.88,93097.04,93083.22,93091.76,300,63,0
2026.03.03 05:15:00,93095.88,93095.88,93086.91,93086.91,300,63,0
2026.03.03 05:10:00,93104.88,93104.88,93095.91,93095.91,300,63,0
2026.03.03 05:05:00,93113.88,93113.88,93104.91,93104.91,300,63,0
2026.03.03 05:00:00,93122.91,93122.91,93113.91,93113.91,301,63,0
2026.03.03 04:55:00,93131.91,93131.91,93122.94,93122.94,300,63,0
2026.03.03 04:50:00,93140.91,93140.91,93131.94,93131.94,300,63,0
2026.03.03 04:45:00,93149.91,93149.91,93140.94,93140.94,300,63,0
2026.03.03 04:40:00,93158.91,93158.91,93149.94,93149.94,300,63,0
2026.03.03 04:35:00,93132.17,93160.95,93125.24,93158.94,300,63,0
2026.03.03 04:30:00,93115.64,93136.16,93110.66,93132.20,300,63,0
2026.03.03 04:25:00,93124.64,93124.64,93115.67,93115.67,300,63,0
2026.03.03 04:20:00,93133.64,93133.64,93124.67,93124.67,300,63,0
2026.03.03 04:15:00,93142.64,93142.64,93133.67,93133.67,300,63,0
2026.03.03 04:10:00,93151.64,93151.64,93142.67,93142.67,300,63,0
2026.03.03 04:05:00,93160.64,93160.64,93151.67,93151.67,300,63,0
2026.03.03 04:00:00,93169.64,93169.64,93160.67,93160.67,300,63,0
2026.03.03 03:55:00,93178.64,93178.64,93169.67,93169.67,300,63,0
2026.03.03 03:50:00,93154.85,93186.89,93154.13,93178.67,300,63,0
2026.03.03 03:45:00,93163.85,93163.85,93154.88,93154.88,300,63,0
2026.03.03 03:40:00,93172.85,93172.85,93163.88,93163.88,300,63,0
2026.03.03 03:35:00,93181.85,93181.85,93172.88,93172.88,300,63,0
2026.03.03 03:30:00,93154.83,93182.15,93146.16,93181.88,300,63,0
2026.03.03 03:25:00,93163.83,93163.83,93154.86,93154.86,300,63,0
2026.03.03 03:20:00,93151.43,93169.23,93147.86,93163.86,300,63,0
2026.03.03 03:15:00,93160.43,93160.43,93151.46,93151.46,300,63,0
2026.03.03 03:10:00,93169.43,93169.43,93160.46,93160.46,300,63,0
2026.03.03 03:05:00,93178.43,93178.43,93169.46,93169.46,300,63,0
2026.03.03 03:00:00,93187.43,93187.43,93178.46,93178.46,300,63,0
2026.03.03 02:55:00,93196.43,93196.43,93187.46,93187.46,300,63,0
2026.03.03 02:50:00,93205.43,93205.43,93196.46,93196.46,300,63,0
2026.03.03 02:45:00,93214.43,93214.43,93205.46,93205.46,300,63,0
2026.03.03 02:40:00,93223.43,93223.43,93214.46,93214.46,300,63,0
2026.03.03 02:35:00,93232.43,93232.43,93223.46,93223.46,300,63,0
2026.03.03 02:30:00,93241.43,93241.43,93232.46,93232.46,300,63,0
2026.03.03 02:25:00,93250.43,93250.43,93241.46,93241.46,300,63,0
2026.03.03 02:20:00,93259.43,93259.43,93250.46,93250.46,300,63,0
2026.03.03 02:15:00,93268.43,93268.43,93259.46,93259.46,300,63,0
2026.03.03 02:10:00,93277.43,93277.43,93268.46,93268.46,300,63,0
2026.03.03 02:05:00,93286.43,93286.43,93277.46,93277.46,300,63,0
2026.03.03 02:00:00,93295.43,93295.43,93286.46,93286.46,300,63,0
2026.03.03 01:55:00,93269.84,93296.87,93262.31,93295.46,300,63,0
2026.03.03 01:50:00,93278.84,93278.84,93269.87,93269.87,300,63,0
2026.03.03 01:45:00,93287.84,93287.84,93278.87,93278.87,300,63,0
2026.03.03 01:40:00,93240.16,93292.82,93236.92,93287.87,300,63,0
2026.03.03 01:35:00,93249.16,93249.16,93240.19,93240.19,300,63,0
2026.03.03 01:30:00,93258.16,93258.16,93249.19,93249.19,300,63,0
2026.03.03 01:25:00,93267.16,93267.16,93258.19,93258.19,300,63,0
2026.03.03 01:20:00,93250.15,93268.18,93242.20,93267.19,300,63,0
2026.03.03 01:15:00,93259.15,93259.15,93250.18,93250.18,300,63,0
2026.03.03 01:10:00,93268.15,93268.15,93259.18,93259.18,300,63,0
2026.03.03 01:05:00,93242.82,93270.79,93236.49,93268.18,300,63,0
2026.03.03 01:00:00,93251.82,93251.82,93242.85,93242.85,300,63,0
2026.03.03 00:55:00,93260.82,93260.82,93251.85,93251.85,300,63,0
2026.03.03 00:50:00,93269.82,93269.82,93260.85,93260.85,300,63,0
2026.03.03 00:45:00,93258.29,93278.25,93257.75,93269.85,300,63,0
2026.03.03 00:40:00,93249.96,93261.80,93244.50,93258.32,300,63,0
2026.03.03 00:35:00,93258.96,93258.96,93249.99,93249.99,300,63,0
2026.03.03 00:30:00,93267.96,93267.96,93258.99,93258.99,300,63,0
2026.03.03 00:25:00,93252.88,93273.75,93249.70,93267.99,300,63,0
2026.03.03 00:20:00,93261.88,93261.88,93252.91,93252.91,300,63,0
2026.03.03 00:15:00,93242.75,93267.79,93239.69,93261.91,300,63,0
2026.03.03 00:10:00,93251.75,93251.75,93242.78,93242.78,300,63,0
2026.03.03 00:05:00,93260.75,93260.75,93251.78,93251.78,300,63,0
2026.03.03 00:00:00,93269.75,93269.75,93260.78,93260.78,300,63,0
2026.03.02 23:55:00,93265.28,93278.12,93264.68,93269.78,300,63,0
2026.03.02 23:50:00,93258.15,93269.78,93253.68,93265.31,300,63,0
2026.03.02 23:45:00,93267.15,93267.15,93258.18,93258.18,300,63,0
2026.03.02 23:40:00,93276.15,93276.15,93267.18,93267.18,300,63,0
2026.03.02 23:35:00,93258.12,93278.64,93251.64,93276.18,300,63,0
2026.03.02 23:30:00,93267.12,93267.12,93258.15,93258.15,300,63,0
2026.03.02 23:25:00,93254.24,93272.07,93250.22,93267.15,300,63,0
2026.03.02 23:20:00,93263.24,93263.24,93254.27,93254.27,300,63,0
2026.03.02 23:15:00,93272.24,93272.24,93263.27,93263.27,300,63,0
2026.03.02 23:10:00,93281.24,93281.24,93272.27,93272.27,300,63,0
2026.03.02 23:05:00,93251.77,93281.51,93243.07,93281.27,300,63,0
2026.03.02 23:00:00,93260.77,93260.77,93251.80,93251.80,300,63,0
2026.03.02 22:55:00,93269.77,93269.77,93260.80,93260.80,300,63,0
2026.03.02 22:50:00,93278.77,93278.77,93269.80,93269.80,300,63,0
2026.03.02 22:45:00,93287.77,93287.77,93278.80,93278.80,300,63,0
2026.03.02 22:40:00,93296.77,93296.77,93287.80,93287.80,300,63,0
2026.03.02 22:35:00,93305.77,93305.77,93296.80,93296.80,300,63,0
2026.03.02 22:30:00,93314.77,93314.77,93305.80,93305.80,300,63,0
2026.03.02 22:25:00,93323.77,93323.77,93314.80,93314.80,300,63,0
2026.03.02 22:20:00,93332.77,93332.77,93323.80,93323.80,300,63,0
2026.03.02 22:15:00,93341.77,93341.77,93332.80,93332.80,300,63,0
2026.03.02 22:10:00,93350.77,93350.77,93341.80,93341.80,300,63,0
2026.03.02 22:05:00,93359.77,93359.77,93350.80,93350.80,300,63,0
2026.03.02 22:00:00,93368.77,93368.77,93359.80,93359.80,300,63,0
2026.03.02 21:55:00,93335.26,93370.87,93333.46,93368.80,300,63,0
2026.03.02 21:50:00,93344.26,93344.26,93335.29,93335.29,300,63,0
2026.03.02 21:45:00,93290.78,93345.67,93290.06,93344.29,300,63,0
2026.03.02 21:40:00,93258.35,93293.93,93255.83,93290.81,300,63,0
2026.03.02 21:35:00,93267.35,93267.35,93258.38,93258.38,300,63,0
2026.03.02 21:30:00,93276.35,93276.35,93267.38,93267.38,300,63,0
2026.03.02 21:25:00,93285.35,93285.35,93276.38,93276.38,300,63,0
2026.03.02 21:20:00,93294.35,93294.35,93285.38,93285.38,300,63,0
2026.03.02 21:15:00,93303.35,93303.35,93294.38,93294.38,300,63,0
2026.03.02 21:10:00,93312.35,93312.35,93303.38,93303.38,300,63,0
2026.03.02 21:05:00,93321.35,93321.35,93312.38,93312.38,300,63,0
2026.03.02 21:00:00,93308.47,93322.73,93300.88,93321.38,300,63,0
2026.03.02 20:55:00,93259.75,93310.87,93258.67,93308.50,300,63,0
2026.03.02 20:50:00,93268.75,93268.75,93259.78,93259.78,300,63,0
2026.03.02 20:45:00,93277.75,93277.75,93268.78,93268.78,300,63,0
2026.03.02 20:40:00,93286.75,93286.75,93277.78,93277.78,300,63,0
2026.03.02 20:35:00,93295.75,93295.75,93286.78,93286.78,300,63,0
2026.03.02 20:30:00,93304.75,93304.75,93295.78,93295.78,300,63,0
2026.03.02 20:25:00,93273.44,93305.29,93266.21,93304.78,300,63,0
2026.03.02 20:20:00,93265.67,93280.28,93263.54,93273.47,300,63,0
2026.03.02 20:15:00,93274.67,93274.67,93265.70,93265.70,300,63,0
2026.03.02 20:10:00,93283.67,93283.67,93274.70,93274.70,300,63,0
2026.03.02 20:05:00,93292.67,93292.67,93283.70,93283.70,300,63,0
2026.03.02 20:00:00,93301.67,93301.67,93292.70,93292.70,300,63,0
2026.03.02 19:55:00,93310.70,93310.70,93301.70,93301.70,301,63,0
2026.03.02 19:50:00,93319.70,93319.70,93310.73,93310.73,300,63,0
2026.03.02 19:45:00,93328.70,93328.70,93319.73,93319.73,300,63,0
2026.03.02 19:40:00,93321.51,93329.30,93313.14,93328.73,300,63,0
2026.03.02 19:35:00,93283.65,93323.85,93278.82,93321.54,300,63,0
2026.03.02 19:30:00,93292.65,93292.65,93283.68,93283.68,300,63,0
2026.03.02 19:25:00,93301.65,93301.65,93292.68,93292.68,300,63,0
2026.03.02 19:20:00,93310.65,93310.65,93301.68,93301.68,300,63,0
2026.03.02 19:15:00,93319.65,93319.65,93310.68,93310.68,300,63,0
2026.03.02 19:10:00,93328.65,93328.65,93319.68,93319.68,300,63,0
2026.03.02 19:05:00,93325.00,93331.56,93318.94,93328.68,300,63,0
2026.03.02 19:00:00,93334.00,93334.00,93325.03,93325.03,300,63,0
2026.03.02 18:55:00,93343.00,93343.00,93334.03,93334.03,300,63,0
2026.03.02 18:50:00,93352.00,93352.00,93343.03,93343.03,300,63,0
2026.03.02 18:45:00,93361.00,93361.00,93352.03,93352.03,300,63,0
2026.03.02 18:40:00,93370.00,93370.00,93361.03,93361.03,300,63,0
2026.03.02 18:35:00,93379.00,93379.00,93370.03,93370.03,300,63,0
2026.03.02 18:30:00,93388.00,93388.00,93379.03,93379.03,300,63,0
2026.03.02 18:25:00,93397.00,93397.00,93388.03,93388.03,300,63,0
2026.03.02 18:20:00,93406.00,93406.00,93397.03,93397.03,300,63,0
2026.03.02 18:15:00,93415.00,93415.00,93406.03,93406.03,300,63,0
2026.03.02 18:10:00,93424.00,93424.00,93415.03,93415.03,300,63,0
2026.03.02 18:05:00,93415.13,93428.95,93411.11,93424.03,300,63,0
2026.03.02 18:00:00,93401.70,93419.57,93397.17,93415.16,300,63,0
2026.03.02 17:55:00,93410.70,93410.70,93401.73,93401.73,300,63,0
2026.03.02 17:50:00,93419.70,93419.70,93410.73,93410.73,300,63,0
2026.03.02 17:45:00,93428.70,93428.70,93419.73,93419.73,300,63,0
2026.03.02 17:40:00,93437.70,93437.70,93428.73,93428.73,300,63,0
2026.03.02 17:35:00,93367.40,93440.82,93365.93,93437.73,300,63,0
2026.03.02 17:30:00,93376.40,93376.40,93367.43,93367.43,300,63,0
2026.03.02 17:25:00,93385.40,93385.40,93376.43,93376.43,300,63,0
2026.03.02 17:20:00,93394.40,93394.40,93385.43,93385.43,300,63,0
2026.03.02 17:15:00,93403.40,93403.40,93394.43,93394.43,300,63,0
2026.03.02 17:10:00,93380.99,93409.16,93377.78,93403.43,300,63,0
2026.03.02 17:05:00,93389.99,93389.99,93381.02,93381.02,300,63,0
2026.03.02 17:00:00,93398.99,93398.99,93390.02,93390.02,300,63,0
2026.03.02 16:55:00,93368.30,93399.47,93359.81,93399.02,300,63,0
2026.03.02 16:50:00,93377.30,93377.30,93368.33,93368.33,300,63,0
2026.03.02 16:45:00,93386.30,93386.30,93377.33,93377.33,300,63,0
2026.03.02 16:40:00,93367.79,93387.44,93359.96,93386.33,300,63,0
2026.03.02 16:35:00,93376.79,93376.79,93367.82,93367.82,300,63,0
2026.03.02 16:30:00,93385.79,93385.79,93376.82,93376.82,300,63,0
2026.03.02 16:25:00,93394.79,93394.79,93385.82,93385.82,300,63,0
2026.03.02 16:20:00,93403.79,93403.79,93394.82,93394.82,300,63,0
2026.03.02 16:15:00,93395.46,93405.05,93387.75,93403.82,300,63,0
2026.03.02 16:10:00,93370.28,93399.96,93365.81,93395.49,300,63,0
2026.03.02 16:05:00,93338.35,93372.53,93333.94,93370.31,300,63,0
2026.03.02 16:00:00,93347.35,93347.35,93338.38,93338.38,300,63,0
2026.03.02 15:55:00,93356.35,93356.35,93347.38,93347.38,300,63,0
2026.03.02 15:50:00,93365.35,93365.35,93356.38,93356.38,300,63,0
2026.03.02 15:45:00,93374.35,93374.35,93365.38,93365.38,300,63,0
2026.03.02 15:40:00,93383.35,93383.35,93374.38,93374.38,300,63,0
2026.03.02 15:35:00,93358.96,93391.90,93358.54,93383.38,300,63,0
2026.03.02 15:30:00,93367.96,93367.96,93358.99,93358.99,300,63,0
2026.03.02 15:25:00,93348.79,93370.15,93344.98,93367.99,300,63,0
2026.03.02 15:20:00,93306.34,93353.35,93301.93,93348.82,300,63,0
2026.03.02 15:15:00,93315.34,93315.34,93306.37,93306.37,300,63,0
2026.03.02 15:10:00,93324.34,93324.34,93315.37,93315.37,300,63,0
2026.03.02 15:05:00,93333.34,93333.34,93324.37,93324.37,300,63,0
2026.03.02 15:00:00,93308.24,93333.55,93299.48,93333.37,300,63,0
2026.03.02 14:55:00,93317.24,93317.24,93308.27,93308.27,300,63,0
2026.03.02 14:50:00,93326.24,93326.24,93317.27,93317.27,300,63,0
2026.03.02 14:45:00,93335.24,93335.24,93326.27,93326.27,300,63,0
2026.03.02 14:40:00,93330.77,93337.25,93323.81,93335.27,300,63,0
2026.03.02 14:35:00,93339.77,93339.77,93330.80,93330.80,300,63,0
2026.03.02 14:30:00,93348.77,93348.77,93339.80,93339.80,300,63,0
2026.03.02 14:25:00,93342.22,93353.87,93338.35,93348.80,300,63,0
2026.03.02 14:20:00,93351.22,93351.22,93342.25,93342.25,300,63,0
2026.03.02 14:15:00,93360.22,93360.22,93351.25,93351.25,300,63,0
2026.03.02 14:10:00,93319.63,93360.97,93317.08,93360.25,300,63,0
2026.03.02 14:05:00,93328.63,93328.63,93319.66,93319.66,300,63,0
2026.03.02 14:00:00,93337.63,93337.63,93328.66,93328.66,300,63,0
2026.03.02 13:55:00,93346.63,93346.63,93337.66,93337.66,300,63,0
2026.03.02 13:50:00,93331.73,93352.27,93328.40,93346.66,300,63,0
2026.03.02 13:45:00,93340.73,93340.73,93331.76,93331.76,300,63,0
2026.03.02 13:40:00,93349.73,93349.73,93340.76,93340.76,300,63,0
2026.03.02 13:35:00,93358.73,93358.73,93349.76,93349.76,300,63,0
2026.03.02 13:30:00,93354.54,93365.81,93352.65,93358.76,300,63,0
2026.03.02 13:25:00,93363.54,93363.54,93354.57,93354.57,300,63,0
2026.03.02 13:20:00,93372.54,93372.54,93363.57,93363.57,300,63,0
2026.03.02 13:15:00,93332.21,93380.16,93331.91,93372.57,300,63,0
2026.03.02 13:10:00,93324.05,93335.45,93318.32,93332.24,300,63,0
2026.03.02 13:05:00,93294.35,93327.20,93288.53,93324.08,300,63,0
2026.03.02 13:00:00,93303.35,93303.35,93294.38,93294.38,300,63,0
2026.03.02 12:55:00,93298.25,93305.69,93291.62,93303.38,300,63,0
2026.03.02 12:50:00,93289.77,93305.84,93288.39,93298.28,300,63,0
2026.03.02 12:45:00,93271.84,93295.65,93268.75,93289.80,300,63,0
2026.03.02 12:40:00,93280.84,93280.84,93271.87,93271.87,300,63,0
2026.03.02 12:35:00,93289.84,93289.84,93280.87,93280.87,300,63,0
2026.03.02 12:30:00,93298.84,93298.84,93289.87,93289.87,300,63,0
2026.03.02 12:25:00,93277.71,93301.39,93271.29,93298.87,300,63,0
2026.03.02 12:20:00,93257.33,93282.42,93253.07,93277.74,300,63,0
2026.03.02 12:15:00,93266.33,93266.33,93257.36,93257.36,300,63,0
2026.03.02 12:10:00,93242.16,93266.69,93233.55,93266.36,300,63,0
2026.03.02 12:05:00,93251.16,93251.16,93242.19,93242.19,300,63,0
2026.03.02 12:00:00,93260.16,93260.16,93251.19,93251.19,300,63,0
2026.03.02 11:55:00,93269.16,93269.16,93260.19,93260.19,300,63,0
2026.03.02 11:50:00,93278.16,93278.16,93269.19,93269.19,300,63,0
2026.03.02 11:45:00,93287.16,93287.16,93278.19,93278.19,300,63,0
2026.03.02 11:40:00,93296.16,93296.16,93287.19,93287.19,300,63,0
2026.03.02 11:35:00,93305.16,93305.16,93296.19,93296.19,300,63,0
2026.03.02 11:30:00,93314.16,93314.16,93305.19,93305.19,300,63,0
2026.03.02 11:25:00,93323.16,93323.16,93314.19,93314.19,300,63,0
2026.03.02 11:20:00,93332.16,93332.16,93323.19,93323.19,300,63,0
2026.03.02 11:15:00,93326.19,93332.94,93318.00,93332.19,300,63,0
2026.03.02 11:10:00,93335.19,93335.19,93326.22,93326.22,300,63,0
2026.03.02 11:05:00,93302.33,93338.55,93296.72,93335.22,300,63,0
2026.03.02 11:00:00,93311.33,93311.33,93302.36,93302.36,300,63,0
2026.03.02 10:55:00,93320.33,93320.33,93311.36,93311.36,300,63,0
2026.03.02 10:50:00,93329.33,93329.33,93320.36,93320.36,300,63,0
2026.03.02 10:45:00,93324.39,93333.62,93319.68,93329.36,301,63,0
2026.03.02 10:40:00,93333.39,93333.39,93324.42,93324.42,300,63,0
2026.03.02 10:35:00,93342.39,93342.39,93333.42,93333.42,300,63,0
2026.03.02 10:30:00,93351.39,93351.39,93342.42,93342.42,300,63,0
2026.03.02 10:25:00,93360.39,93360.39,93351.42,93351.42,300,63,0
2026.03.02 10:20:00,93369.39,93369.39,93360.42,93360.42,300,63,0
2026.03.02 10:15:00,93356.80,93375.33,93353.77,93369.42,300,63,0
2026.03.02 10:10:00,93365.80,93365.80,93356.83,93356.83,300,63,0
2026.03.02 10:05:00,93357.08,93372.58,93354.89,93365.83,300,63,0
2026.03.02 10:00:00,93366.08,93366.08,93357.11,93357.11,300,63,0
2026.03.02 09:55:00,93375.08,93375.08,93366.11,93366.11,300,63,0
2026.03.02 09:50:00,93384.08,93384.08,93375.11,93375.11,300,63,0
2026.03.02 09:45:00,93393.08,93393.08,93384.11,93384.11,300,63,0
2026.03.02 09:40:00,93359.43,93393.86,93352.59,93393.11,300,63,0
2026.03.02 09:35:00,93344.34,93365.13,93341.07,93359.46,300,63,0
2026.03.02 09:30:00,93353.34,93353.34,93344.37,93344.37,300,63,0
2026.03.02 09:25:00,93343.21,93356.43,93337.33,93353.37,300,63,0
2026.03.02 09:20:00,93336.67,93347.05,93331.54,93343.24,300,63,0
2026.03.02 09:15:00,93345.67,93345.67,93336.70,93336.70,300,63,0
2026.03.02 09:10:00,93354.67,93354.67,93345.70,93345.70,300,63,0
2026.03.02 09:05:00,93363.67,93363.67,93354.70,93354.70,300,63,0
2026.03.02 09:00:00,93372.67,93372.67,93363.70,93363.70,300,63,0
2026.03.02 08:55:00,93381.67,93381.67,93372.70,93372.70,300,63,0
2026.03.02 08:50:00,93390.67,93390.67,93381.70,93381.70,300,63,0
2026.03.02 08:45:00,93374.87,93398.71,93373.94,93390.70,300,63,0
2026.03.02 08:40:00,93383.87,93383.87,93374.90,93374.90,300,63,0
2026.03.02 08:35:00,93392.87,93392.87,93383.90,93383.90,300,63,0
2026.03.02 08:30:00,93401.87,93401.87,93392.90,93392.90,300,63,0
2026.03.02 08:25:00,93395.19,93409.31,93393.66,93401.90,300,63,0
2026.03.02 08:20:00,93404.19,93404.19,93395.22,93395.22,300,63,0
2026.03.02 08:15:00,93413.19,93413.19,93404.22,93404.22,300,63,0
2026.03.02 08:10:00,93422.19,93422.19,93413.22,93413.22,300,63,0
2026.03.02 08:05:00,93431.19,93431.19,93422.22,93422.22,300,63,0
2026.03.02 08:00:00,93418.22,93439.77,93417.83,93431.22,300,63,0
2026.03.02 07:55:00,93427.22,93427.22,93418.25,93418.25,300,63,0
2026.03.02 07:50:00,93424.20,93435.11,93423.12,93427.25,300,63,0
2026.03.02 07:45:00,93374.77,93426.60,93369.88,93424.23,300,63,0
2026.03.02 07:40:00,93357.35,93379.66,93353.27,93374.80,300,63,0
2026.03.02 07:35:00,93345.17,93360.50,93339.35,93357.38,300,63,0
2026.03.02 07:30:00,93354.17,93354.17,93345.20,93345.20,300,63,0
2026.03.02 07:25:00,93363.17,93363.17,93354.20,93354.20,300,63,0
2026.03.02 07:20:00,93315.59,93364.85,93314.99,93363.20,300,63,0
2026.03.02 07:15:00,93324.59,93324.59,93315.62,93315.62,300,63,0
2026.03.02 07:10:00,93333.59,93333.59,93324.62,93324.62,300,63,0
2026.03.02 07:05:00,93342.59,93342.59,93333.62,93333.62,300,63,0
2026.03.02 07:00:00,93351.59,93351.59,93342.62,93342.62,300,63,0
2026.03.02 06:55:00,93360.59,93360.59,93351.62,93351.62,300,63,0
2026.03.02 06:50:00,93369.59,93369.59,93360.62,93360.62,300,63,0
2026.03.02 06:45:00,93344.32,93373.70,93339.46,93369.62,300,63,0
2026.03.02 06:40:00,93353.32,93353.32,93344.35,93344.35,300,63,0
2026.03.02 06:35:00,93362.32,93362.32,93353.35,93353.35,300,63,0
2026.03.02 06:30:00,93371.32,93371.32,93362.35,93362.35,300,63,0
2026.03.02 06:25:00,93380.32,93380.32,93371.35,93371.35,300,63,0
2026.03.02 06:20:00,93389.32,93389.32,93380.35,93380.35,300,63,0
2026.03.02 06:15:00,93398.32,93398.32,93389.35,93389.35,300,63,0
2026.03.02 06:10:00,93407.32,93407.32,93398.35,93398.35,300,63,0
2026.03.02 06:05:00,93416.32,93416.32,93407.35,93407.35,300,63,0
2026.03.02 06:00:00,93425.32,93425.32,93416.35,93416.35,300,63,0
2026.03.02 05:55:00,93434.32,93434.32,93425.35,93425.35,300,63,0
2026.03.02 05:50:00,93393.03,93442.06,93391.92,93434.35,300,63,0
2026.03.02 05:45:00,93402.03,93402.03,93393.06,93393.06,300,63,0
2026.03.02 05:40:00,93411.03,93411.03,93402.06,93402.06,300,63,0
2026.03.02 05:35:00,93382.38,93419.91,93382.29,93411.06,300,63,0
2026.03.02 05:30:00,93391.38,93391.38,93382.41,93382.41,300,63,0
2026.03.02 05:25:00,93330.21,93392.94,93326.10,93391.41,300,63,0
2026.03.02 05:20:00,93304.80,93334.74,93300.78,93330.24,300,63,0
2026.03.02 05:15:00,93252.07,93306.60,93249.22,93304.83,300,63,0
2026.03.02 05:10:00,93261.07,93261.07,93252.10,93252.10,300,63,0
2026.03.02 05:05:00,93256.87,93264.07,93250.90,93261.10,300,63,0
2026.03.02 05:00:00,93265.87,93265.87,93256.90,93256.90,300,63,0
2026.03.02 04:55:00,93256.62,93272.95,93254.73,93265.90,300,63,0
2026.03.02 04:50:00,93265.62,93265.62,93256.65,93256.65,300,63,0
2026.03.02 04:45:00,93274.62,93274.62,93265.65,93265.65,300,63,0
2026.03.02 04:40:00,93283.62,93283.62,93274.65,93274.65,300,63,0
2026.03.02 04:35:00,93260.48,93284.34,93252.41,93283.65,300,63,0
2026.03.02 04:30:00,93269.48,93269.48,93260.51,93260.51,300,63,0
2026.03.02 04:25:00,93278.48,93278.48,93269.51,93269.51,300,63,0
2026.03.02 04:20:00,93287.48,93287.48,93278.51,93278.51,300,63,0
2026.03.02 04:15:00,93296.48,93296.48,93287.51,93287.51,300,63,0
2026.03.02 04:10:00,93305.48,93305.48,93296.51,93296.51,300,63,0
2026.03.02 04:05:00,93301.95,93313.43,93300.93,93305.51,300,63,0
2026.03.02 04:00:00,93310.95,93310.95,93301.98,93301.98,300,63,0
2026.03.02 03:55:00,93302.16,93318.24,93300.48,93310.98,300,63,0
2026.03.02 03:50:00,93286.10,93303.27,93278.24,93302.19,300,63,0
2026.03.02 03:45:00,93266.92,93293.39,93265.24,93286.13,300,63,0
2026.03.02 03:40:00,93275.92,93275.92,93266.95,93266.95,300,63,0
2026.03.02 03:35:00,93255.94,93275.95,93247.00,93275.95,300,63,0
2026.03.02 03:30:00,93264.94,93264.94,93255.97,93255.97,300,63,0
2026.03.02 03:25:00,93273.94,93273.94,93264.97,93264.97,300,63,0
2026.03.02 03:20:00,93269.17,93277.21,93263.47,93273.97,300,63,0
2026.03.02 03:15:00,93278.17,93278.17,93269.20,93269.20,300,63,0
2026.03.02 03:10:00,93266.05,93284.32,93263.23,93278.20,300,63,0
2026.03.02 03:05:00,93234.97,93269.11,93229.06,93266.08,300,63,0
2026.03.02 03:00:00,93191.65,93238.45,93188.62,93235.00,300,63,0
2026.03.02 02:55:00,93179.53,93196.51,93175.42,93191.68,300,63,0
2026.03.02 02:50:00,93147.57,93185.95,93146.28,93179.56,300,63,0
2026.03.02 02:45:00,93156.57,93156.57,93147.60,93147.60,300,63,0
2026.03.02 02:40:00,93165.57,93165.57,93156.60,93156.60,300,63,0
2026.03.02 02:35:00,93174.57,93174.57,93165.60,93165.60,300,63,0
2026.03.02 02:30:00,93183.57,93183.57,93174.60,93174.60,300,63,0
2026.03.02 02:25:00,93192.57,93192.57,93183.60,93183.60,300,63,0
2026.03.02 02:20:00,93201.57,93201.57,93192.60,93192.60,300,63,0
2026.03.02 02:15:00,93210.57,93210.57,93201.60,93201.60,300,63,0
2026.03.02 02:10:00,93202.25,93211.47,93194.18,93210.60,300,63,0
2026.03.02 02:05:00,93211.25,93211.25,93202.28,93202.28,300,63,0
2026.03.02 02:00:00,93220.25,93220.25,93211.28,93211.28,300,63,0
2026.03.02 01:55:00,93229.25,93229.25,93220.28,93220.28,300,63,0
2026.03.02 01:50:00,93212.84,93237.77,93212.75,93229.28,300,63,0
2026.03.02 01:45:00,93221.87,93221.87,93212.87,93212.87,301,63,0
2026.03.02 01:40:00,93230.87,93230.87,93221.90,93221.90,300,63,0
2026.03.02 01:35:00,93239.87,93239.87,93230.90,93230.90,300,63,0
2026.03.02 01:30:00,93248.87,93248.87,93239.90,93239.90,300,63,0
2026.03.02 01:25:00,93257.87,93257.87,93248.90,93248.90,300,63,0
2026.03.02 01:20:00,93266.87,93266.87,93257.90,93257.90,300,63,0
2026.03.02 01:15:00,93215.99,93268.73,93215.75,93266.90,300,63,0
2026.03.02 01:10:00,93193.55,93216.44,93185.03,93216.02,300,63,0
2026.03.02 01:05:00,93202.55,93202.55,93193.58,93193.58,300,63,0
2026.03.02 01:00:00,93211.55,93211.55,93202.58,93202.58,300,63,0
2026.03.02 00:55:00,93197.06,93214.07,93190.61,93211.58,300,63,0
2026.03.02 00:50:00,93206.06,93206.06,93197.09,93197.09,300,63,0
2026.03.02 00:45:00,93167.94,93210.86,93166.62,93206.09,300,63,0
2026.03.02 00:40:00,93176.94,93176.94,93167.97,93167.97,300,63,0
2026.03.02 00:35:00,93160.65,93179.97,93154.71,93176.97,300,63,0
2026.03.02 00:30:00,93169.65,93169.65,93160.68,93160.68,300,63,0
2026.03.02 00:25:00,93150.59,93172.68,93144.65,93169.68,300,63,0
2026.03.02 00:20:00,93159.59,93159.59,93150.62,93150.62,300,63,0
2026.03.02 00:15:00,93168.59,93168.59,93159.62,93159.62,300,63,0
2026.03.02 00:10:00,93177.59,93177.59,93168.62,93168.62,300,63,0
2026.03.02 00:05:00,93159.19,93185.15,93157.78,93177.62,300,63,0
2026.03.02 00:00:00,93168.19,93168.19,93159.22,93159.22,300,63,0
2026.03.01 23:55:00,93177.19,93177.19,93168.22,93168.22,300,63,0
2026.03.01 23:50:00,93117.30,93182.17,93116.07,93177.22,300,63,0
2026.03.01 23:45:00,93126.30,93126.30,93117.33,93117.33,300,63,0
2026.03.01 23:40:00,93105.58,93133.08,93103.39,93126.33,300,63,0
2026.03.01 23:35:00,93114.58,93114.58,93105.61,93105.61,300,63,0
2026.03.01 23:30:00,93123.58,93123.58,93114.61,93114.61,300,63,0
2026.03.01 23:25:00,93132.58,93132.58,93123.61,93123.61,300,63,0
2026.03.01 23:20:00,93081.79,93137.05,93081.67,93132.61,300,63,0
2026.03.01 23:15:00,93090.79,93090.79,93081.82,93081.82,300,63,0
2026.03.01 23:10:00,93099.79,93099.79,93090.82,93090.82,300,63,0
2026.03.01 23:05:00,93095.64,93103.99,93090.87,93099.82,300,63,0
2026.03.01 23:00:00,93104.64,93104.64,93095.67,93095.67,300,63,0
2026.03.01 22:55:00,93064.96,93106.83,93061.42,93104.67,300,63,0
2026.03.01 22:50:00,93073.96,93073.96,93064.99,93064.99,300,63,0
2026.03.01 22:45:00,93019.22,93079.39,93019.04,93073.99,300,63,0
2026.03.01 22:40:00,93028.22,93028.22,93019.25,93019.25,300,63,0
2026.03.01 22:35:00,93037.22,93037.22,93028.25,93028.25,300,63,0
2026.03.01 22:30:00,93046.22,93046.22,93037.25,93037.25,300,63,0
2026.03.01 22:25:00,93012.76,93049.10,93007.09,93046.25,300,63,0
2026.03.01 22:20:00,92993.79,93015.76,92987.82,93012.79,300,63,0
2026.03.01 22:15:00,93002.79,93002.79,92993.82,92993.82,300,63,0
2026.03.01 22:10:00,93011.79,93011.79,93002.82,93002.82,300,63,0
2026.03.01 22:05:00,93020.79,93020.79,93011.82,93011.82,300,63,0
2026.03.01 22:00:00,93029.79,93029.79,93020.82,93020.82,300,63,0
2026.03.01 21:55:00,93038.79,93038.79,93029.82,93029.82,300,63,0
2026.03.01 21:50:00,93047.79,93047.79,93038.82,93038.82,300,63,0
2026.03.01 21:45:00,93056.79,93056.79,93047.82,93047.82,300,63,0
2026.03.01 21:40:00,93065.79,93065.79,93056.82,93056.82,300,63,0
2026.03.01 21:35:00,93074.79,93074.79,93065.82,93065.82,300,63,0
2026.03.01 21:30:00,93038.25,93075.36,93036.93,93074.82,300,63,0
2026.03.01 21:25:00,93047.25,93047.25,93038.28,93038.28,300,63,0
2026.03.01 21:20:00,93056.25,93056.25,93047.28,93047.28,300,63,0
2026.03.01 21:15:00,93065.25,93065.25,93056.28,93056.28,300,63,0
2026.03.01 21:10:00,93060.43,93073.86,93060.07,93065.28,300,63,0
2026.03.01 21:05:00,93048.08,93064.36,93043.04,93060.46,300,63,0
2026.03.01 21:00:00,93057.08,93057.08,93048.11,93048.11,300,63,0
2026.03.01 20:55:00,93066.08,93066.08,93057.11,93057.11,300,63,0
2026.03.01 20:50:00,93059.02,93070.49,93054.46,93066.11,300,63,0
2026.03.01 20:45:00,93051.02,93061.96,93044.99,93059.05,300,63,0
2026.03.01 20:40:00,93060.02,93060.02,93051.05,93051.05,300,63,0
2026.03.01 20:35:00,93069.02,93069.02,93060.05,93060.05,300,63,0
2026.03.01 20:30:00,93078.02,93078.02,93069.05,93069.05,300,63,0
2026.03.01 20:25:00,93087.02,93087.02,93078.05,93078.05,300,63,0
2026.03.01 20:20:00,93083.65,93091.70,93079.36,93087.05,300,63,0
2026.03.01 20:15:00,93092.65,93092.65,93083.68,93083.68,300,63,0
2026.03.01 20:10:00,93081.38,93097.54,93077.30,93092.68,300,63,0
2026.03.01 20:05:00,93067.43,93088.40,93065.48,93081.41,300,63,0
2026.03.01 20:00:00,93076.43,93076.43,93067.46,93067.46,300,63,0
2026.03.01 19:55:00,93085.43,93085.43,93076.46,93076.46,300,63,0
2026.03.01 19:50:00,93077.09,93090.20,93072.89,93085.46,300,63,0
2026.03.01 19:45:00,93086.09,93086.09,93077.12,93077.12,300,63,0
2026.03.01 19:40:00,93077.92,93090.80,93073.66,93086.12,300,63,0
2026.03.01 19:35:00,93086.92,93086.92,93077.95,93077.95,300,63,0
2026.03.01 19:30:00,93095.92,93095.92,93086.95,93086.95,300,63,0
2026.03.01 19:25:00,93104.92,93104.92,93095.95,93095.95,300,63,0
2026.03.01 19:20:00,93078.61,93106.06,93075.88,93104.95,300,63,0
2026.03.01 19:15:00,93087.61,93087.61,93078.64,93078.64,300,63,0
2026.03.01 19:10:00,93074.13,93091.96,93069.51,93087.64,300,63,0
2026.03.01 19:05:00,93083.13,93083.13,93074.16,93074.16,300,63,0
2026.03.01 19:00:00,93078.33,93087.45,93073.68,93083.16,300,63,0
2026.03.01 18:55:00,93087.33,93087.33,93078.36,93078.36,300,63,0
2026.03.01 18:50:00,93096.33,93096.33,93087.36,93087.36,300,63,0
2026.03.01 18:45:00,93105.33,93105.33,93096.36,93096.36,300,63,0
2026.03.01 18:40:00,93114.33,93114.33,93105.36,93105.36,300,63,0
2026.03.01 18:35:00,93123.33,93123.33,93114.36,93114.36,300,63,0
2026.03.01 18:30:00,93132.33,93132.33,93123.36,93123.36,300,63,0
2026.03.01 18:25:00,93141.33,93141.33,93132.36,93132.36,300,63,0
2026.03.01 18:20:00,93150.33,93150.33,93141.36,93141.36,300,63,0
2026.03.01 18:15:00,93159.33,93159.33,93150.36,93150.36,300,63,0
2026.03.01 18:10:00,93127.07,93165.45,93125.81,93159.36,300,63,0
2026.03.01 18:05:00,93136.07,93136.07,93127.10,93127.10,300,63,0
2026.03.01 18:00:00,93145.07,93145.07,93136.10,93136.10,300,63,0
2026.03.01 17:55:00,93154.07,93154.07,93145.10,93145.10,300,63,0
2026.03.01 17:50:00,93163.07,93163.07,93154.10,93154.10,300,63,0
2026.03.01 17:45:00,93172.07,93172.07,93163.10,93163.10,300,63,0
2026.03.01 17:40:00,93131.92,93174.50,93125.98,93172.10,300,63,0
2026.03.01 17:35:00,93140.92,93140.92,93131.95,93131.95,300,63,0
2026.03.01 17:30:00,93149.92,93149.92,93140.95,93140.95,300,63,0
2026.03.01 17:25:00,93158.92,93158.92,93149.95,93149.95,300,63,0
2026.03.01 17:20:00,93167.92,93167.92,93158.95,93158.95,300,63,0
2026.03.01 17:15:00,93176.92,93176.92,93167.95,93167.95,300,63,0
2026.03.01 17:10:00,93185.92,93185.92,93176.95,93176.95,300,63,0
2026.03.01 17:05:00,93194.92,93194.92,93185.95,93185.95,300,63,0
2026.03.01 17:00:00,93203.92,93203.92,93194.95,93194.95,300,63,0
2026.03.01 16:55:00,93212.92,93212.92,93203.95,93203.95,300,63,0
2026.03.01 16:50:00,93221.92,93221.92,93212.95,93212.95,300,63,0
2026.03.01 16:45:00,93230.95,93230.95,93221.95,93221.95,301,63,0
2026.03.01 16:40:00,93239.95,93239.95,93230.98,93230.98,300,63,0
2026.03.01 16:35:00,93228.05,93248.80,93227.93,93239.98,300,63,0
2026.03.01 16:30:00,93176.26,93236.09,93175.72,93228.08,300,63,0
2026.03.01 16:25:00,93185.26,93185.26,93176.29,93176.29,300,63,0
2026.03.01 16:20:00,93194.26,93194.26,93185.29,93185.29,300,63,0
2026.03.01 16:15:00,93203.26,93203.26,93194.29,93194.29,300,63,0
2026.03.01 16:10:00,93212.26,93212.26,93203.29,93203.29,300,63,0
2026.03.01 16:05:00,93194.56,93220.90,93194.23,93212.29,300,63,0
2026.03.01 16:00:00,93203.56,93203.56,93194.59,93194.59,300,63,0
2026.03.01 15:55:00,93212.56,93212.56,93203.59,93203.59,300,63,0
2026.03.01 15:50:00,93221.56,93221.56,93212.59,93212.59,300,63,0
2026.03.01 15:45:00,93216.04,93226.21,93211.72,93221.59,300,63,0
2026.03.01 15:40:00,93225.04,93225.04,93216.07,93216.07,300,63,0
2026.03.01 15:35:00,93217.32,93233.38,93216.69,93225.07,300,63,0
2026.03.01 15:30:00,93226.32,93226.32,93217.35,93217.35,300,63,0
2026.03.01 15:25:00,93235.32,93235.32,93226.35,93226.35,300,63,0
2026.03.01 15:20:00,93244.32,93244.32,93235.35,93235.35,300,63,0
2026.03.01 15:15:00,93209.23,93245.55,93201.70,93244.35,300,63,0
2026.03.01 15:10:00,93196.87,93211.51,93190.18,93209.26,300,63,0
2026.03.01 15:05:00,93181.53,93197.65,93173.34,93196.90,300,63,0
2026.03.01 15:00:00,93166.11,93183.09,93158.70,93181.56,300,63,0
2026.03.01 14:55:00,93175.11,93175.11,93166.14,93166.14,300,63,0
2026.03.01 14:50:00,93184.11,93184.11,93175.14,93175.14,300,63,0
2026.03.01 14:45:00,93193.11,93193.11,93184.14,93184.14,300,63,0
2026.03.01 14:40:00,93162.37,93198.54,93161.56,93193.14,300,63,0
2026.03.01 14:35:00,93128.34,93164.95,93122.88,93162.40,300,63,0
2026.03.01 14:30:00,93137.34,93137.34,93128.37,93128.37,300,63,0
2026.03.01 14:25:00,93146.34,93146.34,93137.37,93137.37,300,63,0
2026.03.01 14:20:00,93155.34,93155.34,93146.37,93146.37,300,63,0
2026.03.01 14:15:00,93164.34,93164.34,93155.37,93155.37,300,63,0
2026.03.01 14:10:00,93173.34,93173.34,93164.37,93164.37,300,63,0
2026.03.01 14:05:00,93182.34,93182.34,93173.37,93173.37,300,63,0
2026.03.01 14:00:00,93147.01,93184.02,93142.00,93182.37,300,63,0
2026.03.01 13:55:00,93156.01,93156.01,93147.04,93147.04,300,63,0
2026.03.01 13:50:00,93107.51,93159.97,93103.61,93156.04,300,63,0
2026.03.01 13:45:00,93116.51,93116.51,93107.54,93107.54,300,63,0
2026.03.01 13:40:00,93125.51,93125.51,93116.54,93116.54,300,63,0
2026.03.01 13:35:00,93134.51,93134.51,93125.54,93125.54,300,63,0
2026.03.01 13:30:00,93143.51,93143.51,93134.54,93134.54,300,63,0
2026.03.01 13:25:00,93102.95,93149.66,93100.22,93143.54,300,63,0
2026.03.01 13:20:00,93111.95,93111.95,93102.98,93102.98,300,63,0
2026.03.01 13:15:00,93086.60,93117.59,93083.27,93111.98,300,63,0
2026.03.01 13:10:00,93095.60,93095.60,93086.63,93086.63,300,63,0
2026.03.01 13:05:00,93104.60,93104.60,93095.63,93095.63,300,63,0
2026.03.01 13:00:00,93113.60,93113.60,93104.63,93104.63,300,63,0
2026.03.01 12:55:00,93122.60,93122.60,93113.63,93113.63,300,63,0
2026.03.01 12:50:00,93131.60,93131.60,93122.63,93122.63,300,63,0
2026.03.01 12:45:00,93140.60,93140.60,93131.63,93131.63,300,63,0
2026.03.01 12:40:00,93149.60,93149.60,93140.63,93140.63,300,63,0
2026.03.01 12:35:00,93130.44,93154.55,93126.42,93149.63,300,63,0
2026.03.01 12:30:00,93102.43,93135.12,93099.82,93130.47,300,63,0
2026.03.01 12:25:00,93111.43,93111.43,93102.46,93102.46,300,63,0
2026.03.01 12:20:00,93120.43,93120.43,93111.46,93111.46,300,63,0
2026.03.01 12:15:00,93129.43,93129.43,93120.46,93120.46,300,63,0
2026.03.01 12:10:00,93138.43,93138.43,93129.46,93129.46,300,63,0
2026.03.01 12:05:00,93147.43,93147.43,93138.46,93138.46,300,63,0
2026.03.01 12:00:00,93156.43,93156.43,93147.46,93147.46,300,63,0
2026.03.01 11:55:00,93165.43,93165.43,93156.46,93156.46,300,63,0
2026.03.01 11:50:00,93174.43,93174.43,93165.46,93165.46,300,63,0
2026.03.01 11:45:00,93183.43,93183.43,93174.46,93174.46,300,63,0
2026.03.01 11:40:00,93192.43,93192.43,93183.46,93183.46,300,63,0
2026.03.01 11:35:00,93201.43,93201.43,93192.46,93192.46,300,63,0
2026.03.01 11:30:00,93210.43,93210.43,93201.46,93201.46,300,63,0
2026.03.01 11:25:00,93219.43,93219.43,93210.46,93210.46,300,63,0
2026.03.01 11:20:00,93228.43,93228.43,93219.46,93219.46,300,63,0
2026.03.01 11:15:00,93219.34,93233.11,93215.05,93228.46,300,63,0
2026.03.01 11:10:00,93182.01,93223.36,93179.04,93219.37,300,63,0
2026.03.01 11:05:00,93132.62,93188.58,93130.94,93182.04,300,63,0
2026.03.01 11:00:00,93141.62,93141.62,93132.65,93132.65,300,63,0
2026.03.01 10:55:00,93131.52,93149.72,93130.65,93141.65,300,63,0
2026.03.01 10:50:00,93140.52,93140.52,93131.55,93131.55,300,63,0
2026.03.01 10:45:00,93149.52,93149.52,93140.55,93140.55,300,63,0
2026.03.01 10:40:00,93158.52,93158.52,93149.55,93149.55,300,63,0
2026.03.01 10:35:00,93167.52,93167.52,93158.55,93158.55,300,63,0
2026.03.01 10:30:00,93176.52,93176.52,93167.55,93167.55,300,63,0
2026.03.01 10:25:00,93166.04,93183.96,93164.51,93176.55,300,63,0
2026.03.01 10:20:00,93147.17,93173.90,93146.06,93166.07,300,63,0
2026.03.01 10:15:00,93135.55,93156.11,93135.52,93147.20,300,63,0
2026.03.01 10:10:00,93078.49,93140.29,93074.86,93135.58,300,63,0
2026.03.01 10:05:00,93064.70,93081.37,93058.61,93078.52,300,63,0
2026.03.01 10:00:00,93073.70,93073.70,93064.73,93064.73,300,63,0
2026.03.01 09:55:00,93082.70,93082.70,93073.73,93073.73,300,63,0
2026.03.01 09:50:00,93091.70,93091.70,93082.73,93082.73,300,63,0
2026.03.01 09:45:00,93100.70,93100.70,93091.73,93091.73,300,63,0
2026.03.01 09:40:00,93088.04,93107.45,93085.82,93100.73,300,63,0
2026.03.01 09:35:00,93083.65,93091.73,93078.37,93088.07,300,63,0
2026.03.01 09:30:00,93092.65,93092.65,93083.68,93083.68,300,63,0
2026.03.01 09:25:00,93041.89,93094.39,93041.32,93092.68,300,63,0
2026.03.01 09:20:00,93050.89,93050.89,93041.92,93041.92,300,63,0
2026.03.01 09:15:00,93059.89,93059.89,93050.92,93050.92,300,63,0
2026.03.01 09:10:00,93068.89,93068.89,93059.92,93059.92,300,63,0
2026.03.01 09:05:00,93034.01,93069.46,93031.28,93068.92,300,63,0
2026.03.01 09:00:00,93011.17,93039.59,93007.78,93034.04,300,63,0
2026.03.01 08:55:00,93020.17,93020.17,93011.20,93011.20,300,63,0
2026.03.01 08:50:00,93029.17,93029.17,93020.20,93020.20,300,63,0
2026.03.01 08:45:00,93038.17,93038.17,93029.20,93029.20,300,63,0
2026.03.01 08:40:00,93047.17,93047.17,93038.20,93038.20,300,63,0
2026.03.01 08:35:00,93056.17,93056.17,93047.20,93047.20,300,63,0
2026.03.01 08:30:00,93065.17,93065.17,93056.20,93056.20,300,63,0
2026.03.01 08:25:00,93046.88,93067.84,93046.25,93065.20,300,63,0
2026.03.01 08:20:00,93032.02,93052.85,93029.02,93046.91,300,63,0
2026.03.01 08:15:00,93041.02,93041.02,93032.05,93032.05,300,63,0
2026.03.01 08:10:00,93050.02,93050.02,93041.05,93041.05,300,63,0
2026.03.01 08:05:00,93059.02,93059.02,93050.05,93050.05,300,63,0
2026.03.01 08:00:00,93068.02,93068.02,93059.05,93059.05,235,63,0
2026.03.01 07:55:00,93051.20,93069.94,93044.15,93068.05,300,63,0
2026.03.01 07:50:00,92998.73,93051.62,92993.36,93051.23,300,63,0
2026.03.01 07:45:00,93007.73,93007.73,92998.76,92998.76,300,63,0
2026.03.01 07:40:00,93016.73,93016.73,93007.76,93007.76,300,63,0
2026.03.01 07:35:00,93025.73,93025.73,93016.76,93016.76,300,63,0
2026.03.01 07:30:00,93034.73,93034.73,93025.76,93025.76,300,63,0
2026.03.01 07:25:00,93043.73,93043.73,93034.76,93034.76,300,63,0
2026.03.01 07:20:00,93052.73,93052.73,93043.76,93043.76,300,63,0
2026.03.01 07:15:00,93061.73,93061.73,93052.76,93052.76,300,63,0
2026.03.01 07:10:00,93070.73,93070.73,93061.76,93061.76,300,63,0
2026.03.01 07:05:00,93079.73,93079.73,93070.76,93070.76,300,63,0
2026.03.01 07:00:00,93088.73,93088.73,93079.76,93079.76,300,63,0
2026.03.01 06:45:00,93066.94,93091.91,93061.15,93088.76,300,63,0
2026.03.01 06:40:00,93075.94,93075.94,93066.97,93066.97,300,63,0
2026.03.01 06:35:00,93084.94,93084.94,93075.97,93075.97,300,63,0
2026.03.01 06:30:00,93093.94,93093.94,93084.97,93084.97,300,63,0
2026.03.01 06:25:00,93067.36,93101.41,93065.86,93093.97,300,63,0
2026.03.01 06:20:00,93044.61,93068.59,93036.87,93067.39,300,63,0
2026.03.01 06:15:00,93021.05,93050.91,93018.38,93044.64,300,63,0
2026.03.01 06:10:00,93030.05,93030.05,93021.08,93021.08,300,63,0
2026.03.01 06:05:00,93000.71,93035.21,92996.90,93030.08,300,63,0
2026.03.01 06:00:00,93009.71,93009.71,93000.74,93000.74,300,63,0
2026.03.01 05:55:00,93002.75,93013.58,92997.65,93009.74,300,63,0
2026.03.01 05:50:00,92979.52,93008.72,92976.52,93002.78,300,63,0
2026.03.01 05:45:00,92988.52,92988.52,92979.55,92979.55,300,63,0
2026.03.01 05:40:00,92961.65,92993.53,92957.69,92988.55,300,63,0
2026.03.01 05:35:00,92970.65,92970.65,92961.68,92961.68,300,63,0
2026.03.01 05:30:00,92979.65,92979.65,92970.68,92970.68,300,63,0
2026.03.01 05:25:00,92959.00,92980.61,92950.99,92979.68,300,63,0
2026.03.01 05:20:00,92968.00,92968.00,92959.03,92959.03,300,63,0
2026.03.01 05:15:00,92977.00,92977.00,92968.03,92968.03,300,63,0
2026.03.01 05:10:00,92986.00,92986.00,92977.03,92977.03,300,63,0
2026.03.01 05:05:00,92981.39,92992.48,92978.90,92986.03,300,63,0
2026.03.01 05:00:00,92990.39,92990.39,92981.42,92981.42,300,63,0
2026.03.01 04:55:00,92961.48,92991.98,92958.18,92990.42,300,63,0
2026.03.01 04:50:00,92946.84,92964.33,92940.72,92961.51,300,63,0
2026.03.01 04:45:00,92955.84,92955.84,92946.87,92946.87,300,63,0
2026.03.01 04:40:00,92964.84,92964.84,92955.87,92955.87,300,63,0
2026.03.01 04:35:00,92973.84,92973.84,92964.87,92964.87,300,63,0
2026.03.01 04:30:00,92982.84,92982.84,92973.87,92973.87,300,63,0
2026.03.01 04:25:00,92991.84,92991.84,92982.87,92982.87,300,63,0
2026.03.01 04:20:00,93000.84,93000.84,92991.87,92991.87,300,63,0
2026.03.01 04:15:00,92985.45,93001.68,92977.32,93000.87,300,63,0
2026.03.01 04:10:00,92994.45,92994.45,92985.48,92985.48,300,63,0
2026.03.01 04:05:00,92971.61,93002.70,92970.89,92994.48,300,63,0
2026.03.01 04:00:00,92980.61,92980.61,92971.64,92971.64,300,63,0
2026.03.01 03:55:00,92971.28,92987.69,92969.39,92980.64,300,63,0
2026.03.01 03:50:00,92980.28,92980.28,92971.31,92971.31,300,63,0
2026.03.01 03:45:00,92989.28,92989.28,92980.31,92980.31,300,63,0
2026.03.01 03:40:00,92998.28,92998.28,92989.31,92989.31,300,63,0
2026.03.01 03:35:00,93007.28,93007.28,92998.31,92998.31,300,63,0
2026.03.01 03:30:00,93016.28,93016.28,93007.31,93007.31,300,63,0
2026.03.01 03:25:00,93025.28,93025.28,93016.31,93016.31,300,63,0
2026.03.01 03:20:00,93034.28,93034.28,93025.31,93025.31,300,63,0
2026.03.01 03:15:00,93007.73,93041.24,93006.14,93034.31,300,63,0
2026.03.01 03:10:00,93016.73,93016.73,93007.76,93007.76,300,63,0
2026.03.01 03:05:00,93006.59,93023.81,93004.70,93016.76,300,63,0
2026.03.01 03:00:00,93015.59,93015.59,93006.62,93006.62,300,63,0
2026.03.01 02:55:00,93024.59,93024.59,93015.62,93015.62,300,63,0
2026.03.01 02:50:00,93033.59,93033.59,93024.62,93024.62,300,63,0
2026.03.01 02:45:00,93003.79,93037.67,93001.93,93033.62,300,63,0
2026.03.01 02:40:00,93012.79,93012.79,93003.82,93003.82,300,63,0
2026.03.01 02:35:00,93021.79,93021.79,93012.82,93012.82,300,63,0
2026.03.01 02:30:00,93030.79,93030.79,93021.82,93021.82,300,63,0
2026.03.01 02:25:00,93010.90,93037.18,93008.32,93030.82,300,63,0
2026.03.01 02:20:00,93019.90,93019.90,93010.93,93010.93,300,63,0
2026.03.01 02:15:00,93028.90,93028.90,93019.93,93019.93,300,63,0
2026.03.01 02:10:00,93010.94,93030.82,93003.89,93028.93,300,63,0
2026.03.01 02:05:00,93019.94,93019.94,93010.97,93010.97,300,63,0
2026.03.01 02:00:00,93028.94,93028.94,93019.97,93019.97,300,63,0
2026.03.01 01:55:00,93037.94,93037.94,93028.97,93028.97,300,63,0
2026.03.01 01:50:00,93030.87,93045.47,93029.43,93037.97,300,63,0
2026.03.01 01:45:00,93004.84,93032.64,93002.41,93030.90,300,63,0
2026.03.01 01:40:00,93013.84,93013.84,93004.87,93004.87,300,63,0
2026.03.01 01:35:00,93022.84,93022.84,93013.87,93013.87,300,63,0
2026.03.01 01:30:00,93018.68,93030.76,93017.63,93022.87,300,63,0
2026.03.01 01:25:00,93027.68,93027.68,93018.71,93018.71,300,63,0
2026.03.01 01:20:00,92995.86,93028.40,92987.61,93027.71,300,63,0
2026.03.01 01:15:00,93004.86,93004.86,92995.89,92995.89,300,63,0
2026.03.01 01:10:00,93013.86,93013.86,93004.89,93004.89,300,63,0
2026.03.01 01:05:00,92998.50,93016.35,92992.02,93013.89,300,63,0
2026.03.01 01:00:00,93007.50,93007.50,92998.53,92998.53,300,63,0
2026.03.01 00:55:00,92980.98,93008.64,92973.15,93007.53,300,63,0
2026.03.01 00:50:00,92989.98,92989.98,92981.01,92981.01,300,63,0
2026.03.01 00:45:00,92971.00,92993.04,92965.09,92990.01,300,63,0
2026.03.01 00:40:00,92948.74,92974.06,92942.83,92971.03,300,63,0
2026.03.01 00:35:00,92919.36,92952.79,92914.44,92948.77,300,63,0
2026.03.01 00:30:00,92928.36,92928.36,92919.39,92919.39,300,63,0
2026.03.01 00:25:00,92937.36,92937.36,92928.39,92928.39,300,63,0
2026.03.01 00:20:00,92946.36,92946.36,92937.39,92937.39,300,63,0
2026.03.01 00:15:00,92955.36,92955.36,92946.39,92946.39,300,63,0
2026.03.01 00:10:00,92964.36,92964.36,92955.39,92955.39,300,63,0
2026.03.01 00:05:00,92973.36,92973.36,92964.39,92964.39,300,63,0
2026.03.01 00:00:00,92982.36,92982.36,92973.39,92973.39,300,63,0
