Time,Open,High,Low,Close,TickVolume,Spread,RealVolume
2026.03.30 20:20:00,110386.21,110386.21,110372.76,110372.76,270,80,0
2026.03.30 20:10:00,110374.50,110408.11,110366.45,110386.26,600,80,0
2026.03.30 20:00:00,110404.50,110404.50,110374.55,110374.55,600,80,0
2026.03.30 19:50:00,110434.50,110434.50,110404.55,110404.55,600,80,0
2026.03.30 19:40:00,110387.68,110453.25,110382.73,110434.55,600,80,0
2026.03.30 19:30:00,110417.68,110417.68,110387.73,110387.73,600,80,0
2026.03.30 19:20:00,110447.68,110447.68,110417.73,110417.73,600,80,0
2026.03.30 19:10:00,110477.68,110477.68,110447.73,110447.73,600,80,0
2026.03.30 19:00:00,110482.82,110506.03,110477.73,110477.73,600,80,0
2026.03.30 18:50:00,110352.41,110483.97,110347.51,110482.87,600,80,0
2026.03.30 18:40:00,110382.41,110382.41,110352.46,110352.46,600,80,0
2026.03.30 18:30:00,110393.84,110397.31,110378.79,110382.46,600,80,0
2026.03.30 18:20:00,110407.30,110407.30,110386.75,110393.89,600,80,0
2026.03.30 18:10:00,110392.17,110415.00,110381.97,110407.35,600,80,0
2026.03.30 18:00:00,110371.65,110401.53,110369.90,110392.22,600,80,0
2026.03.30 17:50:00,110345.42,110373.10,110327.77,110371.70,600,80,0
2026.03.30 17:40:00,110375.42,110375.42,110345.47,110345.47,600,80,0
2026.03.30 17:30:00,110405.42,110405.42,110375.47,110375.47,600,80,0
2026.03.30 17:20:00,110416.00,110422.37,110403.00,110405.47,600,80,0
2026.03.30 17:10:00,110446.00,110446.00,110416.05,110416.05,600,80,0
2026.03.30 17:00:00,110476.00,110476.00,110446.05,110446.05,600,80,0
2026.03.30 16:50:00,110506.00,110506.00,110476.05,110476.05,600,80,0
2026.03.30 16:40:00,110515.92,110515.92,110493.82,110506.05,600,80,0
2026.03.30 16:30:00,110545.92,110545.92,110515.97,110515.97,600,80,0
2026.03.30 16:20:00,110575.92,110575.92,110545.97,110545.97,600,80,0
2026.03.30 16:10:00,110605.92,110605.92,110575.97,110575.97,600,80,0
2026.03.30 16:00:00,110513.96,110612.12,110506.26,110605.97,600,80,0
2026.03.30 15:50:00,110480.80,110529.01,110478.30,110514.01,600,80,0
2026.03.30 15:40:00,110479.62,110485.55,110454.42,110480.85,600,80,0
2026.03.30 15:30:00,110509.62,110509.62,110479.67,110479.67,600,80,0
2026.03.30 15:20:00,110508.52,110522.17,110491.12,110509.67,600,80,0
2026.03.30 15:10:00,110466.51,110525.52,110461.01,110508.57,600,80,0
2026.03.30 15:00:00,110418.50,110471.16,110397.55,110466.56,600,80,0
2026.03.30 14:50:00,110448.50,110448.50,110418.55,110418.55,600,80,0
2026.03.30 14:40:00,110478.50,110478.50,110448.55,110448.55,600,80,0
2026.03.30 14:30:00,110420.88,110488.90,110411.68,110478.55,600,80,0
2026.03.30 14:20:00,110450.88,110450.88,110420.93,110420.93,600,80,0
2026.03.30 14:10:00,110480.88,110480.88,110450.93,110450.93,600,80,0
2026.03.30 14:00:00,110463.54,110509.63,110462.34,110480.93,600,80,0
2026.03.30 13:50:00,110457.52,110467.44,110431.47,110463.59,600,80,0
2026.03.30 13:40:00,110386.77,110458.72,110378.12,110457.57,600,80,0
2026.03.30 13:30:00,110335.75,110390.67,110333.40,110386.82,600,80,0
2026.03.30 13:20:00,110281.76,110339.60,110269.66,110335.80,600,80,0
2026.03.30 13:10:00,110274.91,110292.76,110257.91,110281.81,600,80,0
2026.03.30 13:00:00,110248.49,110276.36,110239.99,110274.96,600,80,0
2026.03.30 12:50:00,110261.60,110265.64,110248.54,110248.54,600,80,0
2026.03.30 12:40:00,110267.74,110271.05,110247.24,110261.65,600,80,0
2026.03.30 12:30:00,110271.39,110271.39,110244.29,110267.79,600,80,0
2026.03.30 12:20:00,110301.39,110301.39,110271.44,110271.44,600,80,0
2026.03.30 12:10:00,110239.66,110304.84,110235.41,110301.44,600,80,0
2026.03.30 12:00:00,110200.85,110245.91,110178.35,110239.71,600,80,0
2026.03.30 11:50:00,110168.20,110203.50,110146.20,110200.90,600,80,0
2026.03.30 11:40:00,110181.32,110191.70,110168.25,110168.25,600,80,0
2026.03.30 11:30:00,110211.32,110211.32,110181.37,110181.37,600,80,0
2026.03.30 11:20:00,110241.32,110241.32,110211.37,110211.37,600,80,0
2026.03.30 11:10:00,110271.32,110271.32,110241.37,110241.37,600,80,0
2026.03.30 11:00:00,110265.91,110284.02,110248.66,110271.37,600,80,0
2026.03.30 10:50:00,110239.50,110274.86,110235.80,110265.96,600,80,0
2026.03.30 10:40:00,110250.85,110258.85,110239.55,110239.55,600,80,0
2026.03.30 10:30:00,110260.89,110265.20,110245.29,110250.90,600,80,0
2026.03.30 10:20:00,110211.40,110264.99,110201.95,110260.94,600,80,0
2026.03.30 10:10:00,110241.40,110241.40,110211.45,110211.45,600,80,0
2026.03.30 10:00:00,110271.40,110271.40,110241.45,110241.45,600,80,0
2026.03.30 09:50:00,110301.40,110301.40,110271.45,110271.45,600,80,0
2026.03.30 09:40:00,110303.14,110308.80,110280.59,110301.45,600,80,0
2026.03.30 09:30:00,110276.63,110303.39,110247.33,110303.19,600,80,0
2026.03.30 09:20:00,110121.45,110279.63,110120.35,110276.68,600,80,0
2026.03.30 09:10:00,110151.45,110151.45,110121.50,110121.50,600,80,0
2026.03.30 09:00:00,110181.45,110181.45,110151.50,110151.50,600,80,0
2026.03.30 08:50:00,110102.58,110186.55,110098.23,110181.50,600,80,0
2026.03.30 08:40:00,110115.15,110115.15,110090.35,110102.63,600,80,0
2026.03.30 08:30:00,110145.15,110145.15,110115.20,110115.20,600,80,0
2026.03.30 08:20:00,110175.15,110175.15,110145.20,110145.20,600,80,0
2026.03.30 08:10:00,110187.32,110195.10,110175.20,110175.20,600,80,0
2026.03.30 08:00:00,110217.32,110217.32,110187.37,110187.37,600,80,0
2026.03.30 07:50:00,110226.87,110234.97,110214.57,110217.37,600,80,0
2026.03.30 07:40:00,110256.87,110256.87,110226.92,110226.92,600,80,0
2026.03.30 07:30:00,110205.04,110271.82,110203.14,110256.92,600,80,0
2026.03.30 07:20:00,110235.04,110235.04,110205.09,110205.09,600,80,0
2026.03.30 07:10:00,110204.93,110243.14,110187.13,110235.09,600,80,0
2026.03.30 07:00:00,110205.03,110216.58,110186.73,110204.98,600,80,0
2026.03.30 06:50:00,110235.03,110235.03,110205.08,110205.08,600,80,0
2026.03.30 06:40:00,110182.99,110237.03,110175.14,110235.08,600,80,0
2026.03.30 06:30:00,110191.69,110191.69,110164.99,110183.04,600,80,0
2026.03.30 06:20:00,110221.69,110221.69,110191.74,110191.74,600,80,0
2026.03.30 06:10:00,110251.69,110251.69,110221.74,110221.74,600,80,0
2026.03.30 06:00:00,110235.21,110266.29,110219.86,110251.74,600,80,0
2026.03.30 05:50:00,110210.97,110245.96,110192.97,110235.26,600,80,0
2026.03.30 05:40:00,110166.77,110224.82,110164.27,110211.02,600,80,0
2026.03.30 05:30:00,110196.77,110196.77,110166.82,110166.82,600,80,0
2026.03.30 05:20:00,110205.12,110224.97,110196.82,110196.82,600,80,0
2026.03.30 05:10:00,110203.88,110216.67,110185.48,110205.17,600,80,0
2026.03.30 05:00:00,110173.67,110225.93,110172.62,110203.93,600,80,0
2026.03.30 04:50:00,110170.90,110185.32,110152.60,110173.72,600,80,0
2026.03.30 04:40:00,110200.90,110200.90,110170.95,110170.95,600,80,0
2026.03.30 04:30:00,110191.45,110201.45,110162.05,110200.95,600,80,0
2026.03.30 04:20:00,110157.05,110195.25,110131.50,110191.50,600,80,0
2026.03.30 04:10:00,110144.87,110180.20,110138.07,110157.10,600,80,0
2026.03.30 04:00:00,110174.87,110174.87,110144.92,110144.92,600,80,0
2026.03.30 03:50:00,110185.13,110188.37,110168.68,110174.92,600,80,0
2026.03.30 03:40:00,110215.13,110215.13,110185.18,110185.18,600,80,0
2026.03.30 03:30:00,110149.42,110217.73,110139.77,110215.18,600,80,0
2026.03.30 03:20:00,110179.42,110179.42,110149.47,110149.47,600,80,0
2026.03.30 03:10:00,110133.13,110187.32,110123.43,110179.47,600,80,0
2026.03.30 03:00:00,110104.32,110134.53,110075.77,110133.18,600,80,0
2026.03.30 02:50:00,110115.33,110115.33,110094.38,110104.37,600,80,0
2026.03.30 02:40:00,110145.33,110145.33,110115.38,110115.38,600,80,0
2026.03.30 02:30:00,110135.22,110166.13,110126.07,110145.38,600,80,0
2026.03.30 02:20:00,110165.22,110165.22,110135.27,110135.27,600,80,0
2026.03.30 02:10:00,110111.81,110174.67,110110.21,110165.27,600,80,0
2026.03.30 02:00:00,109888.52,110117.86,109886.47,110111.86,600,80,0
2026.03.30 01:50:00,109918.52,109918.52,109888.57,109888.57,600,80,0
2026.03.30 01:40:00,109923.46,109924.02,109899.01,109918.57,600,80,0
2026.03.30 01:30:00,109931.01,109932.96,109910.56,109923.51,600,80,0
2026.03.30 01:20:00,109882.96,109932.01,109871.26,109931.06,600,80,0
2026.03.30 01:10:00,109912.96,109912.96,109883.01,109883.01,600,80,0
2026.03.30 01:00:00,109902.95,109918.36,109897.13,109913.01,600,80,0
2026.03.30 00:50:00,109894.83,109904.25,109882.73,109903.00,600,80,0
2026.03.30 00:40:00,109924.83,109924.83,109894.88,109894.88,600,80,0
2026.03.30 00:30:00,109868.32,109927.43,109865.82,109924.88,600,80,0
2026.03.30 00:20:00,109898.32,109898.32,109868.37,109868.37,600,80,0
2026.03.30 00:10:00,109905.63,109908.62,109885.98,109898.37,600,80,0
2026.03.30 00:00:00,109935.63,109935.63,109905.68,109905.68,600,80,0
2026.03.29 23:50:00,109938.39,109947.43,109920.24,109935.68,600,80,0
2026.03.29 23:40:00,109968.39,109968.39,109938.44,109938.44,600,80,0
2026.03.29 23:30:00,109933.46,109972.09,109927.08,109968.44,600,80,0
2026.03.29 23:20:00,109902.59,109940.81,109895.54,109933.51,600,80,0
2026.03.29 23:10:00,109932.59,109932.59,109902.64,109902.64,600,80,0
2026.03.29 23:00:00,109962.59,109962.59,109932.64,109932.64,600,80,0
2026.03.29 22:50:00,109969.40,109974.44,109951.30,109962.64,600,80,0
2026.03.29 22:40:00,109999.40,109999.40,109969.45,109969.45,600,80,0
2026.03.29 22:30:00,109908.58,110002.10,109890.53,109999.45,600,80,0
2026.03.29 22:20:00,109938.58,109938.58,109908.63,109908.63,600,80,0
2026.03.29 22:10:00,109943.01,109948.43,109922.91,109938.63,600,80,0
2026.03.29 22:00:00,109973.01,109973.01,109943.06,109943.06,600,80,0
2026.03.29 21:50:00,110003.01,110003.01,109973.06,109973.06,600,80,0
2026.03.29 21:40:00,110033.01,110033.01,110003.06,110003.06,600,80,0
2026.03.29 21:30:00,110063.01,110063.01,110033.06,110033.06,600,80,0
2026.03.29 21:20:00,110093.01,110093.01,110063.06,110063.06,600,80,0
2026.03.29 21:10:00,110097.05,110109.06,110083.15,110093.06,600,80,0
2026.03.29 21:00:00,110127.05,110127.05,110097.10,110097.10,600,80,0
2026.03.29 20:50:00,110157.05,110157.05,110127.10,110127.10,600,80,0
2026.03.29 20:40:00,110168.00,110169.85,110150.85,110157.10,600,80,0
2026.03.29 20:30:00,110160.39,110182.60,110145.04,110168.05,600,80,0
2026.03.29 20:20:00,110160.16,110166.54,110136.36,110160.44,600,80,0
2026.03.29 20:10:00,110054.15,110164.81,110054.10,110160.21,600,80,0
2026.03.29 20:00:00,110057.61,110067.90,110041.41,110054.20,600,80,0
2026.03.29 19:50:00,110087.61,110087.61,110057.66,110057.66,600,80,0
2026.03.29 19:40:00,110117.61,110117.61,110087.66,110087.66,600,80,0
2026.03.29 19:30:00,110123.47,110123.47,110097.72,110117.66,600,80,0
2026.03.29 19:20:00,110153.47,110153.47,110123.52,110123.52,600,80,0
2026.03.29 19:10:00,110183.47,110183.47,110153.52,110153.52,600,80,0
2026.03.29 19:00:00,110213.47,110213.47,110183.52,110183.52,600,80,0
2026.03.29 18:50:00,110223.25,110243.02,110213.52,110213.52,600,80,0
2026.03.29 18:40:00,110253.25,110253.25,110223.30,110223.30,600,80,0
2026.03.29 18:30:00,110283.25,110283.25,110253.30,110253.30,600,80,0
2026.03.29 18:20:00,110288.60,110303.90,110279.30,110283.30,600,80,0
2026.03.29 18:10:00,110291.85,110297.85,110271.15,110288.65,600,80,0
2026.03.29 18:00:00,110321.85,110321.85,110291.90,110291.90,600,80,0
2026.03.29 17:50:00,110308.95,110331.50,110288.65,110321.90,600,80,0
2026.03.29 17:40:00,110338.95,110338.95,110309.00,110309.00,600,80,0
2026.03.29 17:30:00,110278.26,110346.10,110276.36,110339.00,600,80,0
2026.03.29 17:20:00,110308.26,110308.26,110278.31,110278.31,600,80,0
2026.03.29 17:10:00,110304.95,110322.81,110289.55,110308.31,600,80,0
2026.03.29 17:00:00,110334.95,110334.95,110305.00,110305.00,600,80,0
2026.03.29 16:50:00,110347.06,110363.55,110335.00,110335.00,600,80,0
2026.03.29 16:40:00,110377.06,110377.06,110347.11,110347.11,600,80,0
2026.03.29 16:30:00,110341.92,110381.11,110331.72,110377.11,600,80,0
2026.03.29 16:20:00,110371.92,110371.92,110341.97,110341.97,600,80,0
2026.03.29 16:10:00,110371.12,110386.72,110355.97,110371.97,600,80,0
2026.03.29 16:00:00,110401.12,110401.12,110371.17,110371.17,600,80,0
2026.03.29 15:50:00,110382.53,110427.82,110379.28,110401.17,600,80,0
2026.03.29 15:40:00,110412.53,110412.53,110382.58,110382.58,600,80,0
2026.03.29 15:30:00,110424.06,110427.38,110408.96,110412.58,600,80,0
2026.03.29 15:20:00,110454.06,110454.06,110424.11,110424.11,600,80,0
2026.03.29 15:10:00,110484.06,110484.06,110454.11,110454.11,600,80,0
2026.03.29 15:00:00,110484.84,110498.66,110469.49,110484.11,600,80,0
2026.03.29 14:50:00,110488.09,110498.59,110471.89,110484.89,600,80,0
2026.03.29 14:40:00,110484.97,110492.85,110471.25,110488.14,600,80,0
2026.03.29 14:30:00,110514.97,110514.97,110485.02,110485.02,600,80,0
2026.03.29 14:20:00,110462.19,110523.97,110461.64,110515.02,600,80,0
2026.03.29 14:10:00,110468.32,110468.32,110438.42,110462.24,600,80,0
2026.03.29 14:00:00,110498.32,110498.32,110468.37,110468.37,600,80,0
2026.03.29 13:50:00,110484.03,110526.17,110481.93,110498.37,600,80,0
2026.03.29 13:40:00,110467.42,110500.23,110453.67,110484.08,600,80,0
2026.03.29 13:30:00,110497.42,110497.42,110467.47,110467.47,600,80,0
2026.03.29 13:20:00,110506.88,110510.97,110490.48,110497.47,600,80,0
2026.03.29 13:10:00,110536.88,110536.88,110506.93,110506.93,600,80,0
2026.03.29 13:00:00,110502.72,110544.08,110488.72,110536.93,600,80,0
2026.03.29 12:50:00,110438.72,110516.22,110436.97,110502.77,600,80,0
2026.03.29 12:40:00,110357.15,110448.52,110353.00,110438.77,600,80,0
2026.03.29 12:30:00,110307.02,110365.30,110288.32,110357.20,600,80,0
2026.03.29 12:20:00,110337.02,110337.02,110307.07,110307.07,600,80,0
2026.03.29 12:10:00,110367.02,110367.02,110337.07,110337.07,600,80,0
2026.03.29 12:00:00,110397.02,110397.02,110367.07,110367.07,600,80,0
2026.03.29 11:50:00,110427.02,110427.02,110397.07,110397.07,600,80,0
2026.03.29 11:40:00,110367.17,110428.52,110363.97,110427.07,600,80,0
2026.03.29 11:30:00,110365.70,110383.32,110351.90,110367.22,600,80,0
2026.03.29 11:20:00,110332.99,110389.70,110327.04,110365.75,600,80,0
2026.03.29 11:10:00,110362.99,110362.99,110333.04,110333.04,600,80,0
2026.03.29 11:00:00,110355.09,110364.09,110326.24,110363.04,600,80,0
2026.03.29 10:50:00,110326.02,110362.46,110320.02,110355.14,600,80,0
2026.03.29 10:40:00,110228.80,110335.52,110221.95,110326.07,600,80,0
2026.03.29 10:30:00,110258.80,110258.80,110228.85,110228.85,600,80,0
2026.03.29 10:20:00,110236.97,110266.20,110230.92,110258.85,600,80,0
2026.03.29 10:10:00,110215.00,110260.52,110210.30,110237.02,600,80,0
2026.03.29 10:00:00,110195.80,110244.25,110195.10,110215.05,600,80,0
2026.03.29 09:50:00,110142.14,110209.60,110137.64,110195.85,600,80,0
2026.03.29 09:40:00,110172.14,110172.14,110142.19,110142.19,600,80,0
2026.03.29 09:30:00,110181.87,110183.54,110163.32,110172.19,600,80,0
2026.03.29 09:20:00,110190.11,110211.02,110181.92,110181.92,600,80,0
2026.03.29 09:10:00,110151.15,110192.91,110133.50,110190.16,600,80,0
2026.03.29 09:00:00,110134.77,110152.45,110118.97,110151.20,600,80,0
2026.03.29 08:50:00,110164.77,110164.77,110134.82,110134.82,600,80,0
2026.03.29 08:40:00,110155.24,110167.17,110127.69,110164.82,600,80,0
2026.03.29 08:30:00,110185.24,110185.24,110155.29,110155.29,600,80,0
2026.03.29 08:20:00,110144.97,110204.64,110140.87,110185.29,600,80,0
2026.03.29 08:10:00,110174.97,110174.97,110145.02,110145.02,600,80,0
2026.03.29 08:00:00,110168.34,110177.72,110141.14,110175.02,536,80,0
2026.03.29 07:50:00,110198.34,110198.34,110168.39,110168.39,600,80,0
2026.03.29 07:40:00,110228.34,110228.34,110198.39,110198.39,600,80,0
2026.03.29 07:30:00,110258.34,110258.34,110228.39,110228.39,600,80,0
2026.03.29 07:20:00,110265.40,110265.40,110238.55,110258.39,600,80,0
2026.03.29 07:10:00,110295.40,110295.40,110265.45,110265.45,600,80,0
2026.03.29 07:00:00,110325.40,110325.40,110295.45,110295.45,600,80,0
2026.03.29 06:40:00,110355.40,110355.40,110325.45,110325.45,600,80,0
2026.03.29 06:30:00,110385.40,110385.40,110355.45,110355.45,600,80,0
2026.03.29 06:20:00,110363.03,110407.90,110355.58,110385.45,600,80,0
2026.03.29 06:10:00,110323.69,110388.48,110321.24,110363.08,600,80,0
2026.03.29 06:00:00,110353.69,110353.69,110323.74,110323.74,600,80,0
2026.03.29 05:50:00,110345.73,110357.89,110319.98,110353.74,600,80,0
2026.03.29 05:40:00,110375.73,110375.73,110345.78,110345.78,600,80,0
2026.03.29 05:30:00,110360.34,110376.78,110331.44,110375.78,600,80,0
2026.03.29 05:20:00,110361.05,110372.44,110343.20,110360.39,600,80,0
2026.03.29 05:10:00,110368.19,110368.19,110345.04,110361.10,600,80,0
2026.03.29 05:00:00,110398.19,110398.19,110368.24,110368.24,600,80,0
2026.03.29 04:50:00,110428.19,110428.19,110398.24,110398.24,600,80,0
2026.03.29 04:40:00,110458.19,110458.19,110428.24,110428.24,600,80,0
2026.03.29 04:30:00,110471.69,110471.69,110458.24,110458.24,270,80,0
2026.03.29 02:50:00,110486.59,110486.59,110471.69,110471.69,299,80,0
2026.03.29 02:40:00,110499.77,110510.69,110486.64,110486.64,600,80,0
2026.03.29 02:30:00,110529.77,110529.77,110499.82,110499.82,600,80,0
2026.03.29 02:20:00,110559.77,110559.77,110529.82,110529.82,600,80,0
2026.03.29 02:10:00,110589.77,110589.77,110559.82,110559.82,600,80,0
2026.03.29 02:00:00,110595.58,110601.87,110577.73,110589.82,600,80,0
2026.03.29 01:50:00,110532.69,110602.48,110529.14,110595.63,600,80,0
2026.03.29 01:40:00,110562.69,110562.69,110532.74,110532.74,600,80,0
2026.03.29 01:30:00,110592.69,110592.69,110562.74,110562.74,600,80,0
2026.03.29 01:20:00,110622.69,110622.69,110592.74,110592.74,600,80,0
2026.03.29 01:10:00,110634.81,110634.84,110617.01,110622.74,600,80,0
2026.03.29 01:00:00,110644.05,110644.05,110621.45,110634.86,600,80,0
2026.03.29 00:50:00,110674.05,110674.05,110644.10,110644.10,600,80,0
2026.03.29 00:40:00,110704.05,110704.05,110674.10,110674.10,600,80,0
2026.03.29 00:30:00,110734.05,110734.05,110704.10,110704.10,600,80,0
2026.03.29 00:20:00,110744.06,110744.06,110718.41,110734.10,600,80,0
2026.03.29 00:10:00,110774.06,110774.06,110744.11,110744.11,600,80,0
2026.03.29 00:00:00,110701.82,110775.61,110695.92,110774.11,600,80,0
2026.03.28 23:50:00,110678.79,110711.72,110661.94,110701.87,600,80,0
2026.03.28 23:40:00,110708.79,110708.79,110678.84,110678.84,600,80,0
2026.03.28 23:30:00,110718.85,110734.04,110708.84,110708.84,600,80,0
2026.03.28 23:20:00,110718.77,110739.90,110709.87,110718.90,600,80,0
2026.03.28 23:10:00,110711.68,110721.02,110690.53,110718.82,600,80,0
2026.03.28 23:00:00,110712.51,110712.51,110683.06,110711.73,600,80,0
2026.03.28 22:50:00,110742.51,110742.51,110712.56,110712.56,600,80,0
2026.03.28 22:40:00,110753.02,110753.02,110729.27,110742.56,600,80,0
2026.03.28 22:30:00,110760.24,110773.37,110750.64,110753.07,600,80,0
2026.03.28 22:20:00,110770.42,110776.99,110757.22,110760.29,600,80,0
2026.03.28 22:10:00,110772.76,110779.67,110752.06,110770.47,600,80,0
2026.03.28 22:00:00,110781.11,110796.51,110772.81,110772.81,600,80,0
2026.03.28 21:50:00,110775.15,110803.51,110767.60,110781.16,600,80,0
2026.03.28 21:40:00,110805.15,110805.15,110775.20,110775.20,600,80,0
2026.03.28 21:30:00,110768.54,110812.70,110762.14,110805.20,600,80,0
2026.03.28 21:20:00,110781.34,110798.19,110768.59,110768.59,600,80,0
2026.03.28 21:10:00,110782.91,110795.99,110767.61,110781.39,600,80,0
2026.03.28 21:00:00,110758.66,110795.66,110750.36,110782.96,600,80,0
2026.03.28 20:50:00,110754.15,110783.51,110749.05,110758.71,600,80,0
2026.03.28 20:40:00,110732.74,110757.80,110706.44,110754.20,600,80,0
2026.03.28 20:30:00,110698.82,110748.44,110690.07,110732.79,600,80,0
2026.03.28 20:20:00,110682.49,110707.52,110677.04,110698.87,600,80,0
2026.03.28 20:10:00,110694.53,110694.53,110664.73,110682.54,600,80,0
2026.03.28 20:00:00,110692.71,110713.98,110682.21,110694.58,600,80,0
2026.03.28 19:50:00,110681.51,110696.16,110663.01,110692.76,600,80,0
2026.03.28 19:40:00,110667.55,110684.89,110657.65,110681.56,600,80,0
2026.03.28 19:30:00,110563.95,110672.70,110552.85,110667.60,600,80,0
2026.03.28 19:20:00,110593.95,110593.95,110564.00,110564.00,600,80,0
2026.03.28 19:10:00,110582.69,110613.05,110579.09,110594.00,600,80,0
2026.03.28 19:00:00,110612.69,110612.69,110582.74,110582.74,600,80,0
2026.03.28 18:50:00,110605.93,110614.14,110577.43,110612.74,600,80,0
2026.03.28 18:40:00,110591.49,110614.53,110591.29,110605.98,600,80,0
2026.03.28 18:30:00,110574.82,110602.84,110564.92,110591.54,453,80,0
2026.03.28 18:20:00,110531.38,110584.82,110512.53,110574.87,600,80,0
2026.03.28 18:10:00,110523.22,110533.33,110509.07,110531.43,600,80,0
2026.03.28 18:00:00,110430.96,110528.82,110429.51,110523.27,600,80,0
2026.03.28 17:50:00,110460.96,110460.96,110431.01,110431.01,600,80,0
2026.03.28 17:40:00,110391.14,110463.96,110378.59,110461.01,600,80,0
2026.03.28 17:30:00,110319.85,110405.39,110319.40,110391.19,600,80,0
2026.03.28 17:20:00,110349.85,110349.85,110319.90,110319.90,600,80,0
2026.03.28 17:10:00,110281.62,110364.40,110279.82,110349.90,600,80,0
2026.03.28 17:00:00,110285.86,110306.42,110280.71,110281.67,600,80,0
2026.03.28 16:50:00,110315.86,110315.86,110285.91,110285.91,600,80,0
2026.03.28 16:40:00,110345.86,110345.86,110315.91,110315.91,600,80,0
2026.03.28 16:30:00,110375.86,110375.86,110345.91,110345.91,600,80,0
2026.03.28 16:20:00,110309.57,110380.81,110302.22,110375.91,600,80,0
2026.03.28 16:10:00,110306.96,110318.17,110285.61,110309.62,600,80,0
2026.03.28 16:00:00,110271.75,110315.11,110257.85,110307.01,600,80,0
2026.03.28 15:50:00,110301.75,110301.75,110271.80,110271.80,600,80,0
2026.03.28 15:40:00,110217.69,110307.05,110205.34,110301.80,600,80,0
2026.03.28 15:30:00,110198.26,110228.04,110181.46,110217.74,600,80,0
2026.03.28 15:20:00,110228.26,110228.26,110198.31,110198.31,600,80,0
2026.03.28 15:10:00,110258.26,110258.26,110228.31,110228.31,600,80,0
2026.03.28 15:00:00,110215.35,110261.21,110212.60,110258.31,600,80,0
2026.03.28 14:50:00,110245.35,110245.35,110215.40,110215.40,600,80,0
2026.03.28 14:40:00,110215.74,110266.20,110206.64,110245.40,600,80,0
2026.03.28 14:30:00,110188.13,110217.99,110180.19,110215.79,600,80,0
2026.03.28 14:20:00,110218.13,110218.13,110188.18,110188.18,600,80,0
2026.03.28 14:10:00,110248.13,110248.13,110218.18,110218.18,600,80,0
2026.03.28 14:00:00,110278.13,110278.13,110248.18,110248.18,600,80,0
2026.03.28 13:50:00,110308.13,110308.13,110278.18,110278.18,600,80,0
2026.03.28 13:40:00,110313.67,110313.67,110284.12,110308.18,600,80,0
2026.03.28 13:30:00,110310.46,110315.22,110296.41,110313.72,600,80,0
2026.03.28 13:20:00,110307.29,110319.91,110286.79,110310.51,600,80,0
2026.03.28 13:10:00,110321.23,110321.23,110303.33,110307.34,600,80,0
2026.03.28 13:00:00,110351.23,110351.23,110321.28,110321.28,600,80,0
2026.03.28 12:50:00,110283.25,110367.08,110276.55,110351.28,600,80,0
2026.03.28 12:40:00,110295.69,110305.40,110283.30,110283.30,600,80,0
2026.03.28 12:30:00,110291.79,110297.79,110274.89,110295.74,600,80,0
2026.03.28 12:20:00,110272.37,110294.09,110248.27,110291.84,600,80,0
2026.03.28 12:10:00,110302.37,110302.37,110272.42,110272.42,600,80,0
2026.03.28 12:00:00,110291.52,110311.37,110270.57,110302.42,600,80,0
2026.03.28 11:50:00,110321.52,110321.52,110291.57,110291.57,600,80,0
2026.03.28 11:40:00,110278.34,110337.47,110276.09,110321.57,600,80,0
2026.03.28 11:30:00,110264.62,110296.34,110264.42,110278.39,600,80,0
2026.03.28 11:20:00,110294.62,110294.62,110264.67,110264.67,600,80,0
2026.03.28 11:10:00,110324.62,110324.62,110294.67,110294.67,600,80,0
2026.03.28 11:00:00,110333.37,110333.37,110303.97,110324.67,600,80,0
2026.03.28 10:50:00,110337.42,110355.77,110329.87,110333.42,600,80,0
2026.03.28 10:40:00,110328.83,110365.52,110326.98,110337.47,600,80,0
2026.03.28 10:30:00,110339.78,110339.78,110316.88,110328.88,600,80,0
2026.03.28 10:20:00,110319.64,110356.13,110307.29,110339.83,600,80,0
2026.03.28 10:10:00,110313.43,110333.84,110297.68,110319.69,600,80,0
2026.03.28 10:00:00,110343.43,110343.43,110313.48,110313.48,600,80,0
2026.03.28 09:50:00,110373.43,110373.43,110343.48,110343.48,600,80,0
2026.03.28 09:40:00,110354.75,110378.83,110330.20,110373.48,600,80,0
2026.03.28 09:30:00,110384.75,110384.75,110354.80,110354.80,600,80,0
2026.03.28 09:20:00,110371.69,110402.55,110359.54,110384.80,600,80,0
2026.03.28 09:10:00,110365.03,110388.54,110351.93,110371.74,600,80,0
2026.03.28 09:00:00,110377.01,110377.01,110351.26,110365.08,600,80,0
2026.03.28 08:50:00,110375.39,110396.61,110365.04,110377.06,600,80,0
2026.03.28 08:40:00,110405.39,110405.39,110375.44,110375.44,600,80,0
2026.03.28 08:30:00,110435.39,110435.39,110405.44,110405.44,600,80,0
2026.03.28 08:20:00,110465.39,110465.39,110435.44,110435.44,600,80,0
2026.03.28 08:10:00,110495.39,110495.39,110465.44,110465.44,600,80,0
2026.03.28 08:00:00,110408.11,110520.49,110404.11,110495.44,600,80,0
2026.03.28 07:50:00,110356.94,110409.86,110347.49,110408.16,600,80,0
2026.03.28 07:40:00,110386.94,110386.94,110356.99,110356.99,600,80,0
2026.03.28 07:30:00,110370.39,110405.79,110359.29,110386.99,600,80,0
2026.03.28 07:20:00,110321.96,110376.19,110311.81,110370.44,600,80,0
2026.03.28 07:10:00,110329.71,110329.71,110301.56,110322.01,600,80,0
2026.03.28 07:00:00,110359.71,110359.71,110329.76,110329.76,600,80,0
2026.03.28 06:50:00,110389.71,110389.71,110359.76,110359.76,600,80,0
2026.03.28 06:40:00,110419.71,110419.71,110389.76,110389.76,600,80,0
2026.03.28 06:30:00,110337.35,110446.16,110334.85,110419.76,600,80,0
2026.03.28 06:20:00,110367.35,110367.35,110337.40,110337.40,600,80,0
2026.03.28 06:10:00,110397.35,110397.35,110367.40,110367.40,600,80,0
2026.03.28 06:00:00,110396.53,110420.65,110389.88,110397.40,600,80,0
2026.03.28 05:50:00,110386.95,110421.23,110381.70,110396.58,600,80,0
2026.03.28 05:40:00,110393.73,110401.75,110378.58,110387.00,600,80,0
2026.03.28 05:30:00,110349.15,110397.83,110327.95,110393.78,600,80,0
2026.03.28 05:20:00,110379.15,110379.15,110349.20,110349.20,600,80,0
2026.03.28 05:10:00,110387.01,110390.95,110368.86,110379.20,600,80,0
2026.03.28 05:00:00,110417.01,110417.01,110387.06,110387.06,600,80,0
2026.03.28 04:50:00,110379.03,110433.26,110369.48,110417.06,600,80,0
2026.03.28 04:40:00,110392.61,110393.18,110376.81,110379.08,600,80,0
2026.03.28 04:30:00,110422.61,110422.61,110392.66,110392.66,600,80,0
2026.03.28 04:20:00,110430.90,110434.21,110412.55,110422.66,600,80,0
2026.03.28 04:10:00,110460.90,110460.90,110430.95,110430.95,600,80,0
2026.03.28 04:00:00,110380.61,110464.40,110375.76,110460.95,600,80,0
2026.03.28 03:50:00,110334.57,110392.21,110328.27,110380.66,600,80,0
2026.03.28 03:40:00,110344.80,110353.92,110334.20,110334.62,600,80,0
2026.03.28 03:30:00,110355.61,110356.55,110337.41,110344.85,600,80,0
2026.03.28 03:20:00,110385.61,110385.61,110355.66,110355.66,600,80,0
2026.03.28 03:10:00,110362.65,110406.46,110353.60,110385.66,600,80,0
2026.03.28 03:00:00,110360.37,110373.70,110341.47,110362.70,600,80,0
2026.03.28 02:50:00,110314.52,110368.97,110312.62,110360.42,600,80,0
2026.03.28 02:40:00,110344.52,110344.52,110314.57,110314.57,600,80,0
2026.03.28 02:30:00,110303.57,110350.67,110299.72,110344.57,600,80,0
2026.03.28 02:20:00,110211.75,110303.82,110211.35,110303.62,600,80,0
2026.03.28 02:10:00,110224.14,110231.30,110211.80,110211.80,600,80,0
2026.03.28 02:00:00,110214.56,110246.84,110207.31,110224.19,600,80,0
2026.03.28 01:50:00,110244.56,110244.56,110214.61,110214.61,600,80,0
2026.03.28 01:40:00,110274.56,110274.56,110244.61,110244.61,600,80,0
2026.03.28 01:30:00,110304.56,110304.56,110274.61,110274.61,600,80,0
2026.03.28 01:20:00,110334.56,110334.56,110304.61,110304.61,600,80,0
2026.03.28 01:10:00,110364.56,110364.56,110334.61,110334.61,600,80,0
2026.03.28 01:00:00,110373.44,110373.44,110349.14,110364.61,600,80,0
2026.03.28 00:50:00,110374.40,110378.19,110349.15,110373.49,601,80,0
2026.03.28 00:40:00,110243.99,110376.10,110243.89,110374.45,600,80,0
2026.03.28 00:30:00,110273.99,110273.99,110244.04,110244.04,600,80,0
2026.03.28 00:20:00,110283.23,110283.23,110253.58,110274.04,600,80,0
2026.03.28 00:10:00,110232.04,110285.58,110207.44,110283.28,600,80,0
2026.03.28 00:00:00,110262.04,110262.04,110232.09,110232.09,600,80,0
2026.03.27 23:50:00,110267.06,110282.04,110257.11,110262.09,600,80,0
2026.03.27 23:40:00,110230.24,110273.76,110218.54,110267.11,600,80,0
2026.03.27 23:30:00,110186.22,110233.89,110173.92,110230.29,600,80,0
2026.03.27 23:20:00,110216.22,110216.22,110186.27,110186.27,600,80,0
2026.03.27 23:10:00,110183.86,110221.97,110160.51,110216.27,600,80,0
2026.03.27 23:00:00,110187.61,110190.36,110164.16,110183.91,600,80,0
2026.03.27 22:50:00,110217.61,110217.61,110187.66,110187.66,600,80,0
2026.03.27 22:40:00,110247.61,110247.61,110217.66,110217.66,600,80,0
2026.03.27 22:30:00,110247.51,110260.71,110230.66,110247.66,600,80,0
2026.03.27 22:20:00,110216.75,110252.71,110212.35,110247.56,600,80,0
2026.03.27 22:10:00,110209.70,110239.70,110202.70,110216.80,600,80,0
2026.03.27 22:00:00,110185.06,110226.80,110173.16,110209.75,600,80,0
2026.03.27 21:50:00,110198.82,110203.91,110185.11,110185.11,600,80,0
2026.03.27 21:40:00,110205.79,110225.42,110198.87,110198.87,600,80,0
2026.03.27 21:30:00,110215.58,110227.59,110205.84,110205.84,600,80,0
2026.03.27 21:20:00,110245.58,110245.58,110215.63,110215.63,600,80,0
2026.03.27 21:10:00,110203.65,110254.23,110195.65,110245.63,600,80,0
2026.03.27 21:00:00,110179.49,110204.15,110153.29,110203.70,600,80,0
2026.03.27 20:50:00,110194.28,110194.28,110170.68,110179.54,600,80,0
2026.03.27 20:40:00,110175.65,110212.73,110173.45,110194.33,600,80,0
2026.03.27 20:30:00,110149.47,110177.95,110139.50,110175.70,600,80,0
2026.03.27 20:20:00,110179.47,110179.47,110149.52,110149.52,600,80,0
2026.03.27 20:10:00,110158.15,110182.17,110137.70,110179.52,600,80,0
2026.03.27 20:00:00,110154.71,110161.85,110128.46,110158.20,600,80,0
2026.03.27 19:50:00,110158.74,110158.74,110129.54,110154.76,600,80,0
2026.03.27 19:40:00,110188.74,110188.74,110158.79,110158.79,600,80,0
2026.03.27 19:30:00,110218.74,110218.74,110188.79,110188.79,600,80,0
2026.03.27 19:20:00,110198.04,110243.74,110194.74,110218.79,600,80,0
2026.03.27 19:10:00,110156.29,110200.94,110135.54,110198.09,600,80,0
2026.03.27 19:00:00,110128.31,110163.54,110126.41,110156.34,600,80,0
2026.03.27 18:50:00,110103.94,110144.61,110098.19,110128.36,600,80,0
2026.03.27 18:40:00,110133.94,110133.94,110103.99,110103.99,600,80,0
2026.03.27 18:30:00,110163.94,110163.94,110133.99,110133.99,600,80,0
2026.03.27 18:20:00,110073.78,110173.39,110073.48,110163.99,600,80,0
2026.03.27 18:10:00,110015.70,110080.18,110003.70,110073.83,600,80,0
2026.03.27 18:00:00,110045.70,110045.70,110015.75,110015.75,600,80,0
2026.03.27 17:50:00,110075.70,110075.70,110045.75,110045.75,600,80,0
2026.03.27 17:40:00,110077.65,110097.75,110069.75,110075.75,600,80,0
2026.03.27 17:30:00,110083.09,110099.15,110074.64,110077.70,600,80,0
2026.03.27 17:20:00,110113.09,110113.09,110083.14,110083.14,600,80,0
2026.03.27 17:10:00,110143.09,110143.09,110113.14,110113.14,600,80,0
2026.03.27 17:00:00,110082.37,110153.79,110066.37,110143.14,600,80,0
2026.03.27 16:50:00,110112.37,110112.37,110082.42,110082.42,600,80,0
2026.03.27 16:40:00,110108.07,110124.52,110090.27,110112.42,600,80,0
2026.03.27 16:30:00,110117.58,110130.77,110108.12,110108.12,600,80,0
2026.03.27 16:20:00,110147.58,110147.58,110117.63,110117.63,600,80,0
2026.03.27 16:10:00,110155.26,110164.88,110142.61,110147.63,600,80,0
2026.03.27 16:00:00,110156.29,110156.29,110126.34,110126.34,600,80,0
2026.03.27 15:50:00,110153.97,110170.69,110138.42,110156.34,600,80,0
2026.03.27 15:40:00,110159.88,110163.37,110139.33,110154.02,600,80,0
2026.03.27 15:30:00,110166.80,110166.80,110140.90,110159.93,600,80,0
2026.03.27 15:20:00,110196.80,110196.80,110166.85,110166.85,600,80,0
2026.03.27 15:10:00,110170.87,110201.96,110161.37,110196.85,600,80,0
2026.03.27 15:00:00,110143.14,110183.97,110131.54,110170.92,600,80,0
2026.03.27 14:50:00,110154.13,110170.09,110143.19,110143.19,600,80,0
2026.03.27 14:40:00,110155.31,110163.98,110135.21,110154.18,600,80,0
2026.03.27 14:30:00,110185.31,110185.31,110155.36,110155.36,600,80,0
2026.03.27 14:20:00,110167.49,110204.06,110156.29,110185.36,600,80,0
2026.03.27 14:10:00,110145.81,110171.94,110136.55,110167.54,600,80,0
2026.03.27 14:00:00,110175.81,110175.81,110145.86,110145.86,600,80,0
2026.03.27 13:50:00,110205.81,110205.81,110175.86,110175.86,600,80,0
2026.03.27 13:40:00,110175.71,110225.51,110173.71,110205.86,600,80,0
2026.03.27 13:30:00,110106.08,110183.86,110103.93,110175.76,600,80,0
2026.03.27 13:20:00,110136.08,110136.08,110106.13,110106.13,600,80,0
2026.03.27 13:10:00,110166.08,110166.08,110136.13,110136.13,600,80,0
2026.03.27 13:00:00,110142.11,110188.58,110138.96,110166.13,600,80,0
2026.03.27 12:50:00,110172.11,110172.11,110142.16,110142.16,600,80,0
2026.03.27 12:40:00,110202.11,110202.11,110172.16,110172.16,600,80,0
2026.03.27 12:30:00,110232.11,110232.11,110202.16,110202.16,600,80,0
2026.03.27 12:20:00,110262.11,110262.11,110232.16,110232.16,600,80,0
2026.03.27 12:10:00,110252.25,110272.76,110232.95,110262.16,600,80,0
2026.03.27 12:00:00,110282.25,110282.25,110252.30,110252.30,600,80,0
2026.03.27 11:50:00,110282.89,110292.20,110262.89,110282.30,600,80,0
2026.03.27 11:40:00,110179.48,110284.04,110170.03,110282.94,600,80,0
2026.03.27 11:30:00,110209.48,110209.48,110179.53,110179.53,600,80,0
2026.03.27 11:20:00,110195.13,110234.38,110190.08,110209.53,600,80,0
2026.03.27 11:10:00,110169.46,110199.43,110156.61,110195.18,600,80,0
2026.03.27 11:00:00,110175.75,110184.51,110160.85,110169.51,600,80,0
2026.03.27 10:50:00,110205.75,110205.75,110175.80,110175.80,600,80,0
2026.03.27 10:40:00,110203.17,110230.55,110198.02,110205.80,600,80,0
2026.03.27 10:30:00,110215.39,110221.27,110203.22,110203.22,600,80,0
2026.03.27 10:20:00,110226.99,110226.99,110207.69,110215.44,600,80,0
2026.03.27 10:10:00,110256.99,110256.99,110227.04,110227.04,600,80,0
2026.03.27 10:00:00,110286.99,110286.99,110257.04,110257.04,600,80,0
2026.03.27 09:50:00,110274.44,110291.89,110249.39,110287.04,600,80,0
2026.03.27 09:40:00,110304.44,110304.44,110274.49,110274.49,600,80,0
2026.03.27 09:30:00,110280.49,110317.74,110279.04,110304.49,600,80,0
2026.03.27 09:20:00,110272.41,110299.29,110261.26,110280.54,600,80,0
2026.03.27 09:10:00,110254.75,110284.11,110236.50,110272.46,600,80,0
2026.03.27 09:00:00,110284.75,110284.75,110254.80,110254.80,600,80,0
2026.03.27 08:50:00,110314.75,110314.75,110284.80,110284.80,600,80,0
2026.03.27 08:40:00,110344.75,110344.75,110314.80,110314.80,600,80,0
2026.03.27 08:30:00,110374.75,110374.75,110344.80,110344.80,600,80,0
2026.03.27 08:20:00,110379.77,110386.95,110362.02,110374.80,600,80,0
2026.03.27 08:10:00,110342.26,110388.72,110329.16,110379.82,600,80,0
2026.03.27 08:00:00,110302.45,110342.46,110299.95,110342.31,600,80,0
2026.03.27 07:50:00,110305.35,110316.05,110289.00,110302.50,600,80,0
2026.03.27 07:40:00,110311.64,110311.64,110283.49,110305.40,600,80,0
2026.03.27 07:30:00,110302.49,110315.39,110290.24,110311.69,600,80,0
2026.03.27 07:20:00,110310.58,110313.74,110291.88,110302.54,600,80,0
2026.03.27 07:10:00,110340.58,110340.58,110310.63,110310.63,600,80,0
2026.03.27 07:00:00,110342.31,110346.88,110318.66,110340.63,600,80,0
2026.03.27 06:50:00,110339.00,110355.31,110322.05,110342.36,600,80,0
2026.03.27 06:40:00,110324.64,110344.00,110299.69,110339.05,600,80,0
2026.03.27 06:30:00,110354.64,110354.64,110324.69,110324.69,600,80,0
2026.03.27 06:20:00,110384.64,110384.64,110354.69,110354.69,600,80,0
2026.03.27 06:10:00,110387.32,110405.89,110378.62,110384.69,600,80,0
2026.03.27 06:00:00,110397.32,110397.32,110374.57,110387.37,600,80,0
2026.03.27 05:50:00,110225.89,110401.72,110224.54,110397.37,600,80,0
2026.03.27 05:40:00,110255.89,110255.89,110225.94,110225.94,600,80,0
2026.03.27 05:30:00,110266.99,110281.74,110255.94,110255.94,600,80,0
2026.03.27 05:20:00,110266.46,110269.19,110238.71,110267.04,600,80,0
2026.03.27 05:10:00,110196.99,110278.76,110185.94,110266.51,600,80,0
2026.03.27 05:00:00,110226.99,110226.99,110197.04,110197.04,600,80,0
2026.03.27 04:50:00,110256.99,110256.99,110227.04,110227.04,600,80,0
2026.03.27 04:40:00,110267.55,110267.55,110242.60,110257.04,600,80,0
2026.03.27 04:30:00,110265.16,110275.20,110242.86,110267.60,600,80,0
2026.03.27 04:20:00,110185.41,110269.81,110183.81,110265.21,600,80,0
2026.03.27 04:10:00,110215.41,110215.41,110185.46,110185.46,600,80,0
2026.03.27 04:00:00,110245.41,110245.41,110215.46,110215.46,600,80,0
2026.03.27 03:50:00,110246.78,110247.06,110218.48,110245.46,600,80,0
2026.03.27 03:40:00,110276.78,110276.78,110246.83,110246.83,600,80,0
2026.03.27 03:30:00,110271.89,110291.08,110256.24,110276.83,600,80,0
2026.03.27 03:20:00,110301.89,110301.89,110271.94,110271.94,600,80,0
2026.03.27 03:10:00,110279.44,110303.29,110250.89,110301.94,600,80,0
2026.03.27 03:00:00,110309.44,110309.44,110279.49,110279.49,600,80,0
2026.03.27 02:50:00,110320.57,110330.99,110309.49,110309.49,600,80,0
2026.03.27 02:40:00,110350.57,110350.57,110320.62,110320.62,600,80,0
2026.03.27 02:30:00,110380.57,110380.57,110350.62,110350.62,600,80,0
2026.03.27 02:20:00,110393.61,110393.61,110374.46,110380.62,600,80,0
2026.03.27 02:10:00,110398.85,110404.21,110379.50,110393.66,600,80,0
2026.03.27 02:00:00,110428.85,110428.85,110398.90,110398.90,600,80,0
2026.03.27 01:50:00,110317.04,110429.25,110314.09,110428.90,600,80,0
2026.03.27 01:40:00,110347.04,110347.04,110317.09,110317.09,600,80,0
2026.03.27 01:30:00,110377.04,110377.04,110347.09,110347.09,600,80,0
2026.03.27 01:20:00,110381.90,110388.34,110363.25,110377.09,600,80,0
2026.03.27 01:10:00,110380.83,110390.10,110359.08,110381.95,600,80,0
2026.03.27 01:00:00,110384.69,110396.93,110370.84,110380.88,600,80,0
2026.03.27 00:50:00,110387.01,110400.94,110373.31,110384.74,600,80,0
2026.03.27 00:40:00,110417.01,110417.01,110387.06,110387.06,600,80,0
2026.03.27 00:30:00,110409.01,110429.46,110391.51,110417.06,600,80,0
2026.03.27 00:20:00,110439.01,110439.01,110409.06,110409.06,600,80,0
2026.03.27 00:10:00,110409.92,110449.06,110394.62,110439.06,600,80,0
2026.03.27 00:00:00,110439.92,110439.92,110409.97,110409.97,600,80,0
2026.03.26 23:50:00,110421.26,110443.52,110410.61,110439.97,600,80,0
2026.03.26 23:40:00,110451.26,110451.26,110421.31,110421.31,600,80,0
2026.03.26 23:30:00,110415.02,110471.31,110412.22,110451.31,600,80,0
2026.03.26 23:20:00,110391.89,110428.72,110384.24,110415.07,600,80,0
2026.03.26 23:10:00,110421.89,110421.89,110391.94,110391.94,600,80,0
2026.03.26 23:00:00,110425.00,110432.89,110406.05,110421.94,600,80,0
2026.03.26 22:50:00,110426.28,110454.25,110425.05,110425.05,600,80,0
2026.03.26 22:40:00,110456.28,110456.28,110426.33,110426.33,600,80,0
2026.03.26 22:30:00,110486.28,110486.28,110456.33,110456.33,600,80,0
2026.03.26 22:20:00,110516.28,110516.28,110486.33,110486.33,600,80,0
2026.03.26 22:10:00,110477.26,110530.98,110473.66,110516.33,600,80,0
2026.03.26 22:00:00,110423.01,110484.36,110400.46,110477.31,600,80,0
2026.03.26 21:50:00,110453.01,110453.01,110423.06,110423.06,600,80,0
2026.03.26 21:40:00,110440.33,110457.51,110414.88,110453.06,600,80,0
2026.03.26 21:30:00,110470.33,110470.33,110440.38,110440.38,600,80,0
2026.03.26 21:20:00,110500.33,110500.33,110470.38,110470.38,600,80,0
2026.03.26 21:10:00,110465.59,110507.33,110449.64,110500.38,600,80,0
2026.03.26 21:00:00,110495.59,110495.59,110465.64,110465.64,600,80,0
2026.03.26 20:50:00,110525.59,110525.59,110495.64,110495.64,600,80,0
2026.03.26 20:40:00,110555.59,110555.59,110525.64,110525.64,600,80,0
2026.03.26 20:30:00,110558.69,110560.69,110533.84,110555.64,600,80,0
2026.03.26 20:20:00,110555.01,110568.39,110534.76,110558.74,600,80,0
2026.03.26 20:10:00,110538.72,110572.86,110526.62,110555.06,600,80,0
2026.03.26 20:00:00,110513.70,110551.22,110498.90,110538.77,600,80,0
2026.03.26 19:50:00,110509.16,110513.85,110479.36,110513.75,600,80,0
2026.03.26 19:40:00,110539.16,110539.16,110509.21,110509.21,600,80,0
2026.03.26 19:30:00,110528.11,110561.76,110525.76,110539.21,600,80,0
2026.03.26 19:20:00,110558.11,110558.11,110528.16,110528.16,600,80,0
2026.03.26 19:10:00,110561.85,110587.76,110558.16,110558.16,600,80,0
2026.03.26 19:00:00,110428.65,110565.95,110427.00,110561.90,600,80,0
2026.03.26 18:50:00,110458.65,110458.65,110428.70,110428.70,600,80,0
2026.03.26 18:40:00,110488.65,110488.65,110458.70,110458.70,600,80,0
2026.03.26 18:30:00,110474.57,110494.70,110467.92,110488.70,600,80,0
2026.03.26 18:20:00,110504.57,110504.57,110474.62,110474.62,600,80,0
2026.03.26 18:10:00,110534.57,110534.57,110504.62,110504.62,600,80,0
2026.03.26 18:00:00,110504.80,110541.30,110504.70,110534.62,600,80,0
2026.03.26 17:50:00,110534.80,110534.80,110504.85,110504.85,600,80,0
2026.03.26 17:40:00,110540.20,110558.90,110534.35,110534.85,600,80,0
2026.03.26 17:30:00,110513.73,110562.10,110508.33,110540.25,600,80,0
2026.03.26 17:20:00,110506.79,110522.23,110500.08,110513.78,600,80,0
2026.03.26 17:10:00,110536.79,110536.79,110506.84,110506.84,600,80,0
2026.03.26 17:00:00,110566.79,110566.79,110536.84,110536.84,600,80,0
2026.03.26 16:50:00,110539.87,110584.09,110534.32,110566.84,600,80,0
2026.03.26 16:40:00,110491.41,110550.27,110481.21,110539.92,600,80,0
2026.03.26 16:30:00,110502.19,110506.71,110487.54,110491.46,600,80,0
2026.03.26 16:20:00,110532.19,110532.19,110502.24,110502.24,600,80,0
2026.03.26 16:10:00,110432.77,110532.69,110409.42,110532.24,600,80,0
2026.03.26 16:00:00,110419.89,110447.12,110412.99,110432.82,600,80,0
2026.03.26 15:50:00,110449.89,110449.89,110419.94,110419.94,600,80,0
2026.03.26 15:40:00,110451.38,110470.39,110441.93,110449.94,600,80,0
2026.03.26 15:30:00,110437.84,110455.98,110412.49,110451.43,600,80,0
2026.03.26 15:20:00,110437.88,110457.44,110427.53,110437.89,600,80,0
2026.03.26 15:10:00,110451.60,110464.93,110437.93,110437.93,600,80,0
2026.03.26 15:00:00,110463.82,110475.90,110451.65,110451.65,600,80,0
2026.03.26 14:50:00,110467.34,110471.37,110444.94,110463.87,600,80,0
2026.03.26 14:40:00,110467.41,110481.79,110451.91,110467.39,600,80,0
2026.03.26 14:30:00,110452.57,110486.91,110442.12,110467.46,600,80,0
2026.03.26 14:20:00,110482.57,110482.57,110452.62,110452.62,600,80,0
2026.03.26 14:10:00,110512.57,110512.57,110482.62,110482.62,600,80,0
2026.03.26 14:00:00,110514.20,110541.32,110512.62,110512.62,600,80,0
2026.03.26 13:50:00,110544.20,110544.20,110514.25,110514.25,600,80,0
2026.03.26 13:40:00,110574.20,110574.20,110544.25,110544.25,600,80,0
2026.03.26 13:30:00,110559.81,110580.35,110551.81,110574.25,600,80,0
2026.03.26 13:20:00,110589.81,110589.81,110559.86,110559.86,600,80,0
2026.03.26 13:10:00,110501.64,110591.56,110499.49,110589.86,600,80,0
2026.03.26 13:00:00,110456.11,110509.64,110444.26,110501.69,600,80,0
2026.03.26 12:50:00,110451.68,110481.26,110447.23,110456.16,600,80,0
2026.03.26 12:40:00,110427.00,110456.88,110410.20,110451.73,600,80,0
2026.03.26 12:30:00,110457.00,110457.00,110427.05,110427.05,600,80,0
2026.03.26 12:20:00,110487.00,110487.00,110457.05,110457.05,600,80,0
2026.03.26 12:10:00,110488.50,110512.75,110484.30,110487.05,600,80,0
2026.03.26 12:00:00,110428.95,110496.55,110412.15,110488.55,600,80,0
2026.03.26 11:50:00,110411.04,110442.25,110394.69,110429.00,600,80,0
2026.03.26 11:40:00,110343.91,110414.88,110342.41,110411.09,600,80,0
2026.03.26 11:30:00,110373.91,110373.91,110343.96,110343.96,600,80,0
2026.03.26 11:20:00,110386.37,110403.16,110373.96,110373.96,600,80,0
2026.03.26 11:10:00,110350.25,110396.22,110336.30,110386.42,600,80,0
2026.03.26 11:00:00,110340.10,110362.35,110322.25,110350.30,600,80,0
2026.03.26 10:50:00,110370.10,110370.10,110340.15,110340.15,600,80,0
2026.03.26 10:40:00,110400.10,110400.10,110370.15,110370.15,600,80,0
2026.03.26 10:30:00,110384.66,110409.05,110363.66,110400.15,600,80,0
2026.03.26 10:20:00,110355.78,110392.46,110353.53,110384.71,600,80,0
2026.03.26 10:10:00,110385.78,110385.78,110355.83,110355.83,600,80,0
2026.03.26 10:00:00,110415.78,110415.78,110385.83,110385.83,600,80,0
2026.03.26 09:50:00,110416.12,110439.53,110409.92,110415.83,600,80,0
2026.03.26 09:40:00,110446.12,110446.12,110416.17,110416.17,600,80,0
2026.03.26 09:30:00,110430.99,110474.07,110428.99,110446.17,600,80,0
2026.03.26 09:20:00,110392.43,110451.54,110388.13,110431.04,600,80,0
2026.03.26 09:10:00,110393.96,110419.83,110391.41,110392.48,600,80,0
2026.03.26 09:00:00,110360.58,110410.16,110347.43,110394.01,600,80,0
2026.03.26 08:50:00,110375.36,110378.83,110360.63,110360.63,600,80,0
2026.03.26 08:40:00,110405.36,110405.36,110375.41,110375.41,600,80,0
2026.03.26 08:30:00,110435.36,110435.36,110405.41,110405.41,600,80,0
2026.03.26 08:20:00,110415.28,110457.06,110407.03,110435.41,600,80,0
2026.03.26 08:10:00,110445.28,110445.28,110415.33,110415.33,600,80,0
2026.03.26 08:00:00,110418.41,110448.38,110394.01,110445.33,600,80,0
2026.03.26 07:50:00,110404.04,110424.36,110382.99,110418.46,600,80,0
2026.03.26 07:40:00,110434.04,110434.04,110404.09,110404.09,600,80,0
2026.03.26 07:30:00,110464.04,110464.04,110434.09,110434.09,600,80,0
2026.03.26 07:20:00,110456.69,110468.99,110431.69,110464.09,600,80,0
2026.03.26 07:10:00,110486.69,110486.69,110456.74,110456.74,600,80,0
2026.03.26 07:00:00,110442.14,110496.79,110433.54,110486.74,600,80,0
2026.03.26 06:50:00,110472.14,110472.14,110442.19,110442.19,600,80,0
2026.03.26 06:40:00,110414.97,110478.44,110414.27,110472.19,600,80,0
2026.03.26 06:30:00,110388.62,110428.07,110375.87,110415.02,600,80,0
2026.03.26 06:20:00,110418.62,110418.62,110388.67,110388.67,600,80,0
2026.03.26 06:10:00,110433.08,110442.67,110418.67,110418.67,600,80,0
2026.03.26 06:00:00,110463.08,110463.08,110433.13,110433.13,600,80,0
2026.03.26 05:50:00,110493.08,110493.08,110463.13,110463.13,600,80,0
2026.03.26 05:40:00,110431.82,110510.58,110423.52,110493.13,600,80,0
2026.03.26 05:30:00,110391.87,110433.62,110367.92,110431.87,600,80,0
2026.03.26 05:20:00,110421.87,110421.87,110391.92,110391.92,600,80,0
2026.03.26 05:10:00,110451.87,110451.87,110421.92,110421.92,600,80,0
2026.03.26 05:00:00,110441.35,110475.27,110434.80,110451.92,600,80,0
2026.03.26 04:50:00,110471.35,110471.35,110441.40,110441.40,600,80,0
2026.03.26 04:40:00,110501.35,110501.35,110471.40,110471.40,600,80,0
2026.03.26 04:30:00,110511.23,110518.65,110498.58,110501.40,600,80,0
2026.03.26 04:20:00,110482.88,110523.13,110471.63,110511.28,600,80,0
2026.03.26 04:10:00,110512.88,110512.88,110482.93,110482.93,600,80,0
2026.03.26 04:00:00,110542.88,110542.88,110512.93,110512.93,600,80,0
2026.03.26 03:50:00,110572.88,110572.88,110542.93,110542.93,600,80,0
2026.03.26 03:40:00,110574.10,110592.68,110563.95,110572.93,600,80,0
2026.03.26 03:30:00,110604.10,110604.10,110574.15,110574.15,600,80,0
2026.03.26 03:20:00,110607.32,110613.15,110586.42,110604.15,600,80,0
2026.03.26 03:10:00,110620.12,110620.12,110596.82,110607.37,600,80,0
2026.03.26 03:00:00,110583.32,110640.27,110581.37,110620.17,600,80,0
2026.03.26 02:50:00,110569.96,110608.97,110565.66,110583.37,600,80,0
2026.03.26 02:40:00,110579.45,110581.46,110561.00,110570.01,600,80,0
2026.03.26 02:30:00,110592.86,110592.86,110572.41,110579.50,600,80,0
2026.03.26 02:20:00,110600.01,110614.21,110591.41,110592.91,600,80,0
2026.03.26 02:10:00,110630.01,110630.01,110600.06,110600.06,600,80,0
2026.03.26 02:00:00,110641.99,110641.99,110617.49,110630.06,600,80,0
2026.03.26 01:50:00,110671.99,110671.99,110642.04,110642.04,600,80,0
2026.03.26 01:40:00,110701.99,110701.99,110672.04,110672.04,600,80,0
2026.03.26 01:30:00,110731.99,110731.99,110702.04,110702.04,600,80,0
2026.03.26 01:20:00,110723.40,110736.09,110701.55,110732.04,600,80,0
2026.03.26 01:10:00,110753.40,110753.40,110723.45,110723.45,600,80,0
2026.03.26 01:00:00,110783.40,110783.40,110753.45,110753.45,600,80,0
2026.03.26 00:50:00,110813.40,110813.40,110783.45,110783.45,600,80,0
2026.03.26 00:40:00,110789.01,110820.70,110766.36,110813.45,600,80,0
2026.03.26 00:30:00,110778.48,110803.36,110765.13,110789.06,600,80,0
2026.03.26 00:20:00,110744.64,110782.28,110722.39,110778.53,600,80,0
2026.03.26 00:10:00,110696.62,110753.79,110689.32,110744.69,600,80,0
2026.03.26 00:00:00,110726.62,110726.62,110696.67,110696.67,600,80,0
2026.03.25 23:50:00,110739.97,110739.97,110721.87,110726.67,600,80,0
2026.03.25 23:40:00,110769.97,110769.97,110740.02,110740.02,600,80,0
2026.03.25 23:30:00,110760.11,110776.02,110745.51,110770.02,600,80,0
2026.03.25 23:20:00,110711.06,110766.01,110710.46,110760.16,600,80,0
2026.03.25 23:10:00,110741.06,110741.06,110711.11,110711.11,600,80,0
2026.03.25 23:00:00,110771.06,110771.06,110741.11,110741.11,600,80,0
2026.03.25 22:50:00,110776.97,110798.76,110771.11,110771.11,600,80,0
2026.03.25 22:40:00,110806.97,110806.97,110777.02,110777.02,600,80,0
2026.03.25 22:30:00,110836.97,110836.97,110807.02,110807.02,600,80,0
2026.03.25 22:20:00,110866.97,110866.97,110837.02,110837.02,600,80,0
2026.03.25 22:10:00,110871.31,110871.31,110842.01,110867.02,600,80,0
2026.03.25 22:00:00,110876.07,110894.31,110869.12,110871.36,600,80,0
2026.03.25 21:50:00,110906.07,110906.07,110876.12,110876.12,600,80,0
2026.03.25 21:40:00,110936.07,110936.07,110906.12,110906.12,600,80,0
2026.03.25 21:30:00,110911.08,110939.17,110901.63,110936.12,600,80,0
2026.03.25 21:20:00,110787.48,110915.23,110782.88,110911.13,600,80,0
2026.03.25 21:10:00,110797.20,110804.33,110784.10,110787.53,600,80,0
2026.03.25 21:00:00,110827.20,110827.20,110797.25,110797.25,600,80,0
2026.03.25 20:50:00,110857.20,110857.20,110827.25,110827.25,600,80,0
2026.03.25 20:40:00,110817.87,110863.65,110805.72,110857.25,600,80,0
2026.03.25 20:30:00,110812.82,110843.37,110808.37,110817.92,600,80,0
2026.03.25 20:20:00,110804.01,110827.27,110799.41,110812.87,600,80,0
2026.03.25 20:10:00,110817.03,110822.06,110804.06,110804.06,600,80,0
2026.03.25 20:00:00,110775.52,110817.88,110751.17,110817.08,600,80,0
2026.03.25 19:50:00,110805.52,110805.52,110775.57,110775.57,600,80,0
2026.03.25 19:40:00,110835.52,110835.52,110805.57,110805.57,600,80,0
2026.03.25 19:30:00,110865.52,110865.52,110835.57,110835.57,600,80,0
2026.03.25 19:20:00,110895.52,110895.52,110865.57,110865.57,600,80,0
2026.03.25 19:10:00,110893.98,110909.87,110878.38,110895.57,600,80,0
2026.03.25 19:00:00,110923.98,110923.98,110894.03,110894.03,600,80,0
2026.03.25 18:50:00,110934.92,110934.92,110913.32,110924.03,600,80,0
2026.03.25 18:40:00,110964.92,110964.92,110934.97,110934.97,600,80,0
2026.03.25 18:30:00,110994.92,110994.92,110964.97,110964.97,600,80,0
2026.03.25 18:20:00,110971.84,110995.37,110943.44,110994.97,600,80,0
2026.03.25 18:10:00,111001.84,111001.84,110971.89,110971.89,600,80,0
2026.03.25 18:00:00,110998.88,111005.59,110972.68,111001.89,600,80,0
2026.03.25 17:50:00,110997.87,111004.28,110973.32,110998.93,600,80,0
2026.03.25 17:40:00,111027.87,111027.87,110997.92,110997.92,600,80,0
2026.03.25 17:30:00,111041.99,111051.92,111027.92,111027.92,600,80,0
2026.03.25 17:20:00,111044.31,111054.74,111027.11,111042.04,600,80,0
2026.03.25 17:10:00,111008.62,111051.36,110995.97,111044.36,600,80,0
2026.03.25 17:00:00,111038.62,111038.62,111008.67,111008.67,600,80,0
2026.03.25 16:50:00,111030.63,111060.62,111022.68,111038.67,600,80,0
2026.03.25 16:40:00,111043.22,111043.53,111026.17,111030.68,600,80,0
2026.03.25 16:30:00,111031.18,111043.92,111006.63,111043.27,600,80,0
2026.03.25 16:20:00,111061.18,111061.18,111031.23,111031.23,600,80,0
2026.03.25 16:10:00,111091.18,111091.18,111061.23,111061.23,600,80,0
2026.03.25 16:00:00,111046.59,111094.98,111045.54,111091.23,600,80,0
2026.03.25 15:50:00,111060.08,111075.59,111046.64,111046.64,600,80,0
2026.03.25 15:40:00,111027.50,111064.93,111017.80,111060.13,600,80,0
2026.03.25 15:30:00,110989.97,111028.10,110962.72,111027.55,600,80,0
2026.03.25 15:20:00,110981.55,111011.87,110973.50,110990.02,600,80,0
2026.03.25 15:10:00,111011.55,111011.55,110981.60,110981.60,600,80,0
2026.03.25 15:00:00,111010.43,111036.00,111004.93,111011.60,600,80,0
2026.03.25 14:50:00,110991.46,111035.53,110986.61,111010.48,600,80,0
2026.03.25 14:40:00,110975.19,111018.01,110971.79,110991.51,600,80,0
2026.03.25 14:30:00,110980.16,111000.49,110975.24,110975.24,600,80,0
2026.03.25 14:20:00,110979.74,111001.46,110971.09,110980.21,600,80,0
2026.03.25 14:10:00,111009.74,111009.74,110979.79,110979.79,600,80,0
2026.03.25 14:00:00,111039.74,111039.74,111009.79,111009.79,600,80,0
2026.03.25 13:50:00,111069.74,111069.74,111039.79,111039.79,600,80,0
2026.03.25 13:40:00,111040.48,111086.44,111029.93,111069.79,600,80,0
2026.03.25 13:30:00,111047.75,111066.53,111040.53,111040.53,600,80,0
2026.03.25 13:20:00,111077.75,111077.75,111047.80,111047.80,600,80,0
2026.03.25 13:10:00,111107.75,111107.75,111077.80,111077.80,600,80,0
2026.03.25 13:00:00,111107.00,111118.45,111087.75,111107.80,600,80,0
2026.03.25 12:50:00,111108.72,111124.25,111096.02,111107.05,600,80,0
2026.03.25 12:40:00,111050.29,111112.87,111043.14,111108.77,600,80,0
2026.03.25 12:30:00,111052.74,111073.44,111045.94,111050.34,600,80,0
2026.03.25 12:20:00,111056.46,111071.74,111045.51,111052.79,600,80,0
2026.03.25 12:10:00,110963.28,111063.31,110960.63,111056.51,600,80,0
2026.03.25 12:00:00,110970.00,110987.38,110963.33,110963.33,600,80,0
2026.03.25 11:50:00,110959.89,110959.89,110929.94,110929.94,600,80,0
2026.03.25 11:40:00,110989.89,110989.89,110959.94,110959.94,600,80,0
2026.03.25 11:30:00,111019.89,111019.89,110989.94,110989.94,600,80,0
2026.03.25 11:20:00,111004.07,111032.64,110986.87,111019.94,600,80,0
2026.03.25 11:10:00,111007.51,111008.82,110982.31,111004.12,600,80,0
2026.03.25 11:00:00,111037.51,111037.51,111007.56,111007.56,600,80,0
2026.03.25 10:50:00,111044.46,111060.76,111037.56,111037.56,600,80,0
2026.03.25 10:40:00,111002.25,111049.26,110978.35,111044.51,600,80,0
2026.03.25 10:30:00,111006.15,111017.45,110991.40,111002.30,600,80,0
2026.03.25 10:20:00,111008.80,111008.80,110981.05,111006.20,600,80,0
2026.03.25 10:10:00,111038.80,111038.80,111008.85,111008.85,600,80,0
2026.03.25 10:00:00,111068.80,111068.80,111038.85,111038.85,600,80,0
2026.03.25 09:50:00,111098.80,111098.80,111068.85,111068.85,600,80,0
2026.03.25 09:40:00,111088.90,111115.60,111079.65,111098.85,600,80,0
2026.03.25 09:30:00,111037.44,111098.00,111020.24,111088.95,600,80,0
2026.03.25 09:20:00,111067.44,111067.44,111037.49,111037.49,600,80,0
2026.03.25 09:10:00,111097.44,111097.44,111067.49,111067.49,600,80,0
2026.03.25 09:00:00,111127.44,111127.44,111097.49,111097.49,600,80,0
2026.03.25 08:50:00,111125.17,111134.64,111102.42,111127.49,600,80,0
2026.03.25 08:40:00,111117.17,111143.47,111105.52,111125.22,600,80,0
2026.03.25 08:30:00,111113.75,111118.77,111085.40,111117.22,600,80,0
2026.03.25 08:20:00,111074.72,111120.75,111066.32,111113.80,600,80,0
2026.03.25 08:10:00,111045.87,111080.57,111025.32,111074.77,600,80,0
2026.03.25 08:00:00,111050.81,111069.22,111044.21,111045.92,600,80,0
2026.03.25 07:50:00,111044.60,111060.56,111024.40,111050.86,600,80,0
2026.03.25 07:40:00,111041.16,111067.30,111033.91,111044.65,600,80,0
2026.03.25 07:30:00,111071.16,111071.16,111041.21,111041.21,600,80,0
2026.03.25 07:20:00,111101.16,111101.16,111071.21,111071.21,600,80,0
2026.03.25 07:10:00,111131.16,111131.16,111101.21,111101.21,600,80,0
2026.03.25 07:00:00,111135.55,111154.91,111129.35,111131.21,600,80,0
2026.03.25 06:50:00,111134.95,111144.65,111114.10,111135.60,600,80,0
2026.03.25 06:40:00,111126.97,111147.30,111109.37,111135.00,600,80,0
2026.03.25 06:30:00,111112.36,111147.17,111109.76,111127.02,600,80,0
2026.03.25 06:20:00,111095.63,111117.66,111080.98,111112.41,600,80,0
2026.03.25 06:10:00,111083.26,111121.13,111078.81,111095.68,600,80,0
2026.03.25 06:00:00,111090.03,111090.03,111063.48,111083.31,600,80,0
2026.03.25 05:50:00,111054.58,111090.18,111026.23,111090.08,600,80,0
2026.03.25 05:40:00,111033.46,111074.33,111030.06,111054.63,600,80,0
2026.03.25 05:30:00,111040.25,111048.11,111024.95,111033.51,600,80,0
2026.03.25 05:20:00,111044.20,111059.50,111033.50,111040.30,600,80,0
2026.03.25 05:10:00,111074.20,111074.20,111044.25,111044.25,600,80,0
2026.03.25 05:00:00,111021.36,111074.60,111000.21,111074.25,600,80,0
2026.03.25 04:50:00,111051.36,111051.36,111021.41,111021.41,600,80,0
2026.03.25 04:40:00,111057.94,111068.26,111044.89,111051.41,600,80,0
2026.03.25 04:30:00,110944.18,111073.69,110941.33,111057.99,600,80,0
2026.03.25 04:20:00,110934.73,110966.58,110927.18,110944.23,600,80,0
2026.03.25 04:10:00,110934.31,110947.48,110917.11,110934.78,600,80,0
2026.03.25 04:00:00,110964.31,110964.31,110934.36,110934.36,600,80,0
2026.03.25 03:50:00,110891.75,110969.86,110882.55,110964.36,600,80,0
2026.03.25 03:40:00,110835.60,110894.10,110824.35,110891.80,600,80,0
2026.03.25 03:30:00,110836.02,110860.00,110830.47,110835.65,600,80,0
2026.03.25 03:20:00,110866.02,110866.02,110836.07,110836.07,600,80,0
2026.03.25 03:10:00,110867.50,110876.77,110848.30,110866.07,600,80,0
2026.03.25 03:00:00,110878.45,110882.60,110863.60,110867.55,600,80,0
2026.03.25 02:50:00,110853.30,110880.10,110850.90,110878.50,600,80,0
2026.03.25 02:40:00,110853.99,110879.20,110849.94,110853.35,600,80,0
2026.03.25 02:30:00,110799.68,110874.29,110798.33,110854.04,600,80,0
2026.03.25 02:20:00,110829.68,110829.68,110799.73,110799.73,600,80,0
2026.03.25 02:10:00,110859.68,110859.68,110829.73,110829.73,600,80,0
2026.03.25 02:00:00,110825.56,110859.93,110812.16,110859.73,600,80,0
2026.03.25 01:50:00,110794.52,110833.11,110792.97,110825.61,600,80,0
2026.03.25 01:40:00,110824.52,110824.52,110794.57,110794.57,600,80,0
2026.03.25 01:30:00,110854.52,110854.52,110824.57,110824.57,600,80,0
2026.03.25 01:20:00,110884.52,110884.52,110854.57,110854.57,600,80,0
2026.03.25 01:10:00,110914.52,110914.52,110884.57,110884.57,600,80,0
2026.03.25 01:00:00,110896.48,110915.17,110867.18,110914.57,600,80,0
2026.03.25 00:50:00,110926.48,110926.48,110896.53,110896.53,600,80,0
2026.03.25 00:40:00,110956.48,110956.48,110926.53,110926.53,600,80,0
2026.03.25 00:30:00,110963.43,110981.78,110956.53,110956.53,600,80,0
2026.03.25 00:20:00,110852.54,110966.68,110852.24,110963.48,600,80,0
2026.03.25 00:10:00,110814.90,110872.59,110811.35,110852.59,600,80,0
2026.03.25 00:00:00,110799.82,110838.65,110793.62,110814.95,600,80,0
2026.03.24 23:50:00,110829.82,110829.82,110799.87,110799.87,600,80,0
2026.03.24 23:40:00,110786.00,110838.72,110771.65,110829.87,600,80,0
2026.03.24 23:30:00,110794.92,110809.15,110786.05,110786.05,600,80,0
2026.03.24 23:20:00,110805.01,110812.42,110792.56,110794.97,600,80,0
2026.03.24 23:10:00,110770.10,110820.76,110761.20,110805.06,600,80,0
2026.03.24 23:00:00,110705.84,110776.30,110704.29,110770.15,600,80,0
2026.03.24 22:50:00,110640.43,110710.89,110624.63,110705.89,600,80,0
2026.03.24 22:40:00,110648.84,110668.18,110640.48,110640.48,600,80,0
2026.03.24 22:30:00,110634.77,110669.34,110625.32,110648.89,600,80,0
2026.03.24 22:20:00,110664.77,110664.77,110634.82,110634.82,600,80,0
2026.03.24 22:10:00,110663.31,110666.57,110635.16,110664.82,600,80,0
2026.03.24 22:00:00,110693.31,110693.31,110663.36,110663.36,600,80,0
2026.03.24 21:50:00,110656.45,110717.11,110655.65,110693.36,600,80,0
2026.03.24 21:40:00,110686.45,110686.45,110656.50,110656.50,600,80,0
2026.03.24 21:30:00,110688.88,110706.15,110678.63,110686.50,600,80,0
2026.03.24 21:20:00,110718.88,110718.88,110688.93,110688.93,600,80,0
2026.03.24 21:10:00,110695.04,110738.38,110685.89,110718.93,600,80,0
2026.03.24 21:00:00,110706.34,110706.34,110678.64,110695.09,600,80,0
2026.03.24 20:50:00,110693.68,110708.29,110678.33,110706.39,600,80,0
2026.03.24 20:40:00,110656.97,110698.83,110638.72,110693.73,600,80,0
2026.03.24 20:30:00,110649.35,110672.37,110634.80,110657.02,600,80,0
2026.03.24 20:20:00,110620.36,110655.40,110612.16,110649.40,600,80,0
2026.03.24 20:10:00,110650.36,110650.36,110620.41,110620.41,600,80,0
2026.03.24 20:00:00,110680.36,110680.36,110650.41,110650.41,600,80,0
2026.03.24 19:50:00,110710.36,110710.36,110680.41,110680.41,600,80,0
2026.03.24 19:40:00,110740.36,110740.36,110710.41,110710.41,600,80,0
2026.03.24 19:30:00,110706.13,110765.76,110706.08,110740.41,600,80,0
2026.03.24 19:20:00,110736.13,110736.13,110706.18,110706.18,600,80,0
2026.03.24 19:10:00,110704.60,110743.33,110688.25,110736.18,600,80,0
2026.03.24 19:00:00,110734.60,110734.60,110704.65,110704.65,600,80,0
2026.03.24 18:50:00,110646.98,110738.20,110636.38,110734.65,600,80,0
2026.03.24 18:40:00,110661.17,110671.78,110647.03,110647.03,600,80,0
2026.03.24 18:30:00,110691.17,110691.17,110661.22,110661.22,600,80,0
2026.03.24 18:20:00,110687.44,110695.87,110662.19,110691.22,600,80,0
2026.03.24 18:10:00,110676.39,110688.84,110647.84,110687.49,600,80,0
2026.03.24 18:00:00,110688.30,110694.09,110676.05,110676.44,600,80,0
2026.03.24 17:50:00,110718.30,110718.30,110688.35,110688.35,600,80,0
2026.03.24 17:40:00,110748.30,110748.30,110718.35,110718.35,600,80,0
2026.03.24 17:30:00,110719.88,110749.75,110695.88,110748.35,600,80,0
2026.03.24 17:20:00,110749.88,110749.88,110719.93,110719.93,600,80,0
2026.03.24 17:10:00,110708.00,110763.63,110692.45,110749.93,600,80,0
2026.03.24 17:00:00,110738.00,110738.00,110708.05,110708.05,600,80,0
2026.03.24 16:50:00,110768.00,110768.00,110738.05,110738.05,600,80,0
2026.03.24 16:40:00,110778.36,110778.36,110757.46,110768.05,600,80,0
2026.03.24 16:30:00,110748.56,110793.11,110741.81,110778.41,600,80,0
2026.03.24 16:20:00,110754.84,110761.76,110738.09,110748.61,600,80,0
2026.03.24 16:10:00,110745.26,110782.14,110742.61,110754.89,600,80,0
2026.03.24 16:00:00,110775.26,110775.26,110745.31,110745.31,600,80,0
2026.03.24 15:50:00,110756.92,110779.66,110736.67,110775.31,600,80,0
2026.03.24 15:40:00,110753.69,110764.77,110731.59,110756.97,600,80,0
2026.03.24 15:30:00,110756.14,110761.34,110733.84,110753.74,600,80,0
2026.03.24 15:20:00,110741.02,110781.49,110736.42,110756.19,600,80,0
2026.03.24 15:10:00,110748.40,110768.47,110741.07,110741.07,600,80,0
2026.03.24 15:00:00,110740.12,110765.50,110727.27,110748.45,600,80,0
2026.03.24 14:50:00,110770.12,110770.12,110740.17,110740.17,600,80,0
2026.03.24 14:40:00,110749.60,110770.42,110726.45,110770.17,600,80,0
2026.03.24 14:30:00,110779.60,110779.60,110749.65,110749.65,600,80,0
2026.03.24 14:20:00,110757.57,110793.75,110753.27,110779.65,600,80,0
2026.03.24 14:10:00,110787.57,110787.57,110757.62,110757.62,600,80,0
2026.03.24 14:00:00,110799.33,110800.62,110782.43,110787.62,600,80,0
2026.03.24 13:50:00,110783.50,110825.88,110780.25,110799.38,600,80,0
2026.03.24 13:40:00,110795.99,110795.99,110773.74,110783.55,600,80,0
2026.03.24 13:30:00,110763.42,110799.39,110760.12,110796.04,600,80,0
2026.03.24 13:20:00,110704.32,110769.72,110700.47,110763.47,600,80,0
2026.03.24 13:10:00,110734.32,110734.32,110704.37,110704.37,600,80,0
2026.03.24 13:00:00,110764.32,110764.32,110734.37,110734.37,600,80,0
2026.03.24 12:50:00,110757.96,110771.52,110735.21,110764.37,600,80,0
2026.03.24 12:40:00,110763.98,110765.81,110741.88,110758.01,600,80,0
2026.03.24 12:30:00,110770.43,110782.78,110759.28,110764.03,600,80,0
2026.03.24 12:20:00,110800.43,110800.43,110770.48,110770.48,600,80,0
2026.03.24 12:10:00,110780.61,110803.18,110761.46,110800.48,600,80,0
2026.03.24 12:00:00,110772.99,110786.06,110748.49,110780.66,600,80,0
2026.03.24 11:50:00,110802.99,110802.99,110773.04,110773.04,600,80,0
2026.03.24 11:40:00,110832.99,110832.99,110803.04,110803.04,600,80,0
2026.03.24 11:30:00,110811.66,110852.74,110807.36,110833.04,600,80,0
2026.03.24 11:20:00,110841.66,110841.66,110811.71,110811.71,600,80,0
2026.03.24 11:10:00,110831.16,110861.61,110821.16,110841.71,600,80,0
2026.03.24 11:00:00,110789.84,110834.71,110766.59,110831.21,600,80,0
2026.03.24 10:50:00,110802.84,110802.84,110774.84,110789.89,600,80,0
2026.03.24 10:40:00,110832.84,110832.84,110802.89,110802.89,600,80,0
2026.03.24 10:30:00,110862.84,110862.84,110832.89,110832.89,600,80,0
2026.03.24 10:20:00,110892.84,110892.84,110862.89,110862.89,600,80,0
2026.03.24 10:10:00,110865.62,110908.34,110851.27,110892.89,600,80,0
2026.03.24 10:00:00,110860.09,110885.17,110849.69,110865.67,600,80,0
2026.03.24 09:50:00,110831.91,110879.84,110821.71,110860.14,600,80,0
2026.03.24 09:40:00,110815.52,110836.11,110789.77,110831.96,600,80,0
2026.03.24 09:30:00,110845.52,110845.52,110815.57,110815.57,600,80,0
2026.03.24 09:20:00,110850.55,110860.12,110835.20,110845.57,600,80,0
2026.03.24 09:10:00,110880.55,110880.55,110850.60,110850.60,600,80,0
2026.03.24 09:00:00,110890.31,110895.35,110875.16,110880.60,600,80,0
2026.03.24 08:50:00,110920.31,110920.31,110890.36,110890.36,600,80,0
2026.03.24 08:40:00,110903.81,110950.06,110903.61,110920.36,600,80,0
2026.03.24 08:30:00,110933.81,110933.81,110903.86,110903.86,600,80,0
2026.03.24 08:20:00,110963.81,110963.81,110933.86,110933.86,600,80,0
2026.03.24 08:10:00,110993.81,110993.81,110963.86,110963.86,600,80,0
2026.03.24 08:00:00,110959.44,111002.76,110940.59,110993.86,600,80,0
2026.03.24 07:50:00,110902.56,110965.44,110891.81,110959.49,600,80,0
2026.03.24 07:40:00,110932.56,110932.56,110902.61,110902.61,600,80,0
2026.03.24 07:30:00,110962.56,110962.56,110932.61,110932.61,600,80,0
2026.03.24 07:20:00,110961.37,110963.06,110931.92,110962.61,600,80,0
2026.03.24 07:10:00,110955.89,110971.72,110936.29,110961.42,600,80,0
2026.03.24 07:00:00,110985.89,110985.89,110955.94,110955.94,600,80,0
2026.03.24 06:50:00,110986.80,110995.79,110966.75,110985.94,600,80,0
2026.03.24 06:40:00,110917.07,110994.35,110905.12,110986.85,600,80,0
2026.03.24 06:30:00,110947.07,110947.07,110917.12,110917.12,600,80,0
2026.03.24 06:20:00,110933.81,110950.82,110907.61,110947.12,600,80,0
2026.03.24 06:10:00,110884.51,110947.91,110869.26,110933.86,600,80,0
2026.03.24 06:00:00,110914.51,110914.51,110884.56,110884.56,600,80,0
2026.03.24 05:50:00,110892.37,110924.96,110892.22,110914.56,600,80,0
2026.03.24 05:40:00,110894.09,110914.02,110885.79,110892.42,600,80,0
2026.03.24 05:30:00,110897.60,110898.89,110872.45,110894.14,600,80,0
2026.03.24 05:20:00,110873.60,110911.75,110858.45,110897.65,600,80,0
2026.03.24 05:10:00,110883.35,110884.95,110864.75,110873.65,600,80,0
2026.03.24 05:00:00,110897.95,110897.95,110877.25,110883.40,600,80,0
2026.03.24 04:50:00,110911.31,110911.31,110893.96,110898.00,600,80,0
2026.03.24 04:40:00,110903.70,110933.46,110895.90,110911.36,600,80,0
2026.03.24 04:30:00,110856.27,110921.10,110847.97,110903.75,600,80,0
2026.03.24 04:20:00,110853.38,110882.02,110850.03,110856.32,600,80,0
2026.03.24 04:10:00,110883.38,110883.38,110853.43,110853.43,600,80,0
2026.03.24 04:00:00,110913.38,110913.38,110883.43,110883.43,600,80,0
2026.03.24 03:50:00,110923.36,110935.63,110913.43,110913.43,600,80,0
2026.03.24 03:40:00,110953.36,110953.36,110923.41,110923.41,600,80,0
2026.03.24 03:30:00,110983.36,110983.36,110953.41,110953.41,600,80,0
2026.03.24 03:20:00,110961.26,110992.61,110946.16,110983.41,600,80,0
2026.03.24 03:10:00,110971.64,110983.11,110961.31,110961.31,600,80,0
2026.03.24 03:00:00,111001.64,111001.64,110971.69,110971.69,600,80,0
2026.03.24 02:50:00,110984.69,111004.44,110962.34,111001.69,600,80,0
2026.03.24 02:40:00,111014.69,111014.69,110984.74,110984.74,600,80,0
2026.03.24 02:30:00,111044.69,111044.69,111014.74,111014.74,600,80,0
2026.03.24 02:20:00,111053.53,111053.53,111031.08,111044.74,600,80,0
2026.03.24 02:10:00,111068.14,111068.14,111044.64,111053.58,600,80,0
2026.03.24 02:00:00,111098.14,111098.14,111068.19,111068.19,600,80,0
2026.03.24 01:50:00,111061.25,111107.04,111046.15,111098.19,600,80,0
2026.03.24 01:40:00,111052.35,111068.75,111029.90,111061.30,600,80,0
2026.03.24 01:30:00,111082.35,111082.35,111052.40,111052.40,600,80,0
2026.03.24 01:20:00,111085.43,111094.80,111067.93,111082.40,600,80,0
2026.03.24 01:10:00,111115.43,111115.43,111085.48,111085.48,600,80,0
2026.03.24 01:00:00,111093.94,111137.38,111092.59,111115.48,600,80,0
2026.03.24 00:50:00,111060.11,111103.39,111056.06,111093.99,600,80,0
2026.03.24 00:40:00,110997.56,111069.71,110993.71,111060.16,600,80,0
2026.03.24 00:30:00,110997.05,111006.56,110976.10,110997.61,600,80,0
2026.03.24 00:20:00,111027.05,111027.05,110997.10,110997.10,600,80,0
2026.03.24 00:10:00,111017.05,111055.40,111015.45,111027.10,600,80,0
2026.03.24 00:00:00,111047.05,111047.05,111017.10,111017.10,600,80,0
2026.03.23 23:50:00,111077.05,111077.05,111047.10,111047.10,600,80,0
2026.03.23 23:40:00,111073.40,111103.40,111069.80,111077.10,600,80,0
2026.03.23 23:30:00,111103.40,111103.40,111073.45,111073.45,600,80,0
2026.03.23 23:20:00,111133.40,111133.40,111103.45,111103.45,600,80,0
2026.03.23 23:10:00,111129.09,111151.40,111117.14,111133.45,600,80,0
2026.03.23 23:00:00,111096.54,111135.09,111076.49,111129.14,600,80,0
2026.03.23 22:50:00,111097.92,111097.92,111068.42,111096.59,600,80,0
2026.03.23 22:40:00,111073.21,111098.67,111068.31,111097.97,600,80,0
2026.03.23 22:30:00,111083.59,111084.16,111064.59,111073.26,600,80,0
2026.03.23 22:20:00,111096.77,111113.34,111083.64,111083.64,600,80,0
2026.03.23 22:10:00,111102.07,111102.07,111077.22,111096.82,600,80,0
2026.03.23 22:00:00,111083.77,111120.37,111072.12,111102.12,600,80,0
2026.03.23 21:50:00,111113.77,111113.77,111083.82,111083.82,600,80,0
2026.03.23 21:40:00,111116.72,111118.12,111091.12,111113.82,600,80,0
2026.03.23 21:30:00,111120.29,111126.22,111099.84,111116.77,600,80,0
2026.03.23 21:20:00,111113.49,111147.09,111110.34,111120.34,600,80,0
2026.03.23 21:10:00,111117.16,111128.04,111101.76,111113.54,600,80,0
2026.03.23 21:00:00,111106.93,111131.46,111099.08,111117.21,600,80,0
2026.03.23 20:50:00,111103.44,111110.73,111077.29,111106.98,600,80,0
2026.03.23 20:40:00,111133.44,111133.44,111103.49,111103.49,600,80,0
2026.03.23 20:30:00,111117.89,111145.94,111100.44,111133.49,600,80,0
2026.03.23 20:20:00,111084.79,111141.09,111079.94,111117.94,600,80,0
2026.03.23 20:10:00,111114.79,111114.79,111084.84,111084.84,600,80,0
2026.03.23 20:00:00,111144.79,111144.79,111114.84,111114.84,600,80,0
2026.03.23 19:50:00,111080.70,111148.14,111072.65,111144.84,600,80,0
2026.03.23 19:40:00,111041.60,111082.50,111027.15,111080.75,600,80,0
2026.03.23 19:30:00,111048.95,111049.45,111026.85,111041.65,600,80,0
2026.03.23 19:20:00,111078.95,111078.95,111049.00,111049.00,600,80,0
2026.03.23 19:10:00,111071.50,111084.55,111047.15,111079.00,600,80,0
2026.03.23 19:00:00,111101.50,111101.50,111071.55,111071.55,600,80,0
2026.03.23 18:50:00,111091.53,111109.30,111069.38,111101.55,600,80,0
2026.03.23 18:40:00,111121.53,111121.53,111091.58,111091.58,600,80,0
2026.03.23 18:30:00,111151.53,111151.53,111121.58,111121.58,600,80,0
2026.03.23 18:20:00,111181.53,111181.53,111151.58,111151.58,600,80,0
2026.03.23 18:10:00,111211.53,111211.53,111181.58,111181.58,600,80,0
2026.03.23 18:00:00,111176.75,111238.13,111173.40,111211.58,600,80,0
2026.03.23 17:50:00,111206.75,111206.75,111176.80,111176.80,600,80,0
2026.03.23 17:40:00,111236.75,111236.75,111206.80,111206.80,600,80,0
2026.03.23 17:30:00,111266.75,111266.75,111236.80,111236.80,600,80,0
2026.03.23 17:20:00,111296.75,111296.75,111266.80,111266.80,600,80,0
2026.03.23 17:10:00,111326.75,111326.75,111296.80,111296.80,600,80,0
2026.03.23 17:00:00,111340.11,111340.11,111314.66,111326.80,600,80,0
2026.03.23 16:50:00,111285.84,111353.31,111270.24,111340.16,600,80,0
2026.03.23 16:40:00,111315.84,111315.84,111285.89,111285.89,600,80,0
2026.03.23 16:30:00,111320.82,111335.34,111310.37,111315.89,600,80,0
2026.03.23 16:20:00,111331.42,111331.42,111305.17,111320.87,600,80,0
2026.03.23 16:10:00,111361.42,111361.42,111331.47,111331.47,600,80,0
2026.03.23 16:00:00,111315.63,111363.87,111290.13,111361.47,600,80,0
2026.03.23 15:50:00,111308.79,111320.58,111283.79,111315.68,600,80,0
2026.03.23 15:40:00,111338.79,111338.79,111308.84,111308.84,600,80,0
2026.03.23 15:30:00,111333.10,111348.49,111312.85,111338.84,600,80,0
2026.03.23 15:20:00,111316.87,111336.10,111293.02,111333.15,600,80,0
2026.03.23 15:10:00,111325.16,111325.16,111295.71,111316.92,600,80,0
2026.03.23 15:00:00,111337.74,111337.74,111310.59,111325.21,600,80,0
2026.03.23 14:50:00,111367.74,111367.74,111337.79,111337.79,600,80,0
2026.03.23 14:40:00,111380.27,111380.27,111359.07,111367.79,600,80,0
2026.03.23 14:30:00,111410.27,111410.27,111380.32,111380.32,600,80,0
2026.03.23 14:20:00,111394.02,111418.77,111372.57,111410.32,600,80,0
2026.03.23 14:10:00,111424.02,111424.02,111394.07,111394.07,600,80,0
2026.03.23 14:00:00,111315.50,111438.82,111313.65,111424.07,600,80,0
2026.03.23 13:50:00,111305.64,111322.05,111282.24,111315.55,600,80,0
2026.03.23 13:40:00,111269.57,111316.74,111268.52,111305.69,600,80,0
2026.03.23 13:30:00,111228.35,111295.32,111227.35,111269.62,600,80,0
2026.03.23 13:20:00,111238.13,111240.20,111220.03,111228.40,600,80,0
2026.03.23 13:10:00,111232.64,111260.33,111224.89,111238.18,600,80,0
2026.03.23 13:00:00,111262.64,111262.64,111232.69,111232.69,600,80,0
2026.03.23 12:50:00,111292.64,111292.64,111262.69,111262.69,600,80,0
2026.03.23 12:40:00,111322.64,111322.64,111292.69,111292.69,600,80,0
2026.03.23 12:30:00,111303.07,111345.89,111296.37,111322.69,600,80,0
2026.03.23 12:20:00,111292.30,111304.37,111269.70,111303.12,600,80,0
2026.03.23 12:10:00,111256.88,111298.75,111247.83,111292.35,600,80,0
2026.03.23 12:00:00,111286.88,111286.88,111256.93,111256.93,600,80,0
2026.03.23 11:50:00,111316.88,111316.88,111286.93,111286.93,600,80,0
2026.03.23 11:40:00,111346.88,111346.88,111316.93,111316.93,600,80,0
2026.03.23 11:30:00,111334.02,111371.63,111330.57,111346.93,600,80,0
2026.03.23 11:20:00,111364.02,111364.02,111334.07,111334.07,600,80,0
2026.03.23 11:10:00,111336.74,111377.82,111320.59,111364.07,600,80,0
2026.03.23 11:00:00,111285.85,111347.04,111277.20,111336.79,600,80,0
2026.03.23 10:50:00,111261.70,111287.05,111232.95,111285.90,600,80,0
2026.03.23 10:40:00,111217.82,111266.75,111210.57,111261.75,600,80,0
2026.03.23 10:30:00,111216.36,111224.12,111192.71,111217.87,600,80,0
2026.03.23 10:20:00,111228.46,111236.31,111216.41,111216.41,600,80,0
2026.03.23 10:10:00,111206.62,111238.01,111188.07,111228.51,600,80,0
2026.03.23 10:00:00,111203.52,111231.92,111198.87,111206.67,600,80,0
2026.03.23 09:50:00,111233.52,111233.52,111203.57,111203.57,600,80,0
2026.03.23 09:40:00,111161.80,111233.62,111142.60,111233.57,600,80,0
2026.03.23 09:30:00,111176.32,111178.50,111161.85,111161.85,600,80,0
2026.03.23 09:20:00,111206.32,111206.32,111176.37,111176.37,600,80,0
2026.03.23 09:10:00,111189.16,111211.32,111179.30,111206.37,600,80,0
2026.03.23 09:00:00,111202.66,111211.66,111189.21,111189.21,600,80,0
2026.03.23 08:50:00,111201.78,111225.56,111194.73,111202.71,600,80,0
2026.03.23 08:40:00,111136.38,111205.33,111116.33,111201.83,600,80,0
2026.03.23 08:30:00,111125.46,111150.68,111109.81,111136.43,600,80,0
2026.03.23 08:20:00,111133.58,111149.21,111125.51,111125.51,600,80,0
2026.03.23 08:10:00,111143.88,111161.83,111133.63,111133.63,600,80,0
2026.03.23 08:00:00,111173.88,111173.88,111143.93,111143.93,600,80,0
2026.03.23 07:50:00,111166.66,111182.98,111145.81,111173.93,600,80,0
2026.03.23 07:40:00,111178.71,111178.71,111158.16,111166.71,600,80,0
2026.03.23 07:30:00,111188.32,111192.51,111172.17,111178.76,600,80,0
2026.03.23 07:20:00,111218.32,111218.32,111188.37,111188.37,600,80,0
2026.03.23 07:10:00,111180.76,111221.32,111171.01,111218.37,600,80,0
2026.03.23 07:00:00,111184.05,111198.76,111172.10,111180.81,600,80,0
2026.03.23 06:50:00,111182.40,111192.75,111161.15,111184.10,600,80,0
2026.03.23 06:40:00,111166.51,111200.95,111155.11,111182.45,600,80,0
2026.03.23 06:30:00,111166.82,111173.51,111143.87,111166.56,600,80,0
2026.03.23 06:20:00,111196.82,111196.82,111166.87,111166.87,600,80,0
2026.03.23 06:10:00,111202.95,111208.77,111184.95,111196.87,600,80,0
2026.03.23 06:00:00,111193.48,111222.30,111182.88,111203.00,600,80,0
2026.03.23 05:50:00,111223.48,111223.48,111193.53,111193.53,600,80,0
2026.03.23 05:40:00,111144.13,111231.48,111136.18,111223.53,600,80,0
2026.03.23 05:30:00,111143.44,111159.68,111129.04,111144.18,600,80,0
2026.03.23 05:20:00,111173.44,111173.44,111143.49,111143.49,600,80,0
2026.03.23 05:10:00,111186.66,111202.59,111173.49,111173.49,600,80,0
2026.03.23 05:00:00,111194.52,111200.16,111178.07,111186.71,600,80,0
2026.03.23 04:50:00,111197.27,111217.32,111190.07,111194.57,601,80,0
2026.03.23 04:40:00,111171.53,111224.92,111170.83,111197.32,599,80,0
2026.03.23 04:30:00,111201.58,111201.58,111171.58,111171.58,601,80,0
2026.03.23 04:20:00,111231.58,111231.58,111201.63,111201.63,600,80,0
2026.03.23 04:10:00,111261.58,111261.58,111231.63,111231.63,600,80,0
2026.03.23 04:00:00,111291.58,111291.58,111261.63,111261.63,600,80,0
2026.03.23 03:50:00,111260.20,111299.58,111241.35,111291.63,600,80,0
2026.03.23 03:40:00,111259.07,111264.75,111233.67,111260.25,600,80,0
2026.03.23 03:30:00,111180.75,111269.12,111174.70,111259.12,600,80,0
2026.03.23 03:20:00,111210.75,111210.75,111180.80,111180.80,600,80,0
2026.03.23 03:10:00,111240.75,111240.75,111210.80,111210.80,600,80,0
2026.03.23 03:00:00,111270.75,111270.75,111240.80,111240.80,600,80,0
2026.03.23 02:50:00,111281.40,111297.05,111270.80,111270.80,600,80,0
2026.03.23 02:40:00,111311.40,111311.40,111281.45,111281.45,600,80,0
2026.03.23 02:30:00,111320.92,111325.20,111304.77,111311.45,600,80,0
2026.03.23 02:20:00,111350.92,111350.92,111320.97,111320.97,600,80,0
2026.03.23 02:10:00,111321.49,111374.17,111317.24,111350.97,600,80,0
2026.03.23 02:00:00,111314.93,111346.64,111310.13,111321.54,600,80,0
2026.03.23 01:50:00,111344.93,111344.93,111314.98,111314.98,600,80,0
2026.03.23 01:40:00,111374.93,111374.93,111344.98,111344.98,600,80,0
2026.03.23 01:30:00,111404.93,111404.93,111374.98,111374.98,600,80,0
2026.03.23 01:20:00,111412.12,111426.93,111404.17,111404.98,600,80,0
2026.03.23 01:10:00,111412.09,111428.12,111398.14,111412.17,600,80,0
2026.03.23 01:00:00,111413.47,111428.99,111400.42,111412.14,600,80,0
2026.03.23 00:50:00,111409.97,111415.77,111382.32,111413.52,600,80,0
2026.03.23 00:40:00,111374.88,111417.32,111355.33,111410.02,600,80,0
2026.03.23 00:30:00,111313.55,111379.58,111311.80,111374.93,600,80,0
2026.03.23 00:20:00,111255.02,111325.35,111254.67,111313.60,600,80,0
2026.03.23 00:10:00,111285.02,111285.02,111255.07,111255.07,600,80,0
2026.03.23 00:00:00,111315.02,111315.02,111285.07,111285.07,600,80,0
2026.03.22 23:50:00,111315.54,111343.57,111314.14,111315.07,600,80,0
2026.03.22 23:40:00,111315.90,111336.04,111306.45,111315.59,600,80,0
2026.03.22 23:30:00,111345.90,111345.90,111315.95,111315.95,600,80,0
2026.03.22 23:20:00,111317.74,111368.75,111311.44,111345.95,600,80,0
2026.03.22 23:10:00,111347.74,111347.74,111317.79,111317.79,600,80,0
2026.03.22 23:00:00,111354.06,111363.79,111340.16,111347.79,600,80,0
2026.03.22 22:50:00,111365.46,111365.46,111336.06,111354.11,600,80,0
2026.03.22 22:40:00,111353.33,111366.46,111324.38,111365.51,600,80,0
2026.03.22 22:30:00,111341.95,111371.98,111330.65,111353.38,600,80,0
2026.03.22 22:20:00,111371.95,111371.95,111342.00,111342.00,600,80,0
2026.03.22 22:10:00,111384.16,111400.55,111372.00,111372.00,600,80,0
2026.03.22 22:00:00,111414.16,111414.16,111384.21,111384.21,600,80,0
2026.03.22 21:50:00,111444.16,111444.16,111414.21,111414.21,600,80,0
2026.03.22 21:40:00,111347.85,111454.56,111341.35,111444.21,600,80,0
2026.03.22 21:30:00,111377.85,111377.85,111347.90,111347.90,600,80,0
2026.03.22 21:20:00,111407.85,111407.85,111377.90,111377.90,600,80,0
2026.03.22 21:10:00,111437.85,111437.85,111407.90,111407.90,600,80,0
2026.03.22 21:00:00,111431.78,111441.90,111405.88,111437.90,600,80,0
2026.03.22 20:50:00,111397.27,111455.08,111392.17,111431.83,600,80,0
2026.03.22 20:40:00,111427.27,111427.27,111397.32,111397.32,600,80,0
2026.03.22 20:30:00,111457.27,111457.27,111427.32,111427.32,600,80,0
2026.03.22 20:20:00,111446.32,111480.27,111440.47,111457.32,600,80,0
2026.03.22 20:10:00,111476.32,111476.32,111446.37,111446.37,600,80,0
2026.03.22 20:00:00,111479.34,111496.37,111469.44,111476.37,600,80,0
2026.03.22 19:50:00,111509.34,111509.34,111479.39,111479.39,600,80,0
2026.03.22 19:40:00,111486.64,111524.49,111483.79,111509.39,600,80,0
2026.03.22 19:30:00,111516.64,111516.64,111486.69,111486.69,600,80,0
2026.03.22 19:20:00,111491.51,111523.07,111491.21,111516.69,600,80,0
2026.03.22 19:10:00,111456.03,111503.11,111438.48,111491.56,600,80,0
2026.03.22 19:00:00,111396.40,111462.03,111380.80,111456.08,600,80,0
2026.03.22 18:50:00,111426.40,111426.40,111396.45,111396.45,600,80,0
2026.03.22 18:40:00,111383.77,111430.35,111371.37,111426.45,600,80,0
2026.03.22 18:30:00,111413.77,111413.77,111383.82,111383.82,600,80,0
2026.03.22 18:20:00,111412.67,111431.52,111400.47,111413.82,600,80,0
2026.03.22 18:10:00,111442.67,111442.67,111412.72,111412.72,600,80,0
2026.03.22 18:00:00,111379.26,111461.57,111369.96,111442.72,600,80,0
2026.03.22 17:50:00,111388.99,111395.61,111375.39,111379.31,600,80,0
2026.03.22 17:40:00,111340.70,111392.89,111327.40,111389.04,600,80,0
2026.03.22 17:30:00,111316.71,111356.15,111309.01,111340.75,600,80,0
2026.03.22 17:20:00,111214.33,111322.81,111207.33,111316.76,600,80,0
2026.03.22 17:10:00,111244.33,111244.33,111214.38,111214.38,600,80,0
2026.03.22 17:00:00,111224.19,111248.98,111214.84,111244.38,600,80,0
2026.03.22 16:50:00,111254.19,111254.19,111224.24,111224.24,600,80,0
2026.03.22 16:40:00,111284.19,111284.19,111254.24,111254.24,600,80,0
2026.03.22 16:30:00,111274.93,111286.94,111247.73,111284.24,600,80,0
2026.03.22 16:20:00,111167.91,111254.23,111167.61,111234.88,600,80,0
2026.03.22 16:10:00,111042.76,111173.21,111031.11,111167.96,600,80,0
2026.03.22 16:00:00,111012.37,111057.01,111011.57,111042.81,600,80,0
2026.03.22 15:50:00,111012.90,111033.12,111003.70,111012.42,600,80,0
2026.03.22 15:40:00,111042.90,111042.90,111012.95,111012.95,600,80,0
2026.03.22 15:30:00,111072.90,111072.90,111042.95,111042.95,600,80,0
2026.03.22 15:20:00,111102.90,111102.90,111072.95,111072.95,600,80,0
2026.03.22 15:10:00,111045.87,111107.71,111045.32,111102.95,600,80,0
2026.03.22 15:00:00,111039.18,111049.35,111030.15,111045.92,600,80,0
2026.03.22 14:50:00,111069.18,111069.18,111039.23,111039.23,600,80,0
2026.03.22 14:40:00,111064.28,111091.18,111056.33,111069.23,600,80,0
2026.03.22 14:30:00,111094.28,111094.28,111064.33,111064.33,600,80,0
2026.03.22 14:20:00,111106.29,111119.28,111094.33,111094.33,600,80,0
2026.03.22 14:10:00,111114.08,111114.29,111092.13,111106.34,600,80,0
2026.03.22 14:00:00,111144.08,111144.08,111114.13,111114.13,600,80,0
2026.03.22 13:50:00,111151.45,111153.43,111130.85,111144.13,600,80,0
2026.03.22 13:40:00,111181.45,111181.45,111151.50,111151.50,600,80,0
2026.03.22 13:30:00,111195.86,111195.86,111167.46,111181.50,600,80,0
2026.03.22 13:20:00,111199.74,111208.16,111182.09,111195.91,600,80,0
2026.03.22 13:10:00,111108.57,111214.04,111101.17,111199.79,600,80,0
2026.03.22 13:00:00,111106.99,111121.77,111090.24,111108.62,600,80,0
2026.03.22 12:50:00,111136.99,111136.99,111107.04,111107.04,600,80,0
2026.03.22 12:40:00,111166.99,111166.99,111137.04,111137.04,600,80,0
2026.03.22 12:30:00,111196.99,111196.99,111167.04,111167.04,600,80,0
2026.03.22 12:20:00,111159.55,111197.94,111131.60,111197.04,600,80,0
2026.03.22 12:10:00,111119.71,111167.40,111105.66,111159.60,600,80,0
2026.03.22 12:00:00,111149.71,111149.71,111119.76,111119.76,600,80,0
2026.03.22 11:50:00,111179.71,111179.71,111149.76,111149.76,600,80,0
2026.03.22 11:40:00,111209.71,111209.71,111179.76,111179.76,600,80,0
2026.03.22 11:30:00,111239.71,111239.71,111209.76,111209.76,600,80,0
2026.03.22 11:20:00,111231.44,111265.71,111227.49,111239.76,600,80,0
2026.03.22 11:10:00,111222.66,111259.74,111221.01,111231.49,600,80,0
2026.03.22 11:00:00,111223.24,111235.76,111206.39,111222.71,600,80,0
2026.03.22 10:50:00,111253.24,111253.24,111223.29,111223.29,600,80,0
2026.03.22 10:40:00,111244.63,111253.99,111215.43,111253.29,600,80,0
2026.03.22 10:30:00,111230.72,111267.03,111223.17,111244.68,600,80,0
2026.03.22 10:20:00,111260.72,111260.72,111230.77,111230.77,600,80,0
2026.03.22 10:10:00,111238.48,111269.37,111227.63,111260.77,600,80,0
2026.03.22 10:00:00,111209.60,111250.33,111196.70,111238.53,600,80,0
2026.03.22 09:50:00,111209.47,111218.20,111188.12,111209.65,600,80,0
2026.03.22 09:40:00,111239.47,111239.47,111209.52,111209.52,593,80,0
2026.03.22 09:30:00,111269.47,111269.47,111239.52,111239.52,600,80,0
2026.03.22 09:20:00,111253.36,111282.12,111252.71,111269.52,600,80,0
2026.03.22 09:10:00,111283.36,111283.36,111253.41,111253.41,600,80,0
2026.03.22 09:00:00,111313.36,111313.36,111283.41,111283.41,600,80,0
2026.03.22 08:50:00,111308.64,111341.16,111306.49,111313.41,600,80,0
2026.03.22 08:40:00,111303.38,111311.24,111276.03,111308.69,600,80,0
2026.03.22 08:30:00,111293.96,111307.18,111267.81,111303.43,600,80,0
2026.03.22 08:20:00,111237.15,111305.71,111236.85,111294.01,600,80,0
2026.03.22 08:10:00,111236.18,111248.55,111217.63,111237.20,600,80,0
2026.03.22 08:00:00,111266.18,111266.18,111236.23,111236.23,600,80,0
2026.03.22 07:50:00,111245.30,111272.68,111222.65,111266.23,534,80,0
2026.03.22 07:40:00,111275.30,111275.30,111245.35,111245.35,600,80,0
2026.03.22 07:30:00,111235.01,111289.35,111234.91,111275.35,600,80,0
2026.03.22 07:20:00,111197.10,111238.46,111181.05,111235.06,600,80,0
2026.03.22 07:10:00,111227.10,111227.10,111197.15,111197.15,600,80,0
2026.03.22 07:00:00,111205.79,111235.35,111191.84,111227.15,600,80,0
2026.03.22 06:40:00,111205.20,111232.04,111201.50,111205.84,600,80,0
2026.03.22 06:30:00,111235.20,111235.20,111205.25,111205.25,600,80,0
2026.03.22 06:20:00,111198.79,111236.30,111185.99,111235.25,600,80,0
2026.03.22 06:10:00,111209.22,111227.64,111198.84,111198.84,600,80,0
2026.03.22 06:00:00,111195.34,111211.07,111171.74,111209.27,600,80,0
2026.03.22 05:50:00,111151.40,111202.19,111138.00,111195.39,600,80,0
2026.03.22 05:40:00,111181.40,111181.40,111151.45,111151.45,600,80,0
2026.03.22 05:30:00,111211.40,111211.40,111181.45,111181.45,600,80,0
2026.03.22 05:20:00,111241.40,111241.40,111211.45,111211.45,600,80,0
2026.03.22 05:10:00,111238.09,111267.90,111234.64,111241.45,600,80,0
2026.03.22 05:00:00,111251.21,111251.21,111221.46,111238.14,600,80,0
2026.03.22 04:50:00,111281.21,111281.21,111251.26,111251.26,600,80,0
2026.03.22 04:40:00,111311.21,111311.21,111281.26,111281.26,600,80,0
2026.03.22 04:30:00,111341.21,111341.21,111311.26,111311.26,600,80,0
2026.03.22 04:20:00,111339.06,111341.26,111309.16,111341.26,600,80,0
2026.03.22 04:10:00,111369.06,111369.06,111339.11,111339.11,600,80,0
2026.03.22 04:00:00,111341.91,111372.66,111315.56,111369.11,600,80,0
2026.03.22 03:50:00,111286.83,111363.91,111284.38,111341.96,600,80,0
2026.03.22 03:40:00,111210.03,111287.83,111194.73,111286.88,600,80,0
2026.03.22 03:30:00,111218.05,111218.05,111190.00,111210.08,600,80,0
2026.03.22 03:20:00,111248.05,111248.05,111218.10,111218.10,600,80,0
2026.03.22 03:10:00,111237.99,111248.40,111208.39,111248.10,600,80,0
2026.03.22 03:00:00,111244.82,111258.29,111235.17,111238.04,600,80,0
2026.03.22 02:50:00,111274.82,111274.82,111244.87,111244.87,600,80,0
2026.03.22 02:40:00,111263.89,111300.97,111260.09,111274.87,600,80,0
2026.03.22 02:30:00,111277.45,111277.45,111260.65,111263.94,600,80,0
2026.03.22 02:20:00,111307.45,111307.45,111277.50,111277.50,600,80,0
2026.03.22 02:10:00,111337.45,111337.45,111307.50,111307.50,600,80,0
2026.03.22 02:00:00,111367.45,111367.45,111337.50,111337.50,600,80,0
2026.03.22 01:50:00,111397.45,111397.45,111367.50,111367.50,600,80,0
2026.03.22 01:40:00,111401.20,111420.65,111394.45,111397.50,600,80,0
2026.03.22 01:30:00,111431.20,111431.20,111401.25,111401.25,600,80,0
2026.03.22 01:20:00,111461.20,111461.20,111431.25,111431.25,600,80,0
2026.03.22 01:10:00,111491.20,111491.20,111461.25,111461.25,600,80,0
2026.03.22 01:00:00,111521.20,111521.20,111491.25,111491.25,600,80,0
2026.03.22 00:50:00,111551.20,111551.20,111521.25,111521.25,600,80,0
2026.03.22 00:40:00,111581.20,111581.20,111551.25,111551.25,600,80,0
2026.03.22 00:30:00,111593.74,111593.74,111569.89,111581.25,600,80,0
2026.03.22 00:20:00,111623.74,111623.74,111593.79,111593.79,600,80,0
2026.03.22 00:10:00,111612.42,111643.09,111601.82,111623.79,600,80,0
2026.03.22 00:00:00,111642.42,111642.42,111612.47,111612.47,600,80,0
2026.03.21 23:50:00,111656.85,111656.85,111641.30,111642.47,600,80,0
2026.03.21 23:40:00,111686.85,111686.85,111656.90,111656.90,600,80,0
2026.03.21 23:30:00,111716.85,111716.85,111686.90,111686.90,600,80,0
2026.03.21 23:20:00,111670.94,111727.95,111654.04,111716.90,600,80,0
2026.03.21 23:10:00,111672.17,111672.64,111643.92,111670.99,600,80,0
2026.03.21 23:00:00,111702.17,111702.17,111672.22,111672.22,600,80,0
2026.03.21 22:50:00,111684.58,111708.77,111662.33,111702.22,600,80,0
2026.03.21 22:40:00,111714.58,111714.58,111684.63,111684.63,600,80,0
2026.03.21 22:30:00,111685.72,111721.15,111684.42,111714.63,600,80,0
2026.03.21 22:20:00,111678.48,111686.02,111649.18,111685.77,600,80,0
2026.03.21 22:10:00,111624.07,111679.93,111621.12,111678.53,600,80,0
2026.03.21 22:00:00,111654.07,111654.07,111624.12,111624.12,600,80,0
2026.03.21 21:50:00,111600.52,111656.92,111587.97,111654.12,600,80,0
2026.03.21 21:40:00,111615.47,111623.62,111600.57,111600.57,600,80,0
2026.03.21 21:30:00,111604.42,111622.82,111581.82,111615.52,600,80,0
2026.03.21 21:20:00,111560.72,111606.32,111549.32,111604.47,600,80,0
2026.03.21 21:10:00,111590.72,111590.72,111560.77,111560.77,600,80,0
2026.03.21 21:00:00,111528.65,111602.77,111518.50,111590.77,600,80,0
2026.03.21 20:50:00,111558.65,111558.65,111528.70,111528.70,600,80,0
2026.03.21 20:40:00,111588.65,111588.65,111558.70,111558.70,600,80,0
2026.03.21 20:30:00,111618.65,111618.65,111588.70,111588.70,600,80,0
2026.03.21 20:20:00,111613.78,111640.75,111605.93,111618.70,600,80,0
2026.03.21 20:10:00,111643.78,111643.78,111613.83,111613.83,600,80,0
2026.03.21 20:00:00,111673.78,111673.78,111643.83,111643.83,600,80,0
2026.03.21 19:50:00,111655.77,111685.23,111640.37,111673.83,600,80,0
2026.03.21 19:40:00,111634.89,111659.67,111625.19,111655.82,600,80,0
2026.03.21 19:30:00,111579.27,111660.14,111577.17,111634.94,600,80,0
2026.03.21 19:20:00,111549.44,111584.77,111524.99,111579.32,600,80,0
2026.03.21 19:10:00,111506.89,111556.04,111503.54,111549.49,600,80,0
2026.03.21 19:00:00,111473.45,111523.19,111466.85,111506.94,600,80,0
2026.03.21 18:50:00,111503.45,111503.45,111473.50,111473.50,600,80,0
2026.03.21 18:40:00,111498.04,111522.95,111487.59,111503.50,600,80,0
2026.03.21 18:30:00,111496.89,111523.19,111492.09,111498.09,600,80,0
2026.03.21 18:20:00,111526.89,111526.89,111496.94,111496.94,600,80,0
2026.03.21 18:10:00,111522.31,111544.99,111510.46,111526.94,600,80,0
2026.03.21 18:00:00,111515.70,111527.51,111490.95,111522.36,600,80,0
2026.03.21 17:50:00,111545.70,111545.70,111515.75,111515.75,600,80,0
2026.03.21 17:40:00,111555.64,111573.65,111545.75,111545.75,600,80,0
2026.03.21 17:30:00,111540.45,111572.79,111530.00,111555.69,600,80,0
2026.03.21 17:20:00,111553.83,111553.83,111533.88,111540.50,600,80,0
2026.03.21 17:10:00,111583.83,111583.83,111553.88,111553.88,600,80,0
2026.03.21 17:00:00,111540.89,111603.63,111535.09,111583.88,600,80,0
2026.03.21 16:50:00,111528.23,111556.74,111514.13,111540.94,600,80,0
2026.03.21 16:40:00,111558.23,111558.23,111528.28,111528.28,600,80,0
2026.03.21 16:30:00,111588.23,111588.23,111558.28,111558.28,600,80,0
2026.03.21 16:20:00,111591.84,111606.23,111579.89,111588.28,600,80,0
2026.03.21 16:10:00,111621.84,111621.84,111591.89,111591.89,600,80,0
2026.03.21 16:00:00,111651.84,111651.84,111621.89,111621.89,600,80,0
2026.03.21 15:50:00,111681.84,111681.84,111651.89,111651.89,600,80,0
2026.03.21 15:40:00,111711.84,111711.84,111681.89,111681.89,600,80,0
2026.03.21 15:30:00,111708.57,111729.09,111695.87,111711.89,600,80,0
2026.03.21 15:20:00,111718.40,111718.40,111696.75,111708.62,600,80,0
2026.03.21 15:10:00,111693.00,111728.35,111688.05,111718.45,600,80,0
2026.03.21 15:00:00,111723.00,111723.00,111693.05,111693.05,600,80,0
2026.03.21 14:50:00,111698.31,111726.75,111673.71,111723.05,600,80,0
2026.03.21 14:40:00,111728.31,111728.31,111698.36,111698.36,600,80,0
2026.03.21 14:30:00,111758.31,111758.31,111728.36,111728.36,600,80,0
2026.03.21 14:20:00,111788.31,111788.31,111758.36,111758.36,600,80,0
2026.03.21 14:10:00,111794.57,111794.61,111770.92,111788.36,600,80,0
2026.03.21 14:00:00,111789.56,111811.37,111776.41,111794.62,600,80,0
2026.03.21 13:50:00,111790.75,111796.76,111768.00,111789.61,600,80,0
2026.03.21 13:40:00,111783.50,111798.35,111761.15,111790.80,600,80,0
2026.03.21 13:30:00,111813.50,111813.50,111783.55,111783.55,600,80,0
2026.03.21 13:20:00,111843.50,111843.50,111813.55,111813.55,600,80,0
2026.03.21 13:10:00,111798.77,111869.20,111797.87,111843.55,600,80,0
2026.03.21 13:00:00,111828.77,111828.77,111798.82,111798.82,600,80,0
2026.03.21 12:50:00,111828.35,111833.62,111803.25,111828.82,600,80,0
2026.03.21 12:40:00,111832.76,111839.35,111813.81,111828.40,600,80,0
2026.03.21 12:30:00,111838.26,111854.61,111830.16,111832.81,600,80,0
2026.03.21 12:20:00,111814.60,111857.81,111804.20,111838.31,600,80,0
2026.03.21 12:10:00,111823.70,111823.70,111795.05,111814.65,600,80,0
2026.03.21 12:00:00,111754.46,111834.75,111738.41,111823.75,600,80,0
2026.03.21 11:50:00,111765.52,111765.52,111736.57,111754.51,600,80,0
2026.03.21 11:40:00,111795.52,111795.52,111765.57,111765.57,600,80,0
2026.03.21 11:30:00,111799.84,111807.12,111781.49,111795.57,600,80,0
2026.03.21 11:20:00,111829.84,111829.84,111799.89,111799.89,600,80,0
2026.03.21 11:10:00,111838.90,111838.90,111817.55,111829.89,600,80,0
2026.03.21 11:00:00,111843.84,111866.30,111838.95,111838.95,600,80,0
2026.03.21 10:50:00,111873.84,111873.84,111843.89,111843.89,600,80,0
2026.03.21 10:40:00,111879.84,111882.84,111858.89,111873.89,600,80,0
2026.03.21 10:30:00,111817.47,111888.04,111807.37,111879.89,600,80,0
2026.03.21 10:20:00,111753.46,111821.52,111747.77,111817.52,600,80,0
2026.03.21 10:10:00,111751.03,111777.56,111745.18,111753.51,600,80,0
2026.03.21 10:00:00,111744.36,111765.48,111733.31,111751.08,600,80,0
2026.03.21 09:50:00,111721.13,111770.11,111716.93,111744.41,600,80,0
2026.03.21 09:40:00,111726.62,111738.83,111714.37,111721.18,600,80,0
2026.03.21 09:30:00,111714.36,111739.52,111697.31,111726.67,600,80,0
2026.03.21 09:20:00,111715.18,111736.86,111707.73,111714.41,600,80,0
2026.03.21 09:10:00,111702.33,111716.88,111674.08,111715.23,600,80,0
2026.03.21 09:00:00,111697.01,111705.73,111670.46,111702.38,600,80,0
2026.03.21 08:50:00,111704.02,111704.02,111676.52,111697.06,600,80,0
2026.03.21 08:40:00,111675.76,111715.57,111662.21,111704.07,600,80,0
2026.03.21 08:30:00,111636.28,111695.71,111627.68,111675.81,600,80,0
2026.03.21 08:20:00,111666.28,111666.28,111636.33,111636.33,600,80,0
2026.03.21 08:10:00,111563.88,111668.98,111550.83,111666.33,600,80,0
2026.03.21 08:00:00,111593.88,111593.88,111563.93,111563.93,600,80,0
2026.03.21 07:50:00,111517.30,111603.68,111507.20,111593.93,600,80,0
2026.03.21 07:40:00,111507.93,111524.70,111485.38,111517.35,600,80,0
2026.03.21 07:30:00,111537.93,111537.93,111507.98,111507.98,600,80,0
2026.03.21 07:20:00,111535.39,111556.83,111524.34,111537.98,600,80,0
2026.03.21 07:10:00,111565.39,111565.39,111535.44,111535.44,600,80,0
2026.03.21 07:00:00,111595.39,111595.39,111565.44,111565.44,600,80,0
2026.03.21 06:50:00,111625.39,111625.39,111595.44,111595.44,600,80,0
2026.03.21 06:40:00,111620.81,111648.04,111613.51,111625.44,600,80,0
2026.03.21 06:30:00,111628.37,111642.91,111620.52,111620.86,600,80,0
2026.03.21 06:20:00,111658.37,111658.37,111628.42,111628.42,600,80,0
2026.03.21 06:10:00,111688.37,111688.37,111658.42,111658.42,600,80,0
2026.03.21 06:00:00,111631.14,111691.77,111627.79,111688.42,600,80,0
2026.03.21 05:50:00,111643.90,111656.89,111631.19,111631.19,600,80,0
2026.03.21 05:40:00,111673.90,111673.90,111643.95,111643.95,600,80,0
2026.03.21 05:30:00,111678.00,111678.00,111651.95,111673.95,600,80,0
2026.03.21 05:20:00,111622.55,111678.65,111620.30,111678.05,600,80,0
2026.03.21 05:10:00,111576.46,111624.30,111571.51,111622.60,600,80,0
2026.03.21 05:00:00,111606.46,111606.46,111576.51,111576.51,600,80,0
2026.03.21 04:50:00,111636.46,111636.46,111606.51,111606.51,600,80,0
2026.03.21 04:40:00,111666.46,111666.46,111636.51,111636.51,600,80,0
2026.03.21 04:30:00,111653.22,111692.01,111648.82,111666.51,600,80,0
2026.03.21 04:20:00,111655.38,111677.32,111649.53,111653.27,600,80,0
2026.03.21 04:10:00,111638.30,111667.68,111620.65,111655.43,600,80,0
2026.03.21 04:00:00,111646.53,111657.05,111635.33,111638.35,600,80,0
2026.03.21 03:50:00,111647.25,111652.88,111623.65,111646.58,600,80,0
2026.03.21 03:40:00,111677.25,111677.25,111647.30,111647.30,600,80,0
2026.03.21 03:30:00,111677.39,111682.65,111652.84,111677.30,600,80,0
2026.03.21 03:20:00,111707.39,111707.39,111677.44,111677.44,600,80,0
2026.03.21 03:10:00,111737.39,111737.39,111707.44,111707.44,600,80,0
2026.03.21 03:00:00,111747.96,111747.96,111721.91,111737.44,600,80,0
2026.03.21 02:50:00,111761.78,111761.86,111745.73,111748.01,600,80,0
2026.03.21 02:40:00,111766.77,111790.63,111761.83,111761.83,600,80,0
2026.03.21 02:30:00,111796.77,111796.77,111766.82,111766.82,600,80,0
2026.03.21 02:20:00,111804.81,111821.97,111796.82,111796.82,600,80,0
2026.03.21 02:10:00,111834.81,111834.81,111804.86,111804.86,600,80,0
2026.03.21 02:00:00,111786.54,111838.61,111763.44,111834.86,600,80,0
2026.03.21 01:50:00,111777.41,111812.09,111773.01,111786.59,600,80,0
2026.03.21 01:40:00,111747.83,111792.66,111743.73,111777.46,600,80,0
2026.03.21 01:30:00,111751.99,111760.03,111734.24,111747.88,600,80,0
2026.03.21 01:20:00,111673.54,111757.34,111668.84,111752.04,600,80,0
2026.03.21 01:10:00,111703.54,111703.54,111673.59,111673.59,600,80,0
2026.03.21 01:00:00,111733.54,111733.54,111703.59,111703.59,600,80,0
2026.03.21 00:50:00,111735.85,111745.34,111717.70,111733.59,600,80,0
2026.03.21 00:40:00,111748.58,111748.58,111725.78,111735.90,600,80,0
2026.03.21 00:30:00,111645.57,111751.78,111641.77,111748.63,600,80,0
2026.03.21 00:20:00,111675.57,111675.57,111645.62,111645.62,600,80,0
2026.03.21 00:10:00,111679.95,111690.02,111664.45,111675.62,600,80,0
2026.03.21 00:00:00,111685.97,111698.50,111674.57,111680.00,600,80,0
2026.03.20 23:50:00,111636.89,111694.22,111626.44,111686.02,600,80,0
2026.03.20 23:40:00,111666.89,111666.89,111636.94,111636.94,600,80,0
2026.03.20 23:30:00,111696.89,111696.89,111666.94,111666.94,600,80,0
2026.03.20 23:20:00,111569.36,111700.99,111569.36,111696.94,600,80,0
2026.03.20 23:10:00,111583.33,111583.33,111562.53,111569.41,600,80,0
2026.03.20 23:00:00,111590.00,111610.43,111583.38,111583.38,600,80,0
2026.03.20 22:50:00,111620.00,111620.00,111590.05,111590.05,600,80,0
2026.03.20 22:40:00,111579.73,111630.65,111568.78,111620.05,600,80,0
2026.03.20 22:30:00,111585.71,111585.71,111559.76,111579.78,600,80,0
2026.03.20 22:20:00,111615.71,111615.71,111585.76,111585.76,600,80,0
2026.03.20 22:10:00,111600.53,111631.26,111586.13,111615.76,600,80,0
2026.03.20 22:00:00,111630.53,111630.53,111600.58,111600.58,600,80,0
2026.03.20 21:50:00,111660.53,111660.53,111630.58,111630.58,600,80,0
2026.03.20 21:40:00,111634.07,111667.48,111627.07,111660.58,600,80,0
2026.03.20 21:30:00,111634.73,111660.97,111631.68,111634.12,600,80,0
2026.03.20 21:20:00,111630.26,111640.33,111605.91,111634.78,600,80,0
2026.03.20 21:10:00,111564.20,111640.31,111560.85,111630.31,600,80,0
2026.03.20 21:00:00,111567.14,111581.25,111554.24,111564.25,600,80,0
2026.03.20 20:50:00,111597.14,111597.14,111567.19,111567.19,600,80,0
2026.03.20 20:40:00,111603.80,111606.99,111583.70,111597.19,600,80,0
2026.03.20 20:30:00,111561.78,111607.94,111557.03,111603.85,600,80,0
2026.03.20 20:20:00,111546.96,111578.38,111533.61,111561.83,600,80,0
2026.03.20 20:10:00,111548.71,111561.86,111533.66,111547.01,600,80,0
2026.03.20 20:00:00,111578.71,111578.71,111548.76,111548.76,600,80,0
2026.03.20 19:50:00,111608.71,111608.71,111578.76,111578.76,600,80,0
2026.03.20 19:40:00,111614.79,111614.79,111587.59,111608.76,600,80,0
2026.03.20 19:30:00,111602.45,111633.74,111591.45,111614.84,600,80,0
2026.03.20 19:20:00,111612.01,111617.75,111597.36,111602.50,600,80,0
2026.03.20 19:10:00,111586.65,111615.41,111561.30,111612.06,600,80,0
2026.03.20 19:00:00,111599.17,111602.40,111584.97,111586.70,600,80,0
2026.03.20 18:50:00,111491.96,111617.47,111490.06,111599.22,600,80,0
2026.03.20 18:40:00,111451.38,111505.61,111437.48,111492.01,600,80,0
2026.03.20 18:30:00,111413.62,111461.98,111409.52,111451.43,600,80,0
2026.03.20 18:20:00,111443.62,111443.62,111413.67,111413.67,600,80,0
2026.03.20 18:10:00,111440.04,111460.62,111427.09,111443.67,600,80,0
2026.03.20 18:00:00,111433.21,111446.39,111409.61,111440.09,600,80,0
2026.03.20 17:50:00,111435.36,111442.51,111414.71,111433.26,600,80,0
2026.03.20 17:40:00,111433.57,111450.11,111418.37,111435.41,600,80,0
2026.03.20 17:30:00,111463.57,111463.57,111433.62,111433.62,600,80,0
2026.03.20 17:20:00,111431.24,111468.32,111406.04,111463.62,600,80,0
2026.03.20 17:10:00,111423.57,111453.24,111415.62,111431.29,600,80,0
2026.03.20 17:00:00,111401.96,111447.52,111395.96,111423.62,600,80,0
2026.03.20 16:50:00,111412.51,111424.71,111402.01,111402.01,600,80,0
2026.03.20 16:40:00,111442.51,111442.51,111412.56,111412.56,600,80,0
2026.03.20 16:30:00,111472.51,111472.51,111442.56,111442.56,600,80,0
2026.03.20 16:20:00,111502.51,111502.51,111472.56,111472.56,600,80,0
2026.03.20 16:10:00,111532.51,111532.51,111502.56,111502.56,600,80,0
2026.03.20 16:00:00,111509.13,111545.11,111496.23,111532.56,600,80,0
2026.03.20 15:50:00,111539.13,111539.13,111509.18,111509.18,600,80,0
2026.03.20 15:40:00,111569.13,111569.13,111539.18,111539.18,600,80,0
2026.03.20 15:30:00,111599.13,111599.13,111569.18,111569.18,600,80,0
2026.03.20 15:20:00,111629.13,111629.13,111599.18,111599.18,600,80,0
2026.03.20 15:10:00,111634.12,111642.28,111617.32,111629.18,600,80,0
2026.03.20 15:00:00,111633.71,111656.02,111625.66,111634.17,600,80,0
2026.03.20 14:50:00,111568.40,111642.76,111560.40,111633.76,600,80,0
2026.03.20 14:40:00,111548.69,111584.75,111542.89,111568.45,600,80,0
2026.03.20 14:30:00,111521.32,111551.39,111511.17,111548.74,600,80,0
2026.03.20 14:20:00,111511.16,111550.72,111510.61,111521.37,600,80,0
2026.03.20 14:10:00,111541.16,111541.16,111511.21,111511.21,600,80,0
2026.03.20 14:00:00,111571.16,111571.16,111541.21,111541.21,600,80,0
2026.03.20 13:50:00,111570.38,111580.66,111549.93,111571.21,600,80,0
2026.03.20 13:40:00,111567.95,111588.08,111555.70,111570.43,600,80,0
2026.03.20 13:30:00,111597.95,111597.95,111568.00,111568.00,600,80,0
2026.03.20 13:20:00,111603.82,111610.60,111586.52,111598.00,600,80,0
2026.03.20 13:10:00,111595.19,111606.17,111568.39,111603.87,600,80,0
2026.03.20 13:00:00,111577.92,111610.59,111563.37,111595.24,600,80,0
2026.03.20 12:50:00,111551.24,111587.02,111533.09,111577.97,600,80,0
2026.03.20 12:40:00,111581.24,111581.24,111551.29,111551.29,600,80,0
2026.03.20 12:30:00,111595.59,111607.84,111581.29,111581.29,600,80,0
2026.03.20 12:20:00,111503.49,111604.49,111495.54,111595.64,600,80,0
2026.03.20 12:10:00,111533.49,111533.49,111503.54,111503.54,600,80,0
2026.03.20 12:00:00,111545.12,111545.19,111526.87,111533.54,600,80,0
2026.03.20 11:50:00,111548.72,111573.67,111545.17,111545.17,600,80,0
2026.03.20 11:40:00,111578.72,111578.72,111548.77,111548.77,600,80,0
2026.03.20 11:30:00,111593.66,111593.66,111566.21,111578.77,600,80,0
2026.03.20 11:20:00,111596.55,111596.55,111567.95,111593.71,600,80,0
2026.03.20 11:10:00,111594.86,111618.55,111586.91,111596.60,600,80,0
2026.03.20 11:00:00,111557.97,111604.71,111538.82,111594.91,600,80,0
2026.03.20 10:50:00,111542.50,111576.72,111535.75,111558.02,600,80,0
2026.03.20 10:40:00,111572.50,111572.50,111542.55,111542.55,600,80,0
2026.03.20 10:30:00,111602.50,111602.50,111572.55,111572.55,600,80,0
2026.03.20 10:20:00,111632.50,111632.50,111602.55,111602.55,600,80,0
2026.03.20 10:10:00,111662.50,111662.50,111632.55,111632.55,600,80,0
2026.03.20 10:00:00,111676.29,111676.29,111655.94,111662.55,600,80,0
2026.03.20 09:50:00,111689.97,111689.97,111664.87,111676.34,600,80,0
2026.03.20 09:40:00,111677.39,111697.62,111655.09,111690.02,600,80,0
2026.03.20 09:30:00,111633.43,111680.54,111607.68,111677.44,600,80,0
2026.03.20 09:20:00,111636.18,111653.33,111626.13,111633.48,600,80,0
2026.03.20 09:10:00,111666.18,111666.18,111636.23,111636.23,600,80,0
2026.03.20 09:00:00,111678.09,111691.23,111666.23,111666.23,600,80,0
2026.03.20 08:50:00,111663.53,111700.44,111655.93,111678.14,600,80,0
2026.03.20 08:40:00,111666.80,111673.73,111647.05,111663.58,600,80,0
2026.03.20 08:30:00,111567.70,111672.75,111561.35,111666.85,600,80,0
2026.03.20 08:20:00,111551.19,111575.20,111541.54,111567.75,600,80,0
2026.03.20 08:10:00,111514.31,111556.44,111497.26,111551.24,600,80,0
2026.03.20 08:00:00,111479.16,111525.66,111470.26,111514.36,600,80,0
2026.03.20 07:50:00,111443.74,111491.66,111439.09,111479.21,600,80,0
2026.03.20 07:40:00,111473.74,111473.74,111443.79,111443.79,600,80,0
2026.03.20 07:30:00,111503.74,111503.74,111473.79,111473.79,600,80,0
2026.03.20 07:20:00,111533.74,111533.74,111503.79,111503.79,600,80,0
2026.03.20 07:10:00,111541.48,111549.19,111526.98,111533.79,600,80,0
2026.03.20 07:00:00,111571.48,111571.48,111541.53,111541.53,600,80,0
2026.03.20 06:50:00,111601.48,111601.48,111571.53,111571.53,600,80,0
2026.03.20 06:40:00,111596.40,111610.83,111588.10,111601.53,600,80,0
2026.03.20 06:30:00,111528.76,111620.50,111526.26,111596.45,600,80,0
2026.03.20 06:20:00,111558.76,111558.76,111528.81,111528.81,600,80,0
2026.03.20 06:10:00,111513.03,111563.46,111503.13,111558.81,600,80,0
2026.03.20 06:00:00,111527.41,111538.53,111513.08,111513.08,600,80,0
2026.03.20 05:50:00,111513.06,111543.16,111498.86,111527.46,600,80,0
2026.03.20 05:40:00,111396.54,111529.21,111394.94,111513.11,600,80,0
2026.03.20 05:30:00,111426.54,111426.54,111396.59,111396.59,600,80,0
2026.03.20 05:20:00,111456.54,111456.54,111426.59,111426.59,600,80,0
2026.03.20 05:10:00,111376.53,111457.09,111357.58,111456.59,600,80,0
2026.03.20 05:00:00,111406.53,111406.53,111376.58,111376.58,600,80,0
2026.03.20 04:50:00,111389.97,111426.33,111383.12,111406.58,600,80,0
2026.03.20 04:40:00,111419.97,111419.97,111390.02,111390.02,600,80,0
2026.03.20 04:30:00,111449.97,111449.97,111420.02,111420.02,600,80,0
2026.03.20 04:20:00,111447.96,111460.17,111428.21,111450.02,600,80,0
2026.03.20 04:10:00,111477.96,111477.96,111448.01,111448.01,600,80,0
2026.03.20 04:00:00,111449.35,111492.81,111440.70,111478.01,600,80,0
2026.03.20 03:50:00,111431.76,111458.45,111416.06,111449.40,600,80,0
2026.03.20 03:40:00,111401.80,111439.41,111383.45,111431.81,600,80,0
2026.03.20 03:30:00,111399.94,111429.65,111397.84,111401.85,600,80,0
2026.03.20 03:20:00,111429.94,111429.94,111399.99,111399.99,600,80,0
2026.03.20 03:10:00,111380.26,111439.89,111376.66,111429.99,600,80,0
2026.03.20 03:00:00,111410.26,111410.26,111380.31,111380.31,600,80,0
2026.03.20 02:50:00,111407.96,111427.51,111395.26,111410.31,600,80,0
2026.03.20 02:40:00,111437.96,111437.96,111408.01,111408.01,600,80,0
2026.03.20 02:30:00,111418.79,111459.36,111410.24,111438.01,600,80,0
2026.03.20 02:20:00,111382.30,111423.99,111365.40,111418.84,600,80,0
2026.03.20 02:10:00,111412.30,111412.30,111382.35,111382.35,600,80,0
2026.03.20 02:00:00,111442.30,111442.30,111412.35,111412.35,600,80,0
2026.03.20 01:50:00,111446.92,111470.75,111442.35,111442.35,600,80,0
2026.03.20 01:40:00,111420.36,111457.67,111415.71,111446.97,600,80,0
2026.03.20 01:30:00,111450.36,111450.36,111420.41,111420.41,600,80,0
2026.03.20 01:20:00,111480.36,111480.36,111450.41,111450.41,600,80,0
2026.03.20 01:10:00,111483.96,111504.16,111477.81,111480.41,600,80,0
2026.03.20 01:00:00,111513.96,111513.96,111484.01,111484.01,600,80,0
2026.03.20 00:50:00,111439.50,111515.51,111437.50,111514.01,600,80,0
2026.03.20 00:40:00,111443.21,111464.65,111438.41,111439.55,600,80,0
2026.03.20 00:30:00,111447.73,111449.36,111423.93,111443.26,600,80,0
2026.03.20 00:20:00,111449.96,111461.28,111433.56,111447.78,600,80,0
2026.03.20 00:10:00,111409.95,111454.31,111394.55,111450.01,600,80,0
2026.03.20 00:00:00,111327.47,111420.15,111319.92,111410.00,600,80,0
2026.03.19 23:50:00,111330.63,111352.82,111326.03,111327.52,600,80,0
2026.03.19 23:40:00,111324.89,111346.43,111310.74,111330.68,600,80,0
2026.03.19 23:30:00,111327.56,111330.69,111303.41,111324.94,600,80,0
2026.03.19 23:20:00,111357.56,111357.56,111327.61,111327.61,600,80,0
2026.03.19 23:10:00,111387.56,111387.56,111357.61,111357.61,600,80,0
2026.03.19 23:00:00,111384.61,111399.01,111374.01,111387.61,600,80,0
2026.03.19 22:50:00,111379.06,111397.81,111362.31,111384.66,600,80,0
2026.03.19 22:40:00,111389.50,111389.50,111366.65,111379.11,600,80,0
2026.03.19 22:30:00,111351.25,111393.45,111346.65,111389.55,600,80,0
2026.03.19 22:20:00,111381.25,111381.25,111351.30,111351.30,600,80,0
2026.03.19 22:10:00,111411.25,111411.25,111381.30,111381.30,600,80,0
2026.03.19 22:00:00,111420.75,111435.20,111411.30,111411.30,600,80,0
2026.03.19 21:50:00,111403.78,111422.60,111375.68,111420.80,600,80,0
2026.03.19 21:40:00,111418.46,111418.46,111391.01,111403.83,600,80,0
2026.03.19 21:30:00,111448.46,111448.46,111418.51,111418.51,600,80,0
2026.03.19 21:20:00,111410.66,111449.71,111401.15,111448.51,600,80,0
2026.03.19 21:10:00,111440.66,111440.66,111410.71,111410.71,600,80,0
2026.03.19 21:00:00,111399.72,111446.11,111377.22,111440.71,600,80,0
2026.03.19 20:50:00,111429.72,111429.72,111399.77,111399.77,600,80,0
2026.03.19 20:40:00,111443.19,111443.19,111418.49,111429.77,600,80,0
2026.03.19 20:30:00,111386.39,111444.99,111386.24,111443.24,600,80,0
2026.03.19 20:20:00,111400.27,111400.27,111380.57,111386.44,600,80,0
2026.03.19 20:10:00,111430.27,111430.27,111400.32,111400.32,600,80,0
2026.03.19 20:00:00,111460.27,111460.27,111430.32,111430.32,600,80,0
2026.03.19 19:50:00,111471.91,111471.91,111450.56,111460.32,600,80,0
2026.03.19 19:40:00,111430.78,111492.31,111422.63,111471.96,600,80,0
2026.03.19 19:30:00,111460.78,111460.78,111430.83,111430.83,600,80,0
2026.03.19 19:20:00,111458.62,111486.53,111454.42,111460.83,600,80,0
2026.03.19 19:10:00,111458.86,111471.62,111441.91,111458.67,600,80,0
2026.03.19 19:00:00,111458.26,111482.11,111451.56,111458.91,600,80,0
2026.03.19 18:50:00,111488.26,111488.26,111458.31,111458.31,600,80,0
2026.03.19 18:40:00,111497.89,111499.66,111479.34,111488.31,600,80,0
2026.03.19 18:30:00,111479.72,111502.44,111454.32,111497.94,600,80,0
2026.03.19 18:20:00,111509.72,111509.72,111479.77,111479.77,600,80,0
2026.03.19 18:10:00,111539.72,111539.72,111509.77,111509.77,600,80,0
2026.03.19 18:00:00,111494.77,111557.72,111492.87,111539.77,600,80,0
2026.03.19 17:50:00,111504.00,111516.27,111494.82,111494.82,600,80,0
2026.03.19 17:40:00,111534.00,111534.00,111504.05,111504.05,600,80,0
2026.03.19 17:30:00,111564.00,111564.00,111534.05,111534.05,600,80,0
2026.03.19 17:20:00,111567.41,111578.30,111551.76,111564.05,600,80,0
2026.03.19 17:10:00,111576.44,111583.21,111562.29,111567.46,600,80,0
2026.03.19 17:00:00,111606.44,111606.44,111576.49,111576.49,600,80,0
2026.03.19 16:50:00,111636.44,111636.44,111606.49,111606.49,600,80,0
2026.03.19 16:40:00,111591.77,111639.49,111576.37,111636.49,600,80,0
2026.03.19 16:30:00,111539.84,111606.72,111530.04,111591.82,600,80,0
2026.03.19 16:20:00,111569.84,111569.84,111539.89,111539.89,600,80,0
2026.03.19 16:10:00,111581.60,111591.84,111569.89,111569.89,600,80,0
2026.03.19 16:00:00,111611.60,111611.60,111581.65,111581.65,600,80,0
2026.03.19 15:50:00,111641.60,111641.60,111611.65,111611.65,600,80,0
2026.03.19 15:40:00,111653.12,111653.12,111630.42,111641.65,600,80,0
2026.03.19 15:30:00,111683.12,111683.12,111653.17,111653.17,600,80,0
2026.03.19 15:20:00,111679.15,111689.87,111655.95,111683.17,600,80,0
2026.03.19 15:10:00,111629.82,111679.30,111600.12,111679.20,600,80,0
2026.03.19 15:00:00,111628.58,111633.47,111602.28,111629.87,600,80,0
2026.03.19 14:50:00,111658.58,111658.58,111628.63,111628.63,600,80,0
2026.03.19 14:40:00,111646.98,111662.78,111621.23,111658.63,600,80,0
2026.03.19 14:30:00,111676.98,111676.98,111647.03,111647.03,600,80,0
2026.03.19 14:20:00,111706.98,111706.98,111677.03,111677.03,600,80,0
2026.03.19 14:10:00,111736.98,111736.98,111707.03,111707.03,600,80,0
2026.03.19 14:00:00,111721.56,111759.53,111714.16,111737.03,600,80,0
2026.03.19 13:50:00,111751.56,111751.56,111721.61,111721.61,600,80,0
2026.03.19 13:40:00,111781.56,111781.56,111751.61,111751.61,600,80,0
2026.03.19 13:30:00,111811.56,111811.56,111781.61,111781.61,600,80,0
2026.03.19 13:20:00,111765.76,111812.11,111747.31,111811.61,600,80,0
2026.03.19 13:10:00,111767.77,111773.41,111745.47,111765.81,600,80,0
2026.03.19 13:00:00,111797.77,111797.77,111767.82,111767.82,600,80,0
2026.03.19 12:50:00,111792.26,111798.82,111763.36,111797.82,600,80,0
2026.03.19 12:40:00,111798.76,111798.76,111769.71,111792.31,600,80,0
2026.03.19 12:30:00,111828.76,111828.76,111798.81,111798.81,600,80,0
2026.03.19 12:20:00,111841.18,111841.18,111812.18,111828.81,600,80,0
2026.03.19 12:10:00,111813.64,111847.08,111789.59,111841.23,600,80,0
2026.03.19 12:00:00,111792.45,111814.04,111765.25,111813.69,600,80,0
2026.03.19 11:50:00,111822.45,111822.45,111792.50,111792.50,600,80,0
2026.03.19 11:40:00,111774.49,111829.00,111764.89,111822.50,600,80,0
2026.03.19 11:30:00,111734.15,111776.69,111726.55,111774.54,600,80,0
2026.03.19 11:20:00,111764.15,111764.15,111734.20,111734.20,600,80,0
2026.03.19 11:10:00,111774.63,111793.55,111764.20,111764.20,600,80,0
2026.03.19 11:00:00,111804.63,111804.63,111774.68,111774.68,600,80,0
2026.03.19 10:50:00,111799.86,111812.43,111777.71,111804.68,600,80,0
2026.03.19 10:40:00,111803.06,111825.06,111798.31,111799.91,600,80,0
2026.03.19 10:30:00,111833.06,111833.06,111803.11,111803.11,600,80,0
2026.03.19 10:20:00,111863.06,111863.06,111833.11,111833.11,600,80,0
2026.03.19 10:10:00,111863.57,111893.01,111863.11,111863.11,600,80,0
2026.03.19 10:00:00,111877.35,111887.12,111863.62,111863.62,600,80,0
2026.03.19 09:50:00,111808.52,111887.95,111806.47,111877.40,600,80,0
2026.03.19 09:40:00,111838.52,111838.52,111808.57,111808.57,600,80,0
2026.03.19 09:30:00,111868.52,111868.52,111838.57,111838.57,600,80,0
2026.03.19 09:20:00,111850.04,111886.22,111837.79,111868.57,600,80,0
2026.03.19 09:10:00,111763.11,111870.84,111760.46,111850.09,600,80,0
2026.03.19 09:00:00,111758.60,111778.81,111744.35,111763.16,600,80,0
2026.03.19 08:50:00,111788.60,111788.60,111758.65,111758.65,600,80,0
2026.03.19 08:40:00,111818.60,111818.60,111788.65,111788.65,600,80,0
2026.03.19 08:30:00,111848.60,111848.60,111818.65,111818.65,600,80,0
2026.03.19 08:20:00,111812.38,111851.60,111786.28,111848.65,600,80,0
2026.03.19 08:10:00,111795.41,111814.38,111767.46,111812.43,600,80,0
2026.03.19 08:00:00,111738.13,111803.71,111731.38,111795.46,600,80,0
2026.03.19 07:50:00,111658.20,111738.63,111646.75,111738.18,600,80,0
2026.03.19 07:40:00,111688.20,111688.20,111658.25,111658.25,600,80,0
2026.03.19 07:30:00,111678.43,111697.05,111669.53,111688.25,600,80,0
2026.03.19 07:20:00,111708.43,111708.43,111678.48,111678.48,600,80,0
2026.03.19 07:10:00,111701.79,111715.38,111678.79,111708.48,600,80,0
2026.03.19 07:00:00,111607.75,111704.14,111588.55,111701.84,600,80,0
2026.03.19 06:50:00,111637.75,111637.75,111607.80,111607.80,600,80,0
2026.03.19 06:40:00,111638.81,111651.80,111622.91,111637.80,600,80,0
2026.03.19 06:30:00,111628.52,111656.76,111616.52,111638.86,600,80,0
2026.03.19 06:20:00,111637.52,111637.52,111613.52,111628.57,600,80,0
2026.03.19 06:10:00,111642.27,111667.02,111637.57,111637.57,600,80,0
2026.03.19 06:00:00,111653.52,111657.52,111638.82,111642.32,600,80,0
2026.03.19 05:50:00,111616.24,111659.62,111614.74,111653.57,600,80,0
2026.03.19 05:40:00,111646.24,111646.24,111616.29,111616.29,600,80,0
2026.03.19 05:30:00,111639.97,111655.44,111619.22,111646.29,600,80,0
2026.03.19 05:20:00,111582.30,111649.02,111573.70,111640.02,600,80,0
2026.03.19 05:10:00,111612.30,111612.30,111582.35,111582.35,600,80,0
2026.03.19 05:00:00,111602.33,111614.50,111574.58,111612.35,600,80,0
2026.03.19 04:50:00,111602.80,111624.48,111595.00,111602.38,600,80,0
2026.03.19 04:40:00,111632.80,111632.80,111602.85,111602.85,600,80,0
2026.03.19 04:30:00,111637.63,111637.63,111611.53,111632.85,600,80,0
2026.03.19 04:20:00,111647.13,111662.93,111637.68,111637.68,600,80,0
2026.03.19 04:10:00,111653.60,111670.43,111646.95,111647.18,600,80,0
2026.03.19 04:00:00,111628.97,111670.40,111627.42,111653.65,600,80,0
2026.03.19 03:50:00,111607.93,111651.12,111600.13,111629.02,600,80,0
2026.03.19 03:40:00,111637.93,111637.93,111607.98,111607.98,600,80,0
2026.03.19 03:30:00,111667.93,111667.93,111637.98,111637.98,600,80,0
2026.03.19 03:20:00,111697.93,111697.93,111667.98,111667.98,600,80,0
2026.03.19 03:10:00,111668.08,111698.38,111639.73,111697.98,600,80,0
2026.03.19 03:00:00,111698.08,111698.08,111668.13,111668.13,600,80,0
2026.03.19 02:50:00,111643.97,111700.13,111621.32,111698.13,600,80,0
2026.03.19 02:40:00,111632.76,111650.07,111614.06,111644.02,600,80,0
2026.03.19 02:30:00,111662.76,111662.76,111632.81,111632.81,600,80,0
2026.03.19 02:20:00,111626.73,111681.31,111626.68,111662.81,600,80,0
2026.03.19 02:10:00,111587.22,111630.58,111577.07,111626.78,600,80,0
2026.03.19 02:00:00,111546.80,111588.22,111526.50,111587.27,600,80,0
2026.03.19 01:50:00,111576.80,111576.80,111546.85,111546.85,600,80,0
2026.03.19 01:40:00,111606.80,111606.80,111576.85,111576.85,600,80,0
2026.03.19 01:30:00,111636.80,111636.80,111606.85,111606.85,600,80,0
2026.03.19 01:20:00,111666.80,111666.80,111636.85,111636.85,600,80,0
2026.03.19 01:10:00,111696.80,111696.80,111666.85,111666.85,600,80,0
2026.03.19 01:00:00,111698.79,111725.05,111696.85,111696.85,600,80,0
2026.03.19 00:50:00,111711.76,111717.64,111698.84,111698.84,600,80,0
2026.03.19 00:40:00,111718.74,111723.81,111700.84,111711.81,600,80,0
2026.03.19 00:30:00,111707.82,111738.44,111697.57,111718.79,600,80,0
2026.03.19 00:20:00,111696.07,111732.72,111691.02,111707.87,600,80,0
2026.03.19 00:10:00,111710.38,111718.67,111696.12,111696.12,600,80,0
2026.03.19 00:00:00,111685.26,111712.98,111682.83,111710.43,600,80,0
2026.03.18 23:50:00,111715.26,111715.26,111685.31,111685.31,600,80,0
2026.03.18 23:40:00,111745.26,111745.26,111715.31,111715.31,600,80,0
2026.03.18 23:30:00,111652.26,111755.01,111646.56,111745.31,600,80,0
2026.03.18 23:20:00,111682.26,111682.26,111652.31,111652.31,600,80,0
2026.03.18 23:10:00,111638.92,111688.26,111635.92,111682.31,600,80,0
2026.03.18 23:00:00,111586.96,111642.37,111584.16,111638.97,600,80,0
2026.03.18 22:50:00,111616.96,111616.96,111587.01,111587.01,600,80,0
2026.03.18 22:40:00,111631.58,111631.58,111606.18,111617.01,600,80,0
2026.03.18 22:30:00,111504.55,111635.48,111497.75,111631.63,600,80,0
2026.03.18 22:20:00,111509.23,111515.15,111489.88,111504.60,600,80,0
2026.03.18 22:10:00,111539.23,111539.23,111509.28,111509.28,600,80,0
2026.03.18 22:00:00,111524.02,111545.38,111500.22,111539.28,600,80,0
2026.03.18 21:50:00,111538.39,111538.39,111513.24,111524.07,600,80,0
2026.03.18 21:40:00,111568.39,111568.39,111538.44,111538.44,600,80,0
2026.03.18 21:30:00,111555.94,111578.69,111538.49,111568.44,600,80,0
2026.03.18 21:20:00,111585.94,111585.94,111555.99,111555.99,600,80,0
2026.03.18 21:10:00,111615.94,111615.94,111585.99,111585.99,600,80,0
2026.03.18 21:00:00,111645.94,111645.94,111615.99,111615.99,600,80,0
2026.03.18 20:50:00,111629.77,111648.84,111602.72,111645.99,600,80,0
2026.03.18 20:40:00,111619.26,111658.82,111618.36,111629.82,600,80,0
2026.03.18 20:30:00,111630.08,111630.08,111607.28,111619.31,600,80,0
2026.03.18 20:20:00,111660.08,111660.08,111630.13,111630.13,600,80,0
2026.03.18 20:10:00,111673.00,111673.00,111652.45,111660.13,600,80,0
2026.03.18 20:00:00,111670.61,111677.20,111644.86,111673.05,600,80,0
2026.03.18 19:50:00,111664.18,111688.51,111652.13,111670.66,600,80,0
2026.03.18 19:40:00,111585.40,111669.23,111579.60,111664.23,600,80,0
2026.03.18 19:30:00,111594.05,111594.05,111567.05,111585.45,600,80,0
2026.03.18 19:20:00,111624.05,111624.05,111594.10,111594.10,600,80,0
2026.03.18 19:10:00,111585.12,111641.60,111581.12,111624.10,600,80,0
2026.03.18 19:00:00,111554.85,111613.82,111553.60,111585.17,600,80,0
2026.03.18 18:50:00,111584.85,111584.85,111554.90,111554.90,600,80,0
2026.03.18 18:40:00,111568.54,111592.00,111552.49,111584.90,600,80,0
2026.03.18 18:30:00,111512.33,111576.14,111510.58,111568.59,600,80,0
2026.03.18 18:20:00,111476.14,111518.48,111466.84,111512.38,600,80,0
2026.03.18 18:10:00,111506.14,111506.14,111476.19,111476.19,600,80,0
2026.03.18 18:00:00,111472.40,111522.94,111465.65,111506.19,600,80,0
2026.03.18 17:50:00,111502.40,111502.40,111472.45,111472.45,600,80,0
2026.03.18 17:40:00,111532.40,111532.40,111502.45,111502.45,600,80,0
2026.03.18 17:30:00,111513.36,111547.15,111510.36,111532.45,600,80,0
2026.03.18 17:20:00,111543.36,111543.36,111513.41,111513.41,600,80,0
2026.03.18 17:10:00,111525.53,111548.71,111520.03,111543.41,600,80,0
2026.03.18 17:00:00,111555.53,111555.53,111525.58,111525.58,600,80,0
2026.03.18 16:50:00,111565.45,111565.45,111540.90,111555.58,600,80,0
2026.03.18 16:40:00,111562.82,111581.55,111548.97,111565.50,600,80,0
2026.03.18 16:30:00,111592.82,111592.82,111562.87,111562.87,600,80,0
2026.03.18 16:20:00,111544.29,111603.02,111543.59,111592.87,600,80,0
2026.03.18 16:10:00,111557.48,111557.48,111527.73,111544.34,600,80,0
2026.03.18 16:00:00,111587.48,111587.48,111557.53,111557.53,600,80,0
2026.03.18 15:50:00,111595.94,111603.18,111581.69,111587.53,600,80,0
2026.03.18 15:40:00,111548.04,111599.00,111541.14,111595.99,600,80,0
2026.03.18 15:30:00,111485.92,111571.89,111484.52,111548.09,600,80,0
2026.03.18 15:20:00,111489.28,111510.02,111483.43,111485.97,600,80,0
2026.03.18 15:10:00,111519.28,111519.28,111489.33,111489.33,600,80,0
2026.03.18 15:00:00,111532.63,111532.63,111515.48,111519.33,600,80,0
2026.03.18 14:50:00,111512.22,111536.68,111504.28,111532.68,600,80,0
2026.03.18 14:40:00,111502.64,111519.27,111479.74,111512.27,600,80,0
2026.03.18 14:30:00,111510.49,111521.44,111499.34,111502.69,600,80,0
2026.03.18 14:20:00,111476.42,111511.44,111470.32,111510.54,600,80,0
2026.03.18 14:10:00,111506.42,111506.42,111476.47,111476.47,600,80,0
2026.03.18 14:00:00,111536.42,111536.42,111506.47,111506.47,600,80,0
2026.03.18 13:50:00,111543.64,111566.22,111536.47,111536.47,600,80,0
2026.03.18 13:40:00,111487.70,111558.54,111486.50,111543.69,600,80,0
2026.03.18 13:30:00,111496.20,111496.20,111469.70,111487.75,600,80,0
2026.03.18 13:20:00,111526.25,111526.25,111496.25,111496.25,601,80,0
2026.03.18 13:10:00,111556.25,111556.25,111526.30,111526.30,600,80,0
2026.03.18 13:00:00,111586.25,111586.25,111556.30,111556.30,600,80,0
2026.03.18 12:50:00,111616.25,111616.25,111586.30,111586.30,600,80,0
2026.03.18 12:40:00,111563.00,111621.05,111559.00,111616.30,600,80,0
2026.03.18 12:30:00,111574.64,111574.64,111555.94,111563.05,600,80,0
2026.03.18 12:20:00,111604.64,111604.64,111574.69,111574.69,600,80,0
2026.03.18 12:10:00,111606.75,111615.29,111587.45,111604.69,600,80,0
2026.03.18 12:00:00,111636.75,111636.75,111606.80,111606.80,600,80,0
2026.03.18 11:50:00,111594.53,111642.90,111574.88,111636.80,600,80,0
2026.03.18 11:40:00,111586.18,111598.38,111577.88,111594.58,600,80,0
2026.03.18 11:30:00,111616.18,111616.18,111586.23,111586.23,600,80,0
2026.03.18 11:20:00,111646.18,111646.18,111616.23,111616.23,600,80,0
2026.03.18 11:10:00,111659.37,111661.18,111644.42,111646.23,600,80,0
2026.03.18 11:00:00,111610.42,111669.57,111597.32,111659.42,600,80,0
2026.03.18 10:50:00,111599.95,111611.77,111571.35,111610.47,600,80,0
2026.03.18 10:40:00,111629.95,111629.95,111600.00,111600.00,600,80,0
2026.03.18 10:30:00,111552.54,111636.05,111546.94,111630.00,600,80,0
2026.03.18 10:20:00,111555.77,111555.77,111526.42,111552.59,600,80,0
2026.03.18 10:10:00,111585.77,111585.77,111555.82,111555.82,600,80,0
2026.03.18 10:00:00,111590.05,111602.87,111577.20,111585.82,600,80,0
2026.03.18 09:50:00,111620.05,111620.05,111590.10,111590.10,600,80,0
2026.03.18 09:40:00,111650.05,111650.05,111620.10,111620.10,600,80,0
2026.03.18 09:30:00,111659.97,111659.97,111637.42,111650.10,600,80,0
2026.03.18 09:20:00,111610.45,111674.27,111600.30,111660.02,600,80,0
2026.03.18 09:10:00,111618.80,111627.30,111605.70,111610.50,600,80,0
2026.03.18 09:00:00,111552.11,111630.55,111536.06,111618.85,600,80,0
2026.03.18 08:50:00,111539.47,111578.21,111535.62,111552.16,600,80,0
2026.03.18 08:40:00,111404.69,111542.22,111401.74,111539.52,600,80,0
2026.03.18 08:30:00,111339.81,111404.79,111322.51,111404.74,600,80,0
2026.03.18 08:20:00,111369.81,111369.81,111339.86,111339.86,600,80,0
2026.03.18 08:10:00,111355.90,111388.11,111351.35,111369.86,600,80,0
2026.03.18 08:00:00,111385.90,111385.90,111355.95,111355.95,600,80,0
2026.03.18 07:50:00,111415.90,111415.90,111385.95,111385.95,600,80,0
2026.03.18 07:40:00,111316.81,111425.45,111310.56,111415.95,600,80,0
2026.03.18 07:30:00,111302.29,111329.46,111284.99,111316.86,600,80,0
2026.03.18 07:20:00,111292.39,111315.94,111276.09,111302.34,600,80,0
2026.03.18 07:10:00,111301.39,111312.24,111291.29,111292.44,600,80,0
2026.03.18 07:00:00,111296.51,111323.39,111288.56,111301.44,600,80,0
2026.03.18 06:50:00,111260.57,111322.36,111256.67,111296.56,600,80,0
2026.03.18 06:40:00,111290.57,111290.57,111260.62,111260.62,600,80,0
2026.03.18 06:30:00,111283.48,111313.27,111276.23,111290.62,600,80,0
2026.03.18 06:20:00,111294.53,111303.38,111283.53,111283.53,600,80,0
2026.03.18 06:10:00,111304.09,111317.88,111294.58,111294.58,600,80,0
2026.03.18 06:00:00,111251.15,111308.94,111239.30,111304.14,600,80,0
2026.03.18 05:50:00,111281.15,111281.15,111251.20,111251.20,600,80,0
2026.03.18 05:40:00,111311.15,111311.15,111281.20,111281.20,600,80,0
2026.03.18 05:30:00,111322.82,111336.75,111311.20,111311.20,600,80,0
2026.03.18 05:20:00,111299.20,111336.57,111294.30,111322.87,600,80,0
2026.03.18 05:10:00,111304.57,111319.95,111295.37,111299.25,600,80,0
2026.03.18 05:00:00,111214.81,111307.12,111206.41,111304.62,600,80,0
2026.03.18 04:50:00,111244.81,111244.81,111214.86,111214.86,600,80,0
2026.03.18 04:40:00,111274.81,111274.81,111244.86,111244.86,600,80,0
2026.03.18 04:30:00,111304.81,111304.81,111274.86,111274.86,600,80,0
2026.03.18 04:20:00,111216.86,111311.46,111205.46,111304.86,600,80,0
2026.03.18 04:10:00,111170.22,111227.91,111164.62,111216.91,600,80,0
2026.03.18 04:00:00,111138.63,111178.97,111126.33,111170.27,600,80,0
2026.03.18 03:50:00,111113.78,111161.03,111106.23,111138.68,600,80,0
2026.03.18 03:40:00,111118.33,111129.28,111103.88,111113.83,600,80,0
2026.03.18 03:30:00,111079.09,111126.88,111069.59,111118.38,600,80,0
2026.03.18 03:20:00,111109.09,111109.09,111079.14,111079.14,600,80,0
2026.03.18 03:10:00,111139.09,111139.09,111109.14,111109.14,600,80,0
2026.03.18 03:00:00,111169.09,111169.09,111139.14,111139.14,600,80,0
2026.03.18 02:50:00,111199.09,111199.09,111169.14,111169.14,600,80,0
2026.03.18 02:40:00,111161.13,111199.39,111138.48,111199.14,600,80,0
2026.03.18 02:30:00,111154.86,111175.48,111139.26,111161.18,600,80,0
2026.03.18 02:20:00,111122.46,111170.76,111119.76,111154.91,600,80,0
2026.03.18 02:10:00,111152.46,111152.46,111122.51,111122.51,600,80,0
2026.03.18 02:00:00,111154.69,111178.46,111150.74,111152.51,600,80,0
2026.03.18 01:50:00,111167.26,111183.34,111154.74,111154.74,600,80,0
2026.03.18 01:40:00,111145.28,111179.16,111127.23,111167.31,600,80,0
2026.03.18 01:30:00,111146.06,111146.48,111117.31,111145.33,600,80,0
2026.03.18 01:20:00,111126.79,111148.51,111106.69,111146.11,600,80,0
2026.03.18 01:10:00,111123.96,111141.24,111108.46,111126.84,600,80,0
2026.03.18 01:00:00,111153.96,111153.96,111124.01,111124.01,600,80,0
2026.03.18 00:50:00,111130.32,111160.11,111118.82,111154.01,600,80,0
2026.03.18 00:40:00,111114.49,111136.07,111090.29,111130.37,600,80,0
2026.03.18 00:30:00,111115.67,111127.84,111099.07,111114.54,600,80,0
2026.03.18 00:20:00,111145.67,111145.67,111115.72,111115.72,600,80,0
2026.03.18 00:10:00,111112.29,111149.57,111101.24,111145.72,600,80,0
2026.03.18 00:00:00,111109.21,111123.49,111090.46,111112.34,600,80,0
2026.03.17 23:50:00,111139.21,111139.21,111109.26,111109.26,600,80,0
2026.03.17 23:40:00,111138.76,111154.71,111124.31,111139.26,600,80,0
2026.03.17 23:30:00,111124.19,111160.81,111116.29,111138.81,600,80,0
2026.03.17 23:20:00,111110.30,111140.09,111096.25,111124.24,600,80,0
2026.03.17 23:10:00,111004.35,111116.70,110994.55,111110.35,600,80,0
2026.03.17 23:00:00,111034.35,111034.35,111004.40,111004.40,600,80,0
2026.03.17 22:50:00,110979.98,111037.35,110961.63,111034.40,600,80,0
2026.03.17 22:40:00,111009.98,111009.98,110980.03,110980.03,600,80,0
2026.03.17 22:30:00,111016.28,111019.93,110996.28,111010.03,600,80,0
2026.03.17 22:20:00,110995.54,111016.48,110979.69,111016.33,600,80,0
2026.03.17 22:10:00,111025.54,111025.54,110995.59,110995.59,600,80,0
2026.03.17 22:00:00,110965.74,111026.64,110949.39,111025.59,600,80,0
2026.03.17 21:50:00,110953.91,110988.49,110946.71,110965.79,600,80,0
2026.03.17 21:40:00,110955.92,110966.61,110938.67,110953.96,600,80,0
2026.03.17 21:30:00,110985.92,110985.92,110955.97,110955.97,600,80,0
2026.03.17 21:20:00,110999.95,111005.02,110985.97,110985.97,600,80,0
2026.03.17 21:10:00,110975.75,111010.35,110973.20,111000.00,600,80,0
2026.03.17 21:00:00,111005.75,111005.75,110975.80,110975.80,600,80,0
2026.03.17 20:50:00,111035.75,111035.75,111005.80,111005.80,600,80,0
2026.03.17 20:40:00,111028.87,111040.80,111003.97,111035.80,600,80,0
2026.03.17 20:30:00,110969.79,111042.67,110960.34,111028.92,600,80,0
2026.03.17 20:20:00,110907.68,110992.74,110902.33,110969.84,600,80,0
2026.03.17 20:10:00,110902.19,110917.83,110882.39,110907.73,600,80,0
2026.03.17 20:00:00,110871.23,110925.64,110869.23,110902.24,600,80,0
2026.03.17 19:50:00,110901.23,110901.23,110871.28,110871.28,600,80,0
2026.03.17 19:40:00,110931.23,110931.23,110901.28,110901.28,600,80,0
2026.03.17 19:30:00,110911.42,110961.13,110911.37,110931.28,600,80,0
2026.03.17 19:20:00,110923.28,110923.28,110895.08,110911.47,600,80,0
2026.03.17 19:10:00,110953.28,110953.28,110923.33,110923.33,600,80,0
2026.03.17 19:00:00,110951.59,110967.08,110935.44,110953.33,600,80,0
2026.03.17 18:50:00,110948.40,110979.79,110946.65,110951.64,600,80,0
2026.03.17 18:40:00,110949.27,110963.75,110934.67,110948.45,600,80,0
2026.03.17 18:30:00,110945.19,110958.87,110924.84,110949.32,600,80,0
2026.03.17 18:20:00,110857.70,110952.74,110844.15,110945.24,600,80,0
2026.03.17 18:10:00,110865.11,110866.10,110843.56,110857.75,600,80,0
2026.03.17 18:00:00,110874.42,110885.66,110865.02,110865.16,600,80,0
2026.03.17 17:50:00,110904.42,110904.42,110874.47,110874.47,600,80,0
2026.03.17 17:40:00,110893.61,110918.17,110877.41,110904.47,600,80,0
2026.03.17 17:30:00,110923.61,110923.61,110893.66,110893.66,600,80,0
2026.03.17 17:20:00,110908.63,110930.31,110896.93,110923.66,600,80,0
2026.03.17 17:10:00,110938.63,110938.63,110908.68,110908.68,600,80,0
2026.03.17 17:00:00,110942.97,110958.33,110932.72,110938.68,600,80,0
2026.03.17 16:50:00,110950.28,110954.22,110931.58,110943.02,600,80,0
2026.03.17 16:40:00,110923.48,110960.28,110906.48,110950.33,600,80,0
2026.03.17 16:30:00,110953.48,110953.48,110923.53,110923.53,600,80,0
2026.03.17 16:20:00,110912.57,110958.03,110888.37,110953.53,600,80,0
2026.03.17 16:10:00,110866.43,110915.92,110842.53,110912.62,600,80,0
2026.03.17 16:00:00,110850.49,110869.48,110823.59,110866.48,600,80,0
2026.03.17 15:50:00,110808.51,110853.89,110787.71,110850.54,600,80,0
2026.03.17 15:40:00,110817.61,110829.86,110808.56,110808.56,600,80,0
2026.03.17 15:30:00,110792.20,110826.01,110782.35,110817.66,600,80,0
2026.03.17 15:20:00,110822.20,110822.20,110792.25,110792.25,600,80,0
2026.03.17 15:10:00,110852.20,110852.20,110822.25,110822.25,600,80,0
2026.03.17 15:00:00,110828.13,110868.30,110823.63,110852.25,600,80,0
2026.03.17 14:50:00,110823.46,110831.08,110796.46,110828.18,600,80,0
2026.03.17 14:40:00,110798.60,110824.26,110786.00,110823.51,600,80,0
2026.03.17 14:30:00,110776.50,110824.30,110772.55,110798.65,600,80,0
2026.03.17 14:20:00,110703.96,110778.85,110698.01,110776.55,600,80,0
2026.03.17 14:10:00,110733.96,110733.96,110704.01,110704.01,600,80,0
2026.03.17 14:00:00,110763.96,110763.96,110734.01,110734.01,600,80,0
2026.03.17 13:50:00,110793.96,110793.96,110764.01,110764.01,600,80,0
2026.03.17 13:40:00,110823.96,110823.96,110794.01,110794.01,600,80,0
2026.03.17 13:30:00,110828.85,110850.61,110824.01,110824.01,600,80,0
2026.03.17 13:20:00,110839.71,110839.71,110816.21,110828.90,600,80,0
2026.03.17 13:10:00,110822.06,110853.11,110821.81,110839.76,600,80,0
2026.03.17 13:00:00,110852.06,110852.06,110822.11,110822.11,600,80,0
2026.03.17 12:50:00,110848.81,110872.41,110839.21,110852.11,600,80,0
2026.03.17 12:40:00,110852.64,110858.66,110832.54,110848.86,600,80,0
2026.03.17 12:30:00,110882.64,110882.64,110852.69,110852.69,600,80,0
2026.03.17 12:20:00,110912.64,110912.64,110882.69,110882.69,600,80,0
2026.03.17 12:10:00,110924.16,110924.16,110896.41,110912.69,600,80,0
2026.03.17 12:00:00,110918.30,110945.66,110909.85,110924.21,600,80,0
2026.03.17 11:50:00,110948.30,110948.30,110918.35,110918.35,600,80,0
2026.03.17 11:40:00,110960.54,110965.50,110947.79,110948.35,600,80,0
2026.03.17 11:30:00,110990.54,110990.54,110960.59,110960.59,600,80,0
2026.03.17 11:20:00,111005.05,111005.05,110986.15,110990.59,600,80,0
2026.03.17 11:10:00,111035.05,111035.05,111005.10,111005.10,600,80,0
2026.03.17 11:00:00,111065.05,111065.05,111035.10,111035.10,600,80,0
2026.03.17 10:50:00,111003.96,111074.35,111001.01,111065.10,600,80,0
2026.03.17 10:40:00,110984.91,111019.26,110979.96,111004.01,600,80,0
2026.03.17 10:30:00,111014.91,111014.91,110984.96,110984.96,600,80,0
2026.03.17 10:20:00,111044.91,111044.91,111014.96,111014.96,600,80,0
2026.03.17 10:10:00,111074.91,111074.91,111044.96,111044.96,600,80,0
2026.03.17 10:00:00,111073.86,111085.06,111054.06,111074.96,600,80,0
2026.03.17 09:50:00,111103.86,111103.86,111073.91,111073.91,600,80,0
2026.03.17 09:40:00,111133.86,111133.86,111103.91,111103.91,600,80,0
2026.03.17 09:30:00,111114.72,111147.31,111105.12,111133.91,600,80,0
2026.03.17 09:20:00,111144.72,111144.72,111114.77,111114.77,600,80,0
2026.03.17 09:10:00,111174.72,111174.72,111144.77,111144.77,600,80,0
2026.03.17 09:00:00,111204.72,111204.72,111174.77,111174.77,600,80,0
2026.03.17 08:50:00,111234.72,111234.72,111204.77,111204.77,600,80,0
2026.03.17 08:40:00,111159.67,111253.47,111156.87,111234.77,600,80,0
2026.03.17 08:30:00,111128.40,111168.12,111119.10,111159.72,600,80,0
2026.03.17 08:20:00,111143.36,111156.30,111128.45,111128.45,600,80,0
2026.03.17 08:10:00,111090.92,111159.71,111080.62,111143.41,600,80,0
2026.03.17 08:00:00,111096.39,111103.47,111078.99,111090.97,600,80,0
2026.03.17 07:50:00,111103.89,111103.89,111078.74,111096.44,600,80,0
2026.03.17 07:40:00,111066.43,111110.79,111048.38,111103.94,600,80,0
2026.03.17 07:30:00,111079.16,111081.78,111064.56,111066.48,600,80,0
2026.03.17 07:20:00,111109.16,111109.16,111079.21,111079.21,600,80,0
2026.03.17 07:10:00,110965.69,111120.41,110961.64,111109.21,600,80,0
2026.03.17 07:00:00,110969.57,110993.49,110965.74,110965.74,600,80,0
2026.03.17 06:50:00,110943.48,110976.77,110936.53,110969.62,600,80,0
2026.03.17 06:40:00,110973.48,110973.48,110943.53,110943.53,600,80,0
2026.03.17 06:30:00,110906.32,110981.43,110900.02,110973.53,600,80,0
2026.03.17 06:20:00,110936.32,110936.32,110906.37,110906.37,600,80,0
2026.03.17 06:10:00,110951.05,110964.82,110936.37,110936.37,600,80,0
2026.03.17 06:00:00,110981.05,110981.05,110951.10,110951.10,600,80,0
2026.03.17 05:50:00,111011.05,111011.05,110981.10,110981.10,600,80,0
2026.03.17 05:40:00,110998.27,111039.15,110996.42,111011.10,600,80,0
2026.03.17 05:30:00,110966.98,111016.02,110960.03,110998.32,600,80,0
2026.03.17 05:20:00,110940.42,110974.53,110928.42,110967.03,600,80,0
2026.03.17 05:10:00,110970.42,110970.42,110940.47,110940.47,600,80,0
2026.03.17 05:00:00,110965.74,110990.72,110956.09,110970.47,600,80,0
2026.03.17 04:50:00,110995.74,110995.74,110965.79,110965.79,600,80,0
2026.03.17 04:40:00,110927.37,111017.69,110925.12,110995.79,600,80,0
2026.03.17 04:30:00,110889.59,110938.87,110877.09,110927.42,600,80,0
2026.03.17 04:20:00,110903.85,110908.99,110889.64,110889.64,600,80,0
2026.03.17 04:10:00,110900.14,110909.15,110875.49,110903.90,600,80,0
2026.03.17 04:00:00,110844.92,110911.14,110833.37,110900.19,600,80,0
2026.03.17 03:50:00,110874.92,110874.92,110844.97,110844.97,600,80,0
2026.03.17 03:40:00,110865.30,110886.77,110847.20,110874.97,600,80,0
2026.03.17 03:30:00,110870.78,110882.75,110858.28,110865.35,600,80,0
2026.03.17 03:20:00,110851.75,110888.73,110846.35,110870.83,600,80,0
2026.03.17 03:10:00,110881.75,110881.75,110851.80,110851.80,600,80,0
2026.03.17 03:00:00,110827.66,110896.35,110825.91,110881.80,600,80,0
2026.03.17 02:50:00,110786.47,110843.31,110780.47,110827.71,600,80,0
2026.03.17 02:40:00,110727.33,110788.92,110719.33,110786.52,600,80,0
2026.03.17 02:30:00,110720.54,110739.23,110702.49,110727.38,600,80,0
2026.03.17 02:20:00,110686.67,110735.99,110685.42,110720.59,600,80,0
2026.03.17 02:10:00,110716.67,110716.67,110686.72,110686.72,600,80,0
2026.03.17 02:00:00,110746.67,110746.67,110716.72,110716.72,600,80,0
2026.03.17 01:50:00,110731.87,110762.42,110729.17,110746.72,600,80,0
2026.03.17 01:40:00,110761.87,110761.87,110731.92,110731.92,600,80,0
2026.03.17 01:30:00,110723.55,110780.32,110712.05,110761.92,600,80,0
2026.03.17 01:20:00,110628.06,110726.45,110613.96,110723.60,600,80,0
2026.03.17 01:10:00,110635.13,110648.41,110625.53,110628.11,600,80,0
2026.03.17 01:00:00,110566.56,110640.08,110551.71,110635.18,600,80,0
2026.03.17 00:50:00,110544.54,110571.61,110525.14,110566.61,600,80,0
2026.03.17 00:40:00,110574.54,110574.54,110544.59,110544.59,600,80,0
2026.03.17 00:30:00,110546.65,110589.99,110542.90,110574.59,600,80,0
2026.03.17 00:20:00,110576.65,110576.65,110546.70,110546.70,600,80,0
2026.03.17 00:10:00,110577.47,110597.00,110567.87,110576.70,600,80,0
2026.03.17 00:00:00,110607.47,110607.47,110577.52,110577.52,600,80,0
2026.03.16 23:50:00,110621.55,110621.55,110593.65,110607.52,600,80,0
2026.03.16 23:40:00,110651.55,110651.55,110621.60,110621.60,600,80,0
2026.03.16 23:30:00,110681.55,110681.55,110651.60,110651.60,600,80,0
2026.03.16 23:20:00,110711.55,110711.55,110681.60,110681.60,600,80,0
2026.03.16 23:10:00,110714.00,110729.30,110701.80,110711.60,600,80,0
2026.03.16 23:00:00,110744.00,110744.00,110714.05,110714.05,600,80,0
2026.03.16 22:50:00,110713.55,110749.40,110701.55,110744.05,600,80,0
2026.03.16 22:40:00,110743.55,110743.55,110713.60,110713.60,600,80,0
2026.03.16 22:30:00,110773.55,110773.55,110743.60,110743.60,600,80,0
2026.03.16 22:20:00,110803.55,110803.55,110773.60,110773.60,600,80,0
2026.03.16 22:10:00,110758.69,110813.00,110741.79,110803.60,600,80,0
2026.03.16 22:00:00,110767.58,110767.58,110744.18,110758.74,600,80,0
2026.03.16 21:50:00,110797.58,110797.58,110767.63,110767.63,600,80,0
2026.03.16 21:40:00,110827.58,110827.58,110797.63,110797.63,600,80,0
2026.03.16 21:30:00,110812.35,110834.50,110808.45,110827.63,600,80,0
2026.03.16 21:20:00,110784.11,110829.60,110771.41,110812.40,600,80,0
2026.03.16 21:10:00,110814.11,110814.11,110784.16,110784.16,600,80,0
2026.03.16 21:00:00,110796.86,110837.31,110790.11,110814.16,600,80,0
2026.03.16 20:50:00,110793.64,110820.61,110787.44,110796.91,600,80,0
2026.03.16 20:40:00,110806.06,110822.49,110793.69,110793.69,600,80,0
2026.03.16 20:30:00,110836.06,110836.06,110806.11,110806.11,600,80,0
2026.03.16 20:20:00,110866.06,110866.06,110836.11,110836.11,600,80,0
2026.03.16 20:10:00,110896.06,110896.06,110866.11,110866.11,600,80,0
2026.03.16 20:00:00,110879.76,110901.96,110855.71,110896.11,600,80,0
2026.03.16 19:50:00,110909.76,110909.76,110879.81,110879.81,600,80,0
2026.03.16 19:40:00,110907.69,110937.21,110905.19,110909.81,600,80,0
2026.03.16 19:30:00,110886.71,110912.74,110866.96,110907.74,600,80,0
2026.03.16 19:20:00,110888.26,110911.46,110883.06,110886.76,600,80,0
2026.03.16 19:10:00,110843.55,110901.16,110828.60,110888.31,600,80,0
2026.03.16 19:00:00,110873.55,110873.55,110843.60,110843.60,600,80,0
2026.03.16 18:50:00,110903.55,110903.55,110873.60,110873.60,600,80,0
2026.03.16 18:40:00,110889.55,110929.85,110885.90,110903.60,600,80,0
2026.03.16 18:30:00,110919.55,110919.55,110889.60,110889.60,600,80,0
2026.03.16 18:20:00,110904.98,110926.25,110881.73,110919.60,600,80,0
2026.03.16 18:10:00,110858.19,110908.03,110831.39,110905.03,600,80,0
2026.03.16 18:00:00,110888.19,110888.19,110858.24,110858.24,600,80,0
2026.03.16 17:50:00,110918.19,110918.19,110888.24,110888.24,600,80,0
2026.03.16 17:40:00,110948.19,110948.19,110918.24,110918.24,600,80,0
2026.03.16 17:30:00,110978.19,110978.19,110948.24,110948.24,600,80,0
2026.03.16 17:20:00,111008.19,111008.19,110978.24,110978.24,600,80,0
2026.03.16 17:10:00,111038.19,111038.19,111008.24,111008.24,600,80,0
2026.03.16 17:00:00,111046.86,111053.99,111032.71,111038.24,600,80,0
2026.03.16 16:50:00,111040.14,111074.11,111037.44,111046.91,600,80,0
2026.03.16 16:40:00,111047.13,111067.39,111040.19,111040.19,600,80,0
2026.03.16 16:30:00,111077.13,111077.13,111047.18,111047.18,600,80,0
2026.03.16 16:20:00,111025.12,111091.38,111023.17,111077.18,600,80,0
2026.03.16 16:10:00,111021.31,111025.37,110991.61,111025.17,600,80,0
2026.03.16 16:00:00,111001.75,111027.76,110982.40,111021.36,600,80,0
2026.03.16 15:50:00,111031.75,111031.75,111001.80,111001.80,600,80,0
2026.03.16 15:40:00,111026.26,111054.90,111019.46,111031.80,600,80,0
2026.03.16 15:30:00,111027.41,111027.41,110997.56,111026.31,600,80,0
2026.03.16 15:20:00,111014.12,111051.21,111007.97,111027.46,600,80,0
2026.03.16 15:10:00,110980.68,111016.02,110971.98,111014.17,600,80,0
2026.03.16 15:00:00,110960.83,110983.48,110933.68,110980.73,600,80,0
2026.03.16 14:50:00,110948.78,110976.08,110934.08,110960.88,600,80,0
2026.03.16 14:40:00,110956.12,110974.58,110948.83,110948.83,600,80,0
2026.03.16 14:30:00,110913.09,110960.12,110906.44,110956.17,600,80,0
2026.03.16 14:20:00,110873.45,110925.64,110857.00,110913.14,600,80,0
2026.03.16 14:10:00,110862.23,110884.20,110849.43,110873.50,600,80,0
2026.03.16 14:00:00,110892.23,110892.23,110862.28,110862.28,600,80,0
2026.03.16 13:50:00,110922.23,110922.23,110892.28,110892.28,600,80,0
2026.03.16 13:40:00,110952.23,110952.23,110922.28,110922.28,600,80,0
2026.03.16 13:30:00,110939.11,110961.78,110918.71,110952.28,600,80,0
2026.03.16 13:20:00,110923.03,110968.61,110922.58,110939.16,600,80,0
2026.03.16 13:10:00,110953.03,110953.03,110923.08,110923.08,600,80,0
2026.03.16 13:00:00,110983.03,110983.03,110953.08,110953.08,600,80,0
2026.03.16 12:50:00,110991.21,110995.33,110973.56,110983.08,600,80,0
2026.03.16 12:40:00,110935.97,110996.31,110929.77,110991.26,600,80,0
2026.03.16 12:30:00,110945.84,110946.97,110926.89,110936.02,600,80,0
2026.03.16 12:20:00,110888.75,110946.14,110883.00,110945.89,600,80,0
2026.03.16 12:10:00,110850.46,110889.80,110833.51,110888.80,600,80,0
2026.03.16 12:00:00,110864.64,110864.64,110842.69,110850.51,600,80,0
2026.03.16 11:50:00,110860.00,110870.04,110835.45,110864.69,600,80,0
2026.03.16 11:40:00,110890.00,110890.00,110860.05,110860.05,600,80,0
2026.03.16 11:30:00,110920.00,110920.00,110890.05,110890.05,600,80,0
2026.03.16 11:20:00,110929.22,110940.05,110919.32,110920.05,600,80,0
2026.03.16 11:10:00,110959.22,110959.22,110929.27,110929.27,600,80,0
2026.03.16 11:00:00,110965.76,110965.76,110936.61,110959.27,600,80,0
2026.03.16 10:50:00,110948.05,110992.01,110944.35,110965.81,600,80,0
2026.03.16 10:40:00,110978.05,110978.05,110948.10,110948.10,600,80,0
2026.03.16 10:30:00,111008.05,111008.05,110978.10,110978.10,600,80,0
2026.03.16 10:20:00,110999.28,111037.00,110998.28,111008.10,600,80,0
2026.03.16 10:10:00,111029.28,111029.28,110999.33,110999.33,600,80,0
2026.03.16 10:00:00,111019.68,111058.43,111018.88,111029.33,600,80,0
2026.03.16 09:50:00,111049.68,111049.68,111019.73,111019.73,600,80,0
2026.03.16 09:40:00,111064.12,111064.12,111040.47,111049.73,600,80,0
2026.03.16 09:30:00,111069.69,111081.32,111056.94,111064.17,600,80,0
2026.03.16 09:20:00,111045.98,111083.64,111029.98,111069.74,600,80,0
2026.03.16 09:10:00,111020.66,111058.33,111003.06,111046.03,600,80,0
2026.03.16 09:00:00,111050.66,111050.66,111020.71,111020.71,600,80,0
2026.03.16 08:50:00,111031.94,111063.46,111014.79,111050.71,600,80,0
2026.03.16 08:40:00,111061.94,111061.94,111031.99,111031.99,600,80,0
2026.03.16 08:30:00,111091.94,111091.94,111061.99,111061.99,600,80,0
2026.03.16 08:20:00,111076.33,111101.39,111059.98,111091.99,600,80,0
2026.03.16 08:10:00,111106.33,111106.33,111076.38,111076.38,600,80,0
2026.03.16 08:00:00,111056.38,111111.73,111040.38,111106.38,600,80,0
2026.03.16 07:50:00,111086.38,111086.38,111056.43,111056.43,600,80,0
2026.03.16 07:40:00,111116.38,111116.38,111086.43,111086.43,600,80,0
2026.03.16 07:30:00,111100.49,111131.48,111091.74,111116.43,600,80,0
2026.03.16 07:20:00,111079.34,111124.49,111073.89,111100.54,600,80,0
2026.03.16 07:10:00,111109.34,111109.34,111079.39,111079.39,600,80,0
2026.03.16 07:00:00,111116.96,111127.69,111105.36,111109.39,600,80,0
2026.03.16 06:50:00,111146.96,111146.96,111117.01,111117.01,600,80,0
2026.03.16 06:40:00,111176.96,111176.96,111147.01,111147.01,600,80,0
2026.03.16 06:30:00,111206.96,111206.96,111177.01,111177.01,600,80,0
2026.03.16 06:20:00,111214.98,111227.91,111205.98,111207.01,600,80,0
2026.03.16 06:10:00,111220.55,111236.48,111212.10,111215.03,600,80,0
2026.03.16 06:00:00,111156.45,111230.05,111153.85,111220.60,600,80,0
2026.03.16 05:50:00,111147.23,111162.51,111140.11,111156.50,600,80,0
2026.03.16 05:40:00,111161.90,111161.90,111133.25,111147.28,600,80,0
2026.03.16 05:30:00,111191.90,111191.90,111161.95,111161.95,600,80,0
2026.03.16 05:20:00,111221.90,111221.90,111191.95,111191.95,600,80,0
2026.03.16 05:10:00,111251.90,111251.90,111221.95,111221.95,600,80,0
2026.03.16 05:00:00,111281.90,111281.90,111251.95,111251.95,600,80,0
2026.03.16 04:50:00,111296.48,111297.35,111281.95,111281.95,600,80,0
2026.03.16 04:40:00,111303.25,111313.63,111290.45,111296.53,600,80,0
2026.03.16 04:30:00,111333.25,111333.25,111303.30,111303.30,600,80,0
2026.03.16 04:20:00,111305.66,111351.10,111293.56,111333.30,600,80,0
2026.03.16 04:10:00,111221.25,111314.86,111217.65,111305.71,600,80,0
2026.03.16 04:00:00,111236.16,111236.16,111210.11,111221.30,600,80,0
2026.03.16 03:50:00,111243.49,111264.16,111236.21,111236.21,600,80,0
2026.03.16 03:40:00,111246.60,111267.79,111240.95,111243.54,600,80,0
2026.03.16 03:30:00,111250.23,111273.55,111246.65,111246.65,600,80,0
2026.03.16 03:20:00,111234.01,111252.08,111205.91,111250.28,600,80,0
2026.03.16 03:10:00,111264.01,111264.01,111234.06,111234.06,600,80,0
2026.03.16 03:00:00,111213.12,111269.26,111211.27,111264.06,600,80,0
2026.03.16 02:50:00,111218.52,111234.62,111210.07,111213.17,600,80,0
2026.03.16 02:40:00,111248.52,111248.52,111218.57,111218.57,600,80,0
2026.03.16 02:30:00,111278.52,111278.52,111248.57,111248.57,600,80,0
2026.03.16 02:20:00,111221.02,111283.72,111208.82,111278.57,600,80,0
2026.03.16 02:10:00,111215.01,111249.27,111213.31,111221.07,600,80,0
2026.03.16 02:00:00,111245.01,111245.01,111215.06,111215.06,600,80,0
2026.03.16 01:50:00,111228.59,111247.16,111200.79,111245.06,600,80,0
2026.03.16 01:40:00,111258.59,111258.59,111228.64,111228.64,600,80,0
2026.03.16 01:30:00,111248.87,111277.59,111237.92,111258.64,600,80,0
2026.03.16 01:20:00,111255.77,111259.92,111236.87,111248.92,600,80,0
2026.03.16 01:10:00,111262.37,111276.97,111253.62,111255.82,600,80,0
2026.03.16 01:00:00,111249.14,111271.87,111232.74,111262.42,600,80,0
2026.03.16 00:50:00,111279.14,111279.14,111249.19,111249.19,600,80,0
2026.03.16 00:40:00,111280.08,111281.09,111252.08,111279.19,600,80,0
2026.03.16 00:30:00,111170.02,111281.68,111161.92,111280.13,600,80,0
2026.03.16 00:20:00,111129.50,111185.52,111115.20,111170.07,600,80,0
2026.03.16 00:10:00,111115.21,111142.15,111097.91,111129.55,600,80,0
2026.03.16 00:00:00,111127.62,111127.62,111098.77,111115.26,600,80,0
2026.03.15 23:50:00,111157.62,111157.62,111127.67,111127.67,600,80,0
2026.03.15 23:40:00,111153.13,111167.27,111132.83,111157.67,600,80,0
2026.03.15 23:30:00,111183.13,111183.13,111153.18,111153.18,600,80,0
2026.03.15 23:20:00,111151.15,111185.48,111139.95,111183.18,600,80,0
2026.03.15 23:10:00,111104.44,111151.30,111083.74,111151.20,600,80,0
2026.03.15 23:00:00,111107.04,111109.34,111081.99,111104.49,600,80,0
2026.03.15 22:50:00,111137.04,111137.04,111107.09,111107.09,600,80,0
2026.03.15 22:40:00,111127.04,111156.29,111116.34,111137.09,600,80,0
2026.03.15 22:30:00,111157.04,111157.04,111127.09,111127.09,600,80,0
2026.03.15 22:20:00,111136.20,111160.24,111119.70,111157.09,600,80,0
2026.03.15 22:10:00,111166.20,111166.20,111136.25,111136.25,600,80,0
2026.03.15 22:00:00,111175.51,111195.90,111166.25,111166.25,600,80,0
2026.03.15 21:50:00,111205.51,111205.51,111175.56,111175.56,600,80,0
2026.03.15 21:40:00,111235.51,111235.51,111205.56,111205.56,600,80,0
2026.03.15 21:30:00,111247.30,111255.81,111235.56,111235.56,600,80,0
2026.03.15 21:20:00,111241.74,111257.85,111222.34,111247.35,600,80,0
2026.03.15 21:10:00,111271.74,111271.74,111241.79,111241.79,600,80,0
2026.03.15 21:00:00,111283.52,111289.24,111271.07,111271.79,600,80,0
2026.03.15 20:50:00,111290.18,111300.92,111277.63,111283.57,600,80,0
2026.03.15 20:40:00,111320.18,111320.18,111290.23,111290.23,600,80,0
2026.03.15 20:30:00,111350.18,111350.18,111320.23,111320.23,600,80,0
2026.03.15 20:20:00,111301.14,111355.73,111296.79,111350.23,600,80,0
2026.03.15 20:10:00,111293.18,111304.99,111267.08,111301.19,600,80,0
2026.03.15 20:00:00,111323.18,111323.18,111293.23,111293.23,600,80,0
2026.03.15 19:50:00,111353.18,111353.18,111323.23,111323.23,600,80,0
2026.03.15 19:40:00,111330.28,111356.17,111324.23,111353.23,600,80,0
2026.03.15 19:30:00,111329.32,111355.88,111324.97,111330.33,600,80,0
2026.03.15 19:20:00,111359.32,111359.32,111329.37,111329.37,600,80,0
2026.03.15 19:10:00,111314.52,111367.37,111309.72,111359.37,600,80,0
2026.03.15 19:00:00,111344.52,111344.52,111314.57,111314.57,600,80,0
2026.03.15 18:50:00,111343.41,111363.02,111331.96,111344.57,600,80,0
2026.03.15 18:40:00,111285.71,111345.81,111263.56,111343.46,600,80,0
2026.03.15 18:30:00,111258.23,111310.11,111255.98,111285.76,600,80,0
2026.03.15 18:20:00,111223.56,111274.38,111220.26,111258.28,600,80,0
2026.03.15 18:10:00,111208.46,111250.61,111205.56,111223.61,600,80,0
2026.03.15 18:00:00,111206.61,111211.61,111179.81,111208.51,600,80,0
2026.03.15 17:50:00,111205.03,111207.16,111175.63,111206.66,600,80,0
2026.03.15 17:40:00,111187.21,111221.33,111173.56,111205.08,600,80,0
2026.03.15 17:30:00,111188.56,111215.51,111186.91,111187.26,600,80,0
2026.03.15 17:20:00,111156.49,111200.26,111154.54,111188.61,600,80,0
2026.03.15 17:10:00,111186.49,111186.49,111156.54,111156.54,600,80,0
2026.03.15 17:00:00,111136.50,111199.74,111130.90,111186.54,600,80,0
2026.03.15 16:50:00,111131.69,111161.95,111127.19,111136.55,600,80,0
2026.03.15 16:40:00,111144.37,111144.37,111118.32,111131.74,600,80,0
2026.03.15 16:30:00,111159.06,111166.97,111144.42,111144.42,600,80,0
2026.03.15 16:20:00,111171.03,111171.03,111141.18,111159.11,600,80,0
2026.03.15 16:10:00,111162.37,111198.13,111159.52,111171.08,600,80,0
2026.03.15 16:00:00,111192.37,111192.37,111162.42,111162.42,600,80,0
2026.03.15 15:50:00,111171.78,111192.77,111162.73,111192.42,600,80,0
2026.03.15 15:40:00,111153.77,111175.13,111127.17,111171.83,600,80,0
2026.03.15 15:30:00,111142.34,111165.67,111124.29,111153.82,600,80,0
2026.03.15 15:20:00,111172.34,111172.34,111142.39,111142.39,600,80,0
2026.03.15 15:10:00,111146.23,111176.54,111140.55,111172.39,600,80,0
2026.03.15 15:00:00,111122.63,111151.98,111108.48,111146.28,600,80,0
2026.03.15 14:50:00,111152.63,111152.63,111122.68,111122.68,600,80,0
2026.03.15 14:40:00,111155.49,111155.49,111126.14,111152.68,600,80,0
2026.03.15 14:30:00,111085.81,111160.14,111076.61,111155.54,600,80,0
2026.03.15 14:20:00,111115.81,111115.81,111085.86,111085.86,600,80,0
2026.03.15 14:10:00,111125.29,111136.71,111115.86,111115.86,600,80,0
2026.03.15 14:00:00,111155.29,111155.29,111125.34,111125.34,600,80,0
2026.03.15 13:50:00,111137.94,111166.19,111134.29,111155.34,600,80,0
2026.03.15 13:40:00,111145.03,111154.99,111132.13,111137.99,600,80,0
2026.03.15 13:30:00,111121.52,111161.93,111110.62,111145.08,600,80,0
2026.03.15 13:20:00,111151.52,111151.52,111121.57,111121.57,600,80,0
2026.03.15 13:10:00,111144.11,111173.07,111135.71,111151.57,600,80,0
2026.03.15 13:00:00,111138.97,111147.96,111112.87,111144.16,600,80,0
2026.03.15 12:50:00,111142.78,111159.67,111133.53,111139.02,600,80,0
2026.03.15 12:40:00,111172.78,111172.78,111142.83,111142.83,600,80,0
2026.03.15 12:30:00,111186.90,111199.98,111172.83,111172.83,600,80,0
2026.03.15 12:20:00,111174.47,111211.20,111168.82,111186.95,600,80,0
2026.03.15 12:10:00,111204.47,111204.47,111174.52,111174.52,600,80,0
2026.03.15 12:00:00,111201.57,111231.97,111199.12,111204.52,600,80,0
2026.03.15 11:50:00,111215.09,111222.32,111201.62,111201.62,600,80,0
2026.03.15 11:40:00,111218.60,111238.69,111212.25,111215.14,600,80,0
2026.03.15 11:30:00,111248.60,111248.60,111218.65,111218.65,600,80,0
2026.03.15 11:20:00,111229.91,111251.25,111211.16,111248.65,429,80,0
2026.03.15 11:10:00,111231.26,111231.26,111229.91,111229.91,28,80,0
2026.03.15 11:00:00,111261.26,111261.26,111231.31,111231.31,600,80,0
2026.03.15 10:50:00,111253.14,111275.96,111237.89,111261.31,600,80,0
2026.03.15 10:40:00,111243.03,111263.54,111223.48,111253.19,600,80,0
2026.03.15 10:30:00,111105.09,111246.03,111093.89,111243.08,600,80,0
2026.03.15 10:20:00,111135.09,111135.09,111105.14,111105.14,600,80,0
2026.03.15 10:10:00,111145.37,111155.84,111135.14,111135.14,600,80,0
2026.03.15 10:00:00,111175.37,111175.37,111145.42,111145.42,600,80,0
2026.03.15 09:50:00,111205.37,111205.37,111175.42,111175.42,600,80,0
2026.03.15 09:40:00,111188.00,111219.67,111172.35,111205.42,600,80,0
2026.03.15 09:30:00,111218.00,111218.00,111188.05,111188.05,590,80,0
2026.03.15 09:20:00,111207.27,111220.30,111179.62,111218.05,600,80,0
2026.03.15 09:10:00,111189.96,111235.07,111187.81,111207.32,600,80,0
2026.03.15 09:00:00,111219.96,111219.96,111190.01,111190.01,600,80,0
2026.03.15 08:50:00,111221.22,111224.96,111196.27,111220.01,600,80,0
2026.03.15 08:40:00,111207.95,111237.77,111194.55,111221.27,600,80,0
2026.03.15 08:30:00,111221.88,111221.88,111196.68,111208.00,600,80,0
2026.03.15 08:20:00,111251.88,111251.88,111221.93,111221.93,600,80,0
2026.03.15 08:10:00,111260.59,111278.48,111251.93,111251.93,600,80,0
2026.03.15 08:00:00,111290.59,111290.59,111260.64,111260.64,593,80,0
2026.03.15 07:50:00,111319.74,111319.74,111290.64,111290.64,532,80,0
2026.03.15 07:40:00,111349.74,111349.74,111319.79,111319.79,600,80,0
2026.03.15 07:30:00,111273.93,111356.04,111263.28,111349.79,600,80,0
2026.03.15 07:20:00,111237.52,111290.98,111237.52,111273.98,600,80,0
2026.03.15 07:10:00,111267.52,111267.52,111237.57,111237.57,600,80,0
2026.03.15 07:00:00,111252.94,111270.22,111225.69,111267.57,600,80,0
2026.03.15 06:40:00,111282.94,111282.94,111252.99,111252.99,600,80,0
2026.03.15 06:30:00,111312.94,111312.94,111282.99,111282.99,600,80,0
2026.03.15 06:20:00,111317.43,111319.64,111294.18,111312.99,600,80,0
2026.03.15 06:10:00,111347.43,111347.43,111317.48,111317.48,600,80,0
2026.03.15 06:00:00,111342.60,111370.88,111336.10,111347.48,600,80,0
2026.03.15 05:50:00,111338.06,111349.97,111325.62,111342.65,600,80,0
2026.03.15 05:40:00,111252.68,111343.21,111249.88,111338.11,600,80,0
2026.03.15 05:30:00,111240.52,111263.08,111225.82,111252.73,600,80,0
2026.03.15 05:20:00,111240.52,111265.07,111235.12,111240.57,600,80,0
2026.03.15 05:10:00,111252.15,111269.37,111240.57,111240.57,600,80,0
2026.03.15 05:00:00,111263.13,111264.30,111245.33,111252.20,600,80,0
2026.03.15 04:50:00,111249.49,111282.08,111238.49,111263.18,600,80,0
2026.03.15 04:40:00,111279.49,111279.49,111249.54,111249.54,600,80,0
2026.03.15 04:30:00,111291.67,111301.84,111279.54,111279.54,600,80,0
2026.03.15 04:20:00,111288.71,111309.02,111276.11,111291.72,600,80,0
2026.03.15 04:10:00,111318.71,111318.71,111288.76,111288.76,600,80,0
2026.03.15 04:00:00,111308.59,111338.66,111298.59,111318.76,600,80,0
2026.03.15 03:50:00,111338.59,111338.59,111308.64,111308.64,600,80,0
2026.03.15 03:40:00,111321.42,111361.69,111314.57,111338.64,600,80,0
2026.03.15 03:30:00,111351.42,111351.42,111321.47,111321.47,600,80,0
2026.03.15 03:20:00,111317.20,111352.27,111312.60,111351.47,600,80,0
2026.03.15 03:10:00,111347.20,111347.20,111317.25,111317.25,600,80,0
2026.03.15 03:00:00,111377.20,111377.20,111347.25,111347.25,600,80,0
2026.03.15 02:50:00,111407.20,111407.20,111377.25,111377.25,600,80,0
2026.03.15 02:40:00,111437.20,111437.20,111407.25,111407.25,600,80,0
2026.03.15 02:30:00,111467.20,111467.20,111437.25,111437.25,600,80,0
2026.03.15 02:20:00,111497.20,111497.20,111467.25,111467.25,600,80,0
2026.03.15 02:10:00,111527.20,111527.20,111497.25,111497.25,600,80,0
2026.03.15 02:00:00,111557.20,111557.20,111527.25,111527.25,600,80,0
2026.03.15 01:50:00,111587.20,111587.20,111557.25,111557.25,600,80,0
2026.03.15 01:40:00,111598.58,111608.45,111587.25,111587.25,600,80,0
2026.03.15 01:30:00,111628.58,111628.58,111598.63,111598.63,600,80,0
2026.03.15 01:20:00,111598.74,111644.48,111596.64,111628.63,600,80,0
2026.03.15 01:10:00,111628.74,111628.74,111598.79,111598.79,600,80,0
2026.03.15 01:00:00,111627.64,111643.39,111612.34,111628.79,600,80,0
2026.03.15 00:50:00,111657.64,111657.64,111627.69,111627.69,600,80,0
2026.03.15 00:40:00,111687.64,111687.64,111657.69,111657.69,600,80,0
2026.03.15 00:30:00,111614.85,111697.94,111608.75,111687.69,600,80,0
2026.03.15 00:20:00,111644.85,111644.85,111614.90,111614.90,600,80,0
2026.03.15 00:10:00,111633.62,111645.60,111608.27,111644.90,600,80,0
2026.03.15 00:00:00,111639.01,111653.57,111629.01,111633.67,600,80,0
2026.03.14 23:50:00,111669.01,111669.01,111639.06,111639.06,600,80,0
2026.03.14 23:40:00,111641.64,111693.81,111641.54,111669.06,600,80,0
2026.03.14 23:30:00,111671.64,111671.64,111641.69,111641.69,600,80,0
2026.03.14 23:20:00,111661.04,111687.54,111646.99,111671.69,600,80,0
2026.03.14 23:10:00,111628.05,111665.89,111622.60,111661.09,600,80,0
2026.03.14 23:00:00,111637.87,111646.30,111626.17,111628.10,600,80,0
2026.03.14 22:50:00,111667.87,111667.87,111637.92,111637.92,600,80,0
2026.03.14 22:40:00,111697.87,111697.87,111667.92,111667.92,600,80,0
2026.03.14 22:30:00,111693.76,111702.17,111668.11,111697.92,600,80,0
2026.03.14 22:20:00,111723.76,111723.76,111693.81,111693.81,600,80,0
2026.03.14 22:10:00,111753.76,111753.76,111723.81,111723.81,600,80,0
2026.03.14 22:00:00,111739.10,111756.16,111721.80,111753.81,600,80,0
2026.03.14 21:50:00,111720.88,111755.60,111715.28,111739.15,600,80,0
2026.03.14 21:40:00,111581.69,111724.83,111580.14,111720.93,600,80,0
2026.03.14 21:30:00,111611.69,111611.69,111581.74,111581.74,600,80,0
2026.03.14 21:20:00,111617.43,111629.94,111605.73,111611.74,600,80,0
2026.03.14 21:10:00,111625.18,111625.18,111602.58,111617.48,600,80,0
2026.03.14 21:00:00,111605.18,111637.08,111592.48,111625.23,600,80,0
2026.03.14 20:50:00,111612.75,111615.68,111593.30,111605.23,600,80,0
2026.03.14 20:40:00,111642.75,111642.75,111612.80,111612.80,600,80,0
2026.03.14 20:30:00,111631.17,111652.40,111611.12,111642.80,600,80,0
2026.03.14 20:20:00,111633.09,111638.22,111610.19,111631.22,600,80,0
2026.03.14 20:10:00,111663.09,111663.09,111633.14,111633.14,600,80,0
2026.03.14 20:00:00,111693.09,111693.09,111663.14,111663.14,600,80,0
2026.03.14 19:50:00,111694.17,111710.14,111681.27,111693.14,600,80,0
2026.03.14 19:40:00,111684.38,111715.32,111675.58,111694.22,600,80,0
2026.03.14 19:30:00,111640.25,111685.88,111614.65,111684.43,600,80,0
2026.03.14 19:20:00,111670.25,111670.25,111640.30,111640.30,600,80,0
2026.03.14 19:10:00,111684.75,111684.75,111668.70,111670.30,600,80,0
2026.03.14 19:00:00,111714.75,111714.75,111684.80,111684.80,600,80,0
2026.03.14 18:50:00,111744.75,111744.75,111714.80,111714.80,600,80,0
2026.03.14 18:40:00,111757.67,111757.67,111735.92,111744.80,600,80,0
2026.03.14 18:30:00,111752.30,111762.02,111726.70,111757.72,600,80,0
2026.03.14 18:20:00,111720.92,111764.75,111713.07,111752.35,600,80,0
2026.03.14 18:10:00,111723.97,111737.47,111710.57,111720.97,600,80,0
2026.03.14 18:00:00,111695.16,111741.62,111692.51,111724.02,600,80,0
2026.03.14 17:50:00,111725.16,111725.16,111695.21,111695.21,600,80,0
2026.03.14 17:40:00,111665.83,111732.71,111663.83,111725.21,600,80,0
2026.03.14 17:30:00,111695.83,111695.83,111665.88,111665.88,600,80,0
2026.03.14 17:20:00,111725.83,111725.83,111695.88,111695.88,600,80,0
2026.03.14 17:10:00,111714.23,111733.23,111691.68,111725.88,600,80,0
2026.03.14 17:00:00,111744.23,111744.23,111714.28,111714.28,600,80,0
2026.03.14 16:50:00,111682.60,111758.08,111678.95,111744.28,600,80,0
2026.03.14 16:40:00,111642.62,111685.15,111629.17,111682.65,600,80,0
2026.03.14 16:30:00,111622.22,111655.97,111605.62,111642.67,600,80,0
2026.03.14 16:20:00,111593.10,111649.47,111590.95,111622.27,600,80,0
2026.03.14 16:10:00,111594.07,111596.50,111567.52,111593.15,600,80,0
2026.03.14 16:00:00,111624.07,111624.07,111594.12,111594.12,600,80,0
2026.03.14 15:50:00,111576.07,111645.47,111572.37,111624.12,600,80,0
2026.03.14 15:40:00,111545.66,111577.32,111529.66,111576.12,600,80,0
2026.03.14 15:30:00,111575.66,111575.66,111545.71,111545.71,600,80,0
2026.03.14 15:20:00,111571.72,111601.06,111567.17,111575.71,600,80,0
2026.03.14 15:10:00,111601.72,111601.72,111571.77,111571.77,600,80,0
2026.03.14 15:00:00,111614.23,111614.23,111586.68,111601.77,600,80,0
2026.03.14 14:50:00,111596.57,111636.68,111590.92,111614.28,600,80,0
2026.03.14 14:40:00,111590.13,111598.17,111566.58,111596.62,600,80,0
2026.03.14 14:30:00,111599.08,111606.18,111585.18,111590.18,600,80,0
2026.03.14 14:20:00,111595.41,111605.33,111571.71,111599.13,600,80,0
2026.03.14 14:10:00,111579.95,111596.66,111551.25,111595.46,600,80,0
2026.03.14 14:00:00,111609.95,111609.95,111580.00,111580.00,600,80,0
2026.03.14 13:50:00,111639.95,111639.95,111610.00,111610.00,600,80,0
2026.03.14 13:40:00,111646.68,111646.68,111622.78,111640.00,600,80,0
2026.03.14 13:30:00,111655.40,111655.40,111628.40,111646.73,600,80,0
2026.03.14 13:20:00,111685.40,111685.40,111655.45,111655.45,600,80,0
2026.03.14 13:10:00,111655.88,111701.15,111647.43,111685.45,600,80,0
2026.03.14 13:00:00,111626.49,111667.23,111626.29,111655.93,600,80,0
2026.03.14 12:50:00,111634.68,111648.24,111626.48,111626.54,600,80,0
2026.03.14 12:40:00,111664.68,111664.68,111634.73,111634.73,600,80,0
2026.03.14 12:30:00,111694.68,111694.68,111664.73,111664.73,593,80,0
2026.03.14 12:20:00,111701.95,111701.95,111677.75,111694.73,600,80,0
2026.03.14 12:10:00,111731.95,111731.95,111702.00,111702.00,600,80,0
2026.03.14 12:00:00,111749.85,111749.85,111732.00,111732.00,358,80,0
2026.03.14 10:00:00,111753.20,111753.20,111749.85,111749.85,68,80,0
2026.03.14 09:50:00,111783.20,111783.20,111753.25,111753.25,600,80,0
2026.03.14 09:40:00,111696.67,111784.10,111691.62,111783.25,600,80,0
2026.03.14 09:30:00,111726.67,111726.67,111696.72,111696.72,600,80,0
2026.03.14 09:20:00,111756.67,111756.67,111726.72,111726.72,600,80,0
2026.03.14 09:10:00,111761.56,111772.57,111747.51,111756.72,600,80,0
2026.03.14 09:00:00,111791.56,111791.56,111761.61,111761.61,600,80,0
2026.03.14 08:50:00,111821.56,111821.56,111791.61,111791.61,600,80,0
2026.03.14 08:40:00,111740.77,111838.06,111736.32,111821.61,600,80,0
2026.03.14 08:30:00,111753.10,111753.10,111734.40,111740.82,600,80,0
2026.03.14 08:20:00,111783.10,111783.10,111753.15,111753.15,600,80,0
2026.03.14 08:10:00,111779.90,111783.90,111755.95,111783.15,600,80,0
2026.03.14 08:00:00,111755.33,111792.10,111742.03,111779.95,600,80,0
2026.03.14 07:50:00,111730.20,111777.88,111726.45,111755.38,600,80,0
2026.03.14 07:40:00,111742.97,111750.40,111730.25,111730.25,600,80,0
2026.03.14 07:30:00,111709.89,111746.72,111694.09,111743.02,600,80,0
2026.03.14 07:20:00,111668.85,111716.29,111659.35,111709.94,600,80,0
2026.03.14 07:10:00,111662.05,111670.00,111633.25,111668.90,600,80,0
2026.03.14 07:00:00,111692.05,111692.05,111662.10,111662.10,600,80,0
2026.03.14 06:50:00,111669.23,111694.75,111653.03,111692.10,600,80,0
2026.03.14 06:40:00,111699.23,111699.23,111669.28,111669.28,600,80,0
2026.03.14 06:30:00,111672.81,111713.03,111666.91,111699.28,600,80,0
2026.03.14 06:20:00,111702.81,111702.81,111672.86,111672.86,600,80,0
2026.03.14 06:10:00,111732.81,111732.81,111702.86,111702.86,600,80,0
2026.03.14 06:00:00,111717.05,111754.96,111709.25,111732.86,600,80,0
2026.03.14 05:50:00,111652.45,111725.00,111633.25,111717.10,600,80,0
2026.03.14 05:40:00,111644.41,111679.60,111641.61,111652.50,600,80,0
2026.03.14 05:30:00,111643.67,111668.56,111637.87,111644.46,600,80,0
2026.03.14 05:20:00,111673.67,111673.67,111643.72,111643.72,600,80,0
2026.03.14 05:10:00,111659.85,111678.02,111652.80,111673.72,600,80,0
2026.03.14 05:00:00,111648.21,111673.60,111635.06,111659.90,600,80,0
2026.03.14 04:50:00,111619.18,111666.31,111610.98,111648.26,600,80,0
2026.03.14 04:40:00,111649.18,111649.18,111619.23,111619.23,600,80,0
2026.03.14 04:30:00,111679.18,111679.18,111649.23,111649.23,600,80,0
2026.03.14 04:20:00,111646.57,111694.38,111642.32,111679.23,600,80,0
2026.03.14 04:10:00,111676.57,111676.57,111646.62,111646.62,600,80,0
2026.03.14 04:00:00,111647.47,111686.15,111645.92,111676.62,600,80,0
2026.03.14 03:50:00,111610.50,111664.77,111609.35,111647.52,600,80,0
2026.03.14 03:40:00,111614.53,111617.25,111591.33,111610.55,600,80,0
2026.03.14 03:30:00,111644.53,111644.53,111614.58,111614.58,600,80,0
2026.03.14 03:20:00,111674.53,111674.53,111644.58,111644.58,600,80,0
2026.03.14 03:10:00,111619.06,111676.23,111611.81,111674.58,600,80,0
2026.03.14 03:00:00,111649.06,111649.06,111619.11,111619.11,600,80,0
2026.03.14 02:50:00,111562.58,111667.96,111562.53,111649.11,600,80,0
2026.03.14 02:40:00,111562.26,111586.38,111556.11,111562.63,600,80,0
2026.03.14 02:30:00,111592.26,111592.26,111562.31,111562.31,600,80,0
2026.03.14 02:20:00,111577.03,111620.41,111575.23,111592.31,600,80,0
2026.03.14 02:10:00,111607.03,111607.03,111577.08,111577.08,600,80,0
2026.03.14 02:00:00,111637.03,111637.03,111607.08,111607.08,600,80,0
2026.03.14 01:50:00,111667.03,111667.03,111637.08,111637.08,600,80,0
2026.03.14 01:40:00,111697.03,111697.03,111667.08,111667.08,600,80,0
2026.03.14 01:30:00,111662.64,111713.88,111650.99,111697.08,600,80,0
2026.03.14 01:20:00,111649.51,111663.99,111620.91,111662.69,600,80,0
2026.03.14 01:10:00,111679.51,111679.51,111649.56,111649.56,600,80,0
2026.03.14 01:00:00,111677.79,111690.61,111658.94,111679.56,600,80,0
2026.03.14 00:50:00,111670.82,111679.44,111642.52,111677.84,600,80,0
2026.03.14 00:40:00,111665.15,111684.47,111648.85,111670.87,600,80,0
2026.03.14 00:30:00,111657.85,111691.65,111654.40,111665.20,600,80,0
2026.03.14 00:20:00,111663.64,111663.64,111637.34,111657.90,600,80,0
2026.03.14 00:10:00,111668.40,111688.34,111663.15,111663.69,600,80,0
2026.03.14 00:00:00,111698.40,111698.40,111668.45,111668.45,600,80,0
2026.03.13 23:50:00,111728.40,111728.40,111698.45,111698.45,600,80,0
2026.03.13 23:40:00,111740.42,111752.55,111728.45,111728.45,600,80,0
2026.03.13 23:30:00,111743.24,111768.27,111740.47,111740.47,600,80,0
2026.03.13 23:20:00,111739.31,111758.29,111724.41,111743.29,600,80,0
2026.03.13 23:10:00,111769.31,111769.31,111739.36,111739.36,600,80,0
2026.03.13 23:00:00,111783.35,111784.06,111768.15,111769.36,600,80,0
2026.03.13 22:50:00,111813.35,111813.35,111783.40,111783.40,600,80,0
2026.03.13 22:40:00,111813.48,111843.15,111813.33,111813.40,600,80,0
2026.03.13 22:30:00,111843.48,111843.48,111813.53,111813.53,600,80,0
2026.03.13 22:20:00,111808.54,111860.73,111799.29,111843.53,600,80,0
2026.03.13 22:10:00,111813.91,111813.91,111784.36,111808.59,600,80,0
2026.03.13 22:00:00,111843.91,111843.91,111813.96,111813.96,600,80,0
2026.03.13 21:50:00,111873.91,111873.91,111843.96,111843.96,600,80,0
2026.03.13 21:40:00,111872.32,111899.96,111868.42,111873.96,600,80,0
2026.03.13 21:30:00,111902.32,111902.32,111872.37,111872.37,600,80,0
2026.03.13 21:20:00,111880.52,111913.16,111878.12,111902.37,600,80,0
2026.03.13 21:10:00,111894.75,111894.75,111866.60,111880.57,600,80,0
2026.03.13 21:00:00,111924.75,111924.75,111894.80,111894.80,600,80,0
2026.03.13 20:50:00,111883.93,111930.20,111870.33,111924.80,600,80,0
2026.03.13 20:40:00,111913.93,111913.93,111883.98,111883.98,600,80,0
2026.03.13 20:30:00,111943.93,111943.93,111913.98,111913.98,600,80,0
2026.03.13 20:20:00,111973.93,111973.93,111943.98,111943.98,600,80,0
2026.03.13 20:10:00,111966.62,111977.83,111940.57,111973.98,600,80,0
2026.03.13 20:00:00,111974.11,111991.42,111966.67,111966.67,600,80,0
2026.03.13 19:50:00,111953.42,111987.71,111937.07,111974.16,600,80,0
2026.03.13 19:40:00,111939.32,111970.37,111938.42,111953.47,600,80,0
2026.03.13 19:30:00,111881.46,111947.37,111868.46,111939.37,600,80,0
2026.03.13 19:20:00,111894.16,111902.76,111881.51,111881.51,600,80,0
2026.03.13 19:10:00,111924.16,111924.16,111894.21,111894.21,600,80,0
2026.03.13 19:00:00,111928.31,111939.26,111913.46,111924.21,600,80,0
2026.03.13 18:50:00,111935.62,111936.81,111914.17,111928.36,600,80,0
2026.03.13 18:40:00,111965.62,111965.62,111935.67,111935.67,600,80,0
2026.03.13 18:30:00,111995.62,111995.62,111965.67,111965.67,600,80,0
2026.03.13 18:20:00,111996.57,112018.37,111989.37,111995.67,600,80,0
2026.03.13 18:10:00,111989.04,112024.12,111986.64,111996.62,600,80,0
2026.03.13 18:00:00,111895.61,111990.14,111890.66,111989.09,600,80,0
2026.03.13 17:50:00,111860.31,111913.91,111855.21,111895.66,600,80,0
2026.03.13 17:40:00,111890.31,111890.31,111860.36,111860.36,600,80,0
2026.03.13 17:30:00,111920.31,111920.31,111890.36,111890.36,600,80,0
2026.03.13 17:20:00,111950.31,111950.31,111920.36,111920.36,600,80,0
2026.03.13 17:10:00,111942.84,111955.96,111918.54,111950.36,600,80,0
2026.03.13 17:00:00,111972.84,111972.84,111942.89,111942.89,600,80,0
2026.03.13 16:50:00,112002.84,112002.84,111972.89,111972.89,600,80,0
2026.03.13 16:40:00,112032.84,112032.84,112002.89,112002.89,600,80,0
2026.03.13 16:30:00,112062.84,112062.84,112032.89,112032.89,600,80,0
2026.03.13 16:20:00,112092.84,112092.84,112062.89,112062.89,600,80,0
2026.03.13 16:10:00,112095.59,112100.69,112073.49,112092.89,600,80,0
2026.03.13 16:00:00,112125.59,112125.59,112095.64,112095.64,600,80,0
2026.03.13 15:50:00,112073.64,112129.59,112073.64,112125.64,600,80,0
2026.03.13 15:40:00,112079.33,112096.99,112072.73,112073.69,600,80,0
2026.03.13 15:30:00,112040.29,112087.83,112036.29,112079.38,600,80,0
2026.03.13 15:20:00,112037.07,112062.94,112029.77,112040.34,600,80,0
2026.03.13 15:10:00,112050.11,112053.97,112037.06,112037.12,600,80,0
2026.03.13 15:00:00,112023.60,112056.71,112015.98,112050.16,600,80,0
2026.03.13 14:50:00,111986.28,112027.65,111976.42,112023.65,600,80,0
2026.03.13 14:40:00,111982.05,111997.38,111974.65,111986.33,600,80,0
2026.03.13 14:30:00,111996.50,112006.55,111982.10,111982.10,600,80,0
2026.03.13 14:20:00,112026.50,112026.50,111996.55,111996.55,600,80,0
2026.03.13 14:10:00,112036.94,112049.20,112026.55,112026.55,600,80,0
2026.03.13 14:00:00,112066.94,112066.94,112036.99,112036.99,600,80,0
2026.03.13 13:50:00,112026.37,112078.59,112013.22,112066.99,600,80,0
2026.03.13 13:40:00,112056.37,112056.37,112026.42,112026.42,600,80,0
2026.03.13 13:30:00,112039.61,112070.07,112023.36,112056.42,600,80,0
2026.03.13 13:20:00,112069.61,112069.61,112039.66,112039.66,600,80,0
2026.03.13 13:10:00,111943.68,112078.21,111940.43,112069.66,600,80,0
2026.03.13 13:00:00,111930.34,111948.63,111924.19,111943.73,600,80,0
2026.03.13 12:50:00,111895.96,111934.44,111895.16,111930.39,600,80,0
2026.03.13 12:40:00,111889.52,111906.76,111870.37,111896.01,600,80,0
2026.03.13 12:30:00,111919.52,111919.52,111889.57,111889.57,600,80,0
2026.03.13 12:20:00,111886.24,111925.57,111862.74,111919.57,600,80,0
2026.03.13 12:10:00,111852.90,111898.84,111835.55,111886.29,600,80,0
2026.03.13 12:00:00,111882.90,111882.90,111852.95,111852.95,600,80,0
2026.03.13 11:50:00,111874.01,111888.10,111851.16,111882.95,600,80,0
2026.03.13 11:40:00,111851.15,111891.86,111847.35,111874.06,600,80,0
2026.03.13 11:30:00,111833.90,111880.55,111833.35,111851.20,600,80,0
2026.03.13 11:20:00,111756.26,111835.30,111752.91,111833.95,600,80,0
2026.03.13 11:10:00,111737.20,111758.41,111710.35,111756.31,600,80,0
2026.03.13 11:00:00,111715.91,111741.65,111694.46,111737.25,600,80,0
2026.03.13 10:50:00,111745.91,111745.91,111715.96,111715.96,600,80,0
2026.03.13 10:40:00,111745.91,111756.06,111726.11,111745.96,600,80,0
2026.03.13 10:30:00,111775.91,111775.91,111745.96,111745.96,600,80,0
2026.03.13 10:20:00,111755.70,111777.46,111732.10,111775.96,600,80,0
2026.03.13 10:10:00,111721.89,111766.85,111715.64,111755.75,600,80,0
2026.03.13 10:00:00,111692.36,111731.29,111691.56,111721.94,600,80,0
2026.03.13 09:50:00,111675.83,111698.26,111674.37,111692.41,600,80,0
2026.03.13 09:40:00,111677.69,111681.83,111653.74,111675.88,600,80,0
2026.03.13 09:30:00,111707.69,111707.69,111677.74,111677.74,600,80,0
2026.03.13 09:20:00,111663.85,111717.24,111659.20,111707.74,600,80,0
2026.03.13 09:10:00,111693.85,111693.85,111663.90,111663.90,600,80,0
2026.03.13 09:00:00,111723.85,111723.85,111693.90,111693.90,600,80,0
2026.03.13 08:50:00,111753.85,111753.85,111723.90,111723.90,600,80,0
2026.03.13 08:40:00,111632.52,111762.10,111623.62,111753.90,600,80,0
2026.03.13 08:30:00,111662.52,111662.52,111632.57,111632.57,600,80,0
2026.03.13 08:20:00,111692.52,111692.52,111662.57,111662.57,600,80,0
2026.03.13 08:10:00,111650.11,111695.47,111634.81,111692.57,600,80,0
2026.03.13 08:00:00,111680.11,111680.11,111650.16,111650.16,600,80,0
2026.03.13 07:50:00,111682.08,111696.46,111668.48,111680.16,600,80,0
2026.03.13 07:40:00,111695.31,111703.78,111682.13,111682.13,600,80,0
2026.03.13 07:30:00,111678.61,111715.86,111670.11,111695.36,600,80,0
2026.03.13 07:20:00,111678.56,111708.51,111678.51,111678.66,600,80,0
2026.03.13 07:10:00,111620.89,111686.31,111619.94,111678.61,600,80,0
2026.03.13 07:00:00,111650.89,111650.89,111620.94,111620.94,600,80,0
2026.03.13 06:50:00,111637.42,111654.99,111614.62,111650.94,600,80,0
2026.03.13 06:40:00,111667.42,111667.42,111637.47,111637.47,600,80,0
2026.03.13 06:30:00,111678.88,111678.88,111659.78,111667.47,600,80,0
2026.03.13 06:20:00,111708.88,111708.88,111678.93,111678.93,600,80,0
2026.03.13 06:10:00,111700.88,111727.08,111689.13,111708.93,600,80,0
2026.03.13 06:00:00,111594.37,111703.48,111582.92,111700.93,600,80,0
2026.03.13 05:50:00,111624.37,111624.37,111594.42,111594.42,600,80,0
2026.03.13 05:40:00,111638.81,111638.81,111620.06,111624.42,600,80,0
2026.03.13 05:30:00,111560.44,111640.16,111549.14,111638.86,600,80,0
2026.03.13 05:20:00,111590.44,111590.44,111560.49,111560.49,600,80,0
2026.03.13 05:10:00,111573.76,111597.69,111551.06,111590.49,600,80,0
2026.03.13 05:00:00,111603.76,111603.76,111573.81,111573.81,600,80,0
2026.03.13 04:50:00,111633.76,111633.76,111603.81,111603.81,600,80,0
2026.03.13 04:40:00,111599.60,111636.66,111585.85,111633.81,600,80,0
2026.03.13 04:30:00,111595.29,111624.40,111590.14,111599.65,600,80,0
2026.03.13 04:20:00,111603.36,111603.36,111580.56,111595.34,600,80,0
2026.03.13 04:10:00,111602.99,111621.86,111591.54,111603.41,600,80,0
2026.03.13 04:00:00,111612.22,111626.84,111603.04,111603.04,600,80,0
2026.03.13 03:50:00,111538.30,111614.37,111523.05,111612.27,600,80,0
2026.03.13 03:40:00,111549.41,111549.41,111519.71,111538.35,600,80,0
2026.03.13 03:30:00,111484.75,111562.76,111480.55,111549.46,600,80,0
2026.03.13 03:20:00,111514.75,111514.75,111484.80,111484.80,600,80,0
2026.03.13 03:10:00,111512.74,111538.30,111506.34,111514.80,600,80,0
2026.03.13 03:00:00,111510.95,111537.79,111506.05,111512.79,600,80,0
2026.03.13 02:50:00,111540.95,111540.95,111511.00,111511.00,600,80,0
2026.03.13 02:40:00,111486.17,111542.80,111463.07,111541.00,600,80,0
2026.03.13 02:30:00,111516.17,111516.17,111486.22,111486.22,600,80,0
2026.03.13 02:20:00,111529.85,111529.85,111506.75,111516.22,600,80,0
2026.03.13 02:10:00,111539.93,111553.70,111529.90,111529.90,600,80,0
2026.03.13 02:00:00,111455.93,111545.63,111448.23,111539.98,600,80,0
2026.03.13 01:50:00,111468.15,111470.68,111452.95,111455.98,600,80,0
2026.03.13 01:40:00,111451.08,111474.45,111427.43,111468.20,600,80,0
2026.03.13 01:30:00,111388.57,111462.38,111385.02,111451.13,600,80,0
2026.03.13 01:20:00,111388.53,111395.12,111365.13,111388.62,600,80,0
2026.03.13 01:10:00,111317.84,111412.48,111316.34,111388.58,600,80,0
2026.03.13 01:00:00,111266.77,111320.89,111260.12,111317.89,600,80,0
2026.03.13 00:50:00,111296.77,111296.77,111266.82,111266.82,600,80,0
2026.03.13 00:40:00,111290.87,111320.77,111284.92,111296.82,600,80,0
2026.03.13 00:30:00,111320.87,111320.87,111290.92,111290.92,600,80,0
2026.03.13 00:20:00,111350.87,111350.87,111320.92,111320.92,600,80,0
2026.03.13 00:10:00,111359.93,111375.82,111350.92,111350.92,600,80,0
2026.03.13 00:00:00,111389.93,111389.93,111359.98,111359.98,600,80,0
2026.03.12 23:50:00,111419.93,111419.93,111389.98,111389.98,600,80,0
2026.03.12 23:40:00,111403.88,111420.33,111378.88,111419.98,600,80,0
2026.03.12 23:30:00,111381.86,111431.38,111380.71,111403.93,600,80,0
2026.03.12 23:20:00,111324.38,111386.86,111314.48,111381.91,600,80,0
2026.03.12 23:10:00,111354.38,111354.38,111324.43,111324.43,600,80,0
2026.03.12 23:00:00,111384.38,111384.38,111354.43,111354.43,600,80,0
2026.03.12 22:50:00,111414.38,111414.38,111384.43,111384.43,600,80,0
2026.03.12 22:40:00,111424.04,111424.04,111403.34,111414.43,600,80,0
2026.03.12 22:30:00,111454.04,111454.04,111424.09,111424.09,600,80,0
2026.03.12 22:20:00,111463.54,111476.29,111454.09,111454.09,600,80,0
2026.03.12 22:10:00,111493.54,111493.54,111463.59,111463.59,600,80,0
2026.03.12 22:00:00,111487.80,111499.18,111479.00,111493.59,600,80,0
2026.03.12 21:50:00,111517.80,111517.80,111487.85,111487.85,600,80,0
2026.03.12 21:40:00,111512.42,111521.20,111495.87,111517.85,600,80,0
2026.03.12 21:30:00,111484.15,111525.97,111468.45,111512.47,600,80,0
2026.03.12 21:20:00,111514.15,111514.15,111484.20,111484.20,600,80,0
2026.03.12 21:10:00,111544.15,111544.15,111514.20,111514.20,600,80,0
2026.03.12 21:00:00,111533.88,111565.20,111525.93,111544.20,600,80,0
2026.03.12 20:50:00,111544.98,111551.63,111532.78,111533.93,600,80,0
2026.03.12 20:40:00,111453.40,111548.38,111439.45,111545.03,600,80,0
2026.03.12 20:30:00,111453.24,111470.40,111440.29,111453.45,600,80,0
2026.03.12 20:20:00,111374.75,111456.39,111365.55,111453.29,600,80,0
2026.03.12 20:10:00,111358.48,111388.10,111341.88,111374.80,600,80,0
2026.03.12 20:00:00,111388.48,111388.48,111358.53,111358.53,600,80,0
2026.03.12 19:50:00,111318.04,111389.33,111301.74,111388.53,600,80,0
2026.03.12 19:40:00,111348.04,111348.04,111318.09,111318.09,600,80,0
2026.03.12 19:30:00,111359.60,111372.94,111348.09,111348.09,600,80,0
2026.03.12 19:20:00,111364.36,111381.80,111356.61,111359.65,600,80,0
2026.03.12 19:10:00,111319.27,111376.16,111317.62,111364.41,600,80,0
2026.03.12 19:00:00,111324.63,111330.92,111306.33,111319.32,600,80,0
2026.03.12 18:50:00,111313.96,111335.18,111294.61,111324.68,600,80,0
2026.03.12 18:40:00,111292.57,111323.16,111279.92,111314.01,600,80,0
2026.03.12 18:30:00,111322.57,111322.57,111292.62,111292.62,600,80,0
2026.03.12 18:20:00,111324.95,111346.02,111318.45,111322.62,600,80,0
2026.03.12 18:10:00,111334.81,111341.35,111321.26,111325.00,600,80,0
2026.03.12 18:00:00,111364.81,111364.81,111334.86,111334.86,600,80,0
2026.03.12 17:50:00,111394.81,111394.81,111364.86,111364.86,600,80,0
2026.03.12 17:40:00,111331.47,111401.41,111320.27,111394.86,600,80,0
2026.03.12 17:30:00,111320.02,111335.17,111308.72,111331.52,600,80,0
2026.03.12 17:20:00,111320.39,111346.42,111316.84,111320.07,600,80,0
2026.03.12 17:10:00,111297.76,111322.74,111285.52,111320.44,600,80,0
2026.03.12 17:00:00,111274.51,111298.76,111255.66,111297.81,600,80,0
2026.03.12 16:50:00,111266.26,111292.71,111254.51,111274.56,600,80,0
2026.03.12 16:40:00,111268.72,111274.56,111247.07,111266.31,600,80,0
2026.03.12 16:30:00,111261.04,111284.92,111247.29,111268.77,600,80,0
2026.03.12 16:20:00,111291.04,111291.04,111261.09,111261.09,600,80,0
2026.03.12 16:10:00,111321.04,111321.04,111291.09,111291.09,600,80,0
2026.03.12 16:00:00,111296.28,111331.14,111290.08,111321.09,600,80,0
2026.03.12 15:50:00,111326.28,111326.28,111296.33,111296.33,600,80,0
2026.03.12 15:40:00,111356.28,111356.28,111326.33,111326.33,600,80,0
2026.03.12 15:30:00,111386.28,111386.28,111356.33,111356.33,600,80,0
2026.03.12 15:20:00,111360.25,111390.93,111336.60,111386.33,600,80,0
2026.03.12 15:10:00,111337.26,111366.45,111321.31,111360.30,600,80,0
2026.03.12 15:00:00,111367.26,111367.26,111337.31,111337.31,600,80,0
2026.03.12 14:50:00,111357.36,111375.36,111335.51,111367.31,600,80,0
2026.03.12 14:40:00,111311.86,111373.26,111311.21,111357.41,600,80,0
2026.03.12 14:30:00,111341.86,111341.86,111311.91,111311.91,600,80,0
2026.03.12 14:20:00,111314.01,111345.31,111298.91,111341.91,600,80,0
2026.03.12 14:10:00,111344.01,111344.01,111314.06,111314.06,600,80,0
2026.03.12 14:00:00,111325.02,111344.41,111306.02,111344.06,600,80,0
2026.03.12 13:50:00,111313.54,111338.57,111297.14,111325.07,600,80,0
2026.03.12 13:40:00,111301.69,111340.84,111299.04,111313.59,600,80,0
2026.03.12 13:30:00,111294.42,111329.89,111292.67,111301.74,600,80,0
2026.03.12 13:20:00,111324.42,111324.42,111294.47,111294.47,600,80,0
2026.03.12 13:10:00,111354.42,111354.42,111324.47,111324.47,600,80,0
2026.03.12 13:00:00,111350.61,111362.17,111328.41,111354.47,600,80,0
2026.03.12 12:50:00,111380.61,111380.61,111350.66,111350.66,600,80,0
2026.03.12 12:40:00,111395.08,111407.86,111380.66,111380.66,600,80,0
2026.03.12 12:30:00,111353.53,111396.18,111330.58,111395.13,600,80,0
2026.03.12 12:20:00,111383.53,111383.53,111353.58,111353.58,600,80,0
2026.03.12 12:10:00,111379.59,111394.58,111360.69,111383.58,600,80,0
2026.03.12 12:00:00,111383.48,111389.19,111363.13,111379.64,600,80,0
2026.03.12 11:50:00,111368.46,111406.78,111361.81,111383.53,600,80,0
2026.03.12 11:40:00,111368.10,111395.61,111365.30,111368.51,600,80,0
2026.03.12 11:30:00,111398.10,111398.10,111368.15,111368.15,600,80,0
2026.03.12 11:20:00,111325.68,111400.70,111322.03,111398.15,600,80,0
2026.03.12 11:10:00,111334.52,111352.98,111325.73,111325.73,600,80,0
2026.03.12 11:00:00,111364.52,111364.52,111334.57,111334.57,600,80,0
2026.03.12 10:50:00,111394.52,111394.52,111364.57,111364.57,600,80,0
2026.03.12 10:40:00,111424.52,111424.52,111394.57,111394.57,600,80,0
2026.03.12 10:30:00,111454.52,111454.52,111424.57,111424.57,600,80,0
2026.03.12 10:20:00,111484.52,111484.52,111454.57,111454.57,600,80,0
2026.03.12 10:10:00,111514.52,111514.52,111484.57,111484.57,600,80,0
2026.03.12 10:00:00,111409.78,111519.87,111402.98,111514.57,600,80,0
2026.03.12 09:50:00,111439.78,111439.78,111409.83,111409.83,600,80,0
2026.03.12 09:40:00,111388.69,111443.38,111381.99,111439.83,600,80,0
2026.03.12 09:30:00,111418.69,111418.69,111388.74,111388.74,600,80,0
2026.03.12 09:20:00,111394.14,111433.24,111378.74,111418.74,600,80,0
2026.03.12 09:10:00,111370.89,111405.29,111360.34,111394.19,600,80,0
2026.03.12 09:00:00,111384.30,111384.30,111366.85,111370.94,600,80,0
2026.03.12 08:50:00,111414.30,111414.30,111384.35,111384.35,600,80,0
2026.03.12 08:40:00,111444.30,111444.30,111414.35,111414.35,600,80,0
2026.03.12 08:30:00,111429.33,111457.00,111426.33,111444.35,600,80,0
2026.03.12 08:20:00,111258.27,111431.18,111257.62,111429.38,600,80,0
2026.03.12 08:10:00,111288.27,111288.27,111258.32,111258.32,600,80,0
2026.03.12 08:00:00,111302.32,111303.02,111287.12,111288.32,600,80,0
2026.03.12 07:50:00,111290.99,111303.37,111262.09,111302.37,600,80,0
2026.03.12 07:40:00,111264.29,111312.89,111260.94,111291.04,600,80,0
2026.03.12 07:30:00,111260.26,111276.54,111242.56,111264.34,600,80,0
2026.03.12 07:20:00,111267.55,111278.21,111255.55,111260.31,600,80,0
2026.03.12 07:10:00,111245.31,111272.75,111220.56,111267.60,600,80,0
2026.03.12 07:00:00,111256.36,111256.36,111237.36,111245.36,600,80,0
2026.03.12 06:50:00,111244.96,111258.36,111217.01,111256.41,600,80,0
2026.03.12 06:40:00,111249.70,111253.01,111227.80,111245.01,600,80,0
2026.03.12 06:30:00,111279.70,111279.70,111249.75,111249.75,600,80,0
2026.03.12 06:20:00,111309.70,111309.70,111279.75,111279.75,600,80,0
2026.03.12 06:10:00,111303.66,111322.95,111289.56,111309.75,600,80,0
2026.03.12 06:00:00,111311.25,111315.26,111292.90,111303.71,600,80,0
2026.03.12 05:50:00,111341.25,111341.25,111311.30,111311.30,600,80,0
2026.03.12 05:40:00,111332.52,111351.50,111312.82,111341.30,600,80,0
2026.03.12 05:30:00,111345.40,111345.40,111318.85,111332.57,600,80,0
2026.03.12 05:20:00,111359.57,111359.57,111342.17,111345.45,600,80,0
2026.03.12 05:10:00,111345.83,111387.57,111343.88,111359.62,600,80,0
2026.03.12 05:00:00,111280.28,111356.88,111270.63,111345.88,600,80,0
2026.03.12 04:50:00,111310.28,111310.28,111280.33,111280.33,600,80,0
2026.03.12 04:40:00,111267.25,111335.03,111264.00,111310.33,600,80,0
2026.03.12 04:30:00,111264.86,111294.90,111262.56,111267.30,600,80,0
2026.03.12 04:20:00,111217.55,111273.11,111200.95,111264.91,600,80,0
2026.03.12 04:10:00,111163.87,111235.50,111153.52,111217.60,600,80,0
2026.03.12 04:00:00,111193.87,111193.87,111163.92,111163.92,600,80,0
2026.03.12 03:50:00,111181.33,111209.97,111176.18,111193.92,600,80,0
2026.03.12 03:40:00,111148.59,111181.53,111120.04,111181.38,600,80,0
2026.03.12 03:30:00,111178.59,111178.59,111148.64,111148.64,600,80,0
2026.03.12 03:20:00,111208.59,111208.59,111178.64,111178.64,600,80,0
2026.03.12 03:10:00,111215.64,111220.89,111197.99,111208.64,600,80,0
2026.03.12 03:00:00,111222.37,111241.44,111215.69,111215.69,600,80,0
2026.03.12 02:50:00,111252.37,111252.37,111222.42,111222.42,600,80,0
2026.03.12 02:40:00,111261.46,111261.46,111237.46,111252.42,600,80,0
2026.03.12 02:30:00,111260.90,111270.41,111239.90,111261.51,600,80,0
2026.03.12 02:20:00,111274.73,111274.73,111247.83,111260.95,600,80,0
2026.03.12 02:10:00,111304.73,111304.73,111274.78,111274.78,600,80,0
2026.03.12 02:00:00,111334.73,111334.73,111304.78,111304.78,600,80,0
2026.03.12 01:50:00,111364.73,111364.73,111334.78,111334.78,600,80,0
2026.03.12 01:40:00,111368.04,111380.23,111353.59,111364.78,600,80,0
2026.03.12 01:30:00,111398.04,111398.04,111368.09,111368.09,600,80,0
2026.03.12 01:20:00,111401.73,111401.73,111373.83,111398.09,600,80,0
2026.03.12 01:10:00,111368.99,111402.03,111348.49,111401.78,600,80,0
2026.03.12 01:00:00,111363.76,111369.19,111334.01,111369.04,600,80,0
2026.03.12 00:50:00,111393.76,111393.76,111363.81,111363.81,600,80,0
2026.03.12 00:40:00,111401.80,111414.36,111392.45,111393.81,600,80,0
2026.03.12 00:30:00,111398.16,111406.30,111372.71,111401.85,600,80,0
2026.03.12 00:20:00,111428.16,111428.16,111398.21,111398.21,600,80,0
2026.03.12 00:10:00,111412.48,111440.31,111394.68,111428.21,600,80,0
2026.03.12 00:00:00,111442.48,111442.48,111412.53,111412.53,600,80,0
2026.03.11 23:50:00,111358.91,111445.53,111338.76,111442.53,600,80,0
2026.03.11 23:40:00,111334.40,111366.71,111312.25,111358.96,600,80,0
2026.03.11 23:30:00,111364.40,111364.40,111334.45,111334.45,600,80,0
2026.03.11 23:20:00,111355.88,111368.28,111344.18,111364.45,600,80,0
2026.03.11 23:10:00,111385.88,111385.88,111355.93,111355.93,600,80,0
2026.03.11 23:00:00,111375.18,111404.98,111364.33,111385.93,600,80,0
2026.03.11 22:50:00,111381.82,111401.68,111375.23,111375.23,600,80,0
2026.03.11 22:40:00,111411.82,111411.82,111381.87,111381.87,600,80,0
2026.03.11 22:30:00,111441.82,111441.82,111411.87,111411.87,600,80,0
2026.03.11 22:20:00,111471.82,111471.82,111441.87,111441.87,600,80,0
2026.03.11 22:10:00,111501.87,111501.87,111471.87,111471.87,601,80,0
2026.03.11 22:00:00,111531.82,111531.82,111501.92,111501.92,599,80,0
2026.03.11 21:50:00,111545.78,111545.78,111518.33,111531.87,600,80,0
2026.03.11 21:40:00,111575.78,111575.78,111545.83,111545.83,600,80,0
2026.03.11 21:30:00,111583.84,111585.38,111563.49,111575.83,600,80,0
2026.03.11 21:20:00,111448.79,111590.89,111436.69,111583.89,600,80,0
2026.03.11 21:10:00,111478.79,111478.79,111448.84,111448.84,600,80,0
2026.03.11 21:00:00,111481.19,111491.84,111464.29,111478.84,600,80,0
2026.03.11 20:50:00,111483.78,111508.69,111481.24,111481.24,600,80,0
2026.03.11 20:40:00,111482.64,111489.13,111458.04,111483.83,600,80,0
2026.03.11 20:30:00,111512.64,111512.64,111482.69,111482.69,600,80,0
2026.03.11 20:20:00,111542.64,111542.64,111512.69,111512.69,600,80,0
2026.03.11 20:10:00,111572.64,111572.64,111542.69,111542.69,600,80,0
2026.03.11 20:00:00,111602.64,111602.64,111572.69,111572.69,600,80,0
2026.03.11 19:50:00,111560.30,111621.39,111550.00,111602.69,600,80,0
2026.03.11 19:40:00,111497.35,111572.90,111484.70,111560.35,600,80,0
2026.03.11 19:30:00,111510.51,111519.65,111497.40,111497.40,600,80,0
2026.03.11 19:20:00,111510.14,111539.36,111509.04,111510.56,600,80,0
2026.03.11 19:10:00,111506.95,111525.24,111492.10,111510.19,600,80,0
2026.03.11 19:00:00,111536.95,111536.95,111507.00,111507.00,600,80,0
2026.03.11 18:50:00,111566.95,111566.95,111537.00,111537.00,600,80,0
2026.03.11 18:40:00,111596.95,111596.95,111567.00,111567.00,600,80,0
2026.03.11 18:30:00,111626.95,111626.95,111597.00,111597.00,600,80,0
2026.03.11 18:20:00,111612.24,111630.80,111586.14,111627.00,600,80,0
2026.03.11 18:10:00,111614.85,111624.89,111597.55,111612.29,600,80,0
2026.03.11 18:00:00,111594.15,111619.30,111577.45,111614.90,600,80,0
2026.03.11 17:50:00,111551.43,111609.15,111542.63,111594.20,600,80,0
2026.03.11 17:40:00,111581.43,111581.43,111551.48,111551.48,600,80,0
2026.03.11 17:30:00,111578.02,111600.78,111567.42,111581.48,600,80,0
2026.03.11 17:20:00,111608.02,111608.02,111578.07,111578.07,600,80,0
2026.03.11 17:10:00,111607.52,111613.52,111583.07,111608.07,600,80,0
2026.03.11 17:00:00,111637.52,111637.52,111607.57,111607.57,600,80,0
2026.03.11 16:50:00,111617.97,111643.72,111611.02,111637.57,600,80,0
2026.03.11 16:40:00,111549.72,111621.72,111540.22,111618.02,600,80,0
2026.03.11 16:30:00,111579.72,111579.72,111549.77,111549.77,600,80,0
2026.03.11 16:20:00,111609.72,111609.72,111579.77,111579.77,600,80,0
2026.03.11 16:10:00,111603.95,111622.22,111597.70,111609.77,600,80,0
2026.03.11 16:00:00,111563.43,111622.65,111562.13,111604.00,600,80,0
2026.03.11 15:50:00,111576.45,111585.08,111563.48,111563.48,600,80,0
2026.03.11 15:40:00,111606.45,111606.45,111576.50,111576.50,600,80,0
2026.03.11 15:30:00,111567.39,111629.05,111560.14,111606.50,600,80,0
2026.03.11 15:20:00,111489.18,111568.74,111464.28,111567.44,600,80,0
2026.03.11 15:10:00,111448.17,111500.23,111429.32,111489.23,600,80,0
2026.03.11 15:00:00,111478.17,111478.17,111448.22,111448.22,600,80,0
2026.03.11 14:50:00,111466.51,111491.22,111449.61,111478.22,600,80,0
2026.03.11 14:40:00,111496.51,111496.51,111466.56,111466.56,600,80,0
2026.03.11 14:30:00,111434.83,111507.11,111431.88,111496.56,600,80,0
2026.03.11 14:20:00,111428.31,111448.23,111411.76,111434.88,600,80,0
2026.03.11 14:10:00,111458.31,111458.31,111428.36,111428.36,600,80,0
2026.03.11 14:00:00,111458.52,111475.21,111445.47,111458.36,600,80,0
2026.03.11 13:50:00,111472.91,111487.42,111458.57,111458.57,600,80,0
2026.03.11 13:40:00,111459.46,111482.51,111439.11,111472.96,600,80,0
2026.03.11 13:30:00,111469.49,111473.21,111453.29,111459.51,600,80,0
2026.03.11 13:20:00,111439.21,111478.54,111419.76,111469.54,600,80,0
2026.03.11 13:10:00,111469.21,111469.21,111439.26,111439.26,600,80,0
2026.03.11 13:00:00,111499.21,111499.21,111469.26,111469.26,600,80,0
2026.03.11 12:50:00,111529.21,111529.21,111499.26,111499.26,600,80,0
2026.03.11 12:40:00,111559.21,111559.21,111529.26,111529.26,600,80,0
2026.03.11 12:30:00,111522.07,111559.61,111511.17,111559.26,600,80,0
2026.03.11 12:20:00,111481.05,111525.97,111471.05,111522.12,600,80,0
2026.03.11 12:10:00,111511.05,111511.05,111481.10,111481.10,600,80,0
2026.03.11 12:00:00,111509.66,111529.70,111498.36,111511.10,600,80,0
2026.03.11 11:50:00,111499.41,111522.26,111488.16,111509.71,600,80,0
2026.03.11 11:40:00,111529.41,111529.41,111499.46,111499.46,600,80,0
2026.03.11 11:30:00,111513.00,111557.56,111511.20,111529.46,600,80,0
2026.03.11 11:20:00,111502.31,111534.50,111493.86,111513.05,600,80,0
2026.03.11 11:10:00,111509.44,111529.86,111502.36,111502.36,600,80,0
2026.03.11 11:00:00,111539.44,111539.44,111509.49,111509.49,600,80,0
2026.03.11 10:50:00,111530.14,111550.89,111511.64,111539.49,600,80,0
2026.03.11 10:40:00,111560.14,111560.14,111530.19,111530.19,600,80,0
2026.03.11 10:30:00,111590.14,111590.14,111560.19,111560.19,600,80,0
2026.03.11 10:20:00,111620.14,111620.14,111590.19,111590.19,600,80,0
2026.03.11 10:10:00,111607.29,111638.19,111595.39,111620.19,600,80,0
2026.03.11 10:00:00,111637.29,111637.29,111607.34,111607.34,600,80,0
2026.03.11 09:50:00,111667.29,111667.29,111637.34,111637.34,600,80,0
2026.03.11 09:40:00,111657.23,111671.44,111631.43,111667.34,600,80,0
2026.03.11 09:30:00,111632.41,111664.33,111626.56,111657.28,600,80,0
2026.03.11 09:20:00,111662.41,111662.41,111632.46,111632.46,600,80,0
2026.03.11 09:10:00,111655.96,111689.01,111652.61,111662.46,600,80,0
2026.03.11 09:00:00,111670.03,111680.76,111656.01,111656.01,600,80,0
2026.03.11 08:50:00,111655.05,111678.58,111640.55,111670.08,600,80,0
2026.03.11 08:40:00,111637.60,111660.00,111631.85,111655.10,600,80,0
2026.03.11 08:30:00,111667.60,111667.60,111637.65,111637.65,600,80,0
2026.03.11 08:20:00,111697.60,111697.60,111667.65,111667.65,600,80,0
2026.03.11 08:10:00,111699.46,111699.46,111671.31,111697.65,600,80,0
2026.03.11 08:00:00,111729.46,111729.46,111699.51,111699.51,600,80,0
2026.03.11 07:50:00,111736.66,111746.36,111723.61,111729.51,600,80,0
2026.03.11 07:40:00,111766.66,111766.66,111736.71,111736.71,600,80,0
2026.03.11 07:30:00,111734.42,111782.31,111731.17,111766.71,600,80,0
2026.03.11 07:20:00,111725.30,111751.77,111712.70,111734.47,600,80,0
2026.03.11 07:10:00,111755.30,111755.30,111725.35,111725.35,600,80,0
2026.03.11 07:00:00,111785.30,111785.30,111755.35,111755.35,600,80,0
2026.03.11 06:50:00,111815.30,111815.30,111785.35,111785.35,600,80,0
2026.03.11 06:40:00,111823.81,111839.25,111815.35,111815.35,600,80,0
2026.03.11 06:30:00,111853.81,111853.81,111823.86,111823.86,600,80,0
2026.03.11 06:20:00,111864.68,111864.68,111835.68,111853.86,600,80,0
2026.03.11 06:10:00,111857.35,111891.13,111853.85,111864.73,600,80,0
2026.03.11 06:00:00,111791.71,111863.65,111789.41,111857.40,600,80,0
2026.03.11 05:50:00,111792.67,111794.71,111765.72,111791.76,600,80,0
2026.03.11 05:40:00,111785.01,111814.57,111776.96,111792.72,600,80,0
2026.03.11 05:30:00,111798.15,111801.16,111784.35,111785.06,600,80,0
2026.03.11 05:20:00,111808.84,111825.70,111798.20,111798.20,600,80,0
2026.03.11 05:10:00,111838.84,111838.84,111808.89,111808.89,600,80,0
2026.03.11 05:00:00,111843.92,111856.64,111831.77,111838.89,600,80,0
2026.03.11 04:50:00,111816.03,111847.18,111808.53,111843.97,600,80,0
2026.03.11 04:40:00,111846.03,111846.03,111816.08,111816.08,600,80,0
2026.03.11 04:30:00,111797.21,111856.08,111793.56,111846.08,600,80,0
2026.03.11 04:20:00,111827.21,111827.21,111797.26,111797.26,600,80,0
2026.03.11 04:10:00,111814.55,111848.11,111812.70,111827.26,600,80,0
2026.03.11 04:00:00,111816.42,111833.35,111805.27,111814.60,600,80,0
2026.03.11 03:50:00,111827.38,111827.38,111801.73,111816.47,600,80,0
2026.03.11 03:40:00,111829.95,111834.23,111806.85,111827.43,600,80,0
2026.03.11 03:30:00,111859.95,111859.95,111830.00,111830.00,600,80,0
2026.03.11 03:20:00,111889.95,111889.95,111860.00,111860.00,600,80,0
2026.03.11 03:10:00,111852.42,111905.00,111848.27,111890.00,600,80,0
2026.03.11 03:00:00,111882.42,111882.42,111852.47,111852.47,600,80,0
2026.03.11 02:50:00,111912.42,111912.42,111882.47,111882.47,600,80,0
2026.03.11 02:40:00,111903.41,111922.02,111883.06,111912.47,600,80,0
2026.03.11 02:30:00,111869.28,111925.66,111861.58,111903.46,600,80,0
2026.03.11 02:20:00,111899.28,111899.28,111869.33,111869.33,600,80,0
2026.03.11 02:10:00,111901.55,111905.23,111877.55,111899.33,600,80,0
2026.03.11 02:00:00,111877.17,111906.65,111852.32,111901.60,600,80,0
2026.03.11 01:50:00,111886.18,111886.18,111856.23,111856.23,600,80,0
2026.03.11 01:40:00,111879.57,111889.88,111870.72,111886.23,600,80,0
2026.03.11 01:30:00,111878.02,111885.62,111854.12,111879.62,600,80,0
2026.03.11 01:20:00,111815.26,111880.72,111806.01,111878.07,600,80,0
2026.03.11 01:10:00,111845.26,111845.26,111815.31,111815.31,600,80,0
2026.03.11 01:00:00,111875.26,111875.26,111845.31,111845.31,600,80,0
2026.03.11 00:50:00,111847.77,111886.56,111833.67,111875.31,600,80,0
2026.03.11 00:40:00,111843.97,111851.27,111817.52,111847.82,600,80,0
2026.03.11 00:30:00,111842.32,111863.42,111831.82,111844.02,600,80,0
2026.03.11 00:20:00,111830.09,111855.77,111817.39,111842.37,600,80,0
2026.03.11 00:10:00,111839.23,111854.84,111830.14,111830.14,600,80,0
2026.03.11 00:00:00,111869.23,111869.23,111839.28,111839.28,600,80,0
2026.03.10 23:50:00,111899.23,111899.23,111869.28,111869.28,600,80,0
2026.03.10 23:40:00,111929.23,111929.23,111899.28,111899.28,600,80,0
2026.03.10 23:30:00,111937.34,111954.33,111929.28,111929.28,600,80,0
2026.03.10 23:20:00,111930.09,111939.54,111909.49,111937.39,600,80,0
2026.03.10 23:10:00,111960.09,111960.09,111930.14,111930.14,600,80,0
2026.03.10 23:00:00,111935.50,111975.89,111921.35,111960.14,600,80,0
2026.03.10 22:50:00,111927.97,111954.25,111916.77,111935.55,600,80,0
2026.03.10 22:40:00,111957.97,111957.97,111928.02,111928.02,600,80,0
2026.03.10 22:30:00,111987.97,111987.97,111958.02,111958.02,600,80,0
2026.03.10 22:20:00,111933.59,112004.47,111920.24,111988.02,600,80,0
2026.03.10 22:10:00,111928.83,111945.14,111910.43,111933.64,600,80,0
2026.03.10 22:00:00,111935.48,111947.73,111924.43,111928.88,600,80,0
2026.03.10 21:50:00,111823.72,111937.88,111820.52,111935.53,600,80,0
2026.03.10 21:40:00,111832.87,111851.07,111823.77,111823.77,600,80,0
2026.03.10 21:30:00,111844.06,111862.32,111832.92,111832.92,600,80,0
2026.03.10 21:20:00,111874.06,111874.06,111844.11,111844.11,600,80,0
2026.03.10 21:10:00,111883.99,111890.16,111870.14,111874.11,600,80,0
2026.03.10 21:00:00,111896.05,111896.05,111877.55,111884.04,600,80,0
2026.03.10 20:50:00,111926.05,111926.05,111896.10,111896.10,600,80,0
2026.03.10 20:40:00,111892.25,111936.40,111887.85,111926.10,600,80,0
2026.03.10 20:30:00,111922.25,111922.25,111892.30,111892.30,600,80,0
2026.03.10 20:20:00,111952.25,111952.25,111922.30,111922.30,600,80,0
2026.03.10 20:10:00,111932.76,111956.45,111911.61,111952.30,600,80,0
2026.03.10 20:00:00,111962.76,111962.76,111932.81,111932.81,600,80,0
2026.03.10 19:50:00,111992.76,111992.76,111962.81,111962.81,600,80,0
2026.03.10 19:40:00,112022.76,112022.76,111992.81,111992.81,600,80,0
2026.03.10 19:30:00,112052.76,112052.76,112022.81,112022.81,600,80,0
2026.03.10 19:20:00,112082.76,112082.76,112052.81,112052.81,600,80,0
2026.03.10 19:10:00,112071.01,112087.66,112045.96,112082.81,600,80,0
2026.03.10 19:00:00,112101.01,112101.01,112071.06,112071.06,600,80,0
2026.03.10 18:50:00,112100.46,112130.36,112099.86,112101.06,600,80,0
2026.03.10 18:40:00,112044.10,112113.31,112043.55,112100.51,600,80,0
2026.03.10 18:30:00,112046.48,112067.20,112039.63,112044.15,600,80,0
2026.03.10 18:20:00,112015.30,112060.93,112002.25,112046.53,600,80,0
2026.03.10 18:10:00,111995.17,112042.15,111992.07,112015.35,600,80,0
2026.03.10 18:00:00,111998.99,111998.99,111972.64,111995.22,600,80,0
2026.03.10 17:50:00,111926.46,112001.79,111926.41,111999.04,600,80,0
2026.03.10 17:40:00,111936.41,111949.26,111926.51,111926.51,600,80,0
2026.03.10 17:30:00,111911.91,111965.11,111911.76,111936.46,600,80,0
2026.03.10 17:20:00,111926.05,111927.51,111911.70,111911.96,600,80,0
2026.03.10 17:10:00,111934.91,111934.91,111911.21,111926.10,600,80,0
2026.03.10 17:00:00,111927.52,111948.06,111910.72,111934.96,600,80,0
2026.03.10 16:50:00,111896.01,111945.12,111890.01,111927.57,600,80,0
2026.03.10 16:40:00,111926.01,111926.01,111896.06,111896.06,600,80,0
2026.03.10 16:30:00,111878.01,111945.51,111870.76,111926.06,600,80,0
2026.03.10 16:20:00,111908.01,111908.01,111878.06,111878.06,600,80,0
2026.03.10 16:10:00,111938.01,111938.01,111908.06,111908.06,600,80,0
2026.03.10 16:00:00,111968.01,111968.01,111938.06,111938.06,600,80,0
2026.03.10 15:50:00,111961.13,111975.86,111939.03,111968.06,600,80,0
2026.03.10 15:40:00,111950.15,111990.98,111950.05,111961.18,600,80,0
2026.03.10 15:30:00,111928.08,111976.55,111928.03,111950.20,600,80,0
2026.03.10 15:20:00,111958.08,111958.08,111928.13,111928.13,600,80,0
2026.03.10 15:10:00,111988.08,111988.08,111958.13,111958.13,600,80,0
2026.03.10 15:00:00,111958.89,111989.48,111949.34,111988.13,600,80,0
2026.03.10 14:50:00,111954.46,111972.69,111938.31,111958.94,600,80,0
2026.03.10 14:40:00,111918.39,111963.11,111914.54,111954.51,600,80,0
2026.03.10 14:30:00,111948.39,111948.39,111918.44,111918.44,600,80,0
2026.03.10 14:20:00,111978.39,111978.39,111948.44,111948.44,600,80,0
2026.03.10 14:10:00,111980.15,111984.19,111956.00,111978.44,600,80,0
2026.03.10 14:00:00,111983.15,111983.85,111956.90,111980.20,600,80,0
2026.03.10 13:50:00,111995.86,111995.86,111974.91,111983.20,600,80,0
2026.03.10 13:40:00,111999.67,112006.11,111979.97,111995.91,600,80,0
2026.03.10 13:30:00,112029.67,112029.67,111999.72,111999.72,600,80,0
2026.03.10 13:20:00,112029.96,112033.42,112003.76,112029.72,600,80,0
2026.03.10 13:10:00,112059.96,112059.96,112030.01,112030.01,600,80,0
2026.03.10 13:00:00,112063.63,112073.71,112047.43,112060.01,600,80,0
2026.03.10 12:50:00,112093.63,112093.63,112063.68,112063.68,600,80,0
2026.03.10 12:40:00,112081.24,112105.73,112074.39,112093.68,600,80,0
2026.03.10 12:30:00,112111.24,112111.24,112081.29,112081.29,600,80,0
2026.03.10 12:20:00,112113.95,112113.95,112084.75,112111.29,600,80,0
2026.03.10 12:10:00,112143.95,112143.95,112114.00,112114.00,600,80,0
2026.03.10 12:00:00,112173.95,112173.95,112144.00,112144.00,600,80,0
2026.03.10 11:50:00,112150.58,112175.35,112143.23,112174.00,600,80,0
2026.03.10 11:40:00,112180.58,112180.58,112150.63,112150.63,600,80,0
2026.03.10 11:30:00,112210.58,112210.58,112180.63,112180.63,600,80,0
2026.03.10 11:20:00,112240.58,112240.58,112210.63,112210.63,600,80,0
2026.03.10 11:10:00,112255.54,112255.54,112225.89,112240.63,600,80,0
2026.03.10 11:00:00,112285.54,112285.54,112255.59,112255.59,600,80,0
2026.03.10 10:50:00,112287.08,112312.64,112284.23,112285.59,600,80,0
2026.03.10 10:40:00,112268.03,112314.08,112265.08,112287.13,600,80,0
2026.03.10 10:30:00,112298.03,112298.03,112268.08,112268.08,600,80,0
2026.03.10 10:20:00,112302.69,112312.28,112286.99,112298.08,600,80,0
2026.03.10 10:10:00,112332.69,112332.69,112302.74,112302.74,600,80,0
2026.03.10 10:00:00,112362.69,112362.69,112332.74,112332.74,600,80,0
2026.03.10 09:50:00,112361.62,112374.99,112343.97,112362.74,600,80,0
2026.03.10 09:40:00,112391.62,112391.62,112361.67,112361.67,600,80,0
2026.03.10 09:30:00,112344.77,112392.22,112331.67,112391.67,600,80,0
2026.03.10 09:20:00,112328.03,112358.47,112311.78,112344.82,600,80,0
2026.03.10 09:10:00,112276.13,112335.88,112263.78,112328.08,600,80,0
2026.03.10 09:00:00,112257.95,112284.83,112244.60,112276.18,600,80,0
2026.03.10 08:50:00,112287.95,112287.95,112258.00,112258.00,600,80,0
2026.03.10 08:40:00,112246.97,112295.05,112244.87,112288.00,600,80,0
2026.03.10 08:30:00,112237.84,112276.87,112237.79,112247.02,600,80,0
2026.03.10 08:20:00,112242.45,112242.45,112213.00,112237.89,600,80,0
2026.03.10 08:10:00,112272.45,112272.45,112242.50,112242.50,600,80,0
2026.03.10 08:00:00,112268.31,112288.65,112254.56,112272.50,600,80,0
2026.03.10 07:50:00,112298.31,112298.31,112268.36,112268.36,600,80,0
2026.03.10 07:40:00,112328.31,112328.31,112298.36,112298.36,600,80,0
2026.03.10 07:30:00,112274.30,112340.51,112267.15,112328.36,600,80,0
2026.03.10 07:20:00,112267.56,112296.30,112259.61,112274.35,600,80,0
2026.03.10 07:10:00,112268.19,112271.81,112242.49,112267.61,600,80,0
2026.03.10 07:00:00,112247.20,112278.44,112242.30,112268.24,600,80,0
2026.03.10 06:50:00,112177.73,112251.50,112168.28,112247.25,600,80,0
2026.03.10 06:40:00,112207.73,112207.73,112177.78,112177.78,600,80,0
2026.03.10 06:30:00,112152.94,112221.38,112145.19,112207.78,600,80,0
2026.03.10 06:20:00,112166.55,112182.24,112152.99,112152.99,600,80,0
2026.03.10 06:10:00,112156.90,112187.95,112148.35,112166.60,600,80,0
2026.03.10 06:00:00,112080.01,112159.80,112075.61,112156.95,600,80,0
2026.03.10 05:50:00,112050.63,112083.26,112047.33,112080.06,600,80,0
2026.03.10 05:40:00,112080.63,112080.63,112050.68,112050.68,600,80,0
2026.03.10 05:30:00,112110.63,112110.63,112080.68,112080.68,600,80,0
2026.03.10 05:20:00,112140.63,112140.63,112110.68,112110.68,600,80,0
2026.03.10 05:10:00,112127.91,112143.98,112102.41,112140.68,600,80,0
2026.03.10 05:00:00,112092.58,112149.71,112087.08,112127.96,600,80,0
2026.03.10 04:50:00,112122.58,112122.58,112092.63,112092.63,600,80,0
2026.03.10 04:40:00,112152.58,112152.58,112122.63,112122.63,600,80,0
2026.03.10 04:30:00,112111.03,112162.53,112101.73,112152.63,600,80,0
2026.03.10 04:20:00,112141.03,112141.03,112111.08,112111.08,600,80,0
2026.03.10 04:10:00,112148.95,112156.13,112134.10,112141.08,600,80,0
2026.03.10 04:00:00,112091.64,112164.80,112091.24,112149.00,600,80,0
2026.03.10 03:50:00,112068.47,112103.14,112058.67,112091.69,600,80,0
2026.03.10 03:40:00,112070.66,112094.87,112067.11,112068.52,600,80,0
2026.03.10 03:30:00,112074.46,112074.46,112045.71,112070.71,600,80,0
2026.03.10 03:20:00,112052.67,112077.41,112039.32,112074.51,600,80,0
2026.03.10 03:10:00,111970.43,112054.02,111968.33,112052.72,600,80,0
2026.03.10 03:00:00,111922.18,111971.88,111919.53,111970.48,601,80,0
2026.03.10 02:50:00,111912.53,111930.98,111891.38,111922.23,600,80,0
2026.03.10 02:40:00,111942.53,111942.53,111912.58,111912.58,600,80,0
2026.03.10 02:30:00,111881.06,111944.28,111875.31,111942.58,599,80,0
2026.03.10 02:20:00,111911.06,111911.06,111881.11,111881.11,600,80,0
2026.03.10 02:10:00,111888.90,111912.66,111860.55,111911.11,600,80,0
2026.03.10 02:00:00,111870.27,111903.25,111854.62,111888.95,601,80,0
2026.03.10 01:50:00,111872.72,111874.27,111846.77,111870.32,600,80,0
2026.03.10 01:40:00,111847.04,111877.67,111828.34,111872.77,600,80,0
2026.03.10 01:30:00,111860.91,111866.49,111847.09,111847.09,600,80,0
2026.03.10 01:20:00,111874.48,111883.61,111860.96,111860.96,600,80,0
2026.03.10 01:10:00,111859.63,111881.58,111848.38,111874.53,600,80,0
2026.03.10 01:00:00,111826.24,111861.68,111818.54,111859.68,600,80,0
2026.03.10 00:50:00,111838.05,111838.05,111813.15,111826.29,600,80,0
2026.03.10 00:40:00,111801.09,111846.85,111800.84,111838.10,600,80,0
2026.03.10 00:30:00,111791.22,111806.79,111767.12,111801.14,600,80,0
2026.03.10 00:20:00,111799.73,111799.73,111774.93,111791.27,600,80,0
2026.03.10 00:10:00,111785.32,111813.88,111769.52,111799.78,600,80,0
2026.03.10 00:00:00,111815.32,111815.32,111785.37,111785.37,600,80,0
2026.03.09 23:50:00,111815.98,111845.17,111815.37,111815.37,600,80,0
2026.03.09 23:40:00,111845.98,111845.98,111816.03,111816.03,600,80,0
2026.03.09 23:30:00,111820.85,111848.08,111809.60,111846.03,600,80,0
2026.03.09 23:20:00,111679.61,111823.70,111675.21,111820.90,600,80,0
2026.03.09 23:10:00,111683.89,111703.21,111677.54,111679.66,600,80,0
2026.03.09 23:00:00,111713.89,111713.89,111683.94,111683.94,600,80,0
2026.03.09 22:50:00,111743.89,111743.89,111713.94,111713.94,600,80,0
2026.03.09 22:40:00,111756.81,111769.99,111743.94,111743.94,600,80,0
2026.03.09 22:30:00,111769.62,111769.62,111749.52,111756.86,600,80,0
2026.03.09 22:20:00,111760.33,111782.32,111743.08,111769.67,600,80,0
2026.03.09 22:10:00,111790.33,111790.33,111760.38,111760.38,600,80,0
2026.03.09 22:00:00,111747.92,111803.63,111740.07,111790.38,600,80,0
2026.03.09 21:50:00,111777.92,111777.92,111747.97,111747.97,600,80,0
2026.03.09 21:40:00,111807.92,111807.92,111777.97,111777.97,600,80,0
2026.03.09 21:30:00,111837.92,111837.92,111807.97,111807.97,600,80,0
2026.03.09 21:20:00,111824.12,111846.67,111802.92,111837.97,600,80,0
2026.03.09 21:10:00,111824.23,111831.32,111801.48,111824.17,600,80,0
2026.03.09 21:00:00,111817.12,111827.93,111790.87,111824.28,600,80,0
2026.03.09 20:50:00,111734.75,111817.67,111726.25,111817.17,600,80,0
2026.03.09 20:40:00,111764.75,111764.75,111734.80,111734.80,600,80,0
2026.03.09 20:30:00,111770.72,111776.95,111752.97,111764.80,600,80,0
2026.03.09 20:20:00,111765.49,111787.22,111752.04,111770.77,600,80,0
2026.03.09 20:10:00,111759.65,111769.34,111746.60,111765.54,600,80,0
2026.03.09 20:00:00,111737.84,111772.95,111737.09,111759.70,600,80,0
2026.03.09 19:50:00,111744.73,111744.73,111719.33,111737.89,600,80,0
2026.03.09 19:40:00,111774.73,111774.73,111744.78,111744.78,600,80,0
2026.03.09 19:30:00,111788.23,111801.43,111774.78,111774.78,600,80,0
2026.03.09 19:20:00,111780.34,111794.78,111757.14,111788.28,600,80,0
2026.03.09 19:10:00,111745.03,111788.14,111741.58,111780.39,600,80,0
2026.03.09 19:00:00,111752.08,111761.43,111738.53,111745.08,600,80,0
2026.03.09 18:50:00,111745.86,111760.88,111724.71,111752.13,600,80,0
2026.03.09 18:40:00,111731.79,111733.89,111717.09,111718.69,600,80,0
2026.03.09 18:30:00,111761.79,111761.79,111731.84,111731.84,600,80,0
2026.03.09 18:20:00,111747.75,111768.14,111724.15,111761.84,600,80,0
2026.03.09 18:10:00,111777.75,111777.75,111747.80,111747.80,600,80,0
2026.03.09 18:00:00,111807.75,111807.75,111777.80,111777.80,600,80,0
2026.03.09 17:50:00,111837.75,111837.75,111807.80,111807.80,600,80,0
2026.03.09 17:40:00,111826.52,111841.60,111800.42,111837.80,600,80,0
2026.03.09 17:30:00,111856.52,111856.52,111826.57,111826.57,600,80,0
2026.03.09 17:20:00,111886.52,111886.52,111856.57,111856.57,600,80,0
2026.03.09 17:10:00,111800.22,111898.02,111797.17,111886.57,600,80,0
2026.03.09 17:00:00,111830.22,111830.22,111800.27,111800.27,600,80,0
2026.03.09 16:50:00,111860.22,111860.22,111830.27,111830.27,600,80,0
2026.03.09 16:40:00,111873.65,111889.67,111860.27,111860.27,600,80,0
2026.03.09 16:30:00,111903.65,111903.65,111873.70,111873.70,600,80,0
2026.03.09 16:20:00,111933.65,111933.65,111903.70,111903.70,600,80,0
2026.03.09 16:10:00,111917.29,111937.40,111891.09,111933.70,600,80,0
2026.03.09 16:00:00,111931.78,111931.78,111915.93,111917.34,600,80,0
2026.03.09 15:50:00,111961.78,111961.78,111931.83,111931.83,600,80,0
2026.03.09 15:40:00,111887.59,111973.78,111883.79,111961.83,600,80,0
2026.03.09 15:30:00,111884.81,111891.54,111858.81,111887.64,600,80,0
2026.03.09 15:20:00,111830.40,111891.81,111816.55,111884.86,600,80,0
2026.03.09 15:10:00,111764.10,111838.80,111759.65,111830.45,600,80,0
2026.03.09 15:00:00,111772.93,111783.95,111762.83,111764.15,600,80,0
2026.03.09 14:50:00,111802.93,111802.93,111772.98,111772.98,600,80,0
2026.03.09 14:40:00,111762.23,111806.43,111757.64,111802.98,600,80,0
2026.03.09 14:30:00,111792.23,111792.23,111762.28,111762.28,600,80,0
2026.03.09 14:20:00,111795.99,111795.99,111767.94,111792.28,600,80,0
2026.03.09 14:10:00,111792.90,111818.64,111785.60,111796.04,600,80,0
2026.03.09 14:00:00,111805.71,111806.00,111788.86,111792.95,600,80,0
2026.03.09 13:50:00,111801.46,111830.91,111796.71,111805.76,600,80,0
2026.03.09 13:40:00,111802.88,111802.96,111774.43,111801.51,600,80,0
2026.03.09 13:30:00,111797.84,111804.83,111769.84,111802.93,600,80,0
2026.03.09 13:20:00,111795.71,111825.79,111793.71,111797.89,600,80,0
2026.03.09 13:10:00,111807.90,111807.90,111787.45,111795.76,600,80,0
2026.03.09 13:00:00,111810.27,111828.65,111801.07,111807.95,600,80,0
2026.03.09 12:50:00,111840.27,111840.27,111810.32,111810.32,600,80,0
2026.03.09 12:40:00,111870.27,111870.27,111840.32,111840.32,600,80,0
2026.03.09 12:30:00,111900.27,111900.27,111870.32,111870.32,600,80,0
2026.03.09 12:20:00,111930.27,111930.27,111900.32,111900.32,600,80,0
2026.03.09 12:10:00,111937.32,111944.82,111921.92,111930.32,600,80,0
2026.03.09 12:00:00,111946.31,111956.37,111935.41,111937.37,600,80,0
2026.03.09 11:50:00,111919.36,111969.06,111916.71,111946.36,600,80,0
2026.03.09 11:40:00,111949.36,111949.36,111919.41,111919.41,600,80,0
2026.03.09 11:30:00,111961.34,111977.31,111949.41,111949.41,600,80,0
2026.03.09 11:20:00,111991.34,111991.34,111961.39,111961.39,600,80,0
2026.03.09 11:10:00,112002.17,112002.17,111978.77,111991.39,600,80,0
2026.03.09 11:00:00,111964.25,112015.02,111955.10,112002.22,600,80,0
2026.03.09 10:50:00,111949.00,111970.20,111925.00,111964.30,600,80,0
2026.03.09 10:40:00,111847.98,111951.45,111843.18,111949.05,600,80,0
2026.03.09 10:30:00,111877.98,111877.98,111848.03,111848.03,600,80,0
2026.03.09 10:20:00,111907.98,111907.98,111878.03,111878.03,600,80,0
2026.03.09 10:10:00,111937.98,111937.98,111908.03,111908.03,600,80,0
2026.03.09 10:00:00,111950.82,111951.43,111934.32,111938.03,600,80,0
2026.03.09 09:50:00,111928.93,111971.77,111922.18,111950.87,600,80,0
2026.03.09 09:40:00,111905.33,111946.18,111892.63,111928.98,600,80,0
2026.03.09 09:30:00,111919.97,111919.97,111897.37,111905.38,600,80,0
2026.03.09 09:20:00,111949.97,111949.97,111920.02,111920.02,600,80,0
2026.03.09 09:10:00,111935.46,111971.82,111927.36,111950.02,600,80,0
2026.03.09 09:00:00,111884.20,111946.26,111883.20,111935.51,600,80,0
2026.03.09 08:50:00,111888.02,111914.05,111884.25,111884.25,600,80,0
2026.03.09 08:40:00,111918.02,111918.02,111888.07,111888.07,600,80,0
2026.03.09 08:30:00,111948.02,111948.02,111918.07,111918.07,600,80,0
2026.03.09 08:20:00,111927.96,111951.07,111910.56,111948.07,600,80,0
2026.03.09 08:10:00,111957.96,111957.96,111928.01,111928.01,600,80,0
2026.03.09 08:00:00,111954.29,111983.11,111949.49,111958.01,600,80,0
2026.03.09 07:50:00,111984.29,111984.29,111954.34,111954.34,600,80,0
2026.03.09 07:40:00,111986.31,112004.29,111976.36,111984.34,600,80,0
2026.03.09 07:30:00,111977.61,112003.66,111965.01,111986.36,600,80,0
2026.03.09 07:20:00,112007.61,112007.61,111977.66,111977.66,600,80,0
2026.03.09 07:10:00,112037.61,112037.61,112007.66,112007.66,600,80,0
2026.03.09 07:00:00,112037.27,112058.81,112028.52,112037.66,600,80,0
2026.03.09 06:50:00,112018.86,112046.97,112011.01,112037.32,600,80,0
2026.03.09 06:40:00,112048.86,112048.86,112018.91,112018.91,600,80,0
2026.03.09 06:30:00,112078.86,112078.86,112048.91,112048.91,600,80,0
2026.03.09 06:20:00,112108.86,112108.86,112078.91,112078.91,600,80,0
2026.03.09 06:10:00,112138.86,112138.86,112108.91,112108.91,600,80,0
2026.03.09 06:00:00,112149.57,112167.71,112138.91,112138.91,600,80,0
2026.03.09 05:50:00,112179.57,112179.57,112149.62,112149.62,600,80,0
2026.03.09 05:40:00,112209.57,112209.57,112179.62,112179.62,600,80,0
2026.03.09 05:30:00,112239.57,112239.57,112209.62,112209.62,600,80,0
2026.03.09 05:20:00,112269.57,112269.57,112239.62,112239.62,600,80,0
2026.03.09 05:10:00,112269.96,112284.52,112254.96,112269.62,600,80,0
2026.03.09 05:00:00,112263.26,112271.16,112234.51,112270.01,600,80,0
2026.03.09 04:50:00,112239.73,112266.81,112232.78,112263.31,600,80,0
2026.03.09 04:40:00,112269.73,112269.73,112239.78,112239.78,600,80,0
2026.03.09 04:30:00,112280.08,112295.38,112269.78,112269.78,600,80,0
2026.03.09 04:20:00,112248.39,112281.58,112219.94,112280.13,600,80,0
2026.03.09 04:10:00,112205.02,112265.54,112192.22,112248.44,600,80,0
2026.03.09 04:00:00,112158.37,112214.87,112158.02,112205.07,600,80,0
2026.03.09 03:50:00,112118.66,112164.77,112095.31,112158.42,600,80,0
2026.03.09 03:40:00,112148.66,112148.66,112118.71,112118.71,600,80,0
2026.03.09 03:30:00,112178.66,112178.66,112148.71,112148.71,600,80,0
2026.03.09 03:20:00,112175.12,112184.41,112150.92,112178.71,600,80,0
2026.03.09 03:10:00,112164.21,112194.72,112153.86,112175.17,600,80,0
2026.03.09 03:00:00,112194.21,112194.21,112164.26,112164.26,600,80,0
2026.03.09 02:50:00,112207.30,112207.30,112187.80,112194.26,600,80,0
2026.03.09 02:40:00,112237.30,112237.30,112207.35,112207.35,600,80,0
2026.03.09 02:30:00,112267.30,112267.30,112237.35,112237.35,600,80,0
2026.03.09 02:20:00,112262.66,112275.20,112240.61,112267.35,600,80,0
2026.03.09 02:10:00,112292.66,112292.66,112262.71,112262.71,600,80,0
2026.03.09 02:00:00,112299.90,112311.16,112288.45,112292.71,600,80,0
2026.03.09 01:50:00,112255.16,112304.45,112252.11,112299.95,600,80,0
2026.03.09 01:40:00,112188.87,112257.71,112183.32,112255.21,600,80,0
2026.03.09 01:30:00,112191.73,112210.17,112183.08,112188.92,600,80,0
2026.03.09 01:20:00,112171.01,112221.38,112170.71,112191.78,600,80,0
2026.03.09 01:10:00,112182.06,112200.76,112171.06,112171.06,600,80,0
2026.03.09 01:00:00,112100.98,112183.11,112080.68,112182.11,600,80,0
2026.03.09 00:50:00,112113.81,112126.38,112101.03,112101.03,600,80,0
2026.03.09 00:40:00,112074.63,112133.16,112070.73,112113.86,600,80,0
2026.03.09 00:30:00,112054.16,112082.53,112032.11,112074.68,600,80,0
2026.03.09 00:20:00,112039.09,112066.81,112028.29,112054.21,600,80,0
2026.03.09 00:10:00,112044.21,112054.59,112029.76,112039.14,600,80,0
2026.03.09 00:00:00,112052.14,112065.21,112043.19,112044.26,600,80,0
2026.03.08 23:50:00,112038.61,112067.24,112023.76,112052.19,600,80,0
2026.03.08 23:40:00,112068.61,112068.61,112038.66,112038.66,600,80,0
2026.03.08 23:30:00,112063.14,112070.96,112035.54,112068.66,600,80,0
2026.03.08 23:20:00,112093.14,112093.14,112063.19,112063.19,600,80,0
2026.03.08 23:10:00,112123.14,112123.14,112093.19,112093.19,600,80,0
2026.03.08 23:00:00,112153.14,112153.14,112123.19,112123.19,600,80,0
2026.03.08 22:50:00,112183.14,112183.14,112153.19,112153.19,600,80,0
2026.03.08 22:40:00,112213.14,112213.14,112183.19,112183.19,600,80,0
2026.03.08 22:30:00,112188.26,112218.19,112180.21,112213.19,600,80,0
2026.03.08 22:20:00,112200.84,112217.11,112188.31,112188.31,600,80,0
2026.03.08 22:10:00,112187.92,112217.64,112174.77,112200.89,600,80,0
2026.03.08 22:00:00,112168.70,112204.07,112163.35,112187.97,600,80,0
2026.03.08 21:50:00,112149.32,112193.00,112146.02,112168.75,600,80,0
2026.03.08 21:40:00,112179.32,112179.32,112149.37,112149.37,600,80,0
2026.03.08 21:30:00,112209.32,112209.32,112179.37,112179.37,600,80,0
2026.03.08 21:20:00,112209.25,112219.87,112189.85,112209.37,600,80,0
2026.03.08 21:10:00,112239.25,112239.25,112209.30,112209.30,600,80,0
2026.03.08 21:00:00,112207.32,112255.35,112199.12,112239.30,600,80,0
2026.03.08 20:50:00,112193.07,112233.37,112189.17,112207.37,600,80,0
2026.03.08 20:40:00,112204.02,112205.77,112186.77,112193.12,600,80,0
2026.03.08 20:30:00,112098.41,112214.67,112095.11,112204.07,600,80,0
2026.03.08 20:20:00,112020.87,112103.16,112013.17,112098.46,600,80,0
2026.03.08 20:10:00,112030.61,112038.52,112018.31,112020.92,600,80,0
2026.03.08 20:00:00,111980.27,112036.11,111976.27,112030.66,600,80,0
2026.03.08 19:50:00,111943.34,111984.62,111937.89,111980.32,600,80,0
2026.03.08 19:40:00,111973.34,111973.34,111943.39,111943.39,600,80,0
2026.03.08 19:30:00,111930.03,111978.94,111919.98,111973.39,600,80,0
2026.03.08 19:20:00,111919.23,111947.28,111906.53,111930.08,600,80,0
2026.03.08 19:10:00,111949.23,111949.23,111919.28,111919.28,600,80,0
2026.03.08 19:00:00,111878.46,111951.93,111868.01,111949.28,600,80,0
2026.03.08 18:50:00,111908.46,111908.46,111878.51,111878.51,600,80,0
2026.03.08 18:40:00,111869.36,111914.41,111848.26,111908.51,600,80,0
2026.03.08 18:30:00,111829.75,111870.46,111829.50,111869.41,600,80,0
2026.03.08 18:20:00,111838.92,111844.95,111824.17,111829.80,600,80,0
2026.03.08 18:10:00,111868.92,111868.92,111838.97,111838.97,600,80,0
2026.03.08 18:00:00,111898.92,111898.92,111868.97,111868.97,600,80,0
2026.03.08 17:50:00,111928.92,111928.92,111898.97,111898.97,600,80,0
2026.03.08 17:40:00,111910.75,111937.42,111889.30,111928.97,600,80,0
2026.03.08 17:30:00,111801.88,111914.40,111786.28,111910.80,600,80,0
2026.03.08 17:20:00,111781.87,111810.53,111760.57,111801.93,600,80,0
2026.03.08 17:10:00,111811.87,111811.87,111781.92,111781.92,600,80,0
2026.03.08 17:00:00,111781.29,111818.57,111767.24,111811.92,600,80,0
2026.03.08 16:50:00,111771.79,111795.59,111756.14,111781.34,600,80,0
2026.03.08 16:40:00,111801.79,111801.79,111771.84,111771.84,600,80,0
2026.03.08 16:30:00,111831.79,111831.79,111801.84,111801.84,600,80,0
2026.03.08 16:20:00,111801.69,111836.79,111790.09,111831.84,600,80,0
2026.03.08 16:10:00,111774.10,111802.69,111768.10,111801.74,600,80,0
2026.03.08 16:00:00,111804.10,111804.10,111774.15,111774.15,600,80,0
2026.03.08 15:50:00,111802.73,111820.25,111788.93,111804.15,600,80,0
2026.03.08 15:40:00,111751.51,111806.13,111744.31,111802.78,600,80,0
2026.03.08 15:30:00,111747.65,111780.51,111746.70,111751.56,600,80,0
2026.03.08 15:20:00,111652.70,111767.60,111652.15,111747.70,600,80,0
2026.03.08 15:10:00,111682.70,111682.70,111652.75,111652.75,600,80,0
2026.03.08 15:00:00,111655.68,111684.41,111654.53,111682.75,600,80,0
2026.03.08 14:50:00,111669.26,111671.08,111654.71,111655.73,600,80,0
2026.03.08 14:40:00,111671.45,111687.01,111659.25,111669.31,600,80,0
2026.03.08 14:30:00,111701.45,111701.45,111671.50,111671.50,600,80,0
2026.03.08 14:20:00,111713.49,111716.55,111698.64,111701.50,600,80,0
2026.03.08 14:10:00,111717.79,111727.89,111702.24,111713.54,600,80,0
2026.03.08 14:00:00,111710.57,111729.89,111692.72,111717.84,600,80,0
2026.03.08 13:50:00,111693.65,111712.22,111677.85,111710.62,600,80,0
2026.03.08 13:40:00,111683.35,111695.20,111667.95,111693.70,600,80,0
2026.03.08 13:30:00,111689.17,111698.95,111674.82,111683.40,600,80,0
2026.03.08 13:20:00,111684.10,111718.57,111683.55,111689.22,600,80,0
2026.03.08 13:10:00,111691.17,111691.17,111665.37,111684.15,600,80,0
2026.03.08 13:00:00,111697.89,111717.42,111691.22,111691.22,600,80,0
2026.03.08 12:50:00,111727.89,111727.89,111697.94,111697.94,600,80,0
2026.03.08 12:40:00,111711.50,111734.34,111706.70,111727.94,600,80,0
2026.03.08 12:30:00,111712.15,111725.10,111695.80,111711.55,600,80,0
2026.03.08 12:20:00,111703.53,111728.70,111690.13,111712.20,600,80,0
2026.03.08 12:10:00,111733.53,111733.53,111703.58,111703.58,600,80,0
2026.03.08 12:00:00,111763.53,111763.53,111733.58,111733.58,600,80,0
2026.03.08 11:50:00,111793.53,111793.53,111763.58,111763.58,600,80,0
2026.03.08 11:40:00,111801.83,111801.83,111773.63,111793.58,600,80,0
2026.03.08 11:30:00,111782.27,111803.63,111754.12,111801.88,600,80,0
2026.03.08 11:20:00,111812.27,111812.27,111782.32,111782.32,600,80,0
2026.03.08 11:10:00,111817.31,111834.92,111810.01,111812.32,600,80,0
2026.03.08 11:00:00,111827.90,111827.90,111802.40,111817.36,600,80,0
2026.03.08 10:50:00,111835.66,111852.75,111827.95,111827.95,600,80,0
2026.03.08 10:40:00,111843.83,111862.96,111835.71,111835.71,600,80,0
2026.03.08 10:30:00,111873.83,111873.83,111843.88,111843.88,600,80,0
2026.03.08 10:20:00,111903.83,111903.83,111873.88,111873.88,600,80,0
2026.03.08 10:10:00,111933.83,111933.83,111903.88,111903.88,600,80,0
2026.03.08 10:00:00,111888.44,111956.38,111887.39,111933.88,600,80,0
2026.03.08 09:50:00,111918.44,111918.44,111888.49,111888.49,600,80,0
2026.03.08 09:40:00,111948.44,111948.44,111918.49,111918.49,600,80,0
2026.03.08 09:30:00,111978.44,111978.44,111948.49,111948.49,600,80,0
2026.03.08 09:20:00,112008.44,112008.44,111978.49,111978.49,600,80,0
2026.03.08 09:10:00,111977.04,112028.54,111975.74,112008.49,600,80,0
2026.03.08 09:00:00,111969.69,111994.24,111956.94,111977.09,600,80,0
2026.03.08 08:50:00,111980.21,111980.21,111951.06,111969.74,600,80,0
2026.03.08 08:40:00,112010.21,112010.21,111980.26,111980.26,600,80,0
2026.03.08 08:30:00,112040.21,112040.21,112010.26,112010.26,600,80,0
2026.03.08 08:20:00,112042.82,112055.26,112027.92,112040.26,600,80,0
2026.03.08 08:10:00,112072.82,112072.82,112042.87,112042.87,600,80,0
2026.03.08 08:00:00,112078.28,112093.12,112068.63,112072.87,531,80,0
2026.03.08 07:50:00,112072.55,112098.28,112062.60,112078.33,600,80,0
2026.03.08 07:40:00,111998.74,112072.60,111987.99,112072.60,600,80,0
2026.03.08 07:30:00,111985.68,112021.29,111978.28,111998.79,600,80,0
2026.03.08 07:20:00,111984.04,112001.83,111970.24,111985.73,600,80,0
2026.03.08 07:10:00,112014.04,112014.04,111984.09,111984.09,600,80,0
2026.03.08 07:00:00,112044.04,112044.04,112014.09,112014.09,600,80,0
2026.03.08 06:40:00,112074.04,112074.04,112044.09,112044.09,600,80,0
2026.03.08 06:30:00,112104.04,112104.04,112074.09,112074.09,600,80,0
2026.03.08 06:20:00,112134.04,112134.04,112104.09,112104.09,600,80,0
2026.03.08 06:10:00,112137.23,112138.44,112111.68,112134.09,600,80,0
2026.03.08 06:00:00,112167.23,112167.23,112137.28,112137.28,600,80,0
2026.03.08 05:50:00,112176.97,112183.68,112163.47,112167.28,600,80,0
2026.03.08 05:40:00,112157.49,112190.37,112142.09,112177.02,600,80,0
2026.03.08 05:30:00,112144.65,112168.69,112125.90,112157.54,600,80,0
2026.03.08 05:20:00,112084.25,112147.85,112073.10,112144.70,600,80,0
2026.03.08 05:10:00,112073.08,112106.25,112065.13,112084.30,600,80,0
2026.03.08 05:00:00,112065.35,112101.83,112064.15,112073.13,600,80,0
2026.03.08 04:50:00,111986.04,112073.25,111970.94,112065.40,600,80,0
2026.03.08 04:40:00,111964.86,111999.99,111948.86,111986.09,600,80,0
2026.03.08 04:30:00,111930.37,111965.16,111927.67,111964.91,600,80,0
2026.03.08 04:20:00,111936.67,111941.22,111917.57,111930.42,600,80,0
2026.03.08 04:10:00,111913.82,111953.37,111900.57,111936.72,600,80,0
2026.03.08 04:00:00,111943.82,111943.82,111913.87,111913.87,600,80,0
2026.03.08 03:50:00,111949.68,111962.07,111937.98,111943.87,600,80,0
2026.03.08 03:40:00,111979.68,111979.68,111949.73,111949.73,600,80,0
2026.03.08 03:30:00,112009.68,112009.68,111979.73,111979.73,600,80,0
2026.03.08 03:20:00,112039.68,112039.68,112009.73,112009.73,600,80,0
2026.03.08 03:10:00,112014.00,112065.53,112011.50,112039.73,600,80,0
2026.03.08 03:00:00,112044.00,112044.00,112014.05,112014.05,600,80,0
2026.03.08 02:50:00,112074.00,112074.00,112044.05,112044.05,600,80,0
2026.03.08 02:40:00,112071.40,112076.10,112043.55,112074.05,600,80,0
2026.03.08 02:30:00,112042.61,112084.60,112025.96,112071.45,600,80,0
2026.03.08 02:20:00,112014.63,112049.51,112000.28,112042.66,600,80,0
2026.03.08 02:10:00,112009.85,112034.28,111999.55,112014.68,600,80,0
2026.03.08 02:00:00,112039.85,112039.85,112009.90,112009.90,600,80,0
2026.03.08 01:50:00,112038.94,112062.40,112031.54,112039.90,600,80,0
2026.03.08 01:40:00,112068.94,112068.94,112038.99,112038.99,600,80,0
2026.03.08 01:30:00,111963.11,112070.99,111941.06,112068.99,600,80,0
2026.03.08 01:20:00,111958.55,111979.61,111945.10,111963.16,600,80,0
2026.03.08 01:10:00,111967.03,111967.65,111950.38,111958.60,517,80,0
2026.03.08 01:00:00,111997.03,111997.03,111967.08,111967.08,600,80,0
2026.03.08 00:50:00,111942.75,112000.03,111940.65,111997.08,600,80,0
2026.03.08 00:40:00,111940.56,111958.30,111926.16,111942.80,600,80,0
2026.03.08 00:30:00,111970.56,111970.56,111940.61,111940.61,600,80,0
2026.03.08 00:20:00,112000.56,112000.56,111970.61,111970.61,600,80,0
2026.03.08 00:10:00,112009.48,112017.96,111996.93,112000.61,600,80,0
2026.03.08 00:00:00,111964.89,112015.03,111949.39,112009.53,600,80,0
2026.03.07 23:50:00,111961.60,111975.69,111952.95,111964.94,600,80,0
2026.03.07 23:40:00,111940.10,111965.20,111937.83,111961.65,600,80,0
2026.03.07 23:30:00,111949.99,111955.10,111935.04,111940.15,600,80,0
2026.03.07 23:20:00,111979.99,111979.99,111950.04,111950.04,600,80,0
2026.03.07 23:10:00,111994.15,112009.94,111980.04,111980.04,600,80,0
2026.03.07 23:00:00,112024.15,112024.15,111994.20,111994.20,600,80,0
2026.03.07 22:50:00,112017.77,112035.75,111999.42,112024.20,600,80,0
2026.03.07 22:40:00,111983.28,112040.02,111976.28,112017.82,600,80,0
2026.03.07 22:30:00,111991.89,111995.08,111973.74,111983.33,600,80,0
2026.03.07 22:20:00,111986.06,112017.99,111982.21,111991.94,600,80,0
2026.03.07 22:10:00,111973.51,111994.61,111952.11,111986.11,600,80,0
2026.03.07 22:00:00,112003.11,112003.11,111973.56,111973.56,592,80,0
2026.03.07 21:50:00,112033.11,112033.11,112003.16,112003.16,586,80,0
2026.03.07 21:40:00,112063.11,112063.11,112033.16,112033.16,600,80,0
2026.03.07 21:30:00,112093.11,112093.11,112063.16,112063.16,600,80,0
2026.03.07 21:20:00,112123.11,112123.11,112093.16,112093.16,600,80,0
2026.03.07 21:10:00,112113.00,112129.46,112089.40,112123.16,600,80,0
2026.03.07 21:00:00,112143.00,112143.00,112113.05,112113.05,600,80,0
2026.03.07 20:50:00,112166.55,112166.55,112143.05,112143.05,472,80,0
2026.03.07 20:40:00,112156.80,112186.60,112146.90,112166.60,600,80,0
2026.03.07 20:30:00,112171.73,112171.73,112152.33,112156.85,600,80,0
2026.03.07 20:20:00,112185.38,112190.38,112171.78,112171.78,600,80,0
2026.03.07 20:10:00,112215.38,112215.38,112185.43,112185.43,600,80,0
2026.03.07 20:00:00,112245.38,112245.38,112215.43,112215.43,600,80,0
2026.03.07 19:50:00,112275.38,112275.38,112245.43,112245.43,600,80,0
2026.03.07 19:40:00,112282.61,112282.61,112253.96,112275.43,600,80,0
2026.03.07 19:30:00,112278.33,112309.81,112275.58,112282.66,600,80,0
2026.03.07 19:20:00,112308.33,112308.33,112278.38,112278.38,600,80,0
2026.03.07 19:10:00,112338.33,112338.33,112308.38,112308.38,600,80,0
2026.03.07 19:00:00,112368.33,112368.33,112338.38,112338.38,600,80,0
2026.03.07 18:50:00,112398.33,112398.33,112368.38,112368.38,600,80,0
2026.03.07 18:40:00,112428.33,112428.33,112398.38,112398.38,600,80,0
2026.03.07 18:30:00,112458.33,112458.33,112428.38,112428.38,600,80,0
2026.03.07 18:20:00,112452.57,112473.63,112437.92,112458.38,600,80,0
2026.03.07 18:10:00,112482.57,112482.57,112452.62,112452.62,600,80,0
2026.03.07 18:00:00,112460.39,112496.12,112460.19,112482.62,600,80,0
2026.03.07 17:50:00,112490.39,112490.39,112460.44,112460.44,600,80,0
2026.03.07 17:40:00,112442.55,112493.89,112423.45,112490.44,600,80,0
2026.03.07 17:30:00,112457.04,112460.85,112442.60,112442.60,600,80,0
2026.03.07 17:20:00,112440.53,112467.64,112421.18,112457.09,600,80,0
2026.03.07 17:10:00,112446.36,112461.83,112437.71,112440.58,600,80,0
2026.03.07 17:00:00,112432.06,112462.16,112428.51,112446.41,600,80,0
2026.03.07 16:50:00,112363.85,112440.66,112355.30,112432.11,600,80,0
2026.03.07 16:40:00,112313.57,112383.30,112311.92,112363.90,600,80,0
2026.03.07 16:30:00,112255.01,112317.17,112234.66,112313.62,600,80,0
2026.03.07 16:20:00,112263.97,112275.61,112254.62,112255.06,600,80,0
2026.03.07 16:10:00,112236.71,112276.87,112232.76,112264.02,601,80,0
2026.03.07 16:00:00,112241.33,112247.81,112222.48,112236.76,600,80,0
2026.03.07 15:50:00,112251.13,112257.63,112237.48,112241.38,600,80,0
2026.03.07 15:40:00,112281.13,112281.13,112251.18,112251.18,600,80,0
2026.03.07 15:30:00,112247.58,112297.98,112243.53,112281.18,600,80,0
2026.03.07 15:20:00,112277.58,112277.58,112247.63,112247.63,600,80,0
2026.03.07 15:10:00,112307.58,112307.58,112277.63,112277.63,600,80,0
2026.03.07 15:00:00,112229.58,112312.23,112222.03,112307.63,600,80,0
2026.03.07 14:50:00,112210.45,112235.12,112205.87,112229.63,600,80,0
2026.03.07 14:40:00,112075.97,112196.09,112074.02,112180.99,600,80,0
2026.03.07 14:30:00,112105.97,112105.97,112076.02,112076.02,600,80,0
2026.03.07 14:20:00,112101.38,112122.87,112088.33,112106.02,600,80,0
2026.03.07 14:10:00,112131.38,112131.38,112101.43,112101.43,600,80,0
2026.03.07 14:00:00,112161.38,112161.38,112131.43,112131.43,600,80,0
2026.03.07 13:50:00,112154.78,112171.38,112134.83,112161.43,600,80,0
2026.03.07 13:40:00,112184.78,112184.78,112154.83,112154.83,600,80,0
2026.03.07 13:30:00,112146.14,112190.58,112122.69,112184.83,600,80,0
2026.03.07 13:20:00,112117.93,112165.09,112109.08,112146.19,600,80,0
2026.03.07 13:10:00,112049.84,112129.98,112043.14,112117.98,600,80,0
2026.03.07 13:00:00,112036.32,112054.74,112011.27,112049.89,600,80,0
2026.03.07 12:50:00,111984.47,112047.77,111974.82,112036.37,600,80,0
2026.03.07 12:40:00,112014.47,112014.47,111984.52,111984.52,600,80,0
2026.03.07 12:30:00,111990.85,112018.52,111982.85,112014.52,600,80,0
2026.03.07 12:20:00,111991.87,111995.40,111966.47,111990.90,600,80,0
2026.03.07 12:10:00,112001.37,112006.92,111986.47,111991.92,600,80,0
2026.03.07 12:00:00,112008.58,112011.32,111988.58,112001.42,600,80,0
2026.03.07 11:50:00,112038.58,112038.58,112008.63,112008.63,600,80,0
2026.03.07 11:40:00,112027.46,112040.73,111999.66,112038.63,600,80,0
2026.03.07 11:30:00,112036.14,112055.71,112027.51,112027.51,600,80,0
2026.03.07 11:20:00,112020.40,112055.54,112009.85,112036.19,600,80,0
2026.03.07 11:10:00,112023.92,112035.75,112009.32,112020.45,600,80,0
2026.03.07 11:00:00,112023.32,112042.17,112011.62,112023.97,600,80,0
2026.03.07 10:50:00,112053.32,112053.32,112023.37,112023.37,600,80,0
2026.03.07 10:40:00,112050.03,112055.52,112022.28,112053.37,600,80,0
2026.03.07 10:30:00,112080.03,112080.03,112050.08,112050.08,600,80,0
2026.03.07 10:20:00,112110.03,112110.03,112080.08,112080.08,600,80,0
2026.03.07 10:10:00,112084.41,112115.98,112060.46,112110.08,600,80,0
2026.03.07 10:00:00,112040.82,112105.01,112037.97,112084.46,600,80,0
2026.03.07 09:50:00,112070.82,112070.82,112040.87,112040.87,600,80,0
2026.03.07 09:40:00,112069.05,112095.32,112063.60,112070.87,600,80,0
2026.03.07 09:30:00,112067.25,112090.25,112058.50,112069.10,600,80,0
2026.03.07 09:20:00,112066.11,112082.25,112051.16,112067.30,600,80,0
2026.03.07 09:10:00,112018.88,112070.01,112012.98,112066.16,600,80,0
2026.03.07 09:00:00,112003.90,112028.88,111983.95,112018.93,600,80,0
2026.03.07 08:50:00,112003.23,112027.15,111996.53,112003.95,600,80,0
2026.03.07 08:40:00,112011.68,112020.28,111998.78,112003.28,600,80,0
2026.03.07 08:30:00,112041.68,112041.68,112011.73,112011.73,600,80,0
2026.03.07 08:20:00,112071.68,112071.68,112041.73,112041.73,600,80,0
2026.03.07 08:10:00,112008.13,112079.18,112006.28,112071.73,600,80,0
2026.03.07 08:00:00,112038.13,112038.13,112008.18,112008.18,600,80,0
2026.03.07 07:50:00,112043.56,112055.58,112031.06,112038.18,600,80,0
2026.03.07 07:40:00,112073.56,112073.56,112043.61,112043.61,600,80,0
2026.03.07 07:30:00,112103.56,112103.56,112073.61,112073.61,600,80,0
2026.03.07 07:20:00,112133.56,112133.56,112103.61,112103.61,600,80,0
2026.03.07 07:10:00,112083.17,112135.11,112081.17,112133.61,601,80,0
2026.03.07 07:00:00,112070.06,112103.52,112060.46,112083.22,600,80,0
2026.03.07 06:50:00,112100.06,112100.06,112070.11,112070.11,600,80,0
2026.03.07 06:40:00,112000.33,112116.66,111999.13,112100.11,600,80,0
2026.03.07 06:30:00,111964.06,112008.18,111947.21,112000.38,600,80,0
2026.03.07 06:20:00,111963.62,111990.26,111959.87,111964.11,600,80,0
2026.03.07 06:10:00,111960.04,111979.47,111945.94,111963.67,600,80,0
2026.03.07 06:00:00,111941.48,111984.94,111940.93,111960.09,600,80,0
2026.03.07 05:50:00,111971.48,111971.48,111941.53,111941.53,600,80,0
2026.03.07 05:40:00,112001.48,112001.48,111971.53,111971.53,600,80,0
2026.03.07 05:30:00,112001.97,112012.58,111983.12,112001.53,600,80,0
2026.03.07 05:20:00,112031.97,112031.97,112002.02,112002.02,600,80,0
2026.03.07 05:10:00,112003.06,112034.07,111990.30,112032.02,600,80,0
2026.03.07 05:00:00,112013.30,112021.86,112002.15,112003.11,600,80,0
2026.03.07 04:50:00,112043.30,112043.30,112013.35,112013.35,600,80,0
2026.03.07 04:40:00,112046.84,112069.05,112042.64,112043.35,600,80,0
2026.03.07 04:30:00,112013.55,112063.19,112003.80,112046.89,600,80,0
2026.03.07 04:20:00,111977.82,112034.70,111972.22,112013.60,600,80,0
2026.03.07 04:10:00,112007.82,112007.82,111977.87,111977.87,600,80,0
2026.03.07 04:00:00,112037.82,112037.82,112007.87,112007.87,600,80,0
2026.03.07 03:50:00,112035.25,112054.87,112022.35,112037.87,600,80,0
2026.03.07 03:40:00,112047.19,112049.15,112031.14,112035.30,600,80,0
2026.03.07 03:30:00,112048.23,112062.99,112034.08,112047.24,600,80,0
2026.03.07 03:20:00,112017.72,112057.83,112016.72,112048.28,600,80,0
2026.03.07 03:10:00,112002.61,112024.37,111995.58,112017.77,600,80,0
2026.03.07 03:00:00,112032.61,112032.61,112002.66,112002.66,600,80,0
2026.03.07 02:50:00,112062.61,112062.61,112032.66,112032.66,600,80,0
2026.03.07 02:40:00,112046.88,112091.46,112045.78,112062.66,600,80,0
2026.03.07 02:30:00,112076.88,112076.88,112046.93,112046.93,600,80,0
2026.03.07 02:20:00,112040.07,112083.58,112030.77,112076.93,600,80,0
2026.03.07 02:10:00,112038.57,112041.52,112010.07,112040.12,600,80,0
2026.03.07 02:00:00,112068.57,112068.57,112038.62,112038.62,600,80,0
2026.03.07 01:50:00,112062.23,112073.42,112037.13,112068.62,600,80,0
2026.03.07 01:40:00,112092.23,112092.23,112062.28,112062.28,600,80,0
2026.03.07 01:30:00,112122.23,112122.23,112092.28,112092.28,600,80,0
2026.03.07 01:20:00,112105.64,112137.13,112098.69,112122.28,600,80,0
2026.03.07 01:10:00,112135.64,112135.64,112105.69,112105.69,600,80,0
2026.03.07 01:00:00,112145.39,112145.39,112123.89,112135.69,600,80,0
2026.03.07 00:50:00,112175.39,112175.39,112145.44,112145.44,600,80,0
2026.03.07 00:40:00,112163.21,112177.34,112135.21,112175.44,600,80,0
2026.03.07 00:30:00,112193.21,112193.21,112163.26,112163.26,600,80,0
2026.03.07 00:20:00,112204.75,112204.75,112179.15,112193.26,600,80,0
2026.03.07 00:10:00,112234.75,112234.75,112204.80,112204.80,600,80,0
2026.03.07 00:00:00,112264.75,112264.75,112234.80,112234.80,600,80,0
2026.03.06 23:50:00,112294.75,112294.75,112264.80,112264.80,600,80,0
2026.03.06 23:40:00,112216.77,112300.65,112215.62,112294.80,600,80,0
2026.03.06 23:30:00,112246.77,112246.77,112216.82,112216.82,600,80,0
2026.03.06 23:20:00,112241.56,112267.42,112232.26,112246.82,600,80,0
2026.03.06 23:10:00,112254.90,112264.76,112241.61,112241.61,600,80,0
2026.03.06 23:00:00,112201.32,112271.00,112198.92,112254.95,600,80,0
2026.03.06 22:50:00,112231.32,112231.32,112201.37,112201.37,600,80,0
2026.03.06 22:40:00,112212.71,112237.47,112196.66,112231.37,600,80,0
2026.03.06 22:30:00,112187.98,112240.86,112187.58,112212.76,600,80,0
2026.03.06 22:20:00,112173.73,112193.68,112153.38,112188.03,601,80,0
2026.03.06 22:10:00,112122.46,112179.42,112121.26,112173.78,600,80,0
2026.03.06 22:00:00,112117.43,112132.81,112097.83,112122.51,600,80,0
2026.03.06 21:50:00,112052.18,112129.88,112049.83,112117.48,600,80,0
2026.03.06 21:40:00,112059.44,112072.28,112049.59,112052.23,600,80,0
2026.03.06 21:30:00,112089.44,112089.44,112059.49,112059.49,600,80,0
2026.03.06 21:20:00,112103.52,112114.64,112089.49,112089.49,600,80,0
2026.03.06 21:10:00,112086.14,112106.67,112060.79,112103.57,600,80,0
2026.03.06 21:00:00,112116.14,112116.14,112086.19,112086.19,600,80,0
2026.03.06 20:50:00,112146.14,112146.14,112116.19,112116.19,600,80,0
2026.03.06 20:40:00,112147.06,112157.99,112128.96,112146.19,600,80,0
2026.03.06 20:30:00,112107.72,112148.26,112101.52,112147.11,600,80,0
2026.03.06 20:20:00,112118.19,112123.47,112103.99,112107.77,600,80,0
2026.03.06 20:10:00,112116.22,112125.39,112093.47,112118.24,600,80,0
2026.03.06 20:00:00,112146.22,112146.22,112116.27,112116.27,600,80,0
2026.03.06 19:50:00,112125.18,112170.82,112122.53,112146.27,600,80,0
2026.03.06 19:40:00,112134.12,112144.08,112123.07,112125.23,600,80,0
2026.03.06 19:30:00,112164.12,112164.12,112134.17,112134.17,600,80,0
2026.03.06 19:20:00,112170.16,112188.22,112164.17,112164.17,600,80,0
2026.03.06 19:10:00,112168.01,112170.81,112138.71,112170.21,600,80,0
2026.03.06 19:00:00,112198.01,112198.01,112168.06,112168.06,600,80,0
2026.03.06 18:50:00,112197.73,112220.06,112189.83,112198.06,600,80,0
2026.03.06 18:40:00,112227.73,112227.73,112197.78,112197.78,600,80,0
2026.03.06 18:30:00,112195.00,112231.08,112171.00,112227.78,600,80,0
2026.03.06 18:20:00,112202.32,112213.25,112190.62,112195.05,600,80,0
2026.03.06 18:10:00,112232.32,112232.32,112202.37,112202.37,600,80,0
2026.03.06 18:00:00,112181.50,112238.92,112167.90,112232.37,600,80,0
2026.03.06 17:50:00,112211.50,112211.50,112181.55,112181.55,600,80,0
2026.03.06 17:40:00,112156.56,112214.65,112152.91,112211.55,600,80,0
2026.03.06 17:30:00,112150.29,112169.51,112133.29,112156.61,600,80,0
2026.03.06 17:20:00,112087.40,112163.19,112072.65,112150.34,600,80,0
2026.03.06 17:10:00,112090.25,112097.00,112069.90,112087.45,600,80,0
2026.03.06 17:00:00,112120.25,112120.25,112090.30,112090.30,600,80,0
2026.03.06 16:50:00,112026.41,112131.90,112026.06,112120.30,600,80,0
2026.03.06 16:40:00,111991.04,112047.31,111983.49,112026.46,600,80,0
2026.03.06 16:30:00,111990.89,112008.54,111978.44,111991.09,600,80,0
2026.03.06 16:20:00,112020.89,112020.89,111990.94,111990.94,600,80,0
2026.03.06 16:10:00,111992.46,112038.14,111979.76,112020.94,600,80,0
2026.03.06 16:00:00,112022.46,112022.46,111992.51,111992.51,600,80,0
2026.03.06 15:50:00,111968.90,112030.41,111961.60,112022.51,600,80,0
2026.03.06 15:40:00,111998.90,111998.90,111968.95,111968.95,600,80,0
2026.03.06 15:30:00,111930.77,112009.05,111927.37,111998.95,600,80,0
2026.03.06 15:20:00,111936.80,111945.12,111921.20,111930.82,600,80,0
2026.03.06 15:10:00,111868.47,111945.40,111852.97,111936.85,600,80,0
2026.03.06 15:00:00,111797.19,111872.23,111794.39,111868.52,600,80,0
2026.03.06 14:50:00,111827.19,111827.19,111797.24,111797.24,600,80,0
2026.03.06 14:40:00,111832.87,111851.79,111827.24,111827.24,600,80,0
2026.03.06 14:30:00,111839.18,111852.42,111828.78,111832.92,600,80,0
2026.03.06 14:20:00,111869.18,111869.18,111839.23,111839.23,600,80,0
2026.03.06 14:10:00,111847.04,111893.08,111843.19,111869.23,600,80,0
2026.03.06 14:00:00,111861.16,111861.16,111837.81,111847.09,600,80,0
2026.03.06 13:50:00,111891.16,111891.16,111861.21,111861.21,600,80,0
2026.03.06 13:40:00,111894.72,111916.61,111890.22,111891.21,600,80,0
2026.03.06 13:30:00,111924.72,111924.72,111894.77,111894.77,600,80,0
2026.03.06 13:20:00,111954.72,111954.72,111924.77,111924.77,600,80,0
2026.03.06 13:10:00,111965.11,111975.77,111954.77,111954.77,600,80,0
2026.03.06 13:00:00,111905.07,111973.11,111892.22,111965.16,601,80,0
2026.03.06 12:50:00,111906.27,111931.62,111902.87,111905.12,600,80,0
2026.03.06 12:40:00,111921.07,111936.17,111906.32,111906.32,600,80,0
2026.03.06 12:30:00,111951.07,111951.07,111921.12,111921.12,600,80,0
2026.03.06 12:20:00,111926.28,111956.02,111920.88,111951.12,600,80,0
2026.03.06 12:10:00,111956.28,111956.28,111926.33,111926.33,600,80,0
2026.03.06 12:00:00,111916.44,111964.43,111905.59,111956.33,600,80,0
2026.03.06 11:50:00,111894.18,111926.99,111885.73,111916.49,600,80,0
2026.03.06 11:40:00,111886.69,111909.63,111872.19,111894.23,600,80,0
2026.03.06 11:30:00,111845.48,111907.44,111844.33,111886.74,600,80,0
2026.03.06 11:20:00,111832.61,111857.33,111817.91,111845.53,600,80,0
2026.03.06 11:10:00,111862.61,111862.61,111832.66,111832.66,600,80,0
2026.03.06 11:00:00,111865.08,111869.66,111842.18,111862.66,600,80,0
2026.03.06 10:50:00,111853.89,111889.53,111851.99,111865.13,600,80,0
2026.03.06 10:40:00,111842.69,111865.89,111824.74,111853.94,600,80,0
2026.03.06 10:30:00,111872.69,111872.69,111842.74,111842.74,600,80,0
2026.03.06 10:20:00,111882.19,111882.19,111857.04,111872.74,600,80,0
2026.03.06 10:10:00,111912.19,111912.19,111882.24,111882.24,600,80,0
2026.03.06 10:00:00,111884.94,111929.34,111876.19,111912.24,600,80,0
2026.03.06 09:50:00,111892.88,111900.59,111878.58,111884.99,600,80,0
2026.03.06 09:40:00,111859.29,111899.28,111835.74,111892.93,600,80,0
2026.03.06 09:30:00,111889.29,111889.29,111859.34,111859.34,600,80,0
2026.03.06 09:20:00,111857.66,111913.44,111853.16,111889.34,600,80,0
2026.03.06 09:10:00,111865.57,111879.26,111857.22,111857.71,600,80,0
2026.03.06 09:00:00,111871.72,111889.07,111865.27,111865.62,600,80,0
2026.03.06 08:50:00,111901.72,111901.72,111871.77,111871.77,600,80,0
2026.03.06 08:40:00,111900.75,111911.27,111880.35,111901.77,600,80,0
2026.03.06 08:30:00,111930.75,111930.75,111900.80,111900.80,600,80,0
2026.03.06 08:20:00,111930.22,111957.40,111926.92,111930.80,600,80,0
2026.03.06 08:10:00,111937.02,111937.02,111911.27,111930.27,600,80,0
2026.03.06 08:00:00,111967.02,111967.02,111937.07,111937.07,600,80,0
2026.03.06 07:50:00,111997.02,111997.02,111967.07,111967.07,600,80,0
2026.03.06 07:40:00,111978.29,111997.17,111968.29,111997.07,600,80,0
2026.03.06 07:30:00,112008.29,112008.29,111978.34,111978.34,600,80,0
2026.03.06 07:20:00,111937.18,112012.84,111930.73,112008.34,600,80,0
2026.03.06 07:10:00,111910.93,111942.13,111885.93,111937.23,600,80,0
2026.03.06 07:00:00,111940.93,111940.93,111910.98,111910.98,600,80,0
2026.03.06 06:50:00,111970.93,111970.93,111940.98,111940.98,600,80,0
2026.03.06 06:40:00,112000.93,112000.93,111970.98,111970.98,600,80,0
2026.03.06 06:30:00,112008.40,112014.38,111991.90,112000.98,600,80,0
2026.03.06 06:20:00,112038.40,112038.40,112008.45,112008.45,600,80,0
2026.03.06 06:10:00,112037.54,112045.00,112014.19,112038.45,600,80,0
2026.03.06 06:00:00,112067.54,112067.54,112037.59,112037.59,600,80,0
2026.03.06 05:50:00,112045.73,112082.64,112042.18,112067.59,600,80,0
2026.03.06 05:40:00,112051.19,112059.58,112035.09,112045.78,600,80,0
2026.03.06 05:30:00,112048.36,112076.74,112043.96,112051.24,600,80,0
2026.03.06 05:20:00,112062.31,112064.56,112048.41,112048.41,600,80,0
2026.03.06 05:10:00,112092.31,112092.31,112062.36,112062.36,600,80,0
2026.03.06 05:00:00,112093.02,112103.51,112074.27,112092.36,600,80,0
2026.03.06 04:50:00,112123.02,112123.02,112093.07,112093.07,600,80,0
2026.03.06 04:40:00,112153.02,112153.02,112123.07,112123.07,600,80,0
2026.03.06 04:30:00,112151.49,112169.07,112137.59,112153.07,600,80,0
2026.03.06 04:20:00,112107.75,112160.09,112097.85,112151.54,600,80,0
2026.03.06 04:10:00,112068.59,112120.30,112065.64,112107.80,600,80,0
2026.03.06 04:00:00,112098.64,112098.64,112068.64,112068.64,601,80,0
2026.03.06 03:50:00,112128.64,112128.64,112098.69,112098.69,600,80,0
2026.03.06 03:40:00,112096.17,112144.09,112082.62,112128.69,600,80,0
2026.03.06 03:30:00,112099.42,112107.62,112080.92,112096.22,600,80,0
2026.03.06 03:20:00,112097.44,112113.92,112081.99,112099.47,600,80,0
2026.03.06 03:10:00,112127.44,112127.44,112097.49,112097.49,600,80,0
2026.03.06 03:00:00,112157.44,112157.44,112127.49,112127.49,600,80,0
2026.03.06 02:50:00,112146.90,112161.24,112120.75,112157.49,600,80,0
2026.03.06 02:40:00,112148.24,112170.90,112142.29,112146.95,600,80,0
2026.03.06 02:30:00,112178.24,112178.24,112148.29,112148.29,600,80,0
2026.03.06 02:20:00,112162.54,112188.72,112160.49,112178.29,600,80,0
2026.03.06 02:10:00,112192.54,112192.54,112162.59,112162.59,600,80,0
2026.03.06 02:00:00,112222.54,112222.54,112192.59,112192.59,600,80,0
2026.03.06 01:50:00,112127.35,112223.09,112116.20,112222.59,600,80,0
2026.03.06 01:40:00,112082.90,112133.05,112069.20,112127.40,600,80,0
2026.03.06 01:30:00,112112.90,112112.90,112082.95,112082.95,600,80,0
2026.03.06 01:20:00,112106.24,112118.90,112082.29,112112.95,600,80,0
2026.03.06 01:10:00,112114.80,112125.64,112104.25,112106.29,600,80,0
2026.03.06 01:00:00,112121.34,112128.10,112104.69,112114.85,600,80,0
2026.03.06 00:50:00,112151.34,112151.34,112121.39,112121.39,600,80,0
2026.03.06 00:40:00,112181.34,112181.34,112151.39,112151.39,600,80,0
2026.03.06 00:30:00,112211.34,112211.34,112181.39,112181.39,600,80,0
2026.03.06 00:20:00,112241.34,112241.34,112211.39,112211.39,600,80,0
2026.03.06 00:10:00,112241.97,112256.54,112227.22,112241.39,600,80,0
2026.03.06 00:00:00,112271.97,112271.97,112242.02,112242.02,600,80,0
2026.03.05 23:50:00,112286.76,112300.17,112272.02,112272.02,600,80,0
2026.03.05 23:40:00,112270.89,112294.36,112259.54,112286.81,600,80,0
2026.03.05 23:30:00,112255.00,112262.02,112242.87,112242.87,600,80,0
2026.03.05 23:20:00,112261.49,112261.49,112233.39,112255.05,600,80,0
2026.03.05 23:10:00,112238.01,112270.59,112227.41,112261.54,600,80,0
2026.03.05 23:00:00,112234.59,112247.76,112214.39,112238.06,600,80,0
2026.03.05 22:50:00,112219.39,112264.19,112219.04,112234.64,600,80,0
2026.03.05 22:40:00,112225.22,112238.69,112214.57,112219.44,600,80,0
2026.03.05 22:30:00,112236.42,112241.77,112223.02,112225.27,600,80,0
2026.03.05 22:20:00,112239.65,112253.02,112226.30,112236.47,600,80,0
2026.03.05 22:10:00,112194.91,112259.95,112187.11,112239.70,600,80,0
2026.03.05 22:00:00,112155.10,112205.71,112146.25,112194.96,600,80,0
2026.03.05 21:50:00,112159.45,112168.85,112143.25,112155.15,600,80,0
2026.03.05 21:40:00,112133.49,112176.65,112127.84,112159.50,600,80,0
2026.03.05 21:30:00,112137.46,112142.09,112116.11,112133.54,600,80,0
2026.03.05 21:20:00,112128.94,112142.96,112104.49,112137.51,600,80,0
2026.03.05 21:10:00,112158.94,112158.94,112128.99,112128.99,600,80,0
2026.03.05 21:00:00,112188.94,112188.94,112158.99,112158.99,600,80,0
2026.03.05 20:50:00,112192.74,112202.24,112176.09,112188.99,600,80,0
2026.03.05 20:40:00,112195.81,112214.34,112187.46,112192.79,600,80,0
2026.03.05 20:30:00,112160.79,112207.26,112149.19,112195.86,600,80,0
2026.03.05 20:20:00,112190.79,112190.79,112160.84,112160.84,600,80,0
2026.03.05 20:10:00,112191.17,112212.94,112183.37,112190.84,600,80,0
2026.03.05 20:00:00,112181.15,112200.67,112160.70,112191.22,600,80,0
2026.03.05 19:50:00,112184.73,112185.65,112159.28,112181.20,600,80,0
2026.03.05 19:40:00,112190.98,112190.98,112166.08,112184.78,600,80,0
2026.03.05 19:30:00,112220.98,112220.98,112191.03,112191.03,600,80,0
2026.03.05 19:20:00,112250.98,112250.98,112221.03,112221.03,600,80,0
2026.03.05 19:10:00,112247.83,112278.58,112245.48,112251.03,600,80,0
2026.03.05 19:00:00,112277.83,112277.83,112247.88,112247.88,600,80,0
2026.03.05 18:50:00,112307.88,112307.88,112277.88,112277.88,601,80,0
2026.03.05 18:40:00,112300.46,112332.03,112294.66,112307.93,600,80,0
2026.03.05 18:30:00,112287.50,112305.86,112262.95,112300.51,600,80,0
2026.03.05 18:20:00,112317.50,112317.50,112287.55,112287.55,600,80,0
2026.03.05 18:10:00,112297.73,112319.00,112269.28,112317.55,600,80,0
2026.03.05 18:00:00,112327.73,112327.73,112297.78,112297.78,600,80,0
2026.03.05 17:50:00,112357.73,112357.73,112327.78,112327.78,600,80,0
2026.03.05 17:40:00,112342.11,112368.63,112335.61,112357.78,600,80,0
2026.03.05 17:30:00,112299.73,112350.48,112299.18,112342.16,600,80,0
2026.03.05 17:20:00,112303.11,112313.03,112286.46,112299.78,600,80,0
2026.03.05 17:10:00,112303.19,112333.06,112303.16,112303.16,600,80,0
2026.03.05 17:00:00,112301.09,112326.09,112294.04,112303.24,600,80,0
2026.03.05 16:50:00,112287.87,112330.74,112287.57,112301.14,600,80,0
2026.03.05 16:40:00,112317.87,112317.87,112287.92,112287.92,600,80,0
2026.03.05 16:30:00,112347.87,112347.87,112317.92,112317.92,600,80,0
2026.03.05 16:20:00,112300.85,112361.27,112294.85,112347.92,600,80,0
2026.03.05 16:10:00,112256.33,112313.50,112250.68,112300.90,600,80,0
2026.03.05 16:00:00,112212.15,112266.23,112199.05,112256.38,600,80,0
2026.03.05 15:50:00,112242.15,112242.15,112212.20,112212.20,600,80,0
2026.03.05 15:40:00,112201.26,112245.25,112195.91,112242.20,600,80,0
2026.03.05 15:30:00,112204.68,112223.76,112197.23,112201.31,600,80,0
2026.03.05 15:20:00,112212.95,112224.18,112202.50,112204.73,600,80,0
2026.03.05 15:10:00,112242.95,112242.95,112213.00,112213.00,600,80,0
2026.03.05 15:00:00,112212.96,112264.10,112207.86,112243.00,600,80,0
2026.03.05 14:50:00,112242.96,112242.96,112213.01,112213.01,600,80,0
2026.03.05 14:40:00,112149.87,112244.56,112141.72,112243.01,600,80,0
2026.03.05 14:30:00,112137.37,112154.87,112112.42,112149.92,600,80,0
2026.03.05 14:20:00,112148.85,112148.85,112121.75,112137.42,600,80,0
2026.03.05 14:10:00,112158.56,112178.15,112148.90,112148.90,600,80,0
2026.03.05 14:00:00,112148.53,112188.46,112148.48,112158.61,600,80,0
2026.03.05 13:50:00,112130.79,112149.73,112118.58,112148.58,600,80,0
2026.03.05 13:40:00,112160.79,112160.79,112130.84,112130.84,600,80,0
2026.03.05 13:30:00,112146.97,112181.54,112137.77,112160.84,600,80,0
2026.03.05 13:20:00,112095.73,112153.52,112081.13,112147.02,600,80,0
2026.03.05 13:10:00,112030.01,112098.53,112028.11,112095.78,600,80,0
2026.03.05 13:00:00,112025.92,112034.11,112000.07,112030.06,600,80,0
2026.03.05 12:50:00,112055.92,112055.92,112025.97,112025.97,600,80,0
2026.03.05 12:40:00,112038.20,112066.27,112037.45,112055.97,600,80,0
2026.03.05 12:30:00,112068.20,112068.20,112038.25,112038.25,600,80,0
2026.03.05 12:20:00,112075.17,112076.50,112053.52,112068.25,600,80,0
2026.03.05 12:10:00,112105.17,112105.17,112075.22,112075.22,600,80,0
2026.03.05 12:00:00,112135.17,112135.17,112105.22,112105.22,600,80,0
2026.03.05 11:50:00,112108.65,112141.37,112084.90,112135.22,600,80,0
2026.03.05 11:40:00,112024.02,112123.00,112021.97,112108.70,600,80,0
2026.03.05 11:30:00,112054.02,112054.02,112024.07,112024.07,600,80,0
2026.03.05 11:20:00,112084.02,112084.02,112054.07,112054.07,600,80,0
2026.03.05 11:10:00,112071.31,112085.77,112043.11,112084.07,600,80,0
2026.03.05 11:00:00,112101.31,112101.31,112071.36,112071.36,600,80,0
2026.03.05 10:50:00,112131.31,112131.31,112101.36,112101.36,600,80,0
2026.03.05 10:40:00,112161.31,112161.31,112131.36,112131.36,600,80,0
2026.03.05 10:30:00,112030.03,112174.51,112026.53,112161.36,600,80,0
2026.03.05 10:20:00,112026.31,112051.88,112018.21,112030.08,600,80,0
2026.03.05 10:10:00,112056.31,112056.31,112026.36,112026.36,600,80,0
2026.03.05 10:00:00,112029.66,112080.51,112023.91,112056.36,600,80,0
2026.03.05 09:50:00,112043.68,112049.26,112029.71,112029.71,600,80,0
2026.03.05 09:40:00,112015.86,112058.43,112000.81,112043.73,601,80,0
2026.03.05 09:30:00,111984.42,112023.26,111964.17,112015.91,600,80,0
2026.03.05 09:20:00,111983.52,112009.17,111978.32,111984.47,600,80,0
2026.03.05 09:10:00,111957.26,111987.07,111942.66,111983.57,600,80,0
2026.03.05 09:00:00,111917.76,111937.57,111906.66,111932.92,600,80,0
2026.03.05 08:50:00,111947.76,111947.76,111917.81,111917.81,600,80,0
2026.03.05 08:40:00,111918.30,111959.96,111905.25,111947.81,600,80,0
2026.03.05 08:30:00,111930.69,111940.65,111918.35,111918.35,600,80,0
2026.03.05 08:20:00,111942.58,111943.29,111925.23,111930.74,600,80,0
2026.03.05 08:10:00,111876.33,111945.03,111868.83,111942.63,600,80,0
2026.03.05 08:00:00,111906.33,111906.33,111876.38,111876.38,600,80,0
2026.03.05 07:50:00,111936.33,111936.33,111906.38,111906.38,600,80,0
2026.03.05 07:40:00,111936.07,111959.28,111929.07,111936.38,600,80,0
2026.03.05 07:30:00,111930.20,111952.82,111917.00,111936.12,600,80,0
2026.03.05 07:20:00,111924.67,111942.85,111907.37,111930.25,600,80,0
2026.03.05 07:10:00,111902.47,111930.16,111895.67,111924.72,600,80,0
2026.03.05 07:00:00,111878.96,111903.82,111850.36,111902.52,600,80,0
2026.03.05 06:50:00,111864.95,111892.86,111849.00,111879.01,600,80,0
2026.03.05 06:40:00,111861.19,111866.95,111833.24,111865.00,600,80,0
2026.03.05 06:30:00,111891.19,111891.19,111861.24,111861.24,600,80,0
2026.03.05 06:20:00,111897.41,111903.44,111879.71,111891.24,600,80,0
2026.03.05 06:10:00,111899.90,111908.56,111881.10,111897.46,600,80,0
2026.03.05 06:00:00,111866.04,111903.70,111840.84,111899.95,600,80,0
2026.03.05 05:50:00,111896.04,111896.04,111866.09,111866.09,600,80,0
2026.03.05 05:40:00,111926.04,111926.04,111896.09,111896.09,600,80,0
2026.03.05 05:30:00,111939.46,111942.09,111925.56,111926.09,600,80,0
2026.03.05 05:20:00,111927.91,111943.81,111902.31,111939.51,600,80,0
2026.03.05 05:10:00,111957.91,111957.91,111927.96,111927.96,600,80,0
2026.03.05 05:00:00,111987.91,111987.91,111957.96,111957.96,600,80,0
2026.03.05 04:50:00,111995.47,112011.76,111987.96,111987.96,600,80,0
2026.03.05 04:40:00,111947.07,112000.97,111930.02,111995.52,600,80,0
2026.03.05 04:30:00,111977.07,111977.07,111947.12,111947.12,600,80,0
2026.03.05 04:20:00,111968.20,111985.22,111946.40,111977.12,600,80,0
2026.03.05 04:10:00,111942.89,111993.30,111939.54,111968.25,600,80,0
2026.03.05 04:00:00,111972.89,111972.89,111942.94,111942.94,600,80,0
2026.03.05 03:50:00,112002.89,112002.89,111972.94,111972.94,600,80,0
2026.03.05 03:40:00,112015.43,112015.43,111986.83,112002.94,600,80,0
2026.03.05 03:30:00,111958.53,112040.08,111957.63,112015.48,600,80,0
2026.03.05 03:20:00,111935.47,111970.93,111918.92,111958.58,600,80,0
2026.03.05 03:10:00,111881.29,111936.77,111873.69,111935.52,600,80,0
2026.03.05 03:00:00,111878.21,111907.99,111876.96,111881.34,600,80,0
2026.03.05 02:50:00,111908.21,111908.21,111878.26,111878.26,600,80,0
2026.03.05 02:40:00,111909.57,111911.06,111882.47,111908.26,600,80,0
2026.03.05 02:30:00,111906.53,111919.02,111886.03,111909.62,600,80,0
2026.03.05 02:20:00,111904.61,111912.73,111887.76,111906.58,600,80,0
2026.03.05 02:10:00,111827.49,111919.41,111826.89,111904.66,600,80,0
2026.03.05 02:00:00,111822.02,111848.04,111812.62,111827.54,600,80,0
2026.03.05 01:50:00,111775.77,111822.82,111775.09,111822.07,600,80,0
2026.03.05 01:40:00,111785.59,111785.59,111763.29,111775.82,600,80,0
2026.03.05 01:30:00,111798.30,111798.30,111775.40,111785.64,600,80,0
2026.03.05 01:20:00,111828.30,111828.30,111798.35,111798.35,600,80,0
2026.03.05 01:10:00,111790.31,111854.25,111786.61,111828.35,600,80,0
2026.03.05 01:00:00,111744.63,111810.61,111735.58,111790.36,600,80,0
2026.03.05 00:50:00,111705.88,111746.48,111703.88,111744.68,600,80,0
2026.03.05 00:40:00,111714.10,111728.98,111705.93,111705.93,601,80,0
2026.03.05 00:30:00,111675.02,111719.95,111673.92,111714.15,600,80,0
2026.03.05 00:20:00,111681.28,111689.02,111665.33,111675.07,600,80,0
2026.03.05 00:10:00,111695.74,111695.74,111671.34,111681.33,600,80,0
2026.03.05 00:00:00,111691.90,111716.44,111682.65,111695.79,600,80,0
2026.03.04 23:50:00,111697.55,111697.55,111669.60,111691.95,600,80,0
2026.03.04 23:40:00,111662.73,111705.05,111660.48,111697.60,600,80,0
2026.03.04 23:30:00,111692.73,111692.73,111662.78,111662.78,600,80,0
2026.03.04 23:20:00,111657.04,111702.03,111643.54,111692.78,600,80,0
2026.03.04 23:10:00,111687.04,111687.04,111657.09,111657.09,600,80,0
2026.03.04 23:00:00,111653.64,111692.14,111629.59,111687.09,600,80,0
2026.03.04 22:50:00,111683.64,111683.64,111653.69,111653.69,600,80,0
2026.03.04 22:40:00,111690.44,111690.44,111660.54,111683.69,600,80,0
2026.03.04 22:30:00,111687.41,111719.59,111686.61,111690.49,600,80,0
2026.03.04 22:20:00,111677.90,111709.46,111670.00,111687.46,600,80,0
2026.03.04 22:10:00,111674.12,111684.95,111661.57,111677.95,600,80,0
2026.03.04 22:00:00,111688.68,111695.17,111674.17,111674.17,600,80,0
2026.03.04 21:50:00,111680.75,111699.23,111661.35,111688.73,600,80,0
2026.03.04 21:40:00,111666.63,111686.35,111659.53,111680.80,600,80,0
2026.03.04 21:30:00,111696.63,111696.63,111666.68,111666.68,600,80,0
2026.03.04 21:20:00,111681.15,111724.83,111679.40,111696.68,600,80,0
2026.03.04 21:10:00,111711.15,111711.15,111681.20,111681.20,600,80,0
2026.03.04 21:00:00,111721.36,111721.36,111701.36,111711.20,600,80,0
2026.03.04 20:50:00,111632.38,111726.56,111624.28,111721.41,600,80,0
2026.03.04 20:40:00,111614.63,111637.48,111605.03,111632.43,600,80,0
2026.03.04 20:30:00,111616.15,111619.53,111591.10,111614.68,600,80,0
2026.03.04 20:20:00,111625.17,111635.40,111614.47,111616.20,600,80,0
2026.03.04 20:10:00,111628.07,111632.47,111605.42,111625.22,600,80,0
2026.03.04 20:00:00,111611.27,111644.02,111597.27,111628.12,600,80,0
2026.03.04 19:50:00,111641.27,111641.27,111611.32,111611.32,600,80,0
2026.03.04 19:40:00,111671.27,111671.27,111641.32,111641.32,600,80,0
2026.03.04 19:30:00,111701.27,111701.27,111671.32,111671.32,600,80,0
2026.03.04 19:20:00,111731.27,111731.27,111701.32,111701.32,600,80,0
2026.03.04 19:10:00,111731.68,111745.32,111715.78,111731.32,600,80,0
2026.03.04 19:00:00,111697.05,111731.93,111683.85,111731.73,600,80,0
2026.03.04 18:50:00,111700.57,111704.65,111678.22,111697.10,600,80,0
2026.03.04 18:40:00,111730.57,111730.57,111700.62,111700.62,600,80,0
2026.03.04 18:30:00,111693.40,111743.82,111679.30,111730.62,600,80,0
2026.03.04 18:20:00,111649.09,111709.25,111642.19,111693.45,600,80,0
2026.03.04 18:10:00,111626.53,111652.74,111603.68,111649.14,600,80,0
2026.03.04 18:00:00,111656.53,111656.53,111626.58,111626.58,600,80,0
2026.03.04 17:50:00,111666.55,111671.48,111651.55,111656.58,600,80,0
2026.03.04 17:40:00,111665.05,111666.75,111635.30,111666.60,600,80,0
2026.03.04 17:30:00,111667.15,111667.15,111638.70,111665.10,600,80,0
2026.03.04 17:20:00,111681.71,111681.95,111666.56,111667.20,600,80,0
2026.03.04 17:10:00,111686.04,111703.31,111677.69,111681.76,600,80,0
2026.03.04 17:00:00,111640.79,111686.94,111633.24,111686.09,600,80,0
2026.03.04 16:50:00,111633.28,111657.39,111619.93,111640.84,600,80,0
2026.03.04 16:40:00,111617.69,111634.53,111588.99,111633.33,600,80,0
2026.03.04 16:30:00,111624.63,111629.24,111606.23,111617.74,600,80,0
2026.03.04 16:20:00,111638.20,111648.53,111624.68,111624.68,600,80,0
2026.03.04 16:10:00,111668.20,111668.20,111638.25,111638.25,600,80,0
2026.03.04 16:00:00,111661.28,111696.10,111659.23,111668.25,600,80,0
2026.03.04 15:50:00,111691.28,111691.28,111661.33,111661.33,600,80,0
2026.03.04 15:40:00,111675.97,111701.23,111655.97,111691.33,600,80,0
2026.03.04 15:30:00,111705.97,111705.97,111676.02,111676.02,600,80,0
2026.03.04 15:20:00,111660.37,111715.12,111656.07,111706.02,600,80,0
2026.03.04 15:10:00,111690.37,111690.37,111660.42,111660.42,600,80,0
2026.03.04 15:00:00,111666.38,111717.47,111663.53,111690.42,600,80,0
2026.03.04 14:50:00,111675.25,111693.83,111666.43,111666.43,600,80,0
2026.03.04 14:40:00,111683.17,111693.65,111671.62,111675.30,600,80,0
2026.03.04 14:30:00,111713.17,111713.17,111683.22,111683.22,600,80,0
2026.03.04 14:20:00,111722.39,111740.22,111713.22,111713.22,600,80,0
2026.03.04 14:10:00,111752.39,111752.39,111722.44,111722.44,600,80,0
2026.03.04 14:00:00,111782.39,111782.39,111752.44,111752.44,600,80,0
2026.03.04 13:50:00,111751.58,111791.59,111751.28,111782.44,600,80,0
2026.03.04 13:40:00,111673.84,111772.18,111672.34,111751.63,600,80,0
2026.03.04 13:30:00,111619.31,111676.74,111610.71,111673.89,600,80,0
2026.03.04 13:20:00,111600.07,111620.51,111581.17,111619.36,600,80,0
2026.03.04 13:10:00,111630.07,111630.07,111600.12,111600.12,600,80,0
2026.03.04 13:00:00,111660.07,111660.07,111630.12,111630.12,600,80,0
2026.03.04 12:50:00,111690.07,111690.07,111660.12,111660.12,600,80,0
2026.03.04 12:40:00,111720.07,111720.07,111690.12,111690.12,600,80,0
2026.03.04 12:30:00,111714.91,111741.17,111706.06,111720.12,600,80,0
2026.03.04 12:20:00,111677.01,111717.81,111657.41,111714.96,600,80,0
2026.03.04 12:10:00,111664.81,111693.96,111656.61,111677.06,600,80,0
2026.03.04 12:00:00,111694.81,111694.81,111664.86,111664.86,600,80,0
2026.03.04 11:50:00,111655.24,111698.01,111649.44,111694.86,600,80,0
2026.03.04 11:40:00,111633.34,111677.94,111626.09,111655.29,600,80,0
2026.03.04 11:30:00,111663.34,111663.34,111633.39,111633.39,600,80,0
2026.03.04 11:20:00,111622.62,111684.89,111617.82,111663.39,600,80,0
2026.03.04 11:10:00,111652.62,111652.62,111622.67,111622.67,600,80,0
2026.03.04 11:00:00,111682.62,111682.62,111652.67,111652.67,600,80,0
2026.03.04 10:50:00,111712.62,111712.62,111682.67,111682.67,600,80,0
2026.03.04 10:40:00,111697.92,111737.07,111692.42,111712.67,600,80,0
2026.03.04 10:30:00,111681.69,111702.76,111678.46,111697.97,600,80,0
2026.03.04 10:20:00,111670.30,111709.44,111668.10,111681.74,600,80,0
2026.03.04 10:10:00,111700.30,111700.30,111670.35,111670.35,600,80,0
2026.03.04 10:00:00,111730.30,111730.30,111700.35,111700.35,600,80,0
2026.03.04 09:50:00,111760.30,111760.30,111730.35,111730.35,600,80,0
2026.03.04 09:40:00,111771.98,111776.45,111758.18,111760.35,600,80,0
2026.03.04 09:30:00,111801.98,111801.98,111772.03,111772.03,600,80,0
2026.03.04 09:20:00,111774.80,111813.13,111763.10,111802.03,600,80,0
2026.03.04 09:10:00,111785.01,111785.01,111764.96,111774.85,600,80,0
2026.03.04 09:00:00,111785.53,111786.31,111756.88,111785.06,600,80,0
2026.03.04 08:50:00,111815.53,111815.53,111785.58,111785.58,600,80,0
2026.03.04 08:40:00,111818.65,111837.93,111811.10,111815.58,600,80,0
2026.03.04 08:30:00,111830.69,111843.45,111818.70,111818.70,600,80,0
2026.03.04 08:20:00,111860.69,111860.69,111830.74,111830.74,600,80,0
2026.03.04 08:10:00,111890.69,111890.69,111860.74,111860.74,600,80,0
2026.03.04 08:00:00,111893.33,111904.89,111877.58,111890.74,600,80,0
2026.03.04 07:50:00,111923.33,111923.33,111893.38,111893.38,600,80,0
2026.03.04 07:40:00,111875.39,111931.88,111856.59,111923.38,600,80,0
2026.03.04 07:30:00,111826.49,111878.19,111805.64,111875.44,600,80,0
2026.03.04 07:20:00,111856.49,111856.49,111826.54,111826.54,600,80,0
2026.03.04 07:10:00,111886.49,111886.49,111856.54,111856.54,600,80,0
2026.03.04 07:00:00,111853.58,111889.49,111843.98,111886.54,600,80,0
2026.03.04 06:50:00,111830.39,111861.78,111829.04,111853.63,600,80,0
2026.03.04 06:40:00,111841.12,111841.12,111812.27,111830.44,600,80,0
2026.03.04 06:30:00,111871.12,111871.12,111841.17,111841.17,600,80,0
2026.03.04 06:20:00,111775.95,111871.77,111768.90,111871.17,600,80,0
2026.03.04 06:10:00,111754.11,111798.65,111751.81,111776.00,600,80,0
2026.03.04 06:00:00,111639.42,111757.46,111638.22,111754.16,600,80,0
2026.03.04 05:50:00,111669.42,111669.42,111639.47,111639.47,600,80,0
2026.03.04 05:40:00,111665.94,111690.22,111656.79,111669.47,600,80,0
2026.03.04 05:30:00,111626.14,111670.44,111623.14,111665.99,600,80,0
2026.03.04 05:20:00,111626.41,111631.99,111602.31,111626.19,600,80,0
2026.03.04 05:10:00,111592.51,111626.61,111577.56,111626.46,600,80,0
2026.03.04 05:00:00,111622.51,111622.51,111592.56,111592.56,600,80,0
2026.03.04 04:50:00,111589.29,111644.31,111584.44,111622.56,594,80,0
2026.03.04 04:40:00,111526.53,111597.74,111516.78,111589.34,600,80,0
2026.03.04 04:30:00,111556.53,111556.53,111526.58,111526.58,600,80,0
2026.03.04 04:20:00,111533.18,111569.38,111526.13,111556.58,600,80,0
2026.03.04 04:10:00,111523.45,111557.93,111518.25,111533.23,600,80,0
2026.03.04 04:00:00,111535.58,111535.58,111515.63,111523.50,600,80,0
2026.03.04 03:50:00,111529.09,111554.43,111517.99,111535.63,600,80,0
2026.03.04 03:40:00,111559.09,111559.09,111529.14,111529.14,600,80,0
2026.03.04 03:30:00,111589.09,111589.09,111559.14,111559.14,600,80,0
2026.03.04 03:20:00,111600.88,111606.59,111588.43,111589.14,600,80,0
2026.03.04 03:10:00,111595.85,111617.23,111582.25,111600.93,600,80,0
2026.03.04 03:00:00,111541.88,111601.00,111530.68,111595.90,600,80,0
2026.03.04 02:50:00,111469.12,111542.63,111468.82,111541.93,600,80,0
2026.03.04 02:40:00,111453.50,111487.47,111441.90,111469.17,600,80,0
2026.03.04 02:30:00,111483.50,111483.50,111453.55,111453.55,600,80,0
2026.03.04 02:20:00,111513.50,111513.50,111483.55,111483.55,600,80,0
2026.03.04 02:10:00,111543.50,111543.50,111513.55,111513.55,600,80,0
2026.03.04 02:00:00,111446.75,111552.15,111446.00,111543.55,600,80,0
2026.03.04 01:50:00,111453.20,111453.50,111430.00,111446.80,600,80,0
2026.03.04 01:40:00,111399.41,111455.10,111396.96,111453.25,600,80,0
2026.03.04 01:30:00,111369.09,111419.61,111367.54,111399.46,600,80,0
2026.03.04 01:20:00,111399.09,111399.09,111369.14,111369.14,600,80,0
2026.03.04 01:10:00,111338.72,111407.24,111329.97,111399.14,600,80,0
2026.03.04 01:00:00,111333.20,111365.92,111330.45,111338.77,600,80,0
2026.03.04 00:50:00,111339.16,111341.00,111317.01,111333.25,600,80,0
2026.03.04 00:40:00,111311.75,111351.66,111296.55,111339.21,600,80,0
2026.03.04 00:30:00,111289.72,111330.90,111283.27,111311.80,600,80,0
2026.03.04 00:20:00,111319.72,111319.72,111289.77,111289.77,600,80,0
2026.03.04 00:10:00,111272.87,111331.12,111266.67,111319.77,600,80,0
2026.03.04 00:00:00,111275.94,111296.27,111269.39,111272.92,600,80,0
2026.03.03 23:50:00,111243.99,111282.49,111237.54,111275.99,600,80,0
2026.03.03 23:40:00,111273.99,111273.99,111244.04,111244.04,600,80,0
2026.03.03 23:30:00,111277.13,111292.04,111265.23,111274.04,600,80,0
2026.03.03 23:20:00,111286.87,111286.87,111259.67,111277.18,600,80,0
2026.03.03 23:10:00,111316.87,111316.87,111286.92,111286.92,600,80,0
2026.03.03 23:00:00,111346.92,111346.92,111316.92,111316.92,601,80,0
2026.03.03 22:50:00,111361.30,111361.30,111332.85,111346.97,600,80,0
2026.03.03 22:40:00,111312.50,111365.90,111289.70,111361.35,600,80,0
2026.03.03 22:30:00,111298.97,111315.70,111272.22,111312.55,600,80,0
2026.03.03 22:20:00,111263.44,111299.17,111259.75,111299.02,600,80,0
2026.03.03 22:10:00,111250.26,111272.19,111229.06,111263.49,600,80,0
2026.03.03 22:00:00,111280.26,111280.26,111250.31,111250.31,600,80,0
2026.03.03 21:50:00,111221.23,111299.26,111216.93,111280.31,600,80,0
2026.03.03 21:40:00,111209.91,111222.48,111198.76,111221.28,600,80,0
2026.03.03 21:30:00,111147.51,111212.76,111144.81,111209.96,600,80,0
2026.03.03 21:20:00,111138.10,111168.81,111129.45,111147.56,600,80,0
2026.03.03 21:10:00,111140.76,111143.35,111116.06,111138.15,600,80,0
2026.03.03 21:00:00,111170.76,111170.76,111140.81,111140.81,600,80,0
2026.03.03 20:50:00,111122.13,111175.76,111107.73,111170.81,600,80,0
2026.03.03 20:40:00,111152.13,111152.13,111122.18,111122.18,600,80,0
2026.03.03 20:30:00,111123.98,111169.13,111121.48,111152.18,600,80,0
2026.03.03 20:20:00,111118.26,111127.18,111091.51,111124.03,600,80,0
2026.03.03 20:10:00,111087.06,111119.21,111076.46,111118.31,600,80,0
2026.03.03 20:00:00,111089.56,111111.01,111083.56,111087.11,600,80,0
2026.03.03 19:50:00,111091.80,111105.71,111078.00,111089.61,600,80,0
2026.03.03 19:40:00,111121.80,111121.80,111091.85,111091.85,600,80,0
2026.03.03 19:30:00,111151.80,111151.80,111121.85,111121.85,600,80,0
2026.03.03 19:20:00,111128.22,111153.05,111099.52,111151.85,600,80,0
2026.03.03 19:10:00,111108.98,111139.22,111090.03,111128.27,600,80,0
2026.03.03 19:00:00,111096.71,111119.73,111077.51,111109.03,600,80,0
2026.03.03 18:50:00,111085.23,111100.41,111075.30,111096.76,600,80,0
2026.03.03 18:40:00,111115.23,111115.23,111085.28,111085.28,600,80,0
2026.03.03 18:30:00,111080.86,111132.53,111078.91,111115.28,600,80,0
2026.03.03 18:20:00,111058.78,111084.96,111033.58,111080.91,600,80,0
2026.03.03 18:10:00,111041.40,111066.38,111028.80,111058.83,600,80,0
2026.03.03 18:00:00,111042.86,111062.85,111034.36,111041.45,600,80,0
2026.03.03 17:50:00,111072.86,111072.86,111042.91,111042.91,600,80,0
2026.03.03 17:40:00,111102.86,111102.86,111072.91,111072.91,600,80,0
2026.03.03 17:30:00,110997.60,111108.71,110982.40,111102.91,600,80,0
2026.03.03 17:20:00,110984.55,110998.10,110955.10,110997.65,600,80,0
2026.03.03 17:10:00,110945.62,110988.65,110945.52,110984.60,600,80,0
2026.03.03 17:00:00,110954.58,110957.72,110936.73,110945.67,600,80,0
2026.03.03 16:50:00,110894.16,110955.83,110867.96,110954.63,600,80,0
2026.03.03 16:40:00,110924.16,110924.16,110894.21,110894.21,600,80,0
2026.03.03 16:30:00,110886.12,110926.26,110860.12,110924.21,600,80,0
2026.03.03 16:20:00,110916.12,110916.12,110886.17,110886.17,600,80,0
2026.03.03 16:10:00,110868.80,110916.87,110863.45,110916.17,600,80,0
2026.03.03 16:00:00,110853.60,110890.05,110850.75,110868.85,600,80,0
2026.03.03 15:50:00,110883.60,110883.60,110853.65,110853.65,600,80,0
2026.03.03 15:40:00,110886.49,110907.00,110879.94,110883.65,600,80,0
2026.03.03 15:30:00,110882.55,110891.39,110857.50,110886.54,600,80,0
2026.03.03 15:20:00,110874.88,110911.75,110874.13,110882.60,600,80,0
2026.03.03 15:10:00,110849.08,110879.88,110829.28,110874.93,600,80,0
2026.03.03 15:00:00,110861.06,110861.06,110836.56,110849.13,600,80,0
2026.03.03 14:50:00,110849.35,110874.41,110832.75,110861.11,600,80,0
2026.03.03 14:40:00,110749.15,110864.95,110747.10,110849.40,600,80,0
2026.03.03 14:30:00,110740.75,110763.85,110725.50,110749.20,600,80,0
2026.03.03 14:20:00,110770.75,110770.75,110740.80,110740.80,600,80,0
2026.03.03 14:10:00,110705.43,110779.80,110702.53,110770.80,600,80,0
2026.03.03 14:00:00,110644.85,110710.13,110638.80,110705.48,601,80,0
2026.03.03 13:50:00,110632.07,110655.90,110617.62,110644.90,600,80,0
2026.03.03 13:40:00,110662.07,110662.07,110632.12,110632.12,600,80,0
2026.03.03 13:30:00,110692.07,110692.07,110662.12,110662.12,600,80,0
2026.03.03 13:20:00,110701.38,110701.38,110672.63,110692.12,600,80,0
2026.03.03 13:10:00,110657.86,110727.68,110655.76,110701.43,600,80,0
2026.03.03 13:00:00,110687.86,110687.86,110657.91,110657.91,600,80,0
2026.03.03 12:50:00,110701.34,110705.76,110687.91,110687.91,600,80,0
2026.03.03 12:40:00,110707.24,110708.84,110684.79,110701.39,600,80,0
2026.03.03 12:30:00,110681.89,110726.79,110678.89,110707.29,600,80,0
2026.03.03 12:20:00,110660.45,110700.49,110649.10,110681.94,600,80,0
2026.03.03 12:10:00,110690.45,110690.45,110660.50,110660.50,600,80,0
2026.03.03 12:00:00,110672.49,110691.30,110643.39,110690.50,600,80,0
2026.03.03 11:50:00,110627.76,110672.79,110606.81,110672.54,600,80,0
2026.03.03 11:40:00,110657.76,110657.76,110627.81,110627.81,600,80,0
2026.03.03 11:30:00,110608.36,110667.71,110605.96,110657.81,600,80,0
2026.03.03 11:20:00,110595.09,110626.76,110583.94,110608.41,600,80,0
2026.03.03 11:10:00,110587.78,110615.44,110578.18,110595.14,600,80,0
2026.03.03 11:00:00,110617.78,110617.78,110587.83,110587.83,600,80,0
2026.03.03 10:50:00,110615.06,110618.68,110586.01,110617.83,600,80,0
2026.03.03 10:40:00,110645.06,110645.06,110615.11,110615.11,600,80,0
2026.03.03 10:30:00,110675.06,110675.06,110645.11,110645.11,600,80,0
2026.03.03 10:20:00,110658.25,110687.46,110640.70,110675.11,600,80,0
2026.03.03 10:10:00,110586.99,110673.75,110573.29,110658.30,600,80,0
2026.03.03 10:00:00,110580.77,110600.99,110564.82,110587.04,600,80,0
2026.03.03 09:50:00,110577.28,110584.87,110551.43,110580.82,600,80,0
2026.03.03 09:40:00,110562.54,110598.63,110553.94,110577.33,600,80,0
2026.03.03 09:30:00,110534.67,110567.74,110513.82,110562.59,600,80,0
2026.03.03 09:20:00,110497.51,110549.97,110494.66,110534.72,600,80,0
2026.03.03 09:10:00,110465.84,110510.51,110450.24,110497.56,600,80,0
2026.03.03 09:00:00,110457.84,110488.99,110451.04,110465.89,600,80,0
2026.03.03 08:50:00,110447.07,110458.89,110418.17,110457.89,600,80,0
2026.03.03 08:40:00,110433.49,110447.72,110418.69,110447.12,600,80,0
2026.03.03 08:30:00,110354.76,110442.59,110346.56,110433.54,600,80,0
2026.03.03 08:20:00,110303.92,110362.46,110284.52,110354.81,600,80,0
2026.03.03 08:10:00,110300.43,110313.72,110280.28,110303.97,600,80,0
2026.03.03 08:00:00,110267.93,110307.68,110259.78,110300.48,600,80,0
2026.03.03 07:50:00,110245.82,110291.33,110239.27,110267.98,600,80,0
2026.03.03 07:40:00,110275.82,110275.82,110245.87,110245.87,600,80,0
2026.03.03 07:30:00,110286.99,110293.67,110274.89,110275.87,600,80,0
2026.03.03 07:20:00,110316.99,110316.99,110287.04,110287.04,600,80,0
2026.03.03 07:10:00,110302.72,110328.64,110301.97,110317.04,600,80,0
2026.03.03 07:00:00,110332.72,110332.72,110302.77,110302.77,600,80,0
2026.03.03 06:50:00,110362.72,110362.72,110332.77,110332.77,600,80,0
2026.03.03 06:40:00,110324.55,110364.42,110312.50,110362.77,600,80,0
2026.03.03 06:30:00,110323.92,110341.10,110310.52,110324.60,600,80,0
2026.03.03 06:20:00,110320.12,110328.37,110294.62,110323.97,600,80,0
2026.03.03 06:10:00,110313.39,110332.67,110295.99,110320.17,600,80,0
2026.03.03 06:00:00,110303.80,110316.14,110276.60,110313.44,600,80,0
2026.03.03 05:50:00,110277.22,110324.75,110268.22,110303.85,600,80,0
2026.03.03 05:40:00,110307.22,110307.22,110277.27,110277.27,600,80,0
2026.03.03 05:30:00,110337.22,110337.22,110307.27,110307.27,600,80,0
2026.03.03 05:20:00,110367.22,110367.22,110337.27,110337.27,600,80,0
2026.03.03 05:10:00,110346.24,110376.22,110325.29,110367.27,600,80,0
2026.03.03 05:00:00,110302.69,110363.49,110291.54,110346.29,601,80,0
2026.03.03 04:50:00,110223.53,110316.84,110214.28,110302.74,600,80,0
2026.03.03 04:40:00,110253.53,110253.53,110223.58,110223.58,600,80,0
2026.03.03 04:30:00,110283.53,110283.53,110253.58,110253.58,600,80,0
2026.03.03 04:20:00,110246.53,110293.38,110233.53,110283.58,600,80,0
2026.03.03 04:10:00,110276.53,110276.53,110246.58,110246.58,600,80,0
2026.03.03 04:00:00,110227.66,110281.58,110206.51,110276.58,600,80,0
2026.03.03 03:50:00,110156.27,110228.01,110147.72,110227.71,600,80,0
2026.03.03 03:40:00,110186.27,110186.27,110156.32,110156.32,600,80,0
2026.03.03 03:30:00,110216.27,110216.27,110186.32,110186.32,600,80,0
2026.03.03 03:20:00,110228.60,110243.57,110216.32,110216.32,600,80,0
2026.03.03 03:10:00,110141.36,110239.40,110129.66,110228.65,600,80,0
2026.03.03 03:00:00,110139.11,110165.56,110133.36,110141.41,600,80,0
2026.03.03 02:50:00,110117.07,110139.76,110095.32,110139.16,600,80,0
2026.03.03 02:40:00,110081.27,110129.37,110074.92,110117.12,600,80,0
2026.03.03 02:30:00,110111.27,110111.27,110081.32,110081.32,600,80,0
2026.03.03 02:20:00,110052.53,110124.72,110048.58,110111.32,600,80,0
2026.03.03 02:10:00,110044.87,110058.53,110035.32,110052.58,600,80,0
2026.03.03 02:00:00,110074.87,110074.87,110044.92,110044.92,600,80,0
2026.03.03 01:50:00,110104.87,110104.87,110074.92,110074.92,600,80,0
2026.03.03 01:40:00,110111.94,110124.17,110101.29,110104.92,600,80,0
2026.03.03 01:30:00,110141.94,110141.94,110111.99,110111.99,600,80,0
2026.03.03 01:20:00,110151.93,110160.44,110140.48,110141.99,600,80,0
2026.03.03 01:10:00,110151.57,110155.98,110125.67,110151.98,600,80,0
2026.03.03 01:00:00,110181.57,110181.57,110151.62,110151.62,600,80,0
2026.03.03 00:50:00,110179.28,110189.37,110157.13,110181.62,600,80,0
2026.03.03 00:40:00,110133.07,110183.58,110128.37,110179.33,600,80,0
2026.03.03 00:30:00,110126.84,110141.82,110105.64,110133.12,600,80,0
2026.03.03 00:20:00,110123.59,110139.59,110106.39,110126.89,600,80,0
2026.03.03 00:10:00,110094.90,110135.19,110086.75,110123.64,600,80,0
2026.03.03 00:00:00,110087.72,110119.00,110081.87,110094.95,600,80,0
2026.03.02 23:50:00,110117.72,110117.72,110087.77,110087.77,600,80,0
2026.03.02 23:40:00,110147.72,110147.72,110117.77,110117.77,600,80,0
2026.03.02 23:30:00,110138.43,110163.17,110123.93,110147.77,600,80,0
2026.03.02 23:20:00,110083.46,110153.78,110072.16,110138.48,600,80,0
2026.03.02 23:10:00,110037.55,110087.91,110017.05,110083.51,600,80,0
2026.03.02 23:00:00,110067.55,110067.55,110037.60,110037.60,600,80,0
2026.03.02 22:50:00,110097.55,110097.55,110067.60,110067.60,600,80,0
2026.03.02 22:40:00,110127.55,110127.55,110097.60,110097.60,600,80,0
2026.03.02 22:30:00,110157.55,110157.55,110127.60,110127.60,600,80,0
2026.03.02 22:20:00,110171.18,110178.85,110157.60,110157.60,600,80,0
2026.03.02 22:10:00,110107.71,110179.23,110095.71,110171.23,600,80,0
2026.03.02 22:00:00,110096.70,110128.71,110087.75,110107.76,600,80,0
2026.03.02 21:50:00,110126.70,110126.70,110096.75,110096.75,600,80,0
2026.03.02 21:40:00,110130.05,110148.45,110121.85,110126.75,600,80,0
2026.03.02 21:30:00,110139.00,110139.00,110114.45,110130.10,600,80,0
2026.03.02 21:20:00,110120.53,110144.95,110102.18,110139.05,600,80,0
2026.03.02 21:10:00,110057.17,110129.43,110041.37,110120.58,600,80,0
2026.03.02 21:00:00,110044.26,110071.62,110028.76,110057.22,600,80,0
2026.03.02 20:50:00,110074.26,110074.26,110044.31,110044.31,600,80,0
2026.03.02 20:40:00,110104.26,110104.26,110074.31,110074.31,600,80,0
2026.03.02 20:30:00,110061.23,110107.36,110046.18,110104.31,600,80,0
2026.03.02 20:20:00,110051.65,110090.48,110050.95,110061.28,600,80,0
2026.03.02 20:10:00,110003.49,110061.75,110003.24,110051.70,600,80,0
2026.03.02 20:00:00,110033.49,110033.49,110003.54,110003.54,600,80,0
2026.03.02 19:50:00,110042.50,110051.59,110030.60,110033.54,601,80,0
2026.03.02 19:40:00,109987.57,110051.65,109978.12,110042.55,600,80,0
2026.03.02 19:30:00,110017.57,110017.57,109987.62,109987.62,600,80,0
2026.03.02 19:20:00,110029.54,110046.47,110017.62,110017.62,600,80,0
2026.03.02 19:10:00,109989.91,110046.84,109981.16,110029.59,600,80,0
2026.03.02 19:00:00,109975.95,109992.61,109968.70,109989.96,600,80,0
2026.03.02 18:50:00,109914.16,109999.25,109913.61,109976.00,600,80,0
2026.03.02 18:40:00,109907.26,109939.16,109902.31,109914.21,600,80,0
2026.03.02 18:30:00,109899.75,109936.01,109898.55,109907.31,600,80,0
2026.03.02 18:20:00,109910.01,109910.01,109881.96,109899.80,600,80,0
2026.03.02 18:10:00,109940.01,109940.01,109910.06,109910.06,600,80,0
2026.03.02 18:00:00,109928.26,109968.06,109926.36,109940.06,600,80,0
2026.03.02 17:50:00,109937.94,109937.94,109915.39,109928.31,600,80,0
2026.03.02 17:40:00,109917.40,109951.99,109901.50,109937.99,600,80,0
2026.03.02 17:30:00,109907.90,109926.10,109886.65,109917.45,600,80,0
2026.03.02 17:20:00,109937.90,109937.90,109907.95,109907.95,600,80,0
2026.03.02 17:10:00,109967.90,109967.90,109937.95,109937.95,600,80,0
2026.03.02 17:00:00,109997.90,109997.90,109967.95,109967.95,600,80,0
2026.03.02 16:50:00,109975.61,110009.85,109963.91,109997.95,600,80,0
2026.03.02 16:40:00,109964.59,109983.01,109942.04,109975.66,600,80,0
2026.03.02 16:30:00,109970.48,109991.14,109964.64,109964.64,600,80,0
2026.03.02 16:20:00,110000.48,110000.48,109970.53,109970.53,600,80,0
2026.03.02 16:10:00,109953.51,110002.28,109951.91,110000.53,600,80,0
2026.03.02 16:00:00,109871.97,109955.66,109866.32,109953.56,600,80,0
2026.03.02 15:50:00,109774.74,109875.42,109771.34,109872.02,600,80,0
2026.03.02 15:40:00,109753.53,109796.59,109753.13,109774.79,600,80,0
2026.03.02 15:30:00,109753.06,109769.33,109738.91,109753.58,600,80,0
2026.03.02 15:20:00,109757.14,109771.76,109745.89,109753.11,600,80,0
2026.03.02 15:10:00,109698.82,109771.99,109688.22,109757.19,600,80,0
2026.03.02 15:00:00,109663.62,109707.27,109651.22,109698.87,600,80,0
2026.03.02 14:50:00,109693.62,109693.62,109663.67,109663.67,600,80,0
2026.03.02 14:40:00,109723.62,109723.62,109693.67,109693.67,600,80,0
2026.03.02 14:30:00,109753.62,109753.62,109723.67,109723.67,600,80,0
2026.03.02 14:20:00,109783.62,109783.62,109753.67,109753.67,600,80,0
2026.03.02 14:10:00,109764.97,109803.02,109758.12,109783.67,600,80,0
2026.03.02 14:00:00,109794.97,109794.97,109765.02,109765.02,600,80,0
2026.03.02 13:50:00,109800.97,109804.57,109780.62,109795.02,600,80,0
2026.03.02 13:40:00,109788.13,109811.22,109768.43,109801.02,600,80,0
2026.03.02 13:30:00,109796.94,109815.03,109788.18,109788.18,600,80,0
2026.03.02 13:20:00,109794.79,109804.19,109772.09,109796.99,600,80,0
2026.03.02 13:10:00,109718.59,109796.09,109710.04,109794.84,600,80,0
2026.03.02 13:00:00,109733.21,109738.69,109718.64,109718.64,600,80,0
2026.03.02 12:50:00,109643.28,109741.36,109642.48,109733.26,600,80,0
2026.03.02 12:40:00,109609.72,109652.88,109599.52,109643.33,600,80,0
2026.03.02 12:30:00,109639.72,109639.72,109609.77,109609.77,600,80,0
2026.03.02 12:20:00,109641.61,109659.47,109631.41,109639.77,600,80,0
2026.03.02 12:10:00,109671.61,109671.61,109641.66,109641.66,600,80,0
2026.03.02 12:00:00,109618.41,109677.31,109612.51,109671.66,600,80,0
2026.03.02 11:50:00,109561.86,109629.81,109552.66,109618.46,600,80,0
2026.03.02 11:40:00,109591.86,109591.86,109561.91,109561.91,600,80,0
2026.03.02 11:30:00,109621.86,109621.86,109591.91,109591.91,600,80,0
2026.03.02 11:20:00,109625.11,109631.06,109604.36,109621.91,600,80,0
2026.03.02 11:10:00,109550.64,109628.16,109534.94,109625.16,600,80,0
2026.03.02 11:00:00,109506.82,109566.34,109503.32,109550.69,600,80,0
2026.03.02 10:50:00,109521.28,109521.28,109495.98,109506.87,600,80,0
2026.03.02 10:40:00,109525.81,109528.38,109502.91,109521.33,601,80,0
2026.03.02 10:30:00,109519.76,109533.16,109497.16,109525.86,600,80,0
2026.03.02 10:20:00,109527.36,109544.86,109519.81,109519.81,600,80,0
2026.03.02 10:10:00,109532.22,109547.31,109522.22,109527.41,600,80,0
2026.03.02 10:00:00,109562.22,109562.22,109532.27,109532.27,600,80,0
2026.03.02 09:50:00,109592.22,109592.22,109562.27,109562.27,600,80,0
2026.03.02 09:40:00,109601.40,109616.97,109592.27,109592.27,600,80,0
2026.03.02 09:30:00,109631.40,109631.40,109601.45,109601.45,600,80,0
2026.03.02 09:20:00,109640.97,109640.97,109618.32,109631.45,600,80,0
2026.03.02 09:10:00,109526.57,109644.62,109523.22,109641.02,600,80,0
2026.03.02 09:00:00,109556.57,109556.57,109526.62,109526.62,600,80,0
2026.03.02 08:50:00,109517.51,109558.27,109499.96,109556.62,600,80,0
2026.03.02 08:40:00,109529.50,109541.96,109517.56,109517.56,600,80,0
2026.03.02 08:30:00,109559.50,109559.50,109529.55,109529.55,600,80,0
2026.03.02 08:20:00,109589.50,109589.50,109559.55,109559.55,600,80,0
2026.03.02 08:10:00,109562.75,109593.90,109540.25,109589.55,600,80,0
2026.03.02 08:00:00,109566.25,109588.80,109562.35,109562.80,600,80,0
2026.03.02 07:50:00,109577.71,109577.71,109554.71,109566.30,600,80,0
2026.03.02 07:40:00,109581.88,109602.41,109576.63,109577.76,600,80,0
2026.03.02 07:30:00,109525.68,109596.43,109519.73,109581.93,600,80,0
2026.03.02 07:20:00,109555.68,109555.68,109525.73,109525.73,600,80,0
2026.03.02 07:10:00,109566.10,109582.83,109555.73,109555.73,600,80,0
2026.03.02 07:00:00,109535.14,109570.25,109522.54,109566.15,600,80,0
2026.03.02 06:50:00,109506.14,109535.44,109490.44,109535.19,600,80,0
2026.03.02 06:40:00,109468.18,109510.14,109466.83,109506.19,600,80,0
2026.03.02 06:30:00,109474.41,109497.28,109468.23,109468.23,600,80,0
2026.03.02 06:20:00,109504.41,109504.41,109474.46,109474.46,600,80,0
2026.03.02 06:10:00,109534.41,109534.41,109504.46,109504.46,600,80,0
2026.03.02 06:00:00,109499.65,109560.26,109495.65,109534.46,600,80,0
2026.03.02 05:50:00,109505.73,109528.50,109499.70,109499.70,600,80,0
2026.03.02 05:40:00,109508.15,109512.78,109485.25,109505.78,600,80,0
2026.03.02 05:30:00,109498.23,109509.15,109469.28,109508.20,600,80,0
2026.03.02 05:20:00,109491.21,109504.18,109467.21,109498.28,600,80,0
2026.03.02 05:10:00,109484.69,109499.41,109462.94,109491.26,600,80,0
2026.03.02 05:00:00,109485.57,109501.19,109472.12,109484.74,600,80,0
2026.03.02 04:50:00,109515.57,109515.57,109485.62,109485.62,600,80,0
2026.03.02 04:40:00,109495.56,109532.12,109493.96,109515.62,600,80,0
2026.03.02 04:30:00,109525.56,109525.56,109495.61,109495.61,600,80,0
2026.03.02 04:20:00,109529.37,109552.86,109525.61,109525.61,600,80,0
2026.03.02 04:10:00,109515.34,109529.67,109487.09,109529.42,600,80,0
2026.03.02 04:00:00,109501.85,109540.59,109497.15,109515.39,600,80,0
2026.03.02 03:50:00,109421.06,109519.85,109413.26,109501.90,600,80,0
2026.03.02 03:40:00,109434.78,109447.86,109421.11,109421.11,600,80,0
2026.03.02 03:30:00,109399.23,109458.03,109398.43,109434.83,600,80,0
2026.03.02 03:20:00,109429.23,109429.23,109399.28,109399.28,600,80,0
2026.03.02 03:10:00,109459.23,109459.23,109429.28,109429.28,600,80,0
2026.03.02 03:00:00,109427.05,109471.78,109422.35,109459.28,600,80,0
2026.03.02 02:50:00,109362.49,109431.65,109351.69,109427.10,600,80,0
2026.03.02 02:40:00,109369.81,109369.81,109342.51,109362.54,600,80,0
2026.03.02 02:30:00,109374.62,109379.26,109354.12,109369.86,600,80,0
2026.03.02 02:20:00,109404.62,109404.62,109374.67,109374.67,600,80,0
2026.03.02 02:10:00,109434.62,109434.62,109404.67,109404.67,600,80,0
2026.03.02 02:00:00,109464.62,109464.62,109434.67,109434.67,600,80,0
2026.03.02 01:50:00,109494.62,109494.62,109464.67,109464.67,600,80,0
2026.03.02 01:40:00,109506.08,109506.08,109483.63,109494.67,601,80,0
2026.03.02 01:30:00,109502.02,109515.98,109481.97,109506.13,600,80,0
2026.03.02 01:20:00,109492.49,109509.87,109471.54,109502.07,600,80,0
2026.03.02 01:10:00,109522.49,109522.49,109492.54,109492.54,600,80,0
2026.03.02 01:00:00,109552.49,109552.49,109522.54,109522.54,600,80,0
2026.03.02 00:50:00,109563.07,109563.07,109539.82,109552.54,600,80,0
2026.03.02 00:40:00,109543.84,109583.62,109534.44,109563.12,600,80,0
2026.03.02 00:30:00,109515.12,109552.94,109514.62,109543.89,600,80,0
2026.03.02 00:20:00,109545.12,109545.12,109515.17,109515.17,600,80,0
2026.03.02 00:10:00,109477.25,109545.37,109451.35,109545.17,600,80,0
2026.03.02 00:00:00,109464.37,109489.35,109446.52,109477.30,600,80,0
2026.03.01 23:50:00,109494.37,109494.37,109464.42,109464.42,600,80,0
2026.03.01 23:40:00,109484.93,109523.47,109484.08,109494.42,600,80,0
2026.03.01 23:30:00,109488.90,109504.23,109478.25,109484.98,600,80,0
2026.03.01 23:20:00,109518.90,109518.90,109488.95,109488.95,600,80,0
2026.03.01 23:10:00,109548.90,109548.90,109518.95,109518.95,600,80,0
2026.03.01 23:00:00,109538.22,109565.95,109527.12,109548.95,600,80,0
2026.03.01 22:50:00,109535.11,109557.87,109524.81,109538.27,600,80,0
2026.03.01 22:40:00,109546.56,109549.06,109530.56,109535.16,600,80,0
2026.03.01 22:30:00,109551.85,109569.36,109544.70,109546.61,600,80,0
2026.03.01 22:20:00,109534.15,109576.00,109528.35,109551.90,600,80,0
2026.03.01 22:10:00,109457.94,109539.30,109446.29,109534.20,600,80,0
2026.03.01 22:00:00,109487.94,109487.94,109457.99,109457.99,600,80,0
2026.03.01 21:50:00,109517.94,109517.94,109487.99,109487.99,600,80,0
2026.03.01 21:40:00,109524.52,109524.52,109495.97,109517.99,600,80,0
2026.03.01 21:30:00,109523.85,109544.07,109513.45,109524.57,600,80,0
2026.03.01 21:20:00,109553.85,109553.85,109523.90,109523.90,600,80,0
2026.03.01 21:10:00,109583.85,109583.85,109553.90,109553.90,600,80,0
2026.03.01 21:00:00,109524.22,109597.20,109515.62,109583.90,600,80,0
2026.03.01 20:50:00,109521.93,109553.67,109521.43,109524.27,600,80,0
2026.03.01 20:40:00,109551.93,109551.93,109521.98,109521.98,600,80,0
2026.03.01 20:30:00,109555.96,109577.13,109551.21,109551.98,600,80,0
2026.03.01 20:20:00,109585.96,109585.96,109556.01,109556.01,600,80,0
2026.03.01 20:10:00,109615.96,109615.96,109586.01,109586.01,600,80,0
2026.03.01 20:00:00,109533.57,109621.16,109518.47,109616.01,600,80,0
2026.03.01 19:50:00,109523.16,109539.22,109498.86,109533.62,600,80,0
2026.03.01 19:40:00,109553.16,109553.16,109523.21,109523.21,600,80,0
2026.03.01 19:30:00,109514.54,109567.81,109511.29,109553.21,600,80,0
2026.03.01 19:20:00,109511.70,109544.04,109511.25,109514.59,600,80,0
2026.03.01 19:10:00,109541.70,109541.70,109511.75,109511.75,600,80,0
2026.03.01 19:00:00,109503.76,109545.30,109483.21,109541.75,600,80,0
2026.03.01 18:50:00,109533.76,109533.76,109503.81,109503.81,600,80,0
2026.03.01 18:40:00,109563.76,109563.76,109533.81,109533.81,600,80,0
2026.03.01 18:30:00,109593.76,109593.76,109563.81,109563.81,600,80,0
2026.03.01 18:20:00,109542.82,109606.21,109528.17,109593.81,600,80,0
2026.03.01 18:10:00,109472.97,109544.02,109466.37,109542.87,600,80,0
2026.03.01 18:00:00,109452.16,109500.87,109450.46,109473.02,600,80,0
2026.03.01 17:50:00,109482.16,109482.16,109452.21,109452.21,600,80,0
2026.03.01 17:40:00,109512.16,109512.16,109482.21,109482.21,600,80,0
2026.03.01 17:30:00,109485.31,109539.96,109483.16,109512.21,600,80,0
2026.03.01 17:20:00,109455.42,109487.71,109440.72,109485.36,600,80,0
2026.03.01 17:10:00,109485.42,109485.42,109455.47,109455.47,600,80,0
2026.03.01 17:00:00,109442.23,109491.67,109439.13,109485.47,600,80,0
2026.03.01 16:50:00,109437.06,109461.53,109426.41,109442.28,600,80,0
2026.03.01 16:40:00,109448.41,109462.26,109437.11,109437.11,601,80,0
2026.03.01 16:30:00,109401.69,109449.71,109387.39,109448.46,600,80,0
2026.03.01 16:20:00,109404.11,109422.74,109395.21,109401.74,600,80,0
2026.03.01 16:10:00,109395.02,109396.37,109373.02,109388.47,600,80,0
2026.03.01 16:00:00,109425.02,109425.02,109395.07,109395.07,600,80,0
2026.03.01 15:50:00,109455.02,109455.02,109425.07,109425.07,600,80,0
2026.03.01 15:40:00,109485.02,109485.02,109455.07,109455.07,600,80,0
2026.03.01 15:30:00,109515.02,109515.02,109485.07,109485.07,600,80,0
2026.03.01 15:20:00,109527.06,109529.22,109511.31,109515.07,600,80,0
2026.03.01 15:10:00,109518.19,109542.96,109504.14,109527.11,600,80,0
2026.03.01 15:00:00,109525.26,109542.64,109518.24,109518.24,600,80,0
2026.03.01 14:50:00,109555.26,109555.26,109525.31,109525.31,600,80,0
2026.03.01 14:40:00,109506.54,109555.66,109495.59,109555.31,600,80,0
2026.03.01 14:30:00,109536.54,109536.54,109506.59,109506.59,600,80,0
2026.03.01 14:20:00,109523.10,109539.09,109495.70,109536.59,600,80,0
2026.03.01 14:10:00,109523.42,109546.65,109517.02,109523.15,600,80,0
2026.03.01 14:00:00,109513.52,109549.72,109509.87,109523.47,600,80,0
2026.03.01 13:50:00,109520.09,109520.09,109495.04,109513.57,600,80,0
2026.03.01 13:40:00,109550.09,109550.09,109520.14,109520.14,600,80,0
2026.03.01 13:30:00,109580.09,109580.09,109550.14,109550.14,600,80,0
2026.03.01 13:20:00,109582.32,109592.19,109564.47,109580.14,600,80,0
2026.03.01 13:10:00,109612.32,109612.32,109582.37,109582.37,600,80,0
2026.03.01 13:00:00,109642.32,109642.32,109612.37,109612.37,600,80,0
2026.03.01 12:50:00,109654.91,109666.37,109642.37,109642.37,600,80,0
2026.03.01 12:40:00,109662.15,109679.01,109654.96,109654.96,600,80,0
2026.03.01 12:30:00,109692.15,109692.15,109662.20,109662.20,600,80,0
2026.03.01 12:20:00,109722.15,109722.15,109692.20,109692.20,600,80,0
2026.03.01 12:10:00,109731.08,109742.80,109721.78,109722.20,600,80,0
2026.03.01 12:00:00,109761.08,109761.08,109731.13,109731.13,600,80,0
2026.03.01 11:50:00,109753.04,109790.68,109752.69,109761.13,600,80,0
2026.03.01 11:40:00,109760.32,109773.59,109750.92,109753.09,600,80,0
2026.03.01 11:30:00,109790.32,109790.32,109760.37,109760.37,600,80,0
2026.03.01 11:20:00,109820.32,109820.32,109790.37,109790.37,600,80,0
2026.03.01 11:10:00,109796.51,109828.17,109785.86,109820.37,600,80,0
2026.03.01 11:00:00,109794.98,109804.21,109772.73,109796.56,600,80,0
2026.03.01 10:50:00,109824.98,109824.98,109795.03,109795.03,600,80,0
2026.03.01 10:40:00,109854.98,109854.98,109825.03,109825.03,600,80,0
2026.03.01 10:30:00,109884.98,109884.98,109855.03,109855.03,600,80,0
2026.03.01 10:20:00,109914.98,109914.98,109885.03,109885.03,600,80,0
2026.03.01 10:10:00,109852.36,109927.38,109846.51,109915.03,600,80,0
2026.03.01 10:00:00,109801.40,109865.86,109786.90,109852.41,600,80,0
2026.03.01 09:50:00,109831.40,109831.40,109801.45,109801.45,600,80,0
2026.03.01 09:40:00,109728.85,109833.50,109719.45,109831.45,600,80,0
2026.03.01 09:30:00,109758.85,109758.85,109728.90,109728.90,600,80,0
2026.03.01 09:20:00,109788.85,109788.85,109758.90,109758.90,600,80,0
2026.03.01 09:10:00,109771.84,109800.00,109771.74,109788.90,600,80,0
2026.03.01 09:00:00,109801.84,109801.84,109771.89,109771.89,600,80,0
2026.03.01 08:50:00,109831.84,109831.84,109801.89,109801.89,600,80,0
2026.03.01 08:40:00,109861.84,109861.84,109831.89,109831.89,600,80,0
2026.03.01 08:30:00,109875.98,109889.74,109861.89,109861.89,600,80,0
2026.03.01 08:20:00,109806.44,109891.33,109802.89,109876.03,600,80,0
2026.03.01 08:10:00,109800.40,109808.89,109772.90,109806.49,600,80,0
2026.03.01 08:00:00,109830.40,109830.40,109800.45,109800.45,535,80,0
2026.03.01 07:50:00,109860.40,109860.40,109830.45,109830.45,600,80,0
2026.03.01 07:40:00,109858.98,109866.00,109834.63,109860.45,600,80,0
2026.03.01 07:30:00,109841.23,109864.73,109824.38,109859.03,600,80,0
2026.03.01 07:20:00,109843.24,109870.03,109841.28,109841.28,600,80,0
2026.03.01 07:10:00,109844.77,109867.39,109838.97,109843.29,600,80,0
2026.03.01 07:00:00,109874.77,109874.77,109844.82,109844.82,600,80,0
2026.03.01 06:40:00,109848.82,109876.32,109831.02,109874.82,600,80,0
2026.03.01 06:30:00,109878.82,109878.82,109848.87,109848.87,600,80,0
2026.03.01 06:20:00,109880.47,109891.72,109863.42,109878.87,600,80,0
2026.03.01 06:10:00,109910.47,109910.47,109880.52,109880.52,600,80,0
2026.03.01 06:00:00,109940.47,109940.47,109910.52,109910.52,600,80,0
2026.03.01 05:50:00,109785.60,109949.47,109773.40,109940.52,600,80,0
2026.03.01 05:40:00,109815.60,109815.60,109785.65,109785.65,600,80,0
2026.03.01 05:30:00,109726.58,109818.45,109716.78,109815.65,600,80,0
2026.03.01 05:20:00,109730.12,109742.98,109716.57,109726.63,600,80,0
2026.03.01 05:10:00,109760.12,109760.12,109730.17,109730.17,600,80,0
2026.03.01 05:00:00,109768.09,109772.22,109750.24,109760.17,600,80,0
2026.03.01 04:50:00,109798.09,109798.09,109768.14,109768.14,600,80,0
2026.03.01 04:40:00,109796.35,109798.49,109766.80,109798.14,600,80,0
2026.03.01 04:30:00,109804.79,109804.79,109775.34,109796.40,600,80,0
2026.03.01 04:20:00,109814.56,109824.09,109803.91,109804.84,600,80,0
2026.03.01 04:10:00,109844.56,109844.56,109814.61,109814.61,600,80,0
2026.03.01 04:00:00,109814.74,109853.86,109794.64,109844.61,600,80,0
2026.03.01 03:50:00,109822.53,109822.99,109800.83,109814.79,600,80,0
2026.03.01 03:40:00,109831.47,109847.98,109822.58,109822.58,600,80,0
2026.03.01 03:30:00,109789.91,109834.02,109768.46,109831.52,600,80,0
2026.03.01 03:20:00,109799.72,109799.72,109773.12,109789.96,600,80,0
2026.03.01 03:10:00,109829.72,109829.72,109799.77,109799.77,600,80,0
2026.03.01 03:00:00,109825.45,109833.52,109799.30,109829.77,600,80,0
2026.03.01 02:50:00,109855.45,109855.45,109825.50,109825.50,600,80,0
2026.03.01 02:40:00,109867.30,109867.30,109847.70,109855.50,600,80,0
2026.03.01 02:30:00,109878.52,109878.52,109857.77,109867.35,600,80,0
2026.03.01 02:20:00,109908.52,109908.52,109878.57,109878.57,600,80,0
2026.03.01 02:10:00,109866.01,109909.77,109855.60,109908.57,600,80,0
2026.03.01 02:00:00,109896.01,109896.01,109866.06,109866.06,600,80,0
2026.03.01 01:50:00,109883.96,109897.01,109856.86,109896.06,600,80,0
2026.03.01 01:40:00,109844.05,109888.81,109835.60,109884.01,600,80,0
2026.03.01 01:30:00,109823.29,109869.65,109818.94,109844.10,600,80,0
2026.03.01 01:20:00,109836.92,109839.89,109823.34,109823.34,600,80,0
2026.03.01 01:10:00,109840.36,109856.62,109830.11,109836.97,600,80,0
2026.03.01 01:00:00,109870.36,109870.36,109840.41,109840.41,600,80,0
2026.03.01 00:50:00,109900.36,109900.36,109870.41,109870.41,600,80,0
2026.03.01 00:40:00,109877.94,109915.61,109876.44,109900.41,600,80,0
2026.03.01 00:30:00,109856.77,109904.94,109854.12,109877.99,600,80,0
2026.03.01 00:20:00,109860.69,109875.67,109849.64,109856.82,600,80,0
2026.03.01 00:10:00,109890.69,109890.69,109860.74,109860.74,600,80,0
2026.03.01 00:00:00,109896.05,109916.79,109890.74,109890.74,600,80,0
